Radius,Turbines,Seed,Algorithm,WakeLoss,EnergyProduction,Runtime,RuntimeSingleRun,Evaluations,ObjectiveCalls,SurrogateInferences,SurrogateTrainPasses,Iterations,GateAdmissionRate,Dataset,Coordinates,Feasible308m
500,4,1,DE,148.8113873252587,56034.13821267474,0.0126771789044141,,3030,3030,0,0,100,0,1,453.68100191527327 -106.41707054460659;-139.15566566535082 -444.4783285429767;-364.4482178309601 307.59226633941955;284.4395980254153 271.2539939399733,True
500,4,2,DE,155.3886765042989,56027.5609234957,0.0126771789044141,,3030,3030,0,0,100,0,1,167.48792101357873 394.5424055315295;-45.63914176258561 -65.16351454390009;-461.071606228166 -110.17802981773669;358.04425303745006 25.647975747665726,True
500,4,3,DE,163.0684997283533,56019.88110027165,0.0126771789044141,,3030,3030,0,0,100,0,1,-414.373452018801 226.68668869148814;195.1444082421874 -247.63714795073335;38.659986878186686 159.76245505850613;422.86214688733423 92.23565330333548,True
500,4,4,DE,112.2770841225502,56070.67251587745,0.0126771789044141,,3030,3030,0,0,100,0,1,-431.76199305911894 220.55793878513913;407.70267004883084 -260.81559292849664;-68.39801078011607 -347.64351267049096;181.51885138715573 364.9840785642562,True
500,4,5,DE,135.5389702590692,56047.41062974093,0.0126771789044141,,3030,3030,0,0,100,0,1,-193.1649927642272 436.68714582855824;440.88477599551584 212.5171294689174;-404.38073691401246 -122.97665881880985;39.45166288105551 -421.1725454330885,True
500,4,6,DE,186.4783426009089,55996.47125739909,0.0126771789044141,,3030,3030,0,0,100,0,1,146.03309972269534 -403.21395970086917;382.3946592032041 120.77371990817936;-419.32634656185814 -174.2682403007602;-196.66154157212543 86.26382056551176,True
500,4,7,DE,142.5477282222637,56040.40187177774,0.0126771789044141,,3030,3030,0,0,100,0,1,162.37243160534382 437.4904871244027;-322.68812097705836 -64.71468575528485;-125.72111781786418 -364.4464605875017;388.1541200817994 -254.16425698494166,True
500,4,8,DE,130.0221579923964,56052.9274420076,0.0126771789044141,,3030,3030,0,0,100,0,1,218.92107326223203 416.76083610865805;-15.047353056521217 -472.2899511774438;390.58308260947626 -57.99744053722566;-291.6397775558717 357.87637418804513,True
500,4,9,DE,151.5260569426464,56031.42354305735,0.0126771789044141,,3030,3030,0,0,100,0,1,-160.1442075772856 -337.1286172534958;118.57308058061162 417.69673145170134;-398.0104758183461 166.83686730947335;406.8749944100058 -52.05638567886655,True
500,4,10,DE,156.3055637514626,56026.64403624854,0.0126771789044141,,3030,3030,0,0,100,0,1,50.678360144598344 -175.6258366009355;461.69939605410127 -83.1777604642692;286.3361312687277 271.4042143074916;-380.3473237915556 -200.8968927194909,True
500,4,11,DE,98.68637466519432,56084.26322533481,0.0126771789044141,,3030,3030,0,0,100,0,1,337.46942484285137 326.31039639989694;142.16271758620329 -400.7212506742923;-259.48917275673494 407.9929248812235;-419.30283917908775 -99.38501028426113,True
500,4,12,DE,174.631102734922,56008.31849726508,0.0126771789044141,,3030,3030,0,0,100,0,1,-450.4960886772841 84.50766633975772;334.956665687871 13.325490803056027;-78.20724909934592 -369.33268090110477;148.67818492481933 371.5507504332978,True
500,4,13,DE,165.2662342544863,56017.68336574551,0.0126771789044141,,3030,3030,0,0,100,0,1,-387.44647443364994 156.9649198680522;436.18748797301873 104.40376208734014;135.78204808355179 349.23839994728905;-219.46186088273038 -424.2039578507388,True
500,4,14,DE,138.5869325812091,56044.36266741879,0.0126771789044141,,3030,3030,0,0,100,0,1,230.85790591684054 419.15028975478333;-229.47553182098477 -398.3994687177663;-481.5274489326847 -21.15976036873745;469.13704153988033 82.77693165646025,True
500,4,15,DE,129.1471632246758,56053.80243677533,0.0126771789044141,,3030,3030,0,0,100,0,1,-368.3680158574067 -317.24357657119657;165.20928737308523 -306.21321518084665;393.2653032460521 268.9725567526642;-178.15442767115093 372.99815397757266,True
500,4,16,DE,184.4657557563187,55998.48384424368,0.0126771789044141,,3030,3030,0,0,100,0,1,-376.4889263341099 70.28236791018453;-200.60828537328175 456.062264769373;125.65161369224532 -38.805413740120514;282.1527698117282 365.956372145655,True
500,4,17,DE,157.3072552824378,56025.64234471756,0.0126771789044141,,3030,3030,0,0,100,0,1,-375.3967929355067 195.2294363544782;238.83614403575376 99.61981860831705;422.6584814296776 -258.6150599632469;83.2000213314949 444.98849795662215,True
500,4,18,DE,123.077777264647,56059.87182273535,0.0126771789044141,,3030,3030,0,0,100,0,1,-458.89407389583005 61.88826068931516;447.3574469902495 -202.79236749624636;-279.6991538877837 -395.9913180110989;72.24434054383553 480.4232007027849,True
500,4,19,DE,139.3194437503626,56043.63015624964,0.0126771789044141,,3030,3030,0,0,100,0,1,-473.5223260522731 17.624687738980782;415.41058743458063 12.316632090499922;223.00267278049685 -418.5421621626931;-36.82912157326177 66.3992836577094,True
500,4,20,DE,128.9589205675074,56053.99067943249,0.0126771789044141,,3030,3030,0,0,100,0,1,-4.0285688234885555 457.5782691995171;-13.365255515620362 -497.36323827936815;458.0932027847714 13.573365856979592;-359.08125835327127 52.52185485339112,True
500,4,21,DE,131.3823384503703,56051.56726154963,0.0126771789044141,,3030,3030,0,0,100,0,1,176.05285510935303 373.00420405075437;-229.04800259594893 352.3303466859956;-469.2374003444979 10.290141511644492;362.594130731453 -328.9436343920124,True
500,4,22,DE,155.9355090197496,56027.01409098025,0.0126771789044141,,3030,3030,0,0,100,0,1,-377.51932332993334 283.47805849685267;-194.3016919605453 -292.90496564098515;13.397204003936736 278.8889048247949;291.438104164825 -374.03236693771527,True
500,4,23,DE,146.3304003906742,56036.61919960933,0.0126771789044141,,3030,3030,0,0,100,0,1,-322.20042606787996 300.47208153927215;106.90321260768056 279.1980101214184;425.5180434480832 -131.23874433365685;-444.0169886120922 -72.79359899970311,True
500,4,24,DE,147.3254520598712,56035.62414794013,0.0126771789044141,,3030,3030,0,0,100,0,1,175.67747535301476 378.72829996319854;-489.3141306030925 44.98500105502049;-103.0970647965469 -450.46874344333094;438.8074975470581 -26.842400483103567,True
500,4,25,DE,114.5883535018293,56068.36124649817,0.0126771789044141,,3030,3030,0,0,100,0,1,-65.65609173734013 481.3722312818586;160.02227621042476 -373.00281958993753;432.2729030705134 246.50837007458955;-405.9137098206611 -272.1935710251771,True
500,4,26,DE,126.2477570321134,56056.70184296789,0.0126771789044141,,3030,3030,0,0,100,0,1,-349.88335570948686 -282.26685502481416;166.85599026700345 -346.01208254541876;409.1985561000498 94.77862179652215;-170.75999928969887 387.0253180584265,True
500,4,27,DE,168.9450883880418,56014.00451161196,0.0126771789044141,,3030,3030,0,0,100,0,1,-327.98589655172935 249.22305895112754;288.5024671975061 273.71883289309307;19.87482742326506 -415.73239780656405;423.88824284311124 -102.9489699617701,True
500,4,28,DE,120.8280921430778,56062.12150785692,0.0126771789044141,,3030,3030,0,0,100,0,1,-358.20027462830984 -159.9929649394287;229.16544777217194 -349.4385206407035;436.6865771489225 -50.13925353294505;6.380446702528474 470.37140158646343,True
500,4,29,DE,180.9906191506525,56001.95898084935,0.0126771789044141,,3030,3030,0,0,100,0,1,148.17692623686733 432.62835948809914;-302.9107586343964 -242.1732116110269;367.08144087584225 -287.783537148963;-30.20048621825876 75.86369073488027,True
500,4,30,DE,148.3038362977313,56034.64576370227,0.0126771789044141,,3030,3030,0,0,100,0,1,377.30700208899214 -135.491344507823;-276.81646606428495 401.5921830836264;-459.2880683375207 -103.52921063380342;223.1110817851167 298.8363067896438,True
500,4,1,LXSSA,95.53103782094696,56087.41856217905,0.1456037763506174,,6030,6030,0,0,100,0,1,449.5334160323963 203.32135551583232;164.5241334450087 -313.11302964250007;-48.13408036815157 497.67761830683077;-450.6210946163487 -210.76765091447896,True
500,4,2,LXSSA,96.44332820078124,56086.50627179922,0.1456037763506174,,6030,6030,0,0,100,0,1,188.93898693529738 420.15352626720403;-427.56452473572375 257.80431207426483;434.8326115401854 -246.8199190329259;-213.64141389182095 -419.4890072951094,True
500,4,3,LXSSA,76.68603108347452,56106.26356891653,0.1456037763506174,,6030,6030,0,0,100,0,1,408.5558874192873 284.70903121006137;-323.6769569631341 -381.06331143813316;-26.120461724451943 381.3274900205674;208.41842105401832 -454.49047317635586,True
500,4,4,LXSSA,142.2950926798585,56040.65450732014,0.1456037763506174,,6030,6030,0,0,100,0,1,456.2132832666009 -203.99192661493714;-253.4891825258969 -397.06247720273467;-475.61195805676556 154.19841286701146;67.07559256795044 -117.26015005794008,True
500,4,5,LXSSA,97.8665258195906,56085.08307418041,0.1456037763506174,,6030,6030,0,0,100,0,1,499.9080150414293 -9.500829796293168;-430.3387991114446 253.43410263081444;65.53435184604605 356.3312759366996;-204.26572758214112 -424.54497516424885,True
500,4,6,LXSSA,70.53956335603289,56112.41003664397,0.1456037763506174,,6030,6030,0,0,100,0,1,196.03377392166234 -400.35061034624124;-279.0156265281115 410.21510548279906;-449.9119207920585 -177.22888836147146;385.6295821862514 318.26016214535093,True
500,4,7,LXSSA,80.37449430757988,56102.57510569242,0.1456037763506174,,6030,6030,0,0,100,0,1,-443.96575698284533 -229.27327010771992;204.40111612937395 -373.5620133470433;420.0991847080023 269.04277893707956;-263.0611680386748 425.2027876357641,True
500,4,8,LXSSA,117.2951569931974,56065.6544430068,0.1456037763506174,,6030,6030,0,0,100,0,1,178.39544567260756 -320.4762295618298;487.20259120399203 111.74634413140195;-268.7368190449576 -337.07247200204756;-431.1108273399127 252.96810425645782,True
500,4,9,LXSSA,106.6532816145554,56076.29631838544,0.1456037763506174,,6030,6030,0,0,100,0,1,261.57726009715395 -426.1186920721836;-138.11159784839444 480.54672903393833;-380.97384626068845 -323.25180387341766;475.41614558235744 154.85308444369176,True
500,4,10,LXSSA,147.3500492768435,56035.59955072316,0.1456037763506174,,6030,6030,0,0,100,0,1,-371.5285431367827 334.61401528431185;185.01942038062384 -464.50812931230536;455.30524954108915 206.63248883123322;-137.96010354069045 -36.51016464486695,True
500,4,11,LXSSA,142.5779027916506,56040.37169720835,0.1456037763506174,,6030,6030,0,0,100,0,1,-430.4124243399769 -254.3959245653334;-47.36512325133388 36.437582513746676;264.8634056971507 -424.07404294466545;499.8748732943869 10.825415811148503,True
500,4,12,LXSSA,99.47769989103108,56083.47190010897,0.1456037763506174,,6030,6030,0,0,100,0,1,-461.96164715232493 190.39955737192355;406.51861784797427 -291.10541591081835;-42.86986985141272 -465.6610526169557;-29.11503710302707 467.9839502911556,True
500,4,13,LXSSA,97.83587766486744,56085.11372233513,0.1456037763506174,,6030,6030,0,0,100,0,1,-491.10399587317863 -7.64166381207406;258.27267948347065 427.8948031154424;20.6555063153141 76.52931971857802;256.4645951588408 -428.1158319113847,True
500,4,14,LXSSA,70.70569310551218,56112.24390689449,0.1456037763506174,,6030,6030,0,0,100,0,1,-483.62453826772753 -126.84275711372109;99.61929238692684 459.43250311674745;388.3554769416142 97.03092681412026;113.40230195133502 -471.7174444989918,True
500,4,15,LXSSA,109.0198463459019,56073.9297536541,0.1456037763506174,,6030,6030,0,0,100,0,1,482.47202257094926 131.21953985553967;-216.59518079191156 450.6511957489783;54.54363243950604 -340.4218662055823;-412.0634167338689 -283.199896230148,True
500,4,16,LXSSA,87.82349584850454,56095.1261041515,0.1456037763506174,,6030,6030,0,0,100,0,1,-446.2381028946443 -225.27038595049038;199.13767670330503 -338.13918209510877;-220.75902610020648 398.8432686890686;449.44841478451553 219.0800570999084,True
500,4,17,LXSSA,117.3707575056251,56065.57884249437,0.1456037763506174,,6030,6030,0,0,100,0,1,446.7081577326203 217.48801904929746;177.42014288755607 -467.46317825032895;-155.1952534096739 333.8370458581454;-374.7301284226497 -331.02453097779147,True
500,4,18,LXSSA,111.6333578864287,56071.31624211357,0.1456037763506174,,6030,6030,0,0,100,0,1,-183.13930000211357 305.3472287294511;-439.03947481655376 -238.54426167764836;385.4770781726822 313.2547034273479;183.45720098307277 -457.3487358732201,True
500,4,19,LXSSA,91.0284946403408,56091.92110535966,0.1456037763506174,,6030,6030,0,0,100,0,1,396.3936551672798 -155.45614983241381;-448.12496522291923 81.96770923836146;-283.6161789762297 -399.7909956705835;204.48581038505014 455.3976924269202,True
500,4,20,LXSSA,93.54369518379826,56089.4059048162,0.1456037763506174,,6030,6030,0,0,100,0,1,78.55953333221834 229.03694814851366;479.8093907165371 139.42153449684392;-472.8132030299454 122.41621614927128;-145.50936138204537 -478.35838845182246,True
500,4,21,LXSSA,80.60772958405869,56102.34187041594,0.1456037763506174,,6030,6030,0,0,100,0,1,-219.90595572123112 -436.05525348840547;-433.86867498870123 248.5113824973553;423.1882240192923 -266.2924472034036;222.9486219161977 355.34019826399833,True
500,4,22,LXSSA,96.75528098515495,56086.19431901484,0.1456037763506174,,6030,6030,0,0,100,0,1,-335.8701757931756 -370.07593733041057;471.8492964230716 80.75310601597111;-13.999052993265977 475.07574871553015;230.30512434658303 -443.5625791912906,True
500,4,23,LXSSA,92.6206393080938,56090.32896069191,0.1456037763506174,,6030,6030,0,0,100,0,1,254.31119455246466 -338.31411937904835;-451.2145676856782 68.84055575923118;-255.4648599664596 -429.8111468139658;421.33858359420424 269.20845466392905,True
500,4,24,LXSSA,117.9888129850951,56064.9607870149,0.1456037763506174,,6030,6030,0,0,100,0,1,-245.29085682774434 350.8504680294412;441.8379305974954 234.04961755629208;164.32383752663262 -188.99731798088757;-242.3551778019674 -437.3373575788661,True
500,4,25,LXSSA,97.81645842738362,56085.13314157262,0.1456037763506174,,6030,6030,0,0,100,0,1,-395.4498239544526 -127.88095074231614;430.7080085261519 83.7714198774441;-144.8725576936127 470.34407926585897;-130.07421927223882 -482.43298557236415,True
500,4,26,LXSSA,100.3046330897268,56082.64496691027,0.1456037763506174,,6030,6030,0,0,100,0,1,-28.713645204718098 218.58400921152582;-441.91039567308644 233.87023875102466;191.4498358512471 -417.1514939621934;470.8843596422719 163.60753400661105,True
500,4,27,LXSSA,100.9659970412613,56081.98360295874,0.1456037763506174,,6030,6030,0,0,100,0,1,-478.1576780279915 146.1338894934202;-219.79114128632057 -414.4988431495203;17.213076696515824 239.2476731083077;430.35363893587 254.52457483735557,True
500,4,28,LXSSA,100.3325990794401,56082.61700092056,0.1456037763506174,,6030,6030,0,0,100,0,1,-489.2857122405518 102.95379569117978;189.65734622210064 427.9983838348012;402.2914803038913 -232.8546836251878;-278.65013914913294 -414.34542208546543,True
500,4,29,LXSSA,125.532255357728,56057.41734464227,0.1456037763506174,,6030,6030,0,0,100,0,1,395.2844523846232 304.39985604606386;-375.21316831014747 330.438999777175;239.94608339928982 -197.70203670352493;-161.1039330332396 -472.7080025241723,True
500,4,30,LXSSA,113.2978370145211,56069.65176298548,0.1456037763506174,,6030,6030,0,0,100,0,1,-211.71783579532132 -452.962714889235;482.332566101202 131.73940085966456;-431.24449727491157 253.03776613050607;26.45640323416129 182.25601895425135,True
500,4,1,PSO,107.1660029269478,56075.78359707305,0.0094420726100603,,3030,3030,0,0,100,0,1,144.42573572592752 -332.3676164576161;-442.876947486447 -208.23305718806805;372.6727049604446 313.1635824556978;-232.8418371273927 321.79539920555516,True
500,4,2,PSO,103.8467296584204,56079.10287034158,0.0094420726100603,,3030,3030,0,0,100,0,1,-453.09836644951656 -207.5188110842924;497.77454947312265 46.28018097567288;-184.32412342290905 401.30820158526626;236.94401872148686 -346.67436723344696,True
500,4,3,PSO,107.1472597806132,56075.80234021939,0.0094420726100603,,3030,3030,0,0,100,0,1,271.08043586313676 363.2215235031862;37.42558878138115 -494.90660066153714;-193.96840973370112 347.33037380481954;-441.5769420823879 -117.01526289834932,True
500,4,4,PSO,90.697106273823,56092.25249372618,0.0094420726100603,,3030,3030,0,0,100,0,1,346.5455959525136 319.234810254214;-456.64409254831315 -155.34657407138909;-266.6716322364689 414.89393095593977;145.9594495713682 -434.62050188316846,True
500,4,5,PSO,118.5194563631376,56064.43014363686,0.0094420726100603,,3030,3030,0,0,100,0,1,-474.9563735220458 -146.74256249830214;433.38234450804316 -234.30034904228916;52.41411606267297 -417.428750480887;-144.37761660157807 333.98399003087155,True
500,4,6,PSO,98.40224614387262,56084.54735385613,0.0094420726100603,,3030,3030,0,0,100,0,1,-342.60873478959337 -359.9277139916543;93.15885759095364 -454.8106340824759;384.87094246075736 298.19981606416053;-163.0592220667405 309.99760044545195,True
500,4,7,PSO,115.7181631809362,56067.23143681906,0.0094420726100603,,3030,3030,0,0,100,0,1,-450.0525143774294 -181.9024563111021;323.76334424612764 374.52037511401545;111.19697656636133 -405.47242622160724;-202.04037356630255 386.78363074474646,True
500,4,8,PSO,101.3738172691301,56081.57578273087,0.0094420726100603,,3030,3030,0,0,100,0,1,204.99579959471507 -453.4503936272845;429.42390171019986 18.924261276591608;-426.50545601334113 -87.77125752423142;-33.36054625871347 468.7709925135373,True
500,4,9,PSO,93.29640549659962,56089.6531945034,0.0094420726100603,,3030,3030,0,0,100,0,1,-438.78539799286943 -73.53417453551168;467.3055367308117 121.59478464425673;-149.73685546630912 476.8427811420438;100.20729937560242 -450.4019756459084,True
500,4,10,PSO,106.1682561599009,56076.7813438401,0.0094420726100603,,3030,3030,0,0,100,0,1,227.64424868357725 -355.83258707777986;443.70627614481316 89.38298720922299;-283.1240436241959 -335.6483796087168;-79.1625395891799 447.7720121758503,True
500,4,11,PSO,112.4424838296181,56070.50711617038,0.0094420726100603,,3030,3030,0,0,100,0,1,29.200342175109597 434.6699066571015;-206.77118020758857 -425.4992635484512;477.3859974800645 -64.79189806146223;-456.98322852408626 173.52113021516578,True
500,4,12,PSO,127.237529599639,56055.71207040036,0.0094420726100603,,3030,3030,0,0,100,0,1,435.39233922548146 -240.5484883148389;-214.3576091356035 -361.94755313170066;-370.4258608493906 150.97392313423023;17.59953935966898 467.2014340176438,True
500,4,13,PSO,90.47677628511885,56092.47282371488,0.0094420726100603,,3030,3030,0,0,100,0,1,-387.302925929887 227.74491776573058;435.1468266590164 194.80786391294424;-153.93603555640246 -398.7938885084694;252.28252027850442 -417.2994283030282,True
500,4,14,PSO,118.1629713047369,56064.78662869526,0.0094420726100603,,3030,3030,0,0,100,0,1,-367.9601873236966 -327.6341788877302;-162.90318185598628 339.59942924239925;318.9379422925176 367.67073002729416;33.30979948008125 -344.9019947024968,True
500,4,15,PSO,85.96791530746123,56096.98168469254,0.0094420726100603,,3030,3030,0,0,100,0,1,-183.9466190949861 -449.0449925689785;190.92672250288086 -378.2699834097316;-366.5653543795296 237.8438700451331;464.10983156532996 183.23345133071274,True
500,4,16,PSO,127.65616236809,56055.29343763191,0.0094420726100603,,3030,3030,0,0,100,0,1,77.81721158711935 -416.97662500824623;-342.95665332416377 226.19129174046702;75.78183123274086 310.13874869123856;464.0251759004556 31.922758601464352,True
500,4,17,PSO,88.15171026791359,56094.79788973209,0.0094420726100603,,3030,3030,0,0,100,0,1,485.5095956277618 7.246317156621352;-429.41472732101107 -232.14386031754503;-248.68314515560502 421.6941114906484;133.23212476694295 -247.93502692949292,True
500,4,18,PSO,112.0193945301362,56070.93020546986,0.0094420726100603,,3030,3030,0,0,100,0,1,-468.9723991500391 -64.33280044862133;-185.74363922823068 453.35438151595247;376.7327849317981 -291.09378507837107;-182.60526240255166 -374.5640582372838,True
500,4,19,PSO,127.5339408398868,56055.41565916011,0.0094420726100603,,3030,3030,0,0,100,0,1,-123.45145093820561 -320.2978855920528;-395.4812155838215 246.57108088459046;473.04345109456654 -110.9556495973405;260.04835280686643 346.6983594523754,True
500,4,20,PSO,103.5824969998721,56079.36710300013,0.0094420726100603,,3030,3030,0,0,100,0,1,201.8588213182249 -295.7437162584627;-405.1030736183628 -289.339807981277;-185.51970286449614 381.2169379559226;443.8469637716208 193.5591788500762,True
500,4,21,PSO,110.4677177197518,56072.48188228025,0.0094420726100603,,3030,3030,0,0,100,0,1,-108.09714889400153 -466.2157989308222;270.1634407643404 372.9977369202058;-453.0179342959637 -39.180840399163515;-118.82194836360001 414.16997326369506,True
500,4,22,PSO,110.4966934757322,56072.45290652427,0.0094420726100603,,3030,3030,0,0,100,0,1,470.56997922564807 -49.88861118667724;105.06791804938452 434.4666709297911;-373.4412803698032 328.29660821156364;-138.85147662775023 -401.222254213981,True
500,4,23,PSO,134.0618605111813,56048.88773948882,0.0094420726100603,,3030,3030,0,0,100,0,1,459.5879990874059 50.8085711149636;-145.18306379024887 400.5958349229767;326.0352667631986 -307.8319810575969;-451.4225829296701 -80.2970683038952,True
500,4,24,PSO,100.2126331813706,56082.73696681863,0.0094420726100603,,3030,3030,0,0,100,0,1,464.6364234475995 39.984160676307134;-473.30597786581507 -145.87221599087445;-231.6963200027404 434.94843122030284;238.83122295772682 -397.20399703376046,True
500,4,25,PSO,112.6321324057135,56070.31746759429,0.0094420726100603,,3030,3030,0,0,100,0,1,466.44479954043453 -153.89990680801097;-426.346736243474 241.08852509235686;94.07052260211584 488.28802614971124;-236.47284405022063 -316.6827986402366,True
500,4,26,PSO,113.9679333888998,56068.9816666111,0.0094420726100603,,3030,3030,0,0,100,0,1,-208.8622649519868 -366.96256178122064;416.8099394561465 -262.4443647843963;-426.4700472484068 230.74942719714127;266.49519505892147 256.4286504721931,True
500,4,27,PSO,107.8940308519595,56075.05556914804,0.0094420726100603,,3030,3030,0,0,100,0,1,454.6281102369178 77.25152664462587;-85.06173602507293 -465.5090443744265;-340.4235269901788 228.00410345000253;163.6511016573529 466.61709217420656,True
500,4,28,PSO,109.9510729656977,56072.9985270343,0.0094420726100603,,3030,3030,0,0,100,0,1,-162.38360029594458 441.4780383803157;392.5650371514589 126.3342306254821;-385.8346362591181 -313.82168246221147;26.363417572519328 -267.96758124618225,True
500,4,29,PSO,120.1934267294273,56062.75617327057,0.0094420726100603,,3030,3030,0,0,100,0,1,423.5019735647301 152.37119926572296;-319.8221852875185 -262.8057730471969;-130.04530681170704 255.9515741477731;242.04073190903807 -390.3246243500037,True
500,4,30,PSO,138.0391147340197,56044.91048526598,0.0094420726100603,,3030,3030,0,0,100,0,1,-394.0989429186266 240.58727156917018;434.21643930603614 -246.55060538360436;-56.60251062616621 -278.8538500125801;283.802825374082 181.35721765575425,True
500,4,1,SSA,107.9305869064338,56075.01901309357,0.0353692649553219,,3030,3030,0,0,100,0,1,-213.5249630124124 -452.11385431826;341.61443223984975 -350.25390816857833;115.56051106755038 291.65836058666474;-480.5828498810092 137.9730284945484,True
500,4,2,SSA,107.2694451635543,56075.68015483645,0.0353692649553219,,3030,3030,0,0,100,0,1,-109.808376456023 314.98926838174674;223.62282001701476 -403.6857459249049;440.4520750959503 236.64682026064287;-418.59464218577796 -273.350724005336,True
500,4,3,SSA,109.5207763848375,56073.42882361516,0.0353692649553219,,3030,3030,0,0,100,0,1,295.30713501918643 -403.47684146477025;451.48321030965985 -8.960019816322712;-167.1848816001409 416.6267076446283;-357.7155352560508 -234.76378065175734,True
500,4,4,SSA,99.16278807181516,56083.78681192818,0.0353692649553219,,3030,3030,0,0,100,0,1,313.23734893000085 304.999163364046;-260.877090210971 293.12041071126174;478.67579248111355 -142.58282827725193;-422.43694480296983 -130.68178316895234,True
500,4,5,SSA,93.030249764357,56089.91935023564,0.0353692649553219,,3030,3030,0,0,100,0,1,-226.41512481236563 -394.5597633807481;-408.3858874661339 288.47570744419755;249.96270501987019 336.52757817542016;432.35353778612233 -251.13824526990913,True
500,4,6,SSA,88.10935929048719,56094.84024070951,0.0353692649553219,,3030,3030,0,0,100,0,1,-48.16320268880804 -497.59889635033977;496.236499158873 47.85682366257702;-55.800615365964326 496.8764277938704;-496.0139404062589 -63.008882792495875,True
500,4,7,SSA,74.87843148118554,56108.07116851881,0.0353692649553219,,3030,3030,0,0,100,0,1,190.4073216932489 -265.5025697430731;-225.70546908301634 445.64260591149457;437.54810558833736 241.97445177585647;-416.93192393868355 -270.01597983096656,True
500,4,8,SSA,89.28972133826028,56093.65987866174,0.0353692649553219,,3030,3030,0,0,100,0,1,-152.73199160327883 416.00738584692067;222.08657689246255 -240.07215283009364;416.58982730524815 276.5010450454837;-444.0130052773664 -229.8699899426608,True
500,4,9,SSA,133.2421737102632,56049.70742628974,0.0353692649553219,,3030,3030,0,0,100,0,1,32.53934150015014 -383.04609970308576;401.49066622073224 37.623911242130426;-449.7948903608686 -180.01023293247863;248.1184055487181 434.0826465460498,True
500,4,10,SSA,99.65762306338728,56083.29197693661,0.0353692649553219,,3030,3030,0,0,100,0,1,-469.14385426520687 -172.9278126551108;419.228559645065 -272.47930290355214;-264.0994526642948 424.5532951784754;29.21714621925999 -255.28390802916252,True
500,4,11,SSA,101.4429948698453,56081.50660513016,0.0353692649553219,,3030,3030,0,0,100,0,1,-405.2929304291898 283.5175058873915;206.5236175149935 423.0480344294101;-149.8224003768662 -368.2428043602078;453.70994973773907 -210.1123237923937,True
500,4,12,SSA,114.7156707482572,56068.23392925174,0.0353692649553219,,3030,3030,0,0,100,0,1,-388.149080853771 -314.65961178340575;221.55096111882347 304.89023721483005;436.3695097822407 -244.0934023910136;-221.51950786013435 273.267995958326,True
500,4,13,SSA,80.24063573805324,56102.70896426195,0.0353692649553219,,3030,3030,0,0,100,0,1,430.9538638093392 -253.53251751630347;220.3095819356263 387.7615096552033;-230.50680938352542 -412.5960206155964;-435.6257166982958 245.41835949997753,True
500,4,14,SSA,87.33636096836563,56095.61323903163,0.0353692649553219,,3030,3030,0,0,100,0,1,-147.62009817565246 -385.8262212288673;416.9231560745055 266.4066554042711;227.28649887234494 -445.35468954752514;-408.7791646856013 274.05750997851527,True
500,4,15,SSA,83.08778555865138,56099.86181444135,0.0353692649553219,,3030,3030,0,0,100,0,1,397.6128427172231 303.156643358722;-463.14069084442076 -188.41223821694473;-240.75677782643402 437.56581627817576;186.17480443344144 -319.742978734488,True
500,4,16,SSA,106.5186538877388,56076.43094611226,0.0353692649553219,,3030,3030,0,0,100,0,1,12.3422208352318 423.34643773193426;485.73182994326805 6.064622794476839;-439.5089293459954 238.39422970227673;243.41622850444404 -436.7162526223868,True
500,4,17,SSA,105.8577884791521,56077.09181152085,0.0353692649553219,,3030,3030,0,0,100,0,1,-438.4642840743205 240.31016551569394;-82.84454418359577 -362.58461245985;424.24927295138184 -264.50928336111866;170.9757382898757 400.36463150713064,True
500,4,18,SSA,95.90518108032848,56087.04441891967,0.0353692649553219,,3030,3030,0,0,100,0,1,-413.4808155663334 280.960861582788;452.0767143711671 -213.60391251337578;-178.96496662537422 -466.87416672235037;278.74642272579257 316.12666863215367,True
500,4,19,SSA,95.35854631652182,56087.59105368348,0.0353692649553219,,3030,3030,0,0,100,0,1,-400.9123645647459 -298.7796031095591;451.29817813748195 187.43465273874904;256.1717347317519 -403.27011125028224;-192.33650293991312 390.7012764137062,True
500,4,20,SSA,71.24127295807557,56111.70832704192,0.0353692649553219,,3030,3030,0,0,100,0,1,-255.01207271000607 -430.00482330959625;51.74568652699003 187.99668961447833;-435.51215041137067 242.57850379827352;425.9524845397254 250.79876192907184,True
500,4,21,SSA,85.89856134894217,56097.05103865106,0.0353692649553219,,3030,3030,0,0,100,0,1,-363.77402370324745 -343.0283315830629;170.9813976826981 -331.1047449860517;-167.3206153325081 329.34066125688594;353.97379081635256 353.0538690495513,True
500,4,22,SSA,111.8568764584561,56071.09272354154,0.0353692649553219,,3030,3030,0,0,100,0,1,-499.90575854934696 -4.163205952418166;-176.01361124224204 467.9924188716626;437.4434001179833 214.3571890902641;229.784254844899 -431.1057620870199,True
500,4,23,SSA,84.64458721886331,56098.30501278114,0.0353692649553219,,3030,3030,0,0,100,0,1,156.3677733879857 -292.7353147744346;-256.62486768559944 426.15414987491613;417.6143370420328 274.9513832389913;-439.68940984569923 -238.05937866573888,True
500,4,24,SSA,96.7960808246644,56086.15351917534,0.0353692649553219,,3030,3030,0,0,100,0,1,-86.16880835349659 -492.517183066397;477.0545702119054 -148.0482280109578;-496.60620247411697 48.5202066353722;-84.15322158949321 416.08104401406126,True
500,4,25,SSA,48.66098988470912,56134.28861011529,0.0353692649553219,,3030,3030,0,0,100,0,1,-462.70390582224144 105.3219490613213;343.8523125683894 -362.9949485326231;-119.01812732140722 -448.23450832798403;132.80385637103026 449.01372753051936,True
500,4,26,SSA,137.3087302876011,56045.6408697124,0.0353692649553219,,3030,3030,0,0,100,0,1,-106.05129777009722 -158.04411322927152;187.04333496954513 384.1748556210665;180.81283675538256 -466.16166369579;-374.9271272248508 330.8015118229781,True
500,4,27,SSA,159.9959103187866,56022.95368968121,0.0353692649553219,,3030,3030,0,0,100,0,1,184.19211474219088 -464.83676619512806;-382.56009211626724 285.27615608947593;318.8504450065154 -112.949744307464;-55.67587416806656 225.87256561990907,True
500,4,28,SSA,97.4600040061996,56085.4895959938,0.0353692649553219,,3030,3030,0,0,100,0,1,-189.14239285894564 425.45382272998756;247.10344905417818 360.9424809178235;-400.51091364601314 -229.29422031940848;445.4734720276953 -224.65742484348786,True
500,4,29,SSA,129.3701104579886,56053.57948954201,0.0353692649553219,,3030,3030,0,0,100,0,1,-301.99693581449077 -398.2581711629181;125.22967846395309 438.168052748074;-499.9994960701969 -0.59488875165888;444.8647848381983 28.644085674349213,True
500,4,30,SSA,120.7646544965173,56062.18494550348,0.0353692649553219,,3030,3030,0,0,100,0,1,498.3846290449947 -40.15801142041542;-23.89771805694575 -324.69722506790157;190.05236133864864 462.4698742640128;-372.76212335398657 333.2258722067714,True
750,8,1,DE,3188.423685953763,109177.4755140462,0.012007171412309,,3030,3030,0,0,100,0,1,-535.8700080970495 260.1435232857376;126.53421658010608 554.0386577779641;-293.9106224561132 496.362627230373;-123.2720617362425 -399.7706578234511;274.88817576650314 181.71218861052682;551.9979532924456 389.83568080976767;217.9631897054075 -267.8887163169807;-672.2961783098051 -331.6912680143985,True
750,8,2,DE,2511.359906050377,109854.5392939496,0.012007171412309,,3030,3030,0,0,100,0,1,102.41897566050443 399.1446722688361;-632.4536381147154 30.446825199330846;155.34339299251008 -555.8372367914897;371.5232326046737 -162.90154435790944;-322.0370634652582 -35.68017485958052;-291.1245129533005 370.78148631131666;-128.34336840306366 -428.2974729871268;605.4123943816112 150.29908977518477,True
750,8,3,DE,2984.447518674118,109381.4516813259,0.012007171412309,,3030,3030,0,0,100,0,1,220.69260643786387 -572.4616557029759;-358.2536121002212 163.11487830350907;79.41340989811826 437.1046468238894;-334.33405581014034 564.5628052054274;585.5817286129559 353.07219684329596;-527.1059609340787 -376.37719194588226;-40.297962493975206 -159.56355796664948;-212.31466134552724 -610.9618744005534,True
750,8,4,DE,2253.519340915242,110112.3798590848,0.012007171412309,,3030,3030,0,0,100,0,1,185.05841067095764 -81.50305663074084;-174.50323262321467 624.4541705925449;-575.2819718206214 -387.37354830444235;-218.7642811746012 -523.1894331240431;-377.50831879198427 -116.56940685787191;-489.146182395152 519.8506069054935;510.2737912573781 177.63330479660698;192.00742380022945 486.38797291898834,True
750,8,5,DE,3300.961239662036,109064.937960338,0.012007171412309,,3030,3030,0,0,100,0,1,214.65671651821026 638.4695160430392;290.23890100562386 -447.6884156648821;365.6434622029194 291.4556073135966;-231.82741277964533 -609.6535791756244;-216.59100748599104 452.4001354207743;613.2486587438875 -86.60309391281169;-334.1570543837402 -243.05145463272217;7.329836474977014 233.39278292328277,True
750,8,6,DE,3522.626151911696,108843.2730480883,0.012007171412309,,3030,3030,0,0,100,0,1,-678.0538085219837 -120.66738687505705;73.71708798293434 -583.4159746638395;450.3928476848189 -376.1820944544055;-317.4052401705303 -325.81862716242597;-112.27294149339804 599.0307657308167;188.27081432691577 423.58009179509247;398.3454414236087 86.51161793367632;-413.76783623861695 366.5811453749351,True
750,8,7,DE,2263.810199335989,110102.089000664,0.012007171412309,,3030,3030,0,0,100,0,1,-281.653149860691 -215.92701099354795;-60.10759074691384 692.1641973004666;488.1024232864712 -470.25064162520266;-326.53515936352136 377.5117422781609;-610.159740273643 105.58731339230272;26.41056959390417 -313.94683736532545;691.0932785530258 83.70479161837918;241.35734640515136 480.20483045576043,True
750,8,8,DE,2618.33921441302,109747.559985587,0.012007171412309,,3030,3030,0,0,100,0,1,595.8778859895194 51.82586058858793;-408.1246421217976 78.33482105261048;149.41856928378553 -380.84515164839206;-81.85662285929516 -8.955319403442473;453.95968045331375 -232.51379876680915;102.5631591613288 718.9900593505306;-508.26157083770954 536.990569691747;-739.6586410717151 92.22736799026646,True
750,8,9,DE,2020.483820605921,110345.4153793941,0.012007171412309,,3030,3030,0,0,100,0,1,676.275969967412 -202.87864939949813;348.3203336424905 364.3527916521446;64.63468296993528 -280.83033747730866;212.0494848535047 716.8580486904352;-187.62943286301962 689.7261804389315;230.2321706697716 44.43743231072159;-127.4061160030819 -555.1085827389146;-475.1645922737748 173.7866550125422,True
750,8,10,DE,3905.231359960759,108460.6678400392,0.012007171412309,,3030,3030,0,0,100,0,1,365.21257169993345 -193.32982746526784;-78.41631542965331 -474.9230354195976;719.1059902163711 -19.227940903721958;-548.7937757449452 347.8476617630936;-198.62004746318908 653.5863055444967;130.6302049817877 730.7442771789488;-464.59678640876797 -302.9918931383959;-180.25765313353543 -95.50548126108563,True
750,8,11,DE,3111.652224524223,109254.2469754758,0.012007171412309,,3030,3030,0,0,100,0,1,-345.59811296227474 325.9741066619168;184.27258119715364 -156.11724239117913;638.5932216618304 42.61214006659507;440.3931877102616 334.93337248865254;-50.85478587998895 -692.4232323007627;-522.3641559015638 -359.61984992987084;72.95822702519618 538.3351093345742;-137.58040402903964 -248.6309254694839,True
750,8,12,DE,2970.088605479497,109395.8105945205,0.012007171412309,,3030,3030,0,0,100,0,1,98.38245714048043 242.9039879237243;-673.2059459525661 -271.4788833345491;-347.1377378794625 505.4083959044655;-373.63265676126935 48.41571870283707;643.0462423017943 -201.00672444079652;-336.4930110762407 -374.14770958695857;439.36731081261775 41.36576243506994;7.798898176233024 -277.9522719589387,True
750,8,13,DE,3186.114061667686,109179.7851383323,0.012007171412309,,3030,3030,0,0,100,0,1,-28.15226109369675 370.9389534532208;-643.542656045663 61.750606702969094;262.7555107486462 201.0877475450758;473.8881038666806 -34.19767629272016;217.08073126587914 663.0335568897569;95.96509973044668 -357.34544597490344;238.5158663535636 -684.2657371888943;-385.5060236643137 245.37828904877463,True
750,8,14,DE,2208.664850351546,110157.2343496484,0.012007171412309,,3030,3030,0,0,100,0,1,448.6883263182642 252.69994248647782;403.7026258194095 -510.14788859611906;237.89925064808673 -24.341834431013652;-137.37499568267373 403.87551831943534;160.51253728997622 640.92333080365;-694.7149167392068 -6.9895858034932985;130.8912742081459 -675.4263800485804;-451.7307789253132 -263.72412152685024,True
750,8,15,DE,2831.942689961972,109533.956510038,0.012007171412309,,3030,3030,0,0,100,0,1,-121.54942822678703 185.64811197925428;34.80109784300197 -686.5455692798911;-329.29055804726045 543.6208010256618;-501.5461916759107 -156.75258261407168;-584.5828228550814 -454.0416060591149;343.55975674462115 -392.1826028833555;48.394547066357894 -107.06876647088353;478.9604776540867 322.5111322349169,True
750,8,16,DE,2462.214260769382,109903.6849392306,0.012007171412309,,3030,3030,0,0,100,0,1,-517.3107132072939 500.8337637679496;38.672478728035 -551.296133010033;-373.2395068454205 222.15062187833718;-19.19254782418261 215.40005571810525;140.06631163091936 679.8990474611762;548.9232884008411 310.3092275531934;486.5930893040304 -142.09827459970836;-215.33119252174095 -129.55239523866345,True
750,8,17,DE,3550.557330726602,108815.3418692734,0.012007171412309,,3030,3030,0,0,100,0,1,109.66858777301863 -81.12115154111416;-31.979497142860993 -733.2362279590684;130.91596802325037 260.3976483690211;-230.10492219007276 -317.7012730438438;-91.4687762021 706.9808647217051;-185.72826674323042 293.57116010612987;-642.9738071456588 -149.78031355145316;495.8626786190272 486.84638271204386,True
750,8,18,DE,2665.575041786098,109700.3241582139,0.012007171412309,,3030,3030,0,0,100,0,1,-668.6896682362898 -231.61594757371415;608.1573955504755 131.35516658755827;217.36365392147135 -659.2251114911293;211.52122388186726 674.4309673357152;-318.19822482343375 408.4023013762171;263.57420610338784 -116.4192059594238;139.1289849898061 218.65643867082642;-133.4031481763228 29.58982548396233,True
750,8,19,DE,5657.217141772257,106708.6820582277,0.012007171412309,,3030,3030,0,0,100,0,1,-269.8911637431897 464.5805672453549;-42.11977813373687 152.54405114226324;-636.1375318275726 150.8818373103224;291.3288107938214 351.08497844459964;-92.76172785072367 -153.51683514174516;-432.25930982889656 -490.1533429170397;-572.9088408709542 -215.2686163997266;-49.164862969018145 -611.3064777495861,True
750,8,20,DE,1630.268547795116,110735.6306522049,0.012007171412309,,3030,3030,0,0,100,0,1,39.543315620921334 -298.0145477087344;119.57139157595056 505.35499867168494;-312.4068545453312 -416.952881532732;225.4416851589652 -675.2037616586108;363.29865985758147 -294.88988715601516;-321.67358001807673 496.66512375583443;-154.57286714528865 196.954131521308;548.6950981110325 199.7197564059811,True
750,8,21,DE,2427.433658448092,109938.4655415519,0.012007171412309,,3030,3030,0,0,100,0,1,-308.8787106063842 572.6823630769402;-61.09312524083868 -722.054627063415;-298.9807145979498 52.23034850983018;3.84999855652444 165.54442604462548;-499.19200827498247 -423.7404384855521;265.5585684497349 -320.44537522320434;315.20478296606444 564.9367352304749;485.108161622031 -35.3412441659122,True
750,8,22,DE,2219.32582582855,110146.5733741714,0.012007171412309,,3030,3030,0,0,100,0,1,-244.6864321744638 -671.789776481691;-303.684005602718 462.0592361044782;-396.7649847952009 -138.69765457082784;-571.0887033542034 -456.68900476349677;-166.96939669404105 126.92358296726731;277.06649274229005 -465.90137775352787;499.9969401747733 -194.54199129220046;133.89619664912271 502.4950595365476,True
750,8,23,DE,5351.289095819026,107014.610104181,0.012007171412309,,3030,3030,0,0,100,0,1,-390.9629428301688 493.5533020745776;-270.4687784781231 -622.4612238856453;222.21058657345128 -145.90261080411597;-12.456414112392935 119.90065035539402;16.409709935920603 483.9417870077397;372.16029478322616 162.7512293055;334.6982727309073 -579.3803578735124;-394.6362462474948 -3.0658988929218935,True
750,8,24,DE,1837.103017968286,110528.7961820317,0.012007171412309,,3030,3030,0,0,100,0,1,541.4373602116862 -38.473310848116995;-94.01874392365066 -183.66101444383708;-375.55043904116246 223.80177916646713;161.12513006262628 -625.2429891385609;223.10439875275165 23.104356427458015;10.424634060844582 463.28106194044886;361.49068424518 -325.8066596299837;-536.4090707992732 -119.96902311527245,True
750,8,25,DE,3109.277688999398,109256.6215110006,0.012007171412309,,3030,3030,0,0,100,0,1,-23.899910209750942 -32.83490284821957;-134.62592882247867 -491.8410330421452;-629.9797144735843 -63.345778954959115;207.32804384135073 -510.46448637315046;-51.20625386320148 348.7893193882456;-415.2354854406331 510.39662153905107;544.1590614405484 313.6857222720747;259.43160448257447 465.7517776056991,True
750,8,26,DE,2923.43798935866,109442.4612106413,0.012007171412309,,3030,3030,0,0,100,0,1,-471.81015810541373 -443.47832336765816;79.66347310278564 -124.14587114236045;-217.15481300420515 -229.33354994159328;8.612531385265129 259.37931292619294;593.650755303931 -364.2128349231252;-108.21723003185976 -521.594498244156;-383.53137490164136 275.14062174241224;220.31658623651342 679.2065611920882,True
750,8,27,DE,2671.61185253995,109694.28734746,0.012007171412309,,3030,3030,0,0,100,0,1,-202.49519457249954 202.73563292459886;374.73286235046595 -397.27185486826136;-74.42480470866239 -131.89772935719614;-186.99697258993305 -640.0417122435907;-556.4086099554881 423.16770952141644;696.4769607095764 37.60840324052101;-15.011787318663949 740.6258025583483;-477.31727611858093 -303.91300778225605,True
750,8,28,DE,3156.7862701509,109209.1129298491,0.012007171412309,,3030,3030,0,0,100,0,1,-281.0126105436367 257.97637416910277;-311.6617655170852 623.0468972019132;410.05875715594493 -340.5001800350156;-348.1341414703439 -564.5499312884065;416.7580405552054 439.9963893242906;94.13718214917162 616.3352198349612;568.7340083417284 76.46832969860128;26.04881989356847 -175.687896428426,True
750,8,29,DE,3017.529512916357,109348.3696870836,0.012007171412309,,3030,3030,0,0,100,0,1,-166.68953005199504 85.94260634796521;336.28393859980827 -107.02217027782599;442.83788235423106 273.7690815181672;-629.9726651957039 69.72829400245865;-453.1100950154668 -537.6276849681583;6.53920627828937 583.2848648611327;-242.25097477029905 -301.8574912632726;303.293349699517 -416.3195380269461,True
750,8,30,DE,3340.409910315066,109025.4892896849,0.012007171412309,,3030,3030,0,0,100,0,1,-626.5594588771636 354.2110637649112;93.2134491564601 238.91372180222464;-730.2402091315438 -104.80523416562667;291.3751989756364 -8.102500950957563;-226.30633467343785 -583.7870481219377;-306.84651233192903 302.8903879971345;140.56828799165083 -315.1204444860192;-138.1100133902679 -163.60209166627396,True
750,8,1,LXSSA,429.1685777838429,111936.7306222162,0.1455716082205375,,6030,6030,0,0,100,0,1,-681.805372760383 -15.550450772254148;-438.630734718288 -516.0056781312813;218.08927341437766 154.6219691407455;653.9773662257226 343.43848346090266;437.4793668799486 -505.94787584188924;-428.33719234714 524.3025350888558;-25.4647624951752 -663.0899636147362;-11.478047356852366 490.30428272299434,True
750,8,2,LXSSA,829.8897267642897,111536.0094732357,0.1455716082205375,,6030,6030,0,0,100,0,1,-84.27792432387992 270.5280096957555;462.91806243225284 -589.6934637762846;-566.7136859470015 488.0285371069568;664.806380427012 186.66064509324434;-98.13991275240322 -662.1495148774183;126.95461170617314 -38.38330372424712;-554.9695142405362 -437.7273048201788;327.53226019191317 581.6750873805238,True
750,8,3,LXSSA,587.625516497792,111778.2736835022,0.1455716082205375,,6030,6030,0,0,100,0,1,-206.2767367401489 -580.9549645150466;-676.2217038060675 -250.9329750312895;203.68391138887623 456.0153871879256;-29.585475885379935 -66.72558829382278;391.52484696476495 30.123210777983605;205.13849716472728 -399.8011895324643;692.6653668387976 287.6014012838573;-506.8161107809695 314.9239925794728,True
750,8,4,LXSSA,628.2396986036765,111737.6595013963,0.1455716082205375,,6030,6030,0,0,100,0,1,283.1008250542081 694.4238161783043;535.5729629528759 329.3274440230421;-138.59412556586526 19.956967918825004;650.3554251529325 -14.663328594329021;27.476717577404685 522.3347747209589;-615.894038008058 357.5238224649761;-142.06182311672168 -731.0683780784173;-615.7073214909985 -332.67859695151543,True
750,8,5,LXSSA,1986.218368630987,110379.680831369,0.1455716082205375,,6030,6030,0,0,100,0,1,538.6104719023152 -407.4434030230971;-294.75989119592055 446.46959908227325;120.02454522044728 -557.7812430085213;317.481854355001 277.57999341828287;-690.9328520748201 -72.7743847971291;429.573570147238 614.7535106172335;242.34003285891714 -208.93115235542868;9.915097304421245 698.4439579701558,True
750,8,6,LXSSA,1215.000424443322,111150.8987755567,0.1455716082205375,,6030,6030,0,0,100,0,1,56.353752023707884 -572.0103167419379;-292.36379963091366 639.8851771825682;270.0728861783742 83.93155321131243;731.0118157203319 164.34406708201396;-643.0761957223493 33.848577307605346;-299.43904715615025 -327.9322424813616;395.8968329207677 -636.9973990911021;573.3691060236465 -182.1369438687526,True
750,8,7,LXSSA,1168.573378610003,111197.32582139,0.1455716082205375,,6030,6030,0,0,100,0,1,316.5812967439897 -499.1476263762736;514.5438757569807 -211.7205788668292;-329.76524699724496 348.16224622336364;-348.59515278135643 -353.4506335284826;381.8579981038139 201.35988408161967;-9.661684953648503 -43.052966728228526;-477.9957957614861 22.044067116784927;-655.641910690498 -329.21167265709727,True
750,8,8,LXSSA,507.8398873541155,111858.0593126459,0.1455716082205375,,6030,6030,0,0,100,0,1,-217.4310033899268 -71.53327911146962;-377.9017454361643 423.1818960559221;381.38969271389584 218.88123896037976;86.28757303978473 744.9037238077847;612.7393812111223 -135.46310950923873;64.08361754598037 -416.7113499786217;-745.071159134151 -82.91247465635423;380.8941569157473 -478.7225671310905,True
750,8,9,LXSSA,1051.853944154267,111314.0452558457,0.1455716082205375,,6030,6030,0,0,100,0,1,373.3272783605652 43.72478807647412;-545.3494661931114 -511.7979377178599;-288.4367231950812 64.1650485110837;366.34983912671385 -610.6084883806327;-128.90074657953815 -296.36005180068094;549.4027965981059 -340.54579675988833;722.2409116512267 202.12725544944422;-437.2225388012014 382.51071124480814,True
750,8,10,LXSSA,1282.15618605206,111083.7430139479,0.1455716082205375,,6030,6030,0,0,100,0,1,-333.5564788328671 97.1719739312473;-477.3302082035905 -209.3548698583042;-72.26312700302387 737.5927747937909;-116.61828173494662 320.23947778547773;182.7755630696665 112.23827496390467;-481.9746296142641 574.3694836306872;321.8147008414867 -307.3592115727081;-739.6652818779504 119.18747926293337,True
750,8,11,LXSSA,1343.353682560788,111022.5455174392,0.1455716082205375,,6030,6030,0,0,100,0,1,143.39826500280176 -356.5059439073969;297.7016923460546 -675.5263852272514;397.1446238996363 -54.846226814426885;530.8777857960089 228.5558487490478;-45.353062593773316 171.38399087369788;-416.45528062669024 -446.0798434446837;132.25926974459537 555.517582537956;-262.1175588144601 -137.09228449676758,True
750,8,12,LXSSA,529.7460637580807,111836.1531362419,0.1455716082205375,,6030,6030,0,0,100,0,1,570.8383780171455 226.44881916920028;726.0451079188036 -176.0335162206698;-646.5328552101902 14.02468146464889;-287.72850956259185 -275.2856734797151;274.69274207876447 -697.8396839602751;94.40112738899985 -308.5500038136189;-129.77111267861923 161.35272349596855;-299.2741305339367 615.9898590211425,True
750,8,13,LXSSA,1049.672316428288,111316.2268835717,0.1455716082205375,,6030,6030,0,0,100,0,1,-698.111535714857 273.64550371165126;112.19272809547769 -681.8259930139552;662.6146041227811 239.19886651670856;-133.92122090484227 -399.35499335743356;-106.39250392274725 117.49359849471433;292.43963671251794 203.5713297344392;500.8268051300584 -312.1290879041833;-537.6976187088577 -307.0278171635708,True
750,8,14,LXSSA,797.3423628674791,111568.5568371325,0.1455716082205375,,6030,6030,0,0,100,0,1,-127.87070488896879 546.553183191134;228.45527701240755 65.21765426821977;100.43474913113312 -286.83820990488454;350.7695510246703 662.9106967487769;-374.74614038135735 -330.0474858029791;-119.86228130500844 -737.9077504466951;-599.0017907388301 255.957079813078;616.9459952064839 106.42684601172009,True
750,8,15,LXSSA,1897.440873658154,110468.4583263418,0.1455716082205375,,6030,6030,0,0,100,0,1,170.32225907717594 183.6564959133554;-427.11059648846873 576.3196204911823;332.01207949483234 502.87660411587984;-187.7408522515706 300.35478510134675;-418.4842080300301 -612.916946443437;-671.7094518117842 -296.2093712363855;-3.026920812565623 -279.5901421354862;-370.3210860519089 -51.13525210499651,True
750,8,16,LXSSA,571.0268601940188,111794.872339806,0.1455716082205375,,6030,6030,0,0,100,0,1,267.7655844908671 -154.5081299342409;-519.9463167823197 -501.2557642020144;268.30198531961935 569.0065916595294;724.9930552385148 77.83731947658087;-402.68049787656497 -132.62019032785426;-50.17874813505906 -180.78642089005734;606.2755349430328 -282.4128036506685;-52.56109135439236 547.3083563445504,True
750,8,17,LXSSA,1707.554715789942,110658.3444842101,0.1455716082205375,,6030,6030,0,0,100,0,1,377.749686984642 -31.80818983617545;132.1197804885716 272.58770170183175;144.98501601190682 -708.8080181906491;636.8861097584349 396.0756312574045;718.4823843425581 -208.00611920510394;-536.1894388304912 -443.9166015526423;-228.53121533239556 667.3428518878503;-478.1020176764651 141.94682383390074,True
750,8,18,LXSSA,746.9403760675195,111618.9588239325,0.1455716082205375,,6030,6030,0,0,100,0,1,-158.24828231756865 529.3054007299912;-159.80971776216919 -290.02565748312264;162.3758461752183 -731.7732071495074;173.6004077426361 154.6836458179707;341.2348732486597 -213.48705479810636;-386.2863254760529 -640.70803907985;485.05320236580104 -518.54227957857;710.7624513215296 -205.96190027706734,True
750,8,19,LXSSA,488.4564262576896,111877.4427737423,0.1455716082205375,,6030,6030,0,0,100,0,1,-399.4764575334534 38.30396474755204;55.739857863294546 75.61122783055391;-164.60649596203572 -244.01177831658566;304.0490493483032 -594.4316582011076;304.74164614610675 587.2333415072844;-173.5397142292774 611.4457511928358;574.7976507965694 185.71298275918758;-665.6439558547421 -345.568912951603,True
750,8,20,LXSSA,521.443640613652,111844.4555593864,0.1455716082205375,,6030,6030,0,0,100,0,1,631.1609456215504 397.0335514795581;-487.1476321883741 -557.3608740299014;-488.6817103176673 472.0170419487659;-238.34379767233526 129.3845093440947;201.50228718502203 36.3043124209824;388.24556881574847 -514.0708361287064;-715.8357115254419 -215.15681776831337;-60.58075189487548 -281.1283668331734,True
750,8,21,LXSSA,698.20729284345,111667.6919071566,0.1455716082205375,,6030,6030,0,0,100,0,1,-659.2621992656877 310.06700748851836;316.67294624663435 -554.8309486889483;-429.82721586648165 -442.12925429282694;-334.0251350545632 421.9621204696508;325.4154310881326 651.0858552140379;-92.00753519427509 627.9397411871001;-88.42978759822711 -370.2426397586716;643.3893830012382 -129.61294540030997,True
750,8,22,LXSSA,1107.135782926416,111258.7634170736,0.1455716082205375,,6030,6030,0,0,100,0,1,-372.7969209472289 -595.4793259916268;-363.93914162806095 633.9566597137075;724.359032125726 -2.2976218852793395;245.1716949643603 -100.97514597208354;76.8462267659354 -719.5447746995036;-642.8745657909209 -372.78450772524326;-8.843861024135846 181.02973253936344;563.4296557305764 -357.85094840906305,True
750,8,23,LXSSA,494.3548733357602,111871.5443266642,0.1455716082205375,,6030,6030,0,0,100,0,1,734.5352724136436 138.4596390121189;-497.96312910493225 465.31352818993213;136.45728966550476 -505.03007342533226;146.93655822861558 594.4888400005785;-102.62198727143351 -171.59542578842684;495.55656842183106 520.2121564738093;492.6770168443978 -250.44366130523326;-735.0957992205531 -70.11842638164873,True
750,8,24,LXSSA,784.6353914208157,111581.2638085792,0.1455716082205375,,6030,6030,0,0,100,0,1,617.3620341069891 82.56146522840992;-65.89221503252251 -602.3692063909248;-64.61506401855308 266.48643736647824;398.49615686304753 494.379739940414;190.12989022553137 -15.352857815580036;-408.4437540749703 583.9157755255931;-426.5182876987179 -435.4570869807299;309.0906708441778 -343.2476825433558,True
750,8,25,LXSSA,500.0497499861667,111865.8494500138,0.1455716082205375,,6030,6030,0,0,100,0,1,-20.046281375844185 117.95317508994364;-202.6988151196394 -496.30170710951813;663.3532869355158 85.77537447505141;-714.0552705669684 -227.76398378880603;-532.5215692431249 280.8380919260386;-207.91343626620377 549.398717218921;155.0915942248448 -424.8323135360951;392.8346015294815 517.4722296810503,True
750,8,26,LXSSA,1179.97844390427,111185.9207560957,0.1455716082205375,,6030,6030,0,0,100,0,1,365.6007512236911 498.2656169793824;-519.2181793450679 -537.8733855877565;-515.7788525150041 253.91868401274363;282.6572989196652 -667.7677748474732;321.8162473060319 75.57529635923653;-47.23860427246523 -211.92378808876725;545.8834088828534 -177.60228657344288;-677.4396533511141 -109.17151370342818,True
750,8,27,LXSSA,517.2986327383114,111848.6005672617,0.1455716082205375,,6030,6030,0,0,100,0,1,75.42898977251511 266.3347853525708;-543.2875105125254 -298.1728968975459;310.18012129651964 -230.47181632823495;-390.35466544322776 111.91761086607531;657.6250617148143 -167.46446802365608;-714.7391986882116 227.1734006112166;498.89021041059675 404.55337405925445;92.79721422957279 -734.3349227983014,True
750,8,28,LXSSA,1122.590873812369,111243.3083261876,0.1455716082205375,,6030,6030,0,0,100,0,1,305.0885233149929 -103.96693100171892;-742.2964042345009 92.65303429532746;402.38318834685896 614.5062637393527;-510.6649836714777 371.40740391397753;698.3815408341084 -173.96036321722553;-242.0255687044377 -656.820062630656;201.61082048198938 -720.161708531714;-88.16147934362603 340.5797387712172,True
750,8,29,LXSSA,743.322847397867,111622.5763526021,0.1455716082205375,,6030,6030,0,0,100,0,1,-615.3756926650485 176.1263470641374;114.46861116149374 -368.00104829042465;-403.20234337230266 -560.8820539431626;-728.5089959506672 -177.83435080899017;-254.17002306818785 -90.01753890264403;-99.51237604677337 244.74486961056618;270.97387410488733 -680.822372125148;288.322078262644 691.6298015542518,True
750,8,30,LXSSA,1440.772841584054,110925.126358416,0.1455716082205375,,6030,6030,0,0,100,0,1,473.798557964753 59.04109339478399;151.23198919463178 412.17376334286917;640.7622580951275 -291.55705794011845;683.8169826535191 303.749309866787;-334.1473812847118 525.4822252920616;435.6660054459241 -590.2786948666025;-601.1001356368344 -424.21853195870995;-171.1868977965956 -594.6877717226552,True
750,8,1,PSO,1280.076686755565,111085.8225132444,0.0100068035225073,,3030,3030,0,0,100,0,1,554.1406246192508 -201.773464813688;-707.7156606155548 -193.00997348817148;20.36088948623692 460.0766949916477;176.71522610456768 -394.98918912178357;366.0250838777666 275.34776823486607;-500.6859113956034 486.7471481664883;28.02646224441464 -736.7800578644415;-352.0877090493434 129.49067721263998,True
750,8,2,PSO,1303.464871512129,111062.4343284879,0.0100068035225073,,3030,3030,0,0,100,0,1,-42.54021499094396 -677.4022595522302;-286.70718775918397 183.2529900719124;610.8951691657642 204.22705359610194;-106.9871158007006 647.7042826094114;301.1441519415878 -600.7007242750027;594.1715763923587 -390.4996267893578;136.65311779880872 -311.8356541668594;-637.1764480049108 -106.20703628419759,True
750,8,3,PSO,1243.274864786159,111122.6243352138,0.0100068035225073,,3030,3030,0,0,100,0,1,363.9322708180893 124.0754342678553;-634.3183317476045 -152.26775941465462;-407.9415546768012 491.0420045782168;21.668360679396685 503.48162914249565;653.2983117252522 349.46641436460516;244.3866400943205 -362.6779187173966;616.4965081614118 -360.6206544826822;-226.4035435833166 119.90694494728943,True
750,8,4,PSO,1352.797576334022,111013.101623666,0.0100068035225073,,3030,3030,0,0,100,0,1,-313.278673945286 -117.91298769811516;-312.5399082254108 645.6629329730226;371.99667553165574 -417.1981325669809;371.1726330939953 575.8517773756292;-692.856153702307 5.814617873818548;51.78279029185923 -210.42533830720092;32.45503329558437 746.1827349130944;-541.3108506373438 -328.32672167504563,True
750,8,5,PSO,1406.680352572483,110959.2188474275,0.0100068035225073,,3030,3030,0,0,100,0,1,-295.68577254295616 543.4045632600735;9.127852015854849 345.8401388805384;624.6267498621138 -156.10809162851595;-159.4144245579327 -220.05265830272273;314.564634212702 555.6539606594856;337.36762882815464 -585.4646190158741;-554.2201755537585 -339.41675802757334;19.770065519837672 -676.8050757449533,True
750,8,6,PSO,1009.747313383021,111356.151886617,0.0100068035225073,,3030,3030,0,0,100,0,1,508.7547066492606 444.42057939687305;-617.1107562909507 386.3021479935954;-62.22632846298272 -94.37055066474119;113.74689158632555 -478.4263803405905;148.2676012149736 218.62178789843864;-449.18663810121035 -189.3244357118941;284.2136976799636 -118.37211131669747;-249.84881043823086 -656.5594098380982,True
750,8,7,PSO,1181.874730247524,111184.0244697525,0.0100068035225073,,3030,3030,0,0,100,0,1,126.34414870412591 -545.4721400158234;-325.33618661590225 382.4644983742909;503.8570406412201 408.97598075326044;491.9665791375695 -527.8701000418641;-638.7929218759022 99.78639211707959;176.0057389418756 290.3422957391174;-195.07472244580282 64.96814862924737;-378.28740965989005 -290.344403956947,True
750,8,8,PSO,1337.509441803035,111028.389758197,0.0100068035225073,,3030,3030,0,0,100,0,1,523.988999362063 -329.78318160297874;700.9331902160469 72.94423400625965;-709.6975500190754 115.67886240498437;334.8086237207812 46.82568590718215;-231.23934703080903 95.03942144335909;-170.54732066608437 664.797055090096;67.37082114651224 339.8401108484412;39.594000397943546 -697.450051354066,True
750,8,9,PSO,940.232936719258,111425.6662632807,0.0100068035225073,,3030,3030,0,0,100,0,1,-654.607759100023 66.54530149156399;-326.89502281255056 -15.261665411691585;409.78512339789813 -363.11091480915786;579.8946491578882 258.9680418327647;-511.2598078587077 -415.708551818898;202.26633202469762 171.80884731214937;61.57103513853856 468.32653529339734;14.43029970553204 -475.87424020318036,True
750,8,10,PSO,858.8324112265254,111507.0667887735,0.0100068035225073,,3030,3030,0,0,100,0,1,661.894754936181 115.4179033036673;-493.2329768513513 499.31717481816344;-729.4007808933543 -87.79996343991982;-209.54035013646748 -264.8716813503074;176.34109334856814 -106.04043784608547;-27.668691018875986 -726.3778767644944;277.55745848600424 510.68492459547406;513.5904560423321 -334.2700100264221,True
750,8,11,PSO,1599.010983006796,110766.8882169932,0.0100068035225073,,3030,3030,0,0,100,0,1,322.5674889878182 -227.85230061073966;-161.07794595257673 276.7373579912206;-76.44532408946002 -660.9230280289471;586.7218719446784 453.409477906265;737.9904961243121 -58.242779219047684;-244.7033861101019 -380.7490359775414;-526.0406199736018 493.3717279975452;91.64529218192648 689.3555643051493,True
750,8,12,PSO,895.8910006811202,111470.0081993189,0.0100068035225073,,3030,3030,0,0,100,0,1,-510.03957720354174 -91.6259142486237;-213.87128062214472 520.4045197592982;619.6047055631229 -64.78893416787885;85.3482865906936 143.93323438310438;-619.642381590443 238.09215839934095;-193.4169178678532 -570.3934299755788;402.4517730916644 -613.5317992839606;247.48878272323594 650.1528453906755,True
750,8,13,PSO,2529.284494671461,109836.6147053285,0.0100068035225073,,3030,3030,0,0,100,0,1,569.9550684704222 436.8381310128706;-47.69646696680935 351.18196434940324;296.40031285360925 53.74588630272579;-463.85278020154954 -506.72106534554496;-431.8466358957936 564.9829709083211;-501.1198701678818 167.1800202308864;721.4901027500255 -25.17728502345929;-4.68112137922018 -446.0264526372661,True
750,8,14,PSO,910.5423075169238,111455.3568924831,0.0100068035225073,,3030,3030,0,0,100,0,1,67.70190466713842 326.61250501164915;-243.17133873129973 -144.37831661552264;740.7073098385598 30.143027503570337;-545.5682837404029 385.78840701571994;275.2239940936654 625.2223130134757;-693.7087476506315 91.16781733838985;-40.20122600964752 -735.8000471539389;547.6323629714573 -269.5327042855676,True
750,8,15,PSO,3434.698946979639,108931.2002530204,0.0100068035225073,,3030,3030,0,0,100,0,1,168.89181373192747 -675.7831628716726;-164.6284859966437 450.214894673048;-262.7611306387623 -357.508618502058;44.95974820127638 -222.32345459045584;-385.1592002056843 15.924650125083739;-152.22105791413867 -657.5713447302297;447.8587543959629 -401.9257125946872;142.71836579259542 236.1468524369593,True
750,8,16,PSO,1940.718200846575,110425.1809991534,0.0100068035225073,,3030,3030,0,0,100,0,1,-542.6366427686352 -206.04079972833995;-47.094293107825706 609.5575049713792;185.0113280329838 -242.3526889338035;-270.21309246993394 78.8840586992844;-286.32235129217776 -394.4764471416896;331.0039343052934 92.32725414870191;510.4224790883137 -533.2405056184532;15.597473032531056 -512.6388010917904,True
750,8,17,PSO,5433.577292532544,106932.3219074675,0.0100068035225073,,3030,3030,0,0,100,0,1,344.6858923404516 389.3645901541104;-318.19966428222375 136.12975274199698;11.99924402436966 227.76925230606855;643.7166422050794 154.6637722316451;606.6891663082482 -174.83429084820276;97.07737396392332 -671.273988532286;0.9263746754027196 547.9660422168367;257.99689470504023 -162.47185791407514,True
750,8,18,PSO,1667.580192239417,110698.3190077606,0.0100068035225073,,3030,3030,0,0,100,0,1,-168.88576328047458 -252.1760024024364;-681.5876866214539 -45.643703611290036;680.1827641878676 33.37866719262595;298.50024226638106 152.18637757237852;-18.48648712169154 742.4346962635957;-360.01068544704646 385.8610638851431;181.90069708967758 -619.5924352145361;329.7745068204817 671.2647573081844,True
750,8,19,PSO,936.349326169162,111429.5498738308,0.0100068035225073,,3030,3030,0,0,100,0,1,-213.83600483919923 109.82551364938102;314.1686095829677 636.747272351754;-491.3010048289568 456.6341335840337;-643.023995351002 111.83362065597453;-54.525071526261584 -193.9943998104509;557.0216142608448 -22.106091501491488;104.24046880842889 -692.84693080977;329.5094331544956 -410.27388374598144,True
750,8,20,PSO,1080.493010587335,111285.4061894127,0.0100068035225073,,3030,3030,0,0,100,0,1,258.13219596297273 -458.684768923285;-363.85781920825247 -531.7613992050958;737.8532671990911 124.77176570130852;-18.355317310157467 -717.0292306409156;-450.5970720884569 559.9499268976117;258.2580452509272 393.46831866419126;-692.7203620254611 173.4285815042392;393.29411181089057 -4.974267249988302,True
750,8,21,PSO,1397.603319978953,110968.295880021,0.0100068035225073,,3030,3030,0,0,100,0,1,499.34169004607054 -516.8715628415588;-414.6624137797826 530.9934451365989;-136.86634772528677 734.2575942949608;-142.8550043381273 -95.79838226471104;-441.3078081400426 -221.77266999109438;283.2761787234387 -292.48361795841004;84.01367567297072 -644.882790440259;670.0186474802205 -2.8618576874024484,True
750,8,22,PSO,1228.757645226724,111137.1415547733,0.0100068035225073,,3030,3030,0,0,100,0,1,-283.58102461744227 610.6146939609316;-48.98903113770257 -610.4761198687089;-61.865180497441955 355.1100329583375;645.7608831009109 -282.5191001838255;-691.729418975431 -197.62185758659777;-573.6208718143149 174.26844227681033;-343.9298059565066 -236.90337595964672;303.68673646127945 511.85913803604996,True
750,8,23,PSO,2597.706314539537,109768.1928854605,0.0100068035225073,,3030,3030,0,0,100,0,1,-699.8436914961572 -29.24438347569774;-6.692779282649569 326.52896520645504;206.9836297312261 20.194132334688263;463.7141863648773 399.3244638872038;-446.0072588271453 178.77759159781203;15.445380874682197 737.9933218944386;-266.4442655089521 -599.00157353111;23.285401520725284 -345.6449675894109,True
750,8,24,PSO,1312.984682578739,111052.9145174213,0.0100068035225073,,3030,3030,0,0,100,0,1,216.87862613744622 -161.95335308639122;-50.60870665026714 746.9898040012366;-306.22824171666264 458.02952666729277;110.17885843282534 -475.44206093435747;532.9840745106718 244.8667247440869;-635.4504790026265 393.7195362062924;-443.81951976772666 71.54208691345244;276.1569790613087 644.7403488325209,True
750,8,25,PSO,896.4275513551693,111469.4716486448,0.0100068035225073,,3030,3030,0,0,100,0,1,584.6190481794714 -283.39168908100794;433.3510762323478 119.84952863947505;308.94174694193543 503.4288278977699;-469.7392146473692 -200.9464465231005;-665.9369411061313 110.66568165264717;67.3635087326112 709.0910295630223;57.599567267861794 -715.5860789048832;-92.51835758085637 -284.579718433211,True
750,8,26,PSO,2293.968425950632,110071.9307740494,0.0100068035225073,,3030,3030,0,0,100,0,1,412.43281860817416 192.33713931862818;-256.2198697044792 396.7755257874583;90.10664963810427 672.9889306325756;492.32728859154383 564.0689763969567;-540.3323636839403 -504.217512780415;605.3391066306915 -374.9632168223968;205.3951101972511 -576.3571728927391;-485.8804383057908 -31.167239158648346,True
750,8,27,PSO,1441.379938265323,110924.5192617347,0.0100068035225073,,3030,3030,0,0,100,0,1,297.8801775775554 111.6990509922556;-203.6250002188112 195.8693162519786;-708.2249128491742 42.17411257206888;724.2819981121961 -115.2231530869873;-489.7255933311808 -187.5464996365149;-459.0278332376787 390.7237268395886;-217.60545031373118 -418.28803721175075;459.6649290578663 -460.1153127752467,True
750,8,28,PSO,2889.734201032625,109476.1649989674,0.0100068035225073,,3030,3030,0,0,100,0,1,-271.0027964062061 -633.547404347139;362.2860796287702 -511.1144524766946;200.55401925452148 67.57677005761133;-566.2609587072916 473.434855655438;-84.3793739997042 -268.56161481790247;-128.56663288026633 254.7067342267123;-553.2325564217134 -213.02139901974013;409.4096327552654 369.9768732276675,True
750,8,29,PSO,1331.214013547709,111034.6851864523,0.0100068035225073,,3030,3030,0,0,100,0,1,42.48034834491925 129.36276814460695;262.7622626977441 -321.78471839790075;-157.2019929113419 -174.4551550052809;-107.53151979736818 551.6863786493502;-559.1108756717081 -381.08876422537617;739.5617667929067 -12.736620697721378;474.31242387954876 357.09436580775014;-264.4094651299169 -644.6080923165431,True
750,8,30,PSO,1843.579339618314,110522.3198603817,0.0100068035225073,,3030,3030,0,0,100,0,1,-242.84289806165845 -496.115396748885;142.9026642120864 614.0585807282242;77.42771705789174 -701.4708002673357;184.96402265487467 -401.12303573252956;506.60700399671924 354.67824980780887;-487.7257193480988 197.21129393083015;-152.17761554871535 -127.0827159579579;355.79113484920424 -69.82677163248607,True
750,8,1,SSA,3630.400519334085,108735.4986806659,0.0135784833381573,,3030,3030,0,0,100,0,1,148.11073473757781 -68.20298938532382;124.23548200586028 -458.5420030424863;341.3700198324814 653.0483852198594;-228.53619898254036 -710.7164329446412;-585.8378864468473 -29.292606623919713;-205.8423776070089 -378.680789158637;486.83835962849736 -194.01712318946807;-224.90052690886864 109.93318875659622,True
750,8,2,SSA,453.1414091464249,111912.7577908536,0.0135784833381573,,3030,3030,0,0,100,0,1,-519.5759132782724 -443.59260035194717;-727.7645439170608 181.26536754819014;664.5856430429087 345.78512457199054;260.6570895792147 -623.926080524259;-123.17935167479634 496.13260936120133;501.52479025457995 -175.45641510841003;-503.36179764103457 536.0207728898183;-129.22571504508812 -356.6550961753525,True
750,8,3,SSA,1158.02403101782,111207.8751689822,0.0135784833381573,,3030,3030,0,0,100,0,1,233.91065134389387 534.6156670033891;-384.50194686697887 -468.05484851909046;-240.9804169260073 -49.713652235427816;-63.42534436482597 341.08183282623816;496.54361352206735 -522.1619396263118;115.3254539972919 -669.8793412951638;651.4489594876626 -202.2541202810357;-573.3588684277194 102.67989805970832,True
750,8,4,SSA,1484.88228930012,110881.0169106999,0.0135784833381573,,3030,3030,0,0,100,0,1,-281.9419444365245 -523.2006696505553;216.56972215830837 230.74207962361123;-628.3464969947978 -360.5574435057969;-567.1535155235514 490.5516772542424;363.39614746791455 -640.7998132327587;691.9228581036843 123.74272362356447;-261.0500843486066 121.22044473365672;360.88833736011094 632.3066383403741,True
750,8,5,SSA,576.3899221467145,111789.5092778533,0.0135784833381573,,3030,3030,0,0,100,0,1,-83.13349508320833 123.19573441328275;681.0222812354009 126.41511519296418;341.31493548819844 -327.9434111519672;328.73026971379676 623.1750559539844;-609.629184991852 -307.2970149093448;184.56396510149662 -665.0194720871866;-336.8358674410393 655.6964469428814;-317.29151728815964 -677.4858609877615,True
750,8,6,SSA,1271.491718650577,111094.4074813494,0.0135784833381573,,3030,3030,0,0,100,0,1,-55.397092630613294 -527.8997545117562;264.88798197492713 -690.6406908809347;-52.90578836643365 220.89263167136517;525.8936869140229 -456.6151537998671;-602.6947507262573 247.48316535275535;334.7930542263687 -17.905317613592935;-192.85807144946978 -143.62052629607263;-624.1060173482458 -288.3660007155248,True
750,8,7,SSA,796.920155712709,111568.9790442873,0.0135784833381573,,3030,3030,0,0,100,0,1,326.79771387029035 -574.6191659592029;573.1910499279086 -272.5959371703663;-251.94616153526658 -385.8312983559525;-133.3798725548569 -738.0445399450547;-520.2492381509521 287.840722826028;-707.8542941328199 -247.4620115200013;-258.3641596719966 686.1291555841334;338.03201767066696 366.89080005778453,True
750,8,8,SSA,909.3025300559676,111456.596669944,0.0135784833381573,,3030,3030,0,0,100,0,1,489.9911705091174 -331.65481778426226;110.79401312678068 157.6255357148249;-99.22340422401078 -140.61885971619327;-629.2075858748213 -299.08901681193527;-261.3844414469282 195.5939390129019;-372.80727789074314 -528.2580461556573;240.16930463503223 508.3471027918125;697.2117091901374 276.36265572927766,True
750,8,9,SSA,1285.495790207016,111080.403409793,0.0135784833381573,,3030,3030,0,0,100,0,1,30.334073234973452 714.4578548594578;-28.966230829876125 -373.79012166236583;472.49073818760866 435.32652247064493;317.6860380445887 23.799999305918323;-623.5163717992963 416.29181273931323;-178.2894616855432 -60.87860217618773;-304.5145099669552 -610.470176239679;-704.3229602702534 -240.84174691825987,True
750,8,10,SSA,1007.314983499091,111358.5842165009,0.0135784833381573,,3030,3030,0,0,100,0,1,702.5571083603015 216.5830024810355;-343.8790853440697 -650.74091730319;555.2631496596309 -277.2746413946074;-56.02001893543687 -75.92820764989466;285.5738472643517 443.6069505179487;-346.309037394837 288.6897199628168;131.2709256962133 -548.8985489863978;260.89606860366644 -139.77452007257028,True
750,8,11,SSA,606.3659312661475,111759.5332687338,0.0135784833381573,,3030,3030,0,0,100,0,1,-7.714950198600357 123.38733134270701;230.53368725292185 -552.2380625531201;220.64363263581325 617.3790635992802;-508.5407571225712 108.40141121756761;552.0788585942736 -333.888139262925;-354.7510512158158 -332.9360730932061;-152.65653790605768 432.5861518219591;697.9554163298898 167.80186162169775,True
750,8,12,SSA,1129.811897175969,111236.087302824,0.0135784833381573,,3030,3030,0,0,100,0,1,-25.249000212267745 346.50110553220475;367.09965964424225 -23.96462290393436;659.9317619080452 290.67801623837784;232.44737467288581 -674.4946568182945;-540.9406449149606 -214.26515163731466;-238.84801497182266 -460.9013824350434;125.29225515505149 665.7842804245782;-239.4885253791772 683.9031033155518,True
750,8,13,SSA,1438.926113594222,110926.9730864058,0.0135784833381573,,3030,3030,0,0,100,0,1,629.9678571845072 49.70910298670683;-81.03839190109657 -271.209566843737;-290.9216707184997 -578.4698729929679;470.9150071207313 -506.0436677435117;-169.54610787908797 492.6531720898447;164.7249430561044 34.00612265955507;-593.7514299313468 -143.02239997011677;165.13484497030947 -721.5626264900625,True
750,8,14,SSA,499.823077590263,111866.0761224097,0.0135784833381573,,3030,3030,0,0,100,0,1,-558.4901949379171 471.812645024807;494.1354716568789 285.87302378371385;218.90787084381867 665.8994244434011;-337.06749376762855 -98.85941123196376;677.0183008732358 -316.7945041202329;-115.45235516440172 153.02781646418688;-548.8628833986596 -413.56721714169794;223.68659077870623 -303.14507745927637,True
750,8,15,SSA,2027.811436765856,110338.0877632341,0.0135784833381573,,3030,3030,0,0,100,0,1,-475.32574834159266 -80.88474971452906;696.8503027730982 232.40758089404156;633.564403463542 -138.1508715117437;-100.01276870923259 -734.4590831279231;-282.72103317705387 344.6989606829089;-66.97820357750209 -163.99768949288443;385.305530422744 562.8878926810767;263.28463201908494 -104.13388645344834,True
750,8,16,SSA,991.1081485077592,111374.7910514922,0.0135784833381573,,3030,3030,0,0,100,0,1,-218.70274494775927 -447.46862482293375;-576.1990690482016 -379.6906790310925;681.0620390139799 -312.12882775932286;317.4906902688064 -657.699861922396;-203.74359756491592 693.1747265499198;-403.7495726757453 145.63279003433973;-18.741641136262512 6.615488525316219;117.95148757186332 436.6886779855724,True
750,8,17,SSA,774.1645421111753,111591.7346578888,0.0135784833381573,,3030,3030,0,0,100,0,1,321.6005103183396 677.5493355230029;-331.0104348658118 -634.9557085867602;633.6706939674744 114.17721754946888;-323.9549647512415 439.39162200197535;-490.5703930204895 -115.42538877492461;173.20727193131648 357.7299600840936;172.81353531161392 -364.60091204833964;-72.35732988556107 147.51007535613073,True
750,8,18,SSA,743.5147143774084,111622.3844856226,0.0135784833381573,,3030,3030,0,0,100,0,1,-20.025283446343202 67.27579303721161;-647.057026147568 55.939515042324956;649.7842309212558 -127.82509078651626;-211.9929654540016 614.3510964945754;344.5775215629884 638.0102353310662;-414.91984774936316 378.2162326466133;-478.5732438723682 -449.7557923528301;541.341752345426 186.10814547165975,True
750,8,19,SSA,1290.91336989167,111074.9858301083,0.0135784833381573,,3030,3030,0,0,100,0,1,-337.569841805743 -548.0385790522239;171.00659582401872 -1.9931588285810564;49.13183823002188 382.53782941309487;518.6020966043338 -286.0480388270754;62.5357054795209 -691.5301073754565;-159.70365987094425 627.7933393302643;698.1370229759098 -17.035413552368915;520.6549523994169 493.4960684942986,True
750,8,20,SSA,1325.841310655509,111040.0578893445,0.0135784833381573,,3030,3030,0,0,100,0,1,-340.7072179434599 -351.34192636194814;-673.3651816300026 -321.13761743211614;170.27515925383562 265.416628319289;-413.868691682861 495.21682108010737;433.55063252541566 593.5575541766856;-176.73711978296674 22.275390754544556;93.96090367747041 -655.8945968392937;431.5126908638414 -366.79699509433453,True
750,8,21,SSA,1291.131642359062,111074.7675576409,0.0135784833381573,,3030,3030,0,0,100,0,1,494.0934486104795 -510.2432553059023;603.5771116892548 -185.10099922757524;150.28911077360874 -92.7154777105167;699.6114988980419 270.22833691485;123.70954193854057 -621.3599634247628;-115.51488494959283 262.9534698404336;-316.5856806969756 559.9313932302514;-597.6525722566736 -204.561841817668,True
750,8,22,SSA,727.5966548205761,111638.3025451794,0.0135784833381573,,3030,3030,0,0,100,0,1,567.4418648693091 -441.15890461031177;183.21609145956285 -469.7078701879809;165.4130072945756 551.3865573269346;346.9032501808041 -123.99119865182976;-517.8552514484375 489.351840197133;665.6823357629686 342.41975745445666;-111.07968254378704 310.0993116078383;-514.794396452668 -476.5402452110535,True
750,8,23,SSA,489.6782366621919,111876.2209633378,0.0135784833381573,,3030,3030,0,0,100,0,1,-326.4609288911891 389.58888070540826;374.1979982858501 -618.758114724555;-623.7382946488509 -54.61529268937793;558.1044979405603 -341.1506482209439;-324.2653184320776 -607.2245632554486;365.07142518689614 389.59562321259693;-94.61474375329738 -276.74546834209787;748.1521002541826 34.945978087006026,True
750,8,24,SSA,545.7104939433921,111820.1887060566,0.0135784833381573,,3030,3030,0,0,100,0,1,382.14282450012445 -13.61214246824348;-479.5827075304657 470.52013777590014;-483.9047308794031 -462.7883986878642;-296.30439498120467 83.81345074501056;216.8023925385798 -601.571932893789;643.6112121656646 -385.0499271617233;229.48072981510893 327.5594921425735;-91.08242486612922 547.4875637136901,True
750,8,25,SSA,984.0597220082564,111381.8394779917,0.0135784833381573,,3030,3030,0,0,100,0,1,-52.481431004229556 477.21612687199826;602.3964230069997 440.4007720224;227.33350626098903 -548.2295528364895;-553.4088779719232 -108.26218614109371;-213.55459784906213 -404.8711707786517;408.6801360209631 39.38833281116018;600.4780437541805 -406.59262697701723;-429.95993696315907 444.0250930693418,True
750,8,26,SSA,777.6092506287532,111588.2899493712,0.0135784833381573,,3030,3030,0,0,100,0,1,-389.5883181697867 -359.8915990641896;-136.13115062759655 9.08902002949794;275.95631143391444 148.01644875393603;-523.6404191253065 90.74602382752217;47.86379712705228 -676.1757675289969;636.4621891024912 176.0014458546371;55.11467241696921 723.6929341113481;-279.6534465977582 443.4123230646047,True
750,8,27,SSA,1442.035668501936,110923.8635314981,0.0135784833381573,,3030,3030,0,0,100,0,1,-239.6942470374743 -440.4028914075429;-378.4455899348558 -152.11584790949047;627.0392280253254 -391.3849222538452;98.92487965669605 -378.89720500484077;466.4032871286544 164.36295677599347;-602.4138430723431 -421.9025587749211;-667.1986378184638 189.5005872842465;106.45601520296935 539.4058804753153,True
750,8,28,SSA,579.2597121869912,111786.639487813,0.0135784833381573,,3030,3030,0,0,100,0,1,-325.4320324836345 636.2561674678819;180.4068087893865 -46.871520717018655;-550.4376927104641 382.90523630354653;444.6190894117578 -409.61521376487804;-49.72460070212311 404.85537979045813;-329.2527499629785 -148.74693961937786;442.6871599178892 524.6804075589313;607.6455038775354 93.28859847748987,True
750,8,29,SSA,1536.822648582456,110829.0765514175,0.0135784833381573,,3030,3030,0,0,100,0,1,-647.1661446868156 -271.7080415271488;-410.84627559481214 -608.5346680073693;-119.49482393562923 564.4447456427316;381.88171523049573 -194.92633614808307;-229.58710809871144 -188.9770513962661;634.9791477258516 20.520493838268525;335.61521778580556 -670.6878715158088;-66.64429538226501 -639.153834271108,True
750,8,30,SSA,1085.914867601692,111279.9843323983,0.0135784833381573,,3030,3030,0,0,100,0,1,220.35128844515657 687.1554977983197;35.34885860759801 -643.3373091123365;215.80543622818303 -138.7564543097723;690.4013493937614 -82.7188159747771;-380.7497140583394 -353.25287247895494;453.6531037151115 -430.42027343208343;-686.0759674543624 262.66989388256343;38.751572845494486 381.6940184497974,True
1000,8,1,DE,1372.194586640486,110993.7046133595,0.0121556767572959,,3030,3030,0,0,100,0,1,813.0776068106488 116.09999968656311;562.6124116173611 361.0960828383735;-831.5854849394677 -75.07570315936016;-16.850491840870916 393.9988687505733;-565.2363775239983 704.7674726430486;-204.72621829871116 -380.6672506008267;438.10962955196067 -793.663121359331;550.5505467917015 -314.455657746046,True
1000,8,2,DE,888.3812801332533,111477.5179198668,0.0121556767572959,,3030,3030,0,0,100,0,1,479.0520057645084 -73.24068704938969;-179.82397831126934 689.9182650630758;861.6319317528576 -121.40005694863498;316.70390427619213 -335.7640161743267;-216.14464336853194 -642.4403030109174;107.88908453078132 -68.07211235996283;-549.068077780224 -42.73014587497616;-693.3458067432673 -413.3973765217172,True
1000,8,3,DE,971.8773150866472,111394.0218849134,0.0121556767572959,,3030,3030,0,0,100,0,1,-401.0704256428795 -783.9583863516034;833.2785947250867 251.4256546751042;-373.7362435192617 26.431139771405867;32.14890071738205 865.3648544731636;-818.6639971282957 400.5333177900817;311.14078870230026 -836.2267248605069;-682.1802087692521 83.99637507509746;15.214713402128723 -547.2712728158544,True
1000,8,4,DE,1029.713548285523,111336.1856517145,0.0121556767572959,,3030,3030,0,0,100,0,1,358.490982554143 115.67933443297643;-77.88585636006957 -909.5334996098793;-472.3966987474869 773.8770692186656;241.5394712524262 -172.8949628856658;-222.27479951945486 366.9840558030477;-509.5047584689869 -616.896658397038;766.2467574546534 7.986338980333471;-44.66035043151055 654.6965545629357,True
1000,8,5,DE,1042.896435939838,111323.0027640602,0.0121556767572959,,3030,3030,0,0,100,0,1,-681.0276659583094 -159.6327653930479;-304.1451998327533 -514.9051194176582;254.14193436039506 99.54010844679698;961.2752977563772 208.90492137433864;-85.45769629173103 556.2714179534605;433.0552389959686 430.92477486560045;-501.53766596069045 157.43325976395928;-136.03118006745856 -205.17315396018589,True
1000,8,6,DE,862.7781764303363,111503.1210235697,0.0121556767572959,,3030,3030,0,0,100,0,1,809.5751515840906 -38.52005635985745;-914.5206858122497 -223.87694366558614;-189.39176603895197 -324.5308108708835;-353.6016391977521 769.5871924147161;-309.6782194483855 -712.1155601062476;91.69861019174289 394.831002934651;410.1968802945663 232.60014893887106;-657.2636911156762 379.2744812553597,True
1000,8,7,DE,994.7413890744064,111371.1578109256,0.0121556767572959,,3030,3030,0,0,100,0,1,39.66017701555464 -457.066102076563;87.05561398689866 575.551993139617;-737.6274166455648 360.5632572446202;780.455970867729 79.70464174825324;229.10886689776663 187.3478307158262;-278.5774186141721 685.7407663245864;490.4387647795037 -280.06279423227676;-305.0634225770902 -242.74078905691826,True
1000,8,8,DE,494.2111534426367,111871.6880465574,0.0121556767572959,,3030,3030,0,0,100,0,1,700.3457557118734 -7.082606645404155;105.42172728672705 893.6889660869942;-327.44998329023224 -577.9971254068176;-588.1506628736472 92.240689358394;-906.2346392474121 377.3282475606616;299.83500838699126 413.2956597376555;866.3640002322719 459.91064427482473;8.915816603005851 -403.7898558842064,True
1000,8,9,DE,1325.212520716174,111040.6866792838,0.0121556767572959,,3030,3030,0,0,100,0,1,682.9771853619122 -429.2214020710752;-484.2494279098287 605.775134900729;-530.1953953335907 132.9981326767439;375.03043730191916 72.91261730805516;319.81290663132717 -755.675450878166;9.929418727274026 245.25942415127068;842.0952532101364 304.2566857809828;-219.45822176043617 -409.04966587288527,True
1000,8,10,DE,1411.517944828272,110954.3812551717,0.0121556767572959,,3030,3030,0,0,100,0,1,204.32438738671433 -331.5697833089162;-742.1197853264232 511.19380467655265;-847.4502733196318 197.22839858633964;-19.62000205368915 -34.20949478190279;272.08871846650845 392.5777309327717;-762.4128298818418 -618.7355274517258;584.5989798478192 26.109100675627303;-343.57148348840303 584.709257163566,True
1000,8,11,DE,832.7258570383274,111533.1733429617,0.0121556767572959,,3030,3030,0,0,100,0,1,-268.04310655052757 -89.66762839559381;527.0878952918376 -110.59123328023668;-750.5557406503522 -527.9543238694911;864.5314127236272 -281.5962189586629;319.8430389565467 -688.4185366254644;330.6786107841628 356.133848829268;-620.5754812609259 488.18309447970535;-119.18781400975129 600.3147156271439,True
1000,8,12,DE,614.8833511251723,111751.0158488748,0.0121556767572959,,3030,3030,0,0,100,0,1,358.58847775046985 -453.428428068022;-38.54241453841371 -552.6342705257002;364.36289194059844 428.8712123927579;-654.5374916480523 374.93540856537595;-925.5792962842932 -47.205103870859375;-321.27547664215587 598.2698734004548;193.49876164843258 82.85425247635527;559.2378961149411 -215.3834128115542,True
1000,8,13,DE,1356.80057715658,111009.0986228434,0.0121556767572959,,3030,3030,0,0,100,0,1,346.7266935241755 -231.44989760550664;-635.7186967528723 362.4855515208111;799.1174181517289 460.0945002369579;615.4111150402025 -772.3309386942965;-334.0339026796775 888.7779562087538;315.6169462850922 745.210125226114;42.95122313122624 -346.8873790262761;-725.488141620589 -436.8606497851772,True
1000,8,14,DE,1006.159333240896,111359.7398667591,0.0121556767572959,,3030,3030,0,0,100,0,1,701.4991449384809 289.78969999121335;-300.0644108689702 -856.3173321493401;-773.8452986687439 94.05554972438318;626.5285305088166 -718.7400967907936;-624.4158869655637 -394.48331338036445;558.8137871146855 645.7437706486116;27.369257103325893 689.0222915923127;876.2307791959855 -27.633022769452054,True
1000,8,15,DE,716.4889561816963,111649.4102438183,0.0121556767572959,,3030,3030,0,0,100,0,1,11.859061054469237 591.0745222293092;-446.5355891718639 -517.2346232880643;33.03475987738943 -870.4516809081995;295.42091092240105 -387.1397869728602;464.3814096609973 411.89844493411596;-724.8260372396724 241.78169042749207;282.6103073736617 835.2280209363141;948.1261542499051 101.99660467129118,True
1000,8,16,DE,937.5460120888748,111428.3531879111,0.0121556767572959,,3030,3030,0,0,100,0,1,473.8931275342036 403.641094778991;-215.23348500120832 460.65708734436976;-514.3845401748489 -745.8066286811653;926.3463928308973 -365.63816015570774;-106.79851915952742 -531.4612356542999;-659.4002271154477 -361.46497256558905;-907.4461840279924 -27.654435220463228;279.18333999427585 807.276336141719,True
1000,8,17,DE,1170.102714989815,111195.7964850102,0.0121556767572959,,3030,3030,0,0,100,0,1,-515.8230469501292 852.2875324813748;340.9691231451978 877.2882264690822;-634.9313636306063 -660.813385000145;412.3896932190405 -884.2038172807859;-521.3673838483352 200.19531940213096;766.2742601887503 447.5463431101332;161.37986699166348 -321.7894717717841;-780.8408353104276 -200.34717988565694,True
1000,8,18,DE,1092.382293806732,111273.5169061933,0.0121556767572959,,3030,3030,0,0,100,0,1,-159.31625959829998 -619.128316333992;183.97285937355235 -120.20102111445522;500.33578410158935 -199.73608770272506;-172.3307092739002 471.234509390855;998.0150002762468 -34.22646579764927;-691.5553972498275 71.59516848866718;26.012411779998814 203.81644879720784;-360.53143014219825 -307.5572537933248,True
1000,8,19,DE,881.2566429549915,111484.642557045,0.0121556767572959,,3030,3030,0,0,100,0,1,462.1646754424054 -57.18931218018301;-533.2431459688341 402.5355709133995;-154.4610437662358 -579.287435536947;522.1165293581732 501.06530687462316;-848.9692414301481 459.20807499735093;-17.58223308431674 -115.89514707411576;161.71819261658936 -630.7615742445636;-343.9046691568724 -149.1560090144422,True
1000,8,20,DE,1282.582903777322,111083.3162962227,0.0121556767572959,,3030,3030,0,0,100,0,1,322.01558388692155 392.8943107372385;967.5395694040303 82.20658694928322;-194.31988532838713 733.73909321357;324.73761187356075 -492.46681969651104;-877.8598450913538 -339.0823796842172;-809.9997057390276 360.3421232062027;-540.2171784680506 -137.84876295153813;-107.93487071640419 -160.5290764617341,True
1000,8,21,DE,821.069012123975,111544.830187876,0.0121556767572959,,3030,3030,0,0,100,0,1,905.9000259577994 252.0243273789744;-77.10016490271747 677.48622046783;-802.6834330037806 -114.79790472165121;-538.2986249613646 613.6500214482294;114.4745779488506 174.9896357077078;-319.4802348480406 112.36701773278821;348.5520446254522 -480.6434942595956;-89.93807559004469 -167.0653986624253,True
1000,8,22,DE,1382.055523678646,110983.8436763214,0.0121556767572959,,3030,3030,0,0,100,0,1,822.4264441326036 381.0612927257995;246.4930010547075 453.92446335803953;-547.4194580380675 -121.0141361430185;-146.23432143563383 -534.193092255999;629.5346664139709 -570.1758404127003;-697.116309047321 161.59265521701576;-23.602107507930043 -50.31319482708673;395.8070962538808 847.9001353931377,True
1000,8,23,DE,1217.540271109101,111148.3589288909,0.0121556767572959,,3030,3030,0,0,100,0,1,-639.9506923976951 -513.710212892663;399.374385579553 -37.8320393468901;-180.27237796261076 851.5080879279301;-845.5717663898145 52.91253072869097;-218.72166089714437 -242.1717780135781;847.2094853965605 30.72219270829919;162.50114412854873 -573.5838589059327;306.2335021634347 858.1650000797977,True
1000,8,24,DE,862.9346638595598,111502.9645361404,0.0121556767572959,,3030,3030,0,0,100,0,1,751.7819657676755 72.90631998567588;888.0453747870905 359.6874447900879;608.6515719592821 496.8398807161703;-311.5026598702721 905.9336605125791;170.86213444225768 768.5165319343466;-631.5098582481709 -313.6728099246702;343.5806086783069 225.54549237675036;-356.22970830487316 -459.204696907355,True
1000,8,25,DE,1035.700767207847,111330.1984327922,0.0121556767572959,,3030,3030,0,0,100,0,1,563.7018996483691 501.5381254667758;-88.42734560328941 -254.88277339000817;645.1016524852221 -629.5289060684648;67.57306934025962 -776.8277851112169;-391.8408409274549 256.4781768189143;239.12764220587246 -377.4857667168528;399.5723836828475 -14.666098292972748;-679.2916868050762 -137.73009816013013,True
1000,8,26,DE,1283.540387477275,111082.3588125227,0.0121556767572959,,3030,3030,0,0,100,0,1,295.37712204215916 -845.6893411221191;89.17759732187977 -414.9173698339953;643.9540475805143 -426.67578880733004;-206.76525461489484 -224.00733187925385;-601.7458827249527 -534.2974369314961;-434.11366484216586 67.07888474479614;153.72994210063263 373.86797990332195;-803.5433893821119 151.05525197505568,True
1000,8,27,DE,1019.953166037114,111345.9460339629,0.0121556767572959,,3030,3030,0,0,100,0,1,-637.0697979142685 495.39466495947033;568.6877218108293 -706.5896597318671;54.21154448799675 -506.3176695942766;285.17376402422036 143.11236344124768;-101.69724607675795 -3.9760518385296564;-371.184403903132 -306.56623622578786;658.6504597579976 149.12619626020125;-707.69783832542 -252.7949332306967,True
1000,8,28,DE,1698.946985803996,110666.952214196,0.0121556767572959,,3030,3030,0,0,100,0,1,236.79448871734425 224.27269746700705;-309.4561209789825 -292.1787594532788;671.878442624653 413.73023412982843;-13.891197621167066 -181.88665809572592;587.9001393706967 -286.86966332797135;-132.88459676139962 880.4649134870533;143.74545393539216 -527.8232154455675;-850.0098472624509 150.93866876494337,True
1000,8,29,DE,930.493851533378,111435.4053484666,0.0121556767572959,,3030,3030,0,0,100,0,1,-673.6784189992162 -52.356552673716635;313.5791949487781 158.96218337712403;731.5278259711033 -80.14653631706682;-841.449902923734 -350.62722698578887;468.61670470185436 -295.01838173129715;97.06877611057229 705.3379712003139;-142.41143821678736 -278.9505060762393;-303.53668608634774 91.05794274980778,True
1000,8,30,DE,426.2749321299052,111939.6242678701,0.0121556767572959,,3030,3030,0,0,100,0,1,69.2790625134876 362.23481108875393;-219.0561411466307 748.0215446460312;-716.6991623683907 426.3912167935613;930.2297685589815 329.35197901264155;512.2658629241054 -773.6242028421661;770.9000435691444 -141.73491841240823;518.1351019353758 273.786143967166;-206.83537501135618 -708.6094471151614,True
1000,8,1,LXSSA,637.6646653048374,111728.2345346952,0.1403845304002364,,6030,6030,0,0,100,0,1,740.6615336467422 238.93790368954163;196.21506070728128 256.4409649402418;11.73519386912117 770.4365373800326;501.5415155606255 -859.2865880701602;916.659542259084 -347.5229338528118;-511.2632039188059 781.0160497982406;-534.93467960056 -550.2387910797408;-106.07808845140764 -245.52777597350348,True
1000,8,2,LXSSA,495.7393716816878,111870.1598283183,0.1403845304002364,,6030,6030,0,0,100,0,1,47.009501692082274 -606.0683154454263;-154.46591242692605 -987.9754537893624;237.1770712531646 494.88240363728085;-769.0975717358968 465.2564629289466;395.4328245608194 -1.1661637044630475;-488.2383990956911 70.56791645672821;939.250295161317 304.3315207368464;702.0221528316972 571.854941593197,True
1000,8,3,LXSSA,512.49236161515,111853.4068383848,0.1403845304002364,,6030,6030,0,0,100,0,1,-826.3095841229365 562.4739424406973;-949.38294806203 -314.1110675567193;203.1175288445394 -525.7478731860989;-496.1357525008285 619.6606151132424;-129.4354607610671 -771.476165359733;847.8946136400701 185.08769792087404;188.24133844752015 455.3571458695111;423.1936392947719 167.11349211892195,True
1000,8,4,LXSSA,390.2068354872899,111975.6923645127,0.1403845304002364,,6030,6030,0,0,100,0,1,-153.3643105802024 -519.5880618342844;-471.0891109531671 -119.06266735233041;16.64259413852551 -999.853787234706;837.3674783704496 40.27621952752536;-826.9451284472165 451.913432582402;-826.2771124490062 -531.2515911532568;327.65866718418334 -358.1466225164073;-999.8631098634547 -16.524999528262878,True
1000,8,5,LXSSA,382.1086199280253,111983.790580072,0.1403845304002364,,6030,6030,0,0,100,0,1,-78.5222076931373 455.28301946275326;-464.07667358211927 885.7562857509912;382.51003880739825 414.8913641475772;193.89742103413673 48.951764231823226;-79.13912491414524 -657.571759768634;-873.7297470348238 -88.66973779625654;-461.7356619838058 -64.278709111026;736.6971877059245 -201.41038310459163,True
1000,8,6,LXSSA,372.3794633360958,111993.5197366639,0.1403845304002364,,6030,6030,0,0,100,0,1,-431.1766544194831 -838.7160851689518;238.57126445519629 -187.62911205026262;-284.59937267929564 -366.9931427260682;787.2306659901737 -95.77769146808853;-749.651617450961 459.7312668879267;25.715673083820068 355.66976713320156;498.69709391786455 -674.3970614283104;980.1319527916716 193.9484484740831,True
1000,8,7,LXSSA,425.896890758886,111940.0023092411,0.1403845304002364,,6030,6030,0,0,100,0,1,-997.4726088213137 67.74249145360871;752.5006446872334 409.24337789755117;-496.1893839644725 -175.18841501169402;50.28580366318516 818.1869952785228;-331.95921890425177 -618.7393527037917;516.5909154989712 -467.2078708983472;65.1500886602718 -575.2958081316139;-257.94111148312305 612.8651860964023,True
1000,8,8,LXSSA,292.2412792445248,112073.6579207555,0.1403845304002364,,6030,6030,0,0,100,0,1,647.4998030156238 -425.83060942287756;-918.5828512773497 -395.0576675282804;249.45894206597214 252.29488749746588;-359.73146782760267 910.5825607131083;840.3753844962379 204.40025840448698;-81.83116112659638 -232.99442303353078;238.371296412714 -694.9701288406934;-631.5181662790915 317.8767196756339,True
1000,8,9,LXSSA,388.1985651631403,111977.7006348369,0.1403845304002364,,6030,6030,0,0,100,0,1,595.5354804682545 -616.3062619513747;50.83083720073888 272.6564332764825;874.915889171007 483.87514636785596;-509.51073546751377 -175.58507561822384;-210.3067276910417 868.754800087348;878.8769067952271 -329.5821441263011;-889.6863134881421 -247.79572012523164;600.3351747406111 252.24940253508902,True
1000,8,10,LXSSA,307.6274380011164,112058.2717619989,0.1403845304002364,,6030,6030,0,0,100,0,1,-23.60469398739399 -404.5938872309937;603.7059944475563 -87.73483779713776;975.0762511486969 -221.72220148874536;-416.2639865330124 -864.1662893852318;-28.623105730206404 655.501621546472;-776.9059908582686 -379.59579653791917;-771.9908054849647 460.2716105227068;337.69703302027415 941.2540851798421,True
1000,8,11,LXSSA,489.8447982510115,111876.054401749,0.1403845304002364,,6030,6030,0,0,100,0,1,746.8418802937082 622.5676812422224;545.0966501600244 219.51169508016895;254.03468744729145 -48.534234769314175;-408.8670185388038 -405.2645005841671;-269.2651087512518 5.5448353948226226;994.264989734448 -106.31785998005577;102.07881651443844 -352.3226983856158;-834.3122857193831 -433.49243402190854,True
1000,8,12,LXSSA,313.8858370851813,112052.0133629148,0.1403845304002364,,6030,6030,0,0,100,0,1,-68.58256328021763 -500.88616824293075;-89.2380270780603 874.4543507983558;-324.3871460429 252.80451680861177;-931.8767408901173 322.1861358945877;360.2954670747871 88.34921477234103;532.4060477416432 482.32144337584333;-597.43150111578 -471.2005095227741;797.1436388909777 -596.7302440476692,True
1000,8,13,LXSSA,273.794692339914,112092.1045076601,0.1403845304002364,,6030,6030,0,0,100,0,1,72.44112007843857 277.39651745216054;985.2743062296217 -119.62979708696093;-728.9152486742747 674.759710958375;431.48223835786274 -214.79146590348918;-718.9825910161672 -268.90005897344867;-325.83151263052866 -943.2144930875911;-132.60245852878748 -205.31586190774124;681.1729517206362 699.824762119338,True
1000,8,14,LXSSA,324.496304086395,112041.4028959136,0.1403845304002364,,6030,6030,0,0,100,0,1,-54.87843439444099 -666.3705264251531;-403.8659412666753 772.2880935267494;496.45029672340365 -788.5632467693748;-955.7234145758352 -147.4502311986947;731.1734243185116 145.7570858811436;197.6511905449052 -121.20011161825597;-566.6907778650702 262.0741072110521;893.6098656319404 -308.29059812047757,True
1000,8,15,LXSSA,954.1004928071196,111411.7987071929,0.1403845304002364,,6030,6030,0,0,100,0,1,-310.6682957358545 323.37605778549056;-499.6822931196269 -382.0663564874912;202.86276395401308 313.2284041272648;-915.0157378752408 -398.9647089021064;617.1047321581862 667.7439437061254;26.33008914860719 -324.52032375238576;376.8037469640606 870.9802770485918;368.3390485029766 -705.2791966874445,True
1000,8,16,LXSSA,347.0103889806924,112018.8888110193,0.1403845304002364,,6030,6030,0,0,100,0,1,-995.1650291788243 82.45954048364926;-685.0093221957474 -718.6060653439886;-473.6350325545372 -250.74910893167936;350.07404987808195 540.3576308580199;142.77119488303833 989.6518754697917;830.5896277401956 -146.28272109209345;645.8824948560559 -689.0103920421421;-89.8761712508362 504.97659752593654,True
1000,8,17,LXSSA,274.9451552091923,112090.9540447908,0.1403845304002364,,6030,6030,0,0,100,0,1,719.5426614224991 411.15425349584757;-98.18050054306232 -934.3603998312233;-49.48899347355938 894.5547209185482;-720.6503204303202 242.02836561506533;713.8018833139092 -592.3066183685344;-925.4457224087719 -336.36463188160167;480.80723701581024 85.86303007766199;-362.0778073160971 -382.9528069691106,True
1000,8,18,LXSSA,398.6283609516977,111967.2708390483,0.1403845304002364,,6030,6030,0,0,100,0,1,-699.35406560904 310.5768838180771;-193.45134179863945 229.30130934814233;-458.2165090447832 886.0061822059002;246.06558373905114 -68.01745525452651;-927.9220369928527 -372.7392353216898;536.8012085752893 827.0261339387831;517.2082219537688 -508.2188706592421;26.521852893248866 738.8782590212792,True
1000,8,19,LXSSA,402.4979112305009,111963.4012887695,0.1403845304002364,,6030,6030,0,0,100,0,1,141.98121849484022 -877.7136291043039;520.3534592966513 532.2182145173483;-401.5022551807137 795.0849429464569;958.5294172763876 -218.42936107545006;-663.8818860194924 -711.2034023845171;-204.9648858763082 359.410547752534;150.54984298312203 31.041276656952746;521.1451318473895 -617.1422447098236,True
1000,8,20,LXSSA,418.4648079102335,111947.4343920898,0.1403845304002364,,6030,6030,0,0,100,0,1,270.19356342934293 558.2434631081322;-340.40329347169893 176.5793236553053;-788.4569695787243 283.4822987695677;71.2052474726207 154.07415370979044;-330.6191134579916 -787.4091578455559;951.5943124438129 -11.676219765167714;-53.80838989277713 -236.74806541747836;648.5959167280353 474.16962791485713,True
1000,8,21,LXSSA,596.1372605133511,111769.7619394866,0.1403845304002364,,6030,6030,0,0,100,0,1,171.19124581706436 -316.5566883130673;-444.57261571496986 -895.7427249468565;-114.83830349988659 266.88858331715227;185.86655074228588 844.1628065015765;492.9435811781492 -344.2973929715139;955.1647162533511 263.1157994719663;-646.3356247906485 -497.30406573492047;-649.0877921740362 535.2993024945639,True
1000,8,22,LXSSA,340.0717088892416,112025.8274911108,0.1403845304002364,,6030,6030,0,0,100,0,1,-654.051931540478 -460.2011113277805;671.8755194087557 643.1438847513422;314.8192791323998 -572.9942173574282;-46.94292591278496 833.5147378586511;-85.59409466563415 -748.4534660068431;466.5961708380436 -103.6772768762319;-655.0152851748066 678.9355083665786;866.9625185288911 222.6957827501938,True
1000,8,23,LXSSA,310.8686258321686,112055.0305741678,0.1403845304002364,,6030,6030,0,0,100,0,1,382.08281330455947 -915.2180442043667;-412.5769073163423 -788.9632305431095;-941.4747862921117 -200.2626452494441;-52.769954052729624 536.08907085665;806.4748070777949 302.93960463586245;202.14098569203293 -497.34232704789054;-428.56731329580157 865.3830672672289;-802.9249419933257 219.2615184359125,True
1000,8,24,LXSSA,323.8559354245226,112042.0432645755,0.1403845304002364,,6030,6030,0,0,100,0,1,281.74628976726336 555.5282290898068;-762.6866400807395 619.3561529927507;-357.52423487517876 186.75410746582696;809.3371582203242 -345.70880116856335;-85.16565067990653 -870.7235453736255;285.9310786653021 -533.3513263077537;-62.82217148606164 679.160008223621;-768.3204209198575 -274.09537200142415,True
1000,8,25,LXSSA,649.9494672555302,111715.9497327445,0.1403845304002364,,6030,6030,0,0,100,0,1,681.8543666525132 -430.35150152103125;545.0754940106067 6.687507139523828;-602.1701671594257 -507.7188731804184;-162.02935126536246 964.1914601230584;306.09348279188674 926.4980902698779;-748.8960550121135 -112.8922926544445;34.11959237167357 236.68567333256826;38.71260968919136 -557.6467023098953,True
1000,8,26,LXSSA,500.2380365175923,111865.6611634824,0.1403845304002364,,6030,6030,0,0,100,0,1,100.44829877496872 -469.0932902990762;93.07694705175868 649.4494335487732;902.6955192301422 348.6395727581149;-595.461365413601 466.5135516669094;709.1181459633922 -147.6269032574248;286.15517760099505 -63.24893682017323;484.36439319125793 309.61767537348214;-182.22252243606712 -136.20602399341917,True
1000,8,27,LXSSA,316.0597175811999,112049.8394824188,0.1403845304002364,,6030,6030,0,0,100,0,1,911.7088192751469 -403.71609543717767;207.0559366745916 278.2887047451425;-742.9640052924003 626.6634913106374;-340.2760709519163 -276.2875099910298;-489.54584935169044 159.0104471816183;-993.5214654710554 -110.28423478501733;-104.60350004119115 -847.1660878626644;685.7809805558782 490.847276462418,True
1000,8,28,LXSSA,449.2302663437586,111916.6689336562,0.1403845304002364,,6030,6030,0,0,100,0,1,-40.77208168950263 -483.44079409792533;-482.43099963286346 274.9486282497341;172.359071336701 -898.6529862192251;569.7724333736672 50.382374231103505;140.7660315677288 912.8273391423176;-280.75278133352526 -112.2687349383534;-806.583204702181 -226.492719613873;558.8855894772206 -829.2413184192446,True
1000,8,29,LXSSA,721.4848184813891,111644.4143815186,0.1403845304002364,,6030,6030,0,0,100,0,1,796.7875670660947 391.71283804705547;522.2716891128067 639.4048231795774;251.92093029772474 870.8078400129695;-293.7219325437289 -201.89247994938367;-299.78724930142306 597.2440416184605;-3.1852915400557675 272.64649105774487;-618.3788454291443 -181.6352912224061;-327.94236657617284 -884.5677350271985,True
1000,8,30,LXSSA,550.4505452159647,111815.448654784,0.1403845304002364,,6030,6030,0,0,100,0,1,-535.2306385383545 -244.0023519085513;-350.04053952226974 -826.4989336269708;629.7918715594787 776.2860641321741;220.46255877063246 -448.0231705430115;-35.29526588817711 457.2146856681172;838.8424156577042 269.1849675416108;-549.0920749046063 803.9662693732007;-944.8164394192306 -323.4578821047919,True
1000,8,1,PSO,366.4371805060509,111999.462019494,0.0095771107822656,,3030,3030,0,0,100,0,1,-728.844599809637 -599.6992369686637;144.66219064994553 -257.2805623529529;-952.1075978026569 108.30230664469505;170.22192514316043 894.956581880855;-431.09282433413523 611.151917596325;-18.132775604706495 -803.6282528067527;590.398263834331 495.8554531000864;819.1522506840325 -380.1691679609547,True
1000,8,2,PSO,747.7937670742249,111618.1054329258,0.0095771107822656,,3030,3030,0,0,100,0,1,521.3861115792728 -606.6168900213668;882.4712580458561 -463.8256138094089;578.0482479857202 115.86927457271628;-323.2403944637054 473.46032703616754;-877.549191747935 355.9643304966281;-84.87570027793495 -407.43371976594614;149.44667044449233 499.0318938956855;-505.07669182279926 53.580390162850705,True
1000,8,3,PSO,557.6515908792935,111808.2476091207,0.0095771107822656,,3030,3030,0,0,100,0,1,-161.27601720562626 201.51582216230125;795.6235947247567 -424.74078629104093;-542.3605953755776 -289.46204225768275;249.61690686639437 -238.7805944110194;282.60851498341583 727.3562348079399;-980.4522783234823 -102.80224351771028;797.6513661850734 464.1280923131233;-158.67236172262187 -790.1300680075572,True
1000,8,4,PSO,390.756981334489,111975.1422186655,0.0095771107822656,,3030,3030,0,0,100,0,1,-965.2900438914171 194.50704898527368;-378.99598123118653 915.7236825317968;181.07424350825832 -59.15646213973537;436.8101575150587 278.0942216771918;193.01449185801198 847.0722461441748;-357.2150905291707 -602.0166796603577;-621.9369307591197 352.7652516706012;676.861260341309 -653.8767952937998,True
1000,8,5,PSO,907.85467698313,111458.0445230169,0.0095771107822656,,3030,3030,0,0,100,0,1,547.6184886967127 204.83377375286975;384.88640682090966 696.3988236884644;830.9800154327219 -166.1768887105657;-154.6904008329493 882.1255756509443;-534.9134822376776 526.6752035981128;358.8179179194538 -178.49694684162864;-403.80551820533 175.38087168317202;-687.4230269412519 -373.5440159928392,True
1000,8,6,PSO,948.5383851460792,111417.3608148539,0.0095771107822656,,3030,3030,0,0,100,0,1,-50.35409585868169 989.558793468409;672.7647282532008 -190.74092993940803;-623.4392481264927 22.083549811035937;-115.28757279882632 367.3732703628573;-371.8048445484266 -638.594757113366;434.57735896276415 -711.280161438741;-835.0770895780726 -535.4878886243566;-302.1223406254395 -4.558766310221017,True
1000,8,7,PSO,539.5063975799276,111826.3928024201,0.0095771107822656,,3030,3030,0,0,100,0,1,263.0625688584586 -132.03469596895107;-230.48966954952473 -349.3655021769715;-422.92439573562996 86.24368757248415;426.9926306003851 -653.7398494859409;973.8575513122303 14.477463511945487;-569.8223876139073 -232.37727534742254;-944.5566286264138 28.21295694400843;745.8210711313471 -619.2502550162286,True
1000,8,8,PSO,626.933138896231,111738.9660611038,0.0095771107822656,,3030,3030,0,0,100,0,1,-152.16250093282758 385.56727589317285;819.6985454533327 -0.5928855499480457;97.8568134529271 140.5443398712483;-473.8832870784692 -719.5426447230711;419.0105448171292 83.72835022269506;601.1849765609616 -346.08617264922157;420.10767866746227 -703.8563984799326;-391.1308062099113 664.7091777429928,True
1000,8,9,PSO,1069.64648586257,111296.2527141374,0.0095771107822656,,3030,3030,0,0,100,0,1,301.3996990634749 77.20493318375384;784.0802401645435 472.9256359686659;455.75016828348413 587.6322544764012;239.26939419754 -885.0794061628753;-446.0275174922522 -483.26319684516943;-223.60276469755172 391.1285621688516;713.1294100349094 -148.041520694829;-631.7002244163116 -40.297980891573104,True
1000,8,10,PSO,470.3575527448702,111895.5416472551,0.0095771107822656,,3030,3030,0,0,100,0,1,852.0517827423403 -465.31244799976474;-664.4960871048048 619.6610061887342;674.1838791733378 138.21307991753918;-347.86611757200245 736.1096172141513;-654.9689705388378 -648.1128554760791;482.9574558951218 -528.0022088304388;460.6620149238493 624.6653965252933;-89.22285492761648 419.869257499445,True
1000,8,11,PSO,493.6079439251189,111872.2912560749,0.0095771107822656,,3030,3030,0,0,100,0,1,960.015329561384 147.32974039640615;-135.35996540766442 316.08570494553646;834.2252772434681 530.1686436034005;-495.37594579861917 -486.8122039414108;429.56627464722527 734.7437466788887;-983.4308428885539 -98.20411009270609;-305.15113652674097 786.8237029168739;439.6624199026992 -487.13345240188005,True
1000,8,12,PSO,647.2337817376392,111718.6654182624,0.0095771107822656,,3030,3030,0,0,100,0,1,830.6892715599638 -346.437555889654;358.8209367767408 588.9706609095941;-246.6617501101286 -927.8500663001039;-491.44278331104266 -8.749042744420468;896.0643201479454 303.10877385958895;-269.8531706508613 860.3522118520326;-878.1212576832678 9.27465379203198;231.1432042894706 -909.8142043372433,True
1000,8,13,PSO,521.5375753665139,111844.3616246335,0.0095771107822656,,3030,3030,0,0,100,0,1,-80.60468780449531 -850.0469947967921;591.7730577887141 84.71390702765859;-395.6637092076168 -829.3613070884252;279.35402110191615 -198.8445057887917;-412.67624125959316 377.6635858186728;917.457281365969 28.241383566533216;7.625107729407157 839.5619971179926;-719.8117015659668 -303.71577169703255,True
1000,8,14,PSO,700.1022544159641,111665.796945584,0.0095771107822656,,3030,3030,0,0,100,0,1,511.72453299317726 -531.2709817769879;193.10966112625397 -46.0647170146879;-122.44206002128735 69.63041626187973;-523.0215145156506 418.7847084328519;-643.3214619125756 90.16937894308413;34.842273230463434 400.85994074955795;802.1254873343025 -200.03295108446775;-336.99292246535555 -187.29392628078108,True
1000,8,15,PSO,768.3500638101395,111597.5491361899,0.0095771107822656,,3030,3030,0,0,100,0,1,560.0462736259308 -142.66823741837314;46.124014937520656 -686.9395530051585;549.8032671392455 802.7876792615685;-618.7086228504506 644.6347144261733;281.3268851399388 169.04681957239035;70.3832291448083 474.301111301305;-452.2893175069188 210.27157033582318;-154.44152867222218 853.9695572658635,True
1000,8,16,PSO,643.7538295006088,111722.1453704994,0.0095771107822656,,3030,3030,0,0,100,0,1,-83.79401725559671 -739.3079963106588;-431.3101001284806 -719.4695890375185;780.2611375633795 339.47880198780354;120.04392105063539 426.2700403197759;-785.9285994863935 -393.97561771565245;-415.35264410790296 468.95415955930207;-109.66063566982547 806.338847142658;457.90439054236145 -389.55840149900075,True
1000,8,17,PSO,1001.452263684754,111364.4469363152,0.0095771107822656,,3030,3030,0,0,100,0,1,-719.3220954735126 686.9101567164485;-344.75076474445126 21.195623701034435;377.97519186927957 70.39279297061012;4.339078021945284 873.9216069122858;-628.7679159651163 -411.43121544032124;-929.6807217494166 -324.49006934773695;613.0448868815815 582.549860508306;-48.99988910251335 -942.3466909174257,True
1000,8,18,PSO,506.8612539401074,111859.0379460599,0.0095771107822656,,3030,3030,0,0,100,0,1,277.29073510430055 -946.1828957781008;-486.17041865888507 567.267914622198;910.0483810373053 -82.33225721658187;561.7882356503651 682.892652444208;-987.244592758376 -71.74857147489024;-640.9988495993631 50.419177694075756;-108.08738340156549 239.59633512855703;539.1387402249228 -717.9492073071513,True
1000,8,19,PSO,538.567812857611,111827.3313871424,0.0095771107822656,,3030,3030,0,0,100,0,1,964.0032994375057 -22.577864273694438;-287.8181600461 755.0910248835291;-971.6898316262989 39.070786856649306;-466.66962840826096 -795.7744159454818;651.8093330240027 -330.8223925560464;-465.9509831440398 95.23900632118709;173.03859424207835 -343.13760749174384;-793.1897631786302 445.05691595392517,True
1000,8,20,PSO,457.7073947516765,111908.1918052483,0.0095771107822656,,3030,3030,0,0,100,0,1,766.6257629443855 -424.7508527249032;54.826709586984634 -962.4368328665234;-292.3671164518481 -914.4924206799601;374.3182484924993 697.6062188979225;-976.9655877682684 91.19881043702847;2.4501482873452964 679.2652425570093;760.7134027826895 498.450974538754;-684.2174804682628 632.4864056244277,True
1000,8,21,PSO,596.5429187932896,111769.3562812067,0.0095771107822656,,3030,3030,0,0,100,0,1,18.370185582443355 338.83122454510254;-528.5469586951506 -298.9405726894564;832.3347070977132 131.646171760088;-257.8079090021275 -651.1235986418523;-9.020537520277458 -871.4899016410225;287.15102175432673 622.2918717360816;-771.1420086356304 442.4674939687044;656.2682514776648 -433.97003700139356,True
1000,8,22,PSO,481.6831677999435,111884.2160322001,0.0095771107822656,,3030,3030,0,0,100,0,1,491.63418397483576 216.85077913978412;-878.7675267240605 188.13019107752416;650.756052480112 601.3025121040697;115.81078642949728 -660.4631109976341;-380.6258765289033 -853.4759475309356;-666.841462843963 -173.3719803821637;664.8101027964897 -375.97790551955524;115.9601957388852 674.0242539027938,True
1000,8,23,PSO,459.4051881394116,111906.4940118606,0.0095771107822656,,3030,3030,0,0,100,0,1,-952.5035553471987 9.067929001519332;258.7904268119831 -254.44531613896203;-370.7541223757906 -736.7964824892562;820.4438265158633 303.7311546039656;654.8248424767888 744.0653426527449;455.98748946687255 4.771482757443216;-8.39974295293516 684.8125657503415;-746.029022172342 -285.8412082434696,True
1000,8,24,PSO,746.4369602045626,111619.4622397954,0.0095771107822656,,3030,3030,0,0,100,0,1,-135.29859565372826 461.3181674585334;843.9772965824052 -22.91165847958341;-611.6739096361625 -664.3042555557411;15.09016072536291 839.3084818760047;-396.4698300075189 -96.71327525591289;224.51699978570707 400.3454120093057;-409.1519466134782 859.3772579810022;255.3483740160811 -853.7887404325643,True
1000,8,25,PSO,454.9358189898194,111910.9633810102,0.0095771107822656,,3030,3030,0,0,100,0,1,970.1200690677831 -240.76995552106445;-933.9607617483181 -91.11530909415043;566.9477677088851 -520.1362363058726;-678.7496581838451 407.224675003214;117.59975922565054 -723.8600046098333;-455.8799103495495 735.4069038695495;-97.7835350982908 -280.92833121104684;299.3210072893567 -84.06724643530661,True
1000,8,26,PSO,548.0841552506317,111817.8150447494,0.0095771107822656,,3030,3030,0,0,100,0,1,-939.2015538183792 -144.48677453712799;128.93084553228175 898.4047499138969;146.5213777476222 -540.5372086428952;-669.5854610640096 394.29943518970805;-756.0676133458971 -567.8950529402987;424.8946524584798 480.354775982044;944.385311765413 111.32396035162219;-199.62186383848683 39.31702702057919,True
1000,8,27,PSO,436.9675152410491,111928.931684759,0.0095771107822656,,3030,3030,0,0,100,0,1,-60.25615562569778 -996.2712533310636;217.57997770916018 -645.9117399170341;692.6770478809423 -606.604963373966;181.64853946967935 938.6135978909479;-878.4555956792634 -55.038276986934164;876.4373330542737 -133.6416302243482;-438.36030846156507 289.5956347309917;700.3270287126272 498.3032191399431,True
1000,8,28,PSO,744.981989209613,111620.9172107904,0.0095771107822656,,3030,3030,0,0,100,0,1,-667.7543420317886 385.7046919217137;-776.6258975601611 -596.5568802371135;-223.00716328253395 360.94082122670386;176.86114413986712 -782.4555347667633;-452.34960263250116 64.98417567379175;395.21638400452844 699.6439569712636;863.7039475837593 -266.3720325574925;607.7919778828624 348.11729231087315,True
1000,8,29,PSO,809.4425115469057,111556.4566884531,0.0095771107822656,,3030,3030,0,0,100,0,1,502.79274429037224 -578.8800469968406;-377.1165614603639 726.6534662457542;-382.79459383358073 -61.49128812033133;-723.9372393783167 432.8830158298819;-734.0870559022561 -612.2450466788382;729.3760537909485 613.9370516893364;113.80509846284609 -985.7109475563492;381.82414289830234 681.9106458691691,True
1000,8,30,PSO,463.4216756526876,111902.4775243473,0.0095771107822656,,3030,3030,0,0,100,0,1,166.71805409035915 579.0171490947565;52.0298215193422 249.94010028248837;682.4648003002068 32.82767151361709;906.8209248714753 414.73740983347216;-403.9292983773984 -817.7328335900036;-857.6515567960128 -4.6551670818354784;-689.2555219455002 307.00968685424385;457.00979933854825 -454.7522647575073,True
1000,8,1,SSA,643.0023708835215,111722.8968291165,0.0129494294524192,,3030,3030,0,0,100,0,1,-68.48999719669025 597.8374237312626;-161.8760071362986 -69.71468835677278;795.477193559932 -602.2737589772241;-840.862547282101 513.6975392256489;439.1195219582592 688.0961719868783;123.4316759332726 961.5513746901876;-370.6428266836569 -308.39123750885204;974.9212035140843 -219.5841625168081,True
1000,8,2,SSA,387.250821875743,111978.6483781243,0.0129494294524192,,3030,3030,0,0,100,0,1,-410.2076090181244 101.31877768798081;-50.976983333176555 -521.0844288376484;676.3566213526963 418.36391503995173;674.4595584651164 -553.6766041989608;906.1584557504785 67.63861178434664;-754.1240982339629 478.537824311338;-73.16118030880513 738.0354325334283;277.1988109696271 621.762018800239,True
1000,8,3,SSA,355.1539447040268,112010.745255296,0.0129494294524192,,3030,3030,0,0,100,0,1,155.86573321456092 -643.9536695462153;-358.3137898848091 -577.8266993015751;-357.5446079681716 193.58982585831177;153.75717965626436 462.50255659425636;728.338703745463 -561.092838476651;-762.252237467079 -646.932426006537;446.78208198959675 -98.07316613962321;-771.7264438212862 332.68306082853684,True
1000,8,4,SSA,496.4575897244649,111869.4416102755,0.0129494294524192,,3030,3030,0,0,100,0,1,-270.273757348171 470.0725536367689;-998.676417369388 30.834779100465315;-589.9425051813428 750.6798107830621;-864.4254852800366 423.48518396336715;-604.70717236766 -382.4940221025414;8.983773764563503 -188.49994025561696;168.7906149791769 167.41191873068743;395.1814141458108 -716.55436837224,True
1000,8,5,SSA,411.4590945832169,111954.4401054168,0.0129494294524192,,3030,3030,0,0,100,0,1,248.60727577957033 -170.29131540426735;540.9900628075482 783.1702103149449;-80.66510934831354 -394.3732834387264;512.0426126055175 -858.5952339784077;813.1097883598624 -180.91848043317077;-819.5123680599045 -324.5840960807855;-402.1400499167369 -32.2709668187747;-79.49542176082153 401.8760134479084,True
1000,8,6,SSA,1331.210813269034,111034.688386731,0.0129494294524192,,3030,3030,0,0,100,0,1,-616.8439497418098 562.0503897608907;-85.14014335216656 137.13923648814043;-30.938803260121603 818.2828567047519;282.24038910337174 375.1678022026879;-204.4876402835375 -488.62004485937524;420.4896706639842 846.0996766974998;635.7300181769485 6.669749458880212;282.9780414570407 -727.8026849234561,True
1000,8,7,SSA,285.6112973089184,112080.2879026911,0.0129494294524192,,3030,3030,0,0,100,0,1,-875.8154749859325 -289.60948270632093;651.8168948364072 581.0285477271165;677.0657478503153 -725.9546676807386;-660.8271121283457 205.16853473992455;-378.32172141662176 855.9475297917515;923.685023113881 -87.52319931330116;9.198126088714785 -486.82304658702463;257.49296022844203 -0.5348709042398855,True
1000,8,8,SSA,465.9039389607351,111899.9952610393,0.0129494294524192,,3030,3030,0,0,100,0,1,273.7875171647355 785.0576683922623;-355.3125904337605 -442.49798845091004;-936.9025066920842 -40.771105928069304;263.7021339638554 -83.68749936533312;-146.03927277767588 637.6423530733615;-639.620099454843 650.9616698460443;916.0060418561706 -45.06469776362493;594.6215587091668 -107.12870068600387,True
1000,8,9,SSA,491.4292208732222,111874.4699791268,0.0129494294524192,,3030,3030,0,0,100,0,1,647.990491823284 469.01182910971994;-241.9292328015331 716.517543249403;186.65933908252083 -358.04856425311954;-940.5579124162175 306.920999337547;-12.040245217296 314.2710373504983;336.9573092444321 -51.708353859924756;-631.8489297244514 -421.30218428666956;-639.4088083737781 414.3252577929405,True
1000,8,10,SSA,352.8451572513295,112013.0540427487,0.0129494294524192,,3030,3030,0,0,100,0,1,355.4379263360318 706.7676212092762;-48.15670981760087 -329.0194911097239;185.3066010270355 112.39725162180419;966.6252335172177 96.40845906413382;-415.04013548872365 709.8078793400379;-202.743663403424 149.4007180380123;728.7560628824858 -496.3321052064279;-757.4877279299917 -622.6845334964605,True
1000,8,11,SSA,313.5156877140544,112052.383512286,0.0129494294524192,,3030,3030,0,0,100,0,1,879.8222679122593 -2.2239376845581695;718.4827859709346 519.092237905237;-29.27428069209161 -383.1288933171947;-929.312226229975 295.0978890807184;491.37452843492105 -321.5271451703935;-360.9044897830303 -808.9853853011126;246.63859494351354 615.875868155811;-661.1776764502793 -237.2123934735132,True
1000,8,12,SSA,339.4421414505341,112026.4570585495,0.0129494294524192,,3030,3030,0,0,100,0,1,-495.52859672810035 242.32668503068678;-285.08895169472623 709.0257370776776;893.1263542538888 5.730065316685412;511.06371826232737 -418.1215545423603;-307.65256887836597 -452.53588285331944;200.28276291976977 801.6963097274875;734.6792430653727 428.7963982509479;167.9968682429119 -921.219029537147,True
1000,8,13,SSA,218.9921146022825,112146.9070853977,0.0129494294524192,,3030,3030,0,0,100,0,1,676.2805791106908 456.2134126193048;425.15059267869543 -531.5259582285413;908.2275051507341 -418.4753293596962;-9.19589332563185 938.3008069893314;-756.9163813278434 613.9362810790262;-744.1043329729384 -625.5941027936992;5.9318211082536285 -181.82144881683007;-959.4629331512722 152.26402409655373,True
1000,8,14,SSA,370.7724971838034,111995.1267028162,0.0129494294524192,,3030,3030,0,0,100,0,1,488.8331469597499 -637.8343205437399;453.4764561396586 722.0741364859339;2.590728102274301 823.2302365811805;-822.8585243370416 568.0039776343882;-207.95809128474286 51.70201923139681;-517.1976706684537 -438.81722635768585;17.74609158273665 -477.43950219005643;221.17067854889345 272.62656758830394,True
1000,8,15,SSA,376.9128631985659,111988.9863368014,0.0129494294524192,,3030,3030,0,0,100,0,1,666.0323965839278 -686.6636263124004;-309.2776149297871 444.19171807831975;461.6537671757134 102.21714817505084;-541.2274243643641 90.49460078872666;105.18236610907263 722.7966516312915;-314.1524528291221 -722.5771153685292;-827.9097251278281 -535.6674087720371;-120.42463880230382 -3.0437427481409562,True
1000,8,16,SSA,328.9480099736829,112036.9511900263,0.0129494294524192,,3030,3030,0,0,100,0,1,511.18158618522403 -310.4908934389973;-663.5191290073163 -676.2169653235329;-149.08217098299951 547.3532434626667;195.7992592328579 484.40966432415377;-156.03810512080994 -725.1175925679001;894.4675680333077 -225.8145626960274;-680.9023931191069 415.6736802515351;-344.0444382051506 -186.01084914368928,True
1000,8,17,SSA,389.3079914552072,111976.5912085448,0.0129494294524192,,3030,3030,0,0,100,0,1,-307.55865060267433 -385.61551576748695;103.82740883209827 338.3344958155359;-670.1257125864736 -42.92667385495567;909.9938107181888 -258.8239659731427;-106.11139080235611 22.97432455109722;-835.1234522172687 517.1809379371617;693.7773427872401 535.1357656177732;358.0508078786212 -640.6209440828095,True
1000,8,18,SSA,440.853515605515,111925.0456843945,0.0129494294524192,,3030,3030,0,0,100,0,1,196.65198924376378 -295.91998520371556;-805.2840847094911 -366.25784542577094;-251.13848934660487 677.9742609587225;-246.01457644956315 -681.9583236316519;685.9398682004634 -78.65670650648866;65.83086677577657 78.77102311220544;474.242630627025 -846.1426634613646;-593.4222101960125 268.12184067076254,True
1000,8,19,SSA,353.6108998583659,112012.2883001416,0.0129494294524192,,3030,3030,0,0,100,0,1,237.92512118387114 -789.4495851527374;-131.40549330620456 -849.6262196303898;634.6221590339371 -88.94643476920432;-140.10285562626953 688.6135036937256;895.9112632466254 400.95632993858624;887.009931548072 -461.4248168914543;-750.1667396633451 501.1611632120652;395.98597706621575 812.375462008811,True
1000,8,20,SSA,483.3843835645384,111882.5148164355,0.0129494294524192,,3030,3030,0,0,100,0,1,267.9937762783808 -208.48778965455347;-343.9229505346871 -755.666724531158;-535.4782995772948 -286.5260252318895;-375.3453743702093 896.237153485335;534.9607049727002 764.5098265687609;-104.80043921313504 178.6014220459805;854.8957376053643 373.80381176673257;266.1589804516632 522.1632248133135,True
1000,8,21,SSA,411.9749753162178,111953.9242246838,0.0129494294524192,,3030,3030,0,0,100,0,1,160.3209281217816 495.26411330064064;-414.6783515111876 517.8769606806021;-135.8541576405721 -155.57664657087466;358.47332080632697 35.494241272045315;-740.6583526949468 -601.4952102958736;-741.3433141072601 280.3611236447423;753.3078450237455 -650.4323066399073;-933.2911239944448 -208.8802639696693,True
1000,8,22,SSA,593.0994878101483,111772.7997121898,0.0129494294524192,,3030,3030,0,0,100,0,1,276.6780483368634 -376.93991806049854;-19.56526816888262 585.4475726501621;3.1909594137431165 -808.5339914165744;486.84494775927647 -59.2838900205589;852.8284794916511 -87.84762173613022;-501.2204218390702 -754.7010996399528;-264.96370902783735 -397.60055959276605;481.77811987026473 790.1926283762401,True
1000,8,23,SSA,524.4218418749952,111841.477358125,0.0129494294524192,,3030,3030,0,0,100,0,1,-864.27455223464 -403.5220833859596;863.3034639841294 -272.83885107361795;659.9917223839861 -734.0303957254921;170.21622549849582 966.4967957019011;-344.8656245051928 -210.11728102537964;-610.9225481592218 763.820989678681;179.4345600642398 -473.6788278157988;863.4234589123494 449.1507532268506,True
1000,8,24,SSA,600.6551557578641,111765.2440442421,0.0129494294524192,,3030,3030,0,0,100,0,1,133.23588183531982 -334.599566140176;-287.1438017863317 -485.4469583441175;-611.9753674450475 -543.1380009865011;-119.2902963918848 654.3818235324864;637.6734508720555 -530.9422929781725;234.97875516311436 958.2050437439955;963.2396245540298 -135.2786170879727;-606.4058537986804 274.5354220943057,True
1000,8,25,SSA,337.7209263145778,112028.1782736854,0.0129494294524192,,3030,3030,0,0,100,0,1,-402.44086352230585 -853.3387444988915;-177.74389781908258 -46.164908160212725;857.5371760630285 -450.7209769433961;20.125559622622557 377.73405553621825;366.58405654517327 -876.0919800312246;-760.7480593768953 -235.18466837550156;658.5341915179363 177.82473263637235;-416.9059517957353 314.61335208402096,True
1000,8,26,SSA,820.3072831348254,111545.5919168652,0.0129494294524192,,3030,3030,0,0,100,0,1,-436.6800380983004 -97.15684476382448;380.7298345537358 -924.6862804743512;-770.1833072306424 624.0430725165749;63.57459772702715 404.91653717571046;837.5209830491114 355.61071087229857;383.53380767978314 -263.51256325640543;-272.1589734565335 374.6430387374079;779.6660666801822 -578.5130678443962,True
1000,8,27,SSA,397.1806615622918,111968.7185384377,0.0129494294524192,,3030,3030,0,0,100,0,1,-152.655051541236 119.3535475544204;714.0328592442319 296.0661999124237;408.69863332338844 -787.9096901006681;-867.2823512054655 -0.15083527507489713;-612.6187131020196 -301.8017231159564;-417.7320521444998 -878.8252537005436;-419.92006407076246 426.2569435420159;32.452358044467886 619.0229250246127,True
1000,8,28,SSA,738.9387957136059,111626.9604042864,0.0129494294524192,,3030,3030,0,0,100,0,1,-761.3213715190091 -386.6819308408129;406.89367024400167 -62.197373856145816;712.8992305880771 24.138684739609186;-33.02662303372503 -330.4900356085447;-867.2737453469706 -84.82344496321174;-202.40208214847715 238.43790591717573;-362.4251814130459 -171.5534004161159;-363.57551039119994 -890.5232859457858,True
1000,8,29,SSA,264.3383820672752,112101.5608179327,0.0129494294524192,,3030,3030,0,0,100,0,1,-809.8377919414796 -370.3755344650433;80.48880981794993 -611.0945823157739;-310.24836243239065 752.3087830932806;-973.1107393207392 -0.9069711200660922;249.81456583326832 -223.58344911811585;583.831026971652 -757.2893957650132;966.5634187537901 -91.8228418428287;536.8434590438387 825.0841142357933,True
1000,8,30,SSA,868.3556892773049,111497.5435107227,0.0129494294524192,,3030,3030,0,0,100,0,1,-530.2870143571647 -791.3067760326951;-865.5214362726427 -481.6756392319217;-663.2057148568337 268.3112026186096;-103.93575139434667 -816.0813008919564;-491.8069627075463 603.4321916641994;876.2293599008566 256.86860422255126;222.6724901264814 -394.4981533729473;-265.9913601067666 -252.19146173832712,True
500,4,1,DE,381.2960153670974,28880.21756337157,0.0118410410980383,,3030,3030,0,0,100,0,2,-136.81826862229036 451.90177200874007;-349.1901273041909 67.01505751976958;154.10113244049583 -110.04375108274361;-91.76071585998565 -456.051185242033,True
500,4,2,DE,312.5878923032615,28948.92568643541,0.0118410410980383,,3030,3030,0,0,100,0,2,-168.2324236633864 419.98757695198583;53.85305868150766 -419.39612621151593;-381.74810574666674 1.7582132145700768;409.2547575072999 209.2177156165938,True
500,4,3,DE,441.505046827031,28820.00853191164,0.0118410410980383,,3030,3030,0,0,100,0,2,-50.214737602126604 307.87310074356753;351.4483866279904 184.4818286556337;23.235098375454555 -448.5286970433257;244.0504487450154 -126.50236622165065,True
500,4,4,DE,301.0807467893064,28960.43283194937,0.0118410410980383,,3030,3030,0,0,100,0,2,-19.069641648195812 464.45097616853525;-107.56589588784672 -429.92674731664897;96.51415688005791 -194.63503752786568;274.305692258671 113.26224327609339,True
500,4,5,DE,256.5772541225997,29004.93632461607,0.0118410410980383,,3030,3030,0,0,100,0,2,203.2243086270121 -381.05232340151633;76.29264852682762 449.30644480119656;-431.7310903070629 -191.37162242831613;273.3163157700674 -4.346879425985044,True
500,4,6,DE,357.7805788968217,28903.73299984185,0.0118410410980383,,3030,3030,0,0,100,0,2,283.76578676896594 -138.09473730989652;-2.624358361410536 51.540804332433396;81.79071716177967 457.9411927578249;1.1550053883560025 -447.6341333775839,True
500,4,7,DE,478.3145531710616,28783.19902556761,0.0118410410980383,,3030,3030,0,0,100,0,2,-204.24083159195234 -429.2539921986207;-313.61530287100595 -113.35256235420641;467.5486358077345 -172.01997856950072;33.41762668228526 436.1301681358149,True
500,4,8,DE,400.559002996928,28860.95457574174,0.0118410410980383,,3030,3030,0,0,100,0,2,304.2163479398317 363.4873529410231;34.575350118881175 -455.44075299253643;75.51449227313097 89.12109308799432;-269.2514438849994 -346.24355400971956,True
500,4,9,DE,482.7501539848054,28778.76342475386,0.0118410410980383,,3030,3030,0,0,100,0,2,293.18212646927407 123.09773298578358;-62.56936576252522 410.5994192258119;-414.91791245514526 -91.73856603992283;81.95858973699444 -421.48647995100566,True
500,4,10,DE,413.4892210309299,28848.02435770774,0.0118410410980383,,3030,3030,0,0,100,0,2,385.11385670358237 -217.41134494398875;-192.4180868090827 60.38135659057255;-176.11068006322668 -445.0212493469451;-12.161473197797918 462.4328834741798,True
500,4,11,DE,225.3683494464749,29036.1452292922,0.0118410410980383,,3030,3030,0,0,100,0,2,424.67671838393125 217.62083263925902;47.19333329997937 -437.069402008049;-280.8160664676464 407.9950438758724;-257.70815581785075 -180.25684082275703,True
500,4,12,DE,260.9723406846606,29000.54123805401,0.0118410410980383,,3030,3030,0,0,100,0,2,-375.60863485714816 -99.25632637964526;453.26546932546097 122.76016267640809;199.3037604798113 -436.1524803710482;-274.80276313722436 403.10108825673785,True
500,4,13,DE,246.2491017059474,29015.26447703272,0.0118410410980383,,3030,3030,0,0,100,0,2,-41.34717489354115 -104.002577547394;113.82689182690761 166.38092488386525;120.34205273873394 480.68588437750793;-74.86565232342438 -467.8349287147211,True
500,4,14,DE,430.2679800800142,28831.24559865866,0.0118410410980383,,3030,3030,0,0,100,0,2,192.7760895734774 -456.00290634471077;-73.94329426046892 66.56480851062906;225.13551324436358 -74.51522724266486;171.03315364042055 417.32452952536664,True
500,4,15,DE,396.8337762936135,28864.67980244505,0.0118410410980383,,3030,3030,0,0,100,0,2,490.5664481306795 22.03520599579643;-330.861384867056 69.96950676204861;-113.64755531805059 472.23005067078714;108.55535038246794 -399.1684575397078,True
500,4,16,DE,348.7058545056461,28912.80772423303,0.0118410410980383,,3030,3030,0,0,100,0,2,-115.49277099206557 -214.50087087905348;191.0127947082156 -423.9558351336842;32.307726612957765 446.4174425237116;2.069073894978345 74.23839380517515,True
500,4,17,DE,313.4281624725008,28948.08541626617,0.0118410410980383,,3030,3030,0,0,100,0,2,-342.6084642972954 39.170389960234445;-65.52546545821484 410.40231126363096;394.71654037851715 41.21049336962072;21.589157986820908 -345.2277965455388,True
500,4,18,DE,367.5846054039539,28893.92897333472,0.0118410410980383,,3030,3030,0,0,100,0,2,129.69673642623314 -306.20889588245336;433.55453337660845 96.47314010688834;-25.6153370002597 414.2228713762238;-459.60660499403934 -138.42624364764956,True
500,4,19,DE,458.5017051421783,28803.01187359649,0.0118410410980383,,3030,3030,0,0,100,0,2,-161.82413536843677 395.6059103586131;-210.23705895301168 -429.4299496792017;-5.708758375508637 -151.2336950004746;-496.23563420734155 43.70445847408979,True
500,4,20,DE,361.5120972316472,28900.00148150702,0.0118410410980383,,3030,3030,0,0,100,0,2,-173.1356968506359 82.13928528672324;-364.32216397823817 -233.5489153992459;240.39053654495683 -429.8426805166104;-22.021358283565647 484.41269668328994,True
500,4,21,DE,494.4998048468733,28767.0137738918,0.0118410410980383,,3030,3030,0,0,100,0,2,85.25432275539347 116.89628600362886;-48.66886445812344 487.0053501991394;144.0818889453961 -347.7430971975071;-415.58319120622195 -180.29150105998025,True
500,4,22,DE,420.6867865289787,28840.82679220969,0.0118410410980383,,3030,3030,0,0,100,0,2,88.89892503518486 441.11153781510353;-111.07019066505592 -476.7853194134618;359.25237501353354 -123.78541227966875;-219.44971314261122 53.87916318592576,True
500,4,23,DE,298.4965531376547,28963.01702560102,0.0118410410980383,,3030,3030,0,0,100,0,2,-211.80505597113745 417.48761279104554;-258.00316027687546 90.48700195370766;20.75841558592586 -498.3462211530782;-289.0980486068041 -239.08489826991888,True
500,4,24,DE,265.7952649071522,28995.71831383152,0.0118410410980383,,3030,3030,0,0,100,0,2,-432.3074674020256 222.3455068029254;-53.639706080394774 -469.9486599140872;373.0518525568857 13.200820230212344;234.65763525163422 427.42182369927866,True
500,4,25,DE,441.8125134119691,28819.7010653267,0.0118410410980383,,3030,3030,0,0,100,0,2,52.24668330849781 -473.82185668680853;314.9380816462358 -178.81502918144815;173.2317599238283 433.74871516339476;-259.41890453958 215.11054474941795,True
500,4,26,DE,439.4305100344864,28822.08306870419,0.0118410410980383,,3030,3030,0,0,100,0,2,353.1459504613244 319.38941506723995;300.43396488009927 -66.38717138325296;-292.7263154348296 369.1327927979746;-93.34491138752807 -486.1945774466525,True
500,4,27,DE,252.5028925666884,29009.01068617198,0.0118410410980383,,3030,3030,0,0,100,0,2,-249.8547714307192 163.28096977113086;-18.39054756733394 492.890884952753;-446.26310338068936 -202.93373968607312;284.88927745755 -201.58245356300125,True
500,4,28,DE,298.1271221973184,28963.38645654136,0.0118410410980383,,3030,3030,0,0,100,0,2,-142.92664687573142 467.0649854779617;-50.33068216775918 -434.6337131070976;145.03753176189014 -154.26037587570406;422.26292303358116 218.29695321246726,True
500,4,29,DE,300.8852191762089,28960.62835956246,0.0118410410980383,,3030,3030,0,0,100,0,2,-490.89482253532435 -40.59281128054576;433.42373707852363 -136.53471531124035;188.96369093953084 -427.54495546149974;-131.781515495903 445.11436252500386,True
500,4,30,DE,482.1739109454029,28779.33966779327,0.0118410410980383,,3030,3030,0,0,100,0,2,385.11691583468826 -278.51186199711793;-444.1407653498475 -47.49852906017554;-39.98077142160156 -410.3102243090242;-103.13752683485211 459.3115790386073,True
500,4,1,LXSSA,244.5995956886982,29016.91398304997,0.1442629136145115,,6030,6030,0,0,100,0,2,334.1130066247766 -183.54711417130403;115.89479963559432 -486.1487441681027;-57.19839094440938 486.8111936833098;-126.15063223897435 154.28361507813005,True
500,4,2,LXSSA,319.4539040995223,28942.05967463915,0.1442629136145115,,6030,6030,0,0,100,0,2,212.6280845916027 452.0996950855294;-428.7725330923042 234.32472947457606;5.223835816715205 -499.9602351558186;-449.25337134981953 -197.32434727289385,True
500,4,3,LXSSA,211.8044651825257,29049.70911355614,0.1442629136145115,,6030,6030,0,0,100,0,2,-356.41446356548744 7.6272973631616825;-316.42554726270004 387.1366516270057;376.24531354818 200.63008210928996;198.65204985616904 -319.7658357253254,True
500,4,4,LXSSA,293.8804828767388,28967.63309586193,0.1442629136145115,,6030,6030,0,0,100,0,2,-248.74800431722747 -398.80280755786134;-251.84036258289888 346.9502383491181;478.40987210801643 145.34090029359035;-272.24149699295276 -50.58660367659319,True
500,4,5,LXSSA,111.5947670168935,29149.91881172178,0.1442629136145115,,6030,6030,0,0,100,0,2,-42.44200207919247 -476.02269717476634;-324.7879127134792 380.1479042010994;472.12773117116745 163.38214896099936;194.2933042168207 -142.9671555223303,True
500,4,6,LXSSA,171.6064926323997,29089.90708610627,0.1442629136145115,,6030,6030,0,0,100,0,2,38.250488921841395 -498.4436677216584;-380.84244005526 294.4443103989148;-465.2170317974455 -166.03170330197307;355.6952572703823 291.57949295244816,True
500,4,7,LXSSA,270.0955572475432,28991.41802149113,0.1442629136145115,,6030,6030,0,0,100,0,2,417.71198177691656 -158.26420607512082;105.60484759365136 -488.70564964948346;208.6406927149622 454.36228864787404;-82.11647620418258 143.00177860660497,True
500,4,8,LXSSA,214.725333909104,29046.78824482957,0.1442629136145115,,6030,6030,0,0,100,0,2,-486.52447212346027 95.60893675490195;387.81923879269436 -131.77475508577547;36.26654398708432 -498.68296224287025;-136.5077442475601 480.4941719369667,True
500,4,9,LXSSA,126.2811550780971,29135.23242366057,0.1442629136145115,,6030,6030,0,0,100,0,2,430.6922969206382 -38.314372104048196;217.9210028714993 -434.02233853925657;-453.0551591273315 -45.736052493660445;-47.187258526748685 497.7682408469485,True
500,4,10,LXSSA,110.2881608783718,29151.2254178603,0.1442629136145115,,6030,6030,0,0,100,0,2,-74.95464879793354 493.7469076128668;-62.08984492120555 -481.3359570341191;181.7863668425966 -211.80766037775933;-417.7761371405377 133.9194533942451,True
500,4,11,LXSSA,298.2931616319584,28963.22041710672,0.1442629136145115,,6030,6030,0,0,100,0,2,-225.44259412149165 46.849225248368086;-241.9791105202432 437.5455011009644;-111.76700096617935 -487.3421535151422;136.75894727060242 -213.51866715513938,True
500,4,12,LXSSA,339.5966588675765,28921.91691987109,0.1442629136145115,,6030,6030,0,0,100,0,2,-94.72197738974717 -476.8548632006534;383.789706938554 -287.2513739435496;200.5909930619603 108.41077507862337;175.72539674690768 468.1020232761861,True
500,4,13,LXSSA,239.1764976902159,29022.33708104846,0.1442629136145115,,6030,6030,0,0,100,0,2,-401.3462872709475 263.89265137967107;211.66980675603457 452.98550777906524;-415.82755954303786 -223.6016783348495;438.3127047010489 -216.71309217361554,True
500,4,14,LXSSA,200.1849999393308,29061.32857879934,0.1442629136145115,,6030,6030,0,0,100,0,2,255.27267758967687 -429.087504785662;83.81860563648593 482.24436619927457;284.7724479968135 102.98784021067752;-488.79697909514715 -100.82045269651,True
500,4,15,LXSSA,253.6427112372367,29007.87086750143,0.1442629136145115,,6030,6030,0,0,100,0,2,-78.74571195322889 488.0289595667025;-375.4406356155772 166.15494836237175;-386.8155231631921 -316.81429462309956;391.52826115953155 -115.1439761031072,True
500,4,16,LXSSA,278.5350829854979,28982.97849575317,0.1442629136145115,,6030,6030,0,0,100,0,2,409.5010141873807 98.52412889423631;-447.2396148199954 -132.35711292670703;308.05264747113915 -336.63393056873065;-427.7469710064382 258.9059369873555,True
500,4,17,LXSSA,142.1535289797612,29119.36004975891,0.1442629136145115,,6030,6030,0,0,100,0,2,-232.89218132666713 442.44834381390626;353.5871544462725 -145.72883652853133;-387.3833309028269 51.280551582584685;29.427086016463797 -499.1332133186986,True
500,4,18,LXSSA,312.9551158040922,28948.55846293458,0.1442629136145115,,6030,6030,0,0,100,0,2,-67.72880660470926 494.88862606529466;-485.9622663673074 113.59725001291348;352.7323909889222 115.64777281266241;-180.97201744881454 -422.37956245919264,True
500,4,19,LXSSA,110.5830081579879,29150.93057058068,0.1442629136145115,,6030,6030,0,0,100,0,2,277.53770118381533 -415.89950865471064;-448.71499226014294 -217.564111065327;131.631860312012 446.23998866185804;323.9495804541901 -5.106626576368295,True
500,4,20,LXSSA,271.4617753217353,28990.05180341694,0.1442629136145115,,6030,6030,0,0,100,0,2,258.0262534463334 -153.56308883135992;-72.08501975768894 422.25790768589496;-392.4927282680853 84.39718818859339;-65.72039051420337 -494.5863249173596,True
500,4,21,LXSSA,262.0272366992758,28999.4863420394,0.1442629136145115,,6030,6030,0,0,100,0,2,-201.60092987291793 -457.0112683196755;-211.816856473829 420.8217889291373;66.53356346309548 -165.82243747333334;389.59839297028844 174.41490261664666,True
500,4,22,LXSSA,135.6816713140906,29125.83190742458,0.1442629136145115,,6030,6030,0,0,100,0,2,-303.0858484595557 121.7178645350247;296.491676830508 -224.087788801192;57.468156877550975 495.91493885613016;47.991232847644085 -497.6799771172289,True
500,4,23,LXSSA,264.710586541205,28996.80299219747,0.1442629136145115,,6030,6030,0,0,100,0,2,230.92560245389623 -443.47865957996567;20.804525464484893 499.53093274192264;-454.4267348389605 -208.55775970941863;-108.9489329621516 151.80443484787997,True
500,4,24,LXSSA,280.9920787299052,28980.52150000877,0.1442629136145115,,6030,6030,0,0,100,0,2,-489.45738602632093 94.86699829474038;-122.58687722672482 484.5349128265776;-188.76003719598322 -458.5757132782946;169.82018646629095 -81.95284246933466,True
500,4,25,LXSSA,373.9213907195517,28887.59218801912,0.1442629136145115,,6030,6030,0,0,100,0,2,-483.81698997711555 -125.81314200442249;137.27426637161938 480.78662178965715;-89.51275138447397 -411.48548507874847;-422.42927951470233 267.49476769526865,True
500,4,26,LXSSA,192.4784135692717,29069.0351651694,0.1442629136145115,,6030,6030,0,0,100,0,2,28.059247129818807 -172.1954562912156;-222.210085626236 -447.90733441110046;-72.91103661027549 494.65459426177136;93.3173037686482 170.62512133598153,True
500,4,27,LXSSA,236.5266595674148,29024.98691917126,0.1442629136145115,,6030,6030,0,0,100,0,2,-483.9771418438388 -124.81598371191916;96.30209056757263 -490.19674917170033;81.48819102046335 493.3145550170972;431.16339967488693 105.42267276863454,True
500,4,28,LXSSA,350.3544579190057,28911.15912081966,0.1442629136145115,,6030,6030,0,0,100,0,2,-185.97178659720916 -458.02178019833735;408.48066060676496 -281.8937594308501;219.0608704164178 437.7477493388145;-133.25244267859532 70.96709651005487,True
500,4,29,LXSSA,163.6367725033961,29097.87680623528,0.1442629136145115,,6030,6030,0,0,100,0,2,459.84621542757924 72.30730046749173;187.4706683459024 460.58536654932084;238.88482740159856 -344.31997699589084;-471.78457132522493 74.89003034272449,True
500,4,30,LXSSA,332.5249872955537,28928.98859144312,0.1442629136145115,,6030,6030,0,0,100,0,2,-271.6001566541076 -419.0633143269165;218.00598543225436 86.94895855000087;-251.25424110496596 -82.89829154624937;237.1260088666854 431.56845032025257,True
500,4,1,PSO,206.2308848167122,29055.28269392196,0.0100345062712828,,3030,3030,0,0,100,0,2,-328.0832503981692 357.8443483183368;339.82660072650015 -152.558527176692;383.1301606204146 169.80483903058652;142.6938599616702 -449.2310302367086,True
500,4,2,PSO,247.4803109681852,29014.03326777049,0.0100345062712828,,3030,3030,0,0,100,0,2,-333.9470868325193 -193.40982701321437;491.23727202890416 19.37439051092187;-240.97317514870585 434.3051231431399;184.5824033051914 -375.65455265791445,True
500,4,3,PSO,167.5894275555656,29093.9241511831,0.0100345062712828,,3030,3030,0,0,100,0,2,470.9571259915451 156.34926653022242;113.7853456489261 -456.88378174178126;-270.57874764459206 358.77116631628815;-489.48149698532285 -89.69026101498999,True
500,4,4,PSO,343.9236569038731,28917.5899218348,0.0100345062712828,,3030,3030,0,0,100,0,2,116.3025573568651 -398.2746317331476;-170.4367973949364 461.09174834580494;-15.105436405789538 -41.6897452794157;288.2857187336394 288.0299877849524,True
500,4,5,PSO,250.9053837551437,29010.60819498353,0.0100345062712828,,3030,3030,0,0,100,0,2,392.91473829405146 109.8501859737295;-395.4015012912066 -94.08125577214774;137.9634019819525 -475.2112124915263;-117.34843032213557 479.06916361519967,True
500,4,6,PSO,238.4531887525663,29023.06038998611,0.0100345062712828,,3030,3030,0,0,100,0,2,-133.09840552268406 168.1729214702018;105.76017137831829 -485.5904082804887;119.76075431028778 476.9272344980166;-373.8267685981183 -186.27046908521237,True
500,4,7,PSO,159.2002096538636,29102.31336908481,0.0100345062712828,,3030,3030,0,0,100,0,2,-117.16969945574083 463.761369140411;-392.44473158726265 119.05014166654864;374.40142172906457 -83.75154490612967;188.22257915753696 -457.40230425577647,True
500,4,8,PSO,209.1675999138752,29052.3459788248,0.0100345062712828,,3030,3030,0,0,100,0,2,-437.61997814737276 -18.484651462400194;367.59463071652794 189.80754305504902;-231.4074304062482 -422.2575736567833;-83.61940092473445 492.3345457270791,True
500,4,9,PSO,290.2294827033475,28971.28409603532,0.0100345062712828,,3030,3030,0,0,100,0,2,47.29924848365998 -406.7913580509691;0.7513082785873593 181.95811582836058;217.87355536720423 442.31034083614804;193.04382822560703 -111.20968404316207,True
500,4,10,PSO,193.7352803382237,29067.77829840045,0.0100345062712828,,3030,3030,0,0,100,0,2,-170.6640141210021 -169.0466411932365;2.7402082430044103 497.12979556761275;-112.18522752089604 -483.37153555128344;-239.58431519669202 197.2296041580812,True
500,4,11,PSO,269.8819491060312,28991.63162963264,0.0100345062712828,,3030,3030,0,0,100,0,2,-94.6349433760277 425.65913644325605;180.51980949830443 -459.15113285077325;430.8979418913105 -103.83669275730509;-377.45786166274894 94.74713288984665,True
500,4,12,PSO,246.7581029291578,29014.75547580952,0.0100345062712828,,3030,3030,0,0,100,0,2,9.971342110623581 -171.68894615343748;30.058170255834828 -495.8311561798567;-144.7364740993666 167.15794869043748;54.546867380843636 462.78505293255836,True
500,4,13,PSO,227.5374203293941,29033.97615840928,0.0100345062712828,,3030,3030,0,0,100,0,2,-498.3410214247948 11.135681704431626;491.32189789657167 25.04758517413437;142.6741001058263 -456.81738776140566;-115.32588795030847 485.48689706212014,True
500,4,14,PSO,121.7309864333329,29139.78259230534,0.0100345062712828,,3030,3030,0,0,100,0,2,-21.7400090054541 -422.77199559865375;187.86020420955072 -128.80759362533726;399.6166112111237 180.55611610861968;-318.8911811634442 376.0857690289512,True
500,4,15,PSO,156.92422343219,29104.58935530648,0.0100345062712828,,3030,3030,0,0,100,0,2,-185.74800359986335 -452.57898812019084;-159.98334266818605 -107.8178316216783;-88.23915276927657 207.2206610243327;46.82782979740822 488.50667716820755,True
500,4,16,PSO,264.5188546610843,28996.99472407759,0.0100345062712828,,3030,3030,0,0,100,0,2,-52.03151588308031 480.58672870669864;-345.2874015460463 156.0219795831552;-137.35361310919848 -460.92766711766734;455.3225502695474 -52.91841138065881,True
500,4,17,PSO,238.327933795601,29023.18564494307,0.0100345062712828,,3030,3030,0,0,100,0,2,30.425075196073468 476.77787702443544;-436.38427574136244 -130.56184178463866;40.832919005998036 -488.33856535046164;-205.4590013318566 144.68832312776266,True
500,4,18,PSO,392.6921596001448,28868.82141913853,0.0100345062712828,,3030,3030,0,0,100,0,2,-400.4654541145151 208.1567127234933;275.956439721009 405.96499150639494;256.34578349624985 17.51746454878824;-81.53060203055793 -413.81718296587,True
500,4,19,PSO,289.9181562166377,28971.59542252204,0.0100345062712828,,3030,3030,0,0,100,0,2,51.37349329548948 -478.3993849148364;-464.33487543523654 96.87022611698123;349.45613874413004 99.21880004803337;174.94587696664695 462.6499590835778,True
500,4,20,PSO,284.3974160430589,28977.11616269561,0.0100345062712828,,3030,3030,0,0,100,0,2,68.16699657944926 489.5793551485377;332.11780728241354 -341.1983480417261;-450.8141477224754 -215.49797015638688;-190.1742088856242 179.38428806578625,True
500,4,21,PSO,250.6305326874826,29010.88304605119,0.0100345062712828,,3030,3030,0,0,100,0,2,60.092956430453285 147.44670244632243;2.4022039426984136 497.07253495828235;71.59444478479408 -475.52026118177065;213.16845328665053 -179.2795939512807,True
500,4,22,PSO,162.5278767278105,29098.98570201086,0.0100345062712828,,3030,3030,0,0,100,0,2,-463.74153876039065 -93.10539897960501;-321.9439023533468 367.24613615211473;454.6721374416626 158.52806277468795;-146.64817313846635 -445.0545378863549,True
500,4,23,PSO,265.2669257995112,28996.24665293916,0.0100345062712828,,3030,3030,0,0,100,0,2,449.2920173304051 193.03551472810923;-491.14089223869144 -53.96498558616484;52.32140080565766 -484.94465172586956;-189.15051058741588 422.12732646144593,True
500,4,24,PSO,246.2269520651971,29015.28662667347,0.0100345062712828,,3030,3030,0,0,100,0,2,-370.6968471443306 98.55508876086033;-66.98383475920964 435.3801237319357;-390.9175873832803 -236.92932636459966;439.496024788586 -233.11667039058037,True
500,4,25,PSO,198.3052150229087,29063.20836371576,0.0100345062712828,,3030,3030,0,0,100,0,2,201.02743043778705 -203.72387087313882;29.38730129900472 154.59133939289143;-91.74629263840555 486.8627606615402;-21.794555721093683 -460.6230979768249,True
500,4,26,PSO,147.2194262665616,29114.29415247211,0.0100345062712828,,3030,3030,0,0,100,0,2,230.68438482597512 376.79705643118047;369.664979802487 -33.865381260584364;27.48462606761437 -491.1535522475663;-460.2879411133651 192.17231594473066,True
500,4,27,PSO,299.7541747641626,28961.75940397451,0.0100345062712828,,3030,3030,0,0,100,0,2,433.4425834369466 -237.3134167570518;-210.04576877608883 -437.7513399667504;-357.77457703656415 -22.962022023359292;29.729067173898418 428.442224837764,True
500,4,28,PSO,236.3451524498924,29025.16842628878,0.0100345062712828,,3030,3030,0,0,100,0,2,123.67841420640394 424.39056959725644;319.89539752004055 49.81373786145227;-458.24408473785 -153.85874691925162;163.4499551932586 -424.5935562091576,True
500,4,29,PSO,290.0267827593707,28971.4867959793,0.0100345062712828,,3030,3030,0,0,100,0,2,434.30082936373833 215.56272687142754;-170.1715520158142 445.88051626436805;127.81289231100726 -111.06446612658077;-137.1056914305382 -413.5999330010842,True
500,4,30,PSO,244.8145237227691,29016.6990550159,0.0100345062712828,,3030,3030,0,0,100,0,2,-76.76390403640067 486.05763497250575;169.27662527256007 -469.91347291802447;-391.93841592773293 -65.6347746489662;458.7886524598264 164.09373405859262,True
500,4,1,SSA,244.6395760067135,29016.87400273196,0.0356430893143018,,3030,3030,0,0,100,0,2,49.22323547576078 -491.72144217676015;465.9653834075382 181.3180120924416;-211.83379960246847 0.521196360770562;-125.30968474350296 472.83399787218815,True
500,4,2,SSA,202.0806597982919,29059.43291894038,0.0356430893143018,,3030,3030,0,0,100,0,2,-361.15492653257706 345.78476476869827;329.31014025953135 -376.23769924802525;474.1630607446837 125.39577658739707;-471.3620825288055 -112.0482119934312,True
500,4,3,SSA,386.9094144108567,28874.60416432781,0.0356430893143018,,3030,3030,0,0,100,0,2,-57.875762417263275 -104.33067034692876;67.71657692981877 489.2941881196931;-370.5631895353421 46.063144346902774;-183.86547039657913 -439.9526400165577,True
500,4,4,SSA,175.9712594343473,29085.54231930432,0.0356430893143018,,3030,3030,0,0,100,0,2,-3.214961124782163 -187.0715124480185;-195.18930194615191 -460.3272046434905;19.915646870859025 479.29324845087785;-136.51156732488016 162.11734159320358,True
500,4,5,SSA,333.2948196133257,28928.21875912534,0.0356430893143018,,3030,3030,0,0,100,0,2,-183.24798691469672 465.06747299325906;314.9445806610479 -154.9705099985234;-30.538954972402422 132.7019413869996;150.50008483484126 -476.25876868143547,True
500,4,6,SSA,227.9012119512517,29033.61236678742,0.0356430893143018,,3030,3030,0,0,100,0,2,109.015881170924 -133.2787167886659;414.8730918294361 191.59361324908824;-93.3182624297129 491.21451004360785;-76.75464450557729 -493.3567028820901,True
500,4,7,SSA,277.5643774380624,28983.94920130061,0.0356430893143018,,3030,3030,0,0,100,0,2,-161.8051528251535 -202.25196914478963;173.801687409091 -468.82079762910274;-95.87879063977293 126.45926370342322;174.01003804148823 445.5154918080897,True
500,4,8,SSA,323.5580775796807,28937.95550115899,0.0356430893143018,,3030,3030,0,0,100,0,2,-427.6673515593826 245.02679259489665;141.25236768051775 -102.96997251783507;190.03914845352242 443.775708264113;4.222244970381023 -484.79145548207146,True
500,4,9,SSA,363.1613159008084,28898.35226283786,0.0356430893143018,,3030,3030,0,0,100,0,2,8.252277430858486 -499.92721625139177;-235.55060039914522 126.66668101512643;295.13428793321134 -192.02626229568838;260.8486563380738 426.5652791871391,True
500,4,10,SSA,252.1492017713317,29009.36437696734,0.0356430893143018,,3030,3030,0,0,100,0,2,6.73207168246433 499.9546697398002;495.40133724851745 0.3963624563462611;-367.3539856764056 9.261396525367239;134.6771702485781 -456.187305337726,True
500,4,11,SSA,341.8671686772686,28919.6464100614,0.0356430893143018,,3030,3030,0,0,100,0,2,-279.689234837081 414.4558089145503;378.27139856455574 326.97184951797533;-6.584705920550283 -73.41825636788442;173.91460474421535 -423.2094959641151,True
500,4,12,SSA,297.8787995920175,28963.63477914665,0.0356430893143018,,3030,3030,0,0,100,0,2,-186.40595821882442 -463.9532252714184;314.73448748174775 385.40991540395925;304.4824070225691 -117.28496676727069;-465.7963924128152 181.5785789698719,True
500,4,13,SSA,299.9477279508246,28961.56585078785,0.0356430893143018,,3030,3030,0,0,100,0,2,-256.91093478369015 428.8355759158249;-431.8631388059806 -225.81107992177132;-314.19565336248985 93.89660706168057;168.3294602653242 -470.8132855469003,True
500,4,14,SSA,269.7741323778428,28991.73944636083,0.0356430893143018,,3030,3030,0,0,100,0,2,-193.4577114016277 156.16777196301624;85.25636575933477 461.66565376896773;314.34369256569875 -388.8290540385681;-458.5330762650503 -169.2825065068744,True
500,4,15,SSA,285.3006275682055,28976.21295117046,0.0356430893143018,,3030,3030,0,0,100,0,2,380.25359535678865 190.28175939558687;-321.7236074521025 376.48421154135474;-452.64674812159546 -144.39876793168293;12.600668529105084 -499.8328347740341,True
500,4,16,SSA,276.2887623246825,28985.22481641399,0.0356430893143018,,3030,3030,0,0,100,0,2,-285.1733873171938 90.25683975638209;-21.001893242272732 457.5985992974067;-260.78466326996994 -426.60444197268555;486.36851703188626 -115.95537877870626,True
500,4,17,SSA,466.3493070504483,28795.16427168822,0.0356430893143018,,3030,3030,0,0,100,0,2,260.65008698074695 -426.51594268120925;-344.6766151971298 -234.77910435185194;-363.8164360648325 342.98335674311346;-21.95066362514722 105.15294628434405,True
500,4,18,SSA,277.0816672421788,28984.43191149649,0.0356430893143018,,3030,3030,0,0,100,0,2,-174.55231577009894 101.64493940888426;-181.15929704592358 -466.0263593628401;62.708019078528245 465.642218283968;448.59384658087646 -105.05655446155883,True
500,4,19,SSA,331.401435250642,28930.11214348803,0.0356430893143018,,3030,3030,0,0,100,0,2,-74.45244982513303 164.95389867222826;80.93102647824588 480.17172566663277;466.50867270052487 -179.9155845851076;-152.06179215442975 -361.19982053690234,True
500,4,20,SSA,377.7854764082331,28883.72810233044,0.0356430893143018,,3030,3030,0,0,100,0,2,246.91133629276797 -126.00915877911807;-351.43778236849386 -355.65632799940806;-100.23729048484451 487.84592384664654;-343.6480151824596 217.09781935002684,True
500,4,21,SSA,195.8718800764327,29065.64169866224,0.0356430893143018,,3030,3030,0,0,100,0,2,-281.92703374408705 -74.21619934977964;461.88547683993016 -77.27601365661768;-203.57041315750337 -456.67817421718706;-110.98881601097033 319.0795427277618,True
500,4,22,SSA,166.7203371653377,29094.79324157333,0.0356430893143018,,3030,3030,0,0,100,0,2,182.0616820605513 -465.6753609719596;-436.85545961166355 -27.99861024069371;478.7565461437994 -15.302689421411523;-258.5135427200872 416.276340790564,True
500,4,23,SSA,376.7960786105432,28884.71750012813,0.0356430893143018,,3030,3030,0,0,100,0,2,182.3138936826598 -465.5766547233661;288.80173767958007 368.12007817274093;266.39649890990614 60.08464095166042;-210.63963799255077 -224.16666290608555,True
500,4,24,SSA,262.7770611707674,28998.7365175679,0.0356430893143018,,3030,3030,0,0,100,0,2,38.63655888032725 -498.4995858537358;-477.61042261385063 -147.7866246739423;22.348120376861583 491.17441489666936;489.9264296252996 93.4355351812393,True
500,4,25,SSA,256.6757297838922,29004.83784895478,0.0356430893143018,,3030,3030,0,0,100,0,2,-137.5762785949189 479.16035739989877;-107.40029319802552 -416.06406664146414;482.21168537089125 -132.17138525974383;-326.47321715436993 78.08282768405927,True
500,4,26,SSA,243.9240344197715,29017.5895443189,0.0356430893143018,,3030,3030,0,0,100,0,2,-463.2698433094741 -188.09846828009475;9.326947758513374 402.6902805208231;20.562057084309288 -499.49603202853103;-231.9197821743926 129.21911088305322,True
500,4,27,SSA,267.9944338433997,28993.51914489527,0.0356430893143018,,3030,3030,0,0,100,0,2,448.49790732034523 -133.2209274645446;112.17298378860244 480.7347667340204;109.25194481382457 -487.91803659899944;-206.31768233829666 65.19466436650568,True
500,4,28,SSA,357.330781767123,28904.18279697155,0.0356430893143018,,3030,3030,0,0,100,0,2,496.9384191763526 -55.245964961444976;246.7401169574485 433.63177817599615;-389.0480311425854 -281.51459069594887;-101.10439602593013 71.16988789004684,True
500,4,29,SSA,260.1759539292871,29001.33762480938,0.0356430893143018,,3030,3030,0,0,100,0,2,67.12866879515325 495.3584918921261;-1.7426494641095331 141.70655881411238;255.58049182551156 -429.7424300074035;-375.1790635644316 -250.4793728094565,True
500,4,30,SSA,296.3222576275621,28965.19132111111,0.0356430893143018,,3030,3030,0,0,100,0,2,257.20211035154443 428.77384509782064;-412.8250327383287 206.18759278276286;330.912163765015 5.903620688802069;190.17383787626196 -460.80055659349716,True
750,8,1,DE,2587.785880213945,55935.2412772634,0.0125039336582024,,3030,3030,0,0,100,0,2,-679.0373657569628 253.00487709660854;-540.4658566678992 -61.657513724016255;-275.9217191248025 -381.9361873139907;196.77885125993237 -721.009028005531;424.29425169548415 92.07253538558285;-59.00393043741394 388.9336228253692;507.9872070889521 -487.0174491237023;352.3250635956414 529.452296881612,True
750,8,2,DE,2300.509189666649,56222.51796781069,0.0125039336582024,,3030,3030,0,0,100,0,2,-337.88265007285 -569.5442064851375;-178.2901711621829 -49.997522534472694;626.1452868099792 332.126096465098;429.8589636667469 -357.50119839416084;384.57556357967815 -3.7292795490789103;-441.81105187761955 547.1485147233614;-710.0999995970877 -124.03915111357716;260.64565395178425 492.9099068116209,True
750,8,3,DE,2703.620852743341,55819.406304734,0.0125039336582024,,3030,3030,0,0,100,0,2,162.5097680385505 -682.980603027962;-378.7470622496783 115.75498043885551;61.82019247020324 641.4422746374559;-336.71518519510454 560.9020007615795;595.8837090188717 293.46165572754296;-464.72180621478725 -330.97220125401316;-4.199743151526945 -162.61001675427556;-241.4322594278681 -573.2022330583443,True
750,8,4,DE,3238.419922387832,55284.60723508951,0.0125039336582024,,3030,3030,0,0,100,0,2,185.05841067095764 -81.50305663074084;-174.50323262321467 624.4541705925449;-575.2819718206214 -387.37354830444235;-218.7642811746012 -523.1894331240431;-377.50831879198427 -116.56940685787191;-489.146182395152 519.8506069054935;510.2737912573781 177.63330479660698;192.00742380022945 486.38797291898834,True
750,8,5,DE,3138.547488348129,55384.47966912921,0.0125039336582024,,3030,3030,0,0,100,0,2,214.65671651821026 638.4695160430392;290.23890100562386 -447.6884156648821;365.6434622029194 291.4556073135966;-231.82741277964533 -609.6535791756244;-216.59100748599104 452.4001354207743;613.2486587438875 -86.60309391281169;-334.1570543837402 -243.05145463272217;7.329836474977014 233.39278292328277,True
750,8,6,DE,3247.552383461043,55275.4747740163,0.0125039336582024,,3030,3030,0,0,100,0,2,-678.0538085219837 -120.66738687505705;73.71708798293434 -583.4159746638395;450.3928476848189 -376.1820944544055;-317.4052401705303 -325.81862716242597;-112.27294149339804 599.0307657308167;188.27081432691577 423.58009179509247;398.3454414236087 86.51161793367632;-413.76783623861695 366.5811453749351,True
750,8,7,DE,2679.136616036405,55843.89054144094,0.0125039336582024,,3030,3030,0,0,100,0,2,-281.653149860691 -215.92701099354795;-60.10759074691384 692.1641973004666;488.1024232864712 -470.25064162520266;-326.53515936352136 377.5117422781609;-610.159740273643 105.58731339230272;26.41056959390417 -313.94683736532545;691.0932785530258 83.70479161837918;241.35734640515136 480.20483045576043,True
750,8,8,DE,3301.516781270759,55221.51037620658,0.0125039336582024,,3030,3030,0,0,100,0,2,614.1163316372708 -11.698538599966795;-394.0834399965703 78.33482105261048;334.99966051737624 -263.23787258988193;70.76486282601445 -502.19087861663;-167.48957233533073 -205.9141151406711;102.5631591613288 643.2991412159487;201.7733278497077 126.64163072805852;-183.81241162759324 502.7097358703206,True
750,8,9,DE,2466.129856010702,56056.89730146664,0.0125039336582024,,3030,3030,0,0,100,0,2,676.275969967412 -202.87864939949813;348.3203336424905 364.3527916521446;64.63468296993528 -280.83033747730866;212.0494848535047 716.8580486904352;-187.62943286301962 689.7261804389315;230.2321706697716 44.43743231072159;-127.4061160030819 -555.1085827389146;-475.1645922737748 173.7866550125422,True
750,8,10,DE,3428.262123462773,55094.76503401457,0.0125039336582024,,3030,3030,0,0,100,0,2,365.21257169993345 -193.32982746526784;-78.41631542965331 -474.9230354195976;719.1059902163711 -19.227940903721958;-548.7937757449452 347.8476617630936;-198.62004746318908 653.5863055444967;130.6302049817877 730.7442771789488;-464.59678640876797 -302.9918931383959;-180.25765313353543 -95.50548126108563,True
750,8,11,DE,2710.627729288499,55812.39942818884,0.0125039336582024,,3030,3030,0,0,100,0,2,-159.53664458430958 224.3750341748933;-455.17537009949416 -456.9146705178447;679.4630224525646 209.27645980432465;286.3927951642777 381.8737982953841;275.51095991645474 -644.1556212034814;-597.1074654755346 -47.64218016916337;-256.1205512989068 596.8523067604846;158.52282920567075 -93.35515395898706,True
750,8,12,DE,4000.283941021968,54522.74321645538,0.0125039336582024,,3030,3030,0,0,100,0,2,98.38245714048043 242.9039879237243;-673.2059459525661 -271.4788833345491;-347.1377378794625 505.4083959044655;-373.63265676126935 48.41571870283707;643.0462423017943 -201.00672444079652;-336.4930110762407 -374.14770958695857;439.36731081261775 41.36576243506994;7.798898176233024 -277.9522719589387,True
750,8,13,DE,3070.772543932668,55452.25461354468,0.0125039336582024,,3030,3030,0,0,100,0,2,-28.15226109369675 370.9389534532208;-643.542656045663 61.750606702969094;262.7555107486462 201.0877475450758;473.8881038666806 -34.19767629272016;217.08073126587914 663.0335568897569;95.96509973044668 -357.34544597490344;238.5158663535636 -684.2657371888943;-385.5060236643137 245.37828904877463,True
750,8,14,DE,2757.626545178188,55765.40061229916,0.0125039336582024,,3030,3030,0,0,100,0,2,-92.58218166676723 -660.8182631538245;-450.25327364081124 415.4177319851337;321.55603621140517 -42.16351418264597;146.30913140206718 716.7861927089019;572.0528427748324 278.89075521287873;-81.21224444843727 -98.74803694997368;-648.9911099225559 -325.0585800554269;210.05019510276762 -470.02111874199693,True
750,8,15,DE,2352.592584370788,56170.43457310656,0.0125039336582024,,3030,3030,0,0,100,0,2,-112.3239770293655 632.5994551593117;25.142216008999725 -613.2999292958336;-494.03052365729036 371.3302751641658;-589.524996177905 -114.10158553282943;-436.0677263481815 -464.34044239182685;470.2501639422936 -336.16198743013155;55.98880184606126 -3.3249155893214493;306.25519495072535 323.381813573465,True
750,8,16,DE,2598.44301767955,55924.58413979779,0.0125039336582024,,3030,3030,0,0,100,0,2,-644.558196491761 246.22069151318433;-188.52223869879134 -716.7956536448312;-396.8546999277635 -165.8670005005203;-432.04974506479147 524.886625942334;52.65722345129956 146.13936228962342;480.31857031299796 314.56405441923346;650.1895932359348 7.164957996517899;92.76917425911853 -398.2549204186148,True
750,8,17,DE,2263.067997810816,56259.95915966653,0.0125039336582024,,3030,3030,0,0,100,0,2,-329.38294274966785 56.49254751533121;282.45480238291486 -135.15222112778068;-551.8308702949789 384.09120183476807;183.76612337267204 -701.7596861908231;-354.64090274159173 657.7357440703597;-720.6748553239731 -116.81629228641037;-306.955090011179 -404.63794695674744;118.82469916702698 440.32514511874035,True
750,8,18,DE,2645.501833270224,55877.52532420712,0.0125039336582024,,3030,3030,0,0,100,0,2,549.0486855720964 54.24859439809234;503.9417818304928 452.034272063879;-40.708031300251236 -729.2669357596103;-255.32874130787116 196.04576883178737;-615.8719885968904 172.21986903221247;595.430118882261 -435.5127944885563;142.35698189319908 -385.1180755959199;-426.52585810200543 -559.3639598749169,True
750,8,19,DE,2577.238102292125,55945.78905518522,0.0125039336582024,,3030,3030,0,0,100,0,2,350.7360107126406 121.11083185272867;-164.20864107887718 537.0506033812898;-330.7126406018531 168.87398050168684;-98.46821032670009 -58.845189380713464;356.3871769461141 431.98962931394254;-682.7996594041906 -250.43717915638308;-159.16059926736966 -589.2763304250395;461.3955947772591 -443.055586400092,True
750,8,20,DE,2924.820950441456,55598.20620703589,0.0125039336582024,,3030,3030,0,0,100,0,2,-104.72729577951198 -251.5711385653819;111.75748138774577 397.13576000278687;-465.3712238714221 -412.23087328037843;244.53406120277077 -617.3070667715688;315.2461290252731 -304.1509377783335;-293.2578753994902 572.8781560460404;-452.5872558053162 -15.254762989605041;515.1199661722869 269.6620601948318,True
750,8,21,DE,2442.090697774467,56080.93645970288,0.0125039336582024,,3030,3030,0,0,100,0,2,-308.8787106063842 572.6823630769402;-61.09312524083868 -722.054627063415;-298.9807145979498 52.23034850983018;3.84999855652444 165.54442604462548;-499.19200827498247 -423.7404384855521;265.5585684497349 -320.44537522320434;315.20478296606444 564.9367352304749;485.108161622031 -35.3412441659122,True
750,8,22,DE,2285.509013053786,56237.51814442356,0.0125039336582024,,3030,3030,0,0,100,0,2,-244.6864321744638 -671.789776481691;-303.684005602718 462.0592361044782;-396.7649847952009 -138.69765457082784;-571.0887033542034 -456.68900476349677;-166.96939669404105 126.92358296726731;277.06649274229005 -465.90137775352787;499.9969401747733 -194.54199129220046;133.89619664912271 502.4950595365476,True
750,8,23,DE,4041.593925932662,54481.43323154468,0.0125039336582024,,3030,3030,0,0,100,0,2,-390.9629428301688 493.5533020745776;-270.4687784781231 -622.4612238856453;222.21058657345128 -145.90261080411597;-12.456414112392935 119.90065035539402;16.409709935920603 483.9417870077397;372.16029478322616 162.7512293055;334.6982727309073 -579.3803578735124;-394.6362462474948 -3.0658988929218935,True
750,8,24,DE,2911.077576937831,55611.94958053951,0.0125039336582024,,3030,3030,0,0,100,0,2,206.3044253094358 711.4678378270271;8.379879936465954 116.06534386328264;-307.20272941711477 55.428578540136684;-245.0566354722108 -396.235008321749;516.042568016006 67.58141502337904;-707.9213211801396 -12.198700992858164;238.4673610742874 -551.1298546396512;601.9642963887136 -426.05514842721675,True
750,8,25,DE,4025.872307093152,54497.15485038419,0.0125039336582024,,3030,3030,0,0,100,0,2,-23.899910209750942 -32.83490284821957;-134.62592882247867 -491.8410330421452;-629.9797144735843 -63.345778954959115;207.32804384135073 -510.46448637315046;-51.20625386320148 348.7893193882456;-415.2354854406331 510.39662153905107;544.1590614405484 313.6857222720747;259.43160448257447 465.7517776056991,True
750,8,26,DE,3438.342858011973,55084.68429946537,0.0125039336582024,,3030,3030,0,0,100,0,2,737.9948846491563 87.77628329436763;-668.5961008603463 -7.650516862988653;-218.71434695821273 452.51639003773005;348.49710831482025 -502.81858756942574;348.6423006788046 -188.95908823324868;-541.4553960482468 311.0615091588089;-221.60020316381116 -439.23926392279685;88.525505601992 382.10980255029864,True
750,8,27,DE,2681.003624541998,55842.02353293535,0.0125039336582024,,3030,3030,0,0,100,0,2,-202.49519457249954 202.73563292459886;374.73286235046595 -397.27185486826136;-74.42480470866239 -131.89772935719614;-186.99697258993305 -640.0417122435907;-556.4086099554881 423.16770952141644;696.4769607095764 37.60840324052101;-15.011787318663949 740.6258025583483;-477.31727611858093 -303.91300778225605,True
750,8,28,DE,3141.400751785281,55381.62640569206,0.0125039336582024,,3030,3030,0,0,100,0,2,-75.40146111682452 601.0109583141609;-520.0866055275757 -79.76618512579557;643.8262767880299 -375.86940585392495;-498.4767223592655 -434.21508497881865;162.9360188852761 300.24429309154834;-275.35545674102144 304.155348764343;257.37310409251677 -146.5017373841995;362.6915046129043 -578.2736923160046,True
750,8,29,DE,2871.338384020986,55651.68877345636,0.0125039336582024,,3030,3030,0,0,100,0,2,-166.68953005199504 85.94260634796521;336.28393859980827 -107.02217027782599;442.83788235423106 273.7690815181672;-629.9726651957039 69.72829400245865;-453.1100950154668 -537.6276849681583;6.53920627828937 583.2848648611327;-242.25097477029905 -301.8574912632726;303.293349699517 -416.3195380269461,True
750,8,30,DE,3842.702522062674,54680.32463541467,0.0125039336582024,,3030,3030,0,0,100,0,2,-626.5594588771636 354.2110637649112;93.2134491564601 238.91372180222464;-730.2402091315438 -104.80523416562667;291.3751989756364 -8.102500950957563;-226.30633467343785 -583.7870481219377;-306.84651233192903 302.8903879971345;140.56828799165083 -315.1204444860192;-138.1100133902679 -163.60209166627396,True
750,8,1,LXSSA,1450.649185108814,57072.37797236853,0.1457654893398285,,6030,6030,0,0,100,0,2,-542.0126373890924 272.1976531235002;-549.2673816145041 -458.11219494878935;118.25252438916871 63.17909088996594;696.967353038013 275.31988824966544;402.7123010263134 -451.1985840955343;-391.93973922219993 575.3250231658551;147.45144139918247 -735.3617994825498;159.16306799790559 527.0890968646344,True
750,8,2,LXSSA,1744.768326485617,56778.25883099173,0.1457654893398285,,6030,6030,0,0,100,0,2,28.85704800567823 235.98845056764327;626.5997391304296 -409.0597487029061;-333.4449249812932 580.9475147293018;688.0486753162314 159.2317104456295;-5.0130935970579715 -682.3100597537189;258.1889001876557 -277.4567091517679;-542.138921590806 -419.05982047505216;481.6810962958647 574.8725096542788,True
750,8,3,LXSSA,1991.428451448657,56531.59870602869,0.1457654893398285,,6030,6030,0,0,100,0,2,-396.46662272997514 -381.9252971968972;-272.3312693803407 17.805115054598147;57.58600440692908 303.90462029972383;106.87660050629671 -224.35805176291345;727.6995921537429 134.94440692718624;513.3694211198622 -507.189761661326;317.46582328109264 596.4370616114734;-484.2017293145196 485.9353686003234,True
750,8,4,LXSSA,1881.096578740464,56641.93057873688,0.1457654893398285,,6030,6030,0,0,100,0,2,372.51729109174045 649.7496372179656;593.4292212570753 337.27692309332775;-78.65831381001026 -156.90683849889592;749.8931006468656 -12.495979040367121;-242.2466648416927 567.8755814555275;-517.8636641937135 324.83097447743273;-263.11584348684437 -572.6985336690501;-611.8528969401618 -176.12108597674526,True
750,8,5,LXSSA,1776.974591836828,56746.05256564052,0.1457654893398285,,6030,6030,0,0,100,0,2,489.53200446800224 -540.2812660559271;-154.04276223489438 342.33084814942373;-76.41870387667595 -554.7113468836337;480.40968110220666 145.72672020614795;-601.7047549528882 -243.05632056487227;351.1885483065655 662.5617655643936;301.6897029252256 -119.76275198234596;-275.05496063460714 697.7418878623536,True
750,8,6,LXSSA,1891.267603965927,56631.75955351142,0.1457654893398285,,6030,6030,0,0,100,0,2,-350.2822443126397 -663.1757710205375;-403.1464551128629 612.3742967209197;200.14776507273882 138.14475778580197;677.9223461871396 311.2549327085642;-501.55434994389464 23.98146461049759;-123.50515373621145 -218.34510132559245;305.43524951144747 -657.3139433921294;631.8711266842272 -124.05720158699923,True
750,8,7,LXSSA,2128.397760801272,56394.62939667607,0.1457654893398285,,6030,6030,0,0,100,0,2,368.84070313398985 -629.2121888510312;657.8142246302845 -210.74016665157842;-452.4133602698351 481.07367391300085;-186.30159177087145 -284.6962746026308;441.89953476969947 247.14900487501973;78.26880118349374 -47.689363380303426;-549.6097528110798 -29.446719049541244;-660.9116849977589 -354.47465417412894,True
750,8,8,LXSSA,1845.342233286566,56677.68492419078,0.1457654893398285,,6030,6030,0,0,100,0,2,-219.09271673317355 89.97728342344872;-481.32933751380926 390.9489866157306;176.962751656898 338.17733937922765;234.2053465311508 669.3207104679216;384.0363045237583 -88.98340914199675;-88.1491361220719 -740.8954113952968;-728.5138574889422 -168.07532795394815;689.3299901192514 -291.75873873328686,True
750,8,9,LXSSA,1958.428205708777,56564.59895176857,0.1457654893398285,,6030,6030,0,0,100,0,2,308.3412345770162 -44.10204597403182;-510.11992619881715 -530.8902448015807;-556.3033104629116 -62.802098260796164;383.6985151751102 -644.4186335026302;-131.52277403688498 -392.2469435110563;597.7257540343685 -393.7694238343961;611.0072531802391 174.9159010305017;-469.49502564623157 443.8483949051289,True
750,8,10,LXSSA,3079.156208151552,55443.87094932579,0.1457654893398285,,6030,6030,0,0,100,0,2,-337.0082232112047 151.60569808880624;-490.477856358604 -130.9573079737521;-86.1752584080378 719.8783441912403;-51.49368687488737 350.10446883331576;146.0850669098873 89.99742803248473;-487.9248895851429 538.3376284940974;319.2733869830075 -312.0665899642444;-736.2898666119662 85.34174993217486,True
750,8,11,LXSSA,2056.066657231881,56466.96050024546,0.1457654893398285,,6030,6030,0,0,100,0,2,35.48314278644341 -402.03499160540036;278.53143014744023 -680.8247223343047;368.6270973200513 -172.64709752411315;573.4770923217452 466.4434998387879;-94.27889160887119 171.8731383255702;-503.86564532575056 -554.1699701132748;122.47447006799916 499.316962645371;-360.1471392633536 -120.17631873960495,True
750,8,12,LXSSA,2000.175364279486,56522.85179319786,0.1457654893398285,,6030,6030,0,0,100,0,2,288.54029366798136 209.10193481273095;644.3288554823489 -85.2642367737527;-376.5081075874412 125.25476844869767;-444.19370925652623 -523.2848261870554;409.07493282405784 -628.6133887117437;173.96573845128404 -266.50999572298184;348.2046974763966 545.0434913089753;-313.09429649854417 443.87826435449085,True
750,8,13,LXSSA,1772.408680471264,56750.61847700608,0.1457654893398285,,6030,6030,0,0,100,0,2,-658.8213293087041 353.13674065716793;-167.23579185574076 -627.5111099776898;693.3313548254341 52.52789841595936;12.18414975693164 -144.55335773276192;77.03200592866482 185.04127657621459;138.14259545245477 667.0757487712539;619.7778616846161 -422.34488743750126;-638.0614201119477 -338.1225008685065,True
750,8,14,LXSSA,1731.668014650611,56791.35914282673,0.1457654893398285,,6030,6030,0,0,100,0,2,-414.1624235655956 339.2641572240694;388.3083959788813 205.53286899057724;253.00863805355627 -181.3335130208541;428.3810028683367 615.6193620888317;-483.37849514739804 -301.326721124486;-249.83610149642098 -635.338910079997;-606.5486146617053 43.407159861082896;730.3218480733585 45.523856375115564,True
750,8,15,LXSSA,2209.37832089563,56313.64883658171,0.1457654893398285,,6030,6030,0,0,100,0,2,185.0124245004979 193.64308060126058;-459.7179860312895 585.3157205576442;289.5354772220067 505.15539551130354;-240.11516595119264 326.99863778751296;-438.88194047192536 -608.1792882836888;-646.1635207232829 -316.8718615325271;103.22136851184015 -274.29519403094133;-350.3747374567291 -121.96532410312246,True
750,8,16,LXSSA,1440.748918097313,57082.27823938003,0.1457654893398285,,6030,6030,0,0,100,0,2,-85.3988508186892 141.00219190625214;-52.95713915256686 -690.9667667403809;551.8721382925278 505.89567927327874;540.4874386652385 -16.280041926451023;-630.4843719491911 -33.5684962648212;159.1245235652328 -444.043108487856;556.8669045040309 -484.52311270933234;-172.32280010700876 699.6122050555321,True
750,8,17,LXSSA,1416.121565897141,57106.9055915802,0.1457654893398285,,6030,6030,0,0,100,0,2,345.56919714409224 -246.26729756653626;325.9696556723769 102.92879747131957;322.82083708870493 -672.8541845602983;522.4473330964697 437.2856630825986;702.2862287701107 -130.08142380819774;-470.6750132340637 -458.0806659919078;-58.41129480531117 714.7865365322493;-547.8166095550713 97.57814408891345,True
750,8,18,LXSSA,2229.472540623646,56293.5546168537,0.1457654893398285,,6030,6030,0,0,100,0,2,-114.25645114472569 481.13026277318596;-189.773035527491 -278.678608067417;83.96461915226915 -728.3966144337313;153.89231381138964 157.15720146098175;273.60052441952644 -191.06357520861263;-384.1672996116608 -573.266816464735;459.2752932813266 -582.0051816981786;718.6685952847424 -214.51198488126482,True
750,8,19,LXSSA,1676.429351216597,56846.59780626075,0.1457654893398285,,6030,6030,0,0,100,0,2,-160.86049732029943 233.55625524468846;235.95207643809044 35.64814583527161;188.959858621229 -388.26327278989544;-60.27442964504044 -734.2204107888822;290.2826254194455 688.6010863692685;-283.3978034724463 554.0635425642663;715.8227474361795 223.82464937791903;-391.53797830221527 -211.43907574562732,True
750,8,20,LXSSA,1966.04771640816,56556.97944106918,0.1457654893398285,,6030,6030,0,0,100,0,2,716.6560699091972 221.14111456576495;-420.2171176115492 -577.5235670593433;-429.75990676511327 553.0316046874741;-247.88306611055876 187.49960622581565;170.4236175592833 206.04436517039827;565.338243281628 -475.31010015168306;-439.36066541857866 -90.41416856921687;-107.9776207895734 -239.98696123451106,True
750,8,21,LXSSA,1440.534924455824,57082.49223302152,0.1457654893398285,,6030,6030,0,0,100,0,2,-709.5700163745538 104.93088429968414;393.43535147345443 -631.839393089815;-513.1171905594026 -542.0949932365471;-485.41683526993125 362.31051569550664;295.8418394988086 656.9425726704512;-212.59199215021968 692.7157416703585;-120.7051368816595 -74.22678397962399;566.1223046666563 -244.75727538023116,True
750,8,22,LXSSA,1273.703092879012,57249.32406459833,0.1457654893398285,,6030,6030,0,0,100,0,2,-436.16853578860224 -582.4596324247736;-57.16149375912323 616.9407007676751;558.4737983546614 478.08385121511014;295.49779796289573 6.252791227995377;114.06712149108434 -741.0363191472065;-706.8620421986656 -95.8372689803703;-430.53769049583775 203.66857247751253;499.0292511798569 -328.4780211370509,True
750,8,23,LXSSA,1191.068851408672,57331.95830606867,0.1457654893398285,,6030,6030,0,0,100,0,2,608.2837965604838 144.1336626169814;-551.5075963070648 479.59317851415085;22.008519798902014 -741.0069875876669;133.40658018738722 737.0741438010267;-167.3190160256301 -179.13166919122958;545.104088904203 466.6107919460251;580.3519264196826 -182.3473942790567;-718.2718695100541 -215.83284398059402,True
750,8,24,LXSSA,1832.330020293848,56690.6971371835,0.1457654893398285,,6030,6030,0,0,100,0,2,717.8204698409925 16.73187937399488;131.5653326653712 -733.2839233409011;-27.131698522702266 240.73829105800934;483.9694697309437 494.1818144245594;166.83878206421403 -145.74854072755096;-507.8469220518558 549.876525340883;-392.12763872651783 -396.86934726555387;496.9209216969724 -492.4546014060805,True
750,8,25,LXSSA,1904.741888877113,56618.28526860023,0.1457654893398285,,6030,6030,0,0,100,0,2,-137.70165204037121 326.39110857374106;-456.33525717419093 -595.1746904163222;525.8163865595478 131.2731438472476;-614.8619376045335 -254.0486993441632;-217.59969346672708 13.840707161208952;-330.7235405152045 616.2183843113365;79.43217007669921 -410.5833200213998;543.1082548012607 508.4805096914226,True
750,8,26,LXSSA,1459.454164061775,57063.57299341557,0.1457654893398285,,6030,6030,0,0,100,0,2,394.1107882536543 635.9084692013469;-423.78036608334327 -618.796369741715;-669.6408527832344 337.3463867618659;277.01352326152073 -695.924205631809;345.8921282637676 163.7038866730646;-136.87731711661453 -155.40459241174682;557.7751332351253 -155.90653347640762;-695.5378886563959 -127.20641041365505,True
750,8,27,LXSSA,1732.074602040979,56790.95255543636,0.1457654893398285,,6030,6030,0,0,100,0,2,-95.94443929697306 176.57410981285122;-584.579014949384 -439.24975241263786;104.75107773454067 -332.90163574487775;-485.38517786785866 -107.01435054571837;728.6426570865103 -86.26484333447159;-648.3092147996297 334.10691570002314;58.31301117001314 520.9715760536761;-182.80877089944144 -685.1119905189992,True
750,8,28,LXSSA,1519.911110553905,57003.11604692344,0.1457654893398285,,6030,6030,0,0,100,0,2,279.75431377243757 -358.0944693985364;-694.0986259570287 124.32258151821785;488.97783917893906 550.8787788232864;-472.01988534047877 566.3345350592489;654.1576637307749 -113.20961486296629;-302.7606868005214 -549.1489712507555;127.25653143195217 -679.502305030967;-65.59415343140702 294.9441476179297,True
750,8,29,LXSSA,1770.099471169356,56752.92768630799,0.1457654893398285,,6030,6030,0,0,100,0,2,-552.863745853681 180.62409034992046;14.745595864512843 -327.3418525638459;-396.05047942931276 -636.5386922002871;-511.2688160526826 -313.0629680017768;-255.39987210792893 -29.691066987281786;-99.87255482237615 314.39959262908724;182.14711723017848 -713.3054802932273;157.63592858797614 692.02416388906,True
750,8,30,LXSSA,2072.660157709848,56450.3669997675,0.1457654893398285,,6030,6030,0,0,100,0,2,338.5602871089721 83.16960274580414;221.40286056576724 416.42630788526515;564.1802707847453 -233.28781791899098;685.2469985266246 304.8546264491111;-285.9425672779051 583.9522878760704;419.96019859135225 -542.3354510994445;-607.4615254327874 -438.6682027286074;-106.6185354077476 -496.93904358421275,True
750,8,1,PSO,2717.865341574427,55805.16181590292,0.0096049011995395,,3030,3030,0,0,100,0,2,474.97702772323487 94.91707510211603;-630.0437396910262 -240.04803239185975;76.65468992987658 703.9157595308338;-41.2524146550506 -102.68657555151663;292.6451941280553 358.77059224528637;-490.57775525083986 539.5015183973952;-118.39733868451894 405.2329583404601;-298.2456262447742 -567.768943775102,True
750,8,2,PSO,2048.822973826398,56474.20418365095,0.0096049011995395,,3030,3030,0,0,100,0,2,-18.858249334621345 -689.6646171670411;-159.75783328101636 301.56720906593387;474.06168729845683 -61.85396748895661;29.062754673179867 670.5887588097506;319.3286701918572 -659.639439564803;-505.4936398879547 -501.9418872913082;79.58421259272959 -204.2424154748506;-705.6782725777764 -38.927934477998946,True
750,8,3,PSO,1868.133985523076,56654.89317195427,0.0096049011995395,,3030,3030,0,0,100,0,2,510.8011172492402 38.79586247763886;-544.4707157706298 -348.2422143630816;336.4712471041784 642.9641975749524;-47.47325146886146 681.3636876531095;571.7288538310166 375.01652587015695;293.6618089124124 -638.7100638870135;626.9197858022395 -373.1319749867761;-148.35854130032945 74.69759549526842,True
750,8,4,PSO,2072.781108942763,56450.24604853458,0.0096049011995395,,3030,3030,0,0,100,0,2,7.267167080094055 96.77657432564243;-393.4285868450516 532.580390203004;389.2288590744878 -224.12234291914112;654.8379370793502 198.58458141456202;-723.9394668854236 90.69928960058736;-147.4225960311895 -699.0027203139251;41.53669344435383 737.4657652546196;-671.637354434811 -258.19137195946064,True
750,8,5,PSO,2221.643307347651,56301.38385012969,0.0096049011995395,,3030,3030,0,0,100,0,2,-308.9821191815455 637.9097964720986;-31.411254940990098 204.30206697532637;428.35065518570946 -224.6932096360129;-353.2463327070097 -505.5898986760811;57.981777937860855 612.2655762983255;401.113953640495 -574.4367455123305;-356.54060425699606 -99.88802305257818;67.00055969723878 -686.0565819831738,True
750,8,6,PSO,2659.585026401233,55863.44213107611,0.0096049011995395,,3030,3030,0,0,100,0,2,-204.37462643576146 216.95541134206943;-649.5342953462277 296.9052851615067;-76.61924494350595 -78.99159511020407;345.4607434795703 560.5323823935121;326.72125744269573 12.58594384374129;-410.36006086194277 -472.36621846431;435.95874265058364 -430.15588590820346;-86.4003365386518 -581.0677500120839,True
750,8,7,PSO,1931.136720755341,56591.890436722,0.0096049011995395,,3030,3030,0,0,100,0,2,54.49492667656578 -127.54879011771789;-172.28818639548695 426.53208547489777;55.269214078168815 744.0090702825112;477.7658318096852 -465.82438208459814;-692.5783110451246 209.50139213423412;516.4377235943409 75.46103030769345;-258.9868391824658 -661.5034082012825;-361.8885546965819 -348.16238508283385,True
750,8,8,PSO,2328.61457499407,56194.41258248327,0.0096049011995395,,3030,3030,0,0,100,0,2,482.2347683776275 -521.5292219640437;600.7787605135459 223.36456109532847;-713.9045778540709 -155.25030808781307;370.5227992150339 -105.34061166590901;-373.4886282789132 236.71760829456724;122.15803962236244 614.005696732054;199.42668084193386 255.15572712933;9.596900138289428 -548.5723015767867,True
750,8,9,PSO,2222.83167012655,56300.19548735079,0.0096049011995395,,3030,3030,0,0,100,0,2,-646.4915938147819 370.03191865544727;-3.6789422160320555 -78.05962948880942;483.4088810271627 -538.0632769046188;574.1129037498645 -50.77660680568494;-659.3199276968029 -344.7322778423315;201.99306032095575 591.5714207112513;-2.2989240002191744 274.35687352142514;-0.1920798406060551 -642.2036682087268,True
750,8,10,PSO,1591.040008498065,56931.98714897928,0.0096049011995395,,3030,3030,0,0,100,0,2,326.85619942365645 -67.40536338609068;-553.4744282368817 423.99697212575796;-269.30479328360957 100.46630257461804;-564.2687020071531 -246.9208106422445;577.7181604858198 414.5036394499735;-104.10092348308523 -683.753097380945;78.69741193775869 613.6146314079015;365.49661250525156 -509.3048365658604,True
750,8,11,PSO,2084.035063856099,56438.99209362125,0.0096049011995395,,3030,3030,0,0,100,0,2,387.53591249071064 -179.6766219373688;-159.25558148724798 293.8566172443387;-151.63140462995437 -720.8457232024458;470.65709047104735 449.32669831181863;718.660106790931 -16.359160346724718;-397.84794153831194 -151.81786024089422;-526.345277237569 463.19809539140607;7.6928183287176 729.5377675768839,True
750,8,12,PSO,1907.028286583452,56615.99887089389,0.0096049011995395,,3030,3030,0,0,100,0,2,-167.511906274213 -299.06835283572684;-285.1105093229665 675.5202962945591;580.8682504624759 -86.55550768978416;665.7376834670827 325.1730475328075;-659.953352835347 259.8530498340807;-622.2227899452159 -122.05458623252795;262.8523522914418 -602.85225172507;239.70457464694715 639.9848936763016,True
750,8,13,PSO,1954.674728561214,56568.35242891613,0.0096049011995395,,3030,3030,0,0,100,0,2,650.2680598757055 280.87474424700105;-404.96327544403204 487.63805537148204;167.30237224603957 96.79102439956964;-671.1383003618487 -267.1190393630472;67.92313040767647 729.687849992372;-692.9541327838704 169.9337327302164;697.7871587000405 -131.76140340563703;184.21959762970704 -714.3888172717849,True
750,8,14,PSO,1542.274132573577,56980.75302490377,0.0096049011995395,,3030,3030,0,0,100,0,2,-223.6213860257837 676.7937898059868;81.37673124960362 -106.65920874170061;734.5545854417533 109.54256192967108;-451.02253374101826 117.9668848310622;425.2410801852426 486.0998379367765;-518.4383881622999 -276.1629374287314;-72.47809456053619 -738.9015314159476;623.5231215027028 -262.97010872140726,True
750,8,15,PSO,3002.738412895495,55520.28874458185,0.0096049011995395,,3030,3030,0,0,100,0,2,173.2684991012767 -676.6914953127688;-177.42260159733854 452.97622892650026;-286.21595023983537 -357.3958440361814;40.35855118516977 -235.60972719777763;-345.86658807902626 8.35477352422582;-201.0937501640313 -657.6096471174793;447.8253023957759 -348.1601594058671;274.6698963052871 238.92695941123995,True
750,8,16,PSO,2115.573715005172,56407.45344247217,0.0096049011995395,,3030,3030,0,0,100,0,2,-339.77906010427955 109.8908405448086;304.3502503123064 582.0397467637727;201.06507438890748 -260.3722957669451;-642.4319098851939 -275.1185777855199;-348.0482594598706 585.2154962910246;237.85494362791025 280.40362731503205;461.61448393318847 -587.9545792723219;-295.86908605834736 -619.6988188478159,True
750,8,17,PSO,4147.720703308754,54375.30645416859,0.0096049011995395,,3030,3030,0,0,100,0,2,344.6858923404516 389.3645901541104;-318.19966428222375 136.12975274199698;11.99924402436966 227.76925230606855;643.7166422050794 154.6637722316451;606.6891663082482 -174.83429084820276;97.07737396392332 -671.273988532286;0.9263746754027196 547.9660422168367;257.99689470504023 -162.47185791407514,True
750,8,18,PSO,1893.923622524977,56629.10353495237,0.0096049011995395,,3030,3030,0,0,100,0,2,-461.1021115438909 -416.7587149120396;-628.7117950846387 -56.93553684654021;523.1746556739105 165.53246152021063;416.87226440530713 -125.60279363610705;172.92649112250334 720.1700705135303;-351.6614631803645 516.6260324851813;440.72633069602944 -453.7016735664175;176.91738655137132 396.3493993746738,True
750,8,19,PSO,2117.644974269926,56405.38218320742,0.0096049011995395,,3030,3030,0,0,100,0,2,-624.0077303303868 187.2203399679264;165.24650623915372 710.9861458555336;125.73582123975186 379.8410959278226;-426.13113943057004 -289.78448912400313;627.5572916314248 186.55545318319696;83.76011515600166 -198.44466783867816;201.35043387368563 -683.6490430910143;396.65984308501254 -305.876097257394,True
750,8,20,PSO,1879.245166535977,56643.78199094137,0.0096049011995395,,3030,3030,0,0,100,0,2,399.58692952672146 -340.56958871952054;-283.34254048341563 -605.24648690702;708.5652527741973 17.67749589833115;221.52864904009425 -634.6193248837767;-355.95063798496193 381.4099472574631;431.67200118842845 520.6889301183929;-744.3174311328073 -26.764424175347184;134.40023972898504 184.36501885984208,True
750,8,21,PSO,2526.198597804774,55996.82855967257,0.0096049011995395,,3030,3030,0,0,100,0,2,344.9559214573 -418.2003348876798;-386.64051801750406 502.2917788199166;-50.28492140722112 730.7422128984174;-168.17602343099261 -65.84003663303886;-489.87808277981657 -186.03186025653986;536.143415244849 400.24785512413973;-81.94406378536206 -614.7567758070049;729.1140902443929 76.4776770690047,True
750,8,22,PSO,1781.711642500762,56741.31551497658,0.0096049011995395,,3030,3030,0,0,100,0,2,-301.88190839885846 592.8731249533247;372.54188422985663 -508.72168609158524;-131.8653894947488 -97.94701764880068;621.813012905975 -124.2161528550651;-735.633021802765 -128.5455341940474;-586.0354254159058 285.6545831665301;-139.72026039920314 -727.4100504019007;375.89885890641074 565.4819136202627,True
750,8,23,PSO,1826.458899107318,56696.56825837003,0.0096049011995395,,3030,3030,0,0,100,0,2,-26.993431842300733 -209.5568296895303;-165.28121716605548 243.9911365288091;226.7380486599832 -509.5386789455534;638.7259843151953 219.30561491197855;-529.6472350338909 503.323764813838;122.09610808839719 693.108679087849;-615.8025413477277 -109.3427197080875;-240.71915774998905 -686.577209973432,True
750,8,24,PSO,2267.132146827018,56255.89501065033,0.0096049011995395,,3030,3030,0,0,100,0,2,522.4442005939968 -74.5851584928059;-229.2194416305245 368.7396495693913;-44.64505833293461 -39.39397727070025;-259.6021107535079 -679.4067439147275;584.5577835986578 246.83716109618274;-592.7052727398134 198.46672206196598;-404.7556207567156 -217.05500989003818;338.300997230108 632.8129281146837,True
750,8,25,PSO,1722.488488924406,56800.53866855294,0.0096049011995395,,3030,3030,0,0,100,0,2,617.5975482838736 -233.0415928066549;449.96101880535946 95.54704501367804;313.2989270917968 648.0560448696755;-428.5895534050479 -176.46652358750194;-734.6774559795354 98.50229576809846;-248.63318689053168 675.4752596145787;198.4109756346929 -707.0617247216513;40.233712876078776 -405.4732624672149,True
750,8,26,PSO,2333.5965120978,56189.43064537954,0.0096049011995395,,3030,3030,0,0,100,0,2,409.5525010480571 169.98787571151493;-248.59098853682332 396.5990045620742;50.07474509947365 643.3592198329004;491.69465611070325 566.2079646985442;-538.8438837654494 -503.1643255190712;595.9034112075975 -376.70992122577104;167.99363417990386 -575.3375325192923;-490.4493918074089 -33.55476864125358,True
750,8,27,PSO,2954.919700715356,55568.10745676199,0.0096049011995395,,3030,3030,0,0,100,0,2,-73.45971539039988 162.69682364233879;51.0023359883898 449.3070033900708;-686.0959083147302 -75.49483558012321;436.0007083991121 265.1912814048902;-559.2031032084351 -487.63274296292366;-335.9902655226322 377.18156200059957;146.7593689703287 -639.5700981334345;206.43237818291198 -148.63792155940115,True
750,8,28,PSO,2194.061039857253,56328.96611762009,0.0096049011995395,,3030,3030,0,0,100,0,2,-287.67754025559225 -605.4236776465851;481.46984872793035 -573.9056288736627;386.87963281836943 37.20722416680503;-460.62863626974035 268.39584560426545;243.27397128269322 -237.2761568450722;-65.6822693362422 195.77996453622922;-566.1332632442009 -230.6101998258856;509.68557206484957 437.71213093008055,True
750,8,29,PSO,1823.115912151996,56699.91124532535,0.0096049011995395,,3030,3030,0,0,100,0,2,-85.65828515277161 104.07453890310201;148.6872384098839 -160.55154507926528;565.6815727943381 -434.06250536869675;-185.76456695388117 693.8477053622331;-722.2351151361801 -142.59104640350108;730.8226742082966 103.00421955008386;362.170154649664 437.018706352988;-273.0538308586081 -664.6776411602349,True
750,8,30,PSO,2193.78588534092,56329.24127213642,0.0096049011995395,,3030,3030,0,0,100,0,2,-482.4135021158012 -466.40469970842906;-216.39199862382242 528.1738615608302;-28.245622538222335 -705.0241755987789;391.50725003996484 -638.3329614940203;589.0584857206433 443.6243258409424;-577.9267428738522 -6.662633002331877;240.84150423903776 65.19480810804637;549.3324716883601 -191.24206596166118,True
750,8,1,SSA,2216.852078821212,56306.17507865613,0.0133723595490058,,3030,3030,0,0,100,0,2,168.4579474433976 14.190423184563016;93.96912258358344 -458.25090107326815;326.92349264593275 574.9030814400312;-398.9458799147648 -606.3967135429217;-651.827981281585 8.201288043624011;-222.53504156074612 -255.38386835299804;587.0374489903334 -253.97895189359267;-146.882390306165 127.92492786699968,True
750,8,2,SSA,2140.573469359326,56382.45368811802,0.0133723595490058,,3030,3030,0,0,100,0,2,-248.75731622242427 -481.76166803315914;-575.7416689751998 -93.399464110237;361.9264390067845 404.654631728241;262.99489955154195 -701.803694983196;-31.66536266159402 598.8123143433849;706.8945526648821 171.90995518824167;-408.41953047342184 628.4892240412405;60.3155973028722 -6.386657783604732,True
750,8,3,SSA,1767.694974124068,56755.33218335328,0.0133723595490058,,3030,3030,0,0,100,0,2,172.44295957475552 520.6339530648653;-391.66976554225823 -514.1369257630902;-325.1473434203413 -132.99431313319144;-150.88825931451774 301.5314968677585;470.30052559217296 -512.3201398671497;94.24173529172067 -683.9590270521295;551.7310339492442 -124.41054883578083;-466.93334174058185 154.4752971574264,True
750,8,4,SSA,1583.202570079018,56939.82458739833,0.0133723595490058,,3030,3030,0,0,100,0,2,-149.47296781463066 -357.5303708247891;515.7249784012175 23.63478408020884;-677.006286832334 -322.70774032588054;-660.0527893490702 355.8142370734032;595.3598651829204 -355.201619186208;491.6746025581648 415.04763534477866;-309.4625009190683 105.1403405328567;144.77736319323077 712.6944854949495,True
750,8,5,SSA,2036.974476676464,56486.05268080088,0.0133723595490058,,3030,3030,0,0,100,0,2,43.87562293053386 172.71633324010602;612.5066479171 77.26264050746568;221.01545833330925 -344.95848480063023;251.22785670049925 620.5210015912339;-664.6845406513148 -334.8022507739229;164.37373797967675 -669.1001643092134;-389.50958364640064 517.9949187405529;-291.1003528124771 -691.2021750785948,True
750,8,6,SSA,2531.745705371904,55991.28145210544,0.0133723595490058,,3030,3030,0,0,100,0,2,-52.54746259208757 -456.23852569232434;241.03778684419612 -705.9161894326016;-96.1301542392348 345.2303283638899;633.6361531470194 -378.99767586460945;-706.1397040937261 202.62541540230777;286.9322420855145 -74.27858574608902;-181.98292306076294 -40.49084802461791;-632.8441538673184 -324.33985124938124,True
750,8,7,SSA,2038.710509778816,56484.31664769853,0.0133723595490058,,3030,3030,0,0,100,0,2,426.5666428352091 -599.7004231657353;534.578259875847 -288.2258552441971;-254.8215859815609 -58.48180520616536;-141.2014198206525 -577.316383103765;-501.24318336509657 231.76568547889823;-653.5932553707069 -232.73203412444565;-226.22563410454296 616.1657493628353;261.45728099536416 433.3994586020196,True
750,8,8,SSA,2257.181266317399,56265.84589115994,0.0133723595490058,,3030,3030,0,0,100,0,2,473.06459374275863 -308.3896080397449;-103.2047368620326 493.31312110658047;-5.229691090377659 99.00906803412593;-492.217232705129 -56.43280188013863;-632.9068949755675 320.82090414531194;-320.2088240696172 -516.1440924978696;394.9014798884458 378.974095835766;562.1393444722679 1.7440141608947832,True
750,8,9,SSA,2018.223445203133,56504.80371227421,0.0133723595490058,,3030,3030,0,0,100,0,2,142.59109586505724 681.8570254228844;-118.98368630878399 -313.12273352072816;454.10115976212916 347.887876532391;361.57545987100656 -159.5634577727122;-568.5349160499504 488.9167989489638;-132.12053672997698 35.18775242414947;-366.85574302894406 -613.1714870618208;-618.4960207553809 -272.4484236113675,True
750,8,10,SSA,2369.123937727061,56153.90321975028,0.0133723595490058,,3030,3030,0,0,100,0,2,645.4633017866252 147.78348829780887;-332.00645559437834 -671.9991568872068;643.8031038397002 -225.94666835992584;-296.4901424188715 -90.51141143293867;291.4755424764867 382.409546171008;-195.07236814553337 448.39040893085365;364.33420084629375 -531.3581852049233;207.98029984331865 -136.4365749616916,True
750,8,11,SSA,1724.243887140707,56798.78327033664,0.0133723595490058,,3030,3030,0,0,100,0,2,2.5978143445540978 -0.3989812228081704;397.19799960453656 -635.7484361134476;82.33663397130829 664.834968297379;-532.4785310112115 189.95020448208328;653.1520667584672 -341.85447628203934;-184.57668924023756 -275.98005258346035;-184.78863562688065 426.48572462651214;629.4036841380253 206.2274922310525,True
750,8,12,SSA,1746.864260127892,56776.16289734945,0.0133723595490058,,3030,3030,0,0,100,0,2,-28.574595322157993 301.1067048694802;323.5970798584733 -178.07329443011332;656.6083235279746 171.09507969613668;282.29384050416803 -674.82454482613;-644.1304172740897 -188.23547713193452;-244.2302634097833 -380.78783710293345;175.51473466021443 595.8294057466326;-131.121883524797 738.4129649906299,True
750,8,13,SSA,2092.253368460115,56430.77378901723,0.0133723595490058,,3030,3030,0,0,100,0,2,714.3071354341395 -3.510649691523741;-23.14264028983511 -235.9374798148236;-334.3850596762176 -598.1934886722754;532.9898306334399 -371.3042489770347;124.83563688999011 338.5214916305501;187.0227357164901 13.810555237954606;-526.6211928334243 127.55079215838475;269.31267340947244 -662.211157164611,True
750,8,14,SSA,1607.731572837729,56915.29558463961,0.0133723595490058,,3030,3030,0,0,100,0,2,-339.65307992462 506.6727635939124;497.4423118001537 358.90289542919635;198.00719595922234 688.941419989504;-237.27413947301395 -189.33993216406012;432.65131358128025 -214.2960689510269;-82.71208171322442 149.8937829622253;-462.890248142631 -550.9003327443728;405.10528681931623 -559.373223174787,True
750,8,15,SSA,2180.139720860774,56342.88743661657,0.0133723595490058,,3030,3030,0,0,100,0,2,-540.8743598917464 41.87145093307829;713.8415412495516 220.25371467641295;550.1305189720005 -190.28330424184676;-157.1226790889116 -707.7346865951437;-297.7474399954591 318.33780656757955;-189.2496967541004 -191.4183301466745;464.6124925401922 564.7021928748189;311.5676219967362 42.01114221585517,True
750,8,16,SSA,1784.842415429055,56738.18474204829,0.0133723595490058,,3030,3030,0,0,100,0,2,-189.49294593039832 -538.6403092046655;-596.100109000104 -406.8559800142136;627.9880031833525 -231.26735460512836;232.6249136329631 -687.2839435761808;-181.359066787802 722.4133398192452;-506.5432010423504 155.5477139906569;-2.5854112043037705 6.568676060254487;22.84147386831293 318.49540377709155,True
750,8,17,SSA,1924.175547883002,56598.85160959434,0.0133723595490058,,3030,3030,0,0,100,0,2,416.05238203920135 563.9165799673656;-365.9326530090295 -645.6950763130714;592.581273034869 64.76942334476345;-464.18931072193817 565.570079697696;-623.5932112448858 -69.25535783179056;296.73663786273266 271.5918690285886;382.81677635213947 -367.7160159172249;-203.0790624326709 207.72825299705883,True
750,8,18,SSA,1700.97735481734,56822.04980266,0.0133723595490058,,3030,3030,0,0,100,0,2,45.74396190764669 -28.926161409548616;-714.5720590747725 -163.3672694313526;719.844990754885 -209.93814813943501;-352.7932749345093 659.4692633977236;504.4574761483299 540.9811063400101;-458.45468569538383 291.8021797910815;-400.42807953798984 -531.4888007967412;329.73028244282494 222.89306583490804,True
750,8,19,SSA,1646.039115751511,56876.98804172583,0.0133723595490058,,3030,3030,0,0,100,0,2,-550.5792493530129 -385.71526863467443;303.9665451690334 16.826321510880557;-221.57422654237072 355.98796665902745;504.40014529940385 -403.9982832239693;67.25653362962805 -742.7967315364049;33.22041534005241 702.1848540592156;686.7114824968231 189.51293237454334;420.0864580298873 556.3335028747601,True
750,8,20,SSA,1674.391893953303,56848.63526352404,0.0133723595490058,,3030,3030,0,0,100,0,2,-283.17154493864297 -515.8804317802623;-599.2534323202742 -365.5049184799613;174.92352601221305 260.7719005734721;-396.2783091861995 595.8932087462692;290.1028137918467 657.7924192098841;-270.05179260177687 -7.637277011498784;275.7215588593481 -677.2835696646655;533.7557608296232 -289.54317298363105,True
750,8,21,SSA,1918.478169450835,56604.54898802651,0.0133723595490058,,3030,3030,0,0,100,0,2,541.0198542960497 -482.46061168707786;692.6603646133075 -38.94933810973587;149.06402635461902 -221.92274662387447;539.412335828884 296.6499703559676;59.084834806963045 -623.864382149788;-129.89348268523838 311.3884811399399;-261.4022359240884 673.7654352752604;-630.8449217990654 -378.1455652543993,True
750,8,22,SSA,1861.072001361994,56661.95515611535,0.0133723595490058,,3030,3030,0,0,100,0,2,641.0491469079448 -309.7186272460212;127.17524440790095 -574.8820738847078;95.79089942440383 673.24804902853;335.77916109476797 -112.1758385973711;-560.3413176801758 481.53100924528337;687.8833837071923 274.1364533571945;-21.06454725495421 355.9468824524191;-458.59420169995207 -585.8295646374862,True
750,8,23,SSA,1059.590511253162,57463.43664622418,0.0133723595490058,,3030,3030,0,0,100,0,2,-319.3341646852548 588.3944703117515;379.56294477769745 -624.7364322006393;-562.6720023759691 39.61274253642727;607.9631053878818 -347.4720279130155;-384.67925791932686 -624.2869561547203;454.58943823308977 386.4406185330762;-183.21463272328057 -256.78284105027154;725.8321360903982 14.437032171670504,True
750,8,24,SSA,1649.672664963778,56873.35449251356,0.0133723595490058,,3030,3030,0,0,100,0,2,276.7446176101254 -132.73330814454476;-576.0485991479675 433.9277945400936;-589.3118526884776 -391.48129700896385;-397.9273654242651 48.531683807133504;257.40503413954167 -698.2402909350992;590.1336188288542 -414.61425061373063;-46.67803295160678 283.42182393365067;-118.5260057123173 738.0880918211554,True
750,8,25,SSA,1793.763058823439,56729.26409865391,0.0133723595490058,,3030,3030,0,0,100,0,2,-78.14706971694062 350.52208527357186;460.631971083207 591.8765494381274;106.94470960590878 -654.3069993078666;-558.3083975763861 111.96339539328412;175.39055133968495 -144.40723633324131;361.3436312910534 122.02149687064426;704.8151742788068 -256.3893921154862;-410.59553953849235 592.1234434680144,True
750,8,26,SSA,1737.589935729644,56785.4372217477,0.0133723595490058,,3030,3030,0,0,100,0,2,-218.98071759958563 -440.07611367509327;1.1902230573467218 -92.14312491612046;18.95505988545708 308.0008635058307;-671.5709440454275 87.99653577563677;157.45455224971974 -707.2923607709047;650.8634617777774 198.04476679511728;-139.0160285244815 724.619676908923;-437.0590684574252 372.7490826131496,True
750,8,27,SSA,2225.785535281517,56297.24162219583,0.0133723595490058,,3030,3030,0,0,100,0,2,-207.0473085778417 -666.8871094013479;-170.98653893907974 -221.35174592331327;664.7459681774164 -347.2934977352475;277.06160346929147 -312.9664172600711;496.99896924873167 34.65269884880933;-718.2255787730828 -206.39222611373543;-509.94773050108284 549.6392456697783;336.28261877221973 373.1153543845989,True
750,8,28,SSA,1606.348883497158,56916.67827398019,0.0133723595490058,,3030,3030,0,0,100,0,2,-334.6758985920366 670.6775417346925;-66.72451759601526 -438.9770023790688;-592.5746026992326 308.19670579193365;355.75042816451963 -659.8657070252217;-40.55155316084337 149.3878266216864;-401.0989696388334 -284.70825580378727;355.1343881147596 639.3954343052847;566.244730268014 -16.625266471318117,True
750,8,29,SSA,2594.257315555435,55928.76984192191,0.0133723595490058,,3030,3030,0,0,100,0,2,-699.9882787799773 -269.26740964083933;-380.8629526954715 -534.8226935171496;-149.04445686291632 549.6281220495889;359.6961061121893 -299.8449323087888;-158.08820138367304 -197.9158249228672;620.6951532206616 16.69683661683289;418.56162928018466 -622.3372733050406;17.050346520446976 -595.8791949543634,True
750,8,30,SSA,1590.938376387909,56932.08878108944,0.0133723595490058,,3030,3030,0,0,100,0,2,327.7922847707913 630.117466662031;279.6925829223064 -601.4882265817702;185.42201883893154 -183.01125277003067;673.2253788984715 116.54390444093552;-489.83647482166606 -567.8139696925492;108.61989324910195 298.3581533056348;-460.78814470877484 -178.40817152466417;-442.83543884995095 575.6737729235981,True
1000,8,1,DE,1577.558843768951,56945.46831370839,0.0123903779933849,,3030,3030,0,0,100,0,2,460.19921435454717 -343.36624550110594;931.3540151626969 305.20741613760833;111.02347380047672 301.9167388756615;283.89653990463717 -49.51825035339425;-319.42980132201603 -223.74596201055442;-358.7358327957395 400.591216077599;-82.28615174233923 -931.2753811295645;209.85869974734157 920.9608857910176,True
1000,8,2,DE,1193.001737317121,57330.02542016022,0.0123903779933849,,3030,3030,0,0,100,0,2,-557.1803557396948 43.90040950550906;-322.39949388537434 937.4294158919881;797.2485489937314 430.15301881413535;119.89607082188648 -635.56339501264;805.9346647571597 -311.514113233585;-105.90054575789577 -953.1349302220287;-141.73970378396632 -137.28119537164417;-784.6984488726648 -564.7917409471204,True
1000,8,3,DE,1499.204110179613,57023.82304729773,0.0123903779933849,,3030,3030,0,0,100,0,2,-982.1873387703142 16.55995201511824;392.4795143555548 -812.8318570357039;-220.23080503654288 623.7510452731547;459.6196940091105 -425.79278244307477;-526.9001191619116 -228.09555792365126;651.5324811229193 383.2770807594431;109.7696384536398 963.5830195403468;-329.4189877199613 264.74554273211334,True
1000,8,4,DE,1753.947330945935,56769.07982653141,0.0123903779933849,,3030,3030,0,0,100,0,2,-563.016823339553 644.5025907235666;-147.76331355681288 -455.5333950780274;65.5870957115354 969.8380989560499;463.75793020590163 697.2765370872934;152.05952107463526 1.07834110415304;-809.5351906016782 410.40966190654825;354.5551725520985 288.2431908248452;716.3268992430518 -514.3569830836059,True
1000,8,5,DE,1433.948557178366,57089.07860029898,0.0123903779933849,,3030,3030,0,0,100,0,2,-900.1478134132119 -336.4646680433391;-481.49489012357833 -849.021043621081;818.1761418305218 20.47087052985262;-799.8064233819841 453.2300842967547;155.43101764678397 261.42831964660115;675.1712654119056 499.9898296363082;772.0859589412997 -398.6754362861388;-72.03110634276673 787.853719340004,True
1000,8,6,DE,1594.792795452951,56928.23436202439,0.0123903779933849,,3030,3030,0,0,100,0,2,445.5134708745686 -771.4384338965375;-266.37931839302513 749.9504777959703;264.53624480316114 395.565283525208;797.3537777278191 -277.54594748158274;-431.7637128760654 -25.832579239061033;-636.5801324618674 566.4781982867105;960.2978594441518 8.300219229314507;-18.046619074825088 -530.3309989197709,True
1000,8,7,DE,1624.400144609965,56898.62701286738,0.0123903779933849,,3030,3030,0,0,100,0,2,48.1839332764315 -113.43537952147037;-375.4620200126583 354.21562016843313;539.3910448410746 -329.1944792801865;896.4505837108644 97.56309515372325;870.1839095129695 444.9001596906692;-92.81953787055926 -852.0032240214164;1.7524496060556203 855.1079778060973;-946.1289145440454 -77.771279580987,True
1000,8,8,DE,1398.087598294391,57124.93955918295,0.0123903779933849,,3030,3030,0,0,100,0,2,106.27530967381975 -953.7333913306862;-447.04794735083885 780.1596650293526;-507.30212862805877 -352.6175621846176;-596.2338686326697 503.2800400198581;-481.04687056016337 -28.42664054901809;86.28016650429589 579.9535199391983;398.8168024528599 237.9837841694074;498.0403178103423 -599.0774001592561,True
1000,8,9,DE,1601.62374212232,56921.40341535502,0.0123903779933849,,3030,3030,0,0,100,0,2,-447.5759359305263 892.1203183171158;-380.68025588787475 -75.33974809481879;-517.4864283774734 -550.8604104722921;-663.4478114319646 627.2094599665504;-976.5563738593967 108.07548020443633;855.4827676222787 510.9732051974572;216.56894030316465 459.6486509576926;262.95462037626356 -686.4430251205122,True
1000,8,10,DE,1798.456274755743,56724.5708827216,0.0123903779933849,,3030,3030,0,0,100,0,2,59.9931412678539 -212.90777039383903;531.303242639604 -616.4634860584167;-300.9933890586097 -335.93537567129766;47.60592592932025 443.33722604627536;-249.62789538546835 850.9500099382602;55.05624925807351 -824.7924003685379;584.5989798478192 -106.8251272272696;-777.4991147408632 259.5209054979681,True
1000,8,11,DE,1532.518796658456,56990.50836081889,0.0123903779933849,,3030,3030,0,0,100,0,2,-827.2609636547138 -497.40255417124143;773.7690206572049 439.53475957278545;767.7278804204225 -550.5824874017084;-326.1522308738667 935.6974552643062;24.400590682210748 72.39068104967939;707.1589819333026 -164.6431555874422;296.91252294480535 864.7598695605706;-367.13283727680806 -571.197976493501,True
1000,8,12,DE,1525.654413100914,56997.37274437643,0.0123903779933849,,3030,3030,0,0,100,0,2,542.5723492578171 -758.9135847097203;-779.5713618720716 -468.5160581084985;673.1780442506024 162.5688309541224;484.73310239704944 460.1457683406848;-379.8042192271249 -878.2736643301619;-165.2211438997254 812.5225105620553;-513.2580616494573 144.42617326385985;181.9502501248532 -45.89890820867629,True
1000,8,13,DE,1522.083421739873,57000.94373573747,0.0123903779933849,,3030,3030,0,0,100,0,2,25.210988953613708 325.0127327443986;43.10642633995241 823.4387003946924;-627.6495132241973 -584.042744275097;207.90719020331395 -59.694939073620844;121.64661735321613 -867.3127333773708;-757.8043995357478 32.941855261631815;-93.25040243316118 -422.68509140650264;596.7745830765175 -229.3720268911518,True
1000,8,14,DE,1747.432759291652,56775.59439818569,0.0123903779933849,,3030,3030,0,0,100,0,2,585.841894384698 -804.7933185811489;367.6297080600772 -243.8529414822304;-663.792262439458 -612.0232642058187;-241.36708414930206 211.5473463638267;-511.5830819133792 31.695133968572023;176.27391680504616 948.2796917550404;-41.01655399275134 532.5172886583787;197.8956462851457 195.60149867974383,True
1000,8,15,DE,1650.940837083937,56872.08632039341,0.0123903779933849,,3030,3030,0,0,100,0,2,11.859061054469237 591.0745222293092;-446.5355891718639 -517.2346232880643;33.03475987738943 -870.4516809081995;295.42091092240105 -387.1397869728602;464.3814096609973 411.89844493411596;-724.8260372396724 241.78169042749207;282.6103073736617 835.2280209363141;948.1261542499051 101.99660467129118,True
1000,8,16,DE,1657.296505376442,56865.7306521009,0.0123903779933849,,3030,3030,0,0,100,0,2,585.2541717137692 782.0995085390991;647.1076721369841 -656.5629223362572;113.59095687087927 78.782568737346;-816.488205082064 157.67886805195096;571.4901605325131 -250.05771122007792;471.8577252249918 325.734924194041;170.137984460712 -957.2236037374823;183.47383773729678 748.656419541451,True
1000,8,17,DE,1572.885875379048,56950.1412820983,0.0123903779933849,,3030,3030,0,0,100,0,2,-674.0858995594556 160.79446259025622;-297.81895097051734 -589.9012959743417;789.4761240100988 -603.0431465604636;132.14639519584378 467.9291582505054;-343.7028866567168 -902.6405026768558;-74.99348944935738 -74.63452496917373;-360.33131337957303 551.0719264005745;426.40456473492105 -88.5650554300251,True
1000,8,18,DE,1168.502664171283,57354.52449330606,0.0123903779933849,,3030,3030,0,0,100,0,2,797.0751223648225 100.05209501124148;342.1658516966854 -330.23304091637397;641.7580564918399 408.04264516623425;156.9739526022737 -591.086967081159;-12.83022312916924 -997.1525348187592;206.87800136071684 943.1348173142312;-5.684925535104412 501.7060837700784;-608.8041969425942 107.00147035000731,True
1000,8,19,DE,1596.578346716371,56926.44881076097,0.0123903779933849,,3030,3030,0,0,100,0,2,721.0519684808986 -71.07636734423491;-275.85310671503055 350.8474948534029;-237.99546247671776 -881.0999692568197;815.9209962390671 516.4700057366608;-435.5529894868576 675.3223523707826;-205.8560161998425 -38.89929560239938;515.2718331881634 -754.9609943743792;-401.01979088542305 -592.2378625158105,True
1000,8,20,DE,1458.783981486275,57064.24317599107,0.0123903779933849,,3030,3030,0,0,100,0,2,640.1973429158096 322.51203335647426;-818.6233199142412 -65.75494480082757;47.577875970399475 855.7746210959554;248.94833852567385 -831.1658373212749;755.9168492466725 -544.3641325329343;-731.5759799546341 -450.7275886302715;-432.77714964629274 600.225544049631;481.23592576713554 -228.5553434671774,True
1000,8,21,DE,1693.242356528528,56829.78480094882,0.0123903779933849,,3030,3030,0,0,100,0,2,-139.32547991925105 874.8126378066195;122.86534381216751 523.0113482750523;-748.814140303274 -192.3176230728031;-122.11680520380327 -7.698147398022655;101.78759191754 -789.711317269016;-417.182252011365 299.79695782452256;893.7737738603985 -262.5098429869636;-295.0760916599168 -377.1560600883873,True
1000,8,22,DE,1198.229091767578,57324.79806570977,0.0123903779933849,,3030,3030,0,0,100,0,2,706.2561208279137 -279.42998630903986;-257.8902037188551 -598.1560662154088;-487.87765311761075 548.8221052505946;135.82060805176422 -931.2393156323233;308.85736502416137 844.7648406989983;710.0279285538275 492.6211114567253;-485.95924149357376 -865.7060954197498;-451.4055766812165 60.80911501728903,True
1000,8,23,DE,1578.507490448806,56944.51966702854,0.0123903779933849,,3030,3030,0,0,100,0,2,328.4449852322906 290.5926359283885;729.8008666736437 78.90779714280119;-21.221865771653654 903.2955046417666;-158.07187017184822 605.1844958240333;-112.25096668607142 -402.2698861278283;559.9416190436668 -671.8388279576972;-111.91916603011795 -847.6743891153164;807.57223059854 469.18384397764567,True
1000,8,24,DE,1575.6401775091,56947.38697996824,0.0123903779933849,,3030,3030,0,0,100,0,2,930.6816381231966 -307.620033305926;202.53452478715155 -587.5675011296433;494.2155406170128 173.33934909978746;480.97480016705657 591.5287858389062;-414.41516288673876 779.2621902387061;-527.3812625342104 474.5088326174646;-409.5016129410786 -469.045311729477;-7.203002854364897 -921.6024861383224,True
1000,8,25,DE,1328.029471459653,57194.99768601769,0.0123903779933849,,3030,3030,0,0,100,0,2,443.5683864518328 -281.622514778133;426.7066349327132 187.92182417987962;-34.59364330284936 -959.1717155513147;120.10743912354086 980.1030303669313;-389.57467388965557 -161.89876881948612;-409.1619237144899 -655.3246278448231;-484.50504710076984 284.67528508981536;-735.1714590055474 589.7958660490954,True
1000,8,26,DE,1650.736615642025,56872.29054183532,0.0123903779933849,,3030,3030,0,0,100,0,2,-923.5196183240791 350.6547764392002;-663.0819482052976 172.29612099619612;-794.8284849622316 -326.8261714047064;-234.4700645118605 893.6456061261063;74.01635639279809 -832.0488556446785;472.84206426944684 521.0274248840249;47.34882136941286 51.77879005914747;716.0499224611694 34.634518502861454,True
1000,8,27,DE,1544.397184702095,56978.62997277525,0.0123903779933849,,3030,3030,0,0,100,0,2,-316.41795861936464 760.3635786899423;155.32016911856027 399.15305091199144;-258.79688231506066 -510.20823367035473;379.75141918417614 742.5194413462232;-550.9215407192464 14.384432386931735;309.0507325660644 -697.8577956478921;367.128495775643 103.09449968062358;-484.64809825612883 -776.6361307255281,True
1000,8,28,DE,1665.431932605214,56857.59522487213,0.0123903779933849,,3030,3030,0,0,100,0,2,-728.2819986095851 -432.63640860890024;-236.49356407238892 896.9990895248989;-143.33453241389975 583.7945040793124;570.5008869989267 345.06539662467765;158.8822104377512 -983.8139654547568;9.158933006244382 199.51665094688644;-114.48716777493733 -164.83829186159682;572.4089124551672 -453.86751508171324,True
1000,8,29,DE,1526.940699786639,56996.0864576907,0.0123903779933849,,3030,3030,0,0,100,0,2,41.278922462957894 345.97197592519814;820.1343808201892 -82.67356798782642;-343.7266350771442 66.26826226964317;91.31718651792727 -82.2178484240809;31.486216335185134 -905.4503820112474;836.8767319342178 -421.1413154618554;-445.7355803728938 670.8548175107951;274.9224104473288 792.8884254450361,True
1000,8,30,DE,1454.486140400302,57068.54101707704,0.0123903779933849,,3030,3030,0,0,100,0,2,-807.3492645579322 -295.07215498346466;707.890198950876 578.6348654950023;-400.9975224367853 735.4414641420934;656.8605896318738 207.92888954212876;328.25642174578377 -7.731011427372323;-563.296803607084 -537.9801956902289;771.7730214445306 -283.71109459112773;301.3247518485936 -876.9733323934727,True
1000,8,1,LXSSA,871.7560494005229,57651.27110807682,0.1453317834685246,,6030,6030,0,0,100,0,2,351.0867983987919 -935.5830344135876;698.3576212128554 453.3273210975694;-247.79150592485186 461.7424501098026;-326.01236086246445 -915.42538534904;637.7979076266862 -339.34476100901475;-692.4481415724592 -678.4893526379179;-567.1692610135655 -32.92977651968077;-458.6106689918641 -335.9811360058764,True
1000,8,2,LXSSA,956.5672656261376,57566.45989185121,0.1453317834685246,,6030,6030,0,0,100,0,2,-157.71912193801833 -820.4909323809311;326.1106658914883 101.26722346851025;-447.1436564391919 313.0955521757975;-810.965774889016 585.0076943618847;489.1445040189259 571.6984921571986;-538.9731888568 -387.68097296146425;409.1028128976472 -646.886130930768;42.82325397997638 948.895621815353,True
1000,8,3,LXSSA,890.5199489766965,57632.50720850065,0.1453317834685246,,6030,6030,0,0,100,0,2,-321.78581298557424 378.38459155541335;-739.2048996283362 -632.4367601734228;-437.82851863935235 -293.4923697033866;-196.82942392403973 947.1591948351788;380.1489533353669 -924.9208912712606;791.4753577362876 -599.29491492227;257.520703854063 -59.805458411526175;523.4148869235572 251.93828919911954,True
1000,8,4,LXSSA,883.0599706557259,57639.96718682162,0.1453317834685246,,6030,6030,0,0,100,0,2,437.5034392306893 -65.38698424416127;86.33862203475556 -817.0731625800756;752.7416957555597 -620.8584969808089;137.4912151573504 260.03669550205734;-856.5019927118864 -421.3282032262145;-688.2050578266048 252.28128248868862;43.200723533929875 934.9392416760114;848.6682420642668 453.5271248922412,True
1000,8,5,LXSSA,1022.103142432992,57500.92401504435,0.1453317834685246,,6030,6030,0,0,100,0,2,579.1929321585983 715.1063801767368;-467.9871083280782 312.3014982745333;674.0968914932585 295.9825402442587;-393.96178418808836 -710.1052464721406;42.101206915265 -870.296073956067;-367.5758151392778 -280.19058551412667;-653.5760471485916 738.0256438404325;-103.6727506059948 38.183720665266634,True
1000,8,6,LXSSA,1116.859533668692,57406.16762380865,0.1453317834685246,,6030,6030,0,0,100,0,2,35.55666087270738 -699.5092145030674;271.696715622217 -242.61975304305048;-583.5383062344442 -142.58623804170747;895.1099242161356 385.0946620991531;-407.07815404771685 905.5407981364056;56.49787486152941 599.8517420947184;887.7557760032116 -459.56034760924456;654.7155263410272 12.863903662999604,True
1000,8,7,LXSSA,442.648683553467,58080.37847392388,0.1453317834685246,,6030,6030,0,0,100,0,2,-861.9115735096676 -29.565680914702508;740.8205761183548 410.24616584320506;-877.2768907504876 -479.89083645411694;-638.6822577575772 417.71764003287393;-89.31399955344827 -937.7354168068052;682.4264581689895 -730.9462957428678;764.5651258006011 -47.02018394487795;173.6525402611837 984.8065431894565,True
1000,8,8,LXSSA,757.0699255799045,57765.95723189744,0.1453317834685246,,6030,6030,0,0,100,0,2,839.8369659517971 -353.4129087513291;-969.6359266577624 -186.33486009217165;730.0110459884085 506.47336363963495;-596.8072115719367 479.2265081594701;57.606956086825605 99.8071185898461;-398.48921776739206 915.5930337248908;4.6375497105587264 -845.0150665797843;-586.6638780371363 -732.8764950833576,True
1000,8,9,LXSSA,607.6736933478751,57915.35346412947,0.1453317834685246,,6030,6030,0,0,100,0,2,237.68848272166113 -937.0808022997754;-441.3058018231047 -74.01699600645959;795.750252871667 604.3003614715585;-692.2150096375185 446.1622807985146;-354.455882900279 915.897354085524;772.8448660296754 -396.48137812797637;-683.0449779685239 -428.4808212086687;747.3751652171984 213.3010373825487,True
1000,8,10,LXSSA,832.5121675247356,57690.51498995261,0.1453317834685246,,6030,6030,0,0,100,0,2,-686.6666324784778 -709.6334583379441;382.4601799678492 -70.78316024275637;895.7662987199585 443.76420954192326;-935.5655384844238 -81.9795088047235;458.10236436935156 -559.5699373415468;270.4020214762846 -951.5438967024522;421.9673507229997 903.7338952595859;401.38587099873774 277.42849788627973,True
1000,8,11,LXSSA,1062.810705469579,57460.21645200776,0.1453317834685246,,6030,6030,0,0,100,0,2,-208.7046103252142 937.3912447646918;-235.71529123614792 -516.2630210912286;830.2221709780513 229.3707468506494;497.08458979998227 866.7771752169554;-192.47712161587526 -47.71344623401326;429.3770519479104 -733.9158487915201;183.2504619788769 442.5251568046912;-259.6722322916004 -965.6962910932676,True
1000,8,12,LXSSA,576.9728384028203,57946.05431907452,0.1453317834685246,,6030,6030,0,0,100,0,2,-361.62269560047315 -781.3777104285969;-105.26215055335571 993.7101672358026;71.94363815802122 -313.9451775370331;-730.2853275871909 632.0764772910204;-754.3850130266317 -67.94075933443594;514.0276610659804 636.163256653762;-861.0868812964869 237.6243337845853;667.0785609878341 -519.1940993230512,True
1000,8,13,LXSSA,825.311510588981,57697.71564688836,0.1453317834685246,,6030,6030,0,0,100,0,2,656.3921407786245 -637.603559346788;-359.3168750509998 -287.7278848192749;434.3939043516588 895.0827801747632;822.4540712266753 -313.74087683952166;-342.70870179282224 786.3827584624013;-4.542900738510923 337.61678767832666;-363.07527461954123 -908.0604823036458;739.9032847165732 334.30857133331165,True
1000,8,14,LXSSA,889.5957502694655,57633.43140720788,0.1453317834685246,,6030,6030,0,0,100,0,2,60.57861995666112 -588.3499718653641;38.30828204141193 84.88904259070095;471.5654146906077 -881.8216707543617;-924.3395600786247 360.93395046240454;953.2878827830822 -75.87980734299491;-742.0451873398224 -197.98558886632188;70.41244046971421 966.080103865758;210.28463427423588 362.79225269074624,True
1000,8,15,LXSSA,841.5017989258849,57681.52535855146,0.1453317834685246,,6030,6030,0,0,100,0,2,-455.6007506312576 -384.9161421276692;-835.2330071153033 174.26856375979068;562.1539130799576 655.2977814961181;385.42695134462156 -158.33516046050764;-586.4106860020403 -735.5970564547363;146.42132153782993 -928.1697963757057;705.7539195557544 245.59326516536555;-166.04719922455882 813.8494577981772,True
1000,8,16,LXSSA,783.4236776827529,57739.60347979459,0.1453317834685246,,6030,6030,0,0,100,0,2,-955.6480791329246 -49.890086174724686;-682.5817180428247 -717.925094530156;-348.61943672030753 -290.22677228832976;577.7541004739702 812.7623532991255;54.27811418081885 981.3923639513309;825.260675619753 -87.65605199241992;715.1367858259026 -696.7924393702945;-104.76640438559572 424.92228313167396,True
1000,8,17,LXSSA,405.5352985994177,58117.49185887793,0.1453317834685246,,6030,6030,0,0,100,0,2,524.1591154686837 -325.31171514545457;-576.3507401293604 -335.687414742606;-633.3613473646384 -663.5664001772888;549.9689988331207 -665.6189348546035;282.8368873084935 911.830757335198;684.156622698833 -10.80081560213963;-357.38643219978053 261.6450995405797;-510.23550635558814 702.3063226313669,True
1000,8,18,LXSSA,1253.940953610851,57269.08620386649,0.1453317834685246,,6030,6030,0,0,100,0,2,-973.2573455162117 208.91623154008846;-269.72821259798513 -202.58069872749175;-265.4199899238759 780.7340367516107;-484.1331559064161 -733.8033706810883;157.25875659900368 325.7631729828293;-334.6124530086313 382.7280843232935;684.0247061038094 -727.1394041598749;56.007452193649186 990.9960841475694,True
1000,8,19,LXSSA,948.8903873073068,57574.13677017004,0.1453317834685246,,6030,6030,0,0,100,0,2,-236.97228891076887 -970.704125633792;807.8349475012513 589.0640360114606;-335.879374211731 803.1922162853319;968.4770395017099 -246.61919278262818;-95.445815683781 -545.6905575669291;-110.56196677242883 344.962780787325;-238.9028625009652 -250.75777286617557;276.8126046681777 -798.0932147759343,True
1000,8,20,LXSSA,857.8730509958186,57665.15410648152,0.1453317834685246,,6030,6030,0,0,100,0,2,-302.7219767330566 -203.4410320413513;7.675925586742872 244.0554868047525;-758.2913954368324 297.81947494153076;373.0220668834548 -858.8882822701953;-471.062698391531 -861.9722856684072;591.8662307341083 -432.8065858055902;-733.4879210509943 663.609775039156;105.69619038648662 782.6748711869209,True
1000,8,21,LXSSA,1165.698994089769,57357.32816338757,0.1453317834685246,,6030,6030,0,0,100,0,2,-112.73506004835609 211.5312843002424;-547.3856004882149 -777.9448675028888;715.7528746199569 441.94898926773936;-563.3610911180647 780.5801694227703;863.6293235070565 -355.4714152045177;-125.52886464188065 -366.05646797322373;733.8315910053915 60.343461435588154;-698.9926582668372 241.14490920989414,True
1000,8,22,LXSSA,698.478282065822,57824.54887541152,0.1453317834685246,,6030,6030,0,0,100,0,2,-699.2720849185167 -547.3756876831178;-398.60460199902764 901.8991427189328;423.68184217150093 225.68328613923867;-596.7524018474128 610.3776559128746;299.5837783416125 -922.3658639152492;67.47142103763859 -346.52053515804744;837.4560842349985 -546.5038174146289;600.1747431520524 618.0963506484674,True
1000,8,23,LXSSA,635.1056634591441,57887.9214940182,0.1453317834685246,,6030,6030,0,0,100,0,2,324.1151064076088 -942.8914841786116;936.4670062464701 162.10350193642216;-443.49484063908835 492.2478316799899;-308.7144594514965 -218.8270987450542;-572.1286682764293 -691.6784630603225;447.89985696438475 -425.206967610652;-892.2234519645276 19.441544373372025;-173.1829006860689 917.380179250129,True
1000,8,24,LXSSA,922.7177151243886,57600.30944235296,0.1453317834685246,,6030,6030,0,0,100,0,2,518.3541047261399 318.23228809462853;-484.0957315511515 870.9793473611608;-369.28261682059315 58.706291009787925;805.4106317517867 -241.5558835825935;-140.37093882867856 -975.3686328713757;92.50390104416088 -647.8217849463068;63.76030791507744 550.0051007559656;-830.4484090505011 -407.40192812536526,True
1000,8,25,LXSSA,791.7840420381835,57731.24311543916,0.1453317834685246,,6030,6030,0,0,100,0,2,-137.31360079476468 526.9421945221943;-62.77790311404408 896.4852662888288;94.14116022457058 -995.5546391103865;457.5833239958201 -563.7474254860845;-917.7872488898149 397.07175834263745;-666.2924075052683 -567.5365917181216;874.8398050453129 445.98825321414614;537.4794720996086 -154.97554070289107,True
1000,8,26,LXSSA,1019.25025078925,57503.77690668809,0.1453317834685246,,6030,6030,0,0,100,0,2,-300.14838912894834 -623.7140703086026;316.72689785032986 902.0438256148002;-185.27117561356712 659.1306822419887;447.83289994059055 463.6229222715434;286.7471301211291 179.0122725793817;465.25136559196903 -774.3079245731857;436.605060033698 -426.6469735958158;-865.54277706238 477.91370598417615,True
1000,8,27,LXSSA,805.9336624054486,57717.09349507189,0.1453317834685246,,6030,6030,0,0,100,0,2,166.60431136094837 -552.968193014711;137.96785317375404 -219.846866041205;267.6788051962387 963.1041608270314;-697.637446417241 270.95116036719884;317.88051105896875 127.67495497872574;-920.9839567089696 -214.55308843361925;-199.32422068248178 -942.913604884587;-107.04247840681903 565.9209309904484,True
1000,8,28,LXSSA,717.9810809486225,57805.04607652872,0.1453317834685246,,6030,6030,0,0,100,0,2,267.63230425485756 448.5461109395958;927.5148120505542 -280.6925018143513;-501.1403185185337 -665.0541543522686;-545.1478343561514 222.98902442912126;-50.84267270955966 -854.4550639018254;-957.1816292603767 -256.0099332671825;-478.0778202386934 868.5061369548996;172.6406384578299 28.33664813534727,True
1000,8,29,LXSSA,1217.817577077462,57305.20958039988,0.1453317834685246,,6030,6030,0,0,100,0,2,679.7474090301217 535.4744593046028;284.9272893252027 64.29268942326121;-47.66716605742935 945.7605248636281;-216.74770946474604 -80.58850463272421;-184.696870320319 543.005771197277;-613.2865637518254 385.23347303258146;-494.5793428963245 -846.0912241059758;-456.5832117547043 -433.1101557355778,True
1000,8,30,LXSSA,1051.618982084059,57471.40817539328,0.1453317834685246,,6030,6030,0,0,100,0,2,-645.8069679708144 -506.43824688586466;582.045336302192 -210.94829420086043;-474.30724734681183 -169.35612722839218;569.103496199023 -739.9342636730555;-672.2231254175321 733.5029598039276;470.48850823001624 726.8084458450595;-342.7675895949784 -939.0665792274596;369.8502624648467 104.4932197484739,True
1000,8,1,PSO,1225.919355573067,57297.10780190428,0.0095889919747908,,3030,3030,0,0,100,0,2,267.03031469032453 -337.8976223843485;150.558687789636 223.68491177206158;-981.4943799009675 -91.57077578839177;-83.14027312207288 476.50482833098187;-247.01379012810227 917.1735334193748;-559.0996502997558 -802.7393252964183;601.822301391707 -489.7946762340056;561.8883990256436 -802.0342702173564,True
1000,8,2,PSO,1436.011881352191,57087.01527612515,0.0095889919747908,,3030,3030,0,0,100,0,2,573.3341648337258 760.9890810649597;868.2578707980023 -178.03963726238624;-169.5223312244563 -810.4867035614632;-379.4286859461835 -485.90910037655874;-669.9977392941779 144.6893832327488;108.99273719228582 -184.71185627949598;699.404929384478 157.46326573948812;-907.6734661988364 -120.38524797988885,True
1000,8,3,PSO,1607.216600792926,56915.81055668442,0.0095889919747908,,3030,3030,0,0,100,0,2,-309.1861458555886 866.2999017967388;47.519399058163856 -181.49642367483244;33.0053706673454 493.61614931918814;605.845454289973 638.0525241716075;450.78731167308155 0.27689842483505345;-798.0309792003051 -189.46168405274335;-956.4468951959009 228.2436189599573;-480.6916694275746 -704.4021833398053,True
1000,8,4,PSO,923.1778258371268,57599.84933164022,0.0095889919747908,,3030,3030,0,0,100,0,2,48.462770701818265 61.191318555621635;-738.3717438873199 606.7994708960599;-508.1832858416112 -661.1710616452934;729.8940656115035 -333.15686693999623;-53.996056185752245 911.3931325565584;-805.6285467084706 -174.39649679754763;906.5614998100561 302.22092554152727;422.7581085896856 -795.0855904099681,True
1000,8,5,PSO,909.8251304773804,57613.20202699996,0.0095889919747908,,3030,3030,0,0,100,0,2,-414.09199646123994 905.6891102981473;394.87122722400966 528.8948250613057;895.3388772964727 -403.10210279796684;-591.2383703786526 592.8540141021119;-640.4596813036844 -416.9777714439392;-616.3706126102761 -748.0578901882607;-626.9189489318462 268.18475793486436;899.6595735610326 227.4904839865157,True
1000,8,6,PSO,1070.464022305976,57452.56313517137,0.0095889919747908,,3030,3030,0,0,100,0,2,173.3091386929718 295.7015009699316;605.3516212462247 755.4450700439215;-600.039566476961 737.2941914607152;-940.1757072544353 339.8676017811115;225.04793237922752 -788.1709939391427;902.9121519188789 -262.67225000917426;-663.8557116872025 -731.6699428881817;277.94945867521733 -331.6530448729553,True
1000,8,7,PSO,1100.589897820653,57422.43725965669,0.0095889919747908,,3030,3030,0,0,100,0,2,-643.3998161347535 537.4950609409636;-74.35895039069476 113.37643628703498;-468.5131857974021 -782.8600909378537;717.8946104801379 474.1806245930934;453.31653165591877 -214.98668398165245;-344.4147280828814 904.0267153211291;-592.5705392945208 -238.22717035254593;364.2613982900581 -785.4262339779551,True
1000,8,8,PSO,1013.490870582209,57509.53628689513,0.0095889919747908,,3030,3030,0,0,100,0,2,-279.75150277443055 386.9590725916512;979.7816795824664 16.54119477057674;-24.801273632972972 -363.0093254995208;-344.96159036774594 -764.7028419860774;-525.4547869302975 26.37236912869004;612.2938619110895 695.4420888590134;89.80662841616743 -932.0659172569174;-691.0871200368406 674.5181674908641,True
1000,8,9,PSO,1371.298433385709,57151.72872409163,0.0095889919747908,,3030,3030,0,0,100,0,2,707.8137947935671 424.21435046227833;481.8334760712045 748.6700901360216;-198.6314526809142 -358.53310884225067;606.8889178481187 -719.2959271775891;654.342791426079 -352.1659569695606;-71.97266142200064 591.9960103333967;476.0501392927438 110.02868634261677;-641.9711963460742 402.7816402580971,True
1000,8,10,PSO,1047.722897820386,57475.30425965696,0.0095889919747908,,3030,3030,0,0,100,0,2,-834.1092239655338 -521.2826841915945;-101.19162131196722 575.9392179251007;-849.00992461628 270.16787004538054;737.640881054329 236.14201784150808;-652.8654527909248 -191.462218433582;934.5510486059485 -153.38079078458102;427.9800774972527 899.3877415647571;598.0359330042683 -700.1524499231637,True
1000,8,11,PSO,1040.894747618659,57482.13240985868,0.0095889919747908,,3030,3030,0,0,100,0,2,-576.1545726712311 436.15952568693365;-941.3223651668427 183.32082205344426;875.495610878292 236.43372350383248;-625.3996948804869 -582.2165122002884;-187.51724312224968 -911.2602892731065;609.6109543982072 -570.036613348279;-807.511418013951 -256.87116470301737;-271.8477266203433 914.8063008028523,True
1000,8,12,PSO,985.956517646562,57537.07063983078,0.0095889919747908,,3030,3030,0,0,100,0,2,463.10299262035085 -512.0022918731696;-362.0188854197867 743.4810734077041;580.2203347104544 577.9782639921307;531.0021986124524 -118.30467807421971;763.1020748450965 172.7972447894907;-859.9105076854823 -407.1133680667117;-986.8511263875411 128.15726316887137;396.71646888610843 -854.6871545553039,True
1000,8,13,PSO,1250.285397536711,57272.74175994063,0.0095889919747908,,3030,3030,0,0,100,0,2,-78.0862220386535 -258.157885025091;875.8125553112873 -245.53271421803504;-294.01074270250143 -823.278434724011;303.37452482622047 -952.5819248906206;-576.3664533698343 721.3623118211351;342.5590940163168 284.29985444786263;78.31304060056429 703.1594808603526;-707.4419115398046 -8.785517823479626,True
1000,8,14,PSO,691.114564654119,57831.91259282322,0.0095889919747908,,3030,3030,0,0,100,0,2,107.46910877158362 -946.1995653705544;961.3726954108645 -101.65034051366578;16.524059744937205 165.7001392971722;219.4485189155106 600.7292133958772;-976.4786567111888 -82.48445659920814;-521.2366467851265 838.027499432529;796.7661839506361 -539.8874027766346;-622.1099626139817 -530.5116293574318,True
1000,8,15,PSO,1504.725668357067,57018.30148912028,0.0095889919747908,,3030,3030,0,0,100,0,2,639.7946848885173 -94.30575569352054;383.99604532316084 -678.0238324907363;610.0732205613415 628.5106163984829;-416.42704582564204 -821.3714326597164;-99.79135087728935 -385.78488492239944;219.20624846381875 351.0345544486414;-733.993108118663 -117.38689253587773;-912.5498497220251 245.18373152918514,True
1000,8,16,PSO,831.1648281340458,57691.8623293433,0.0095889919747908,,3030,3030,0,0,100,0,2,27.925641437673498 -782.555372596689;-725.6431916451593 -585.9337906785413;462.8118362352214 657.3059981169492;-732.0029524983769 508.0203880928376;-629.3979795518209 -13.103694548388527;297.89516304141904 -14.145837899444809;-333.9736936329465 923.588003543142;167.30609329066974 -336.559655734146,True
1000,8,17,PSO,1317.756253905267,57205.27090357208,0.0095889919747908,,3030,3030,0,0,100,0,2,-950.9391909616518 -9.540877043281103;-852.685572074735 380.90737413232205;558.1901093281909 -429.30940253459886;-95.87320312837923 648.2095692053591;-723.9209701983903 -484.4264092126484;172.28402759023038 374.838348959236;441.0536749290863 863.0623861528809;-141.77269076398107 -929.5529441083665,True
1000,8,18,PSO,945.660631189574,57577.36652628777,0.0095889919747908,,3030,3030,0,0,100,0,2,-95.45979733098225 -950.3124904032193;-129.69102135892314 935.1455176935968;965.9751519649564 -208.8869000887018;562.5996006392458 534.4770209242864;-932.3102447313181 -191.30294908244548;-426.0214797760091 576.1362404895143;-870.4808989077875 193.42859917199885;381.78285520820816 -799.9685481370835,True
1000,8,19,PSO,1325.121244571252,57197.90591290609,0.0095889919747908,,3030,3030,0,0,100,0,2,-415.37337854676025 885.4617004477052;-256.3787504238776 524.1998627690476;-263.44976350393284 178.26987651201392;-50.486996716554025 -918.2961871655162;666.5814184487482 -161.35790077289167;616.3128748233438 -686.141910377821;296.36071720184 748.6781482471353;591.3023510044515 186.39115918839892,True
1000,8,20,PSO,1068.044407180605,57454.98275029674,0.0095889919747908,,3030,3030,0,0,100,0,2,793.5377625449719 -538.4078392361005;-391.5112662596743 -905.722301373583;-144.81176869327527 -533.6706834882169;-231.93582323722188 479.77558195389827;-929.9682154840965 150.83951976055198;333.610600595912 50.20983066387907;118.71387549366627 780.0039176402172;-626.280816366303 777.231466673544,True
1000,8,21,PSO,1200.700963294024,57322.32619418332,0.0095889919747908,,3030,3030,0,0,100,0,2,998.696945889401 -19.375864279172617;-761.5831184773897 -551.8342314875861;-414.93498106357464 328.152320362011;-350.05941220583014 -219.1371812714189;583.3307583498515 -632.7708625131731;52.60102706194533 219.27457800163626;91.30053505535466 873.3405045443217;744.1535815618665 611.8982792870733,True
1000,8,22,PSO,1049.274958222457,57473.75219925489,0.0095889919747908,,3030,3030,0,0,100,0,2,845.2225085643148 77.31325881372766;-881.5933547868117 22.72986993712331;639.3492160569082 527.7517033322581;-594.2805708487781 -787.8962644120465;223.62655303507387 -792.9369305859313;-864.6158633329617 -420.0995553846538;647.0866729926039 -434.4903363217241;-415.9779155986604 367.4000396809592,True
1000,8,23,PSO,845.8653111154636,57677.16184636188,0.0095889919747908,,3030,3030,0,0,100,0,2,-675.9133415460776 184.72269044281376;691.6068714167176 -494.7829232330974;423.3304595790213 -791.3352530592894;379.5624191338773 -219.6507688231921;125.91104695257647 981.2447560845702;587.3717701523683 171.2305505291398;645.7315523280018 531.2347413178057;-734.4079177618984 -220.13192561078554,True
1000,8,24,PSO,1227.355118057858,57295.67203941949,0.0095889919747908,,3030,3030,0,0,100,0,2,-112.24164822399877 259.3676127574986;883.3093226476036 -128.41117709603546;278.89124160717716 466.80457197646723;139.75102697100598 780.6712956802037;-426.12317140803685 -469.7194363057463;786.2246537340825 -480.21858839350244;-889.7198547462333 -30.735209400007335;217.8245762408883 -968.9849608134456,True
1000,8,25,PSO,1310.666818648555,57212.36033882879,0.0095889919747908,,3030,3030,0,0,100,0,2,804.3777350444886 82.29578701546227;-883.912514095643 -383.9017971775526;206.02784895687535 -393.8637326691742;-494.6442391943357 -38.57365005917973;-469.2254550190471 -701.2190701912423;-469.88056480117183 791.332349126431;-292.1337802303704 351.5530877211148;-101.42807024263095 -875.8897352325407,True
1000,8,26,PSO,1217.196707855437,57305.83044962191,0.0095889919747908,,3030,3030,0,0,100,0,2,-810.4911051585116 -18.587461224691737;-632.7820492701253 411.62007594837587;-140.6686073758685 -973.2489549437821;-481.3904154504553 770.5288066567338;842.9033453959664 -409.5023173143552;321.49275019390274 548.0885486600159;528.1148531057473 838.3159441219292;-103.76529346721344 -61.453517005950516,True
1000,8,27,PSO,900.147273242932,57622.87988423441,0.0095889919747908,,3030,3030,0,0,100,0,2,-73.43108501853904 -994.4704993637921;38.87835411971771 -666.873311116868;829.6427383357726 -366.42864239762173;66.42294593644533 958.2225995322594;-950.9177532953252 -81.30996164051115;459.3414197168269 -84.7506746199429;-323.6672905885076 493.1538308658819;823.2573789716655 512.7823634691171,True
1000,8,28,PSO,1261.570715777671,57261.45644169967,0.0095889919747908,,3030,3030,0,0,100,0,2,-500.03197027945527 237.95066802950635;-178.60566658301752 -811.7458571802124;-432.81812162694376 569.1556894108074;-476.785270622515 -407.0217927344682;642.1036889578929 -19.189450662392716;43.71580588021405 828.0313054338607;810.0258168822711 -563.1684128149143;394.3467553116979 344.25061319563963,True
1000,8,29,PSO,839.132738247099,57683.89441923024,0.0095889919747908,,3030,3030,0,0,100,0,2,758.6013014989436 -470.22138872896625;-484.5873281500432 738.1193224738012;-528.235432386333 -161.93401887527332;-632.3537646410102 348.1878165938492;-600.6100277670375 -674.8852842208355;774.1820625629924 150.62240307640965;59.27390844763069 -932.1950039340226;566.9746592150973 731.0718795639167,True
1000,8,30,PSO,1225.100078949974,57297.92707852737,0.0095889919747908,,3030,3030,0,0,100,0,2,-629.2964708206539 592.4050556782852;874.6924653126324 290.0640868746091;-788.7252526325879 276.2478698338644;249.38041805732018 -937.8235152570459;-325.46080331247873 -555.5554103099314;-490.1376700935737 -55.05535786439863;-429.3035816888804 862.4215739591183;350.1384878120185 461.7397927422843,True
1000,8,1,SSA,727.5558359920906,57795.47132148525,0.0369464481870333,,3030,3030,0,0,100,0,2,802.0073998504192 527.8664599253084;673.9601269390928 185.94575937683047;-153.5677549628088 -34.801460981454134;-406.03407360108343 -428.45603602899973;-967.7152087133223 175.95852375640024;664.8660553708615 -434.51049346753433;-142.1230242050384 648.0879381045935;-378.4526701156894 -884.9935743161365,True
1000,8,2,SSA,985.0077870268942,57538.01937045045,0.0369464481870333,,3030,3030,0,0,100,0,2,-728.8411658328502 193.69718853855946;130.18805739615829 -677.9835534699749;517.2467784908764 -10.922734969765564;723.1472370125945 -413.33388400280415;860.131474045652 217.58201781028328;-903.452012270306 -379.8192465818963;-416.6153919919685 755.3299491715546;527.9214419195324 509.7780696463776,True
1000,8,3,SSA,1113.493645807575,57409.53351166977,0.0369464481870333,,3030,3030,0,0,100,0,2,-20.662736377873717 405.8875093550545;-642.2171547521001 -724.7318412492563;746.6244192828685 613.6811904001;-324.0642844318885 743.9293577602231;565.1238185216512 -65.3124557720957;-633.7214156615578 332.7732059708507;-460.73440989488256 -47.86173900816594;-416.5291022469882 -450.2570802061118,True
1000,8,4,SSA,671.2495263710371,57851.77763110631,0.0369464481870333,,3030,3030,0,0,100,0,2,-387.0852566176173 -162.66175170810476;-201.94775748211 523.5800442430248;-626.9051409540111 -774.0666921114477;176.01004285890315 -566.3127283878082;-918.4139441308046 208.96572035799372;-344.2223209552917 935.5507805617648;529.1148561579387 96.27440548382108;497.5096518164585 712.4321383482148,True
1000,8,5,SSA,576.9039419441106,57946.12321553323,0.0369464481870333,,3030,3030,0,0,100,0,2,387.5122472259777 -875.34658492925;-73.08586486994076 334.95103617958983;782.3672510274273 568.3093669622668;-610.9814853573848 -626.9295582351994;785.3219635692662 -295.60448798251315;-329.48743208182736 859.7418773762066;-915.1760856234059 106.78337441171819;461.74486036732776 100.40050374430827,True
1000,8,6,SSA,1579.669029063887,56943.35812841346,0.0369464481870333,,3030,3030,0,0,100,0,2,-249.25891673463755 639.3571147642043;294.885595446104 -157.92932870435038;-334.77288195183456 204.63150083075266;947.1645226600002 318.63299172715847;-373.62846692292396 -194.32917404363877;371.3867213827001 901.9994714381874;272.6990062909159 458.9855431588503;-167.1653899914935 -665.7429864397831,True
1000,8,7,SSA,1172.435440533365,57350.59171694398,0.0369464481870333,,3030,3030,0,0,100,0,2,309.0097702671492 -161.90532096465697;244.40712237029481 503.04712692493786;935.7438528764366 198.35967227243432;-727.14704721426 -265.95110165917134;15.094549562241832 967.48639000184;-806.095466306794 494.3373154525063;761.3224786966837 -647.6653264822326;717.1774390966867 648.0070124986257,True
1000,8,8,SSA,1025.027404787899,57497.99975268944,0.0369464481870333,,3030,3030,0,0,100,0,2,765.1947838401463 609.0894159062906;-782.6649932091898 -337.55834130834404;-663.3300378731673 664.7946440810409;251.47689998240747 -867.1876891058315;-482.09400892478175 -670.6545463855232;-810.7637539446627 18.55048389768572;541.0320022195838 -1.154538371168463;339.28727646078596 469.7153836051117,True
1000,8,9,SSA,1158.452084296303,57364.57507318104,0.0369464481870333,,3030,3030,0,0,100,0,2,912.516097673612 382.10760241594204;-412.4627659160037 598.1075779467934;235.32031211162783 -962.7451748280286;-930.0862160244222 240.520455852996;-112.90633179908932 30.597638159322173;595.0064702533253 -653.7877392075592;-770.1278500865167 -636.6712117196694;-34.23279624809284 -276.12419388444823,True
1000,8,10,SSA,754.3046336850311,57768.72252379231,0.0369464481870333,,3030,3030,0,0,100,0,2,626.4338956471709 186.3134100336736;587.4222179388066 598.0116870268204;-879.6728963576809 -201.38876635136123;139.74640856444827 -925.1854548598976;-132.12361433621254 189.50272622114724;-477.66777075195614 861.8420339660747;730.3267292975358 -662.3697203687072;-348.1511377907625 -390.86748803174214,True
1000,8,11,SSA,829.6442298052498,57693.38292767209,0.0369464481870333,,3030,3030,0,0,100,0,2,676.0174214156826 -274.28946997746266;567.5664584760226 523.2662978040861;-84.72289278969409 88.58623822034303;357.1587781103133 -744.1267435975736;-820.3964707239883 89.16906869153458;-421.07490075770204 -288.3443281319502;-122.59332777360366 916.3375164238325;794.5958024746767 96.0253678013128,True
1000,8,12,SSA,1258.758854855034,57264.26830262231,0.0369464481870333,,3030,3030,0,0,100,0,2,-844.5138696091072 499.1532026269747;-67.81691359876208 564.4342353132034;506.2383288724572 -421.41464756431185;879.5263454703986 -2.2694332382348543;-221.47109744518784 -285.71095208523883;678.1951538426845 683.2930837819597;938.3444102847042 309.18404574396465;522.5532159319101 -828.4643845599401,True
1000,8,13,SSA,1005.704457899039,57517.3226995783,0.0369464481870333,,3030,3030,0,0,100,0,2,519.1721082100935 645.2258239632657;154.63436592093967 -727.418726978403;715.8180619655647 -484.3515626773125;-94.01739232292061 935.5173552601044;-772.2011826271453 617.1744924851678;-904.6381372569168 -419.61994984194996;192.3587518905367 -115.65101493983082;-969.4860611052361 200.36842538183046,True
1000,8,14,SSA,869.6675612419058,57653.35959623544,0.0369464481870333,,3030,3030,0,0,100,0,2,-4.160575274159971 -871.5530520889419;901.9603574771592 -345.1321284845596;741.0218240082527 237.83243456440837;-481.7577232869773 59.57869200830127;310.1330756016632 520.1110701176543;-384.3383949651188 918.2321019967117;-650.1552894202683 -302.3444498889141;94.19196711352215 -555.7744188105213,True
1000,8,15,SSA,1564.519120877689,56958.50803659965,0.0369464481870333,,3030,3030,0,0,100,0,2,106.32788946298122 -469.13855482296105;554.5984298959041 -832.0998306035207;869.0543417538614 -315.27437655552944;-826.385038032844 -227.66086238220683;264.3553525482568 296.59400051115864;-191.30633335839838 -44.19590460457208;-956.1362700026804 159.55459373772266;-78.20843036670794 -867.699026549123,True
1000,8,16,SSA,693.7232431744633,57829.30391430288,0.0369464481870333,,3030,3030,0,0,100,0,2,657.6219629747615 -559.6119240699691;396.66339599320344 -866.5339449020174;576.5856085164955 786.9085398967903;-530.6670866093802 772.0341417987889;-655.6883511685002 -728.5598945164609;607.7361871846553 129.9457346204491;-829.7156618578748 -271.3119953081579;-542.8323618824323 109.74499550854297,True
1000,8,17,SSA,616.3208041822581,57906.70635329509,0.0369464481870333,,3030,3030,0,0,100,0,2,-684.0740066091823 -598.8507377697381;423.13004812869684 855.6125943145502;-885.9292683138511 369.5467972251718;652.3763922580962 -757.8951201067429;-91.2207408044364 -17.488584255628027;-509.83592399730736 856.4891502957151;681.2602798171424 192.81580804632782;-130.39522445242548 -975.0018565408502,True
1000,8,18,SSA,1060.396466378079,57462.63069109926,0.0369464481870333,,3030,3030,0,0,100,0,2,14.317767299005988 89.88675703955725;37.14792093514369 -226.343935013538;-216.5797465846178 783.9268183664337;68.19573964327193 -957.2473930237796;755.4724531550963 -421.26470542418116;638.085920897975 546.528885085535;636.81705826603 -771.0148925829606;-949.935056844867 32.02417211128757,True
1000,8,19,SSA,1242.603427933682,57280.42372954366,0.0369464481870333,,3030,3030,0,0,100,0,2,509.06046754664084 99.24028554816418;-622.7407792074451 -571.7975712653931;488.0028935924756 -267.1361625347537;63.231478147478036 -484.45037443858064;-322.6194125991817 185.52580152069132;470.32711391903257 -865.0644658886035;-371.09645987723684 606.2049858235604;120.3682906588779 783.6218681389718,True
1000,8,20,SSA,1224.806826333901,57298.22033114344,0.0369464481870333,,3030,3030,0,0,100,0,2,-921.4328160512545 384.13738147778366;-337.27915912931434 147.00650023888392;34.14410240901364 692.2164999777758;833.7248381376421 477.171166708512;-326.17374748628515 813.7562622109778;5.82237433605234 -501.9370211239074;-484.06685739233603 -152.85590833372066;569.479852199307 150.89839309565176,True
1000,8,21,SSA,1083.969205582456,57439.05795189489,0.0369464481870333,,3030,3030,0,0,100,0,2,-89.20229241597985 885.6980039631476;-522.9187098542934 -254.65140330150396;117.47189337617154 115.35971534213529;412.2481448919335 -240.8218841227583;-880.3844981278224 118.9264746342985;-257.0687321539736 438.32825379062484;576.3313639574186 -673.1143598010756;-767.5860212812859 612.1416005970708,True
1000,8,22,SSA,1147.949135207738,57375.0780222696,0.0369464481870333,,3030,3030,0,0,100,0,2,760.2292623046385 638.0410393531755;-951.5486877194165 239.07567578851976;-319.01795490034493 -3.037647011586648;191.96961949014772 -397.15626735932375;130.7041502943075 -986.2633301631702;-436.40412685243626 -758.1849147307518;-795.0897456877127 -531.975268618571;120.15157294722144 877.0246449055596,True
1000,8,23,SSA,774.5057906735092,57748.52136680384,0.0369464481870333,,3030,3030,0,0,100,0,2,-844.873266231121 -345.98840390193783;980.7081113005006 195.45343064315995;568.2219879208131 -786.0210923036094;-121.89429504313566 852.1521083723984;155.88459822340093 203.05506995511197;-798.7426515953822 456.0755883659709;-90.14738623709107 -548.042721768353;560.3757283352825 816.1727590151341,True
1000,8,24,SSA,999.0931285072148,57523.93402897013,0.0369464481870333,,3030,3030,0,0,100,0,2,666.6986381994615 48.718083731928296;-324.28175472322994 -836.154407334107;-707.7680549162998 41.373758428814334;-640.9123865611923 671.5202206466455;864.3175338540857 483.50032337576744;486.03330100880146 -624.2557820006452;280.3448309912047 591.2311645470973;-367.2996183117607 -392.18515417841354,True
1000,8,25,SSA,1133.950052882203,57389.07710459514,0.0369464481870333,,3030,3030,0,0,100,0,2,521.1231990171704 829.0323605259251;838.8793278235596 -434.43006179780383;848.2966566182952 462.65955769557945;-73.04592142040677 -948.1072384398668;124.92262602798256 272.3239292114255;-10.364965560289365 -536.3815419710725;-419.6812106489162 -81.88169452471942;727.8884439608723 73.81920948397264,True
1000,8,26,SSA,1257.46655288693,57265.56060459041,0.0369464481870333,,3030,3030,0,0,100,0,2,-572.7100087212523 -265.064705489863;270.34244329543515 -677.8822709601483;-569.1990782417984 821.4965996846807;56.76645616757514 624.1946179910603;777.5163349084291 368.5554858044134;410.7314891609207 -261.88787388268105;-345.05436457501435 171.31995205747893;820.480453038437 -515.1444034234299,True
1000,8,27,SSA,886.869169141406,57636.15798833594,0.0369464481870333,,3030,3030,0,0,100,0,2,13.328773901216525 -7.1524864518348386;102.8244597709988 984.8504040340907;-506.9611269754091 -751.0299281256965;-691.4187150357885 407.5224610699276;660.697046057451 401.2394831352067;-255.17354823710235 -408.5089997310115;-841.0334949300799 -13.271124718681328;458.3391073891354 690.1758614179387,True
1000,8,28,SSA,1059.267161682867,57463.75999579448,0.0369464481870333,,3030,3030,0,0,100,0,2,-329.8066404306327 44.7243728224989;255.7307051836147 -142.53045177421754;791.5167860034552 611.0789852530485;441.47011855391804 -843.3924324366586;52.67091274139959 288.16465371752327;-392.8744649045969 602.5833630141922;-213.0912941384624 865.2116656819355;-451.67075243390605 -331.19859706789464,True
1000,8,29,SSA,1057.383198913041,57465.6439585643,0.0369464481870333,,3030,3030,0,0,100,0,2,-627.3104527675351 291.34858652512315;118.25689977073203 -440.4639772022467;701.5734260574417 389.3320728061657;-443.80976831260716 -93.94024267895819;-443.92507107163107 -807.5475193134727;595.237482673796 -77.43079404533133;521.9326549810287 -811.1258998142971;107.44153169750987 884.127651107696,True
1000,8,30,SSA,961.7180023583788,57561.30915511896,0.0369464481870333,,3030,3030,0,0,100,0,2,-369.8471260459754 928.7149922776368;-394.70483693880385 533.0571657757934;697.7244342848825 -396.81099213537544;-606.7470087130919 -780.1258534432209;-830.6075026738789 251.751723168462;499.6503978659055 279.745195859539;-521.570569263958 -306.248577585029;320.3034412157338 903.3934852919775,True
