Experiment,Algorithm,Budget,Calls,Spacing,Dataset,Radius,Turbines,Seed,Objective,Ideal,WakeLoss,Feasible,MinSpacing,Seconds,Coordinates
hornsrev,LXSSA,6030,6030,4D,3,500,4,1,47368.04690646622,47368.04690646621,-7.275957614183426e-12,True,388.25802565403444,1.634412063000127,-374.6304 269.2387;-188.5409 -214.9470;208.5710 -326.6923;477.3207 -46.4819
hornsrev,LXSSA,6030,6030,4D,3,500,4,2,47167.30499292518,47368.04690646621,200.74191354103095,True,370.70255408743407,1.6258986319999167,-417.9559 -274.4318;-289.7725 313.2736;469.4736 172.0306;-15.7473 63.6127
hornsrev,LXSSA,6030,6030,4D,3,500,4,3,47368.04690646622,47368.04690646621,-7.275957614183426e-12,True,380.4232007324633,1.5667554990000099,150.3542 111.3687;406.3609 -170.0249;-387.8244 -69.5754;55.6294 -473.7750
hornsrev,LXSSA,6030,6030,4D,3,500,4,4,47368.04690646622,47368.04690646621,-7.275957614183426e-12,True,375.32710592687675,1.539318860000094,-367.7985 -86.7517;-58.9668 -431.3388;-280.5251 326.8070;84.5406 413.9706
hornsrev,LXSSA,6030,6030,4D,3,500,4,5,47368.04690646622,47368.04690646621,-7.275957614183426e-12,True,330.907837075078,1.5974131699999816,194.7430 126.1955;-38.7297 360.6960;66.8502 -439.0457;-408.0580 -61.5938
hornsrev,LXSSA,6030,6030,4D,3,500,4,6,47235.569550041626,47368.04690646621,132.4773564245843,True,308.6675557628625,1.5877127280000423,422.2831 245.7334;-158.4194 474.2175;-190.5223 -461.4931;195.4603 36.3842
hornsrev,LXSSA,6030,6030,4D,3,500,4,7,47252.09796675883,47368.04690646621,115.94893970737758,True,439.0819212753876,1.5574786950000998,-120.2131 -140.4259;310.7236 294.4550;169.4440 -470.4133;-278.8030 415.0528
hornsrev,LXSSA,6030,6030,4D,3,500,4,8,47368.04690646622,47368.04690646621,-7.275957614183426e-12,True,435.67859043172103,1.6586341030001677,-250.9928 152.6067;452.5735 -90.7120;-336.5543 -361.5201;363.3984 335.7428
hornsrev,LXSSA,6030,6030,4D,3,500,4,9,47368.04690646622,47368.04690646621,-7.275957614183426e-12,True,336.10902972900544,1.6047734120002133,326.0922 -368.8705;-163.7354 -451.3922;215.9624 -51.3163;-285.9267 117.7103
hornsrev,LXSSA,6030,6030,4D,3,500,4,10,47368.04690646622,47368.04690646621,-7.275957614183426e-12,True,358.2810642845201,1.585163312000077,314.5710 -348.7271;-190.3764 311.4964;-28.2360 -452.8840;209.3273 204.6501
hornsrev,LXSSA,6030,6030,4D,3,500,4,11,47244.039292687245,47368.04690646621,124.0076137789656,True,352.41424085232813,1.587919802000215,14.5787 125.5792;-107.9504 -487.7317;-65.8387 495.6462;-322.6023 228.0721
hornsrev,LXSSA,6030,6030,4D,3,500,4,12,47368.04690646622,47368.04690646621,-7.275957614183426e-12,True,380.4427813682124,1.6121689279998463,-187.2078 -361.5838;283.0539 222.5943;-298.0385 357.0617;176.6083 -250.3428
hornsrev,LXSSA,6030,6030,4D,3,500,4,13,47368.04690646622,47368.04690646621,-7.275957614183426e-12,True,398.9353664576029,1.5909094769999683,56.7826 -428.0491;-65.2309 362.9421;-326.1802 -316.2954;378.4253 -154.1094
hornsrev,LXSSA,6030,6030,4D,3,500,4,14,47368.04690646622,47368.04690646621,-7.275957614183426e-12,True,397.9458037955653,1.5352888309998889,2.7342 -292.8457;446.5742 83.0525;126.7920 429.3570;-293.3201 -26.9271
hornsrev,LXSSA,6030,6030,4D,3,500,4,15,47368.04690646622,47368.04690646621,-7.275957614183426e-12,True,412.76344966689146,1.5863128769997275,-107.6698 -364.3606;448.5194 -180.4402;-392.1802 -20.1322;-277.7330 376.4476
hornsrev,LXSSA,6030,6030,4D,3,500,4,16,47368.04690646622,47368.04690646621,-7.275957614183426e-12,True,342.4277091531359,1.7219439479999892,228.3209 -436.4510;-338.1829 316.3002;333.9974 130.0172;-252.1086 -15.1329
hornsrev,LXSSA,6030,6030,4D,3,500,4,17,47368.04690646622,47368.04690646621,-7.275957614183426e-12,True,311.1405535725499,1.6139870120000523,-12.7120 -465.1834;281.4872 -114.6382;194.4106 184.0692;-176.4231 287.5343
hornsrev,LXSSA,6030,6030,4D,3,500,4,18,47368.04690646622,47368.04690646621,-7.275957614183426e-12,True,407.0239970371628,1.6122389629999816,-209.6801 265.3899;-311.9024 -194.0206;444.1513 -2.8015;-34.0762 -491.4785
hornsrev,LXSSA,6030,6030,4D,3,500,4,19,47368.04690646622,47368.04690646621,-7.275957614183426e-12,True,389.46886318978653,1.6041781929998251,213.3051 -447.5650;89.5315 280.1741;370.2885 10.2454;-366.8302 -269.3440
hornsrev,LXSSA,6030,6030,4D,3,500,4,20,47368.04690646622,47368.04690646621,-7.275957614183426e-12,True,427.23841976171065,1.555500230999769,491.4331 -34.0401;-192.5983 -163.4955;-3.0833 465.8974;112.3530 -462.7235
hornsrev,LXSSA,6030,6030,4D,3,500,4,21,47368.04690646622,47368.04690646621,-7.275957614183426e-12,True,393.1622634017584,1.596435774999918,496.3117 -36.3246;-143.3677 194.1802;368.7636 335.5733;-231.0206 -320.9930
hornsrev,LXSSA,6030,6030,4D,3,500,4,22,47368.04690646622,47368.04690646621,-7.275957614183426e-12,True,319.7990828930108,1.5760267020000356,34.0623 -281.8497;321.9484 41.2337;-467.1702 -151.3819;-404.1626 162.1488
hornsrev,LXSSA,6030,6030,4D,3,500,4,23,47132.356553886835,47368.04690646621,235.69035257937503,True,310.6040097033331,1.7402517380000972,-75.0998 464.7714;467.7353 43.4631;368.6107 337.8254;-287.3149 -409.2064
hornsrev,LXSSA,6030,6030,4D,3,500,4,24,47129.42568185304,47368.04690646621,238.62122461316903,True,435.3741217035162,1.5782537480004066,301.7560 -398.2460;-64.4042 -102.1010;211.6370 234.5767;-326.8654 378.3636
hornsrev,LXSSA,6030,6030,4D,3,500,4,25,47368.04690646622,47368.04690646621,-7.275957614183426e-12,True,381.5739617027567,1.538146805999986,20.1494 -304.5371;-87.7323 448.3324;-396.8151 183.2918;283.4741 359.9895
hornsrev,LXSSA,6030,6030,4D,3,500,4,26,47368.04690646622,47368.04690646621,-7.275957614183426e-12,True,378.9377573736658,1.7524713530001463,437.4453 168.8410;168.3956 435.6856;-75.5556 -353.1746;-308.5055 312.6751
hornsrev,LXSSA,6030,6030,4D,3,500,4,27,47368.04690646622,47368.04690646621,-7.275957614183426e-12,True,367.68382069612016,1.6089678949997506,-295.7969 349.2365;347.1038 -305.9246;-416.3597 1.8808;152.3260 215.8372
hornsrev,LXSSA,6030,6030,4D,3,500,4,28,47368.04690646622,47368.04690646621,-7.275957614183426e-12,True,416.51585321331106,1.6655193400001735,273.1848 232.8132;-235.5507 -317.1267;414.2049 -159.1036;-141.9462 325.2341
hornsrev,LXSSA,6030,6030,4D,3,500,4,29,47368.04690646622,47368.04690646621,-7.275957614183426e-12,True,313.79256825093466,1.5346983869999349,358.0740 -199.2361;266.6365 100.9388;-202.7965 230.8687;83.0303 -463.9485
hornsrev,LXSSA,6030,6030,4D,3,500,4,30,47368.04690646622,47368.04690646621,-7.275957614183426e-12,True,452.3388238527408,1.6518113229999472,398.8597 79.1473;82.2013 474.3430;-109.0530 -439.0246;-446.5319 -137.8296
hornsrev,SSA,6030,6030,4D,3,500,4,1,47368.04690646622,47368.04690646621,-7.275957614183426e-12,True,383.95751364839697,1.6387561649999043,-249.7797 -84.7475;256.0709 378.8335;6.4293 -388.0448;336.5912 3.4140
hornsrev,SSA,6030,6030,4D,3,500,4,2,47368.04690646622,47368.04690646621,-7.275957614183426e-12,True,325.60390847675615,1.7308831750001445,268.9736 -308.0156;-306.7070 -169.1630;357.3878 45.4747;142.5894 290.1777
hornsrev,SSA,6030,6030,4D,3,500,4,3,47368.04690646622,47368.04690646621,-7.275957614183426e-12,True,316.07172870571844,1.594547756999873,168.3878 373.7767;-138.6144 298.6037;19.1770 -268.1507;356.2081 -338.4315
hornsrev,SSA,6030,6030,4D,3,500,4,4,47368.04690646622,47368.04690646621,-7.275957614183426e-12,True,367.98227614577934,1.608004135000101,326.2395 -134.7134;-172.9203 359.2893;-442.5909 108.9121;-369.6624 -335.7012
hornsrev,SSA,6030,6030,4D,3,500,4,5,47368.04690646622,47368.04690646621,-7.275957614183426e-12,True,340.5452065507065,1.53983002699988,136.7762 259.8049;-191.7344 349.5368;51.2348 -321.5221;-321.3894 -237.8078
hornsrev,SSA,6030,6030,4D,3,500,4,6,47368.04690646622,47368.04690646621,-7.275957614183426e-12,True,439.99840685201895,1.5622486160000335,-67.4711 -436.6189;-323.4310 234.4420;130.5332 355.8629;361.1153 -337.0587
hornsrev,SSA,6030,6030,4D,3,500,4,7,47368.04690646622,47368.04690646621,-7.275957614183426e-12,True,364.94815200804436,1.5472424109998428,-122.0310 386.2659;-32.0785 -15.1385;-290.9271 -309.3258;315.8536 -125.2765
hornsrev,SSA,6030,6030,4D,3,500,4,8,47368.04690646622,47368.04690646621,-7.275957614183426e-12,True,361.5325031470228,1.5948048939999353,-336.3748 -343.9432;442.9234 -200.6319;18.1081 -272.8968;134.1356 170.4603
hornsrev,SSA,6030,6030,4D,3,500,4,9,47368.04690646622,47368.04690646621,-7.275957614183426e-12,True,400.1164335962784,1.588869853000233,411.5750 -196.2626;-418.2590 -44.2155;294.0450 186.2029;-303.2833 389.1335
hornsrev,SSA,6030,6030,4D,3,500,4,10,47368.04690646622,47368.04690646621,-7.275957614183426e-12,True,331.2975876504435,1.5759214920003615,287.3049 -95.1166;-371.6033 -323.2253;60.5940 146.4621;-35.6806 -411.5623
hornsrev,SSA,6030,6030,4D,3,500,4,11,47368.04690646622,47368.04690646621,-7.275957614183426e-12,True,362.87120332253147,1.6446211769998627,398.7644 45.8784;305.4127 -304.7796;-218.9981 218.7688;-136.8368 -157.7040
hornsrev,SSA,6030,6030,4D,3,500,4,12,47368.04690646622,47368.04690646621,-7.275957614183426e-12,True,367.7732899809788,1.612863925000056,-442.0269 103.0234;437.5421 -214.7552;263.8736 345.1649;-90.1351 -3.8845
hornsrev,SSA,6030,6030,4D,3,500,4,13,47368.04690646622,47368.04690646621,-7.275957614183426e-12,True,317.9875795541856,1.5942576780003037,182.5500 -426.6640;-39.0357 350.2787;-347.3717 272.5292;301.6796 24.9735
hornsrev,SSA,6030,6030,4D,3,500,4,14,47368.04690646622,47368.04690646621,-7.275957614183426e-12,True,317.99928459754994,1.51963889200033,-181.1161 -134.9291;272.9814 407.1971;-38.8314 344.7763;178.1302 -214.8035
hornsrev,SSA,6030,6030,4D,3,500,4,15,47368.04690646622,47368.04690646621,-7.275957614183426e-12,True,401.7190048811071,1.5852024760001768,316.7309 -340.0406;166.0333 239.4851;-215.2957 365.8431;-315.5264 -230.0223
hornsrev,SSA,6030,6030,4D,3,500,4,16,47368.04690646622,47368.04690646621,-7.275957614183426e-12,True,324.6212603397629,1.6333914859997094,-236.9941 -220.2495;71.2748 -321.9807;346.6386 356.4768;-326.0171 147.2763
hornsrev,SSA,6030,6030,4D,3,500,4,17,47368.04690646622,47368.04690646621,-7.275957614183426e-12,True,404.0929102599072,1.5484336519998578,377.1060 185.8499;-357.9860 -30.6319;451.7861 -212.4355;-95.9535 -338.2518
hornsrev,SSA,6030,6030,4D,3,500,4,18,47368.04690646622,47368.04690646621,-7.275957614183426e-12,True,366.49120338725504,1.6012915880000946,252.9040 419.8855;-201.3995 -34.7297;320.8890 59.7552;147.4912 -456.6308
hornsrev,SSA,6030,6030,4D,3,500,4,19,47368.04690646622,47368.04690646621,-7.275957614183426e-12,True,385.7938156463292,1.5947217059997456,229.3045 -383.9791;-234.2296 136.3024;345.4769 279.6957;-335.0318 -236.0896
hornsrev,SSA,6030,6030,4D,3,500,4,20,47368.04690646622,47368.04690646621,-7.275957614183426e-12,True,309.5732953884308,1.6744396670001152,31.0941 -386.9096;344.6908 -304.4502;-278.7361 382.8745;-67.0447 156.9932
hornsrev,SSA,6030,6030,4D,3,500,4,21,47222.31437555038,47368.04690646621,145.7325309158332,True,417.93524188002027,1.6601620030000959,-268.0653 422.0674;380.2661 261.7280;97.9701 -46.4583;-222.8636 -447.5844
hornsrev,SSA,6030,6030,4D,3,500,4,22,47368.04690646622,47368.04690646621,-7.275957614183426e-12,True,378.8239032469273,1.6295111059998817,-29.0684 494.6931;205.2348 -119.4795;-464.0935 102.5774;91.2033 -480.7333
hornsrev,SSA,6030,6030,4D,3,500,4,23,47368.04690646622,47368.04690646621,-7.275957614183426e-12,True,462.01224181638327,1.569891921999897,-418.9679 -61.6617;341.5552 -332.8785;434.9521 204.1846;-285.1197 380.5373
hornsrev,SSA,6030,6030,4D,3,500,4,24,47368.04690646622,47368.04690646621,-7.275957614183426e-12,True,354.79140036652933,1.6029770559998724,67.2817 363.6936;250.7559 -325.2578;167.2097 19.5566;-404.8881 -94.9440
hornsrev,SSA,6030,6030,4D,3,500,4,25,47368.04690646622,47368.04690646621,-7.275957614183426e-12,True,323.99650368942696,1.6197908849999294,287.9618 87.6808;-288.0017 178.9020;-426.2434 -197.2578;-115.9258 -290.4068
hornsrev,SSA,6030,6030,4D,3,500,4,26,47368.04690646622,47368.04690646621,-7.275957614183426e-12,True,318.6507269994729,1.6596377350001603,-88.1739 391.1950;-272.8495 -202.3885;102.9354 -120.7863;223.4804 324.7879
hornsrev,SSA,6030,6030,4D,3,500,4,27,47368.04690646622,47368.04690646621,-7.275957614183426e-12,True,373.2620544272929,1.612286753999797,-279.8395 256.0621;154.5175 -287.7734;-383.4477 -102.5323;264.9240 96.0520
hornsrev,SSA,6030,6030,4D,3,500,4,28,47368.04690646622,47368.04690646621,-7.275957614183426e-12,True,375.4341101628494,1.6294225179999557,-433.0957 -141.7130;415.1701 110.0762;-146.9787 -384.7929;-293.5400 267.6727
hornsrev,SSA,6030,6030,4D,3,500,4,29,47368.04690646622,47368.04690646621,-7.275957614183426e-12,True,378.9269149858732,1.702572580999913,-370.5489 203.4268;-5.5492 305.2149;424.5414 -106.3769;-163.3377 -340.9746
hornsrev,SSA,6030,6030,4D,3,500,4,30,47368.04690646622,47368.04690646621,-7.275957614183426e-12,True,320.13870211820944,1.6638302119999935,-48.6541 -327.9771;150.4461 315.3566;439.1592 70.2408;-285.5150 -112.6037
hornsrev,PSO,6030,6030,4D,3,500,4,1,47368.04690646622,47368.04690646621,-7.275957614183426e-12,True,480.9767129474435,1.7471886439998343,-445.7166 87.8139;-141.5870 460.4314;50.5042 -463.3341;492.6849 -44.8396
hornsrev,PSO,6030,6030,4D,3,500,4,2,47368.04690646622,47368.04690646621,-7.275957614183426e-12,True,441.1756268467417,1.6940064310001617,31.6745 -468.7390;-302.4093 -180.6002;421.8303 0.5337;-111.3673 416.6778
hornsrev,PSO,6030,6030,4D,3,500,4,3,47368.04690646622,47368.04690646621,-7.275957614183426e-12,True,466.71585037474154,1.7308252610000636,155.8365 377.6970;495.3775 57.4852;-271.7966 -137.7326;37.3933 -497.6345
hornsrev,PSO,6030,6030,4D,3,500,4,4,47368.04690646622,47368.04690646621,-7.275957614183426e-12,True,531.8091278250437,1.8557371739998416,498.5177 10.5841;-380.3725 209.2979;161.8498 422.2584;-105.1872 -483.1276
hornsrev,PSO,6030,6030,4D,3,500,4,5,47368.04690646622,47368.04690646621,-7.275957614183426e-12,True,360.31863833419186,1.7556728569998086,316.6630 184.6542;53.6180 430.8997;-137.0759 -300.4706;-312.5991 340.2857
hornsrev,PSO,6030,6030,4D,3,500,4,6,47368.04690646622,47368.04690646621,-7.275957614183426e-12,True,411.57859168325865,1.7004232919998685,424.3865 16.3047;-49.8724 476.5673;-371.4562 141.5808;310.1379 -379.0992
hornsrev,PSO,6030,6030,4D,3,500,4,7,47368.04690646622,47368.04690646621,-7.275957614183426e-12,True,385.35865648344594,1.7127576289999524,-354.6118 199.5660;171.5981 -464.5977;-202.0129 -350.3035;-73.1321 462.7588
hornsrev,PSO,6030,6030,4D,3,500,4,8,47368.04690646622,47368.04690646621,-7.275957614183426e-12,True,415.17014582697635,1.702860820999831,-139.6335 396.9797;344.9030 -99.9172;-371.6113 -218.2609;267.3452 314.9147
hornsrev,PSO,6030,6030,4D,3,500,4,9,47368.04690646622,47368.04690646621,-7.275957614183426e-12,True,366.18509567356165,1.7462840929997583,306.6671 -57.1617;-157.2644 -445.8137;-35.4828 276.8271;-396.6779 -168.7349
hornsrev,PSO,6030,6030,4D,3,500,4,10,47368.04690646622,47368.04690646621,-7.275957614183426e-12,True,387.2626856346236,1.7099010009997073,222.9343 242.4774;65.8527 -388.7226;-305.3812 -278.4600;-424.5634 118.8630
hornsrev,PSO,6030,6030,4D,3,500,4,11,47368.04690646622,47368.04690646621,-7.275957614183426e-12,True,365.86172838873716,1.7769166959997165,344.0477 -288.6742;159.1024 197.1224;-0.9876 -410.3519;-408.6148 -28.7352
hornsrev,PSO,6030,6030,4D,3,500,4,12,47368.04690646622,47368.04690646621,-7.275957614183426e-12,True,419.9411587172363,1.6918075819999103,-260.3060 280.5589;278.2492 -250.1373;148.9852 374.5339;-385.0451 -151.6779
hornsrev,PSO,6030,6030,4D,3,500,4,13,47368.04690646622,47368.04690646621,-7.275957614183426e-12,True,422.4690826644284,1.6732360559999506,396.0485 -32.9675;-258.6519 231.6916;-373.5908 -304.0231;24.0093 -446.8318
hornsrev,PSO,6030,6030,4D,3,500,4,14,47368.04690646622,47368.04690646621,-7.275957614183426e-12,True,365.6145865708653,1.7175764480002726,-88.9199 -435.1649;426.4677 84.4754;83.9395 426.9046;-190.7072 185.5682
hornsrev,PSO,6030,6030,4D,3,500,4,15,47368.04690646622,47368.04690646621,-7.275957614183426e-12,True,396.69581655208265,1.6889683059998788,96.7369 -237.0199;470.0898 -102.9483;-325.2185 -363.4926;-39.1740 492.0582
hornsrev,PSO,6030,6030,4D,3,500,4,16,47368.04690646622,47368.04690646621,-7.275957614183426e-12,True,466.89761107036594,1.718474562999745,50.5399 -421.6081;-266.4261 -78.7875;208.2626 32.6044;-179.0649 430.6418
hornsrev,PSO,6030,6030,4D,3,500,4,17,47368.04690646622,47368.04690646621,-7.275957614183426e-12,True,432.8719912617223,1.709778453999661,397.6547 -166.1325;-473.2799 23.3294;285.9687 313.2664;-55.4265 -89.7047
hornsrev,PSO,6030,6030,4D,3,500,4,18,47368.04690646622,47368.04690646621,-7.275957614183426e-12,True,431.64647867585796,1.7168657820002409,29.2536 331.8704;-412.2966 -236.5936;476.7439 -88.9386;168.0298 -390.6243
hornsrev,PSO,6030,6030,4D,3,500,4,19,47368.04690646622,47368.04690646621,-7.275957614183426e-12,True,409.74339813774526,1.730599999000333,-152.6725 -474.9581;46.5643 280.0695;383.4529 -25.9695;-356.9772 209.0487
hornsrev,PSO,6030,6030,4D,3,500,4,20,47368.04690646622,47368.04690646621,-7.275957614183426e-12,True,441.8061246652408,1.7623875640001643,383.8811 -67.5108;-450.3852 119.2114;-122.9592 415.8339;96.1713 -414.3217
hornsrev,PSO,6030,6030,4D,3,500,4,21,47368.04690646622,47368.04690646621,-7.275957614183426e-12,True,390.6249503035053,1.8683381260002534,121.1608 481.0421;-0.3198 -487.6646;192.3969 54.4973;-176.3967 183.2573
hornsrev,PSO,6030,6030,4D,3,500,4,22,47368.04690646622,47368.04690646621,-7.275957614183426e-12,True,522.053488480452,1.6838535649999358,-455.2972 49.4811;16.7281 -492.4061;461.4682 -137.4876;314.2903 363.3902
hornsrev,PSO,6030,6030,4D,3,500,4,23,47368.04690646622,47368.04690646621,-7.275957614183426e-12,True,431.5391583130709,1.7546316820003085,-51.6932 455.2478;466.7910 -129.5878;358.9038 322.4467;-225.2050 -407.6781
hornsrev,PSO,6030,6030,4D,3,500,4,24,47368.04690646622,47368.04690646621,-7.275957614183426e-12,True,327.31032760970254,1.740406363999682,442.0986 -199.2775;-328.8146 58.8266;298.2913 220.4148;-237.2203 373.0599
hornsrev,PSO,6030,6030,4D,3,500,4,25,47368.04690646622,47368.04690646621,-7.275957614183426e-12,True,426.16124268678186,1.7041838220002319,170.3138 -468.9948;441.7886 -140.4908;-433.6091 168.3766;70.6017 296.7294
hornsrev,PSO,6030,6030,4D,3,500,4,26,47368.04690646622,47368.04690646621,-7.275957614183426e-12,True,376.5865637933329,1.6829453830000602,334.6918 364.3608;-33.7965 442.0379;-329.8882 -356.6129;220.3924 -218.8212
hornsrev,PSO,6030,6030,4D,3,500,4,27,47368.04690646622,47368.04690646621,-7.275957614183426e-12,True,360.556423096684,1.8141369800000575,-452.7122 -30.9473;295.3861 -325.9651;-54.7498 -412.0221;121.3953 412.9071
hornsrev,PSO,6030,6030,4D,3,500,4,28,47368.04690646622,47368.04690646621,-7.275957614183426e-12,True,351.03967125498536,1.7132713200003309,297.0028 98.8955;-300.2420 260.4484;-136.2991 -398.1762;192.5765 434.0432
hornsrev,PSO,6030,6030,4D,3,500,4,29,47368.04690646622,47368.04690646621,-7.275957614183426e-12,True,382.39530907676857,1.7418875120001758,-325.9074 129.8543;-241.2014 -243.0413;490.9567 -22.3049;158.8035 -369.6817
hornsrev,PSO,6030,6030,4D,3,500,4,30,47368.04690646622,47368.04690646621,-7.275957614183426e-12,True,374.3046976151533,1.683990267000354,-287.9778 -222.3924;-152.5810 251.2601;212.4716 333.9679;303.3856 -316.4049
hornsrev,DE,6030,6030,4D,3,500,4,1,47368.04690646622,47368.04690646621,-7.275957614183426e-12,True,356.4718809557422,2.013811564000207,-314.0495 131.7123;27.4577 29.5113;151.2574 -349.4848;319.6780 278.9653
hornsrev,DE,6030,6030,4D,3,500,4,2,47368.04690646622,47368.04690646621,-7.275957614183426e-12,True,347.3147797927563,1.9922161910003524,-358.2523 -52.4051;-288.1198 287.7551;194.9123 -252.9666;305.6945 164.7012
hornsrev,DE,6030,6030,4D,3,500,4,3,47368.04690646622,47368.04690646621,-7.275957614183426e-12,True,391.5405816706865,2.017346653000004,-413.7075 172.3307;82.8836 269.0880;-340.0318 -212.2157;243.4121 -326.4443
hornsrev,DE,6030,6030,4D,3,500,4,4,47368.04690646622,47368.04690646621,-7.275957614183426e-12,True,316.10915785682425,2.029641771000115,-356.4788 135.1310;-437.9583 -170.2967;328.4472 3.2772;213.8840 -414.4464
hornsrev,DE,6030,6030,4D,3,500,4,5,47368.04690646622,47368.04690646621,-7.275957614183426e-12,True,311.620962066184,1.9591104400001313,392.9720 143.1053;166.4821 357.1379;-266.9271 -104.2707;-26.4145 -387.5829
hornsrev,DE,6030,6030,4D,3,500,4,6,47368.04690646622,47368.04690646621,-7.275957614183426e-12,True,417.94857785269386,1.9613846269999158,-163.1146 -353.9284;-275.1279 261.6152;432.5081 160.1991;290.9846 -233.0593
hornsrev,DE,6030,6030,4D,3,500,4,7,47368.04690646622,47368.04690646621,-7.275957614183426e-12,True,421.2492314319365,1.9217893089999052,-162.2988 -0.1175;179.2300 352.5321;323.9330 -91.2359;-38.0718 -402.6328
hornsrev,DE,6030,6030,4D,3,500,4,8,47368.04690646622,47368.04690646621,-7.275957614183426e-12,True,422.34443421381735,1.904810324999744,214.9175 76.4560;-240.1504 3.2521;-94.8644 399.8208;136.9417 -351.4419
hornsrev,DE,6030,6030,4D,3,500,4,9,47368.04690646622,47368.04690646621,-7.275957614183426e-12,True,338.7966502544243,1.9470790780001153,110.6508 487.4828;-89.4143 -315.1953;400.6503 184.4426;-217.7502 404.2006
hornsrev,DE,6030,6030,4D,3,500,4,10,47368.04690646622,47368.04690646621,-7.275957614183426e-12,True,390.77285262106426,2.014444836000166,-347.7620 -347.6668;-170.9888 380.5231;339.6581 -78.6850;227.9598 295.7838
hornsrev,DE,6030,6030,4D,3,500,4,11,47368.04690646622,47368.04690646621,-7.275957614183426e-12,True,349.18324371458255,1.9687675919999492,189.2912 -452.3216;378.2605 212.5927;-231.2329 -364.7031;-304.3360 -23.2578
hornsrev,DE,6030,6030,4D,3,500,4,12,47368.04690646622,47368.04690646621,-7.275957614183426e-12,True,359.465442369916,1.9768802810003763,-438.9995 202.0381;168.3604 413.0992;251.9727 -44.3410;-0.0690 -300.6423
hornsrev,DE,6030,6030,4D,3,500,4,13,47368.04690646622,47368.04690646621,-7.275957614183426e-12,True,445.693348667064,1.8647840560001896,466.5642 -102.1341;-79.2089 425.4301;-438.0188 48.2096;357.7986 337.8683
hornsrev,DE,6030,6030,4D,3,500,4,14,47368.04690646622,47368.04690646621,-7.275957614183426e-12,True,380.8514455214078,1.9275035330001629,135.7219 368.2327;-407.5647 -139.1511;18.1054 5.9977;296.3764 -305.3807
hornsrev,DE,6030,6030,4D,3,500,4,15,47368.04690646622,47368.04690646621,-7.275957614183426e-12,True,394.20583960290884,1.9788104389999717,213.2017 128.6953;-159.3316 -261.3793;-458.5439 6.9076;-62.8255 410.1331
hornsrev,DE,6030,6030,4D,3,500,4,16,47368.04690646622,47368.04690646621,-7.275957614183426e-12,True,328.2238391684785,1.8324437740002395,473.2174 52.3991;53.6207 -485.4493;-274.5584 -185.5969;254.0590 296.7358
hornsrev,DE,6030,6030,4D,3,500,4,17,47368.04690646622,47368.04690646621,-7.275957614183426e-12,True,366.5411963778222,1.980602502000238,-177.6009 -414.3296;-441.6950 -160.1510;243.6472 -44.1484;-54.2967 253.4745
hornsrev,DE,6030,6030,4D,3,500,4,18,47368.04690646622,47368.04690646621,-7.275957614183426e-12,True,404.36573592655964,1.987945585000034,-322.9839 -209.7539;-111.9646 360.6642;406.5140 -61.5588;146.1683 -370.9643
hornsrev,DE,6030,6030,4D,3,500,4,19,47368.04690646622,47368.04690646621,-7.275957614183426e-12,True,398.36416384417356,1.9673191920001045,85.8798 -370.5574;-317.3694 86.6335;419.8911 -72.8190;285.8350 302.3116
hornsrev,DE,6030,6030,4D,3,500,4,20,47368.04690646622,47368.04690646621,-7.275957614183426e-12,True,386.01244278988486,2.093684297999971,424.2410 -117.0109;-265.7668 90.9400;-155.2165 -278.9035;326.1909 321.8359
hornsrev,DE,6030,6030,4D,3,500,4,21,47368.04690646622,47368.04690646621,-7.275957614183426e-12,True,422.2010793984212,1.8757227299997794,-245.8487 399.9708;-395.4876 -196.1598;278.9723 -78.2076;-92.9357 -490.6357
hornsrev,DE,6030,6030,4D,3,500,4,22,47368.04690646622,47368.04690646621,-7.275957614183426e-12,True,378.41728777055516,1.8872095060000902,-312.5522 267.8709;437.6250 -21.1809;148.3563 -265.1548;307.3008 358.9090
hornsrev,DE,6030,6030,4D,3,500,4,23,47368.04690646622,47368.04690646621,-7.275957614183426e-12,True,373.5594454578199,1.9749790279997796,424.4533 169.8052;-228.7074 32.0480;70.0133 287.7839;247.9329 -408.2337
hornsrev,DE,6030,6030,4D,3,500,4,24,47368.04690646622,47368.04690646621,-7.275957614183426e-12,True,364.1490453631474,1.955417903000125,119.6633 337.0009;303.2022 -264.6729;-118.5516 -407.9769;-233.4235 -62.4208
hornsrev,DE,6030,6030,4D,3,500,4,25,47368.04690646622,47368.04690646621,-7.275957614183426e-12,True,378.02183072697574,1.907459868999922,394.2133 -206.3080;-458.0573 -81.5019;-133.0133 304.0209;464.5740 165.1081
hornsrev,DE,6030,6030,4D,3,500,4,26,47368.04690646622,47368.04690646621,-7.275957614183426e-12,True,360.0830760180739,1.9624169060002714,-169.4133 365.5598;-415.0018 102.2232;382.3116 -120.1332;-303.8060 -364.9721
hornsrev,DE,6030,6030,4D,3,500,4,27,47368.04690646622,47368.04690646621,-7.275957614183426e-12,True,363.52326478920276,1.967191443000047,300.7981 -219.1376;-220.6213 345.9521;-334.3527 -129.5892;136.3362 277.1735
hornsrev,DE,6030,6030,4D,3,500,4,28,47368.04690646622,47368.04690646621,-7.275957614183426e-12,True,360.4355844235426,2.003945396999825,31.3311 -365.1065;-114.3903 448.6110;228.8194 338.5163;-246.3527 -125.8362
hornsrev,DE,6030,6030,4D,3,500,4,29,47368.04690646622,47368.04690646621,-7.275957614183426e-12,True,330.2155086009083,2.0127323669998987,214.5116 343.3158;-112.7582 246.4894;436.6811 99.0148;-7.8002 -468.8670
hornsrev,DE,6030,6030,4D,3,500,4,30,47368.04690646622,47368.04690646621,-7.275957614183426e-12,True,356.6104047767744,2.031137024000145,264.2777 -294.9328;-279.9431 203.6156;-138.0709 -192.4065;-20.8228 448.6210
hornsrev,LXSSA,6030,6030,4D,3,750,8,1,94168.81005836108,94736.09381293242,567.283754571341,True,330.2097393904081,1.8477674169998863,-297.6730 -175.1106;-3.5375 -519.0327;733.8465 154.8201;150.1082 -34.5015;-643.0754 116.9271;-426.2890 -616.8912;247.7112 280.9540;-88.5852 617.7939
hornsrev,LXSSA,6030,6030,4D,3,750,8,2,93199.83948744954,94736.09381293242,1536.254325482878,True,308.0621486601266,1.987045178000244,-136.3809 318.9863;-11.4379 731.6322;486.5410 544.6529;234.9283 -645.8150;588.6104 -9.1931;-652.5556 -369.6873;-609.8024 436.5415;-672.4502 134.9167
hornsrev,LXSSA,6030,6030,4D,3,750,8,3,94142.89936576139,94736.09381293242,593.1944471710303,True,365.011231875123,1.9405459959998552,-554.6067 113.0186;668.7450 -38.2059;316.3412 380.6936;109.0718 -636.0298;193.8130 724.5250;-436.5781 592.7594;-679.9949 -315.8446;205.7093 -183.7814
hornsrev,LXSSA,6030,6030,4D,3,750,8,4,93099.7424552213,94736.09381293242,1636.3513577111153,True,369.82724636483516,1.842973259000246,515.1032 -89.1741;-135.1051 279.2971;-502.3356 356.3526;-300.1405 -286.7380;251.2154 200.5089;-705.4428 47.2900;361.0115 -657.3884;136.8711 -183.2626
hornsrev,LXSSA,6030,6030,4D,3,750,8,5,93567.05741414364,94736.09381293242,1169.0363987887831,True,313.8765444713144,1.8050611620001291,308.8836 -638.6513;-326.3138 -154.4310;-209.1504 391.7512;551.8076 -406.7468;284.9018 -33.5222;432.3138 490.8762;-107.8407 70.9309;-541.9015 -387.8219
hornsrev,LXSSA,6030,6030,4D,3,750,8,6,93537.61377162808,94736.09381293242,1198.4800413043413,True,324.913020065007,1.8091988579999452,646.0942 372.5866;98.5276 224.8225;708.5089 53.7247;-331.4414 333.0991;-81.1417 -581.1593;201.6738 539.8519;-189.9160 -265.0386;-595.0009 -342.8418
hornsrev,LXSSA,6030,6030,4D,3,750,8,7,94248.71419559844,94736.09381293242,487.3796173339797,True,397.5219588974767,1.9002238010002657,-594.4584 176.9358;504.0244 384.1654;232.7822 -488.8182;632.5172 -157.0935;-522.0073 -227.4872;-215.2452 647.8099;-399.6095 -605.6968;116.5481 -79.8955
hornsrev,LXSSA,6030,6030,4D,3,750,8,8,93697.38891199802,94736.09381293242,1038.7049009344046,True,344.00253335165024,1.9543018800000027,-693.1290 -246.9881;-569.1822 438.9849;-386.3674 -551.8070;-49.8793 -480.2979;183.9501 727.0916;440.4343 -555.6384;-80.9873 320.6286;36.5369 -51.4826
hornsrev,LXSSA,6030,6030,4D,3,750,8,9,94044.80150150854,94736.09381293242,691.2923114238802,True,328.04779747185324,2.0480987720002304,128.1115 -606.6260;-287.0706 653.7559;149.7258 732.5027;7.3221 333.3979;299.5963 66.9137;-648.4732 -185.3154;-738.6284 130.1008;-103.4893 -369.6725
hornsrev,LXSSA,6030,6030,4D,3,750,8,10,94509.27922468625,94736.09381293242,226.81458824616857,True,393.4828990941453,1.8787336020000112,482.9611 -573.8015;-725.4644 184.9216;-329.6266 -233.4450;534.5034 475.1721;641.0637 -68.2946;164.4236 341.4942;44.6780 -671.5395;-226.3364 260.8564
hornsrev,LXSSA,6030,6030,4D,3,750,8,11,94002.34516699641,94736.09381293242,733.748645936008,True,366.6905413680505,1.8827526889999717,715.6087 -224.5083;-484.1282 -370.9935;-581.1723 333.4085;211.8166 -492.3042;-250.4266 664.2476;398.5579 466.1290;-177.3177 -111.2541;119.1207 228.6910
hornsrev,LXSSA,6030,6030,4D,3,750,8,12,93602.4941135862,94736.09381293242,1133.5996993462177,True,308.7756280405769,1.88071575999993,460.8634 -304.7061;587.6897 127.5943;137.9890 607.4905;-335.1163 529.3137;-507.0277 -143.0285;-273.8281 226.6817;-580.6930 310.7622;-155.8527 -444.7247
hornsrev,LXSSA,6030,6030,4D,3,750,8,13,93910.27670422805,94736.09381293242,825.8171087043738,True,331.27822651977124,1.9177762910003366,-498.7275 -219.8564;171.9751 -726.2582;-658.4256 204.5306;-273.0500 600.9968;537.9671 122.4085;600.8730 447.6593;12.8229 305.8225;-64.0632 -115.8667
hornsrev,LXSSA,6030,6030,4D,3,750,8,14,93170.10263794464,94736.09381293242,1565.9911749877792,True,318.78946459386316,1.8665191879999838,-342.1722 365.4652;-542.2567 -280.2361;535.0451 144.6370;30.4658 293.1137;423.0788 -425.9246;-71.9717 -457.7840;-452.7734 -586.2091;47.2069 -121.6592
hornsrev,LXSSA,6030,6030,4D,3,750,8,15,93567.92350949011,94736.09381293242,1168.1703034423117,True,432.68546562577575,1.8879615010000634,-33.1125 -60.8621;188.2533 695.0610;374.2100 -506.1898;580.5678 328.1394;-164.5440 -661.6769;731.4980 -164.9921;-703.7588 70.3633;-555.5871 476.8874
hornsrev,LXSSA,6030,6030,4D,3,750,8,16,93787.81225066868,94736.09381293242,948.2815622637427,True,309.7338458533957,1.7782692089999728,391.3522 -475.2611;-454.7860 549.6864;729.6466 -165.1476;-226.1849 -379.5347;-559.3121 -92.7045;-663.2498 320.6059;-462.6428 -590.3063;271.4866 433.3088
hornsrev,LXSSA,6030,6030,4D,3,750,8,17,92924.3230187698,94736.09381293242,1811.770794162614,True,314.1776125598799,1.8402581710001868,-298.8046 371.5889;245.5341 -245.9845;-604.7959 442.8409;-160.1458 -315.7963;280.0425 255.2809;-517.6812 -205.3431;348.2104 -631.7818;619.8913 149.4755
hornsrev,LXSSA,6030,6030,4D,3,750,8,18,93500.0954332521,94736.09381293242,1235.9983796803135,True,385.65593529114017,1.9068505290001667,202.9315 589.7299;223.8657 -549.0459;550.4480 225.7943;-161.2972 717.4193;-328.5493 -674.2010;-593.3620 -35.7186;475.0496 -256.4076;57.9982 87.9492
hornsrev,LXSSA,6030,6030,4D,3,750,8,19,93503.38142713,94736.09381293242,1232.7123858024133,True,353.44513127975983,1.9699282770002355,409.8419 138.9366;-248.6429 693.4801;-569.6064 162.5274;-158.7450 73.4689;-41.3061 -259.8951;292.9512 532.6480;88.2492 -617.4573;-569.1805 -454.2254
hornsrev,LXSSA,6030,6030,4D,3,750,8,20,92919.37920615898,94736.09381293242,1816.714606773443,True,343.86638429581416,1.9111634569999296,157.6240 208.6887;-419.3393 102.4088;479.1195 -378.7007;-170.9815 -135.4199;-232.0570 712.0208;-524.4211 454.3916;443.9532 603.9685;-530.8858 -442.8951
hornsrev,LXSSA,6030,6030,4D,3,750,8,21,93231.88982763042,94736.09381293242,1504.203985301996,True,311.1424950236293,1.9013942609999503,243.5306 418.2409;137.7956 -543.7792;540.3843 511.4477;-478.6311 -440.5068;-393.9275 73.3786;670.6279 15.7128;-486.9370 483.8529;415.4634 -204.7464
hornsrev,LXSSA,6030,6030,4D,3,750,8,22,93023.92516284692,94736.09381293242,1712.1686500854994,True,310.84592582804504,1.8750927290002437,715.6845 -80.7569;-66.0452 320.6655;312.1447 629.2828;-458.6178 433.2348;595.1737 -456.3552;238.5456 258.6203;28.4599 -171.8337;-577.1848 -360.3918
hornsrev,LXSSA,6030,6030,4D,3,750,8,23,94459.99921230764,94736.09381293242,276.0946006247832,True,308.2434457034175,1.8940810140002213,139.8161 -95.9438;253.9415 -703.4915;92.6442 653.6729;-245.6990 277.2589;594.9340 454.5863;-474.9854 39.7304;370.8757 -299.9670;-390.3800 -532.7037
hornsrev,LXSSA,6030,6030,4D,3,750,8,24,94415.6476800035,94736.09381293242,320.4461329289188,True,313.67148110401934,1.8925409990001754,-127.5660 380.6570;501.0676 557.4626;-211.7246 714.2672;-390.5802 -638.9629;66.8325 -541.2982;-539.0753 -54.0864;617.2131 -421.7198;-25.9685 -241.6688
hornsrev,LXSSA,6030,6030,4D,3,750,8,25,93875.39232615296,94736.09381293242,860.7014867794642,True,333.1522390959612,1.8542715020003016,-180.9809 702.3729;-248.4316 357.6939;635.7773 -86.9647;-267.3012 -479.1711;-565.1063 254.2165;505.2048 453.2630;87.2675 -561.7164;-672.4864 -332.0569
hornsrev,LXSSA,6030,6030,4D,3,750,8,26,93399.2715382256,94736.09381293242,1336.8222747068212,True,308.40915058428055,1.825799877999998,-153.3206 -71.4856;439.3145 464.2857;739.2549 100.6759;608.7057 -322.4514;130.4086 -734.0051;-385.7577 295.7548;-75.7086 -504.5886;-62.4803 626.3837
hornsrev,LXSSA,6030,6030,4D,3,750,8,27,93402.30983626009,94736.09381293242,1333.7839766723337,True,378.0491379447941,1.7996799930001544,603.1148 309.6970;293.4629 663.4627;715.5033 -51.2600;62.2834 -172.0305;133.4782 235.9742;-387.5913 152.4093;-510.8911 -304.7223;146.9875 -563.3062
hornsrev,LXSSA,6030,6030,4D,3,750,8,28,93354.74030297951,94736.09381293242,1381.3535099529108,True,313.6315060183047,1.7977900619998763,-550.5870 507.9888;361.6828 495.7317;-93.8586 337.3327;718.2019 -154.1821;-469.4663 205.0298;328.5547 -69.3942;608.1904 239.3805;35.2156 -315.8859
hornsrev,LXSSA,6030,6030,4D,3,750,8,29,92776.965766536,94736.09381293242,1959.1280463964213,True,373.9864328093198,1.9189789009997185,-540.9847 -307.8215;-46.3534 -125.1210;-301.1828 526.5693;-65.7141 -740.5844;686.7347 -223.1203;269.8230 -575.4158;260.2481 313.9439;-713.8668 141.8074
hornsrev,LXSSA,6030,6030,4D,3,750,8,30,93010.65922863303,94736.09381293242,1725.4345842993935,True,316.2028799284287,1.8420054149996758,-386.9957 -426.4516;-288.1574 118.7082;373.8689 -269.4905;-192.6607 484.6917;180.4738 230.9149;482.2281 574.4180;68.3836 -187.8633;-566.2807 394.6487
hornsrev,SSA,6030,6030,4D,3,750,8,1,93640.65483644335,94736.09381293242,1095.4389764890657,True,308.0032563138384,1.8174209599997084,728.3463 -175.2407;-116.3222 739.3195;455.9270 595.5086;-289.4355 203.6514;-739.4677 89.2686;-84.8583 -424.0804;19.2869 -74.7377;163.1258 499.9395
hornsrev,SSA,6030,6030,4D,3,750,8,2,93578.48884505896,94736.09381293242,1157.6049678734562,True,314.3937779639633,1.923663174000012,518.7795 541.5463;362.0797 -299.4008;134.1703 -734.4075;-120.3334 -429.4745;-722.5262 33.4261;-267.7894 401.3383;440.0499 5.1712;18.1892 153.6128
hornsrev,SSA,6030,6030,4D,3,750,8,3,94019.54665641794,94736.09381293242,716.5471565144835,True,317.2049166443862,1.9227544020000096,-86.9332 510.9145;-174.6414 180.1184;-615.7956 341.6506;547.6895 -97.4144;645.3542 280.4800;369.7498 -604.5329;344.6823 585.5765;247.3121 -199.3574
hornsrev,SSA,6030,6030,4D,3,750,8,4,93536.5551747953,94736.09381293242,1199.5386381371209,True,353.6806497985461,1.8133686469996064,366.5396 -190.0797;-489.0471 -472.7322;-143.8201 730.6173;-301.2479 54.7170;-192.0550 -724.9645;-418.2590 442.5146;743.4601 -62.1434;133.7112 -456.3144
hornsrev,SSA,6030,6030,4D,3,750,8,5,94019.84000245004,94736.09381293242,716.2538104823761,True,358.26347411617166,1.9018345860004047,42.0280 128.2660;491.7404 218.8131;-603.9252 345.8707;661.5738 -353.2988;135.0782 627.5617;-98.5517 -326.3455;323.9833 -473.2379;-707.3717 -189.3360
hornsrev,SSA,6030,6030,4D,3,750,8,6,94293.72080492359,94736.09381293242,442.37300800882804,True,332.00681580960924,1.9218961280002986,29.7240 -464.7480;342.4338 637.7259;-464.5343 93.0986;397.9984 -567.4544;473.6307 -74.1199;-216.3035 718.1313;-581.3222 -250.7620;-189.3725 -714.1978
hornsrev,SSA,6030,6030,4D,3,750,8,7,94121.83847976991,94736.09381293242,614.2553331625095,True,321.5333555564029,1.9180977589999202,-617.1122 77.9400;388.5297 -188.8237;522.3846 371.2059;-181.8088 -727.6298;-440.5484 533.2494;738.1037 132.7756;-495.5068 -416.4972;182.6132 727.0541
hornsrev,SSA,6030,6030,4D,3,750,8,8,93153.9692407252,94736.09381293242,1582.12457220722,True,315.891344591259,1.9675779780000084,-444.6017 354.5362;-34.5874 720.1292;-534.1194 -526.5134;225.3449 -715.3449;427.7145 609.6365;420.1282 191.7547;-134.8172 416.3498;-5.8779 -230.7403
hornsrev,SSA,6030,6030,4D,3,750,8,9,93140.40063041689,94736.09381293242,1595.6931825155334,True,373.98466692363996,1.8550439149998965,529.7196 -530.9399;-717.5279 38.7817;-323.3246 650.0423;-26.1314 319.2865;486.9169 469.1449;-175.8587 -635.6321;-357.4388 -62.2150;-534.5771 -525.9993
hornsrev,SSA,6030,6030,4D,3,750,8,10,94058.34401735122,94736.09381293242,677.7497955811996,True,331.86566060893455,1.9470708520002518,-508.4861 551.3092;517.0451 149.1033;653.8408 -340.2184;50.2459 222.6556;121.6124 660.8729;-611.0058 -6.7586;-296.7416 -113.4020;304.2347 -682.6847
hornsrev,SSA,6030,6030,4D,3,750,8,11,93521.06677686298,94736.09381293242,1215.0270360694412,True,403.5677565576234,1.9334699879996151,138.2462 -192.2571;-506.2535 -374.9959;-607.7644 15.5965;61.1800 -705.0628;-318.8397 660.8127;611.5847 433.7001;9.4600 247.5465;485.7185 -571.3986
hornsrev,SSA,6030,6030,4D,3,750,8,12,94035.76361938284,94736.09381293242,700.3301935495838,True,345.3167868056191,1.874380778000159,-523.3180 -301.1166;-266.0354 -70.7922;344.6525 -665.7053;-251.1896 706.6850;368.6484 608.9978;58.5502 233.9428;-66.6590 -735.2247;17.5359 -396.1838
hornsrev,SSA,6030,6030,4D,3,750,8,13,93344.38067896625,94736.09381293242,1391.7131339661719,True,331.5672787967017,1.9618707249996987,-382.7000 -195.3441;157.5991 695.3862;-188.4115 355.0037;-543.3763 -516.9547;-119.5164 30.6731;419.0128 -399.9032;-595.1472 447.1626;332.5758 239.2564
hornsrev,SSA,6030,6030,4D,3,750,8,14,93888.9374366266,94736.09381293242,847.156376305822,True,346.483443507351,1.8428128660002585,-280.0361 -160.6555;-416.5585 -593.8412;603.1744 230.3746;-29.1336 468.5445;234.5314 -237.7874;480.9420 -481.3702;-407.8616 367.1321;481.4261 574.3644
hornsrev,SSA,6030,6030,4D,3,750,8,15,93165.06033676381,94736.09381293242,1571.03347616861,True,308.0000444126861,1.972685095000088,-122.9873 660.1178;747.8886 -56.2353;-428.7153 -88.0393;-480.8405 561.9117;322.6421 -345.3136;-144.9190 180.8300;116.1313 -573.8247;590.8160 359.3120
hornsrev,SSA,6030,6030,4D,3,750,8,16,93340.11779854955,94736.09381293242,1395.9760143828753,True,330.68708229549964,1.9323086330000478,239.0094 -160.3352;524.5637 -493.7498;63.3821 747.3169;-439.8030 607.5113;345.8553 160.9545;-344.7411 -17.0215;-658.3259 359.3144;-222.6427 -646.6618
hornsrev,SSA,6030,6030,4D,3,750,8,17,94598.43038675869,94736.09381293242,137.66342617373448,True,421.17457655618847,1.9974944499999765,-190.0823 -725.5127;-255.7816 705.0360;512.3320 -58.4307;80.4802 358.5305;-97.7929 -247.3547;398.5382 -635.3481;-497.9872 -378.6277;-614.5287 256.4420
hornsrev,SSA,6030,6030,4D,3,750,8,18,93200.43228504123,94736.09381293242,1535.6615278911922,True,426.66577344440105,1.8326237179999225,-30.1970 -519.9548;-572.7292 -484.2324;-210.7233 -56.5339;152.8253 340.2499;371.0716 -374.9473;-651.3951 33.1656;716.4782 219.0836;-575.0459 481.4788
hornsrev,SSA,6030,6030,4D,3,750,8,19,93407.10579820043,94736.09381293242,1328.9880147319927,True,348.11495476439137,1.966347881999809,546.0175 -510.6936;-147.7243 690.0591;-486.1442 -105.3699;-0.3737 -712.0009;465.6859 -133.8052;184.9917 587.6672;9.1931 42.4525;-642.5665 386.7922
hornsrev,SSA,6030,6030,4D,3,750,8,20,93453.68651854701,94736.09381293242,1282.4072943854117,True,313.37267528037233,1.8767052290004358,744.9189 -87.1481;215.7901 716.9159;-482.4400 461.0221;291.7925 -683.5290;8.3886 177.4426;637.1458 319.0195;82.1609 -288.3036;-217.1185 -381.2243
hornsrev,SSA,6030,6030,4D,3,750,8,21,94029.15120779512,94736.09381293242,706.9426051373011,True,313.82583860321483,1.7826551860002837,528.7641 510.7447;-435.6974 -492.7442;627.9936 -35.0090;401.8632 -625.1508;-669.9695 -247.4737;-524.9326 157.0141;-287.8719 410.9967;182.0564 -401.1606
hornsrev,SSA,6030,6030,4D,3,750,8,22,93718.8241810114,94736.09381293242,1017.2696319210227,True,321.8520184559547,1.9037496729997656,262.2499 657.5189;-117.8843 -740.6775;-81.5854 336.8772;-600.4483 443.4565;441.4243 -98.6724;-524.5736 -12.0686;681.5765 -312.9518;313.2442 -651.3090
hornsrev,SSA,6030,6030,4D,3,750,8,23,93481.54408969147,94736.09381293242,1254.5497232409543,True,312.6965641323318,1.9734963020000578,509.0157 -550.8202;-252.9788 -582.7011;518.3551 415.4607;-634.6664 151.9074;430.0505 -162.1160;131.8819 -483.3946;-14.1402 244.5197;637.0755 72.2337
hornsrev,SSA,6030,6030,4D,3,750,8,24,93974.50465721711,94736.09381293242,761.5891557153082,True,308.02021476650583,1.8549913039996682,398.5977 -94.5394;-134.7116 608.2093;-50.0554 -267.8130;-138.0842 -704.0602;497.9658 208.6300;246.9992 -562.7209;703.0335 -21.2040;-464.2896 -414.6557
hornsrev,SSA,6030,6030,4D,3,750,8,25,93180.92753785786,94736.09381293242,1555.16627507456,True,336.050565288586,1.9756577359999028,-180.3854 389.5601;184.4909 256.5942;675.4221 -325.0224;-418.6074 -431.3441;-103.4275 742.8329;-573.3482 457.5589;-639.1057 128.0047;171.3024 -515.0490
hornsrev,SSA,6030,6030,4D,3,750,8,26,94275.74744783911,94736.09381293242,460.34636509331176,True,348.38968522602397,1.807960654999988,-240.6882 263.9730;330.2131 -212.4193;515.9764 544.3053;654.6119 105.6602;571.2716 -463.9470;-648.0113 -93.0330;-15.7988 -649.5735;-520.7435 503.0203
hornsrev,SSA,6030,6030,4D,3,750,8,27,94091.59440200868,94736.09381293242,644.499410923745,True,364.9241525764174,1.8900924869999471,56.8418 -402.8000;272.8582 634.2240;-448.4573 522.7927;165.8589 -15.5177;331.2899 -671.1982;-717.5197 205.3969;614.0090 56.5936;-372.3187 87.0503
hornsrev,SSA,6030,6030,4D,3,750,8,28,93935.81651519127,94736.09381293242,800.2772977411514,True,342.6515262451368,1.8786955440000384,112.6757 -420.7629;678.7857 96.9348;-194.6507 313.0313;186.4106 -86.1389;-460.6932 584.7872;74.2485 746.3157;-595.9435 -325.9491;509.7333 -489.4478
hornsrev,SSA,6030,6030,4D,3,750,8,29,93468.23307439944,94736.09381293242,1267.8607385329815,True,364.45960120931323,1.85720323500027,-679.7093 -272.9575;-104.7016 -102.5424;83.8588 -745.0103;251.4114 189.1910;-294.3814 -642.6956;-174.5915 282.6588;649.5626 -236.1405;-745.1004 85.5879
hornsrev,SSA,6030,6030,4D,3,750,8,30,93906.90524865591,94736.09381293242,829.1885642765119,True,415.2723731781363,1.8624473059999218,-555.2103 -295.5356;228.9011 -410.4339;-560.7526 439.2558;259.1849 632.6790;-205.6744 19.0945;-240.7643 710.3014;342.6582 225.2622;617.9409 -85.6567
hornsrev,PSO,6030,6030,4D,3,750,8,1,93601.54466691088,94736.09381293242,1134.5491460215417,True,379.55831544917055,1.8520089029998417,-745.7996 4.3556;27.0751 -181.3480;-87.9907 180.3485;335.2469 -551.4240;-495.3985 527.6108;-244.4498 -463.7268;741.0088 -53.4388;32.5937 646.8883
hornsrev,PSO,6030,6030,4D,3,750,8,2,92272.7446412045,94736.09381293242,2463.349171727925,True,324.9217928782288,1.9497939080001743,433.8009 -271.9630;-184.5167 226.6524;-390.8502 -372.9514;639.6467 281.6190;-413.7938 492.0848;241.1703 640.8229;-696.3543 -262.3104;-744.6671 73.0413
hornsrev,PSO,6030,6030,4D,3,750,8,3,93965.4635055111,94736.09381293242,770.630307421321,True,416.23484578091757,1.9194449750002605,26.4888 -738.7730;335.0542 314.6383;145.8655 -340.0242;728.4052 -111.4448;-414.4600 605.7604;-7.2325 732.5981;-240.6413 88.4640;-558.0757 -226.7461
hornsrev,PSO,6030,6030,4D,3,750,8,4,93686.79627224874,94736.09381293242,1049.2975406836777,True,331.0424595611009,1.9825667360000807,621.6569 -342.7688;174.1349 178.1745;-262.1844 613.6975;-436.5479 -487.6748;727.3260 -29.0441;-692.1222 131.7134;332.1661 -657.6850;-152.1620 -221.9963
hornsrev,PSO,6030,6030,4D,3,750,8,5,93572.92921921889,94736.09381293242,1163.1645937135327,True,364.1244446616347,1.9845404509997024,-416.1216 -573.1176;44.6153 707.2614;-220.4192 457.5750;689.9372 75.5803;-65.9577 -694.3021;317.5642 -319.9170;403.9645 340.1247;-512.1858 165.8522
hornsrev,PSO,6030,6030,4D,3,750,8,6,93395.2765773609,94736.09381293242,1340.8172355715215,True,335.2680625419019,2.019863485999849,628.5299 -408.5412;71.7426 733.0617;401.6660 -161.6861;-658.9464 -356.0311;-648.4882 195.2831;-12.7052 343.8078;-261.4823 657.4898;723.6513 168.6550
hornsrev,PSO,6030,6030,4D,3,750,8,7,92429.53834016663,94736.09381293242,2306.5554727657873,True,352.33225305640815,1.934789973000079,-742.1364 -15.8131;-134.5108 321.0493;372.7125 429.2334;64.6295 -403.6460;-589.6060 -411.6145;93.4349 699.2713;0.0002 -750.0000;-229.6727 -93.8743
hornsrev,PSO,6030,6030,4D,3,750,8,8,94114.18345384578,94736.09381293242,621.9103590866434,True,314.3282682967539,1.8915248299999803,-593.8121 4.6016;-655.5658 312.8040;-485.9842 -430.1510;274.6406 -639.3283;-64.1843 532.3619;701.1968 -214.9280;435.4224 143.8293;-199.2800 -84.8707
hornsrev,PSO,6030,6030,4D,3,750,8,9,94324.74003258468,94736.09381293242,411.3537803477375,True,334.55762097071494,2.0577737580001667,111.8029 -608.2847;-391.0286 544.6739;183.5627 675.1266;-120.6878 305.0206;716.3260 162.7843;-612.2977 -363.3571;-478.2405 4.1398;-212.2709 -691.3806
hornsrev,PSO,6030,6030,4D,3,750,8,10,93469.91515083684,94736.09381293242,1266.1786620955827,True,312.02502006239126,2.012265171999843,328.8874 -427.6510;-637.7325 -316.6532;-339.8272 -223.8521;-155.3965 252.2586;196.1337 -33.9197;-709.0929 119.8037;-46.2608 -742.1690;574.6648 402.1074
hornsrev,PSO,6030,6030,4D,3,750,8,11,94160.17677802405,94736.09381293242,575.9170349083724,True,346.01306503922393,2.0124096100003044,-522.4857 -133.4549;-400.9422 -564.0915;-618.0479 202.4337;603.7238 -147.9804;424.4406 568.6094;-274.8478 690.9321;-40.9652 435.9341;157.0280 -730.7270
hornsrev,PSO,6030,6030,4D,3,750,8,12,92972.08894605438,94736.09381293242,1764.0048668780364,True,309.3019039748744,1.9649485580002874,293.5631 -679.4705;7.9137 -467.7772;-261.8522 -152.2804;97.8683 276.7889;-467.3473 573.1916;604.4176 164.6935;83.2102 724.0603;385.2668 -384.0757
hornsrev,PSO,6030,6030,4D,3,750,8,13,92768.65599202615,94736.09381293242,1967.4378209062706,True,354.05457124938386,1.9264226430000235,-594.6818 366.5958;-391.4418 -348.9594;-259.3420 480.1823;279.9773 155.5017;-672.5169 -82.0259;642.2578 274.2826;58.6855 -717.5611;1.7989 731.9032
hornsrev,PSO,6030,6030,4D,3,750,8,14,92731.00844493568,94736.09381293242,2005.0853679967404,True,342.935868705668,1.996482105999803,27.5011 -737.4464;129.4734 -377.2688;750.0000 0.0033;-346.9302 -238.7399;-53.8409 101.8300;-631.8628 256.0860;-0.0085 750.0000;281.2341 28.8248
hornsrev,PSO,6030,6030,4D,3,750,8,15,94208.08595993344,94736.09381293242,528.0078529989842,True,321.82155561114797,2.001001678999728,-134.5376 -26.9205;51.2691 736.9857;279.5711 505.2845;643.5497 178.4177;-74.6096 -694.6542;487.4483 -512.8776;-696.5815 78.1468;-476.8840 313.3108
hornsrev,PSO,6030,6030,4D,3,750,8,16,93049.11345266976,94736.09381293242,1686.9803602626635,True,381.4469053914683,2.020027296999615,-14.5550 -748.1305;403.0684 -593.5794;536.7185 211.2747;100.1521 -159.4946;-351.2958 443.9886;-663.3274 31.2240;-573.0043 -339.3749;-13.6707 749.8547
hornsrev,PSO,6030,6030,4D,3,750,8,17,90502.9815043115,94736.09381293242,4233.112308620926,True,321.2774337510538,1.977121335999982,505.7124 311.7231;-242.4041 655.3393;-283.9199 256.4123;314.9885 660.7725;236.1751 -694.3539;-750.0000 0.0000;357.8368 -95.3879;675.0931 -146.0597
hornsrev,PSO,6030,6030,4D,3,750,8,18,92878.73067219259,94736.09381293242,1857.3631407398352,True,309.60549790047776,2.020767067000179,-352.8471 572.1682;75.5566 471.8869;595.9241 318.9140;347.0626 -558.8645;173.3168 -51.1454;-481.8484 290.7180;679.6156 -171.7395;-122.9353 -349.7548
hornsrev,PSO,6030,6030,4D,3,750,8,19,93983.27274899291,94736.09381293242,752.8210639395111,True,372.7725343388691,2.0153085349998037,617.9656 266.6983;-261.2116 639.4699;-704.7022 222.0226;-92.7814 -1.3497;449.4025 -506.8055;98.9913 735.4557;-201.8337 -650.8571;-588.4336 -188.2537
hornsrev,PSO,6030,6030,4D,3,750,8,20,93294.2402293247,94736.09381293242,1441.8535836077208,True,361.1634085490809,1.9658714110000801,511.5006 -526.4675;-463.0109 208.1612;-370.0791 -571.0194;72.5897 -423.3397;36.5330 703.7494;220.4620 -11.4004;144.5988 359.1326;665.3085 -88.3827
hornsrev,PSO,6030,6030,4D,3,750,8,21,92082.0173774733,94736.09381293242,2654.076435459123,True,315.095855447576,1.9286462179998125,81.2777 704.9011;177.8378 -569.3094;506.7453 173.2152;-406.3784 -489.5454;-750.0000 0.0025;-136.4196 -200.7351;-458.8322 289.2264;304.1032 -280.6185
hornsrev,PSO,6030,6030,4D,3,750,8,22,93355.74312313582,94736.09381293242,1380.3506897966,True,361.3515277665706,1.9018506679999518,677.9712 -82.5142;-150.0980 -702.2539;396.3861 -521.6924;-118.3521 190.9600;284.9877 -159.2506;-381.4826 438.6236;303.1860 344.3771;-677.4299 102.8745
hornsrev,PSO,6030,6030,4D,3,750,8,23,93707.68657756838,94736.09381293242,1028.4072353640368,True,331.4133960500424,1.9567152660001739,604.1648 329.5018;270.4522 -678.7905;459.3288 -104.1742;-254.7796 697.1715;322.7446 527.3185;-700.4695 130.9385;556.8764 -420.9064;-77.7846 -611.3820
hornsrev,PSO,6030,6030,4D,3,750,8,24,92068.92623786474,94736.09381293242,2667.1675750676804,False,411.8128949267882,1.9709862879999491,632.2993 -282.8720;-533.1153 503.1790;-121.1051 732.0385;86.8452 -421.5008;-338.3283 -520.9096;346.1306 29.0257;68.6071 333.2798;-750.0000 -0.0869
hornsrev,PSO,6030,6030,4D,3,750,8,25,92759.71563839892,94736.09381293242,1976.3781745335,True,308.155616554515,1.985227684000165,-519.7348 134.1869;30.4593 -533.7495;591.2158 -52.7548;60.0043 50.5431;-414.8184 467.3129;-736.0056 -85.3281;-35.8558 729.5918;398.1728 -607.3628
hornsrev,PSO,6030,6030,4D,3,750,8,26,92192.26461044194,94736.09381293242,2543.8292024904804,True,371.57926434578843,1.949130562999926,100.3169 698.3375;-68.9332 167.4195;439.5476 377.8722;-523.9180 492.6512;401.0097 -39.4496;-706.5319 -8.2181;-0.0000 -750.0000;256.4882 -481.1414
hornsrev,PSO,6030,6030,4D,3,750,8,27,93501.96822740436,94736.09381293242,1234.1255855280615,True,386.05605044497605,1.9005877500003407,437.5370 313.8211;-37.9290 445.6827;565.9120 -298.0577;248.4515 -627.9101;82.4367 -0.2610;-473.4661 577.8577;-684.3199 -301.5260;-123.3539 -731.8335
hornsrev,PSO,6030,6030,4D,3,750,8,28,93090.44988627528,94736.09381293242,1645.6439266571397,True,338.5035520139923,1.880477979999796,-704.8047 -143.9822;-0.0000 750.0000;165.2427 -190.0835;-228.5283 -648.8848;94.9428 141.0397;-579.0034 375.5730;389.2703 456.4730;294.8192 -552.4141
hornsrev,PSO,6030,6030,4D,3,750,8,29,92961.83429914348,94736.09381293242,1774.2595137889439,True,325.8590516715687,1.928663811000206,-540.9695 -91.5704;-335.6586 -405.7431;161.1244 53.5334;274.3674 -252.0155;541.9130 422.0562;23.6384 -731.6799;-432.8198 594.6893;-184.6296 336.6125
hornsrev,PSO,6030,6030,4D,3,750,8,30,93074.21195933229,94736.09381293242,1661.8818536001345,True,322.0390562924133,2.007302197000172,661.1926 65.3309;-131.0615 -115.8380;330.6873 -232.5277;-220.7176 391.9303;-31.7997 -563.8144;311.0026 -675.6248;-141.1173 703.9766;-732.8369 -78.2916
hornsrev,DE,6030,6030,4D,3,750,8,1,90882.28562613472,94736.09381293242,3853.8081867977016,True,319.357824494563,2.1937740459998167,-505.9091 258.8707;218.6702 29.4843;137.8682 338.4510;119.9842 -666.8684;-665.8406 -324.8414;357.3172 659.1454;652.3928 212.0845;-101.2398 -120.8944
hornsrev,DE,6030,6030,4D,3,750,8,2,91281.3215609196,94736.09381293242,3454.7722520128154,True,328.51345617222097,2.2214919660000305,-50.1525 -685.3146;282.0997 498.1200;282.2025 169.6065;178.2895 -226.5287;-119.0124 44.6537;521.2700 -154.3697;-395.5456 437.7622;-530.0986 58.4853
hornsrev,DE,6030,6030,4D,3,750,8,3,91441.91257617113,94736.09381293242,3294.1812367612874,True,351.64572769425035,2.2296961110000666,597.4281 -0.1411;283.3703 414.2577;3.0157 626.5217;-501.4734 -366.6469;-273.6225 377.1665;253.0651 -86.0063;-603.7030 93.1728;-91.8285 -423.2791
hornsrev,DE,6030,6030,4D,3,750,8,4,92674.91156562605,94736.09381293242,2061.1822473063658,True,336.2456471460553,2.1715633690000686,-106.8744 356.7670;141.9132 692.0715;-425.4542 249.2124;-473.0375 -289.1007;631.9900 87.5383;-723.5530 -53.1948;561.2951 -447.0571;-217.4742 -662.1384
hornsrev,DE,6030,6030,4D,3,750,8,5,91825.31733528136,94736.09381293242,2910.7764776510594,True,331.7467773608259,2.2267936389998795,-55.4466 -683.9232;-290.9312 685.8625;-489.9201 345.3295;329.9280 -559.5975;514.1719 203.1706;658.1657 -146.2364;485.7458 533.6972;-277.4145 -396.0455
hornsrev,DE,6030,6030,4D,3,750,8,6,88708.31457086604,94736.09381293242,6027.779242066375,True,312.7965878245167,2.280625867999788,-638.0398 165.1340;-159.7959 584.9303;652.1891 266.1585;-468.2692 -104.3542;-299.2351 158.8361;571.6881 -251.5715;-101.3959 -235.1651;-37.1728 -646.3406
hornsrev,DE,6030,6030,4D,3,750,8,7,91649.55886709687,94736.09381293242,3086.5349458355486,True,333.2542460293574,2.173305935999906,-718.0588 90.1280;-166.4763 203.4094;440.4501 -583.3779;482.0191 64.6842;45.3705 -53.8440;-230.7363 533.7209;41.4566 -672.4033;170.2790 388.4429
hornsrev,DE,6030,6030,4D,3,750,8,8,91993.71893244109,94736.09381293242,2742.374880491334,True,308.6098994729809,2.1848590740000873,378.1503 582.8710;-203.6945 269.0922;-330.9625 -540.1505;-30.8428 -468.2603;154.3958 195.9197;498.0505 -303.0483;-710.8097 -105.4489;743.3855 -36.0959
hornsrev,DE,6030,6030,4D,3,750,8,9,91379.67989851143,94736.09381293242,3356.413914420991,True,331.5453701358665,2.181047807000141,-627.5939 167.3787;38.4881 398.0324;-142.9592 -98.8496;232.3890 -361.8167;541.2387 202.1437;-478.6468 -132.8542;501.4520 531.2932;688.3599 -261.9622
hornsrev,DE,6030,6030,4D,3,750,8,10,91885.98989194291,94736.09381293242,2850.10392098951,True,323.3639025011196,2.302917958999842,473.3195 580.2072;-423.3052 230.3107;230.2679 -367.3465;-390.6268 -423.2732;212.4708 -31.3696;703.3658 -180.6929;-59.0035 665.2688;-504.7347 -82.6325
hornsrev,DE,6030,6030,4D,3,750,8,11,91748.47462914052,94736.09381293242,2987.619183791903,True,330.9651716993707,2.229235642999811,-685.0113 -183.6456;550.8567 349.4773;182.6994 -713.9029;97.5302 633.0011;340.2752 -48.1729;-134.0066 -394.5666;-222.6226 421.0483;-539.4626 325.3909
hornsrev,DE,6030,6030,4D,3,750,8,12,91879.08169284277,94736.09381293242,2857.0121200896538,True,367.71924395117014,2.247971558000245,-253.4388 443.9448;-604.9040 335.8260;52.1843 139.1241;250.7048 -270.0273;508.3292 360.9670;-164.3226 -677.6719;161.9400 704.3085;-522.5656 -72.1171
hornsrev,DE,6030,6030,4D,3,750,8,13,90095.84235039432,94736.09381293242,4640.251462538101,True,361.4141717394424,2.2852155999999013,114.1324 404.9219;506.3013 346.4177;-354.9178 -234.0329;-498.2566 537.4418;-360.2634 -595.4075;558.6000 -79.0768;269.1388 -639.5390;-187.9283 197.7011
hornsrev,DE,6030,6030,4D,3,750,8,14,93824.22510544205,94736.09381293242,911.8687074903719,True,322.1652455006834,2.2728035959999033,-56.5506 -742.9966;-719.5293 120.7665;377.5279 -305.5028;-411.7279 430.5012;-214.1279 -180.6139;723.7038 86.7029;128.9729 566.9180;200.1882 252.7224
hornsrev,DE,6030,6030,4D,3,750,8,15,93382.58515664953,94736.09381293242,1353.5086562828947,True,325.4286133005324,2.2097071369998957,583.0013 -339.8542;51.5740 -184.5286;155.0794 334.1013;-741.8945 -23.1708;80.6289 737.8815;-39.3765 -714.8150;-362.1466 241.2582;-262.1110 -97.8943
hornsrev,DE,6030,6030,4D,3,750,8,16,91657.25505889914,94736.09381293242,3078.838754033277,True,341.6436596151345,2.3069963170000847,599.5688 363.1312;212.9349 -538.0214;-671.7308 234.6841;-597.2345 -110.2785;-285.9568 176.5881;605.5356 -90.3010;-119.8248 -460.6176;7.1578 643.5206
hornsrev,DE,6030,6030,4D,3,750,8,17,92597.75978230548,94736.09381293242,2138.3340306269383,True,346.9953079598351,2.23520254999994,-504.7598 530.1925;517.3716 -414.2403;373.4221 360.0596;680.6230 9.7804;-402.9406 -507.0527;-306.4552 -173.7416;-102.7995 602.9454;182.9073 -669.5345
hornsrev,DE,6030,6030,4D,3,750,8,18,92408.201890874,94736.09381293242,2327.891922058421,True,345.3409926459736,2.2535416700002315,516.4072 -514.8314;-110.9050 -738.8101;-653.3422 352.7585;290.6248 276.3086;-390.0676 -389.7337;117.9909 687.7697;-125.2876 399.9472;399.9020 -51.2870
hornsrev,DE,6030,6030,4D,3,750,8,19,92188.92132798152,94736.09381293242,2547.1724849509046,True,349.99506923255683,2.173608454999794,-180.2156 632.9595;-132.1363 -150.4874;496.9468 -402.7893;355.3551 556.0936;634.5806 76.2257;-642.0532 350.2709;102.6379 -516.3504;-77.2617 195.1791
hornsrev,DE,6030,6030,4D,3,750,8,20,92269.14366975673,94736.09381293242,2466.9501431756944,True,359.15531962256983,2.3353990850000628,453.5629 -370.9940;360.8128 428.7401;713.6433 -84.0575;-532.0315 -184.2710;-180.4309 -257.5480;16.8332 273.9658;-394.5005 597.2865;37.8777 -716.9141
hornsrev,DE,6030,6030,4D,3,750,8,21,92614.86369412266,94736.09381293242,2121.2301188097626,True,428.43687368166934,2.2953292830002283,662.8807 33.2578;86.6347 -647.8505;250.3151 148.7905;-589.9111 -372.7666;-124.8870 669.4007;517.3894 -508.4696;-652.2205 302.3297;-321.9529 27.3272
hornsrev,DE,6030,6030,4D,3,750,8,22,91858.72563187854,94736.09381293242,2877.3681810538837,True,424.8693836246878,2.2978972810001324,447.7986 -545.1573;-166.7956 721.1135;325.1922 -124.0194;-736.6408 123.1036;-183.8479 -346.9781;465.2520 433.5984;33.2120 268.6745;-13.6249 -736.2571
hornsrev,DE,6030,6030,4D,3,750,8,23,91878.96774153483,94736.09381293242,2857.1260713975935,True,330.1496562315486,2.250115901999834,-479.2569 174.8343;181.8986 -197.0139;-376.0045 -575.7057;560.5451 151.8514;283.4322 403.9680;-398.8696 -175.6407;-66.2325 588.0062;424.7154 -420.7073
hornsrev,DE,6030,6030,4D,3,750,8,24,92253.62887507559,94736.09381293242,2482.4649378568283,True,338.5753776634692,2.212474485999792,502.3490 229.3669;195.2072 -112.5572;-181.7042 587.4212;-17.5785 -518.0916;-401.8049 -597.3611;344.1510 -642.6932;595.5938 -415.9559;-479.2958 95.3221
hornsrev,DE,6030,6030,4D,3,750,8,25,90686.58845897875,94736.09381293242,4049.505353953675,True,316.4691470718375,2.333407867999995,272.9095 651.3281;-524.0804 462.0790;349.3921 -526.1572;-29.0904 -503.1941;490.1755 -151.3784;-143.7957 255.6809;-268.9806 649.3670;-371.3915 23.0421
hornsrev,DE,6030,6030,4D,3,750,8,26,92026.53846177446,94736.09381293242,2709.5553511579637,True,358.4908743637504,2.2229819929998484,496.6077 122.2997;-270.7398 533.7417;-374.9177 -389.3713;-66.6644 -659.4449;7.3040 -286.2726;-677.2204 -81.1992;141.5397 171.7206;249.4874 583.7675
hornsrev,DE,6030,6030,4D,3,750,8,27,90735.00528965933,94736.09381293242,4001.0885232730943,True,310.6265286895055,2.2499909039997874,498.6317 -359.7312;377.0720 266.4180;189.7283 -327.0574;-684.2092 81.9455;-282.3534 -339.0019;-675.8021 -320.8710;-351.6783 413.5801;-106.4775 155.9040
hornsrev,DE,6030,6030,4D,3,750,8,28,93357.21807823665,94736.09381293242,1378.8757346957718,True,320.706573510741,2.207963361000111,-732.2214 -107.1153;126.2199 -644.8197;-385.5031 -447.2580;28.2939 143.7049;-586.0189 310.9333;198.9775 -239.9450;-62.4435 451.3076;684.2657 274.4736
hornsrev,DE,6030,6030,4D,3,750,8,29,91120.47504513446,94736.09381293242,3615.6187677979615,True,329.8611908599941,2.2052887300001203,645.5373 276.5756;-88.4528 188.5258;-259.5783 -119.7661;264.8861 -647.6614;344.8086 548.2185;210.1650 -170.1233;540.0455 -465.7393;-601.0823 -415.7079
hornsrev,DE,6030,6030,4D,3,750,8,30,90056.29134612756,94736.09381293242,4679.80246680486,True,343.5838517147809,2.290951025999675,-512.1077 -348.1549;475.8817 148.0234;84.4048 -469.3965;-230.0590 693.5973;-250.5377 350.6243;-598.8428 406.1358;99.7466 -32.1265;-486.2738 59.7155
hornsrev,LXSSA,6030,6030,4D,3,1000,8,1,94169.13026122964,94736.09381293242,566.9635517027782,True,365.44596592797586,1.9746327660000134,-996.5995 -30.9514;837.1204 -398.5956;-915.4799 325.3776;-153.5960 227.7277;136.0996 -939.6894;640.0673 545.6940;131.0110 468.2638;-334.8910 -238.6603
hornsrev,LXSSA,6030,6030,4D,3,1000,8,2,93653.11292470533,94736.09381293242,1082.9808882270881,True,319.79689198225935,2.0190825799995764,936.2309 22.0521;630.2391 114.9988;-928.9544 -105.8805;687.6984 -716.8306;772.2773 628.5800;19.0565 624.0228;-556.3132 795.8198;-705.2691 -365.7768
hornsrev,LXSSA,6030,6030,4D,3,1000,8,3,94037.47434635628,94736.09381293242,698.6194665761432,True,469.9190896011706,1.995147655999972,-663.5408 -335.0240;-240.8751 742.7118;701.0918 521.2173;592.6067 -753.4788;-149.7923 100.9226;-637.4569 293.1056;197.7633 911.2950;470.3101 -54.2504
hornsrev,LXSSA,6030,6030,4D,3,1000,8,4,94266.96423114478,94736.09381293242,469.129581787638,True,325.78080848994654,2.075486026999897,220.9598 416.4538;11.5050 -111.6370;-563.9415 -790.9433;534.2823 -320.6063;601.3514 -639.4085;-772.7716 627.8657;780.0493 498.6447;-682.5351 119.7097
hornsrev,LXSSA,6030,6030,4D,3,1000,8,5,93901.7557412627,94736.09381293242,834.3380716697138,True,382.00009811659555,2.0283133570001155,-255.6792 -640.7537;-249.9963 569.0461;-706.7064 707.4931;704.7934 -479.8724;401.3469 400.6550;984.9340 -143.9027;712.3482 701.8259;-622.5175 -534.1995
hornsrev,LXSSA,6030,6030,4D,3,1000,8,6,94123.7714410159,94736.09381293242,612.3223719165253,True,588.3181065350008,2.0377522289995795,-439.1273 824.7989;516.1837 691.8499;923.6623 -4.0061;-974.4062 224.7748;573.9719 -818.8733;-746.7176 -413.0109;-79.5024 -924.8325;-179.6701 -256.2459
hornsrev,LXSSA,6030,6030,4D,3,1000,8,7,93974.21250251246,94736.09381293242,761.8813104199653,True,308.081294048003,1.9996584590003295,344.0932 83.8693;-1.3086 491.6946;846.3361 -507.0612;210.1041 -606.1478;-578.0821 51.9298;-77.1919 193.1049;735.5705 -58.2636;-238.4529 -464.8681
hornsrev,LXSSA,6030,6030,4D,3,1000,8,8,94112.00110888507,94736.09381293242,624.0927040473471,True,308.1491075187373,2.084395095000218,-762.4608 -286.4082;-758.0167 560.3916;-429.9503 -902.8498;-134.5962 -990.7237;-453.1237 626.7403;896.4935 120.5358;120.0371 770.2391;659.1252 -553.9768
hornsrev,LXSSA,6030,6030,4D,3,1000,8,9,93903.25900922684,94736.09381293242,832.8348037055839,True,378.18583879827617,1.9973299399998723,859.0394 285.5526;572.6179 587.1198;-405.5178 -783.4365;-540.4071 836.5903;-657.5163 443.0386;-572.8207 -172.8578;825.4961 -562.0337;-281.3660 -426.2099
hornsrev,LXSSA,6030,6030,4D,3,1000,8,10,93208.53209340987,94736.09381293242,1527.5617195225495,True,321.04579297349784,1.9176235050003925,209.2477 638.4372;-694.7357 -575.5774;-317.4668 778.7722;971.0988 231.6699;-260.4243 -159.0694;938.2084 -224.1801;-80.9312 995.8465;480.4780 -58.2998
hornsrev,LXSSA,6030,6030,4D,3,1000,8,11,93596.74439391057,94736.09381293242,1139.349419021848,True,388.99018712891746,1.988755308999771,-577.3303 -213.0091;-455.3188 -846.1859;-382.2601 317.3521;662.0254 -549.3557;425.3930 427.5999;494.8815 832.5206;13.2740 -4.2082;295.9231 -680.8184
hornsrev,LXSSA,6030,6030,4D,3,1000,8,12,94106.35560035388,94736.09381293242,629.7382125785371,True,375.6142847757623,1.9689124070000616,58.2675 -397.2606;798.4863 478.6318;-682.5170 -84.0076;363.6913 -756.7232;-936.4940 192.7265;-794.9304 -570.1273;139.2782 974.5985;-130.9502 91.0189
hornsrev,LXSSA,6030,6030,4D,3,1000,8,13,94416.66893809414,94736.09381293242,319.42487483828154,True,382.66228361760267,1.8659175040002083,368.8255 308.6975;-334.4960 -381.5019;295.4654 -122.4614;657.1278 2.5613;136.5724 -990.5248;208.0141 -569.0729;-722.9872 188.3103;-439.2076 -801.2165
hornsrev,LXSSA,6030,6030,4D,3,1000,8,14,94421.03986433121,94736.09381293242,315.05394860121305,True,378.0616197200063,1.8581405550003183,-303.3334 -332.2819;541.8322 497.3893;830.9446 253.7818;366.7341 -903.5138;-46.0032 -998.9317;-207.4087 390.0809;-645.2488 44.4676;267.9135 -221.0707
hornsrev,LXSSA,6030,6030,4D,3,1000,8,15,94460.68131877886,94736.09381293242,275.4124941535556,True,452.2952796607773,1.780892784000116,78.3456 -484.6119;-485.8229 15.5263;-986.0974 165.8088;-76.9118 985.8015;379.5125 -856.7330;804.2865 155.8842;-645.9862 463.9622;-108.5529 -961.2670
hornsrev,LXSSA,6030,6030,4D,3,1000,8,16,94206.78997414485,94736.09381293242,529.3038387875713,True,403.695598190068,1.8435624169997027,-389.4812 -388.7018;-172.7174 402.1571;725.1205 -313.6673;319.4048 -202.2155;-485.9071 -852.0648;-851.4533 185.2026;-878.2139 -475.8462;-468.8931 56.2923
hornsrev,LXSSA,6030,6030,4D,3,1000,8,17,93912.02740675079,94736.09381293242,824.0664061816351,True,407.4959733766074,1.8398781410000993,-191.3190 -727.0993;296.6817 -344.0478;911.9395 149.5428;7.8295 172.6920;-755.6414 -587.9438;-916.7378 -75.4140;402.9087 72.8654;-621.7121 266.6986
hornsrev,LXSSA,6030,6030,4D,3,1000,8,18,94067.89558180055,94736.09381293242,668.1982311318716,True,419.699951977077,1.8780733700000383,-240.9627 -614.0035;663.0278 -379.0539;823.2331 535.4314;-167.0584 -143.4836;-644.1406 -217.9452;-783.0591 326.2852;266.2558 963.9010;235.9765 -26.3901
hornsrev,LXSSA,6030,6030,4D,3,1000,8,19,94359.12742595555,94736.09381293242,376.9663869768701,True,315.8894762958405,2.025862823999887,-222.8154 895.5454;403.5543 -679.2718;471.2901 210.0070;243.3210 428.6763;77.7767 -984.4420;-664.9070 737.5114;-118.0084 317.8893;-983.5799 -53.9786
hornsrev,LXSSA,6030,6030,4D,3,1000,8,20,94025.72608351988,94736.09381293242,710.3677294125373,True,397.48764475425696,2.0975283379998473,-260.1158 23.3879;803.1968 -268.7892;-938.8718 -344.2666;12.8283 -907.5770;680.9175 258.2315;277.2075 182.8654;391.0053 -785.1900;497.5160 728.9156
hornsrev,LXSSA,6030,6030,4D,3,1000,8,21,94554.6086815873,94736.09381293242,181.48513134512177,True,410.02155376176967,1.9085742329998538,766.9415 323.6657;-366.7738 646.5732;871.9500 -489.5946;-37.9058 -380.8733;279.7168 829.7489;-825.9252 -563.7794;119.1280 127.0983;-684.2589 -179.0089
hornsrev,LXSSA,6030,6030,4D,3,1000,8,22,94365.49062578578,94736.09381293242,370.60318714664027,True,331.65277876098173,2.015970948999893,-623.5731 -645.7380;-499.5109 -137.2525;850.6716 -363.9842;685.4335 293.5144;443.7599 66.3857;-151.9326 -66.8289;-86.0939 941.6725;223.4355 -949.6579
hornsrev,LXSSA,6030,6030,4D,3,1000,8,23,94100.16343928322,94736.09381293242,635.9303736492002,True,348.86256813604535,1.9666781490000176,721.2094 635.1583;-105.1617 -945.2289;838.5478 288.4220;-531.5008 831.3297;596.5574 15.6641;-727.7339 -2.6468;687.2954 -606.2958;-482.1900 -250.4639
hornsrev,LXSSA,6030,6030,4D,3,1000,8,24,94095.22946542599,94736.09381293242,640.8643475064309,True,398.1776608706644,1.8894530709999344,873.5746 464.1106;-327.0440 -327.8604;6.2202 816.9396;-70.6116 -966.1447;46.8088 -464.8989;348.9299 -839.8236;200.4293 279.3402;-656.2409 -19.5087
hornsrev,LXSSA,6030,6030,4D,3,1000,8,25,94478.65554110306,94736.09381293242,257.43827182936366,True,480.19139682069533,2.001009897000131,993.2207 89.4870;335.1402 787.5938;-849.9278 -297.2808;626.1221 -779.3686;-54.6444 341.1866;691.3234 462.9060;-485.5829 681.5033;-192.9489 -429.6501
hornsrev,LXSSA,6030,6030,4D,3,1000,8,26,94023.52992656082,94736.09381293242,712.5638863716013,True,392.2366441066356,1.9870600809999814,621.8715 545.9247;-84.4190 -774.1476;-906.6055 217.7814;421.0469 -880.0577;-801.7001 595.7290;531.4422 59.2514;-839.5885 -543.2222;108.8084 988.1751
hornsrev,LXSSA,6030,6030,4D,3,1000,8,27,94235.59317990858,94736.09381293242,500.5006330238393,True,387.56304266158014,1.9284572960000332,462.4512 -252.8011;-187.6379 239.9941;875.6689 -115.4541;255.4435 -771.2850;-455.9413 -678.7996;675.0773 731.5978;-866.4011 464.0376;-711.3603 -387.3099
hornsrev,LXSSA,6030,6030,4D,3,1000,8,28,93655.3732262013,94736.09381293242,1080.7205867311131,True,346.4502216385954,1.9134511339998426,-549.2283 379.2190;-972.2080 -160.5696;-898.0910 314.3029;861.4353 -218.2622;-477.8115 -659.8780;-545.9471 -320.1939;372.1052 248.7099;17.8682 586.1544
hornsrev,LXSSA,6030,6030,4D,3,1000,8,29,94126.88818522188,94736.09381293242,609.2056277105439,True,461.80606795917504,2.0201280880000922,735.1736 142.8042;-585.9582 -784.5049;336.8191 649.3933;-109.7109 777.1780;52.8053 -65.1864;-400.6659 -152.5288;195.5840 -899.1685;-733.3228 666.6497
hornsrev,LXSSA,6030,6030,4D,3,1000,8,30,94397.78722046065,94736.09381293242,338.30659247176663,True,367.14778589991636,1.9224937449998833,434.1423 433.8268;262.4747 -610.4957;-473.9267 -391.4063;-30.0755 888.3998;810.4552 23.3041;-578.6034 152.6541;-421.3686 567.7922;696.9815 690.1724
hornsrev,SSA,6030,6030,4D,3,1000,8,1,94000.52473352218,94736.09381293242,735.5690794102411,True,378.41618707393746,1.8693285179997474,4.7974 552.2230;84.4933 182.2941;-490.2381 -871.5530;-91.6282 -995.7933;-53.3341 -414.5757;525.5196 31.0978;-696.6873 356.0558;648.8297 640.0052
hornsrev,SSA,6030,6030,4D,3,1000,8,2,94437.77523740467,94736.09381293242,298.3185755277518,True,310.70958298211485,1.8702464699999837,-658.5969 629.7827;992.3778 123.2323;-45.2927 733.8604;-822.2816 -227.0145;-250.7159 500.7472;-360.6077 -101.3630;243.0087 -623.9494;-599.2970 -800.5268
hornsrev,SSA,6030,6030,4D,3,1000,8,3,93869.61312831492,94736.09381293242,866.4806846175052,True,337.296949342273,1.8952560249999806,-336.5921 570.2551;-759.9348 151.7102;636.9078 750.8903;-326.1179 -230.7020;526.5150 -207.6760;307.4785 678.4641;998.8474 -29.7423;-624.8679 -540.4423
hornsrev,SSA,6030,6030,4D,3,1000,8,4,94015.37906658388,94736.09381293242,720.7147463485453,True,393.42549964160344,1.856126194999888,733.3721 412.0149;-986.1395 158.8536;186.7302 -110.9647;-498.3431 57.2538;483.3819 -815.6280;251.1097 967.9586;-382.2160 -547.6116;851.1324 36.6269
hornsrev,SSA,6030,6030,4D,3,1000,8,5,93808.95359456133,94736.09381293242,927.1402183710888,True,308.0000391281327,1.9252213650001977,-14.3843 390.8615;-320.2567 770.9136;-701.7418 121.5669;-153.1501 -299.3215;419.5183 -901.2849;306.7878 84.9644;982.9876 -43.3636;-999.1403 41.4532
hornsrev,SSA,6030,6030,4D,3,1000,8,6,94243.36789103037,94736.09381293242,492.72592190204887,True,346.25590107334983,1.884160311999949,-789.4626 -268.7618;788.9854 -217.8724;-113.9048 -943.6199;105.7509 894.9042;88.9701 -432.5703;221.5872 542.1436;-475.7729 -649.5422;711.2319 119.5407
hornsrev,SSA,6030,6030,4D,3,1000,8,7,94123.9479939619,94736.09381293242,612.1458189705154,True,319.96654240179294,1.917109463000088,-625.6595 143.0715;403.8019 307.6842;260.6724 -526.2305;-508.7197 680.8579;228.7695 973.4804;570.8066 -604.9412;-286.1833 63.0983;-298.6665 -954.3574
hornsrev,SSA,6030,6030,4D,3,1000,8,8,94406.95456128487,94736.09381293242,329.1392516475462,True,440.6836576436207,1.880501267999989,-904.3249 121.6226;130.0839 -389.5695;-176.4572 -72.9710;-721.7761 -686.7976;-314.8675 717.2399;764.3297 -475.6385;157.9837 895.1418;212.4733 -974.7277
hornsrev,SSA,6030,6030,4D,3,1000,8,9,94235.96321719523,94736.09381293242,500.1305957371951,True,419.93018213959255,1.9126740430001519,-325.9023 674.9730;422.9421 -749.3177;634.0409 324.4877;-793.7700 601.3805;260.4205 763.5101;-504.1201 -591.7554;518.9116 -340.5009;-168.4661 202.6782
hornsrev,SSA,6030,6030,4D,3,1000,8,10,94112.46625477287,94736.09381293242,623.6275581595546,True,402.1545895124649,1.9156698689998848,105.4283 -622.6891;-239.5573 -309.4562;363.2407 -931.3330;404.1594 751.5130;-370.0728 680.3638;-611.1712 -762.3436;-809.2786 521.1987;535.4168 -485.2509
hornsrev,SSA,6030,6030,4D,3,1000,8,11,94318.56531527013,94736.09381293242,417.5284976622934,True,348.6852379045115,1.8552936220003176,-888.7880 297.2153;-968.3147 -249.7282;-337.3730 -940.8056;462.2208 647.7437;390.9321 -844.3983;53.1092 735.2021;-551.8673 207.4054;646.5711 -34.1681
hornsrev,SSA,6030,6030,4D,3,1000,8,12,93702.06624229683,94736.09381293242,1034.0275706355897,True,344.59515053874605,1.922790058999908,762.2569 -645.2159;73.5287 660.3026;605.3778 795.9382;764.4077 370.2555;-880.4412 166.0480;-217.5552 -418.3113;-387.7788 816.5920;-466.0983 -179.6229
hornsrev,SSA,6030,6030,4D,3,1000,8,13,94030.05185570865,94736.09381293242,706.0419572237734,True,347.38642533771423,1.92893156800028,-771.9109 73.6638;-3.7774 -235.9294;-97.0097 -802.3825;-875.1734 405.3477;602.7947 -710.0261;843.8311 58.7149;84.7535 213.8547;140.6052 990.0657
hornsrev,SSA,6030,6030,4D,3,1000,8,14,94350.11764446831,94736.09381293242,385.97616846411256,True,409.75530917578897,1.9880629019999105,254.0862 -471.5663;-865.4299 -248.1464;787.8139 -301.9521;77.6860 806.3585;481.6248 875.1543;-701.2348 -710.0882;-517.2958 118.5085;151.6691 -988.4313
hornsrev,SSA,6030,6030,4D,3,1000,8,15,94422.87965743222,94736.09381293242,313.21415550020174,True,353.92782169478266,1.861716572000205,-157.2905 -337.1109;609.7149 -534.2002;-268.6400 162.3698;-623.9475 -739.5478;-159.7819 871.8699;244.9105 719.8671;-823.0315 310.7847;492.4942 -868.1526
hornsrev,SSA,6030,6030,4D,3,1000,8,16,94682.84380419538,94736.09381293242,53.25000873704266,True,412.91626495330775,1.8912449129998095,-674.6520 492.5531;114.5420 -276.2599;-24.8440 762.8251;877.1873 -62.0585;-519.9923 -524.1347;-108.9838 -994.0434;576.7251 -793.9207;193.9160 128.9556
hornsrev,SSA,6030,6030,4D,3,1000,8,17,94044.63419780316,94736.09381293242,691.4596151292644,True,319.7194129643425,1.8105792280002788,-564.9599 578.3439;-181.8278 457.6325;-57.1782 -682.4657;291.1592 -391.5975;569.6183 722.8968;858.1714 -202.6000;-258.4164 926.4620;266.9771 825.9931
hornsrev,SSA,6030,6030,4D,3,1000,8,18,94314.33664699801,94736.09381293242,421.7571659344103,True,371.5910283619785,1.847683966999739,11.9830 -849.5958;-767.8709 -636.4200;-914.2053 377.1786;460.5413 867.9085;752.8639 -74.7343;128.3227 89.4406;375.2549 -512.1611;658.8461 -752.2776
hornsrev,SSA,6030,6030,4D,3,1000,8,19,94205.72215045807,94736.09381293242,530.3716624743538,True,407.1959020274483,1.8775747839999894,33.5803 -219.8148;-875.9842 -482.3397;25.3058 909.3748;-734.9469 -97.4182;-599.6714 -781.4378;-162.1373 396.4246;876.0555 110.7040;385.9404 -507.5741
hornsrev,SSA,6030,6030,4D,3,1000,8,20,94344.14320546416,94736.09381293242,391.95060746825766,True,421.5247205763341,1.9282470190000822,429.1710 136.8444;999.6450 26.6390;528.1171 -596.6617;-426.6895 845.1330;6.6568 293.9005;-311.2406 -870.6568;-733.4851 463.3519;308.1515 588.4917
hornsrev,SSA,6030,6030,4D,3,1000,8,21,94221.17439203415,94736.09381293242,514.9194208982663,True,436.5581897943662,1.8660517990001608,278.3108 935.1363;-807.5983 -143.2187;-670.2295 521.3935;14.1374 -32.0663;788.5232 152.4795;-222.7729 -870.2304;374.6820 -366.7460;283.7922 -793.7379
hornsrev,SSA,6030,6030,4D,3,1000,8,22,94483.83048189504,94736.09381293242,252.26333103737852,True,336.58071503659875,1.994435159999739,573.8635 261.8122;-716.1409 693.3492;827.0955 483.5330;-790.6741 -553.6439;188.0365 -131.0239;379.5164 -679.9288;-226.2841 879.2569;-398.0227 -867.8518
hornsrev,SSA,6030,6030,4D,3,1000,8,23,94265.22735824909,94736.09381293242,470.86645468333154,True,323.6115838755298,1.8924380459998247,782.0186 -104.6903;-904.4899 -426.4899;333.8504 338.6348;-173.2840 883.7232;-353.8909 179.9050;-589.0204 -498.6250;682.0627 -632.8166;219.0817 -21.9837
hornsrev,SSA,6030,6030,4D,3,1000,8,24,93976.04854166455,94736.09381293242,760.0452712678671,True,356.5259968290358,2.0534589349999806,298.0879 55.8023;75.9657 -806.8099;661.8491 498.4729;396.3601 772.0712;555.1620 -191.2275;-113.3010 907.5124;5.3275 404.6751;-359.9432 -663.7788
hornsrev,SSA,6030,6030,4D,3,1000,8,25,94553.94880678863,94736.09381293242,182.14500614379358,True,412.3742168844785,1.9839560880000136,361.2676 394.3743;965.7707 259.3965;247.9692 -461.2142;39.0456 -983.6136;-434.5532 -598.7859;-297.0457 639.1174;-910.6354 -1.6010;-703.6075 708.1099
hornsrev,SSA,6030,6030,4D,3,1000,8,26,94342.11659031003,94736.09381293242,393.97722262238676,True,308.29836975936985,1.9730527029996665,185.7603 -961.7336;565.9279 195.1509;-608.5849 40.1089;14.6722 708.4229;-689.2812 602.7178;-827.6957 -176.7743;-296.3342 -773.8266;263.0438 492.5960
hornsrev,SSA,6030,6030,4D,3,1000,8,27,94293.48379269044,94736.09381293242,442.6100202419766,True,380.8500691953021,2.0105057509999824,504.8715 66.6789;-52.2360 948.6804;-326.4028 -893.0555;588.8004 -535.0287;-972.4189 233.2404;381.3500 479.6612;66.4751 -986.0152;-46.6774 -622.3625
hornsrev,SSA,6030,6030,4D,3,1000,8,28,94206.22558504899,94736.09381293242,529.8682278834312,True,378.49190608284925,2.0357118900001296,-283.3288 180.7835;-695.1331 716.5637;-856.0496 84.2974;-191.5935 601.7435;919.5547 144.1528;558.8938 -829.2391;798.9158 -214.5983;551.1715 443.9574
hornsrev,SSA,6030,6030,4D,3,1000,8,29,94548.90057003753,94736.09381293242,187.19324289489305,True,362.3409926614296,1.9729789699999856,-723.1136 -289.2327;-234.6488 316.7332;-846.2522 525.9965;-131.9272 -453.4432;982.3706 186.9439;222.7631 777.2974;439.3902 -536.3126;-393.7153 -703.9586
hornsrev,SSA,6030,6030,4D,3,1000,8,30,94463.31087505986,94736.09381293242,272.78293787255825,True,451.6106344572857,1.9766500629998518,-445.7764 438.8806;-570.5586 -196.2017;667.1091 274.7929;578.5424 717.6338;100.7410 879.9523;372.0991 -457.6630;929.0777 -369.8842;-52.9405 7.2832
hornsrev,PSO,6030,6030,4D,3,1000,8,1,94159.95886748873,94736.09381293242,576.1349454436859,True,387.58936718140427,2.028203887000018,-572.0046 -237.0714;-36.4822 897.0857;-783.7581 318.4175;-689.6248 720.8385;-98.5390 -961.7795;517.5556 801.1430;-467.0474 -841.6666;275.4192 -41.0174
hornsrev,PSO,6030,6030,4D,3,1000,8,2,93894.16649491206,94736.09381293242,841.92731802036,True,495.32769100420654,2.0607946150003045,973.9946 203.9613;413.2508 825.4037;312.0237 -633.1589;47.4541 446.3677;-421.8450 14.8414;-802.4539 -570.7554;843.7218 -480.4995;-923.3350 -90.4042
hornsrev,PSO,6030,6030,4D,3,1000,8,3,93930.24399479949,94736.09381293242,805.8498181329342,True,336.03984304606377,2.030704904000231,-976.2489 167.2474;-698.9178 -462.0566;-312.2217 -109.8603;-144.0574 -605.6796;220.1685 586.3586;-359.3130 699.5780;-112.8947 928.0529;984.2914 -28.7024
hornsrev,PSO,6030,6030,4D,3,1000,8,4,94219.76587348524,94736.09381293242,516.3279394471756,True,392.39834445749796,2.002179762000196,-381.8774 -809.3065;444.4604 -175.6119;558.4936 475.9949;822.0118 185.2465;284.8435 -921.5425;-681.1527 31.7574;111.8568 853.7644;-323.9923 944.9469
hornsrev,PSO,6030,6030,4D,3,1000,8,5,93584.27488639014,94736.09381293242,1151.8189265422843,True,321.11254544395933,1.9489345309998498,-275.7085 -795.9080;548.7196 -204.8994;-333.8674 604.4918;440.0787 -532.7624;573.8592 241.0334;964.4926 -102.3602;659.6538 629.5713;-583.3156 -703.7606
hornsrev,PSO,6030,6030,4D,3,1000,8,6,94114.26274176699,94736.09381293242,621.831071165434,True,486.3983163900608,2.040740426999946,-471.3049 -552.2079;332.8026 744.9697;508.3033 -177.5447;-366.2505 15.0132;123.7612 136.5122;-135.7363 875.5630;989.5014 -51.2977;610.0567 -792.3554
hornsrev,PSO,6030,6030,4D,3,1000,8,7,94216.09596071285,94736.09381293242,519.9978522195743,True,308.30888137200077,2.0321577859999707,941.0404 263.8310;2.2712 203.1780;641.3076 336.0433;804.9312 -519.9079;117.2380 -349.4097;109.2048 924.8585;-387.7222 -865.2307;-908.8837 -159.6922
hornsrev,PSO,6030,6030,4D,3,1000,8,8,94616.03748914012,94736.09381293242,120.0563237923052,True,319.14260090099214,2.012715448000108,-953.0719 36.3995;-691.8289 281.6719;-662.8305 -725.6559;262.4695 -897.4548;-205.4948 734.8783;856.1481 -230.2662;569.0128 520.6132;-351.8093 -654.1171
hornsrev,PSO,6030,6030,4D,3,1000,8,9,93391.98415178945,94736.09381293242,1344.1096611429675,True,422.3101832977357,2.0549026670000785,659.2730 -105.0822;-22.2847 -849.5200;396.0411 -791.6459;-881.7139 56.5210;-608.0529 -730.2443;-149.7505 -228.0394;572.8890 322.4170;-325.9448 177.0577
hornsrev,PSO,6030,6030,4D,3,1000,8,10,94203.80703823206,94736.09381293242,532.286774700362,True,379.61367137794076,1.8910013449999497,554.5149 -752.8017;818.9945 -480.4837;-990.2542 110.5862;-154.8572 945.4883;-565.9796 585.6723;42.3148 -919.1633;-386.8678 -478.0448;212.5501 -386.7480
hornsrev,PSO,6030,6030,4D,3,1000,8,11,94180.78682916425,94736.09381293242,555.3069837681687,True,355.04503382370314,1.9636860659998092,633.4912 -374.2718;-284.4924 517.9692;-611.9608 -520.1067;876.9218 -115.8177;435.7454 309.2263;178.7163 975.2574;-743.9901 81.3888;130.5150 -958.9490
hornsrev,PSO,6030,6030,4D,3,1000,8,12,93684.84530115129,94736.09381293242,1051.2485117811302,True,333.133215974172,2.052950162000343,775.4970 418.7581;482.5068 -352.4531;-597.6645 -424.6713;978.7798 121.5265;-804.4770 575.7564;25.5847 -943.9862;474.0015 737.4020;-525.1888 -749.8252
hornsrev,PSO,6030,6030,4D,3,1000,8,13,93677.04937192137,94736.09381293242,1059.0444410110504,True,467.6719069824522,2.0125594499995714,-900.4238 -413.0700;-322.2247 -278.7636;-160.7000 160.1290;452.7038 835.0415;-515.6940 -820.1704;795.3022 103.1963;-707.0455 555.4384;698.3090 -605.9860
hornsrev,PSO,6030,6030,4D,3,1000,8,14,94222.05291488259,94736.09381293242,514.0408980498323,True,459.3036915015969,1.9531121079999139,-252.4785 -766.4838;539.5116 802.6045;-580.6801 -433.4614;-437.0406 2.8041;-994.4862 -96.9819;-191.6764 601.2166;217.5912 -631.1663;682.4948 228.3593
hornsrev,PSO,6030,6030,4D,3,1000,8,15,93951.61786374795,94736.09381293242,784.4759491844743,True,430.06801091700186,1.9979555109998728,449.8685 552.2137;4.7935 -840.9518;-875.8511 374.3504;329.8045 74.4855;-41.1438 997.3729;984.7744 -123.6009;-323.6808 173.9452;314.9243 -542.9964
hornsrev,PSO,6030,6030,4D,3,1000,8,16,94349.19288245279,94736.09381293242,386.90093047963455,True,554.2950088436005,1.9665327590000743,-21.1145 992.0525;-779.8010 -155.2937;911.8966 113.3737;5.8764 -933.2243;447.4008 -399.0523;462.8445 585.7822;-246.5184 -306.4648;-149.0922 360.1562
hornsrev,PSO,6030,6030,4D,3,1000,8,17,93941.29181189713,94736.09381293242,794.802001035292,True,496.1305559224886,1.9533357109999088,277.6579 -917.3880;-49.0661 -17.4089;-786.8383 -35.5471;-542.1238 -794.2697;718.8521 288.0483;929.7671 -332.1820;-132.5474 640.3474;423.0814 -443.0489
hornsrev,PSO,6030,6030,4D,3,1000,8,18,93924.1560543809,94736.09381293242,811.9377585515176,True,353.7207044502255,1.9896282780000547,807.0870 41.4662;-815.6116 -533.8492;618.7364 -667.2898;-99.7332 789.4737;-101.8306 -857.5521;-555.1772 269.6874;-926.8015 -198.0588;265.1962 721.5837
hornsrev,PSO,6030,6030,4D,3,1000,8,19,94095.10602460081,94736.09381293242,640.9877883316076,True,334.87955399547405,1.8884689480000816,129.3554 933.0663;-830.9751 541.0803;-888.5107 147.0644;-787.6589 -172.2680;715.9058 248.0696;-21.1303 422.5933;461.2826 -686.3043;-198.3088 -64.1554
hornsrev,PSO,6030,6030,4D,3,1000,8,20,93852.44175882197,94736.09381293242,883.6520541104546,True,340.7279859944184,1.9851907229999597,541.3512 277.5878;848.1113 -100.9484;610.5541 791.2096;-701.0075 461.4254;-75.1482 654.2462;33.6289 -273.9622;-194.8967 -21.2338;388.3743 -632.9835
hornsrev,PSO,6030,6030,4D,3,1000,8,21,94292.17480598066,94736.09381293242,443.91900695176446,True,370.17234008992955,1.9177080039999055,516.2225 206.4819;769.2851 476.6428;-660.8123 -667.0347;-280.7580 903.7417;-591.4672 -75.3543;920.6150 -301.5694;200.8824 -884.5856;-77.2538 43.6196
hornsrev,PSO,6030,6030,4D,3,1000,8,22,93876.8640553915,94736.09381293242,859.2297575409175,True,365.632617625965,2.008327277999797,-875.7402 11.0357;-139.2205 114.9100;629.6458 -776.2865;654.6550 264.9316;546.0272 614.0551;183.1558 960.0834;-302.9135 -457.4061;-101.9513 -964.6007
hornsrev,PSO,6030,6030,4D,3,1000,8,23,93927.42287783512,94736.09381293242,808.670935097296,True,379.62669757225166,1.9856167930001902,809.5941 523.5844;220.7673 -848.5879;788.6905 26.1629;-119.3998 722.4017;345.4424 604.4383;-547.1755 351.1051;682.9965 -342.0897;-143.7575 -954.5979
hornsrev,PSO,6030,6030,4D,3,1000,8,24,93823.13044984896,94736.09381293242,912.9633630834578,True,364.9658799384294,1.9761515240002154,-2.5936 -725.6525;287.5019 187.4593;206.6462 674.6582;-692.2590 62.6828;175.6254 -159.9363;672.9361 561.0050;537.8697 -522.6036;-417.5735 388.3056
hornsrev,PSO,6030,6030,4D,3,1000,8,25,94024.40086086844,94736.09381293242,711.6929520639824,True,480.5572010650229,1.9183305450001171,129.9592 798.4068;-787.4434 469.1286;-411.6484 -538.2511;563.8852 -115.4616;420.3620 -802.3951;-908.3776 -53.5007;-329.3813 939.6212;7.8839 -198.4181
hornsrev,PSO,6030,6030,4D,3,1000,8,26,94263.50851228196,94736.09381293242,472.58530065046216,True,384.7695635696744,2.065288729999793,-364.2764 921.7039;-175.1694 -612.8647;519.0497 726.8023;168.4319 -193.3040;399.2704 -805.3365;-859.7799 -374.8752;920.7725 -312.0116;-605.2572 -86.3171
hornsrev,PSO,6030,6030,4D,3,1000,8,27,93703.59968745167,94736.09381293242,1032.494125480749,True,398.05865577638906,1.9775148799999442,315.0411 498.0810;-122.4311 976.5701;712.6260 165.0322;-107.8967 384.6558;801.3987 -446.2568;-398.6460 656.5299;-888.0793 -416.6240;-203.7892 -794.6589
hornsrev,PSO,6030,6030,4D,3,1000,8,28,94118.25076628143,94736.09381293242,617.843046650989,True,337.88187593963664,2.003911257999789,436.0319 848.7980;-811.0708 -99.5251;-893.6079 228.1207;533.5249 423.6878;293.4902 -780.3566;-224.1974 654.3878;109.6867 958.8392;785.4374 -350.2695
hornsrev,PSO,6030,6030,4D,3,1000,8,29,93693.5280066993,94736.09381293242,1042.5658062331204,True,404.62713523521734,2.043481710999913,854.3409 -230.6269;-755.7256 493.9366;769.4556 183.7667;382.7958 303.0029;332.0091 -772.0177;-42.7243 390.4245;-679.8718 -328.2411;75.2789 -15.1042
hornsrev,PSO,6030,6030,4D,3,1000,8,30,93387.95743876968,94736.09381293242,1348.1363741627429,True,502.5236054048659,2.01385964300016,-472.3208 878.4659;-112.3913 -902.8406;285.9394 256.7613;-991.8977 -59.8387;908.9256 88.9237;730.3519 664.7993;-0.9756 -223.2648;330.0711 -601.3362
hornsrev,DE,6030,6030,4D,3,1000,8,1,92879.9369093355,94736.09381293242,1856.156903596915,True,350.53808616135996,2.2568214760003684,-340.7970 -521.7076;827.1106 -344.9416;326.9798 -462.2953;-162.1343 854.5185;-878.1784 188.8044;741.5794 23.0200;-67.9490 516.8706;328.1533 48.3090
hornsrev,DE,6030,6030,4D,3,1000,8,2,93246.6135500601,94736.09381293242,1489.4802628723264,True,325.81721952512856,2.2111426559999927,486.5508 685.5904;-275.9061 541.6782;310.9301 -113.8328;55.8888 -504.8853;794.2663 362.0731;-73.3968 -890.0419;-700.8148 -345.4154;-390.8157 -245.1286
hornsrev,DE,6030,6030,4D,3,1000,8,3,93239.71081838326,94736.09381293242,1496.3829945491598,True,473.0057469823734,2.238447000999713,386.7367 459.9856;215.3307 -207.2982;212.5557 -945.4506;-454.5633 -260.9485;569.9789 -635.6393;-950.7594 250.6625;-213.2412 541.5601;-331.0428 -752.0170
hornsrev,DE,6030,6030,4D,3,1000,8,4,93856.41040372646,94736.09381293242,879.683409205958,True,452.24152620873696,2.2507190100000116,114.9300 -878.6719;-61.1914 638.6218;-733.6167 117.9517;-193.3522 -6.5396;814.7356 -225.9625;570.8918 561.0110;-489.1716 784.7564;-705.5270 -626.5882
hornsrev,DE,6030,6030,4D,3,1000,8,5,93705.68818518626,94736.09381293242,1030.405627746164,True,324.1673913631661,2.1898441390003427,577.1714 -607.7440;-66.2075 716.9979;-409.6170 -408.7220;976.7913 -141.4392;-700.6838 -712.6592;248.3770 795.2352;-823.0383 -78.9348;92.7557 -255.0817
hornsrev,DE,6030,6030,4D,3,1000,8,6,93570.80295405141,94736.09381293242,1165.2908588810096,True,402.84071059862833,2.302477880999959,-862.0624 -59.2252;-260.1350 821.7017;-48.3359 -927.8038;-115.9794 -358.8585;680.6293 -460.4724;-698.7272 443.4434;48.7359 336.0615;441.0442 244.5472
hornsrev,DE,6030,6030,4D,3,1000,8,7,93028.9836671334,94736.09381293242,1707.1101457990153,True,339.5313751676027,2.36600902400005,312.3227 788.8470;-167.3974 -854.0222;878.7696 232.7392;-461.7454 685.8106;-320.2409 14.1678;-871.3952 143.9117;84.1125 -617.8652;-634.9652 393.7893
hornsrev,DE,6030,6030,4D,3,1000,8,8,92925.36685032223,94736.09381293242,1810.7269626101915,True,459.9126376678923,2.343383802000062,407.1500 272.3873;346.3361 -897.4964;-199.6465 968.5563;-129.5461 -777.2271;-389.7091 -7.7144;27.7324 -200.7486;-766.6127 -360.5304;-752.7538 492.4394
hornsrev,DE,6030,6030,4D,3,1000,8,9,93433.66678592382,94736.09381293242,1302.427027008598,True,330.43526709813045,2.371745717000067,-723.1251 -269.1433;210.3606 60.3599;657.1070 -522.8491;667.0911 631.8038;256.4086 932.1839;-802.7203 144.6398;109.9024 461.8193;334.7835 -595.6161
hornsrev,DE,6030,6030,4D,3,1000,8,10,93128.4300958778,94736.09381293242,1607.6637170546164,True,367.2636008032375,2.3773667089999435,679.7299 187.9035;54.1048 -788.9227;-180.2807 746.9176;-926.7643 -136.5214;-379.0128 -709.3783;397.9609 627.0503;592.8035 -552.8536;773.3293 543.0397
hornsrev,DE,6030,6030,4D,3,1000,8,11,92774.57164739085,94736.09381293242,1961.5221655415662,True,458.6604572819899,2.2659822099999474,130.7349 954.7278;82.3312 154.8984;412.5922 -820.0006;793.6619 -390.6386;791.0708 574.5850;-260.0761 460.0651;-420.1268 -369.3914;-874.1118 -108.3891
hornsrev,DE,6030,6030,4D,3,1000,8,12,92443.31645598049,94736.09381293242,2292.777356951934,True,309.4595384272947,2.183103795000079,-162.0098 -330.6565;-498.5308 358.4823;-683.4800 110.3714;-7.9793 808.3527;279.8095 -594.3822;848.3989 -463.1646;-121.7100 241.7976;-452.1428 -711.2467
hornsrev,DE,6030,6030,4D,3,1000,8,13,92843.68881581233,94736.09381293242,1892.4049971200875,True,432.50408953651356,2.3228077210001175,78.9970 -620.1390;44.0070 508.6138;-483.8590 361.3515;753.2426 -373.1283;440.6421 57.8466;-522.1639 -848.9891;-693.1360 -221.3646;703.1007 401.6129
hornsrev,DE,6030,6030,4D,3,1000,8,14,93428.77391295928,94736.09381293242,1307.3198999731394,True,482.82139126968,2.2911065240000426,-292.0557 117.7901;-183.5646 -789.8705;-807.6310 -564.8234;329.2810 -224.3191;547.9879 -681.2117;813.5800 -133.0402;-469.6362 591.1881;-153.6133 956.2169
hornsrev,DE,6030,6030,4D,3,1000,8,15,93684.40576423379,94736.09381293242,1051.6880486986338,True,317.6611066856441,2.215592230999846,208.8505 672.6719;276.9902 362.4050;-630.4732 -454.2291;-204.1522 784.1463;-285.4510 -796.1757;837.2592 -348.2726;-431.8488 144.5847;132.7459 -428.7584
hornsrev,DE,6030,6030,4D,3,1000,8,16,93000.08627397576,94736.09381293242,1736.0075389566628,True,381.1608517302781,2.2562283720003506,793.0100 65.9151;-785.9218 231.9232;-555.3960 813.0800;-188.4876 -436.1186;-547.6767 -65.6047;448.2594 658.7342;63.7323 -867.8952;620.1400 -774.8330
hornsrev,DE,6030,6030,4D,3,1000,8,17,93300.7454050111,94736.09381293242,1435.348407921323,True,466.963641972061,2.2159464110000044,882.7361 88.5320;-518.2435 -167.2503;38.5824 -923.3906;-629.4231 465.7996;412.5537 -345.0899;-668.8245 -683.2321;-60.8687 -73.1051;234.7982 584.7397
hornsrev,DE,6030,6030,4D,3,1000,8,18,93322.8329797242,94736.09381293242,1413.2608332082164,True,347.7547910268023,2.3226940800000193,526.3642 542.1257;-548.2879 -817.2890;43.5674 -70.2406;-145.9597 -361.8103;181.7945 609.7148;-645.5458 -213.4955;791.3517 -478.6787;-753.4834 418.7171
hornsrev,DE,6030,6030,4D,3,1000,8,19,93263.96735859726,94736.09381293242,1472.1264543351572,True,408.55032392415995,2.2926220399999693,-768.2717 634.3403;537.4968 -727.0925;-37.3295 -296.1894;-692.2430 232.9265;-20.4071 389.8522;96.1932 -766.1165;380.4879 66.1565;87.1550 958.3386
hornsrev,DE,6030,6030,4D,3,1000,8,20,92983.48830713127,94736.09381293242,1752.6055058011552,True,373.43413385458246,2.3313226099999156,-558.3057 -74.5418;-122.4313 -635.9903;902.7481 -225.5826;-197.1082 246.6004;787.5518 129.6397;404.2335 3.4889;-29.9138 608.3828;-300.6831 912.8748
hornsrev,DE,6030,6030,4D,3,1000,8,21,93265.38310730565,94736.09381293242,1470.7107056267705,True,491.9887011905063,2.303409408999869,590.2875 568.4649;322.3903 -240.4116;217.2508 939.7048;-780.5978 478.4485;954.9132 238.1605;729.4789 -632.4090;-173.2520 -600.4581;-617.2202 -79.7193
hornsrev,DE,6030,6030,4D,3,1000,8,22,93111.43969273704,94736.09381293242,1624.6541201953805,True,308.47281893018726,2.286979577999773,733.9448 602.3830;262.7007 472.8760;-26.3488 -598.0494;-425.7498 -245.2595;-575.0114 470.0883;826.3629 -37.0632;888.5420 265.0779;-693.4235 109.0775
hornsrev,DE,6030,6030,4D,3,1000,8,23,93281.60591113142,94736.09381293242,1454.487901800996,True,417.41998259861583,2.2697492319998673,-682.8875 -120.0989;235.0641 -942.7766;333.2919 -124.3158;648.9649 581.9906;894.6857 -343.0181;23.8143 783.6672;-575.4968 -663.3491;-171.9197 414.9835
hornsrev,DE,6030,6030,4D,3,1000,8,24,93195.24653158321,94736.09381293242,1540.8472813492117,True,512.3030659453726,2.339168884999708,139.1642 359.2826;-662.8858 -454.0503;964.4993 -130.6000;-81.4071 -552.7560;453.5141 -315.8813;-903.9951 189.1738;-590.0127 647.7373;260.9501 856.8995
hornsrev,DE,6030,6030,4D,3,1000,8,25,93191.09023100793,94736.09381293242,1545.003581924495,True,362.2613940989597,2.3190281029997095,743.9412 -155.2539;315.1696 924.8034;-537.1007 -106.9624;172.6766 485.2189;552.7703 -819.3103;872.6707 330.8220;-725.6100 202.3879;32.6038 -361.3621
hornsrev,DE,6030,6030,4D,3,1000,8,26,93152.76202686924,94736.09381293242,1583.3317860631796,True,362.44048381704334,2.268664671999886,-385.3739 -434.6439;-626.1767 560.6375;882.6586 -125.6091;-165.5457 670.5150;129.7876 14.0983;237.1711 -332.0691;-160.4395 -926.7094;626.5714 688.1143
hornsrev,DE,6030,6030,4D,3,1000,8,27,93448.94552920506,94736.09381293242,1287.1482837273652,True,362.8447706265923,2.2258277290002297,-790.4666 409.8928;-535.1048 -758.6905;63.9429 -593.1466;415.6112 -682.5095;-799.3476 -375.1344;319.0537 648.3397;909.8511 -128.5101;-28.0287 -162.4068
hornsrev,DE,6030,6030,4D,3,1000,8,28,93746.13977803114,94736.09381293242,989.9540349012823,True,369.0547801282126,2.3165307799999937,70.4142 288.2294;184.5385 -718.7549;-994.1609 -42.9554;-768.7201 533.3428;469.0960 -160.7283;-66.0160 -989.7233;-435.7275 98.2059;-633.4889 -476.2313
hornsrev,DE,6030,6030,4D,3,1000,8,29,94092.69877026732,94736.09381293242,643.395042665099,True,351.52168415932516,2.309089596999911,518.6947 54.5417;79.9291 981.9284;344.6481 -492.3795;-534.5338 257.5183;-426.9452 -350.7411;-421.7002 791.8489;595.9765 397.4630;-127.6852 -989.8367
hornsrev,DE,6030,6030,4D,3,1000,8,30,93476.96531223513,94736.09381293242,1259.1285006972903,True,326.6226105784795,2.303181867999683,297.7583 297.4485;-490.2763 154.6403;153.7998 -814.4970;809.4633 -127.9612;-2.7795 608.6690;379.1355 -578.0521;487.9968 -199.2165;-730.9477 -385.2587
hornsrev,LXSSA,6030,6030,4D,3,1000,15,1,170075.8272171195,177630.1758992483,7554.348682128795,True,322.9131769004602,2.5749022489999334,-761.4866 591.9284;-6.4642 -780.1809;629.5858 761.4986;-381.8755 -477.7279;410.5522 -62.6903;510.1361 271.2391;-935.9830 320.2228;300.0092 854.8728;-702.6217 -204.4421;-484.3483 -867.1607;-317.7279 214.7573;-1.0536 -160.0664;730.2413 -296.4262;345.3378 -414.2329;70.6014 254.7631
hornsrev,LXSSA,6030,6030,4D,3,1000,15,2,171471.53372263466,177630.1758992483,6158.642176613648,True,332.46110655326754,2.4426636700000017,-770.8495 -320.9109;607.7795 -773.3329;-680.7324 -665.0289;244.7989 182.8867;-223.2079 394.0876;644.0605 692.4748;151.6834 508.7456;603.8084 99.6780;-380.2311 921.2755;-317.5325 -301.3079;-805.5052 245.9385;638.2378 -307.8628;372.4844 -538.4572;13.4797 -902.1959;-145.2745 70.8396
hornsrev,LXSSA,6030,6030,4D,3,1000,15,3,170110.1371606185,177630.1758992483,7520.03873862981,True,315.76288122287633,2.542523168000116,771.1596 -484.7455;92.9352 -567.0241;420.5326 486.1645;-539.1487 839.4850;-31.5306 -190.6507;402.4013 -504.2793;772.8396 391.9913;216.2371 87.9616;-653.7718 -521.6951;850.8484 -3.7440;191.0416 715.6505;-163.0981 356.3961;-470.8591 442.2973;-157.6532 -934.9658;-944.4614 -236.7701
hornsrev,LXSSA,6030,6030,4D,3,1000,15,4,168336.97065642968,177630.1758992483,9293.205242818629,True,313.1739230963395,2.468952719999834,566.2416 -650.9526;315.4527 845.0129;499.5742 570.6256;-798.0733 -437.1117;-509.6975 140.3146;-860.8518 -114.4242;590.7138 180.3189;830.7958 556.5601;70.6985 -687.2972;-623.3379 -697.0068;-127.9051 -99.9347;-406.4115 885.9904;-899.1968 318.5449;-676.1614 609.9362;-5.6814 747.7101
hornsrev,LXSSA,6030,6030,4D,3,1000,15,5,170193.93738302155,177630.1758992483,7436.23851622676,True,326.8466066958431,2.58382732400014,-723.3805 -417.0615;-408.4050 -329.7737;753.6872 88.7378;-321.2527 51.6932;-240.9857 -712.8131;258.1335 -183.7509;653.6472 -622.9194;-559.2076 -807.4959;140.3819 230.6239;891.0432 -302.8576;-537.3651 653.0541;675.6677 423.8713;-846.1594 458.6893;-627.0639 213.6867;154.2544 558.9966
hornsrev,LXSSA,6030,6030,4D,3,1000,15,6,170082.65969025763,177630.1758992483,7547.516208990681,True,326.4379954333899,2.5160621029999675,-764.6240 -497.1628;-54.7859 748.8158;272.4511 825.2852;-388.3154 -366.6053;332.9582 -469.8727;-942.6579 300.8449;-468.8814 643.1835;817.0730 -553.8073;157.2657 -194.7475;236.4245 236.6287;600.9582 -58.4113;738.4922 579.4841;399.1554 -807.6405;-257.4775 327.2897;-223.9710 -675.9592
hornsrev,LXSSA,6030,6030,4D,3,1000,15,7,167522.75219915088,177630.1758992483,10107.423700097424,True,308.0177519011275,2.585987024000133,-642.0950 -438.2117;762.9652 495.1888;-8.9642 -3.8474;-860.3119 -147.6143;402.3643 -563.4932;82.6418 296.8412;-418.5162 -884.4299;-70.2349 -575.3643;-228.3004 233.5235;-796.8351 419.3986;660.9071 121.0073;319.9266 595.4495;-402.7859 566.2041;324.4316 -51.7824;617.2621 -342.8263
hornsrev,LXSSA,6030,6030,4D,3,1000,15,8,168762.19601652928,177630.1758992483,8867.979882719024,True,311.9682590664255,2.533040768000319,-368.8988 911.0918;-279.0676 -898.4191;906.7821 264.8406;151.1196 -78.1870;827.4678 -504.1572;464.9826 -374.1917;487.2318 20.2136;839.9559 -50.3374;-775.8011 295.9645;-982.0550 -186.3133;-624.1303 -57.6019;47.1835 -853.1309;-251.6911 270.1144;232.1706 -601.9258;270.9020 696.2384
hornsrev,LXSSA,6030,6030,4D,3,1000,15,9,166535.8051703411,177630.1758992483,11094.370728907204,True,314.30112118389593,2.4705038800002512,-405.3936 602.1836;636.2222 708.5378;-114.7690 721.8604;618.7405 -468.0536;-904.8351 416.7042;822.4721 -159.4584;-968.4045 -249.3811;-702.9488 711.2400;-74.8989 -873.1360;145.3716 -191.8259;732.5815 394.5646;-84.6384 226.8864;472.9383 14.0031;-342.0798 -269.2968;-678.6137 -388.2265
hornsrev,LXSSA,6030,6030,4D,3,1000,15,10,169494.35746846872,177630.1758992483,8135.818430779589,True,334.3572740370094,2.4380031470000176,-722.9968 -663.4831;56.3921 317.0292;254.5322 -902.5899;242.5528 594.7683;593.1768 -802.5847;356.0829 919.6610;-938.6642 -77.1907;-603.2458 12.7267;-40.0557 -80.7164;-414.5896 -399.8605;556.0976 -435.8763;-697.4874 524.4466;630.9112 234.2789;-138.6941 -772.6338;326.8117 -104.8591
hornsrev,LXSSA,6030,6030,4D,3,1000,15,11,168577.86624000373,177630.1758992483,9052.30965924458,True,311.8844189116493,2.4477446110004166,852.1179 100.8911;167.3170 -933.7698;666.1246 729.4998;480.6134 -481.8167;-626.9461 -603.5189;-151.2377 -159.5699;-266.7603 659.2408;-580.6412 74.5726;-341.1879 343.1280;344.7848 815.8964;858.2545 -465.8193;461.9632 -169.7105;517.1551 166.5237;147.8960 -71.3036;567.7361 -790.7138
hornsrev,LXSSA,6030,6030,4D,3,1000,15,12,171700.61963261443,177630.1758992483,5929.556266633881,True,325.86480637837866,2.591022329000225,476.3508 -213.0058;137.3350 -603.1062;-606.3631 62.4713;-303.5297 945.5765;128.0948 502.2268;274.2149 900.2911;863.0910 216.2846;-170.4152 -94.1119;-343.2614 -878.6418;366.0797 222.9059;-352.1831 331.0183;704.0709 -446.0968;482.7236 -702.5553;-638.6107 626.2219;-585.2033 -484.2405
hornsrev,LXSSA,6030,6030,4D,3,1000,15,13,170979.7387049753,177630.1758992483,6650.437194273021,True,313.394318703178,2.44749027700027,944.1888 -329.4040;-306.6133 9.5020;-99.8954 573.6535;-529.6659 -521.8899;-190.8294 -903.9921;747.4049 270.2034;-369.4248 325.9400;280.8729 -183.6479;506.2570 -401.4046;32.7449 -664.4359;-560.3472 731.7415;262.8116 446.2816;-908.6128 372.9420;-675.4264 -86.9504;927.2741 -6.2489
hornsrev,LXSSA,6030,6030,4D,3,1000,15,14,166993.18844753873,177630.1758992483,10636.987451709574,True,327.07982524221285,2.378463493000254,-91.3836 606.8187;22.6423 227.2987;-700.3716 617.3425;395.1445 353.5528;345.4629 -616.5326;937.9446 119.1280;-76.5892 -700.9876;-292.8262 -238.3200;-925.5840 378.3305;-599.4049 -16.5605;651.8194 720.1627;737.4101 377.5213;-479.0680 325.3697;248.0716 702.6097;952.4257 -208.5731
hornsrev,LXSSA,6030,6030,4D,3,1000,15,15,169816.08834731838,177630.1758992483,7814.08755192993,True,318.8110587916763,2.4953169169998546,-456.1927 -331.0696;548.4196 -648.7644;-59.0041 -291.7475;972.4076 218.5199;121.9451 563.6985;-329.0060 610.7430;-130.4429 340.3136;-195.3601 -961.2743;-922.5870 50.4813;668.9692 69.2257;-357.1835 75.9489;399.0529 -184.1727;-805.4504 448.5021;-294.0318 -658.1169;-791.8605 -415.0661
hornsrev,LXSSA,6030,6030,4D,3,1000,15,16,168715.7435497809,177630.1758992483,8914.432349467417,True,316.1718466723017,2.4139918720002242,595.4956 79.8781;45.2253 -849.6462;982.5842 -2.3842;-561.4115 320.1046;250.8993 445.6721;161.8122 -83.2262;-302.4493 746.7215;565.2792 -234.8465;-24.9810 -470.4081;-986.4045 140.6136;601.1208 -638.5514;-387.1596 -403.1782;-744.8328 -98.0878;-375.4704 36.9009;894.2276 339.0496
hornsrev,LXSSA,6030,6030,4D,3,1000,15,17,168596.6585123518,177630.1758992483,9033.517386896507,True,308.2315095132319,2.4511550799998076,-163.3909 -827.1068;484.8763 -858.9994;221.5879 630.2226;429.5481 -372.5661;224.8408 -140.5028;778.6066 -463.9272;-69.6570 -286.2415;-257.5852 738.1623;-587.2457 324.0471;-391.6612 -135.2686;686.2339 30.3065;-884.6149 405.1533;-285.5076 174.9945;-495.6934 -428.8129;127.7968 984.5807
hornsrev,LXSSA,6030,6030,4D,3,1000,15,18,170698.85269200391,177630.1758992483,6931.323207244393,True,327.0626081506662,2.561499376000029,442.3884 718.1323;839.9553 -450.5707;-728.0755 493.3880;471.8751 -676.4317;39.2927 380.8521;607.8975 -59.0502;-4.0218 -783.9928;-405.2109 423.6850;151.9082 -114.0016;-881.0134 161.8673;-723.0283 -610.4310;763.3333 361.9238;-383.5177 -312.6132;-420.2685 -883.5224;922.5432 30.2136
hornsrev,LXSSA,6030,6030,4D,3,1000,15,19,171379.59872809242,177630.1758992483,6250.577171155892,True,329.6497448732526,2.525636945000315,-637.8452 -508.8621;682.5844 229.5197;-678.3732 252.1068;81.0481 -100.6609;-159.2876 812.2187;645.6663 -222.9683;178.7059 404.5572;862.7961 505.5499;255.8113 731.8308;-545.0123 -189.8322;275.8038 -525.3504;-63.2690 -623.4169;-371.2767 -907.6612;-948.5594 -38.2111;-662.3810 724.2384
hornsrev,LXSSA,6030,6030,4D,3,1000,15,20,167257.10904138023,177630.1758992483,10373.066857868078,True,310.9175662290768,2.5234850550000374,-965.8212 -196.0663;77.3208 -694.6592;799.7329 592.2214;-233.2625 465.9826;-587.9781 796.8131;-307.0481 -372.5296;-257.0328 59.9749;430.5066 -33.0940;567.3019 -350.3547;-827.6772 462.7953;442.5384 559.9232;630.5205 -654.7774;-4.6351 -150.8100;-4.5274 704.3053;563.9192 269.9258
hornsrev,LXSSA,6030,6030,4D,3,1000,15,21,168590.82599864545,177630.1758992483,9039.349900602858,True,325.8454196596531,2.4785574890001953,53.3020 478.5738;544.6067 -795.2573;-375.5906 614.9621;566.0361 823.4033;304.7731 -470.9309;973.7628 -67.6398;-0.4658 -987.4996;-549.1259 160.7653;404.2190 305.2747;429.9550 -120.9141;-72.6362 953.2546;29.0390 -146.9904;-507.7393 -368.8597;247.0926 756.6925;-320.6913 -898.9137
hornsrev,LXSSA,6030,6030,4D,3,1000,15,22,169813.70512513872,177630.1758992483,7816.470774109592,True,310.4418568523829,2.567934065999907,8.3048 -152.5657;232.7393 910.6725;487.6412 70.1908;787.9818 -13.9191;-450.6611 398.2085;344.8842 -933.1148;-152.6803 485.2806;-820.8643 -75.0156;-443.7786 -385.6368;393.4991 -234.2718;321.9254 -610.6494;730.3547 -532.8796;686.6815 701.7466;-71.8668 -573.9030;99.2248 179.5979
hornsrev,LXSSA,6030,6030,4D,3,1000,15,23,169939.86954246418,177630.1758992483,7690.306356784131,True,309.804671871707,2.328253421000227,564.7871 -816.8199;-175.8205 948.0052;161.4030 -839.1459;73.8222 -541.9783;-847.8317 -302.4785;96.1187 8.9778;-378.1799 -704.8611;-870.2024 56.8221;-501.9108 672.1173;752.9003 514.0892;554.2234 -144.2408;-421.5088 188.6943;-526.2438 -371.6992;356.2324 296.1968;-56.0190 318.3403
hornsrev,LXSSA,6030,6030,4D,3,1000,15,24,169618.28629738014,177630.1758992483,8011.88960186817,True,308.2871467750718,2.345460819999971,724.9209 -656.0872;-551.9374 244.5694;-229.9794 222.2946;-138.0960 -660.8632;334.3547 -490.3184;-318.8519 716.5964;519.5108 57.0294;62.2748 576.8030;328.4390 886.7068;217.7291 120.0277;-813.8345 574.1149;932.4094 215.2963;-894.8108 265.1692;623.8530 472.2451;-567.3671 -360.5662
hornsrev,LXSSA,6030,6030,4D,3,1000,15,25,168278.10300350634,177630.1758992483,9352.072895741963,True,321.69240427753596,2.559824115000083,-425.9189 -547.8147;-506.6578 844.6451;-192.7120 914.8169;-533.0950 353.7699;345.1707 644.5358;-864.7683 -462.7279;-168.2666 181.3080;358.7565 -857.0692;249.4086 272.0256;699.0910 630.2310;-64.7781 -518.3065;-139.1609 -156.5256;-560.7472 -133.6138;266.4559 -449.0030;-179.6058 -922.8778
hornsrev,LXSSA,6030,6030,4D,3,1000,15,26,170264.63826183803,177630.1758992483,7365.537637410278,True,308.0578498428473,2.476950581999972,-374.7347 -528.6632;402.8935 59.0255;-873.9187 -344.3246;487.1292 -274.0259;-231.0450 488.8373;101.5293 -960.0807;-525.0159 764.0261;134.3977 -631.9780;-691.8394 -621.7805;958.7427 -263.3520;50.0450 -174.8361;630.5564 529.3403;737.9285 -48.5481;-523.4628 -55.1303;135.9546 359.5173
hornsrev,LXSSA,6030,6030,4D,3,1000,15,27,170493.2450878809,177630.1758992483,7136.930811367405,True,310.0072011332668,2.443531532000179,124.3475 972.5313;-768.4795 -320.3349;33.9697 561.8475;520.2811 -257.4907;-184.6989 -656.0100;-719.3121 558.5093;216.6131 -190.8207;-423.8298 652.2892;-575.0491 100.0999;703.7437 697.4842;861.8690 -484.0663;404.3094 -769.0301;-358.7035 -914.7299;930.4717 -165.3018;-890.0875 -1.6541
hornsrev,LXSSA,6030,6030,4D,3,1000,15,28,165272.7517094854,177630.1758992483,12357.42418976291,True,309.78311136370917,2.5284209960000226,895.7266 288.2940;409.4902 540.0854;438.9346 -505.6082;235.5182 104.7451;342.3768 -211.2578;-373.1410 -453.7887;-574.8573 380.3707;561.4610 135.7044;-471.1233 74.4687;26.6997 716.2884;576.5433 809.3289;-950.8843 -236.2490;257.4754 -772.1148;-21.5894 402.3783;18.5513 -368.1392
hornsrev,LXSSA,6030,6030,4D,3,1000,15,29,168356.18682662194,177630.1758992483,9273.98907262637,True,308.0000801774471,2.6197613449999153,-6.6746 -87.2335;-489.5592 274.0924;-620.9418 -670.8475;174.7810 270.1500;858.2271 513.2602;562.2420 428.0729;898.4864 -272.0797;-143.6595 300.4058;189.8612 -842.4484;-388.7963 -298.7790;-159.5916 -513.9910;662.5633 4.5480;-796.1676 454.1040;66.3727 877.1197;988.1354 28.2179
hornsrev,LXSSA,6030,6030,4D,3,1000,15,30,167873.80182209972,177630.1758992483,9756.37407714859,True,315.81030796043393,2.445742250999956,-31.1483 313.0684;275.4039 -49.5873;293.2203 612.8958;48.0589 -431.6051;591.1975 805.1871;-142.1178 -142.9623;847.8732 -294.8188;355.7977 -581.6659;-903.9585 80.6530;-554.7011 -750.6289;-480.3526 515.5851;-344.0211 230.7169;-791.8494 609.8481;-208.8093 -630.3818;666.1651 116.4526
hornsrev,SSA,6030,6030,4D,3,1000,15,1,171642.31375180316,177630.1758992483,5987.86214744515,True,326.7999980206578,2.4718931090001206,-834.3480 521.8640;-60.7257 31.4997;282.4161 653.6495;586.9235 286.9025;-20.6724 -683.6094;917.2355 398.3447;37.2929 378.6922;504.4839 -219.0005;-182.0241 -334.4159;-641.2762 136.1385;-521.6873 814.9469;-678.1606 -521.1770;-984.9114 71.8649;-198.1731 922.1293;813.8092 -324.4332
hornsrev,SSA,6030,6030,4D,3,1000,15,2,168251.82876622202,177630.1758992483,9378.347133026284,True,314.88844295955056,2.5330600030001733,-750.2108 -361.2616;-435.7065 76.6676;489.7491 -685.8781;-871.3647 296.0265;-377.5603 -317.0387;571.6957 77.9746;336.0478 660.0412;-264.1479 568.2088;80.2022 -355.3763;-459.4104 864.5912;-130.6366 171.1802;-758.0500 652.1819;889.6012 -198.6086;-561.8238 365.1969;-571.5005 -773.0651
hornsrev,SSA,6030,6030,4D,3,1000,15,3,170606.38515978793,177630.1758992483,7023.790739460383,True,338.3623009194837,2.5788528719999704,-175.4710 624.9119;347.3866 -860.6368;68.7691 385.1834;338.7199 -70.4507;297.0226 -406.2339;-649.8207 725.9987;430.3432 277.5959;-535.8245 236.0360;-114.9306 -735.2265;826.0862 555.4332;522.9945 809.0248;-912.7035 344.5045;-471.1914 -833.1837;-425.7922 -352.6507;171.0401 737.8294
hornsrev,SSA,6030,6030,4D,3,1000,15,4,171765.13251634946,177630.1758992483,5865.043382898846,True,315.48084419894946,2.6095766570001615,-577.9081 242.0490;384.3231 411.5828;437.8580 -853.4716;-495.0668 758.7023;-95.6230 870.8928;-814.1515 -9.9128;-150.2471 -170.6205;109.9090 -483.7891;141.5182 660.1037;402.6888 28.4440;832.9464 -43.2823;-524.0159 -299.3408;485.2416 -276.0445;-608.6253 -670.4238;928.5559 287.8605
hornsrev,SSA,6030,6030,4D,3,1000,15,5,171366.23959662643,177630.1758992483,6263.936302621878,True,314.15349324134985,2.5523086420002983,158.6530 -328.9837;-752.9401 478.2849;-155.6431 -437.4081;786.2558 -525.1656;269.7437 638.8581;-465.5644 183.3612;-568.2461 -348.3236;126.0015 -731.8221;185.5148 941.5096;-474.2416 -834.0051;548.0570 -760.1380;-161.4327 719.5037;-960.3911 -271.5130;-25.9923 336.5238;702.8885 670.2777
hornsrev,SSA,6030,6030,4D,3,1000,15,6,171617.5833553665,177630.1758992483,6012.592543881794,True,311.8657106559093,2.587170949999745,211.2728 -945.2906;557.6507 41.4763;-178.5710 -378.8935;374.1708 -573.1696;-649.7712 -300.2624;-475.5071 -731.9874;-42.5612 -659.5384;-86.1738 179.9129;-649.2449 735.7627;594.6179 666.7521;285.4038 958.4024;332.6177 272.3523;-898.1145 78.9793;-387.5898 -73.0954;735.8270 -502.1377
hornsrev,SSA,6030,6030,4D,3,1000,15,7,170382.54015496853,177630.1758992483,7247.635744279774,True,310.71291433641767,2.5081064420000985,-436.8262 264.9781;722.8530 -232.8715;-391.3422 -274.4503;960.6022 -11.6303;-841.3525 -185.4820;-800.0869 -599.8460;-772.1586 631.4693;478.8185 81.6953;-468.2441 696.1105;168.6829 830.3443;-81.3732 -616.1443;92.3718 473.9722;30.6513 101.1405;545.3182 525.2216;498.5641 -756.7160
hornsrev,SSA,6030,6030,4D,3,1000,15,8,168210.08041636873,177630.1758992483,9420.09548287958,True,312.7317184273053,2.4336108530001184,789.3472 -125.6481;-112.8326 -585.1676;-300.2462 -303.2567;923.4405 383.6150;-312.6385 396.0534;508.7626 -857.0031;201.9256 -663.1240;418.1607 60.9521;-963.3000 52.6809;-526.2407 -22.1505;-895.8124 -279.1389;-411.9480 -676.4424;115.0247 782.6887;411.4272 -430.1409;763.8753 -579.6701
hornsrev,SSA,6030,6030,4D,3,1000,15,9,171865.36943595318,177630.1758992483,5764.806463295128,True,313.31048610474465,2.5586902019999798,42.2873 105.8445;-122.7448 -945.0354;-223.8085 -122.4441;44.2362 676.0946;356.2371 -815.5572;474.5502 215.7607;-755.9246 -325.7885;-500.4993 -856.8615;-573.7205 768.9505;-227.1464 -591.2822;397.5600 -484.3585;721.6482 501.1810;155.1073 -218.9598;889.0588 -316.9030;-183.7676 322.7838
hornsrev,SSA,6030,6030,4D,3,1000,15,10,170571.37075664056,177630.1758992483,7058.805142607744,True,333.0749307599327,2.5230948240000544,529.3779 -32.1172;680.3221 516.8694;-179.9401 958.9868;-592.4020 156.8543;-829.2614 -364.6963;-283.0594 432.0204;898.4961 -284.9528;960.7638 181.1848;-152.5609 -984.6288;-594.2250 804.2973;181.7103 -637.8485;-816.1990 410.4970;-250.6850 -240.4018;406.2964 -391.8810;337.6974 546.3708
hornsrev,SSA,6030,6030,4D,3,1000,15,11,172755.3125144497,177630.1758992483,4874.863384798606,True,336.98169104958157,2.4810995459997685,-588.2608 21.2004;-442.1724 -514.1325;526.0327 -708.9547;91.2735 767.0904;-971.9682 -58.5624;382.1134 462.9362;-335.7540 890.8104;-355.8054 -839.8584;230.1094 -390.4932;-443.8206 421.6249;-181.7008 -234.9858;-83.7216 98.6122;673.8825 -62.8323;-919.4039 347.3231;943.4230 248.3079
hornsrev,SSA,6030,6030,4D,3,1000,15,12,170593.54076518095,177630.1758992483,7036.635134067357,True,308.88819681648465,2.548972563999996,101.8891 -385.8315;665.1350 125.8858;-631.4352 -674.5119;-192.1890 -480.3300;-424.4470 57.6825;906.3888 405.6284;-534.3972 -359.9165;-117.0349 838.3000;529.5128 -178.2241;275.6597 701.5027;215.5041 198.1157;-692.1940 703.5169;-317.9971 458.2682;-867.6693 -49.8807;848.7007 -509.8215
hornsrev,SSA,6030,6030,4D,3,1000,15,13,171565.1984893827,177630.1758992483,6064.97740986562,True,313.26791364909826,2.561095215000023,952.4744 -4.2230;54.9746 -700.5156;-269.4439 156.4974;-423.3930 -413.2017;-717.2236 -696.5337;807.6702 335.1940;-303.9439 -890.9046;-934.3135 -74.9795;485.8551 -609.2582;-449.2653 771.7798;-126.7104 851.1796;744.3896 642.0040;265.2980 -940.8147;399.7499 708.8829;-848.2126 365.2772
hornsrev,SSA,6030,6030,4D,3,1000,15,14,171468.29507385285,177630.1758992483,6161.880825395463,True,311.9274788165275,2.7040118739996615,488.0511 57.8894;956.7915 -28.3126;685.9788 661.5802;135.2775 990.7218;-725.0870 96.1247;32.0106 302.1791;-460.6966 346.0274;137.9672 -246.0955;892.7869 -333.6028;-750.4497 609.9642;-346.3485 -653.5016;-207.0106 -941.8924;-601.7487 -263.2448;592.6869 -698.0844;-413.2662 910.6013
hornsrev,SSA,6030,6030,4D,3,1000,15,15,169497.89771707112,177630.1758992483,8132.278182177193,True,313.10490769059845,2.596174925000014,970.8001 -23.9917;-462.5520 -271.7894;-99.6586 -198.1693;-219.7722 -559.6850;272.2626 470.8121;604.0243 -384.0740;627.3228 70.3900;-981.1897 -79.0403;238.4278 -409.5173;-132.0955 606.4100;-903.0077 -382.2271;-6.4692 164.4940;-384.5256 246.9110;113.7991 -733.8363;-678.0685 -718.4131
hornsrev,SSA,6030,6030,4D,3,1000,15,16,169766.79538949067,177630.1758992483,7863.3805097576405,True,316.068254711745,2.6063812689999395,92.8863 225.1503;711.4041 -151.4594;-608.8551 711.2138;-815.5007 -55.1723;832.0233 -512.4390;-186.2609 465.1055;175.1189 553.8117;-641.9519 -411.4576;-484.3994 22.7538;-274.2724 859.8458;307.7021 -6.6973;595.5244 -765.4802;-149.9917 -46.3614;610.9553 258.5730;974.5155 157.6545
hornsrev,SSA,6030,6030,4D,3,1000,15,17,171681.82798167408,177630.1758992483,5948.347917574225,True,309.71439043039476,2.4809976179999467,214.0092 254.8988;-824.9851 -227.5474;70.4649 -889.3389;-323.1443 220.5588;-740.1188 376.2643;-761.0812 -557.2000;564.8345 351.2720;37.9029 764.3106;-235.7667 -119.1015;743.0946 -416.6500;61.6497 -402.1412;-493.8160 625.7627;402.5207 -95.5544;339.7396 833.7199;895.8499 48.0027
hornsrev,SSA,6030,6030,4D,3,1000,15,18,170069.16558941576,177630.1758992483,7561.010309832549,True,308.00703349213615,2.596835775999807,410.8370 300.6645;-133.4803 -921.1846;515.0570 617.0216;-221.0401 715.5751;-322.4590 -542.9011;23.6327 488.1467;95.9874 -663.6553;-687.6845 -561.7399;-621.4489 310.9535;152.1720 59.4975;-75.8891 -147.5204;288.3560 944.9285;508.7002 -324.7301;840.0650 160.4556;-948.5090 -247.4209
hornsrev,SSA,6030,6030,4D,3,1000,15,19,171068.96307022616,177630.1758992483,6561.212829022144,True,308.9248567989492,2.5838576150003973,58.5775 -861.7190;-720.6297 693.1733;-103.1729 -179.1411;-799.3773 48.0874;-432.5820 -66.4420;800.9735 -164.1103;-690.2374 371.3492;218.3907 382.8999;-9.1092 596.5744;879.9216 213.4939;-245.5968 864.6193;756.6029 -606.0854;454.8310 -317.6165;546.1819 -832.2658;-358.6621 -522.3139
hornsrev,SSA,6030,6030,4D,3,1000,15,20,171122.8311480994,177630.1758992483,6507.344751148921,True,309.94017347913785,2.4473285369999758,126.9137 -340.7240;218.1776 44.4999;210.8969 -673.7329;-216.8387 -774.0996;-380.7034 -211.7231;-894.1466 410.4205;674.9733 -531.6292;171.7963 529.1743;-689.4880 -565.0854;456.0113 799.9605;659.8556 427.4392;-900.1119 -337.7079;-239.1088 941.7474;-810.8298 41.6117;-172.8044 423.2082
hornsrev,SSA,6030,6030,4D,3,1000,15,21,171516.3236391364,177630.1758992483,6113.852260111918,True,367.9839629065959,2.6594186990000708,-686.1355 -427.5032;565.5216 -221.6572;-561.3455 718.0065;598.6159 370.0129;57.6643 710.9714;-773.9323 -70.1463;-414.7358 -158.5350;-184.1747 -864.5388;856.9901 -502.4699;55.3369 -212.3329;-61.8711 137.1109;676.5383 735.9091;-512.6134 239.0418;876.7937 94.9118;502.8359 -774.4404
hornsrev,SSA,6030,6030,4D,3,1000,15,22,170610.44930286912,177630.1758992483,7019.726596379187,True,329.0946856954207,2.6969361540000136,761.2406 -209.5585;340.8714 -883.1188;248.9378 886.9199;-203.8728 361.1340;498.3782 24.1904;685.7626 -702.5949;-370.1170 -682.0297;326.6946 -554.3297;-569.9920 274.0496;-956.0916 174.1494;579.7160 802.0001;-699.7058 -118.2673;-6.6666 -593.6910;-221.4787 -81.3627;-459.7586 -350.7594
hornsrev,SSA,6030,6030,4D,3,1000,15,23,169682.5194098225,177630.1758992483,7947.6564894258045,True,327.0398481229207,2.7235214060001454,-426.5945 824.2480;334.0935 822.9131;-360.0051 -849.3305;346.3477 -568.3847;-682.1425 -575.6435;-586.6722 455.0466;-667.8876 40.6739;78.7694 350.7418;36.7208 -463.0934;926.5545 173.1335;583.3535 590.2463;-197.2284 127.5783;-288.6065 -502.2129;579.5929 86.7069;729.1732 -215.4289
hornsrev,SSA,6030,6030,4D,3,1000,15,24,168699.37344650144,177630.1758992483,8930.802452746866,True,310.10257595343444,2.620595285000036,189.3174 -802.8084;-428.9330 -410.2145;152.4842 -369.0673;244.3440 484.6702;-179.9375 131.2233;-538.4698 359.4359;669.8402 337.6806;-529.1585 803.0419;-117.7327 447.2849;747.3991 -183.0731;-35.6908 816.0453;976.7026 72.0230;-842.7204 294.9981;514.9349 22.1682;-525.4275 -733.8765
hornsrev,SSA,6030,6030,4D,3,1000,15,25,169593.20256359747,177630.1758992483,8036.973335650837,True,324.6564467071875,2.4915991749999193,265.6789 822.9098;-382.3286 542.2190;451.5217 -768.7760;54.1979 -295.4983;-201.0362 -8.1778;35.1322 -660.3232;-863.9988 496.6567;971.2810 93.8142;178.4632 234.8013;-614.3436 781.4090;-209.9535 -879.5788;-613.0991 276.3568;-82.5939 685.6050;397.2687 -231.2498;708.1335 -137.6288
hornsrev,SSA,6030,6030,4D,3,1000,15,26,170641.10407717223,177630.1758992483,6989.0718220760755,True,364.09232234732593,2.6530702269997164,256.2439 784.0609;-258.3665 -892.1660;377.1910 -311.5033;-544.8386 -175.5166;675.6930 -604.6723;923.1949 68.6284;-681.2904 471.3988;-62.4447 -156.0209;-797.1813 126.2430;936.8158 -312.3843;431.4988 330.2514;-319.5566 152.6730;140.6018 -981.5293;-283.1676 946.3588;24.5024 437.8909
hornsrev,SSA,6030,6030,4D,3,1000,15,27,171104.35933647206,177630.1758992483,6525.81656277625,True,308.9534062776649,2.5764120250000815,-155.9848 599.2891;664.1090 -148.9760;594.2073 804.3117;312.6326 265.4160;-670.3725 740.4999;579.3812 -758.5222;35.6516 -847.5508;-363.5182 828.1604;-5.1728 955.5339;-469.8474 -275.6968;-155.7589 -361.0653;-396.6407 -637.6657;-754.7310 -592.8473;-537.6113 113.8797;322.6958 -236.0197
hornsrev,SSA,6030,6030,4D,3,1000,15,28,170570.46214604838,177630.1758992483,7059.713753199932,True,309.8085053644482,2.570464290000018,-293.6513 643.7798;42.1183 -921.9742;-834.1810 -291.3891;-230.3374 317.5538;734.5349 -387.6397;767.3982 594.2848;319.7343 -407.3124;345.7736 -841.6757;-267.4583 -638.0435;173.0154 800.4922;-740.7548 6.2419;138.4210 491.1097;472.2476 880.7505;605.7211 49.7874;-49.4200 -396.4591
hornsrev,SSA,6030,6030,4D,3,1000,15,29,171160.7846333872,177630.1758992483,6469.391265861108,True,315.332689452129,2.577496495000105,895.2894 445.4829;-283.9728 822.4627;417.8492 -760.6214;123.5709 5.8252;-411.9485 -4.7812;116.5014 936.1717;758.9025 -586.3978;-478.0610 303.5430;126.8351 543.4466;-337.1572 -884.5317;15.4057 -865.6037;799.3395 139.9251;-643.0160 716.7582;418.0268 271.2417;128.7218 -447.6418
hornsrev,SSA,6030,6030,4D,3,1000,15,30,165919.52895856515,177630.1758992483,11710.64694068316,True,309.39204885392576,2.5960389319998285,196.4092 -980.5210;916.4139 -83.4186;-103.5609 -461.5216;-145.2119 -810.1698;-632.7028 -469.9061;-342.6020 508.8760;499.7718 -313.3785;-776.1162 -121.3983;175.6150 -655.8738;-460.6646 846.0049;-562.3881 274.0704;-19.1032 531.4406;-306.0749 48.6981;847.8625 -385.1207;588.6108 -778.9193
hornsrev,PSO,6030,6030,4D,3,1000,15,1,168313.48345682197,177630.1758992483,9316.692442426342,False,322.5067202660816,2.545647987999928,-567.8038 257.8414;-166.2016 -997.2773;-277.8374 957.0338;46.5268 540.1454;429.4453 684.2878;-382.6190 -361.8720;-82.6713 137.4867;166.0027 1000.0000;-554.6913 -708.2490;-853.4817 -81.0827;-887.2410 -401.8176;374.4315 -110.2968;261.9571 -933.7224;685.4537 -637.5148;1000.0000 7.0926
hornsrev,PSO,6030,6030,4D,3,1000,15,2,164136.38805270518,177630.1758992483,13493.787846543128,False,309.3606885449938,2.7445786469997984,-257.4312 -340.4522;-1000.0000 -260.7819;968.7283 175.8048;456.3833 -422.6549;-261.9277 -794.7638;798.9807 -381.3783;1000.0000 -145.0825;-1000.0000 48.5788;103.4386 904.8324;-428.1204 -22.7754;397.3064 805.0369;-129.5560 551.7554;99.4463 -649.8198;-47.0246 -91.1211;82.7310 -997.7045
hornsrev,PSO,6030,6030,4D,3,1000,15,3,166345.90312311501,177630.1758992483,11284.272776133294,False,250.548727211401,2.601253050000196,-974.8220 -10.8485;672.2828 741.9187;424.6551 780.0656;76.1910 -395.5870;-104.9212 -1000.0000;-69.2653 -44.3360;194.2184 984.9630;-686.2587 525.5109;-393.9780 -69.5033;958.1244 301.6062;385.4970 -141.4678;-586.3812 -604.8223;-814.7869 -348.8666;-295.2544 -385.8692;-520.8215 -861.4127
hornsrev,PSO,6030,6030,4D,3,1000,15,4,166716.1731551258,177630.1758992483,10914.002744122496,False,308.0319717609848,2.6247659989999192,1000.0000 268.2022;290.7209 910.8620;147.1824 471.5176;-770.1242 -485.1767;783.6139 -365.8592;143.7378 15.4549;128.1522 -348.7492;-547.1859 266.8945;1000.0000 -39.8297;-165.8671 527.3421;777.1255 629.0384;-1000.0000 161.9156;-488.6565 850.7452;-534.1227 -242.7861;492.2855 311.4635
hornsrev,PSO,6030,6030,4D,3,1000,15,5,166709.1627175233,177630.1758992483,10921.013181725022,False,310.1626660670667,2.6538515740003277,837.5547 412.8313;232.7449 -316.3147;-266.8748 386.5854;-188.6936 72.9377;-310.0051 770.7115;-620.1047 776.9683;-322.7714 -480.6732;-673.7450 -467.5259;297.5308 879.0926;594.1385 -803.9974;83.4290 -991.2775;625.9951 681.4659;1000.0000 106.0094;-957.4509 3.7121;227.1029 457.0169
hornsrev,PSO,6030,6030,4D,3,1000,15,6,163953.1424936464,177630.1758992483,13677.03340560192,False,346.5593526650949,2.590592086000015,343.1866 935.6929;-652.4302 87.0763;-193.2939 -1000.0000;428.7528 -632.6289;-576.3241 -334.1158;-278.1513 -618.2492;331.0917 402.5510;-64.3766 364.9663;147.5821 -394.5393;621.3792 203.2075;1000.0000 19.3475;-440.3976 413.0424;-232.0408 61.6643;-147.6860 998.9064;-1000.0000 47.4305
hornsrev,PSO,6030,6030,4D,3,1000,15,7,163756.21528007532,177630.1758992483,13873.960619172984,False,305.3698885016188,2.4250449420001132,-622.4495 717.0996;581.1391 423.6340;706.2558 -267.9112;-942.3400 -312.2280;-248.1283 486.5174;437.3822 -684.9757;81.8469 -1000.0000;-223.5230 -1000.0000;-139.2859 968.8405;234.2404 477.1084;391.6096 -1000.0000;251.4871 964.2240;-27.9691 122.8778;910.1836 196.1567;1000.0000 -107.4129
hornsrev,PSO,6030,6030,4D,3,1000,15,8,167956.32040643838,177630.1758992483,9673.855492809933,False,308.6780458693239,2.5707335140000396,314.3763 268.5588;-467.4911 -826.5195;-1000.0000 -64.4183;50.1708 108.9417;563.4162 841.9273;187.6767 -539.6215;-855.1699 426.8004;982.3647 -192.0010;714.0937 50.8088;-105.6965 -199.1955;141.9783 -1000.0000;-420.6258 866.0461;679.0441 -500.4722;-637.2995 -414.9282;-164.1834 -955.9475
hornsrev,PSO,6030,6030,4D,3,1000,15,9,165338.776909474,177630.1758992483,12291.398989774316,False,303.8367618722366,2.647289247000117,-82.8976 244.0270;-314.4017 -732.7734;-995.8947 91.1565;-907.5983 391.7271;-1000.0000 -246.8576;-247.4657 642.9199;-619.8298 111.1035;-119.7873 -59.5533;-733.5956 -406.5019;593.9857 339.0676;-59.0560 -357.2587;696.4639 -48.8495;-630.5014 -751.1196;247.3147 -805.4767;-588.7178 812.4710
hornsrev,PSO,6030,6030,4D,3,1000,15,10,164624.49323494095,177630.1758992483,13005.682664307358,False,314.8209919035944,2.59311473400021,235.2391 -469.3687;294.1468 622.4252;-103.2070 429.8700;-728.9928 464.3063;-622.0467 -345.1012;386.0621 -899.5089;-993.9163 -79.0626;449.1145 243.1981;-374.4217 197.8352;843.7130 545.4506;48.6831 1000.0000;-266.1379 1000.0000;-296.7782 -547.6709;1000.0000 264.8038;1000.0000 -164.4464
hornsrev,PSO,6030,6030,4D,3,1000,15,11,166948.18070663876,177630.1758992483,10681.995192609553,False,345.377108161686,2.589581651000117,-68.9586 -601.5426;-160.9200 -1000.0000;-477.6189 781.0090;99.1806 -230.9685;-461.9842 179.2510;-803.8902 -579.0728;-933.3332 -234.0794;-747.6889 373.3080;485.9543 752.7251;-244.2848 503.8458;1000.0000 79.1946;376.8575 33.5596;-27.9350 1000.0000;327.4947 -761.7962;-323.2866 -181.6417
hornsrev,PSO,6030,6030,4D,3,1000,15,12,166704.23870080558,177630.1758992483,10925.937198442727,False,311.65444026367607,2.567599378000068,116.6460 548.6736;-133.9477 -999.3387;191.3144 -347.7264;555.2818 745.3555;-152.6863 -464.6250;446.0440 -709.7449;-178.1109 1000.0000;695.9295 -463.8475;153.0568 -838.7490;-1000.0000 -131.5325;-93.1416 19.2921;1000.0000 -10.9776;-870.3257 -469.7437;-963.6178 177.9911;-436.1385 233.1733
hornsrev,PSO,6030,6030,4D,3,1000,15,13,163828.47042007308,177630.1758992483,13801.70547917523,False,314.0591766802597,2.509388315999786,475.6473 678.8704;-887.2946 390.1427;-859.4891 -320.9883;-622.3578 713.5088;-106.5236 -556.7898;185.4316 263.5676;-79.1027 -193.9116;-306.3811 58.2782;311.4793 -828.8836;-181.0517 635.0858;138.5292 764.8293;530.1135 -558.4680;-883.5653 60.2909;-195.5964 1000.0000;-584.4615 -87.6822
hornsrev,PSO,6030,6030,4D,3,1000,15,14,167527.10690984098,177630.1758992483,10103.06898940733,False,320.0695755037053,2.592870304000371,639.4635 -241.9250;507.9708 287.8788;-852.4876 -377.8055;-1000.0000 248.8195;-208.3564 1000.0000;-694.4055 659.3545;7.1682 -1000.0000;-509.7448 -665.0045;-413.1792 -40.0765;427.1217 838.1177;-50.6372 111.1158;-325.0629 -351.7883;324.9199 -182.7064;-38.0858 -582.3078;827.2059 442.4864
hornsrev,PSO,6030,6030,4D,3,1000,15,15,168091.44615782387,177630.1758992483,9538.729741424439,False,318.4329782198993,2.4665217109995865,586.4094 -598.2896;206.4367 -552.0729;96.6909 -988.0119;-261.8327 315.4654;-7.0416 -229.4907;834.9206 533.6531;134.9737 988.9272;-674.1670 225.0221;-455.2620 -855.3459;1000.0000 62.9162;-733.0812 -530.7617;67.3695 107.5426;871.7660 -349.6197;-990.4411 -144.1297;-523.1294 505.3561
hornsrev,PSO,6030,6030,4D,3,1000,15,16,169233.12412238552,177630.1758992483,8397.05177686279,False,300.2110839847888,2.571187633000136,-248.0228 -190.9377;360.7609 -493.2297;-289.4629 186.3286;-399.0309 479.9522;1000.0000 -28.7966;668.3998 438.2142;-1000.0000 32.9505;-102.1939 -756.8252;147.7613 -938.1740;218.5545 880.0478;-453.0358 -691.5099;-783.7328 -235.3025;-162.6618 1000.0000;441.5371 -1000.0000;614.0689 750.8245
hornsrev,PSO,6030,6030,4D,3,1000,15,17,168723.83717420476,177630.1758992483,8906.338725043548,False,331.0270758039341,2.5663277940002445,133.1567 386.9914;0.0540 -1000.0000;88.9291 -174.2621;889.0660 -413.8212;-769.7125 -70.4545;342.5271 51.9878;-556.4898 -757.9809;272.6400 871.4932;-372.3596 926.7140;627.8095 -650.9464;-326.5744 -208.6484;-901.0137 -409.4585;-32.4255 1000.0000;-565.1486 287.2818;-132.3758 -577.5116
hornsrev,PSO,6030,6030,4D,3,1000,15,18,164576.77026580213,177630.1758992483,13053.405633446178,False,293.2288401449182,2.604798643000322,-465.0215 844.7122;-147.9777 1000.0000;-835.2865 548.0924;798.5330 342.3387;1000.0000 -105.8155;-137.0135 -1000.0000;504.1885 -91.7719;283.9893 -505.9644;-560.0803 -556.5748;-373.1170 -235.2651;177.4375 1000.0000;-1000.0000 -112.3608;523.1581 241.5825;430.6193 811.4788;-842.7285 -397.8850
hornsrev,PSO,6030,6030,4D,3,1000,15,19,167724.9083080533,177630.1758992483,9905.267591195006,False,305.27584117472196,2.5960736140000336,-605.0403 403.2310;811.7796 237.1609;-656.3564 736.4388;-293.9873 48.3627;-115.5550 665.5452;574.6479 -779.5942;273.6287 -402.0934;899.0968 -209.6791;-534.7091 -791.5771;203.5677 928.2730;196.5452 116.1714;-149.7578 -1000.0000;155.5180 -1000.0000;-749.5625 -247.0010;-1000.0000 23.0142
hornsrev,PSO,6030,6030,4D,3,1000,15,20,166659.10626419334,177630.1758992483,10971.06963505497,False,323.8556944798658,2.603787607999948,-705.1203 -70.2711;-56.1330 -1000.0000;798.0566 431.6821;-758.5670 643.2381;-462.1259 -792.7185;-735.2190 -618.6419;-1000.0000 191.3893;-54.8091 -112.8536;398.6384 635.4744;59.2672 1000.0000;307.9853 -604.1324;316.3823 -939.0185;148.5576 416.4184;-332.8849 1000.0000;912.5852 -154.0238
hornsrev,PSO,6030,6030,4D,3,1000,15,21,164133.38727204906,177630.1758992483,13496.788627199247,False,294.8172397813324,2.5709366849996513,692.3418 -105.7850;-388.4743 -934.0792;289.2818 952.8100;219.6356 233.7984;-47.2395 -91.4727;96.8268 -1000.0000;-383.0815 352.7531;-736.6077 -633.0241;963.3678 -273.2608;-116.1175 195.1857;-72.6393 1000.0000;-556.0242 -352.9811;-146.5881 -607.6138;496.2363 468.5660;260.5863 -543.8238
hornsrev,PSO,6030,6030,4D,3,1000,15,22,168095.14213131886,177630.1758992483,9535.033767929446,False,320.94572663626843,2.5879815170001166,-99.5351 1000.0000;-576.9214 575.6566;88.2728 -1000.0000;558.6923 962.5387;491.7372 611.3373;1000.0000 -12.7099;-460.5015 201.4412;-767.3411 -471.2768;-58.8507 -114.1342;851.2811 368.8023;251.1848 65.2843;561.8103 -733.5073;822.6524 -494.6834;-931.5499 -93.9749;341.5652 -242.6728
hornsrev,PSO,6030,6030,4D,3,1000,15,23,167735.65963998696,177630.1758992483,9894.516259261349,False,305.92930929896033,2.593760699000086,-1000.0000 222.6414;758.5772 457.9137;1000.0000 -47.1828;-418.2443 -498.1628;-307.3404 -898.1533;595.3076 -9.0280;-674.4368 73.2223;146.0248 362.8901;122.4205 -998.8546;-149.9934 1000.0000;-66.6957 -69.7883;174.6196 963.2116;628.6769 -583.1640;494.4507 791.9192;-318.6578 103.7279
hornsrev,PSO,6030,6030,4D,3,1000,15,24,167719.23355737087,177630.1758992483,9910.942341877439,False,308.19790820473236,2.590403766000236,-708.7406 -591.8323;-567.6715 74.0433;-253.4390 167.6861;-144.9842 -1000.0000;217.3040 1000.0000;-15.1232 -694.4933;354.4915 226.5561;546.0467 -715.9034;163.2137 -1000.0000;-349.2079 471.7065;-112.6794 922.5840;926.4709 -354.6944;-1000.0000 29.9308;689.2888 622.8533;-403.5006 -482.3507
hornsrev,PSO,6030,6030,4D,3,1000,15,25,168855.70870815506,177630.1758992483,8774.467191093252,False,314.98121126507255,2.706514445999801,482.2972 409.3196;-671.8582 581.5982;320.7280 925.0949;-19.0953 488.4614;-409.7989 -861.4369;-162.6640 -58.6464;599.9351 52.3500;4.6889 -1000.0000;397.2281 -520.0449;681.6281 -655.4325;948.2292 116.8069;-1000.0000 -15.8156;-3.0568 1000.0000;-45.0406 -585.8550;634.1650 -268.7123
hornsrev,PSO,6030,6030,4D,3,1000,15,26,167449.74236474498,177630.1758992483,10180.433534503332,False,305.72992784727654,2.572358346999863,590.6615 -371.2409;204.1921 -1000.0000;-469.5727 -683.8464;432.8765 804.4809;-301.0493 803.4424;-402.8535 -210.5683;-658.7355 551.2416;511.5384 -819.1262;11.3750 -119.3898;714.6700 130.0976;-811.5513 -264.9172;343.2339 369.1343;37.2837 945.8259;-140.9237 -1000.0000;-1000.0000 -24.1728
hornsrev,PSO,6030,6030,4D,3,1000,15,27,168814.58753654404,177630.1758992483,8815.588362704264,False,330.24069497208666,2.5940697280002496,-742.9652 -394.4876;334.3174 347.3066;881.0284 403.9379;362.7977 -500.2424;-508.1237 -4.1144;-539.3267 -699.5278;983.7461 -363.2865;-417.8415 902.0263;-0.9482 1000.0000;-206.2097 473.6139;449.6493 792.8541;322.5935 -938.4558;-635.8630 564.7146;95.1076 684.0376;8.7871 -532.7474
hornsrev,PSO,6030,6030,4D,3,1000,15,28,167344.06363309576,177630.1758992483,10286.112266152544,False,312.1529798465997,2.5625857399995766,1000.0000 -0.2326;-253.9650 -19.2270;111.4927 -262.8473;750.9553 -579.2652;-245.7564 946.5639;1000.0000 323.4306;-37.4244 -999.7645;-655.4657 608.6927;-1000.0000 -78.7014;232.9721 839.6167;-342.2027 -395.7449;-813.8869 -445.1606;-814.0933 339.8493;584.5160 712.8224;-69.4156 579.8540
hornsrev,PSO,6030,6030,4D,3,1000,15,29,164117.49327030228,177630.1758992483,13512.68262894603,False,294.8707775173197,2.5994778960002805,650.3751 -40.2650;-455.0492 513.2572;16.0468 -1000.0000;237.2658 595.0573;933.6727 369.1046;-64.8024 478.9555;903.2551 -420.2760;217.0722 -547.3508;331.8028 8.2247;-950.8433 180.1371;-406.4859 -291.3024;656.7980 267.6689;-836.2893 499.5724;26.8776 988.0537;1000.0000 23.2912
hornsrev,PSO,6030,6030,4D,3,1000,15,30,165523.79892584498,177630.1758992483,12106.376973403327,False,314.5924217290267,2.5642316339999525,-987.7244 -203.2713;390.7678 -544.3346;162.8796 404.9592;-6.2661 -740.6867;-421.5466 -864.2573;-326.9031 107.0139;304.5503 -197.3183;121.6701 76.5983;-774.6327 -602.4498;-129.2872 945.4724;1000.0000 63.7325;624.0866 761.4873;-1000.0000 116.2746;-151.0910 424.7288;996.9316 -274.7930
hornsrev,DE,6030,6030,4D,3,1000,15,1,160897.45623451704,177630.1758992483,16732.719664731267,False,250.10628114289804,2.9817653750001227,707.4666 277.8449;193.1047 -932.6598;109.1007 1000.0000;198.3736 -593.7383;-446.2995 661.8045;182.1635 -58.9905;-649.8048 389.0312;-182.5822 822.9177;-590.3038 -584.7092;-256.5430 1.3583;-370.8554 265.7952;-29.1796 625.3809;219.1874 298.6989;510.1982 -371.3574;-180.6756 -332.6917
hornsrev,DE,6030,6030,4D,3,1000,15,2,162840.85558389302,177630.1758992483,14789.32031535529,False,251.3198562490263,2.9704949819997637,-1000.0000 36.7177;966.8039 -216.6530;-776.7525 349.2691;-356.8323 537.1359;163.7854 846.5413;22.0157 327.3416;-491.5747 -267.4837;-90.8375 -108.1062;514.6190 -51.8332;284.4777 -377.3642;505.0657 414.8326;-314.8429 289.3485;231.1949 139.5634;-399.5950 11.9572;-325.2019 -592.6734
hornsrev,DE,6030,6030,4D,3,1000,15,3,162855.7091222748,177630.1758992483,14774.46677697351,False,277.5894974673072,3.0347187120000854,262.4790 246.0252;-343.9505 -542.3061;554.9123 462.4661;-206.9536 144.5563;-945.1132 -85.8553;-502.2663 787.4877;-72.6218 -179.9421;-287.5641 423.2280;-30.4752 -797.5300;-449.3146 5.9337;437.8292 -14.5627;-753.7552 581.3827;288.8436 649.8652;697.2396 84.2410;318.8509 -603.9903
hornsrev,DE,6030,6030,4D,3,1000,15,4,163417.92066714755,177630.1758992483,14212.255232100753,False,255.45035254069847,2.9952488789999734,-486.4779 -590.6921;-215.2535 108.4764;527.0683 553.7212;-325.3581 755.3428;291.9106 -53.7382;-976.3290 132.0225;-429.3397 -119.4337;-805.0782 -146.2063;374.0676 309.0455;735.6412 -134.6284;-610.4186 385.0100;34.7508 428.5107;-97.8068 -812.1551;456.7640 -276.5021;-75.2818 -557.6998
hornsrev,DE,6030,6030,4D,3,1000,15,5,166742.09157146772,177630.1758992483,10888.084327780583,False,264.35704228710364,2.925202218999857,620.9819 135.5719;257.1745 -87.3797;290.8212 -949.4319;31.0544 -998.4812;-516.7960 -108.8948;-10.6670 545.4315;-1000.0000 131.1099;-890.9967 519.3783;189.7834 313.6151;205.9651 724.9136;-101.2319 1000.0000;974.7228 92.8792;730.1967 -197.1271;-355.2279 -378.4352;104.6361 -526.6242
hornsrev,DE,6030,6030,4D,3,1000,15,6,163658.77084614034,177630.1758992483,13971.40505310797,False,213.20308252885349,2.9520822910003517,421.0425 930.2914;196.3890 612.5695;-418.3090 -28.6435;-222.3795 506.5289;-723.2803 -436.0528;-104.7269 -356.1144;-30.3799 -949.3330;387.0310 -153.5355;643.6863 659.8301;-108.1235 226.1059;140.5087 1.9823;367.5255 -815.4207;188.6728 399.5061;79.4368 1000.0000;395.7006 -497.9024
hornsrev,DE,6030,6030,4D,3,1000,15,7,166622.18947926938,177630.1758992483,11007.98641997893,False,289.22916103558686,2.8691539480000756,274.2838 177.7744;-335.4098 -563.2681;-268.2900 474.8758;-656.3077 -255.7240;592.3355 317.4965;-20.9961 694.6120;190.3283 -143.8132;349.6309 -822.1397;-700.3525 568.2795;-177.0392 938.1362;-779.1396 228.6321;-227.4022 -210.6169;541.3975 -282.6075;839.1599 -38.1343;-15.0867 -690.4446
hornsrev,DE,6030,6030,4D,3,1000,15,8,165174.94795462012,177630.1758992483,12455.22794462819,False,297.28889106307787,2.9597932910000964,548.7729 -226.6608;502.2242 312.6687;674.5691 636.8431;329.7919 52.3536;-158.9336 -401.0537;-57.6981 -107.0287;287.7989 719.5269;-440.2289 49.2311;1000.0000 -62.0721;352.3010 -594.7115;-449.2690 836.7098;-204.8886 424.2898;76.4249 328.1472;-548.9464 -525.8621;872.2616 242.0116
hornsrev,DE,6030,6030,4D,3,1000,15,9,164187.47014727455,177630.1758992483,13442.705751973757,False,288.2635847813087,2.9178815409995877,609.6441 -378.3604;-30.5522 424.6523;-384.4470 171.6517;371.4086 -1000.0000;112.6537 13.2200;-863.2359 433.0942;-261.6573 925.9832;56.6298 746.2156;310.2897 354.5245;-303.7691 -468.9875;274.5444 -365.1251;-7.8502 -699.1471;-545.3912 875.0814;-727.9755 -165.4059;-373.7460 472.1866
hornsrev,DE,6030,6030,4D,3,1000,15,10,167667.16427087982,177630.1758992483,9963.011628368491,False,249.2035360395443,3.0829036569998607,-1000.0000 94.1298;1000.0000 -355.1079;24.5012 1000.0000;406.8860 -65.2538;-801.8993 480.9363;345.7999 -802.1300;914.6246 62.9557;711.4062 467.5060;-121.6591 -1000.0000;438.9745 -347.5281;-762.1093 -514.5774;592.1069 101.4664;-213.9121 -83.3571;-39.5582 -466.6297;-16.8469 255.8546
hornsrev,DE,6030,6030,4D,3,1000,15,11,166939.98653510952,177630.1758992483,10690.189364138787,False,287.69860387687737,3.2020037590000356,909.1038 461.6128;926.0123 -386.8237;-717.1237 643.4263;-46.5607 -257.9877;-299.1004 652.7383;-285.9460 -483.0148;-1000.0000 191.5258;-669.8747 -475.4179;589.8517 258.9231;363.2265 520.1660;1000.0000 151.7141;496.2988 -165.1323;-13.4205 107.8568;66.2413 -666.1845;-225.9255 374.5011
hornsrev,DE,6030,6030,4D,3,1000,15,12,166686.77617080978,177630.1758992483,10943.399728438526,False,277.16938478569955,3.0975812900001074,654.1893 113.1047;299.2614 -636.8287;-145.2824 988.8959;-787.8786 -576.1047;838.4245 -402.1356;69.1328 -353.6634;287.0994 657.3842;-742.9099 630.2854;-473.4520 -454.7259;-220.2014 250.1454;394.5388 -76.4692;347.6999 196.7139;-268.5276 541.9420;601.0787 -738.6250;-863.9747 -272.3418
hornsrev,DE,6030,6030,4D,3,1000,15,13,167695.9533677825,177630.1758992483,9934.222531465814,False,302.1136373270741,2.9662131449999833,-818.7634 386.7197;-162.6734 629.7019;-1000.0000 -275.5946;676.5441 -519.5178;-368.7513 54.8240;79.1875 354.6878;654.4278 503.5668;-817.6954 -34.6845;-636.6157 -620.0089;327.1151 119.3743;361.6848 -323.2285;1000.0000 -52.0759;-313.4722 993.6504;-57.6253 -960.6643;-27.6382 32.8057
hornsrev,DE,6030,6030,4D,3,1000,15,14,164835.24648600916,177630.1758992483,12794.929413239151,False,224.98063746238404,2.936267465000128,22.7180 133.4914;130.4597 -752.1607;847.5509 492.4062;882.5653 -65.9968;-39.3171 -207.5104;-514.0285 -259.6123;-161.9865 -719.1792;-662.4392 571.3725;-570.7553 -592.7692;-42.1945 598.1286;476.4968 279.9524;-529.1779 200.3663;525.7954 -659.4861;-794.5907 -115.9931;-323.5608 109.0542
hornsrev,DE,6030,6030,4D,3,1000,15,15,168366.87263836077,177630.1758992483,9263.303260887536,False,303.6405648798239,3.007292742000118,638.6452 128.6620;-837.8430 -299.5635;801.8068 627.2712;-591.2477 -540.2672;-399.2993 567.8501;-642.9509 86.0774;229.6396 -1000.0000;-303.5744 -867.9969;-5.1006 -738.9870;1000.0000 134.6202;-242.9213 1000.0000;179.7176 453.2726;655.6132 -736.9034;-143.0636 351.9875;-540.1549 -239.7357
hornsrev,DE,6030,6030,4D,3,1000,15,16,161632.7309988562,177630.1758992483,15997.444900392118,False,259.42175037310955,3.078582175000065,-362.7831 -130.0159;458.2094 -432.7219;47.6390 965.0681;-354.9071 211.3362;-244.0343 -462.8180;835.6306 510.9386;859.2290 -404.9480;116.9400 239.1106;640.0934 62.8714;-944.6547 -100.5736;319.5585 -680.8801;-8.5429 -30.2631;-386.2467 729.0929;374.3540 271.3235;-625.8486 428.2564
hornsrev,DE,6030,6030,4D,3,1000,15,17,163401.6369037575,177630.1758992483,14228.538995490817,False,287.17405253976824,3.10604769199972,112.4430 -355.3839;-235.7892 678.6644;270.0333 -677.3351;-12.4875 350.0710;1000.0000 181.1135;-1000.0000 129.8352;163.0316 -59.9643;-666.8551 337.0917;355.5467 851.6575;-185.3909 -61.2498;-976.1985 -230.0351;314.3057 194.8118;-515.1543 -123.9187;-333.6430 -452.7538;-15.5991 -707.0521
hornsrev,DE,6030,6030,4D,3,1000,15,18,165385.24298013205,177630.1758992483,12244.932919116254,False,238.27634950458204,2.9553399599999466,-655.2967 25.5585;581.6115 -298.2433;-73.3919 -245.1679;-240.7162 600.9436;364.4116 79.0064;339.6984 -970.8325;503.8735 771.3862;-135.3515 1000.0000;992.1027 -123.7255;254.4311 391.5017;-12.1768 100.1000;-543.6307 442.1995;939.2145 -356.0582;-882.8736 -312.4989;-718.0445 -753.9014
hornsrev,DE,6030,6030,4D,3,1000,15,19,166291.00308480137,177630.1758992483,11339.172814446938,False,278.62525387070616,3.0202361039996504,208.9071 -626.2608;476.7731 713.8144;1000.0000 258.4127;602.2172 -825.3949;-279.7316 -537.3069;420.3510 434.2713;-1000.0000 17.0114;637.9928 -82.0338;142.2640 451.5813;145.2076 975.1659;-722.2407 500.8070;-47.2226 -961.9268;-65.7285 680.4523;147.8747 -267.0189;-665.9601 -318.5192
hornsrev,DE,6030,6030,4D,3,1000,15,20,168855.1823110099,177630.1758992483,8774.993588238402,False,288.2728596925284,2.861426367000149,-112.7062 1000.0000;244.9752 41.8025;951.7841 -248.3854;-784.5731 559.2117;-418.5663 -786.2788;-480.4244 -415.1549;-420.8984 190.1087;652.9251 670.0849;472.1175 -870.0957;35.5683 239.9187;934.7420 360.9437;332.5295 580.3726;574.8274 -329.5872;247.6320 -680.8815;546.7157 281.6969
hornsrev,DE,6030,6030,4D,3,1000,15,21,164839.38907770664,177630.1758992483,12790.786821541667,False,240.80834838895552,2.9553455119998944,-115.0390 -603.4957;-449.6832 -249.1765;270.9023 685.7930;462.6980 -509.7195;95.0467 -885.8136;573.6541 21.8583;-129.3464 -296.3037;1000.0000 -342.5647;470.3586 -917.4668;-481.4875 889.4939;-671.2920 516.6596;863.2987 -144.3189;-163.2256 1000.0000;547.2380 407.6361;-296.6931 -894.5729
hornsrev,DE,6030,6030,4D,3,1000,15,22,167078.75442638175,177630.1758992483,10551.421472866554,False,260.5577854443893,2.9030157600000166,-552.0772 863.2898;-535.4511 337.0088;-43.4576 -306.8775;467.9547 222.9714;264.3850 -148.6601;90.9962 -1000.0000;-74.3226 457.1317;-714.7484 130.0728;-189.7226 40.7987;280.3616 870.3133;362.7355 -487.8119;823.1806 -240.2951;704.3172 586.0765;-459.2586 -894.4391;847.2072 19.1526
hornsrev,DE,6030,6030,4D,3,1000,15,23,164264.8398984971,177630.1758992483,13365.33600075121,False,247.55833558035286,2.9201815770002213,54.4852 -520.1882;-27.5378 1000.0000;678.9658 -587.2630;-567.2057 -17.5145;-286.8634 -226.2522;-37.2421 34.0644;901.3839 -235.0444;-211.2976 398.2926;909.0687 194.0264;470.1127 -424.2999;-576.9433 379.1768;-417.3063 906.0356;260.5821 -243.7133;-193.0222 -515.1671;432.4394 405.3638
hornsrev,DE,6030,6030,4D,3,1000,15,24,164990.3756825768,177630.1758992483,12639.800216671516,False,303.0835935190313,3.0014028929999768,-299.3378 231.7092;241.5342 -749.0434;17.8723 -129.2120;365.5747 -351.4147;-370.4869 -471.0017;-134.3621 -661.0142;996.9397 430.2019;-744.4755 -73.8734;-641.9496 246.4498;-41.7744 886.8497;705.4757 -179.2902;359.3688 431.0777;639.2295 189.9068;340.1048 10.7632;-489.3377 -840.8421
hornsrev,DE,6030,6030,4D,3,1000,15,25,169652.49274336576,177630.1758992483,7977.683155882551,True,320.1397910508628,2.9491373160003604,976.6060 25.6455;-336.0313 -100.8179;52.2894 223.4970;502.6225 803.1239;-867.8107 -66.5654;-117.4956 913.7126;-559.4622 -654.6788;-265.6872 -792.8718;-531.9454 466.1746;4.6133 617.7752;50.6341 -883.9331;325.6849 -323.4783;483.1049 238.4187;802.1774 -485.2653;882.4990 400.7675
hornsrev,DE,6030,6030,4D,3,1000,15,26,165891.4354492891,177630.1758992483,11738.740449959208,False,321.1151870667211,2.887926920999689,-588.3441 -479.8662;-18.1551 -598.7224;751.4130 -235.7290;-287.2193 -865.3753;-891.0735 178.9617;55.5410 -952.0645;930.6003 513.8148;-217.5631 66.3554;-70.6837 -260.4793;372.5633 354.6842;-542.1321 -65.2111;276.3727 -43.6302;71.8188 205.5426;462.9345 -713.5437;-323.2935 652.9677
hornsrev,DE,6030,6030,4D,3,1000,15,27,166920.14528680546,177630.1758992483,10710.030612442846,False,303.88682787019724,2.859069162999731,190.7846 -286.0988;-705.6629 661.7681;-9.9059 571.2737;970.8644 -157.0242;-343.4291 102.5456;550.7990 -675.5299;-858.0060 -436.8263;625.1155 386.9761;541.3170 40.4583;-1000.0000 69.6391;8.9350 78.9558;-143.2557 -525.1340;-218.0343 -819.6766;-449.0180 -223.5067;727.4913 -418.4818
hornsrev,DE,6030,6030,4D,3,1000,15,28,165198.0459208489,177630.1758992483,12432.129978399404,False,263.98862402198995,2.8506651359998614,-625.5668 73.3122;7.7100 -0.9171;-106.8566 -1000.0000;341.3723 169.8918;419.3482 -725.7882;-435.9274 342.9791;756.1937 101.3902;196.0409 870.5181;909.4063 -418.8268;264.3717 -82.6174;-105.5280 522.1262;571.5367 507.0756;-974.2479 232.0977;-186.1612 -453.6131;212.8871 -501.7552
hornsrev,DE,6030,6030,4D,3,1000,15,29,165550.35579197758,177630.1758992483,12079.82010727073,False,328.3789691490641,2.9702729020000334,895.8475 -538.9716;-647.1321 676.4089;-798.9794 -150.8089;10.8488 338.6682;398.9867 932.4211;-342.9551 518.6742;332.1136 -258.7706;73.2124 -40.2643;139.5988 -1000.0000;-352.7318 -24.9973;420.6724 -830.2048;592.2876 625.1635;-1000.0000 227.7804;356.4663 316.2701;758.4031 179.0885
hornsrev,DE,6030,6030,4D,3,1000,15,30,163894.1893970301,177630.1758992483,13735.986502218206,False,255.54766079050543,2.9134343019995868,8.1820 22.8422;284.0469 -158.5223;-755.6422 300.3933;471.3076 -368.7733;24.5269 -589.6271;-77.7046 539.0814;-915.0815 -37.3134;-833.4358 -449.9802;299.2005 -657.6571;-438.0808 -405.8000;-96.8194 -331.4510;284.2736 808.2228;588.0844 796.5982;452.2861 281.8414;343.7815 -909.2861
