Algorithm,Dataset,Radius,Turbines,Seed,Budget,Init,Calls,Objective,Ideal,WakeLoss,Feasible,MinSpacing,Seconds,Coordinates,Curve
SSABV,HR,0,16,2,120030,random,120030,139.33268865368007,149.2632720953485,9.930583441668432,True,325.98723047031393,109.26268961800001,-744.53 -782.46;-852.33 100.30;802.59 299.81;17.87 336.16;-420.09 -814.20;-892.22 797.81;324.07 -57.38;474.65 459.00;269.71 -397.64;481.20 822.16;-143.86 833.79;-796.32 -299.42;-473.43 232.75;179.66 -785.50;-399.47 -141.90;888.83 -637.37,nan;nan;nan;nan;nan;nan;nan;nan;nan;nan;nan;nan;nan;nan;nan;nan;nan;nan;nan;nan;nan;nan;nan;nan;nan;nan;nan;nan;nan;nan;nan;nan;nan;nan;nan;nan;nan;nan;nan;nan;nan;nan;nan;nan;nan;nan;nan;nan;nan;nan;nan;nan;135.4783;135.4783;135.9052;135.9052;135.9052;135.9052;136.0628;136.4266;136.4266;136.4824;136.5018;136.5300;136.6789;136.6789;136.6789;136.6805;136.7033;136.7045;136.7134;136.7261;136.7372;136.7451;136.7476;136.7545;136.7597;136.7617;136.7620;136.7645;136.7667;136.7678;136.7688;136.7696;136.7701;136.7704;136.7707;136.7709;136.7710;136.7712;136.7713;136.7713;136.7714;136.7714;136.7715;136.7715;136.7715;136.7715;136.7715;136.7716;137.0555;137.2519;137.2660;137.2743;137.2766;137.2766;137.2766;137.2766;137.4073;137.7963;137.8278;137.8926;137.9133;137.9206;137.9207;137.9207;137.9207;138.0338;138.1931;138.3170;138.3365;138.3810;138.4086;138.4223;138.4330;138.4407;138.4465;138.4494;138.4494;138.4494;138.4494;138.4494;138.4494;138.4494;138.4494;138.4494;138.4494;138.4494;138.4494;138.5346;138.6566;138.7210;138.7377;138.7481;138.7582;138.7647;138.7747;138.7811;138.7897;138.7960;138.8054;138.8106;138.8132;138.8156;138.8156;138.8156;138.8659;138.8986;138.9172;139.0768;139.0905;139.0981;139.1052;139.1127;139.1204;139.1291;139.1362;139.1423;139.1504;139.1571;139.1654;139.1754;139.1824;139.2057;139.2139;139.2204;139.2632;139.2664;139.3306;139.3327;139.3327;139.3327;139.3327;139.3327;139.3327;139.3327;139.3327;139.3327;139.3327;139.3327;139.3327;139.3327;139.3327;139.3327;139.3327;139.3327;139.3327;139.3327;139.3327;139.3327
SSABV,HR,0,16,10,120030,random,120030,139.9544888197967,149.2632720953485,9.308783275551804,True,355.8080314019162,108.20942108599999,-888.02 401.78;-86.21 576.24;-749.84 -496.49;817.07 192.36;362.29 -312.21;-380.88 128.95;-295.77 -437.86;393.79 722.74;-545.78 -834.62;744.96 780.02;1.35 -772.43;930.33 -832.99;-817.19 -98.16;868.21 -372.48;-521.96 799.48;406.48 330.64,nan;nan;nan;nan;nan;nan;nan;nan;nan;nan;nan;nan;nan;nan;nan;nan;nan;nan;nan;nan;nan;nan;nan;nan;nan;nan;nan;nan;nan;nan;nan;nan;nan;nan;nan;nan;nan;nan;nan;nan;nan;nan;nan;nan;nan;135.3727;135.7858;135.7858;135.7858;135.7858;136.0742;136.1618;136.1618;136.1618;136.1618;136.1618;136.1618;136.1618;136.1618;136.1618;136.1618;136.2491;136.2491;136.2530;136.3078;136.3248;136.3288;136.3370;136.3894;136.4549;136.5450;136.5682;136.5816;136.5983;136.6088;136.6150;136.6209;136.6276;136.6318;136.6340;136.6348;136.6355;136.6363;136.6368;136.6370;136.6372;136.6373;136.6375;136.6378;136.6379;136.6380;136.6381;136.6382;136.6382;136.6382;136.6382;136.6383;136.6383;136.6383;136.6383;137.4491;137.9352;138.0976;138.1183;138.1192;138.1192;138.2100;138.6101;138.7607;138.8306;138.8434;138.8648;138.8938;138.9010;138.9068;138.9095;138.9118;138.9127;138.9127;138.9127;138.9127;139.2060;139.3200;139.3346;139.3449;139.3498;139.3591;139.3649;139.3691;139.3725;139.3762;139.3763;139.3763;139.3763;139.3763;139.3763;139.3763;139.3763;139.3763;139.3763;139.3763;139.3763;139.3763;139.3763;139.3763;139.3763;139.4311;139.5277;139.5463;139.5596;139.5664;139.6593;139.6653;139.6695;139.6751;139.6814;139.6814;139.6814;139.6814;139.7327;139.8485;139.8633;139.8749;139.8962;139.9085;139.9209;139.9260;139.9356;139.9428;139.9503;139.9532;139.9545;139.9545;139.9545;139.9545;139.9545;139.9545;139.9545;139.9545;139.9545;139.9545;139.9545;139.9545;139.9545;139.9545;139.9545;139.9545;139.9545;139.9545;139.9545;139.9545;139.9545;139.9545;139.9545;139.9545;139.9545;139.9545;139.9545;139.9545;139.9545
LXBV,HR,0,16,8,120030,random,120030,138.90994224501998,149.2632720953485,10.353329850328521,True,340.69006766697726,105.975925402,257.60 164.10;-573.39 -463.12;861.61 -473.64;173.87 -833.37;-747.11 -756.19;173.85 817.32;753.37 1.00;-336.74 834.36;-644.47 -9.86;-54.22 -135.20;742.47 800.17;-567.43 525.36;-228.07 357.78;796.81 -834.52;39.31 -475.27;429.60 -435.82,nan;nan;nan;nan;nan;nan;nan;nan;nan;135.5321;135.5321;135.5321;135.5321;135.5321;135.6326;135.6326;135.6326;135.6326;135.6535;136.2091;136.3285;136.3285;136.3285;136.3732;136.3732;136.3732;136.3732;136.4084;136.4084;136.4084;136.4665;136.4665;136.4665;136.4665;136.4665;136.4665;136.4665;136.4665;136.4665;136.4665;136.4665;136.4665;136.4665;136.5832;136.5832;136.5836;136.5836;136.5854;136.5855;136.5855;136.6574;136.6574;136.7215;136.7218;136.7230;136.7458;136.7458;136.7466;136.7475;136.7475;136.7480;136.7481;136.7864;136.7871;136.7873;136.7964;136.9069;136.9082;136.9264;136.9345;136.9460;136.9555;136.9605;136.9640;136.9699;136.9759;136.9808;136.9843;137.0039;137.0072;137.0087;137.0092;137.0099;137.0105;137.0107;137.0108;137.0109;137.0111;137.0114;137.0115;137.0116;137.0116;137.0117;137.0118;137.0118;137.0118;137.0118;137.0118;137.0118;137.0118;137.4242;137.6237;137.6731;137.6924;137.7020;137.7066;137.7066;137.8628;138.1163;138.3412;138.4200;138.5096;138.5191;138.5274;138.5350;138.5416;138.5463;138.5534;138.5603;138.5630;138.5647;138.5647;138.5647;138.5647;138.5647;138.6411;138.6935;138.7133;138.8169;138.8239;138.8336;138.8408;138.8973;138.9050;138.9099;138.9099;138.9099;138.9099;138.9099;138.9099;138.9099;138.9099;138.9099;138.9099;138.9099;138.9099;138.9099;138.9099;138.9099;138.9099;138.9099;138.9099;138.9099;138.9099;138.9099;138.9099;138.9099;138.9099;138.9099;138.9099;138.9099;138.9099;138.9099;138.9099;138.9099;138.9099;138.9099;138.9099;138.9099;138.9099;138.9099;138.9099;138.9099;138.9099;138.9099;138.9099;138.9099;138.9099;138.9099;138.9099;138.9099;138.9099;138.9099;138.9099;138.9099;138.9099;138.9099;138.9099;138.9099;138.9099;138.9099;138.9099;138.9099;138.9099;138.9099;138.9099;138.9099;138.9099;138.9099;138.9099
RSVNS,HR,0,16,6,120030,random,120030,139.03389913791187,149.2632720953485,10.229372957436624,True,344.5470173914226,112.87883309099999,-761.64 -276.39;-349.90 95.80;173.66 -353.87;937.60 -796.18;496.63 -177.50;-102.21 833.62;317.63 834.63;-799.26 333.50;624.53 354.96;838.82 7.38;-120.85 360.55;702.64 831.02;198.13 -834.60;280.03 360.52;-694.80 -832.65;-157.81 -597.87,nan;nan;nan;nan;nan;nan;nan;nan;nan;nan;nan;nan;nan;nan;nan;nan;nan;nan;nan;nan;nan;nan;nan;nan;nan;nan;nan;nan;nan;nan;nan;nan;nan;nan;nan;nan;nan;nan;nan;nan;nan;nan;nan;nan;nan;nan;nan;nan;nan;nan;nan;nan;nan;nan;nan;nan;nan;nan;nan;nan;nan;nan;nan;nan;nan;nan;nan;nan;nan;nan;nan;nan;nan;nan;nan;nan;nan;nan;nan;nan;nan;nan;nan;nan;nan;nan;nan;nan;nan;nan;nan;nan;nan;nan;nan;nan;nan;nan;nan;nan;134.5615;135.8344;136.4189;136.6993;136.8193;136.9198;136.9411;136.9671;136.9764;137.0461;137.0531;137.0636;137.1467;137.1488;137.1488;137.3965;137.9082;138.1537;138.1669;138.2399;138.2530;138.3377;138.3460;138.3547;138.3954;138.3954;138.3954;138.3954;138.3954;138.4093;138.4228;138.4325;138.4417;138.4473;138.4524;138.5322;138.5330;138.5330;138.5330;138.6449;138.8235;138.8485;138.8851;138.9098;138.9158;138.9215;138.9273;138.9342;138.9393;138.9506;138.9579;139.0302;139.0339;139.0339;139.0339;139.0339;139.0339;139.0339;139.0339;139.0339;139.0339;139.0339;139.0339;139.0339;139.0339;139.0339;139.0339;139.0339;139.0339;139.0339;139.0339;139.0339;139.0339;139.0339;139.0339;139.0339;139.0339;139.0339;139.0339;139.0339;139.0339;139.0339;139.0339;139.0339;139.0339;139.0339;139.0339;139.0339;139.0339;139.0339;139.0339;139.0339;139.0339;139.0339;139.0339;139.0339;139.0339;139.0339;139.0339;139.0339
BVNS,HR,0,16,4,120030,random,120030,139.69892199807674,149.2632720953485,9.564350097271756,True,335.8984044265125,104.30935164899998,-544.23 361.67;897.96 -811.15;375.21 -458.14;898.00 -475.25;-891.85 813.80;-362.47 60.79;156.50 -834.71;695.08 561.53;290.29 251.34;-160.48 395.76;-662.39 -429.14;-894.67 448.81;498.02 834.65;811.33 229.69;613.25 -104.54;-746.66 -758.51,nan;nan;135.7939;136.3484;137.0041;137.2413;137.3914;137.4326;137.4415;137.4495;137.4544;137.4673;137.4673;137.4673;137.4673;137.4673;137.4673;137.4673;137.4673;137.4673;137.4673;137.4970;137.5055;137.5126;137.5194;137.5792;137.5860;137.6096;137.6102;137.6102;137.6102;137.9550;138.3107;138.4971;138.6991;138.7905;138.8039;138.8113;138.8211;138.8271;138.8448;138.8528;138.8601;138.8624;138.8624;138.8624;138.8624;138.8624;139.1311;139.2542;139.3113;139.3229;139.3367;139.3450;139.3707;139.3733;139.3733;139.3733;139.3733;139.3733;139.3733;139.3733;139.3733;139.3733;139.3733;139.3733;139.3733;139.3733;139.3733;139.3733;139.3733;139.3733;139.3733;139.3733;139.3733;139.3733;139.3733;139.3733;139.3733;139.3733;139.3733;139.3733;139.3733;139.3931;139.4011;139.4102;139.4251;139.4274;139.4274;139.4274;139.4274;139.4274;139.4274;139.4274;139.4274;139.4274;139.4274;139.4274;139.4274;139.4274;139.4274;139.4274;139.4274;139.4274;139.4274;139.4274;139.4274;139.4274;139.4274;139.4274;139.4274;139.4274;139.4274;139.4274;139.4274;139.4274;139.4274;139.4274;139.4274;139.4274;139.4274;139.4274;139.4274;139.4274;139.4274;139.4274;139.4274;139.4344;139.5035;139.5114;139.5263;139.5329;139.5856;139.5856;139.5856;139.5856;139.5856;139.5856;139.5856;139.5856;139.5856;139.5856;139.5856;139.5856;139.5856;139.5856;139.5856;139.5856;139.5856;139.5856;139.5856;139.5856;139.5856;139.5856;139.5856;139.5856;139.5856;139.5856;139.5856;139.5856;139.5856;139.5856;139.5856;139.5856;139.5856;139.5856;139.5856;139.5856;139.5856;139.5856;139.5856;139.5856;139.5856;139.5856;139.5856;139.5856;139.5856;139.5856;139.5856;139.5856;139.5856;139.5856;139.5856;139.5856;139.5856;139.5856;139.5856;139.5856;139.5856;139.5856;139.5856;139.5856;139.5856;139.5856;139.6117;139.6435;139.6549;139.6652;139.6877;139.6989
SSA,HR,0,16,2,120030,random,120030,138.70437395368018,149.2632720953485,10.558898141668323,True,326.5026403456483,111.69547447400001,819.86 -227.33;-827.05 834.83;-196.73 78.77;305.86 547.11;683.96 759.27;-52.31 807.44;-164.67 403.69;702.32 293.37;443.56 -648.39;-751.09 56.16;-507.05 660.46;886.85 -833.88;-43.41 -399.89;-574.26 -685.37;-640.57 -256.32;304.78 -9.30,nan;nan;nan;nan;nan;nan;nan;nan;nan;nan;nan;nan;nan;nan;nan;nan;nan;nan;nan;nan;nan;nan;nan;nan;nan;nan;nan;nan;nan;nan;nan;nan;nan;nan;nan;nan;nan;nan;nan;nan;nan;nan;nan;nan;nan;nan;nan;nan;nan;nan;nan;nan;nan;nan;nan;nan;nan;nan;nan;nan;nan;nan;nan;nan;nan;nan;nan;nan;nan;nan;nan;nan;nan;nan;nan;nan;nan;nan;nan;nan;nan;135.0879;135.0879;135.4407;135.4407;135.4407;135.4407;136.0307;136.2977;136.2977;136.2977;136.2977;136.4630;136.6006;136.8423;136.8423;137.2107;137.5178;137.5883;137.5883;137.5883;137.5883;137.5883;137.5883;137.5883;137.5883;137.5883;137.6273;137.7114;137.7675;137.7675;137.7675;137.7675;137.7675;137.7675;137.7675;137.7675;137.8250;137.8250;137.8250;137.8647;138.0038;138.0038;138.2067;138.2087;138.2087;138.2333;138.2333;138.2333;138.2336;138.2336;138.2420;138.2506;138.2816;138.2846;138.2958;138.4096;138.4269;138.4451;138.4942;138.6259;138.6359;138.6391;138.6423;138.6457;138.6588;138.6669;138.6697;138.6732;138.6738;138.6746;138.6786;138.6821;138.6841;138.6881;138.6901;138.6931;138.6944;138.6954;138.6963;138.6965;138.6970;138.6974;138.6983;138.6990;138.6992;138.6998;138.7007;138.7013;138.7018;138.7021;138.7024;138.7028;138.7032;138.7033;138.7034;138.7036;138.7037;138.7038;138.7038;138.7039;138.7039;138.7040;138.7040;138.7041;138.7041;138.7042;138.7042;138.7042;138.7042;138.7043;138.7043;138.7043;138.7043;138.7043;138.7043;138.7044;138.7044;138.7044;138.7044
SSA,HR,0,16,10,120030,random,120030,137.64361316748585,149.2632720953485,11.619658927862645,True,324.2326528946763,112.45628224899997,276.33 -488.83;849.83 -73.15;688.54 674.17;-111.79 -834.83;-591.68 -223.60;-659.37 182.57;-111.53 682.02;304.68 -142.63;-309.53 122.04;172.74 512.82;-841.66 831.52;608.06 -324.58;-842.32 507.29;796.71 254.83;447.25 220.85;779.86 -738.66,nan;nan;nan;nan;nan;nan;nan;nan;nan;nan;nan;nan;nan;nan;nan;nan;nan;nan;nan;nan;nan;nan;nan;nan;nan;nan;nan;nan;nan;nan;nan;nan;nan;nan;nan;nan;nan;nan;nan;nan;nan;nan;nan;nan;nan;nan;nan;nan;nan;nan;nan;nan;nan;nan;nan;nan;nan;nan;nan;nan;nan;nan;nan;nan;nan;nan;nan;nan;nan;nan;nan;nan;nan;nan;nan;nan;nan;nan;nan;nan;nan;nan;nan;nan;nan;nan;nan;nan;nan;nan;135.4627;135.6645;135.6645;135.6645;135.6645;135.6645;135.6645;135.9382;135.9382;136.4003;136.4003;136.4003;136.4003;136.4003;136.5092;136.5092;136.5092;136.5092;136.5092;136.5092;136.5092;136.5777;136.6467;136.6467;136.8192;136.8925;136.8925;137.0123;137.0123;137.0152;137.0894;137.1899;137.1899;137.2049;137.2565;137.2565;137.2565;137.2565;137.2569;137.2569;137.2569;137.2569;137.2569;137.3365;137.3365;137.3374;137.3385;137.3385;137.3578;137.3878;137.4321;137.4396;137.4438;137.4541;137.4671;137.4734;137.4847;137.4903;137.4968;137.5393;137.6106;137.6152;137.6168;137.6194;137.6212;137.6247;137.6283;137.6306;137.6321;137.6329;137.6339;137.6351;137.6365;137.6371;137.6379;137.6386;137.6394;137.6399;137.6404;137.6409;137.6416;137.6416;137.6417;137.6419;137.6423;137.6424;137.6425;137.6426;137.6428;137.6429;137.6430;137.6431;137.6432;137.6432;137.6433;137.6433;137.6433;137.6434;137.6434;137.6435;137.6435;137.6435;137.6435;137.6436;137.6436;137.6436;137.6436;137.6436;137.6436;137.6436
LXSSA,HR,0,16,8,120030,random,120030,136.808427435967,149.2632720953485,12.454844659381507,True,328.8047638886588,114.037276684,312.71 44.59;-302.99 -585.88;868.75 -474.63;-55.85 -834.83;-665.40 -641.75;206.60 699.67;840.08 -70.80;-93.14 834.83;-534.78 24.19;41.17 -215.52;565.38 636.90;-469.07 547.05;-54.17 440.43;640.05 -757.60;147.15 -555.99;462.62 -438.23,nan;nan;nan;nan;nan;nan;nan;nan;nan;nan;nan;nan;nan;nan;nan;nan;nan;nan;nan;nan;nan;nan;nan;nan;nan;nan;134.9713;134.9713;134.9713;135.2123;135.2123;135.2123;135.2123;135.2123;135.2123;135.2123;135.2123;135.2123;135.2123;135.2123;135.2123;135.2123;135.2123;135.2123;135.3731;135.3731;135.3731;135.3731;135.3731;135.3731;135.3731;135.3731;135.3731;135.4490;135.4490;135.4490;135.4490;135.4490;135.4490;135.4490;135.4490;135.4490;135.4490;135.4490;135.4490;135.4490;135.4490;135.4490;135.4490;135.4490;135.4490;135.4490;135.4490;135.4490;135.4490;135.4490;135.4490;135.4490;135.4490;135.7213;135.7213;135.7213;135.7574;135.7574;135.7574;135.7574;135.7574;135.7574;135.8079;135.8415;135.8415;136.0799;136.0947;136.1102;136.1654;136.1654;136.1654;136.1654;136.1670;136.1670;136.1688;136.1688;136.1787;136.1799;136.1799;136.1799;136.1799;136.2558;136.2579;136.2590;136.2610;136.2643;136.3397;136.3397;136.4218;136.4554;136.4554;136.4556;136.4559;136.4561;136.4596;136.4636;136.4644;136.5403;136.5405;136.5408;136.5414;136.5434;136.5438;136.5475;136.5475;136.5484;136.5514;136.5599;136.5626;136.5893;136.5945;136.6011;136.6070;136.6121;136.6126;136.6229;136.6326;136.6368;136.6411;136.6435;136.7469;136.7533;136.7572;136.7612;136.7651;136.7682;136.7691;136.7700;136.7706;136.7713;136.7717;136.7726;136.7731;136.7740;136.7745;136.7748;136.7751;136.7760;136.7762;136.7768;136.7770;136.7774;136.7778;136.7781;136.7782;136.7784;136.7786;136.7787;136.7789;136.8076;136.8077;136.8078;136.8079;136.8080;136.8080;136.8081;136.8081;136.8081;136.8082;136.8082;136.8082;136.8082;136.8082;136.8083;136.8083;136.8083;136.8083;136.8084;136.8084;136.8084;136.8084;136.8084;136.8084;136.8084
PSOC,HR,0,16,6,120030,random,120030,139.44964362241,149.2632720953485,9.81362847293849,True,331.501898980896,253.26356100100003,700.30 -347.06;-943.44 834.83;737.20 400.49;-612.84 810.46;557.83 -811.12;-788.38 -426.88;-346.89 268.02;943.44 -834.79;-732.06 -834.83;-800.22 367.75;737.69 68.71;-86.12 -739.69;99.48 -9.89;22.87 668.88;-62.44 -394.61;-457.33 -152.80,nan;nan;nan;nan;nan;nan;nan;nan;nan;nan;nan;-1701165.1642;81.2377;81.2377;111.7608;136.6311;136.8596;136.8684;137.8274;137.8682;137.8711;137.9267;137.9865;138.0118;138.1277;138.1932;138.1959;138.1999;138.2476;138.2956;138.4014;138.4725;138.4784;138.4820;138.4965;138.4987;138.5028;138.8830;139.1383;139.2173;139.2532;139.2588;139.2628;139.2646;139.2654;139.2882;139.2935;139.2947;139.2980;139.3004;139.3022;139.3022;139.3025;139.3031;139.3047;139.3077;139.3098;139.3496;139.3496;139.3520;139.3535;139.3575;139.3590;139.3604;139.3617;139.3629;139.3639;139.3640;139.3647;139.3649;139.3651;139.3657;139.3666;139.4065;139.4071;139.4081;139.4123;139.4141;139.4145;139.4152;139.4154;139.4157;139.4172;139.4191;139.4198;139.4199;139.4199;139.4205;139.4211;139.4218;139.4221;139.4223;139.4224;139.4226;139.4228;139.4236;139.4248;139.4255;139.4265;139.4271;139.4273;139.4276;139.4277;139.4279;139.4279;139.4285;139.4289;139.4289;139.4289;139.4289;139.4289;139.4290;139.4290;139.4296;139.4298;139.4299;139.4299;139.4299;139.4300;139.4301;139.4301;139.4301;139.4301;139.4301;139.4301;139.4301;139.4301;139.4301;139.4301;139.4301;139.4301;139.4301;139.4301;139.4301;139.4301;139.4301;139.4301;139.4325;139.4325;139.4445;139.4447;139.4447;139.4448;139.4449;139.4453;139.4456;139.4456;139.4457;139.4459;139.4459;139.4459;139.4460;139.4460;139.4460;139.4460;139.4460;139.4461;139.4461;139.4461;139.4461;139.4461;139.4462;139.4462;139.4463;139.4465;139.4467;139.4468;139.4468;139.4468;139.4468;139.4469;139.4469;139.4469;139.4469;139.4469;139.4469;139.4469;139.4469;139.4469;139.4469;139.4494;139.4494;139.4494;139.4494;139.4495;139.4495;139.4496;139.4496;139.4496;139.4496;139.4496;139.4496;139.4496;139.4496;139.4496;139.4496;139.4496;139.4496;139.4496;139.4496
DE,HR,0,16,4,120030,random,120030,140.0870873630903,149.2632720953485,9.176184732258207,True,372.151563794004,292.54224392000003,745.73 401.99;91.47 -834.83;-457.48 831.84;353.61 -212.46;832.37 40.06;-485.12 275.72;699.66 -380.63;-693.94 -831.98;-925.89 812.17;-841.03 1.58;-478.49 -457.80;734.97 834.83;88.27 817.65;-219.05 -42.11;559.33 -834.83;-5.48 -392.11,nan;nan;nan;nan;nan;nan;nan;nan;nan;nan;nan;nan;nan;nan;nan;nan;nan;nan;nan;nan;nan;nan;nan;nan;nan;nan;nan;nan;nan;nan;nan;nan;nan;nan;nan;nan;nan;nan;nan;nan;nan;nan;nan;nan;nan;nan;nan;nan;nan;nan;nan;nan;nan;nan;nan;nan;nan;nan;nan;nan;nan;nan;nan;nan;nan;nan;nan;nan;nan;nan;nan;136.1794;136.7461;137.3127;137.3127;137.8924;138.0683;138.0683;138.2150;138.3526;138.5199;138.5199;138.7363;138.7363;138.8490;139.0524;139.0991;139.1373;139.2246;139.4537;139.4537;139.5417;139.6466;139.6738;139.6972;139.6981;139.7106;139.8317;139.8317;139.8479;139.8686;139.9200;139.9200;139.9245;139.9310;139.9437;139.9441;139.9470;139.9812;139.9870;139.9910;139.9927;140.0118;140.0603;140.0603;140.0624;140.0627;140.0648;140.0671;140.0686;140.0699;140.0713;140.0723;140.0728;140.0737;140.0750;140.0758;140.0767;140.0770;140.0775;140.0781;140.0787;140.0794;140.0798;140.0801;140.0805;140.0808;140.0812;140.0816;140.0821;140.0824;140.0827;140.0831;140.0834;140.0836;140.0839;140.0841;140.0844;140.0845;140.0846;140.0847;140.0848;140.0848;140.0849;140.0850;140.0851;140.0851;140.0852;140.0852;140.0852;140.0853;140.0853;140.0854;140.0854;140.0855;140.0855;140.0856;140.0856;140.0857;140.0857;140.0858;140.0858;140.0859;140.0859;140.0859;140.0860;140.0860;140.0861;140.0861;140.0862;140.0862;140.0863;140.0863;140.0864;140.0865;140.0866;140.0866;140.0867;140.0867;140.0868;140.0868;140.0868;140.0869;140.0869;140.0869;140.0870;140.0870;140.0870;140.0871;140.0871
SLSQP,HR,0,16,2,120030,random,120030,137.8035689227042,149.2632720953485,11.45970317264431,True,334.8179670035605,320.06597479100003,812.50 -195.41;331.40 -617.84;277.99 834.83;-91.26 -611.27;-178.60 -284.27;286.33 -257.17;-780.48 -490.56;393.13 110.39;733.92 358.15;-70.10 833.07;-475.27 -42.90;595.21 727.69;-564.28 834.28;-738.92 461.33;-736.05 -834.12;831.48 -750.99,136.1649;136.1649;136.5553;136.5984;136.5984;136.6596;136.6596;136.6596;136.6656;136.6905;136.6905;136.6911;136.6911;136.6911;136.7847;136.7940;136.7940;136.7940;136.7940;136.7940;136.7940;136.7940;136.7940;136.9843;137.0246;137.3560;137.4652;137.4770;137.4770;137.4770;137.4770;137.4770;137.4770;137.4770;137.4770;137.4770;137.4770;137.4770;137.4770;137.4770;137.4770;137.4770;137.4770;137.4770;137.4770;137.4770;137.4770;137.4770;137.4770;137.4770;137.4770;137.4770;137.4770;137.4770;137.4770;137.4770;137.4770;137.4770;137.4770;137.4770;137.4770;137.4770;137.4770;137.4770;137.4770;137.4770;137.4770;137.4770;137.4770;137.4770;137.4770;137.4770;137.4770;137.4770;137.4770;137.4770;137.4770;137.4770;137.4770;137.4770;137.4770;137.4770;137.4770;137.4770;137.4770;137.4770;137.4770;137.4770;137.4770;137.4770;137.4770;137.4770;137.4770;137.4770;137.7683;137.7683;137.7683;137.7683;137.7683;137.7683;137.7683;137.7683;137.7683;137.7683;137.7683;137.7683;137.7683;137.7683;137.7683;137.7683;137.7683;137.7683;137.7683;137.7683;137.7683;137.7683;137.7683;137.7683;137.7683;137.7683;137.7683;137.7683;137.7683;137.7683;137.7683;137.7683;137.7683;137.7683;137.7683;137.7683;137.7683;137.7683;137.7683;137.7683;137.7683;137.7683;137.7683;137.7683;137.7683;137.7683;137.7683;137.7683;137.7683;137.7683;137.7683;137.7683;137.7683;137.7683;137.7683;137.7683;137.7683;137.7683;137.7683;137.7683;137.7683;137.7683;137.7683;137.7683;137.7683;137.7683;137.7683;137.7683;137.7683;137.7683;137.7683;137.7683;137.7683;137.7683;137.7683;137.7683;137.7683;137.7683;137.7683;137.7683;137.7683;137.7683;137.7683;137.7683;137.7683;137.7683;137.7683;137.7683;137.7683;137.7683;137.7683;137.7683;137.7683;137.7683;137.7683;137.7683;137.7683;137.7683;137.7683;137.7683;137.7683;137.7683;137.8020;137.8020;137.8036;137.8036
SLSQP,HR,0,16,10,120030,random,120030,138.48467191689252,149.2632720953485,10.778600178455974,True,325.36111265026705,316.67549414800004,741.60 -677.65;413.52 403.89;736.39 -314.39;-770.99 -567.51;119.47 264.62;-584.65 455.16;734.21 832.64;831.43 16.81;407.61 -829.23;778.19 508.44;-566.85 828.38;-487.33 -828.81;-848.17 90.62;54.26 -830.29;-247.81 -150.41;94.91 808.22,136.9050;136.9050;137.0823;137.0849;137.1540;137.1540;137.1540;137.1972;137.2897;137.2903;137.2903;137.2903;137.2903;137.2903;137.2903;137.2903;137.2903;137.2903;137.2903;137.2903;137.2903;137.2903;137.2903;137.2903;137.2903;137.2903;137.2903;137.2903;137.2903;137.2903;137.2903;137.2903;137.2903;137.2903;137.2903;137.2903;137.2903;137.2903;137.2903;137.2903;137.2903;137.2903;137.2903;137.2903;137.2903;137.2903;137.2903;137.2903;137.2903;137.2903;137.2903;137.2903;137.2903;137.2903;137.2903;137.2903;137.2903;137.2903;137.2903;137.2903;137.2903;137.2903;137.2903;137.2903;137.2903;137.2903;137.2903;137.2903;137.2903;137.2903;137.2903;137.2903;137.2903;137.2903;137.2903;137.2903;137.2903;137.2903;137.2903;137.2903;137.2903;137.2903;137.2903;137.2903;137.2903;137.2903;137.2903;137.2903;137.2903;137.2903;137.2903;137.2903;137.2903;137.2903;137.2903;137.2903;137.2903;137.2903;137.2903;137.2903;137.2903;137.2903;137.2903;137.2903;137.2903;137.2903;137.2903;137.2903;137.6113;137.6113;137.6113;137.6113;137.6113;137.6113;137.6113;137.6113;137.6113;137.6113;137.6113;137.6113;137.6113;137.6113;137.6113;137.6113;137.6113;137.6113;137.6113;137.6113;137.6113;137.6113;137.6113;137.6113;137.6113;137.6113;137.6113;137.6113;137.6113;137.6113;137.6113;137.6113;137.6113;137.6113;137.6113;137.6113;137.6113;137.6113;137.6113;137.6113;137.7420;137.8373;137.8373;137.8373;137.8376;137.8382;137.8382;138.2083;138.2542;138.2654;138.4624;138.4847;138.4847;138.4847;138.4847;138.4847;138.4847;138.4847;138.4847;138.4847;138.4847;138.4847;138.4847;138.4847;138.4847;138.4847;138.4847;138.4847;138.4847;138.4847;138.4847;138.4847;138.4847;138.4847;138.4847;138.4847;138.4847;138.4847;138.4847;138.4847;138.4847;138.4847;138.4847;138.4847;138.4847;138.4847;138.4847;138.4847;138.4847;138.4847;138.4847;138.4847
SSABV,2,1000,15,8,120030,random,120030,105635.46451386168,109730.67592026998,4095.2114064083,True,315.38515904514924,106.20139620700002,-870.349 0.136;-182.226 391.565;-661.910 -730.521;-344.655 -934.038;-732.963 611.317;-525.702 849.037;178.678 848.587;954.059 295.582;686.221 632.036;-932.172 320.305;415.872 142.829;-938.155 -337.490;53.614 -232.494;968.750 -244.910;582.498 -619.378,nan;nan;nan;nan;nan;nan;nan;nan;nan;nan;nan;nan;nan;nan;nan;nan;nan;nan;nan;nan;nan;nan;nan;nan;nan;nan;nan;nan;nan;nan;nan;nan;nan;nan;nan;nan;nan;nan;nan;nan;nan;102877.146;102877.146;102877.146;102877.146;102899.068;103141.780;103141.780;103141.780;103254.232;103642.751;103642.751;103740.695;103785.194;103785.194;103793.347;103876.266;103992.701;103992.701;104000.489;104177.553;104210.006;104218.523;104233.807;104248.074;104261.166;104269.522;104274.879;104275.979;104280.269;104288.824;104349.705;104354.354;104355.399;104358.950;104361.961;104364.779;104366.342;104366.468;104366.532;104366.990;104367.477;104368.044;104368.383;104368.504;104368.638;104368.775;104368.815;104368.815;104368.835;104368.888;104368.912;104368.946;104368.967;104368.989;104369.004;104369.015;104369.022;104369.027;104369.033;104775.999;104880.659;104892.871;104895.505;104895.505;104895.505;104895.505;104989.150;105085.335;105209.945;105220.609;105229.864;105236.239;105239.557;105239.557;105239.557;105239.557;105239.557;105239.557;105239.557;105239.557;105239.557;105239.557;105239.557;105239.557;105239.557;105239.557;105239.557;105239.557;105239.557;105239.557;105239.557;105239.557;105239.557;105239.557;105239.557;105239.557;105239.557;105239.761;105332.483;105336.765;105337.302;105337.302;105337.302;105337.302;105337.302;105337.302;105337.302;105337.302;105337.302;105337.302;105337.302;105337.302;105337.302;105337.302;105337.302;105337.302;105337.302;105337.302;105337.302;105337.302;105337.302;105337.302;105337.302;105337.302;105337.302;105337.302;105337.302;105337.302;105337.302;105337.302;105337.302;105337.302;105337.302;105337.302;105337.302;105337.302;105337.302;105337.302;105337.302;105337.302;105337.302;105337.302;105337.302;105337.302;105337.302;105337.302;105337.302;105337.302;105337.302;105337.302;105337.302;105337.302;105337.302;105342.518;105402.040;105464.043;105481.900;105624.700;105634.673
SSABV,2,1000,15,16,120030,random,120030,105437.455924509,109730.67592026998,4293.21999576097,True,325.57388519111254,75.49565690999998,-321.733 -943.925;-412.866 298.115;846.463 -467.686;584.736 808.950;-98.230 69.279;398.889 541.631;-698.613 495.574;636.395 69.914;-584.864 808.652;987.500 -59.142;-861.598 -504.052;713.648 432.238;72.730 -266.579;-998.069 58.829;61.465 -766.432,nan;nan;nan;nan;nan;nan;nan;nan;nan;nan;nan;nan;nan;nan;nan;nan;nan;nan;nan;nan;nan;nan;nan;nan;nan;nan;nan;nan;nan;nan;nan;nan;nan;nan;nan;nan;nan;nan;101088.549;102164.149;102216.181;102476.967;102476.967;102619.171;103304.138;103304.138;103304.138;103304.138;103417.490;103777.849;103799.767;103799.767;103799.767;103968.466;104229.258;104360.861;104360.861;104431.397;104431.397;104558.854;104558.854;104560.959;104615.707;104629.026;104629.026;104634.269;104634.597;104635.445;104639.828;104643.208;104644.185;104649.564;104650.748;104655.570;104660.634;104662.293;104662.871;104663.352;104664.762;104665.675;104666.658;104667.481;104667.965;104668.466;104668.772;104668.901;104668.927;104669.033;104669.134;104669.211;104669.270;104669.328;104669.348;104669.402;104669.431;104669.451;104669.461;104669.474;104669.482;104669.487;104888.371;104994.422;105018.729;105031.541;105039.670;105068.657;105069.031;105069.031;105069.031;105103.921;105132.619;105144.076;105150.351;105153.156;105153.156;105153.156;105153.156;105153.156;105153.156;105153.156;105153.156;105153.156;105153.156;105153.156;105153.156;105153.156;105153.156;105153.156;105153.156;105153.156;105153.156;105153.156;105153.156;105153.156;105153.156;105153.156;105153.156;105153.156;105153.156;105153.156;105153.156;105153.156;105153.156;105153.156;105153.156;105153.156;105153.156;105153.156;105153.156;105153.156;105153.156;105153.156;105153.156;105153.156;105153.156;105153.156;105153.156;105153.156;105153.156;105153.156;105153.156;105153.156;105153.156;105153.156;105153.156;105153.156;105153.156;105153.156;105153.156;105153.156;105153.156;105153.156;105268.180;105297.005;105312.318;105320.708;105322.906;105322.906;105322.906;105322.906;105322.906;105322.906;105322.906;105322.906;105322.906;105322.906;105322.906;105322.906;105322.906;105322.906;105322.906;105331.974;105342.373;105351.353;105352.468;105352.468;105352.468;105352.468;105371.059;105437.456
SSABV,2,1000,15,24,120030,random,120030,105746.38102038525,109730.67592026998,3984.294899884728,True,308.3961953463927,56.54752640600009,-615.373 788.201;-895.889 -442.038;832.665 -190.851;611.565 -526.128;478.439 -805.959;720.187 384.166;23.362 -997.087;-578.971 -814.000;-65.649 997.224;575.707 805.051;-232.351 -452.671;-551.788 -186.072;-713.647 236.095;545.258 130.182;-153.409 606.261,nan;nan;nan;nan;nan;nan;nan;nan;nan;nan;nan;nan;nan;nan;nan;nan;nan;nan;nan;nan;nan;nan;nan;nan;nan;nan;nan;nan;nan;nan;nan;nan;nan;nan;nan;nan;nan;nan;101577.683;101577.683;101577.683;102621.913;103504.916;103504.916;103859.251;103859.251;104045.850;104045.850;104610.776;105169.580;105169.580;105169.580;105169.580;105183.812;105183.812;105332.624;105350.013;105350.013;105426.312;105436.891;105443.962;105462.058;105472.929;105496.880;105517.152;105545.367;105559.986;105568.010;105577.124;105585.430;105595.917;105603.591;105609.570;105615.571;105618.765;105620.499;105622.588;105625.137;105627.515;105629.476;105630.675;105631.463;105632.357;105632.967;105633.371;105633.605;105633.807;105633.925;105634.083;105634.177;105634.271;105634.331;105634.396;105634.442;105634.472;105634.496;105634.509;105634.521;105634.530;105634.535;105672.474;105696.460;105700.928;105704.925;105708.043;105708.043;105708.043;105708.043;105708.043;105708.043;105712.797;105719.053;105723.912;105730.731;105737.022;105740.677;105743.685;105745.424;105746.381;105746.381;105746.381;105746.381;105746.381;105746.381;105746.381;105746.381;105746.381;105746.381;105746.381;105746.381;105746.381;105746.381;105746.381;105746.381;105746.381;105746.381;105746.381;105746.381;105746.381;105746.381;105746.381;105746.381;105746.381;105746.381;105746.381;105746.381;105746.381;105746.381;105746.381;105746.381;105746.381;105746.381;105746.381;105746.381;105746.381;105746.381;105746.381;105746.381;105746.381;105746.381;105746.381;105746.381;105746.381;105746.381;105746.381;105746.381;105746.381;105746.381;105746.381;105746.381;105746.381;105746.381;105746.381;105746.381;105746.381;105746.381;105746.381;105746.381;105746.381;105746.381;105746.381;105746.381;105746.381;105746.381;105746.381;105746.381;105746.381;105746.381;105746.381;105746.381;105746.381;105746.381;105746.381;105746.381;105746.381;105746.381;105746.381;105746.381;105746.381;105746.381
LXBV,2,1000,15,2,120030,random,120030,105802.78151297984,109730.67592026998,3927.894407290136,True,372.8655033830782,56.84035518600001,962.500 268.241;-93.358 544.823;132.422 -279.888;-904.095 -260.857;-866.129 110.071;-464.551 885.522;-218.376 -955.819;-141.231 -589.554;157.701 857.777;702.393 -711.034;661.819 748.638;600.343 94.315;-649.201 -739.967;824.932 -318.955;-776.465 554.864,nan;nan;nan;nan;nan;nan;nan;nan;nan;nan;nan;nan;nan;nan;nan;nan;nan;nan;nan;nan;nan;nan;nan;nan;nan;nan;nan;nan;nan;nan;nan;nan;102780.588;102780.588;102780.588;102780.588;103009.040;103009.040;103009.040;103308.151;103308.219;103308.219;103308.219;103395.880;103395.880;103395.880;103396.535;103398.427;103398.427;103427.860;103486.121;103488.661;103490.140;103491.063;103508.856;103728.868;103732.566;103773.224;103798.541;103805.193;103811.935;103845.577;103868.245;103871.347;103873.543;103882.708;103924.432;103938.893;103943.765;103947.520;103953.458;103956.100;103958.399;103960.320;103960.544;103963.117;103966.908;103968.932;103971.018;103975.391;103977.176;103977.656;103978.041;103978.539;103978.910;103979.311;103979.466;103979.644;103979.923;103980.126;103980.254;103980.290;103980.315;103980.344;103980.364;103980.371;103980.374;103980.377;103980.387;103980.391;104540.358;104759.587;104915.682;104929.448;105033.341;105036.891;105039.374;105039.374;105039.374;105039.374;105102.192;105132.987;105396.764;105533.499;105545.055;105558.633;105563.393;105568.253;105576.516;105578.666;105585.265;105589.850;105592.615;105592.615;105592.615;105592.615;105592.615;105592.615;105592.615;105592.615;105597.309;105600.566;105601.784;105601.784;105601.784;105601.784;105719.988;105756.377;105775.750;105785.113;105797.643;105802.782;105802.782;105802.782;105802.782;105802.782;105802.782;105802.782;105802.782;105802.782;105802.782;105802.782;105802.782;105802.782;105802.782;105802.782;105802.782;105802.782;105802.782;105802.782;105802.782;105802.782;105802.782;105802.782;105802.782;105802.782;105802.782;105802.782;105802.782;105802.782;105802.782;105802.782;105802.782;105802.782;105802.782;105802.782;105802.782;105802.782;105802.782;105802.782;105802.782;105802.782;105802.782;105802.782;105802.782;105802.782;105802.782;105802.782;105802.782;105802.782;105802.782;105802.782;105802.782;105802.782;105802.782;105802.782;105802.782;105802.782;105802.782;105802.782
LXBV,2,1000,15,10,120030,random,120030,106152.47834866119,109730.67592026998,3578.197571608791,True,308.0297961474583,56.881337495000025,918.917 380.205;892.686 -360.477;-943.750 118.671;211.862 125.274;217.653 -668.987;-641.503 723.069;-93.541 952.816;-1.502 -129.947;-598.356 -767.365;93.139 -951.562;-885.976 421.235;414.979 441.540;660.594 750.000;-252.553 515.544;-910.212 -366.324,nan;nan;nan;nan;nan;nan;nan;nan;nan;nan;99357.565;99357.565;99357.565;99414.315;100079.022;100079.022;100079.022;100079.022;100079.022;100079.022;100079.022;100079.022;100079.022;100079.022;100079.022;100079.022;100079.022;100079.022;100079.022;100079.022;100662.975;100703.152;100703.152;100703.152;100709.032;100709.571;100753.699;100753.699;101083.716;101316.967;101316.967;101481.866;101526.221;101816.276;101816.276;101817.444;102136.116;102502.597;102579.231;102599.512;102752.383;102785.513;102785.513;102788.185;102797.503;102803.694;102803.694;102803.694;102815.458;102821.541;102824.392;102871.984;102918.456;102969.905;102984.045;103009.699;103118.300;103163.366;103201.245;103219.798;103230.860;103246.685;103256.791;103266.286;103276.670;103286.380;103293.526;103299.389;103305.082;103312.549;103328.778;103331.517;103338.553;103341.651;103341.944;103342.704;103343.439;103351.719;103352.385;103354.928;103357.531;103357.700;103357.840;103362.396;103362.763;103362.892;103365.276;103365.412;103365.463;103366.965;103792.514;103869.980;103927.489;103946.624;103969.987;103989.250;104000.442;104198.371;104229.926;104239.497;104250.707;104256.799;104256.799;104256.799;104256.799;104325.260;104493.086;104573.073;104620.721;104646.775;104655.473;104662.352;104668.912;104678.789;104687.243;104693.863;104697.886;104701.555;104707.169;104707.169;104810.251;104931.336;104975.517;105018.389;105027.312;105034.871;105035.630;105035.630;105035.630;105035.630;105035.630;105035.630;105035.630;105035.630;105035.630;105035.630;105035.630;105067.156;105197.163;105237.608;105280.879;105297.478;105310.948;105318.788;105324.471;105416.256;105420.459;105420.459;105420.459;105420.459;105420.459;105420.459;105420.459;105420.459;105420.459;105420.459;105420.459;105420.459;105420.459;105420.459;105420.459;105420.459;105420.459;105420.459;105420.459;105420.459;105420.459;105420.459;105420.459;105420.459;105420.459;105420.459;105420.459;105420.459;105420.459;105420.459;105420.459;105420.459;105420.459;105420.459;105661.870;105985.871;106045.071;106139.750;106147.708;106151.513;106152.478;106152.478;106152.478;106152.478
LXBV,2,1000,15,18,120030,random,120030,105254.36485754391,109730.67592026998,4476.311062726061,True,343.7449749676207,57.88300876999995,695.258 659.706;-16.220 257.223;-734.311 678.354;950.068 -311.818;-237.625 -623.363;599.742 -133.347;244.601 687.699;-5.677 -996.875;-314.509 -62.256;43.320 -318.512;556.303 -828.515;-844.194 94.181;913.828 254.937;55.872 975.000;-394.398 806.675,nan;nan;nan;nan;nan;nan;nan;nan;nan;nan;nan;nan;nan;nan;nan;nan;nan;nan;nan;nan;100897.605;101714.354;102135.463;102135.463;102273.826;102273.826;102335.981;102335.981;102335.981;102335.981;102336.134;102716.301;102932.013;102932.013;102932.013;102933.805;102933.805;102933.805;102933.805;102936.241;102962.272;103053.775;103053.775;103403.662;103562.961;103807.768;103807.768;103902.351;103908.144;103927.967;103928.210;103928.210;103930.002;103930.666;103934.925;103939.291;103958.673;103959.959;104024.300;104063.923;104069.224;104071.996;104079.816;104108.892;104118.133;104121.909;104128.422;104128.444;104130.596;104140.493;104149.485;104153.803;104162.246;104163.207;104163.855;104165.075;104165.510;104165.927;104167.632;104168.990;104170.390;104171.501;104171.980;104172.247;104172.489;104172.800;104172.981;104173.055;104173.064;104173.067;104173.081;104173.087;104173.092;104173.111;104173.126;104173.140;104173.143;104173.145;104173.147;104173.148;104472.390;104525.319;104529.567;104536.461;104539.612;104539.612;104539.612;104539.612;104741.270;104789.214;104807.758;104818.738;104828.094;104830.542;104830.542;104830.542;104830.542;104830.542;104830.542;104830.542;104830.542;104830.542;104830.542;104830.542;104830.542;104830.542;104830.542;104830.542;104830.542;104830.542;104830.542;104830.542;104830.542;104830.542;104830.542;104830.542;104905.655;105036.597;105065.329;105134.117;105214.554;105227.281;105245.784;105252.005;105254.365;105254.365;105254.365;105254.365;105254.365;105254.365;105254.365;105254.365;105254.365;105254.365;105254.365;105254.365;105254.365;105254.365;105254.365;105254.365;105254.365;105254.365;105254.365;105254.365;105254.365;105254.365;105254.365;105254.365;105254.365;105254.365;105254.365;105254.365;105254.365;105254.365;105254.365;105254.365;105254.365;105254.365;105254.365;105254.365;105254.365;105254.365;105254.365;105254.365;105254.365;105254.365;105254.365;105254.365;105254.365;105254.365;105254.365;105254.365;105254.365;105254.365;105254.365;105254.365;105254.365;105254.365;105254.365;105254.365
LXBV,2,1000,15,26,120030,random,120030,105746.63993174945,109730.67592026998,3984.0359885205253,True,329.3057126417506,56.7388891789999,-87.289 -181.258;968.963 176.878;214.797 -549.387;-435.713 74.204;-796.201 -597.926;859.025 -290.533;-788.558 231.405;736.469 662.149;323.455 241.161;-726.895 618.966;373.515 921.815;-984.514 -139.771;-381.322 923.570;713.089 -585.736;406.405 -912.201,nan;nan;nan;nan;nan;nan;nan;nan;nan;nan;nan;nan;nan;nan;nan;nan;nan;nan;nan;nan;nan;nan;nan;nan;nan;103326.768;103390.028;103390.230;103547.642;103547.642;103547.642;103594.203;103594.203;103634.669;103634.669;103817.068;103862.364;103953.992;104064.868;104064.868;104117.914;104169.271;104217.865;104217.865;104219.825;104309.634;104309.634;104309.634;104309.654;104309.654;104342.756;104343.073;104345.897;104345.897;104360.476;104365.264;104372.846;104375.904;104379.697;104381.954;104391.202;104400.315;104410.121;104419.993;104433.485;104439.746;104469.000;104480.922;104494.826;104504.488;104510.709;104511.533;104514.560;104518.955;104521.494;104524.085;104526.269;104528.992;104531.307;104532.564;104533.273;104533.720;104533.978;104534.075;104534.281;104534.465;104534.611;104534.749;104534.816;104534.820;104534.825;104534.841;104534.853;104534.873;104534.909;104534.922;104534.937;104534.949;104534.953;104534.959;104950.573;104998.080;105004.429;105009.932;105009.993;105009.993;105009.993;105009.993;105065.045;105073.960;105085.499;105095.441;105101.387;105108.464;105108.464;105108.464;105108.464;105108.464;105108.464;105108.464;105108.464;105108.464;105108.464;105410.272;105475.829;105527.144;105563.024;105599.106;105611.716;105616.042;105616.042;105616.042;105616.042;105616.042;105616.042;105616.042;105616.042;105737.683;105744.974;105746.640;105746.640;105746.640;105746.640;105746.640;105746.640;105746.640;105746.640;105746.640;105746.640;105746.640;105746.640;105746.640;105746.640;105746.640;105746.640;105746.640;105746.640;105746.640;105746.640;105746.640;105746.640;105746.640;105746.640;105746.640;105746.640;105746.640;105746.640;105746.640;105746.640;105746.640;105746.640;105746.640;105746.640;105746.640;105746.640;105746.640;105746.640;105746.640;105746.640;105746.640;105746.640;105746.640;105746.640;105746.640;105746.640;105746.640;105746.640;105746.640;105746.640;105746.640;105746.640;105746.640;105746.640;105746.640;105746.640;105746.640;105746.640;105746.640;105746.640;105746.640
RSVNS,2,1000,15,4,120030,random,120030,105678.63941522231,109730.67592026998,4052.0365050476685,True,349.18827176768315,58.14023643999997,-813.630 -516.662;330.253 -514.952;962.740 17.957;652.787 756.606;470.966 202.773;450.345 -145.805;-991.385 -121.291;-326.827 -4.103;448.470 -891.371;-628.887 776.382;-187.399 -876.028;-926.368 341.927;317.650 646.123;-85.794 958.910;-498.963 428.501,nan;nan;nan;nan;nan;nan;nan;nan;nan;nan;nan;nan;nan;nan;nan;nan;nan;nan;nan;nan;nan;nan;nan;nan;nan;nan;nan;nan;nan;nan;nan;nan;nan;nan;nan;nan;nan;nan;nan;nan;nan;nan;nan;nan;nan;nan;nan;nan;nan;nan;nan;nan;nan;nan;nan;nan;nan;nan;nan;nan;nan;nan;nan;nan;nan;nan;nan;nan;nan;nan;nan;nan;nan;nan;nan;nan;nan;nan;nan;nan;nan;nan;nan;nan;nan;nan;nan;nan;nan;nan;nan;nan;nan;nan;nan;nan;nan;nan;nan;nan;102865.672;103645.310;104049.953;104199.200;104316.403;104380.355;104426.071;104440.568;104449.166;104457.856;104518.575;104519.085;104519.085;104519.085;104519.085;104519.085;104519.085;104519.085;104519.085;104519.085;104519.085;104519.085;104519.085;104519.085;104519.085;104519.085;104519.085;104519.085;104519.085;104519.085;104519.085;104519.085;104519.085;104519.085;104519.085;104519.085;104519.085;104519.085;104519.085;104519.085;104519.085;104519.085;104519.085;104519.085;104519.085;104519.085;104519.085;104519.085;104519.085;104519.085;104519.085;104519.085;104519.085;104519.085;104519.085;104519.085;104519.085;104519.085;104519.085;104519.085;104519.085;104519.085;104629.118;104789.014;104847.003;104857.915;104862.481;104865.207;104865.207;104865.207;104865.207;104865.207;104865.207;104865.207;104865.207;104865.207;104865.207;104865.207;104865.207;104865.207;104865.207;104865.207;105140.636;105400.577;105489.490;105528.087;105533.547;105544.466;105619.902;105678.466;105678.639;105678.639;105678.639;105678.639;105678.639;105678.639;105678.639;105678.639;105678.639;105678.639
RSVNS,2,1000,15,12,120030,random,120030,105582.64423000315,109730.67592026998,4148.031690266827,True,315.3371001411056,57.07924950500001,-898.263 -64.495;-105.831 140.863;209.351 -65.420;-872.094 249.754;824.666 -98.186;-872.128 -450.577;66.585 -996.156;-494.551 662.364;90.429 -396.713;-230.914 950.000;-420.911 -906.452;482.353 -829.721;258.848 459.641;912.551 392.952;434.768 900.000,nan;nan;nan;nan;nan;nan;nan;nan;nan;nan;nan;nan;nan;nan;nan;nan;nan;nan;nan;nan;nan;nan;nan;nan;nan;nan;nan;nan;nan;nan;nan;nan;nan;nan;nan;nan;nan;nan;nan;nan;nan;nan;nan;nan;nan;nan;nan;nan;nan;nan;nan;nan;nan;nan;nan;nan;nan;nan;nan;nan;nan;nan;nan;nan;nan;nan;nan;nan;nan;nan;nan;nan;nan;nan;nan;nan;nan;nan;nan;nan;nan;nan;nan;nan;nan;nan;nan;nan;nan;nan;nan;nan;nan;nan;nan;nan;nan;nan;nan;nan;104312.887;104548.687;104838.871;104995.365;105244.626;105261.544;105267.604;105281.593;105289.034;105292.654;105296.045;105297.988;105298.318;105298.318;105298.318;105298.318;105298.318;105298.318;105298.318;105298.318;105298.318;105298.318;105298.318;105298.318;105298.318;105298.318;105298.318;105298.318;105298.318;105298.318;105298.318;105298.318;105366.738;105453.071;105569.057;105579.579;105582.644;105582.644;105582.644;105582.644;105582.644;105582.644;105582.644;105582.644;105582.644;105582.644;105582.644;105582.644;105582.644;105582.644;105582.644;105582.644;105582.644;105582.644;105582.644;105582.644;105582.644;105582.644;105582.644;105582.644;105582.644;105582.644;105582.644;105582.644;105582.644;105582.644;105582.644;105582.644;105582.644;105582.644;105582.644;105582.644;105582.644;105582.644;105582.644;105582.644;105582.644;105582.644;105582.644;105582.644;105582.644;105582.644;105582.644;105582.644;105582.644;105582.644;105582.644;105582.644;105582.644;105582.644;105582.644;105582.644;105582.644;105582.644;105582.644;105582.644;105582.644;105582.644;105582.644;105582.644
RSVNS,2,1000,15,20,120030,random,120030,105804.1513860746,109730.67592026998,3926.5245341953705,True,337.75523647350644,57.75243720099991,-818.524 505.448;-455.118 -597.857;814.062 -580.223;739.441 246.683;-547.930 280.329;905.632 -177.627;-435.623 900.000;121.181 976.562;352.644 693.587;86.966 -388.166;-971.875 111.093;-304.160 -900.000;772.959 595.839;403.444 -900.000;-483.365 -180.251,nan;nan;nan;nan;nan;nan;nan;nan;nan;nan;nan;nan;nan;nan;nan;nan;nan;nan;nan;nan;nan;nan;nan;nan;nan;nan;nan;nan;nan;nan;nan;nan;nan;nan;nan;nan;nan;nan;nan;nan;nan;nan;nan;nan;nan;nan;nan;nan;nan;nan;nan;nan;nan;nan;nan;nan;nan;nan;nan;nan;nan;nan;nan;nan;nan;nan;nan;nan;nan;nan;nan;nan;nan;nan;nan;nan;nan;nan;nan;nan;nan;nan;nan;nan;nan;nan;nan;nan;nan;nan;nan;nan;nan;nan;nan;nan;nan;nan;nan;nan;103211.887;103835.052;104123.837;104247.702;104338.445;104378.267;104409.144;104440.481;104494.660;104515.607;104526.153;104541.917;104547.676;104559.560;104568.758;104570.844;104570.844;104570.844;104570.844;104570.844;104570.844;104624.171;104629.547;104632.616;104632.810;104845.548;105048.960;105099.568;105115.567;105143.346;105153.354;105161.960;105170.382;105176.845;105177.725;105177.725;105177.725;105374.181;105470.015;105507.806;105523.662;105534.030;105540.096;105540.096;105540.096;105540.096;105540.096;105540.096;105540.096;105540.096;105540.096;105540.096;105540.096;105540.096;105540.096;105540.096;105540.096;105540.096;105648.332;105705.652;105714.164;105729.744;105736.456;105742.757;105745.637;105745.637;105745.637;105745.637;105745.637;105745.637;105745.637;105745.637;105745.637;105745.637;105745.637;105745.637;105745.637;105745.637;105745.637;105745.637;105745.637;105745.637;105745.637;105745.637;105745.637;105745.637;105745.637;105745.637;105745.637;105745.637;105745.637;105745.637;105745.637;105745.637;105745.637;105762.690;105780.363;105791.941;105799.595;105804.116
RSVNS,2,1000,15,28,120030,random,120030,105659.68376491148,109730.67592026998,4070.992155358501,True,345.77278721261746,57.57932911199998,-993.750 21.651;-248.611 -34.208;6.229 907.812;493.662 -869.524;257.029 -198.565;-694.975 717.795;541.889 840.257;-138.976 496.867;717.422 501.215;-873.308 -477.084;589.159 -433.695;-450.446 -883.654;-679.405 -190.797;831.624 -39.347;50.895 -602.670,nan;nan;nan;nan;nan;nan;nan;nan;nan;nan;nan;nan;nan;nan;nan;nan;nan;nan;nan;nan;nan;nan;nan;nan;nan;nan;nan;nan;nan;nan;nan;nan;nan;nan;nan;nan;nan;nan;nan;nan;nan;nan;nan;nan;nan;nan;nan;nan;nan;nan;nan;nan;nan;nan;nan;nan;nan;nan;nan;nan;nan;nan;nan;nan;nan;nan;nan;nan;nan;nan;nan;nan;nan;nan;nan;nan;nan;nan;nan;nan;nan;nan;nan;nan;nan;nan;nan;nan;nan;nan;nan;nan;nan;nan;nan;nan;nan;nan;nan;nan;103567.671;103994.131;104135.389;104235.429;104290.614;104321.022;104336.757;104343.134;104348.573;104349.032;104400.436;104601.054;104668.925;104788.458;104817.826;104837.571;104856.174;104872.600;104882.044;104917.021;104922.916;104923.541;104923.541;104923.541;104923.541;104923.541;104923.541;104923.541;104923.541;104923.541;104923.541;104923.541;104923.541;104923.541;104923.541;104923.541;104923.541;104923.541;104923.541;104923.541;104923.541;104923.541;104923.541;104923.541;104923.541;104923.541;104923.541;105228.473;105342.577;105406.325;105421.723;105455.433;105462.562;105467.872;105467.872;105467.872;105467.872;105467.872;105555.470;105614.442;105632.534;105643.207;105649.906;105655.212;105659.684;105659.684;105659.684;105659.684;105659.684;105659.684;105659.684;105659.684;105659.684;105659.684;105659.684;105659.684;105659.684;105659.684;105659.684;105659.684;105659.684;105659.684;105659.684;105659.684;105659.684;105659.684;105659.684;105659.684;105659.684;105659.684;105659.684;105659.684;105659.684;105659.684;105659.684;105659.684;105659.684;105659.684;105659.684;105659.684
BVNS,2,1000,15,6,120030,random,120030,104948.60070459484,109730.67592026998,4782.0752156751405,True,332.0699788541451,55.16798987000004,-600.146 55.175;370.690 -137.647;-70.831 581.076;-869.426 494.061;-277.658 -101.268;41.952 997.994;-411.827 328.682;-994.714 -99.551;637.426 769.615;299.011 330.092;-99.400 -632.940;731.898 308.213;-641.661 766.298;942.281 -331.716;365.063 -930.803,nan;99574.381;101117.625;102360.331;102966.274;103113.981;103143.060;103168.724;103184.937;103199.517;103216.553;103226.082;103239.226;103258.926;103275.212;103290.460;103302.261;103314.271;103325.102;103339.392;103361.701;103366.708;103373.212;103376.698;103383.757;103395.829;103406.833;103411.472;103418.424;103427.246;103434.666;103444.276;103444.958;103444.958;103965.843;104351.508;104444.605;104550.494;104661.015;104683.825;104690.141;104920.339;104933.932;104940.858;104946.907;104948.601;104948.601;104948.601;104948.601;104948.601;104948.601;104948.601;104948.601;104948.601;104948.601;104948.601;104948.601;104948.601;104948.601;104948.601;104948.601;104948.601;104948.601;104948.601;104948.601;104948.601;104948.601;104948.601;104948.601;104948.601;104948.601;104948.601;104948.601;104948.601;104948.601;104948.601;104948.601;104948.601;104948.601;104948.601;104948.601;104948.601;104948.601;104948.601;104948.601;104948.601;104948.601;104948.601;104948.601;104948.601;104948.601;104948.601;104948.601;104948.601;104948.601;104948.601;104948.601;104948.601;104948.601;104948.601;104948.601;104948.601;104948.601;104948.601;104948.601;104948.601;104948.601;104948.601;104948.601;104948.601;104948.601;104948.601;104948.601;104948.601;104948.601;104948.601;104948.601;104948.601;104948.601;104948.601;104948.601;104948.601;104948.601;104948.601;104948.601;104948.601;104948.601;104948.601;104948.601;104948.601;104948.601;104948.601;104948.601;104948.601;104948.601;104948.601;104948.601;104948.601;104948.601;104948.601;104948.601;104948.601;104948.601;104948.601;104948.601;104948.601;104948.601;104948.601;104948.601;104948.601;104948.601;104948.601;104948.601;104948.601;104948.601;104948.601;104948.601;104948.601;104948.601;104948.601;104948.601;104948.601;104948.601;104948.601;104948.601;104948.601;104948.601;104948.601;104948.601;104948.601;104948.601;104948.601;104948.601;104948.601;104948.601;104948.601;104948.601;104948.601;104948.601;104948.601;104948.601;104948.601;104948.601;104948.601;104948.601;104948.601;104948.601;104948.601;104948.601;104948.601;104948.601;104948.601;104948.601;104948.601;104948.601;104948.601;104948.601;104948.601;104948.601;104948.601
BVNS,2,1000,15,14,120030,random,120030,104543.66491405171,109730.67592026998,5187.011006218265,True,321.092894403627,53.916805907000025,51.349 164.500;4.378 -631.538;-918.139 342.951;-472.343 820.580;689.750 51.610;-245.959 303.202;-917.188 -379.846;979.710 -196.853;418.964 -378.699;-174.819 959.375;-355.692 -934.442;425.592 815.429;-201.222 639.369;314.008 470.097;912.500 406.611,nan;nan;nan;99995.839;101064.248;101399.809;101454.474;101495.996;101511.083;101525.647;101543.450;101557.467;101564.450;101571.572;101577.705;101577.705;102317.424;102734.643;102940.996;103046.779;103106.028;103167.690;103268.525;103288.622;103301.682;103310.888;103320.890;103327.668;103340.289;103340.289;103340.289;103615.777;103769.990;103881.988;104071.613;104108.651;104146.287;104163.509;104180.808;104331.160;104413.778;104427.695;104437.450;104496.972;104496.972;104496.972;104496.972;104496.972;104496.972;104496.972;104496.972;104496.972;104496.972;104496.972;104496.972;104496.972;104496.972;104496.972;104496.972;104496.972;104496.972;104496.972;104496.972;104496.972;104496.972;104496.972;104496.972;104496.972;104496.972;104496.972;104496.972;104496.972;104496.972;104496.972;104496.972;104496.972;104496.972;104496.972;104496.972;104496.972;104496.972;104496.972;104496.972;104496.972;104496.972;104496.972;104496.972;104496.972;104496.972;104496.972;104496.972;104496.972;104496.972;104496.972;104496.972;104496.972;104496.972;104496.972;104496.972;104496.972;104496.972;104496.972;104496.972;104496.972;104496.972;104496.972;104496.972;104496.972;104496.972;104496.972;104496.972;104496.972;104496.972;104496.972;104496.972;104496.972;104496.972;104496.972;104496.972;104496.972;104496.972;104496.972;104496.972;104496.972;104496.972;104499.693;104539.203;104543.195;104543.665;104543.665;104543.665;104543.665;104543.665;104543.665;104543.665;104543.665;104543.665;104543.665;104543.665;104543.665;104543.665;104543.665;104543.665;104543.665;104543.665;104543.665;104543.665;104543.665;104543.665;104543.665;104543.665;104543.665;104543.665;104543.665;104543.665;104543.665;104543.665;104543.665;104543.665;104543.665;104543.665;104543.665;104543.665;104543.665;104543.665;104543.665;104543.665;104543.665;104543.665;104543.665;104543.665;104543.665;104543.665;104543.665;104543.665;104543.665;104543.665;104543.665;104543.665;104543.665;104543.665;104543.665;104543.665;104543.665;104543.665;104543.665;104543.665;104543.665;104543.665;104543.665;104543.665;104543.665;104543.665;104543.665;104543.665;104543.665;104543.665;104543.665;104543.665;104543.665
BVNS,2,1000,15,22,120030,random,120030,105837.9470947516,109730.67592026998,3892.728825518381,True,324.967714705211,55.122745829999985,796.220 -530.875;249.740 -391.733;-489.548 -337.247;-633.469 -628.607;959.880 -204.213;-318.352 -881.066;-967.346 -180.570;-379.847 923.890;-431.007 133.726;-599.204 461.619;928.764 286.095;484.573 -874.729;-253.306 573.312;-954.662 292.827;358.228 925.694,nan;100788.232;102374.444;102716.276;103263.176;103477.272;103550.973;103600.788;103623.919;103636.719;103645.269;103678.296;103799.065;104200.776;104282.826;104339.873;104358.423;104371.522;104385.508;104399.808;104407.190;104413.860;104421.873;104428.982;104439.799;104444.814;104445.476;104445.476;104471.628;104619.340;104687.303;104715.674;104742.150;104757.395;104772.617;104784.832;104794.338;104801.575;104803.590;104803.590;104803.590;105064.208;105325.938;105586.185;105601.861;105618.109;105627.741;105635.713;105643.539;105650.912;105655.642;105655.642;105655.642;105655.642;105786.209;105794.271;105805.570;105810.906;105819.594;105824.767;105830.209;105833.326;105835.837;105837.947;105837.947;105837.947;105837.947;105837.947;105837.947;105837.947;105837.947;105837.947;105837.947;105837.947;105837.947;105837.947;105837.947;105837.947;105837.947;105837.947;105837.947;105837.947;105837.947;105837.947;105837.947;105837.947;105837.947;105837.947;105837.947;105837.947;105837.947;105837.947;105837.947;105837.947;105837.947;105837.947;105837.947;105837.947;105837.947;105837.947;105837.947;105837.947;105837.947;105837.947;105837.947;105837.947;105837.947;105837.947;105837.947;105837.947;105837.947;105837.947;105837.947;105837.947;105837.947;105837.947;105837.947;105837.947;105837.947;105837.947;105837.947;105837.947;105837.947;105837.947;105837.947;105837.947;105837.947;105837.947;105837.947;105837.947;105837.947;105837.947;105837.947;105837.947;105837.947;105837.947;105837.947;105837.947;105837.947;105837.947;105837.947;105837.947;105837.947;105837.947;105837.947;105837.947;105837.947;105837.947;105837.947;105837.947;105837.947;105837.947;105837.947;105837.947;105837.947;105837.947;105837.947;105837.947;105837.947;105837.947;105837.947;105837.947;105837.947;105837.947;105837.947;105837.947;105837.947;105837.947;105837.947;105837.947;105837.947;105837.947;105837.947;105837.947;105837.947;105837.947;105837.947;105837.947;105837.947;105837.947;105837.947;105837.947;105837.947;105837.947;105837.947;105837.947;105837.947;105837.947;105837.947;105837.947;105837.947;105837.947;105837.947;105837.947;105837.947;105837.947;105837.947;105837.947;105837.947;105837.947
BVNS,2,1000,15,30,120030,random,120030,105107.56647742221,109730.67592026998,4623.109442847766,True,311.29692691602804,54.69937058100004,984.375 -168.160;307.911 -464.143;-821.093 2.751;-706.910 -355.546;53.457 87.611;-956.218 289.818;-396.609 846.034;499.085 857.812;834.210 -551.371;672.075 -10.441;439.284 552.313;-591.131 -718.640;-499.485 542.669;-134.034 -181.300;948.803 315.075,nan;nan;nan;102345.965;103160.775;103462.516;103623.967;103650.236;103679.532;103695.928;103702.736;103704.659;103704.659;103704.659;104154.311;104549.506;104608.682;104747.505;104757.954;104768.105;104775.024;104781.204;104798.190;104799.714;104799.714;104799.714;104799.714;104799.714;104799.714;104799.714;104799.714;104799.714;104799.714;104799.714;104799.714;104799.714;104799.714;104799.714;104799.714;104799.714;104799.714;104799.714;104799.714;104799.714;104799.714;104799.714;104799.714;104799.714;104799.714;104799.714;104799.714;104799.714;104799.714;104799.714;104799.714;104799.714;104799.714;104799.714;104799.714;104799.714;104799.714;104799.714;104799.714;104799.714;104799.714;104799.714;104799.714;104799.714;104799.714;104799.714;104799.714;104799.714;104799.714;104799.714;104799.714;104799.714;104799.714;104799.714;104799.714;104799.714;104799.714;104799.714;104799.714;104799.714;104799.714;104799.714;104799.714;104799.714;104799.714;104799.714;104799.714;104799.714;104799.714;104799.714;104799.714;104799.714;104799.714;104799.714;104799.714;104799.714;104799.714;104799.714;104812.159;104838.773;104850.598;104882.204;104886.702;104894.564;104896.376;104896.670;104896.670;104896.670;104896.670;104896.670;104896.670;104896.670;104896.670;104896.670;104896.670;104896.670;104896.670;104896.670;104927.180;105036.980;105075.535;105093.701;105100.228;105106.071;105107.566;105107.566;105107.566;105107.566;105107.566;105107.566;105107.566;105107.566;105107.566;105107.566;105107.566;105107.566;105107.566;105107.566;105107.566;105107.566;105107.566;105107.566;105107.566;105107.566;105107.566;105107.566;105107.566;105107.566;105107.566;105107.566;105107.566;105107.566;105107.566;105107.566;105107.566;105107.566;105107.566;105107.566;105107.566;105107.566;105107.566;105107.566;105107.566;105107.566;105107.566;105107.566;105107.566;105107.566;105107.566;105107.566;105107.566;105107.566;105107.566;105107.566;105107.566;105107.566;105107.566;105107.566;105107.566;105107.566;105107.566;105107.566;105107.566;105107.566;105107.566;105107.566;105107.566;105107.566;105107.566;105107.566;105107.566;105107.566;105107.566;105107.566;105107.566;105107.566
SSA,2,1000,15,8,120030,random,120030,102265.544834419,109730.67592026998,7465.131085850982,True,339.7768518972659,59.149382410000044,-273.179 129.342;171.893 -445.421;785.630 -618.696;966.709 255.878;21.729 -828.471;-306.133 -253.553;-818.479 -165.898;86.810 289.782;-236.092 501.861;617.547 -240.207;-677.404 309.570;389.080 38.570;63.119 -114.970;372.274 551.501;824.734 564.571,nan;nan;nan;nan;nan;nan;nan;nan;nan;nan;nan;nan;nan;nan;nan;nan;nan;nan;nan;nan;nan;nan;nan;nan;nan;nan;nan;nan;nan;nan;nan;nan;nan;nan;nan;nan;nan;nan;nan;nan;nan;nan;nan;nan;nan;nan;nan;nan;nan;nan;nan;nan;nan;nan;nan;nan;nan;nan;nan;nan;nan;nan;nan;nan;nan;100404.815;100404.815;100404.815;100404.815;100404.815;100404.815;100404.815;100404.815;100404.815;100404.815;100404.815;100404.815;100404.815;100404.815;100404.815;100404.815;100404.815;100404.815;100404.815;100404.815;100404.815;100404.815;100404.815;100404.815;100404.815;100404.815;100921.379;100921.379;100921.379;100921.379;100921.379;100962.590;101243.999;101243.999;101243.999;101243.999;101243.999;101243.999;101358.652;101358.652;101358.652;101358.652;101358.652;101358.652;101358.652;101358.652;101358.652;101358.652;101358.652;101652.337;101652.337;101652.337;101717.962;101756.897;101756.897;101756.897;101874.943;101884.753;101961.617;101983.772;101993.348;102028.244;102056.491;102092.381;102104.634;102128.699;102148.661;102148.661;102162.932;102177.734;102200.736;102223.129;102225.005;102228.414;102237.834;102244.897;102245.555;102246.342;102246.449;102246.780;102248.151;102248.583;102248.583;102248.614;102249.724;102251.998;102253.032;102253.773;102256.558;102257.363;102257.976;102258.062;102258.431;102260.297;102261.501;102261.812;102262.328;102262.779;102263.221;102263.704;102263.890;102264.072;102264.109;102264.116;102264.253;102264.373;102264.700;102264.919;102265.084;102265.121;102265.145;102265.145;102265.145;102265.169;102265.264;102265.302;102265.330;102265.372;102265.407;102265.423;102265.430;102265.430;102265.439;102265.462;102265.477;102265.498;102265.517;102265.521;102265.524;102265.530;102265.532;102265.535;102265.539;102265.540;102265.544
SSA,2,1000,15,16,120030,random,120030,105181.59657798235,109730.67592026998,4549.07934228763,True,345.9965245780417,59.675547800000004,278.781 352.595;-326.607 945.160;344.913 -920.704;345.079 -209.393;-720.821 -510.222;199.809 -523.415;-419.258 -850.259;776.755 -478.170;-124.986 167.053;956.846 -98.180;399.244 850.713;678.861 480.245;-978.559 157.622;-772.989 633.132;-391.663 -135.156,nan;nan;nan;nan;nan;nan;nan;nan;nan;nan;nan;nan;nan;nan;nan;nan;nan;nan;nan;nan;nan;nan;nan;nan;nan;nan;nan;nan;nan;nan;nan;nan;nan;nan;nan;nan;nan;nan;nan;nan;nan;nan;nan;nan;nan;nan;nan;nan;nan;nan;nan;nan;nan;nan;nan;nan;nan;nan;nan;nan;nan;nan;nan;nan;nan;nan;nan;nan;nan;nan;nan;nan;nan;nan;101388.912;102111.741;102111.741;102111.741;102111.741;102111.741;102111.741;102460.540;102460.540;103041.020;103346.400;103753.112;103753.112;103753.112;103753.112;103753.112;103755.443;103887.747;103887.747;103887.747;103887.747;104100.041;104178.910;104178.910;104178.910;104178.910;104178.910;104278.573;104427.949;104427.949;104427.949;104513.430;104513.430;104513.430;104513.430;104513.430;104513.430;104547.508;104549.755;104549.755;104549.755;104561.562;104610.823;104610.823;104669.786;104669.786;104672.040;104676.610;104685.164;104719.253;104750.074;104902.476;104902.476;104902.476;104971.469;105001.179;105007.804;105021.497;105036.244;105042.818;105046.250;105047.602;105056.041;105064.189;105084.482;105092.177;105100.382;105107.650;105112.909;105117.966;105120.653;105123.888;105126.640;105131.727;105136.292;105138.769;105157.368;105158.907;105160.448;105170.445;105172.105;105172.862;105173.790;105174.439;105175.031;105176.591;105177.616;105178.402;105178.860;105179.142;105179.351;105179.687;105179.901;105180.365;105180.462;105180.503;105180.529;105180.600;105180.692;105180.734;105180.938;105181.108;105181.243;105181.322;105181.357;105181.383;105181.410;105181.418;105181.419;105181.445;105181.482;105181.498;105181.499;105181.508;105181.522;105181.537;105181.546;105181.554;105181.562;105181.569;105181.573;105181.575;105181.585;105181.589;105181.592;105181.597
SSA,2,1000,15,24,120030,random,120030,104355.92320215513,109730.67592026998,5374.752718114847,True,332.40896505040456,59.664554152999926,-290.469 -365.250;-656.905 398.075;8.751 141.155;957.714 27.369;748.243 -659.777;104.159 911.739;376.884 320.629;-578.192 -679.033;-361.497 -931.103;-893.742 -448.581;199.324 -979.933;441.463 -121.068;370.844 -583.182;-393.759 752.734;-593.991 -37.959,nan;nan;nan;nan;nan;nan;nan;nan;nan;nan;nan;nan;nan;nan;nan;nan;nan;nan;nan;nan;nan;nan;nan;nan;nan;nan;nan;nan;nan;nan;nan;nan;nan;nan;nan;nan;nan;nan;nan;nan;nan;nan;nan;nan;nan;nan;nan;nan;nan;nan;nan;nan;nan;nan;nan;nan;nan;nan;nan;nan;nan;nan;nan;nan;nan;nan;nan;nan;nan;100819.533;100819.533;100819.533;100819.533;101387.172;101387.172;101387.172;102341.706;102341.706;102341.706;102341.706;102341.706;102341.706;102341.706;102341.706;102341.706;102341.706;102341.706;102341.706;102341.706;102341.706;102341.706;102375.906;102984.930;103436.019;103436.019;103436.019;103638.017;103638.017;103638.017;103638.017;103638.017;103638.017;103638.017;103638.017;103638.017;103638.017;103638.017;103638.017;103724.351;103755.854;103755.854;103755.854;103755.854;103774.458;103774.458;103799.120;103820.426;103820.426;103933.621;103970.225;103970.225;103970.225;103984.030;104003.433;104036.044;104047.700;104102.886;104166.591;104184.176;104199.271;104213.222;104220.430;104236.345;104245.687;104251.352;104257.355;104283.137;104289.934;104296.220;104302.615;104308.748;104310.820;104315.794;104321.859;104326.124;104330.761;104333.226;104335.177;104337.821;104339.779;104341.393;104344.431;104347.373;104348.714;104349.894;104350.192;104351.517;104352.466;104353.366;104353.823;104353.924;104354.123;104354.123;104354.521;104354.521;104354.725;104354.870;104355.090;104355.096;104355.213;104355.305;104355.398;104355.484;104355.572;104355.615;104355.658;104355.683;104355.693;104355.717;104355.739;104355.774;104355.790;104355.826;104355.835;104355.850;104355.852;104355.852;104355.872;104355.874;104355.877;104355.885;104355.895;104355.901;104355.908;104355.908;104355.911;104355.911;104355.913;104355.918;104355.923
LXSSA,2,1000,15,2,120030,random,120030,104778.46266235327,109730.67592026998,4952.213257916708,True,338.15726129312634,57.53892925699995,874.531 484.969;112.855 484.341;176.283 45.046;-879.317 -307.020;-914.918 343.970;-419.657 776.616;-411.337 -911.483;-67.613 -527.559;68.773 929.309;430.690 -696.507;461.404 351.368;847.885 -67.157;-697.677 -604.071;604.557 -337.612;-763.188 646.176,nan;nan;nan;nan;nan;nan;nan;nan;101137.440;101137.440;101137.440;101137.440;102590.550;102594.413;102594.413;102594.413;102594.413;102594.413;102594.413;102603.187;102859.784;102859.784;102916.151;102916.151;102916.151;102916.151;102916.151;102920.212;102920.212;102920.212;102920.212;102920.212;102922.311;103159.903;103159.903;103159.903;103159.903;103159.903;103280.509;103280.509;103280.509;103396.064;103396.064;103396.064;103410.633;103410.633;103784.465;103786.314;103789.525;103789.525;103949.127;103949.127;103949.127;103949.127;103949.127;103949.127;103949.127;103949.127;103949.127;103949.127;104006.602;104006.602;104006.602;104007.898;104007.898;104007.898;104007.898;104007.898;104007.898;104007.898;104007.898;104007.898;104007.898;104007.898;104008.493;104008.493;104008.493;104008.493;104008.493;104008.493;104008.572;104008.572;104008.572;104008.572;104008.572;104008.572;104008.572;104010.114;104010.114;104017.792;104021.393;104021.431;104022.800;104027.906;104027.906;104027.906;104028.081;104028.081;104028.081;104254.051;104280.169;104523.138;104523.934;104525.206;104525.345;104527.322;104527.322;104534.204;104534.871;104541.003;104541.118;104590.842;104592.592;104598.136;104600.251;104600.273;104602.551;104602.804;104628.405;104629.279;104642.566;104682.048;104686.635;104693.511;104703.141;104704.535;104708.480;104710.431;104715.241;104719.174;104719.315;104723.955;104724.920;104732.528;104742.518;104745.197;104747.844;104749.066;104754.628;104761.179;104764.401;104766.021;104770.642;104771.665;104772.723;104772.733;104772.760;104772.852;104773.115;104773.173;104774.099;104774.491;104774.724;104775.197;104775.435;104775.826;104776.382;104776.774;104776.774;104776.780;104776.824;104777.155;104777.233;104777.613;104777.676;104777.722;104777.756;104777.893;104777.941;104778.008;104778.068;104778.102;104778.182;104778.228;104778.252;104778.309;104778.332;104778.352;104778.366;104778.387;104778.394;104778.403;104778.428;104778.436;104778.437;104778.437;104778.438;104778.440;104778.443;104778.450;104778.453;104778.453;104778.457;104778.460;104778.461;104778.461;104778.462;104778.462;104778.463;104778.463
LXSSA,2,1000,15,10,120030,random,120030,103158.41266089995,109730.67592026998,6572.2632593700255,True,314.1585850413921,57.713769619999994,855.549 329.047;626.048 -164.505;-965.136 -261.748;226.428 -33.192;251.081 -466.357;-372.318 713.906;14.673 987.554;-36.105 -265.252;19.085 -802.957;-369.776 -929.109;-737.540 640.815;204.721 280.216;226.570 656.020;-146.314 351.465;-356.736 -412.863,nan;nan;nan;nan;nan;nan;nan;nan;nan;nan;99451.686;99451.686;99451.686;100013.618;100013.618;100013.618;100013.618;100013.618;100013.618;100013.618;100013.618;100228.171;100228.171;100228.171;100228.171;100228.171;100678.941;100678.941;100923.330;100923.330;100923.330;100923.330;100923.330;100923.330;100923.330;100923.330;100923.330;100923.330;101331.856;101331.856;101331.856;101331.856;101331.856;101402.495;101402.495;101488.623;101488.623;101488.623;101488.623;101488.623;101488.623;101488.794;101488.794;101607.348;102032.841;102032.841;102046.072;102046.072;102046.072;102046.072;102046.089;102129.625;102129.625;102129.625;102129.625;102255.426;102255.426;102255.426;102255.426;102255.426;102255.426;102255.426;102255.426;102255.426;102255.426;102349.321;102349.321;102349.321;102349.321;102349.350;102349.350;102349.350;102349.350;102349.350;102349.350;102349.350;102349.350;102350.950;102352.173;102352.173;102352.173;102355.216;102358.776;102477.895;102479.102;102479.202;102485.071;102496.988;102496.988;102496.988;102497.007;102502.012;102647.000;102680.056;102766.885;102767.383;102768.257;102768.257;102768.539;102768.750;102771.664;102775.206;102786.015;102796.452;102799.863;102803.095;102804.967;102807.001;102807.246;102808.408;102808.408;102810.505;102810.793;102814.617;102843.726;102848.419;102862.315;102887.552;102892.311;102897.676;102905.396;102912.396;102913.160;102918.963;102927.757;102936.302;102946.076;102952.440;102957.395;102959.182;102961.297;102968.433;102985.910;102991.863;103001.723;103016.205;103037.643;103080.487;103108.641;103113.572;103118.791;103120.019;103121.531;103122.437;103124.814;103127.499;103127.527;103127.787;103139.276;103141.509;103142.875;103143.964;103144.651;103145.746;103153.218;103153.937;103155.114;103155.497;103155.928;103156.105;103156.318;103156.759;103157.021;103157.110;103157.326;103157.419;103157.428;103157.556;103157.616;103157.705;103157.818;103157.871;103157.940;103158.040;103158.128;103158.174;103158.201;103158.212;103158.228;103158.239;103158.254;103158.255;103158.264;103158.269;103158.279;103158.282;103158.325;103158.381;103158.406;103158.413
LXSSA,2,1000,15,18,120030,random,120030,104155.54750521448,109730.67592026998,5575.1284150555,True,314.06301084365566,59.107910705999984,611.846 562.188;-12.253 324.109;-384.378 555.008;716.831 -327.610;-396.272 -611.613;538.144 36.819;7.714 676.437;-2.951 -955.936;-284.637 29.150;326.904 -203.473;316.766 -799.654;-642.752 260.470;936.869 281.210;186.501 934.644;-411.011 874.160,nan;nan;nan;nan;nan;101487.210;101487.210;101487.210;101487.210;101758.007;101758.007;101758.007;101758.007;101758.007;101990.541;101990.541;101990.541;101990.541;101990.541;101990.541;102132.177;102132.177;102132.177;102132.177;102132.177;102132.177;102132.177;102132.177;102132.177;102132.177;102132.177;102480.494;102505.622;102505.622;102505.622;102505.622;102505.622;102505.622;102505.622;102505.622;102505.622;102505.622;102505.622;102505.622;102505.622;102505.622;102505.622;102506.645;102506.645;102506.645;102506.645;102506.645;102506.645;102506.645;102644.775;102781.402;102781.402;102781.402;102781.402;102781.402;102782.428;102782.428;102791.119;102791.119;102791.119;102935.936;102935.936;102935.936;102935.936;102935.936;102935.936;102935.936;102937.785;102937.785;102966.075;102966.075;102966.075;102966.075;102966.075;103007.448;103007.448;103007.941;103007.941;103007.941;103007.941;103008.857;103008.857;103008.857;103009.429;103015.560;103049.914;103050.940;103052.115;103139.939;103149.764;103149.764;103149.764;103149.764;103151.280;103214.630;103248.595;103248.707;103248.707;103250.932;103254.212;103254.212;103264.086;103410.384;103411.058;103420.546;103420.546;103433.298;103494.159;103503.864;103513.229;103515.204;103518.562;103521.820;103522.523;103525.115;103542.093;103564.118;103582.247;103596.116;103722.317;103724.369;103731.361;103841.072;103846.490;103848.780;103880.300;103892.542;103902.368;103908.564;103916.203;103927.055;103934.830;103943.579;103950.009;103965.532;103971.770;103981.908;103989.358;104046.071;104054.484;104063.092;104073.180;104079.616;104084.270;104107.081;104111.012;104116.095;104117.579;104119.022;104122.437;104124.676;104125.818;104127.463;104130.179;104131.738;104133.016;104133.540;104135.361;104137.133;104138.835;104140.128;104141.296;104141.937;104142.914;104143.445;104148.977;104149.813;104150.423;104151.457;104151.913;104152.228;104152.588;104152.918;104153.697;104153.921;104154.104;104154.267;104154.371;104154.451;104154.538;104154.603;104154.901;104155.011;104155.098;104155.143;104155.163;104155.193;104155.262;104155.277;104155.340;104155.359;104155.399;104155.422;104155.527;104155.548
LXSSA,2,1000,15,26,120030,random,120030,101818.71499033089,109730.67592026998,7911.960929939087,True,310.28455460558047,60.218326004000005,-552.523 -530.725;831.741 -493.940;-24.053 -433.783;-172.209 574.392;188.787 -685.196;428.559 -14.047;-242.348 -107.101;799.019 216.117;999.791 -20.457;120.996 428.334;492.531 489.487;-455.897 728.049;7.914 114.049;531.788 -309.254;547.211 -802.420,nan;nan;nan;nan;nan;nan;nan;nan;nan;nan;nan;nan;nan;nan;nan;nan;nan;nan;nan;nan;nan;nan;nan;nan;nan;nan;nan;nan;nan;nan;nan;nan;nan;nan;nan;nan;nan;nan;nan;nan;nan;nan;nan;nan;nan;nan;nan;nan;nan;nan;nan;98384.519;98384.519;98544.131;98544.131;98544.131;98890.317;98890.317;98890.317;98890.317;98890.317;98890.317;98890.317;98890.317;98890.317;98890.317;98890.317;98890.317;98890.317;98890.317;98890.317;98999.339;98999.339;99145.899;99145.899;99148.080;99148.080;99148.080;100055.715;100731.187;100731.187;100731.448;100731.448;100790.026;100790.026;100790.026;100834.403;100834.403;100855.553;101026.219;101083.876;101084.506;101085.265;101085.265;101085.909;101087.807;101087.807;101093.456;101096.596;101105.594;101280.231;101280.321;101280.726;101376.555;101377.472;101378.636;101379.976;101379.976;101380.824;101380.824;101380.839;101382.066;101453.291;101460.349;101464.046;101544.840;101545.314;101573.551;101575.687;101607.666;101632.895;101637.258;101639.427;101642.799;101643.513;101661.325;101668.487;101700.456;101716.456;101717.155;101718.224;101719.935;101720.404;101724.122;101728.642;101736.745;101746.838;101750.089;101756.461;101759.639;101760.240;101761.716;101765.545;101770.781;101775.337;101782.572;101788.994;101791.633;101794.345;101797.753;101799.292;101801.683;101802.845;101803.920;101804.884;101805.154;101805.536;101806.139;101806.378;101806.712;101807.895;101809.340;101810.827;101811.573;101812.540;101813.548;101814.186;101814.772;101815.350;101815.933;101816.418;101816.815;101817.087;101817.203;101817.352;101817.468;101817.592;101817.663;101817.814;101818.005;101818.034;101818.082;101818.125;101818.215;101818.292;101818.341;101818.385;101818.435;101818.466;101818.495;101818.536;101818.554;101818.582;101818.594;101818.618;101818.662;101818.684;101818.696;101818.705;101818.715
PSOC,2,1000,15,4,120030,random,120030,105407.7717984204,109730.67592026998,4322.9041218495695,True,321.94946811025426,58.33918138800004,55.970 897.617;-261.286 -514.714;389.206 -282.208;165.971 436.948;-545.101 243.427;-117.816 102.827;375.839 -729.369;-711.998 685.377;730.173 -497.682;-904.903 -146.744;718.199 77.274;-397.651 -223.070;-34.423 -999.407;993.116 -116.945;926.682 375.845,nan;nan;102098.730;103021.556;103173.463;103358.521;103978.238;104216.577;104357.162;104463.429;104514.678;104725.837;104857.632;104883.055;104902.599;104910.029;104912.843;104915.126;104916.540;104921.763;104929.923;104931.936;104941.259;104981.364;104991.809;105000.483;105007.934;105068.636;105102.911;105103.732;105118.259;105123.271;105131.292;105148.088;105203.839;105208.849;105218.596;105224.935;105225.292;105228.582;105236.589;105254.551;105257.239;105360.752;105364.540;105369.220;105371.900;105375.080;105376.390;105379.257;105380.879;105383.699;105386.478;105387.789;105388.152;105388.372;105391.936;105393.302;105394.027;105394.175;105394.739;105395.668;105396.752;105397.310;105397.732;105398.425;105398.929;105398.981;105399.057;105399.234;105399.495;105399.813;105399.936;105400.130;105400.188;105400.247;105400.305;105400.358;105400.399;105400.431;105400.565;105400.580;105400.601;105400.608;105400.863;105401.123;105401.201;105404.553;105406.887;105406.998;105407.163;105407.223;105407.231;105407.237;105407.246;105407.262;105407.270;105407.275;105407.292;105407.306;105407.316;105407.327;105407.335;105407.341;105407.342;105407.345;105407.347;105407.347;105407.347;105407.347;105407.347;105407.357;105407.574;105407.579;105407.582;105407.584;105407.587;105407.588;105407.589;105407.590;105407.614;105407.669;105407.672;105407.675;105407.675;105407.676;105407.677;105407.678;105407.679;105407.679;105407.679;105407.681;105407.697;105407.698;105407.699;105407.706;105407.706;105407.707;105407.707;105407.707;105407.708;105407.708;105407.708;105407.722;105407.723;105407.723;105407.723;105407.723;105407.738;105407.738;105407.738;105407.738;105407.738;105407.739;105407.739;105407.739;105407.745;105407.758;105407.758;105407.758;105407.758;105407.758;105407.758;105407.758;105407.766;105407.767;105407.767;105407.768;105407.768;105407.768;105407.769;105407.769;105407.769;105407.770;105407.770;105407.770;105407.770;105407.770;105407.770;105407.770;105407.770;105407.770;105407.770;105407.770;105407.770;105407.770;105407.770;105407.770;105407.772;105407.772;105407.772;105407.772;105407.772;105407.772;105407.772;105407.772;105407.772;105407.772;105407.772;105407.772
PSOC,2,1000,15,12,120030,random,120030,105819.08186266365,109730.67592026998,3911.5940576063294,True,360.9331414753921,57.925871450000045,-454.778 -32.132;999.935 -11.413;751.975 659.191;-376.451 332.503;680.016 -725.863;349.694 523.891;562.758 83.035;184.652 902.691;-24.581 -983.826;-633.333 -631.193;832.146 -398.557;-936.911 -349.142;-991.897 127.042;-66.516 -283.032;-644.794 690.354,nan;102311.819;102931.823;103302.786;104187.646;104378.286;104597.288;104727.195;104818.955;104944.992;105119.623;105175.424;105248.956;105298.673;105306.673;105341.180;105352.462;105366.482;105542.018;105598.070;105612.147;105620.459;105627.064;105729.757;105731.426;105738.578;105739.400;105740.696;105741.801;105744.828;105745.406;105746.158;105749.696;105750.524;105750.769;105770.050;105772.166;105772.521;105774.774;105775.815;105779.858;105783.358;105784.782;105784.782;105785.998;105786.426;105787.919;105789.407;105790.427;105790.805;105791.356;105791.906;105792.159;105792.864;105793.668;105793.990;105794.274;105794.374;105794.624;105794.692;105794.733;105794.788;105794.882;105794.922;105794.931;105794.961;105794.984;105795.222;105795.495;105797.248;105798.367;105803.005;105809.079;105809.304;105810.127;105810.397;105810.514;105810.546;105810.573;105810.862;105812.122;105813.704;105814.820;105814.821;105814.875;105814.962;105815.471;105815.542;105815.681;105815.911;105816.097;105816.246;105816.290;105816.362;105816.453;105816.579;105816.738;105817.252;105817.344;105817.356;105817.405;105817.490;105817.499;105817.504;105817.557;105817.692;105817.791;105817.802;105817.809;105817.835;105818.112;105818.129;105818.145;105818.153;105818.169;105818.175;105818.333;105818.350;105818.363;105818.375;105818.396;105818.400;105818.402;105818.405;105818.408;105818.412;105818.414;105818.417;105818.418;105818.419;105818.420;105818.430;105818.441;105818.471;105818.691;105818.700;105818.731;105818.754;105818.775;105818.786;105818.823;105818.882;105818.921;105818.991;105819.025;105819.036;105819.045;105819.048;105819.059;105819.066;105819.072;105819.076;105819.078;105819.078;105819.078;105819.079;105819.079;105819.079;105819.079;105819.079;105819.079;105819.079;105819.079;105819.079;105819.080;105819.080;105819.080;105819.080;105819.080;105819.080;105819.080;105819.081;105819.081;105819.081;105819.081;105819.081;105819.081;105819.081;105819.081;105819.081;105819.081;105819.081;105819.081;105819.081;105819.081;105819.081;105819.081;105819.081;105819.081;105819.081;105819.081;105819.081;105819.081;105819.081;105819.081;105819.081;105819.081;105819.082;105819.082;105819.082
PSOC,2,1000,15,20,120030,random,120030,105606.250881884,109730.67592026998,4124.425038385976,True,312.21901888316575,57.71737960600001,932.564 361.004;158.728 987.322;539.197 -709.604;505.083 594.967;-330.487 -930.338;815.234 -13.244;-431.823 -320.676;-565.986 578.407;-655.802 -51.915;141.341 -497.405;-963.135 152.351;658.133 -329.024;166.585 161.809;-80.141 375.863;-605.746 -579.966,nan;nan;102309.041;103234.675;103815.286;103934.096;104175.439;104299.652;104393.530;104647.259;104672.494;104710.368;104726.927;104743.067;104757.586;104759.053;104805.972;104846.164;104922.586;104956.633;104958.722;104964.216;104965.439;105246.287;105247.423;105249.559;105253.176;105261.466;105264.115;105265.324;105353.439;105354.892;105356.419;105398.921;105399.811;105400.827;105401.631;105401.761;105402.121;105402.576;105402.576;105402.601;105402.788;105403.245;105403.409;105403.871;105408.315;105408.387;105408.915;105413.096;105413.383;105413.483;105413.843;105414.091;105414.386;105414.618;105424.172;105434.725;105435.484;105436.063;105442.929;105443.063;105443.305;105443.513;105443.818;105444.210;105444.515;105445.353;105446.252;105447.355;105450.110;105455.129;105456.150;105457.286;105498.413;105499.331;105502.702;105554.552;105558.572;105563.177;105574.696;105587.964;105589.564;105591.770;105592.876;105593.125;105595.581;105596.842;105597.240;105597.429;105598.539;105598.645;105598.998;105600.221;105600.601;105600.621;105600.635;105600.781;105600.809;105600.925;105600.931;105601.085;105601.123;105601.209;105602.020;105603.669;105603.863;105604.062;105604.308;105604.443;105604.523;105604.580;105604.596;105604.616;105604.625;105604.631;105604.652;105604.697;105604.706;105604.718;105604.722;105604.742;105604.786;105604.796;105604.837;105604.847;105604.857;105604.864;105604.868;105604.871;105604.917;105604.947;105604.976;105604.985;105604.986;105604.993;105604.993;105604.994;105604.997;105604.997;105604.997;105604.998;105605.017;105605.688;105606.020;105606.033;105606.043;105606.048;105606.048;105606.049;105606.051;105606.057;105606.059;105606.060;105606.072;105606.076;105606.078;105606.079;105606.082;105606.085;105606.091;105606.092;105606.092;105606.093;105606.093;105606.093;105606.094;105606.116;105606.119;105606.124;105606.133;105606.147;105606.174;105606.187;105606.210;105606.213;105606.213;105606.216;105606.220;105606.220;105606.221;105606.222;105606.223;105606.225;105606.225;105606.225;105606.225;105606.225;105606.225;105606.226;105606.228;105606.228;105606.229;105606.232;105606.233;105606.235;105606.246;105606.249;105606.249;105606.251
PSOC,2,1000,15,28,120030,random,120030,104686.10758820952,109730.67592026998,5044.5683320604585,True,313.2166468687029,57.998197937999976,-75.281 682.845;632.981 -200.944;231.015 -360.888;-999.026 -42.956;74.755 352.872;-96.203 995.362;395.426 704.125;23.189 -34.453;-612.770 691.147;834.274 430.471;-247.492 -587.863;208.657 -722.287;-714.599 391.171;-336.915 134.455;-211.355 -977.409,nan;nan;101721.849;102660.718;102879.454;102958.660;103039.492;103125.189;103131.728;103260.641;103558.663;103731.922;103746.224;103777.447;103802.207;103863.345;103905.611;103933.761;103970.905;103991.224;104004.838;104010.095;104039.067;104068.206;104077.942;104160.593;104235.709;104255.267;104255.267;104263.200;104281.965;104304.360;104316.616;104321.486;104321.625;104322.794;104327.713;104329.191;104339.041;104352.551;104355.977;104361.588;104384.748;104460.439;104460.814;104462.163;104517.532;104531.836;104535.361;104535.496;104537.195;104552.494;104560.792;104566.704;104655.358;104659.623;104662.395;104665.289;104665.998;104666.674;104667.405;104668.235;104669.779;104670.407;104671.060;104671.266;104671.416;104672.103;104672.190;104672.386;104672.695;104672.764;104672.839;104673.045;104674.917;104675.755;104675.921;104676.341;104676.384;104676.397;104676.448;104676.471;104676.567;104676.590;104676.602;104676.627;104676.692;104676.693;104676.701;104676.704;104676.704;104676.704;104676.704;104676.704;104676.711;104676.713;104676.717;104676.718;104676.718;104676.719;104676.719;104676.720;104676.720;104676.739;104676.753;104676.762;104676.765;104676.767;104676.773;104676.788;104676.805;104676.844;104676.851;104676.857;104676.865;104676.876;104676.909;104676.914;104676.921;104676.923;104676.934;104676.979;104677.114;104677.197;104677.261;104677.294;104678.533;104678.595;104678.966;104680.138;104680.331;104680.562;104683.546;104684.069;104684.106;104684.201;104684.232;104684.246;104684.247;104684.270;104684.277;104684.286;104684.333;104684.343;104684.359;104684.363;104684.375;104684.382;104684.383;104684.383;104684.385;104684.388;104684.391;104684.393;104684.396;104684.397;104684.398;104684.399;104684.400;104684.401;104684.401;104684.401;104684.402;104684.403;104684.406;104684.406;104684.406;104684.406;104684.407;104684.407;104684.407;104684.407;104684.407;104684.407;104684.408;104684.408;104684.409;104684.409;104684.471;104684.473;104684.474;104684.475;104684.475;104684.475;104684.476;104684.476;104684.484;104684.966;104685.015;104685.019;104685.019;104685.019;104685.019;104685.188;104685.927;104686.089;104686.100;104686.106;104686.107;104686.108
DE,2,1000,15,6,120030,random,120030,105400.99990978197,109730.67592026998,4329.676010488009,True,359.2676311673686,64.29987035600004,-199.264 553.666;-779.456 611.483;-642.746 -740.644;205.488 537.705;-435.902 32.323;112.727 -993.620;-997.004 77.339;-924.935 -380.086;720.330 566.443;354.048 -726.410;9.534 164.534;993.713 -91.775;374.206 927.342;-117.191 -171.642;587.034 -403.372,nan;nan;nan;nan;nan;nan;nan;nan;nan;nan;nan;nan;nan;nan;nan;nan;nan;nan;nan;nan;nan;nan;nan;nan;nan;nan;nan;nan;nan;nan;nan;nan;nan;nan;nan;nan;nan;nan;nan;nan;nan;nan;nan;nan;nan;101759.807;101759.807;101759.807;101759.807;102057.144;102057.144;102057.144;102262.872;103181.766;103279.505;103615.934;103832.675;104005.224;104168.795;104168.795;104173.716;104238.470;104429.157;104429.157;104627.393;104627.393;104649.925;104749.287;104828.775;104876.723;104918.773;104918.773;104918.773;104947.719;104963.297;104964.757;104986.488;105018.931;105020.580;105035.494;105043.393;105046.515;105054.916;105057.551;105063.235;105068.784;105073.087;105080.858;105091.863;105100.405;105109.464;105118.270;105128.861;105145.689;105171.153;105178.355;105202.574;105211.288;105218.510;105311.023;105316.057;105329.601;105333.673;105338.650;105342.516;105343.879;105345.981;105349.430;105352.959;105355.481;105357.106;105360.358;105361.266;105363.481;105365.706;105366.457;105368.180;105369.898;105371.581;105372.930;105373.820;105375.426;105375.968;105376.379;105377.047;105377.574;105378.167;105378.727;105379.230;105380.104;105380.486;105380.958;105381.568;105381.811;105382.090;105382.560;105383.053;105383.408;105383.774;105384.110;105384.989;105385.833;105386.463;105386.913;105387.402;105387.608;105387.969;105388.321;105388.636;105388.861;105389.123;105389.744;105389.950;105390.223;105390.610;105390.754;105391.067;105391.362;105391.607;105392.088;105392.627;105393.150;105393.510;105393.924;105394.465;105394.762;105395.119;105395.430;105395.632;105395.839;105396.013;105396.193;105396.312;105396.578;105397.224;105397.394;105397.573;105397.674;105397.792;105397.886;105398.051;105398.350;105398.449;105398.558;105398.806;105398.853;105399.070;105399.379;105399.687;105399.999;105400.151;105400.268;105400.360;105400.449;105400.498;105400.539;105400.597;105400.730;105400.856;105400.985
DE,2,1000,15,14,120030,random,120030,105818.22394630234,109730.67592026998,3912.4519739676325,True,344.19451450792616,66.94511120499988,-964.523 -229.899;840.326 -498.646;-62.199 0.048;103.937 -464.578;-930.555 120.805;-397.713 659.359;521.027 783.826;902.136 -14.473;-423.857 -388.496;-79.652 996.814;-424.887 316.238;855.990 466.664;-314.615 -890.175;465.886 -884.844;91.436 468.756,nan;nan;nan;nan;nan;nan;nan;nan;nan;nan;nan;nan;nan;nan;nan;nan;nan;nan;nan;nan;nan;nan;nan;nan;nan;nan;nan;nan;nan;nan;nan;nan;nan;nan;nan;nan;nan;nan;nan;nan;nan;nan;nan;nan;nan;nan;nan;nan;nan;nan;101251.512;101251.512;101251.512;102155.614;102155.614;102875.421;102875.421;102875.421;103351.238;103351.238;103497.802;103655.825;103655.825;103841.426;103841.426;104024.725;104045.367;104135.111;104229.451;104303.816;104395.156;104579.242;104961.592;105111.738;105195.620;105328.604;105400.327;105461.465;105500.968;105564.933;105612.693;105630.687;105636.636;105650.280;105658.997;105662.864;105669.848;105673.899;105680.671;105685.396;105725.470;105730.494;105733.662;105740.395;105746.201;105748.580;105750.903;105754.026;105756.265;105759.515;105761.876;105764.438;105767.537;105769.517;105771.296;105772.600;105774.217;105775.089;105775.983;105776.811;105777.909;105778.438;105778.910;105795.389;105795.545;105796.127;105796.789;105797.444;105798.160;105799.052;105799.742;105800.510;105801.695;105802.431;105803.202;105804.378;105804.972;105805.503;105805.767;105806.134;105806.675;105806.885;105807.152;105807.519;105807.869;105808.149;105808.366;105808.626;105808.853;105809.043;105809.242;105809.396;105809.558;105809.647;105810.004;105810.596;105810.883;105811.283;105811.556;105812.103;105812.542;105812.844;105813.375;105813.698;105813.834;105814.124;105814.378;105814.573;105814.635;105814.939;105815.152;105815.284;105815.497;105815.590;105815.659;105815.716;105815.751;105815.850;105815.900;105815.992;105816.013;105816.061;105816.168;105816.225;105816.344;105816.414;105816.483;105816.515;105816.590;105816.646;105816.698;105816.743;105816.836;105816.975;105817.019;105817.146;105817.255;105817.353;105817.438;105817.613;105817.725;105817.845;105817.952;105818.034;105818.094;105818.119;105818.147;105818.175;105818.192;105818.224
DE,2,1000,15,22,120030,random,120030,105866.17819275388,109730.67592026998,3864.4977275160927,True,343.30522919352217,107.65407524499994,273.558 482.811;-674.960 737.852;127.452 172.148;345.189 -261.866;-960.282 -279.030;-469.801 -52.528;643.724 -765.194;-365.780 -754.815;919.465 -393.169;986.026 166.592;-985.799 167.929;153.696 970.055;-64.539 -997.914;-35.608 -408.223;671.087 741.377,nan;nan;nan;nan;nan;nan;nan;nan;nan;nan;nan;nan;nan;nan;nan;nan;nan;nan;nan;nan;nan;nan;nan;nan;nan;nan;nan;nan;nan;nan;nan;nan;nan;nan;nan;nan;nan;nan;nan;nan;nan;nan;nan;nan;nan;nan;nan;nan;nan;nan;nan;nan;nan;nan;100872.804;101795.052;102593.159;103064.841;103280.032;103672.511;104001.225;104001.257;104024.219;104466.551;104466.551;104617.262;105028.729;105028.729;105127.365;105133.214;105423.630;105528.534;105545.030;105609.620;105638.236;105678.837;105703.047;105746.448;105747.777;105763.177;105770.433;105780.709;105789.841;105798.433;105808.028;105810.849;105818.500;105821.165;105822.404;105825.760;105828.439;105829.893;105831.746;105832.229;105833.303;105833.654;105834.418;105859.572;105860.254;105860.611;105861.133;105861.679;105862.069;105862.211;105862.534;105862.795;105863.120;105863.172;105863.441;105863.506;105863.706;105863.740;105863.877;105863.945;105863.979;105864.020;105864.031;105864.095;105864.119;105864.164;105864.197;105864.212;105864.239;105864.268;105864.286;105864.305;105864.319;105864.327;105864.336;105864.350;105864.361;105864.361;105864.370;105864.387;105864.408;105864.433;105864.461;105864.487;105864.517;105864.566;105864.608;105864.657;105864.697;105864.745;105864.803;105864.821;105864.845;105864.869;105864.892;105864.921;105864.940;105864.959;105864.972;105864.982;105865.001;105865.026;105865.052;105865.068;105865.080;105865.090;105865.101;105865.117;105865.129;105865.141;105865.154;105865.182;105865.191;105865.206;105865.214;105865.228;105865.253;105865.268;105865.308;105865.373;105865.408;105865.451;105865.507;105865.573;105865.607;105865.628;105865.648;105865.661;105865.709;105865.803;105865.855;105865.930;105866.000;105866.038;105866.067;105866.074;105866.078;105866.084;105866.097;105866.111;105866.137;105866.152;105866.165;105866.168;105866.175;105866.178
DE,2,1000,15,30,120030,random,120030,106260.8758696993,109730.67592026998,3469.800050570673,True,328.73722947262866,162.00076158599995,-31.361 -265.599;689.214 724.549;-473.020 -29.325;-900.000 286.978;752.053 -659.102;-61.671 295.550;249.880 -941.955;767.952 -59.550;896.380 295.845;127.264 564.570;456.393 -446.347;-874.654 -482.561;-667.135 712.788;-242.747 970.075;-336.849 -681.734,nan;nan;nan;nan;nan;nan;nan;nan;nan;nan;nan;nan;nan;nan;nan;nan;nan;nan;nan;nan;nan;nan;nan;nan;nan;nan;nan;nan;nan;nan;nan;nan;nan;101059.769;101059.769;101363.874;102168.795;102891.259;102891.259;103069.190;103410.236;103700.764;104003.633;104058.280;104476.142;104564.831;104714.283;104900.195;105196.801;105346.958;105346.958;105443.760;105443.760;105619.097;105742.548;105832.764;105991.028;105991.028;105992.972;106003.062;106039.621;106055.616;106070.502;106086.910;106088.545;106108.670;106118.992;106130.343;106139.931;106155.063;106164.388;106177.903;106185.438;106194.451;106199.746;106203.465;106206.907;106210.658;106214.414;106217.376;106219.489;106222.856;106225.871;106228.423;106230.148;106231.161;106231.949;106232.769;106233.890;106234.808;106235.680;106236.743;106237.498;106238.561;106239.307;106240.378;106241.275;106241.919;106242.713;106243.088;106243.807;106244.635;106245.307;106246.251;106246.845;106247.365;106247.731;106247.958;106248.378;106248.620;106248.974;106249.457;106250.661;106251.099;106251.486;106251.814;106252.064;106252.469;106252.931;106253.188;106253.563;106253.824;106254.273;106254.605;106254.913;106255.342;106255.579;106255.900;106256.150;106256.431;106256.544;106256.776;106256.918;106256.954;106257.096;106257.240;106257.426;106257.617;106257.808;106257.988;106258.103;106258.249;106258.329;106258.446;106258.736;106258.940;106259.065;106259.231;106259.361;106259.494;106259.561;106259.627;106259.715;106259.846;106259.899;106259.968;106260.024;106260.112;106260.207;106260.248;106260.282;106260.311;106260.346;106260.380;106260.424;106260.462;106260.478;106260.528;106260.546;106260.563;106260.575;106260.586;106260.587;106260.592;106260.608;106260.620;106260.633;106260.660;106260.685;106260.698;106260.710;106260.728;106260.740;106260.748;106260.759;106260.775;106260.785;106260.792;106260.804;106260.813;106260.816;106260.823;106260.827;106260.837;106260.845;106260.850;106260.860;106260.868;106260.871;106260.875
SLSQP,2,1000,15,8,120030,random,120030,104662.09188374275,109730.67592026998,5068.584036527231,True,369.00017453571667,263.796753736,715.900 320.425;-112.482 -754.280;-301.042 531.391;329.606 -924.295;1.495 320.128;757.108 -169.466;88.877 -359.188;-549.329 -420.102;819.851 -551.707;-888.280 304.155;-156.136 979.577;-976.482 -148.862;-291.993 69.921;-614.847 785.865;417.576 894.436,103140.785;103624.860;103624.860;103674.828;103678.467;103678.506;103701.070;103701.070;103701.070;103701.070;103701.070;103701.070;103701.070;103701.070;103701.070;103701.070;103701.070;103701.070;103701.070;104204.656;104205.112;104205.142;104205.142;104205.142;104206.788;104208.527;104451.629;104452.077;104480.334;104480.334;104480.334;104480.334;104480.334;104480.334;104480.334;104480.334;104480.334;104480.334;104480.334;104480.334;104480.334;104501.337;104501.671;104501.671;104501.671;104501.671;104501.671;104501.671;104501.671;104501.671;104501.671;104501.671;104501.671;104501.671;104501.671;104501.671;104501.671;104501.671;104501.671;104501.671;104501.671;104501.671;104501.671;104501.671;104501.671;104501.671;104501.671;104501.671;104501.671;104501.671;104501.671;104501.671;104501.671;104501.671;104501.671;104501.671;104501.671;104501.671;104501.671;104501.671;104501.671;104501.671;104501.671;104501.671;104501.671;104501.671;104501.671;104501.671;104501.671;104501.671;104501.671;104501.671;104501.671;104501.671;104501.671;104660.445;104660.445;104660.445;104662.092;104662.092;104662.092;104662.092;104662.092;104662.092;104662.092;104662.092;104662.092;104662.092;104662.092;104662.092;104662.092;104662.092;104662.092;104662.092;104662.092;104662.092;104662.092;104662.092;104662.092;104662.092;104662.092;104662.092;104662.092;104662.092;104662.092;104662.092;104662.092;104662.092;104662.092;104662.092;104662.092;104662.092;104662.092;104662.092;104662.092;104662.092;104662.092;104662.092;104662.092;104662.092;104662.092;104662.092;104662.092;104662.092;104662.092;104662.092;104662.092;104662.092;104662.092;104662.092;104662.092;104662.092;104662.092;104662.092;104662.092;104662.092;104662.092;104662.092;104662.092;104662.092;104662.092;104662.092;104662.092;104662.092;104662.092;104662.092;104662.092;104662.092;104662.092;104662.092;104662.092;104662.092;104662.092;104662.092;104662.092;104662.092;104662.092;104662.092;104662.092;104662.092;104662.092;104662.092;104662.092;104662.092;104662.092;104662.092;104662.092;104662.092;104662.092;104662.092;104662.092;104662.092;104662.092;104662.092;104662.092;104662.092;104662.092;104662.092;104662.092;104662.092
SLSQP,2,1000,15,16,120030,random,120030,105089.06494838059,109730.67592026998,4641.610971889386,True,342.2111961339146,264.06301256200004,716.532 -697.201;-348.229 936.386;-566.319 34.753;780.876 621.421;-454.812 -306.245;-908.206 410.731;-100.438 -985.524;774.170 -48.440;-891.353 -447.287;965.844 252.253;397.275 -442.056;-430.764 604.276;158.775 841.942;167.471 258.583;-625.599 -779.442,102263.571;102731.167;102829.429;102835.437;102991.621;103049.406;103050.525;103309.586;103627.585;103627.712;103627.850;103627.891;103627.914;103627.918;103700.295;103702.108;103702.108;103961.558;104470.805;104725.363;104725.363;104725.363;104725.363;104725.363;104725.363;104725.363;104725.363;104725.363;104725.363;104725.363;104725.363;104725.363;104725.363;104725.363;104725.363;104725.363;104725.363;104725.363;104725.363;104725.363;104725.363;104725.363;104725.363;104725.363;104725.363;104725.363;104725.363;104725.363;104725.363;104725.363;104725.363;104725.363;104725.363;104725.363;104921.389;105089.065;105089.065;105089.065;105089.065;105089.065;105089.065;105089.065;105089.065;105089.065;105089.065;105089.065;105089.065;105089.065;105089.065;105089.065;105089.065;105089.065;105089.065;105089.065;105089.065;105089.065;105089.065;105089.065;105089.065;105089.065;105089.065;105089.065;105089.065;105089.065;105089.065;105089.065;105089.065;105089.065;105089.065;105089.065;105089.065;105089.065;105089.065;105089.065;105089.065;105089.065;105089.065;105089.065;105089.065;105089.065;105089.065;105089.065;105089.065;105089.065;105089.065;105089.065;105089.065;105089.065;105089.065;105089.065;105089.065;105089.065;105089.065;105089.065;105089.065;105089.065;105089.065;105089.065;105089.065;105089.065;105089.065;105089.065;105089.065;105089.065;105089.065;105089.065;105089.065;105089.065;105089.065;105089.065;105089.065;105089.065;105089.065;105089.065;105089.065;105089.065;105089.065;105089.065;105089.065;105089.065;105089.065;105089.065;105089.065;105089.065;105089.065;105089.065;105089.065;105089.065;105089.065;105089.065;105089.065;105089.065;105089.065;105089.065;105089.065;105089.065;105089.065;105089.065;105089.065;105089.065;105089.065;105089.065;105089.065;105089.065;105089.065;105089.065;105089.065;105089.065;105089.065;105089.065;105089.065;105089.065;105089.065;105089.065;105089.065;105089.065;105089.065;105089.065;105089.065;105089.065;105089.065;105089.065;105089.065;105089.065;105089.065;105089.065;105089.065;105089.065;105089.065;105089.065;105089.065;105089.065;105089.065;105089.065;105089.065;105089.065;105089.065;105089.065;105089.065;105089.065
SLSQP,2,1000,15,24,120030,random,120030,104772.50760091917,109730.67592026998,4958.168319350807,True,310.13110801256363,243.303788189,-35.625 957.474;-220.949 -900.000;-517.347 96.368;-271.060 -467.234;771.251 -634.392;693.720 719.884;79.613 50.999;645.665 -188.305;669.984 410.663;794.542 115.599;-968.763 233.210;438.920 -879.412;-615.751 -218.974;7.575 494.812;413.384 -512.577,103843.770;103931.290;103934.403;103957.242;103996.301;103996.301;103996.301;103996.301;103996.301;103996.301;103996.301;103996.301;103996.301;103996.301;103996.301;103996.301;103996.301;103996.301;103996.301;103996.301;103996.301;103996.301;103996.301;103996.301;103996.301;103996.301;103996.301;104228.435;104245.789;104252.801;104254.800;104267.425;104267.425;104267.425;104267.425;104267.425;104267.425;104267.425;104267.425;104267.425;104267.425;104267.425;104267.425;104267.425;104267.425;104267.425;104267.425;104267.425;104267.425;104267.425;104267.425;104267.425;104267.425;104267.425;104267.425;104556.207;104556.207;104556.207;104556.207;104556.207;104556.207;104744.811;104772.508;104772.508;104772.508;104772.508;104772.508;104772.508;104772.508;104772.508;104772.508;104772.508;104772.508;104772.508;104772.508;104772.508;104772.508;104772.508;104772.508;104772.508;104772.508;104772.508;104772.508;104772.508;104772.508;104772.508;104772.508;104772.508;104772.508;104772.508;104772.508;104772.508;104772.508;104772.508;104772.508;104772.508;104772.508;104772.508;104772.508;104772.508;104772.508;104772.508;104772.508;104772.508;104772.508;104772.508;104772.508;104772.508;104772.508;104772.508;104772.508;104772.508;104772.508;104772.508;104772.508;104772.508;104772.508;104772.508;104772.508;104772.508;104772.508;104772.508;104772.508;104772.508;104772.508;104772.508;104772.508;104772.508;104772.508;104772.508;104772.508;104772.508;104772.508;104772.508;104772.508;104772.508;104772.508;104772.508;104772.508;104772.508;104772.508;104772.508;104772.508;104772.508;104772.508;104772.508;104772.508;104772.508;104772.508;104772.508;104772.508;104772.508;104772.508;104772.508;104772.508;104772.508;104772.508;104772.508;104772.508;104772.508;104772.508;104772.508;104772.508;104772.508;104772.508;104772.508;104772.508;104772.508;104772.508;104772.508;104772.508;104772.508;104772.508;104772.508;104772.508;104772.508;104772.508;104772.508;104772.508;104772.508;104772.508;104772.508;104772.508;104772.508;104772.508;104772.508;104772.508;104772.508;104772.508;104772.508;104772.508;104772.508;104772.508;104772.508;104772.508;104772.508;104772.508;104772.508;104772.508;104772.508
SSABV,2,750,12,2,120030,random,120030,84048.7372651869,87784.54073621597,3735.8034710290813,True,355.66136747576854,136.9469309200001,-543.486 399.853;-511.861 -547.770;-210.381 275.209;396.455 635.960;-293.849 689.771;689.062 -252.207;-2.171 -227.917;-580.823 -108.026;477.659 -564.465;698.711 272.016;269.736 117.086;-117.795 -702.674,nan;nan;nan;nan;nan;nan;nan;nan;nan;nan;nan;nan;nan;nan;nan;nan;nan;nan;nan;nan;nan;nan;nan;nan;nan;nan;nan;nan;nan;nan;nan;nan;nan;nan;79446.751;79446.751;79954.949;79954.949;81072.577;81072.577;81072.577;81525.159;81525.159;81525.159;81525.159;81851.675;81851.675;81851.675;82175.706;82175.706;82175.706;82175.706;82229.159;82742.027;82894.347;82894.347;82894.347;83012.631;83012.631;83020.696;83020.696;83022.279;83027.093;83082.760;83104.376;83128.394;83134.424;83144.296;83148.356;83153.062;83155.174;83155.894;83158.163;83160.591;83161.611;83161.902;83162.540;83162.922;83163.035;83163.086;83163.190;83163.825;83164.159;83164.296;83164.463;83164.679;83164.837;83164.891;83164.943;83164.979;83165.019;83165.022;83165.037;83165.048;83165.051;83165.053;83165.056;83165.065;83165.068;83165.069;83485.530;83504.034;83505.926;83505.926;83505.926;83505.926;83505.926;83505.926;83505.926;83505.926;83529.427;83576.004;83601.608;83626.589;83638.694;83643.839;83643.839;83643.839;83643.839;83643.839;83643.839;83643.839;83643.839;83643.839;83643.839;83643.839;83643.839;83643.839;83643.839;83643.839;83643.839;83643.839;83643.839;83643.839;83643.839;83643.839;83643.839;83643.839;83643.839;83643.839;83643.839;83643.839;83643.839;83643.839;83643.839;83643.839;83643.839;83643.839;83643.839;83643.839;83643.839;83643.839;83643.839;83643.839;83643.839;83643.839;83643.839;83643.839;83643.839;83643.839;83681.902;83696.460;83701.018;83701.018;83701.018;83701.018;83701.018;83701.018;83701.018;83701.018;83701.018;83815.790;83849.975;83877.801;83907.201;83915.729;83923.382;83928.704;83928.883;83928.883;83928.883;83928.883;83928.883;83928.883;83928.883;83928.883;83928.883;83928.883;83978.681;84018.796;84037.025;84046.888;84048.737;84048.737;84048.737;84048.737;84048.737;84048.737;84048.737;84048.737
SSABV,2,750,12,10,120030,random,120030,83578.13313755613,87784.54073621597,4206.407598659847,True,316.66984618857515,70.56213999600004,-442.436 605.110;328.425 -487.742;153.130 386.297;-721.875 -182.767;690.234 -16.673;-567.188 -490.446;-252.967 -705.584;-612.805 149.737;-137.015 -229.433;671.550 -332.791;365.066 133.581;267.981 699.600,nan;nan;nan;nan;nan;nan;nan;nan;nan;nan;nan;nan;nan;nan;nan;nan;nan;nan;nan;nan;nan;nan;nan;nan;nan;nan;nan;nan;nan;nan;nan;nan;nan;nan;nan;nan;nan;nan;nan;nan;nan;81020.926;81167.682;81699.381;81699.381;81699.381;81699.381;81699.381;81699.381;81699.381;81832.800;81832.800;81832.800;81832.800;81832.800;81832.800;81929.868;81956.759;82040.523;82126.249;82215.897;82287.922;82301.070;82309.928;82349.006;82380.213;82455.126;82460.855;82467.944;82473.683;82594.139;82599.969;82606.787;82609.084;82609.576;82612.603;82614.755;82615.835;82616.675;82617.083;82617.625;82618.306;82618.500;82618.844;82619.030;82619.161;82619.275;82619.376;82619.480;82619.562;82619.644;82619.698;82619.735;82619.759;82619.769;82619.776;82619.790;82619.798;82619.804;82619.809;83085.921;83114.340;83123.938;83126.869;83126.869;83126.869;83126.869;83126.869;83126.869;83126.869;83126.869;83126.869;83126.869;83126.869;83126.869;83126.869;83126.869;83126.869;83126.869;83126.869;83126.869;83126.869;83126.869;83126.869;83126.869;83126.869;83126.869;83126.869;83126.869;83126.869;83188.522;83338.717;83367.795;83415.510;83455.788;83459.415;83460.760;83460.760;83460.760;83460.760;83460.760;83460.760;83460.760;83460.760;83460.760;83460.760;83460.760;83460.760;83460.760;83460.760;83460.760;83460.760;83460.760;83460.760;83460.760;83460.760;83460.760;83460.760;83460.760;83460.760;83460.760;83460.760;83460.760;83460.760;83460.760;83460.760;83460.760;83460.760;83460.760;83460.760;83460.760;83460.760;83460.760;83460.760;83460.760;83460.760;83460.760;83460.760;83460.760;83460.760;83460.760;83460.760;83460.760;83460.760;83460.760;83460.760;83460.760;83460.760;83460.760;83460.760;83460.760;83460.760;83460.760;83460.760;83493.175;83538.984;83565.644;83577.072;83578.133;83578.133
SSABV,2,750,12,18,120030,random,120030,84088.12270811551,87784.54073621597,3696.4180281004665,True,347.17256861865445,67.50542530199982,381.849 -607.756;-447.563 230.908;-338.438 564.943;-587.050 -359.374;-16.806 -749.316;-749.901 12.182;69.448 746.778;92.962 393.237;744.360 16.103;455.334 222.930;-26.850 11.347;488.051 568.557,nan;nan;nan;nan;nan;nan;nan;nan;nan;nan;nan;nan;nan;nan;nan;nan;nan;nan;nan;nan;nan;nan;nan;nan;nan;nan;nan;nan;nan;nan;nan;nan;nan;nan;nan;nan;nan;nan;nan;nan;nan;nan;nan;nan;nan;81002.266;81493.198;81493.198;81662.483;81709.837;82207.008;82207.008;82940.972;82940.972;83072.917;83336.087;83362.130;83362.130;83388.426;83490.262;83539.600;83590.284;83605.631;83661.497;83768.226;84025.583;84029.712;84029.712;84030.615;84033.956;84038.313;84043.376;84045.750;84048.290;84048.896;84049.659;84051.860;84052.461;84053.345;84054.300;84054.920;84055.254;84055.570;84055.824;84056.104;84056.379;84056.608;84056.735;84056.835;84056.911;84056.976;84057.021;84057.039;84057.055;84057.068;84057.078;84057.084;84057.089;84057.092;84057.096;84087.132;84088.123;84088.123;84088.123;84088.123;84088.123;84088.123;84088.123;84088.123;84088.123;84088.123;84088.123;84088.123;84088.123;84088.123;84088.123;84088.123;84088.123;84088.123;84088.123;84088.123;84088.123;84088.123;84088.123;84088.123;84088.123;84088.123;84088.123;84088.123;84088.123;84088.123;84088.123;84088.123;84088.123;84088.123;84088.123;84088.123;84088.123;84088.123;84088.123;84088.123;84088.123;84088.123;84088.123;84088.123;84088.123;84088.123;84088.123;84088.123;84088.123;84088.123;84088.123;84088.123;84088.123;84088.123;84088.123;84088.123;84088.123;84088.123;84088.123;84088.123;84088.123;84088.123;84088.123;84088.123;84088.123;84088.123;84088.123;84088.123;84088.123;84088.123;84088.123;84088.123;84088.123;84088.123;84088.123;84088.123;84088.123;84088.123;84088.123;84088.123;84088.123;84088.123;84088.123;84088.123;84088.123;84088.123;84088.123;84088.123;84088.123;84088.123;84088.123;84088.123;84088.123;84088.123;84088.123;84088.123;84088.123;84088.123;84088.123
SSABV,2,750,12,26,120030,random,120030,83582.45368710745,87784.54073621597,4202.0870491085225,True,333.83854853012406,58.680633342999954,564.361 -493.155;-436.010 609.671;726.991 181.352;-121.576 397.898;106.601 -358.162;433.412 606.733;-176.134 -696.230;20.649 701.394;-668.307 -340.379;85.968 4.748;-353.833 -180.587;708.714 -192.139,nan;nan;nan;nan;nan;nan;nan;nan;nan;nan;nan;nan;nan;nan;nan;nan;nan;nan;nan;nan;nan;nan;nan;nan;nan;nan;nan;nan;nan;nan;nan;nan;nan;nan;nan;nan;nan;nan;nan;nan;nan;nan;nan;79928.379;80318.652;80923.696;81087.839;81357.664;81357.664;81399.295;81533.019;81533.019;81533.019;81612.385;81875.826;81875.826;81878.729;81994.795;82005.495;82005.495;82040.308;82043.268;82043.268;82046.141;82062.585;82080.022;82088.094;82098.774;82107.683;82109.508;82110.406;82116.791;82120.058;82128.812;82133.253;82136.077;82138.494;82139.491;82140.274;82140.599;82140.617;82141.170;82141.582;82141.791;82142.279;82142.456;82142.515;82142.663;82142.755;82142.814;82142.849;82142.873;82142.885;82142.895;82142.905;82142.911;82142.920;82142.923;82142.923;82142.926;82544.600;82584.474;82602.864;82611.345;82615.925;82615.925;82615.925;82668.155;82688.573;82705.013;82718.846;82742.680;82743.994;82743.994;82967.395;83047.557;83075.538;83087.291;83108.614;83116.414;83122.271;83123.067;83123.067;83123.067;83123.067;83123.067;83123.067;83123.067;83123.067;83147.085;83214.379;83279.005;83297.364;83312.629;83316.990;83316.990;83316.990;83316.990;83316.990;83316.990;83316.990;83316.990;83316.990;83316.990;83316.990;83316.990;83316.990;83316.990;83316.990;83316.990;83316.990;83316.990;83316.990;83316.990;83316.990;83316.990;83316.990;83316.990;83316.990;83316.990;83316.990;83316.990;83316.990;83316.990;83316.990;83316.990;83316.990;83316.990;83316.990;83316.990;83316.990;83316.990;83316.990;83316.990;83316.990;83316.990;83316.990;83316.990;83316.990;83320.652;83322.796;83322.796;83375.306;83384.989;83436.884;83437.216;83457.944;83555.122;83571.612;83580.505;83582.454;83582.454;83582.454;83582.454;83582.454;83582.454;83582.454;83582.454;83582.454;83582.454
LXBV,2,750,12,4,120030,random,120030,84136.96465297905,87784.54073621597,3647.576083236927,True,318.2630589419797,46.62614562099998,-462.909 494.430;-452.034 -584.000;44.173 -393.982;-692.465 -288.043;714.944 186.514;-735.746 130.407;538.504 -452.671;-79.358 180.786;-158.620 701.542;549.867 509.102;558.652 -90.731;113.396 -741.352,nan;nan;nan;nan;nan;nan;nan;nan;nan;nan;nan;nan;nan;nan;nan;nan;nan;nan;nan;nan;nan;nan;nan;nan;nan;nan;nan;nan;nan;nan;nan;nan;nan;nan;nan;nan;79183.960;79183.976;79259.895;79259.895;79261.422;79349.294;79508.740;79560.406;80082.486;80083.438;80104.952;80237.883;80237.883;80591.343;80714.643;80879.459;80930.239;80951.662;80981.677;81054.278;81096.157;81096.157;81108.450;81142.395;81230.663;81246.393;81250.720;81257.218;81267.042;81281.279;81300.747;81333.568;81350.915;81366.543;81375.467;81377.876;81379.011;81383.358;81384.643;81387.242;81391.985;81395.301;81396.530;81397.350;81397.679;81398.660;81399.027;81399.653;81400.003;81400.164;81400.290;81400.372;81400.560;81400.688;81400.768;81400.818;81400.832;81400.835;81400.838;81400.839;81400.843;81400.846;81400.848;81400.850;81898.719;81954.164;81971.690;81977.187;81977.187;81977.187;81977.187;81977.187;81977.187;81977.187;81983.549;81994.169;81994.169;82013.611;82226.224;82264.215;82284.643;82300.873;82313.483;82330.435;82342.930;82365.322;82370.629;82375.270;82375.270;82616.004;82696.955;82762.278;82796.984;82809.112;82817.800;82817.800;82998.932;83081.912;83154.704;83175.304;83190.676;83198.860;83202.525;83202.525;83202.525;83202.525;83202.525;83202.525;83202.525;83202.525;83202.525;83666.002;83700.078;83810.048;83836.056;83849.754;83854.130;83855.211;83855.211;83855.211;83872.974;84022.642;84030.712;84039.406;84049.395;84058.321;84105.858;84111.859;84111.859;84111.859;84111.859;84131.504;84136.965;84136.965;84136.965;84136.965;84136.965;84136.965;84136.965;84136.965;84136.965;84136.965;84136.965;84136.965;84136.965;84136.965;84136.965;84136.965;84136.965;84136.965;84136.965;84136.965;84136.965;84136.965;84136.965;84136.965;84136.965;84136.965;84136.965;84136.965;84136.965;84136.965;84136.965;84136.965
LXBV,2,750,12,12,120030,random,120030,83589.71163299892,87784.54073621597,4194.829103217053,True,332.61237851594973,45.97230583600003,290.158 -690.633;-398.882 120.714;-162.974 -732.000;145.848 -376.638;-604.913 442.207;-652.136 -157.305;442.518 540.469;-393.549 -473.605;-176.518 727.528;510.858 -441.791;719.357 187.860;277.983 218.216,nan;nan;nan;nan;nan;nan;nan;nan;nan;nan;nan;nan;nan;nan;nan;nan;nan;nan;nan;nan;nan;nan;nan;nan;nan;nan;nan;nan;nan;nan;nan;nan;nan;nan;80417.550;81377.053;82019.004;82019.004;82050.453;82050.453;82050.453;82085.806;82085.806;82085.806;82085.809;82085.809;82085.809;82085.809;82224.433;82224.433;82226.501;82229.032;82229.032;82231.899;82240.401;82257.038;82275.399;82319.702;82325.432;82331.615;82351.040;82498.891;82505.827;82519.199;82523.388;82540.052;82544.275;82545.308;82566.753;82571.098;82580.707;82587.660;82605.672;82612.179;82616.903;82619.487;82622.519;82624.586;82625.021;82626.851;82628.768;82630.183;82631.319;82631.881;82632.715;82633.074;82633.259;82633.338;82633.522;82633.655;82633.733;82633.821;82633.876;82633.908;82633.926;82633.951;82633.969;82633.987;82633.995;82634.001;82926.418;83086.326;83107.854;83110.625;83110.625;83272.302;83392.352;83414.180;83432.787;83443.253;83446.537;83446.537;83446.537;83446.537;83446.537;83446.537;83446.537;83446.537;83446.537;83446.537;83446.537;83446.537;83446.537;83446.537;83446.537;83446.537;83446.537;83446.537;83446.537;83446.537;83446.537;83446.537;83446.537;83446.537;83446.537;83446.537;83446.537;83446.537;83446.537;83446.537;83446.537;83446.537;83446.537;83446.537;83446.537;83446.537;83446.537;83446.537;83446.537;83446.537;83446.537;83446.537;83446.537;83446.537;83446.537;83446.537;83461.444;83480.244;83496.209;83497.613;83535.497;83576.471;83587.132;83589.712;83589.712;83589.712;83589.712;83589.712;83589.712;83589.712;83589.712;83589.712;83589.712;83589.712;83589.712;83589.712;83589.712;83589.712;83589.712;83589.712;83589.712;83589.712;83589.712;83589.712;83589.712;83589.712;83589.712;83589.712;83589.712;83589.712;83589.712;83589.712;83589.712;83589.712;83589.712;83589.712;83589.712;83589.712;83589.712;83589.712
LXBV,2,750,12,20,120030,random,120030,84160.22756221562,87784.54073621597,3624.313174000359,True,322.58974206137924,44.96329909099995,407.078 -629.378;-705.005 128.149;233.482 712.500;-563.109 495.356;-143.889 454.715;528.284 -221.988;-496.231 -481.978;-311.439 -217.561;597.629 452.216;-197.478 -723.498;200.166 127.633;748.302 43.980,nan;nan;nan;nan;nan;nan;nan;nan;nan;nan;nan;nan;nan;nan;nan;nan;nan;80503.708;80783.012;80783.012;80783.012;80783.012;80783.012;80783.012;80783.012;80783.012;80855.589;80855.589;80855.589;80855.589;80855.750;80871.839;80871.839;80871.839;80871.839;80871.839;80962.526;81510.117;81544.409;81857.346;81939.359;81976.858;82010.262;82021.923;82052.287;82094.310;82319.237;82388.188;82393.581;82396.065;82403.808;82432.825;82433.632;82433.844;82433.983;82437.359;82437.359;82444.474;82452.626;82461.963;82466.255;82468.768;82472.080;82472.933;82477.419;82495.915;82510.437;82519.207;82521.666;82522.857;82529.449;82541.261;82546.535;82552.590;82562.448;82565.882;82570.694;82574.757;82576.250;82577.844;82578.918;82579.703;82580.823;82582.821;82583.270;82583.466;82583.601;82583.789;82583.870;82583.920;82583.958;82583.995;82584.035;82584.282;82584.359;82584.416;82584.441;82584.465;82584.494;82584.620;83100.303;83167.197;83176.210;83176.728;83176.728;83176.728;83176.728;83176.728;83176.728;83176.728;83176.728;83176.728;83176.728;83176.728;83176.728;83176.728;83176.728;83176.728;83176.728;83176.728;83176.728;83300.292;83439.103;83606.747;83630.650;83642.483;83642.553;83642.553;83678.547;83737.161;83749.747;83755.115;83756.680;83756.680;83756.680;83756.680;83756.680;83756.680;83756.680;83756.680;83756.680;83756.680;83756.680;83756.680;83756.680;83756.680;83756.680;83756.680;83756.680;83756.680;83756.680;83756.680;83756.680;83756.680;83756.680;83756.680;83756.680;83756.680;83756.680;83756.680;83756.680;83756.680;83756.680;83756.680;83756.680;83756.680;83756.680;83756.680;83756.680;83756.680;83756.680;83756.680;83756.680;83756.680;84112.859;84145.071;84155.135;84160.228;84160.228;84160.228;84160.228;84160.228;84160.228;84160.228;84160.228;84160.228;84160.228;84160.228;84160.228;84160.228;84160.228;84160.228;84160.228;84160.228;84160.228;84160.228;84160.228;84160.228;84160.228;84160.228
LXBV,2,750,12,28,120030,random,120030,84030.61887293415,87784.54073621597,3753.921863281823,True,314.74541634577105,44.12126389800005,-358.715 658.390;-361.446 -291.317;513.281 546.481;-742.766 -30.322;517.035 -300.700;94.879 -38.718;-436.462 295.222;-390.411 -639.844;-106.042 -504.940;748.828 -16.825;-55.265 461.301;363.324 -643.352,nan;nan;nan;nan;nan;nan;nan;nan;nan;nan;nan;nan;nan;nan;nan;nan;nan;nan;nan;nan;nan;nan;nan;nan;nan;nan;nan;79301.871;79485.055;79485.055;79616.670;79616.670;79975.882;80437.146;80437.146;80484.218;80484.218;80546.205;80546.205;80573.041;81193.595;81193.595;81193.595;81193.595;81263.700;81323.113;81323.201;81378.317;81379.477;81454.885;81504.553;81505.374;81574.021;81763.582;81803.075;81814.768;81867.887;81881.778;81961.402;82034.407;82060.633;82063.650;82066.137;82080.913;82101.813;82129.494;82139.328;82150.599;82166.862;82170.150;82177.991;82182.086;82207.172;82217.741;82221.572;82226.074;82228.559;82231.053;82231.960;82291.195;82292.333;82294.000;82295.232;82296.506;82297.942;82298.624;82299.334;82301.341;82301.784;82302.012;82302.172;82302.222;82302.487;82302.554;82302.599;82302.672;82302.712;82302.727;82302.802;82302.845;82669.640;82691.543;82705.914;82708.139;82708.139;82774.879;82837.923;82850.747;82887.473;82922.572;82941.538;82943.172;82943.172;83150.275;83235.460;83280.216;83293.809;83310.641;83313.768;83313.896;83313.896;83319.243;83569.143;83585.265;83668.285;83679.844;83682.083;83682.083;83682.083;83682.083;83682.083;83682.083;83682.083;83682.083;83682.083;83682.083;83682.083;83682.083;83682.083;83682.083;83682.083;83682.083;83682.083;83682.083;83682.083;83682.083;83682.083;83682.083;83682.083;83682.083;83682.083;83682.083;83682.083;83682.083;83682.083;83799.451;83883.174;83913.966;83936.074;83981.573;84019.936;84026.210;84030.619;84030.619;84030.619;84030.619;84030.619;84030.619;84030.619;84030.619;84030.619;84030.619;84030.619;84030.619;84030.619;84030.619;84030.619;84030.619;84030.619;84030.619;84030.619;84030.619;84030.619;84030.619;84030.619;84030.619;84030.619;84030.619;84030.619;84030.619;84030.619;84030.619;84030.619;84030.619;84030.619;84030.619;84030.619;84030.619;84030.619;84030.619
RSVNS,2,750,12,6,120030,random,120030,84160.19217964426,87784.54073621597,3624.348556571713,True,313.6994604489346,46.00037444999998,-325.195 28.693;-208.641 339.275;367.582 -653.436;-391.323 -339.157;-648.264 377.148;-18.161 743.107;-370.390 -652.157;507.946 528.065;-726.888 57.386;649.330 -349.304;201.619 -176.099;600.823 122.057,nan;nan;nan;nan;nan;nan;nan;nan;nan;nan;nan;nan;nan;nan;nan;nan;nan;nan;nan;nan;nan;nan;nan;nan;nan;nan;nan;nan;nan;nan;nan;nan;nan;nan;nan;nan;nan;nan;nan;nan;nan;nan;nan;nan;nan;nan;nan;nan;nan;nan;nan;nan;nan;nan;nan;nan;nan;nan;nan;nan;nan;nan;nan;nan;nan;nan;nan;nan;nan;nan;nan;nan;nan;nan;nan;nan;nan;nan;nan;nan;nan;nan;nan;nan;nan;nan;nan;nan;nan;nan;nan;nan;nan;nan;nan;nan;nan;nan;nan;nan;81551.700;82533.964;82642.644;82708.967;82782.429;82845.987;82866.712;82885.314;82899.624;82906.896;82917.828;82924.272;82930.762;82939.797;82944.606;83058.564;83228.675;83273.967;83331.441;83343.833;83352.750;83361.109;83369.794;83372.986;83372.986;83372.986;83372.986;83372.986;83382.603;83391.395;83397.583;83399.561;83399.561;83789.699;84044.004;84132.738;84144.529;84152.977;84159.606;84160.192;84160.192;84160.192;84160.192;84160.192;84160.192;84160.192;84160.192;84160.192;84160.192;84160.192;84160.192;84160.192;84160.192;84160.192;84160.192;84160.192;84160.192;84160.192;84160.192;84160.192;84160.192;84160.192;84160.192;84160.192;84160.192;84160.192;84160.192;84160.192;84160.192;84160.192;84160.192;84160.192;84160.192;84160.192;84160.192;84160.192;84160.192;84160.192;84160.192;84160.192;84160.192;84160.192;84160.192;84160.192;84160.192;84160.192;84160.192;84160.192;84160.192;84160.192;84160.192;84160.192;84160.192;84160.192;84160.192;84160.192;84160.192;84160.192;84160.192;84160.192
RSVNS,2,750,12,14,120030,random,120030,84034.94305821,87784.54073621597,3749.597678005972,True,332.97737983378374,46.167081498000016,-745.590 -57.058;544.851 514.639;-561.031 497.085;-402.172 -383.522;351.075 -662.434;743.673 -90.409;460.946 -348.106;-39.958 348.506;50.069 747.180;100.472 -54.487;-94.624 -529.334;348.746 219.758,nan;nan;nan;nan;nan;nan;nan;nan;nan;nan;nan;nan;nan;nan;nan;nan;nan;nan;nan;nan;nan;nan;nan;nan;nan;nan;nan;nan;nan;nan;nan;nan;nan;nan;nan;nan;nan;nan;nan;nan;nan;nan;nan;nan;nan;nan;nan;nan;nan;nan;nan;nan;nan;nan;nan;nan;nan;nan;nan;nan;nan;nan;nan;nan;nan;nan;nan;nan;nan;nan;nan;nan;nan;nan;nan;nan;nan;nan;nan;nan;nan;nan;nan;nan;nan;nan;nan;nan;nan;nan;nan;nan;nan;nan;nan;nan;nan;nan;nan;nan;81950.033;82230.683;82749.882;82775.210;82796.623;82829.895;82872.421;82878.169;82878.169;83610.668;83794.014;83915.761;83953.593;83971.725;83983.906;83999.167;84010.941;84026.936;84033.578;84034.943;84034.943;84034.943;84034.943;84034.943;84034.943;84034.943;84034.943;84034.943;84034.943;84034.943;84034.943;84034.943;84034.943;84034.943;84034.943;84034.943;84034.943;84034.943;84034.943;84034.943;84034.943;84034.943;84034.943;84034.943;84034.943;84034.943;84034.943;84034.943;84034.943;84034.943;84034.943;84034.943;84034.943;84034.943;84034.943;84034.943;84034.943;84034.943;84034.943;84034.943;84034.943;84034.943;84034.943;84034.943;84034.943;84034.943;84034.943;84034.943;84034.943;84034.943;84034.943;84034.943;84034.943;84034.943;84034.943;84034.943;84034.943;84034.943;84034.943;84034.943;84034.943;84034.943;84034.943;84034.943;84034.943;84034.943;84034.943;84034.943;84034.943;84034.943;84034.943;84034.943;84034.943;84034.943;84034.943;84034.943;84034.943;84034.943;84034.943;84034.943
RSVNS,2,750,12,22,120030,random,120030,84229.68001026862,87784.54073621597,3554.86072594735,True,310.0769228077205,47.346454213000015,266.698 -580.381;689.062 -295.106;10.794 323.738;-554.455 280.544;-112.916 727.734;-613.897 -293.672;470.896 552.286;562.388 0.645;695.219 280.831;-470.617 -583.224;-196.329 -0.280;-444.278 603.478,nan;nan;nan;nan;nan;nan;nan;nan;nan;nan;nan;nan;nan;nan;nan;nan;nan;nan;nan;nan;nan;nan;nan;nan;nan;nan;nan;nan;nan;nan;nan;nan;nan;nan;nan;nan;nan;nan;nan;nan;nan;nan;nan;nan;nan;nan;nan;nan;nan;nan;nan;nan;nan;nan;nan;nan;nan;nan;nan;nan;nan;nan;nan;nan;nan;nan;nan;nan;nan;nan;nan;nan;nan;nan;nan;nan;nan;nan;nan;nan;nan;nan;nan;nan;nan;nan;nan;nan;nan;nan;nan;nan;nan;nan;nan;nan;nan;nan;nan;nan;81187.376;82530.052;82898.616;82931.236;82942.945;82958.588;82966.317;82972.823;82974.410;82974.410;82997.225;83044.533;83083.873;83098.155;83110.749;83118.366;83120.431;83438.525;83729.611;83768.437;83792.288;83806.999;83835.307;83849.750;83856.217;83859.288;83860.269;83860.269;83860.269;83860.269;83860.269;83860.269;83860.269;83860.269;83860.269;83860.269;83860.269;83860.269;83860.269;83860.269;83860.269;83860.269;83930.546;83979.976;84009.293;84016.893;84049.717;84066.150;84197.779;84214.053;84222.372;84227.542;84229.680;84229.680;84229.680;84229.680;84229.680;84229.680;84229.680;84229.680;84229.680;84229.680;84229.680;84229.680;84229.680;84229.680;84229.680;84229.680;84229.680;84229.680;84229.680;84229.680;84229.680;84229.680;84229.680;84229.680;84229.680;84229.680;84229.680;84229.680;84229.680;84229.680;84229.680;84229.680;84229.680;84229.680;84229.680;84229.680;84229.680;84229.680;84229.680;84229.680;84229.680;84229.680;84229.680;84229.680;84229.680;84229.680;84229.680;84229.680
RSVNS,2,750,12,30,120030,random,120030,83833.48399565287,87784.54073621597,3951.056740563101,True,337.7514115447984,47.473456108999926,15.841 717.188;681.435 288.896;13.144 -92.350;613.714 -430.252;-512.874 -546.942;366.674 560.306;-255.934 -327.721;648.346 -71.390;-97.357 366.599;-683.621 307.805;-714.232 -41.808;142.189 -735.749,nan;nan;nan;nan;nan;nan;nan;nan;nan;nan;nan;nan;nan;nan;nan;nan;nan;nan;nan;nan;nan;nan;nan;nan;nan;nan;nan;nan;nan;nan;nan;nan;nan;nan;nan;nan;nan;nan;nan;nan;nan;nan;nan;nan;nan;nan;nan;nan;nan;nan;nan;nan;nan;nan;nan;nan;nan;nan;nan;nan;nan;nan;nan;nan;nan;nan;nan;nan;nan;nan;nan;nan;nan;nan;nan;nan;nan;nan;nan;nan;nan;nan;nan;nan;nan;nan;nan;nan;nan;nan;nan;nan;nan;nan;nan;nan;nan;nan;nan;nan;80908.353;81998.069;82071.584;82128.531;82140.172;82143.485;82143.485;82399.232;82486.733;82541.347;82741.372;82757.239;82768.095;82768.886;83001.289;83154.770;83208.747;83221.701;83247.196;83260.933;83272.664;83278.201;83278.803;83278.803;83401.973;83439.189;83474.619;83498.296;83513.127;83526.812;83535.351;83537.159;83537.159;83537.159;83537.159;83537.159;83537.159;83537.159;83537.159;83537.159;83537.159;83537.159;83537.159;83537.159;83537.159;83537.159;83537.159;83537.159;83537.159;83537.159;83537.159;83537.159;83537.159;83537.159;83537.159;83537.159;83537.159;83537.159;83537.159;83537.159;83537.159;83537.159;83537.159;83537.159;83537.159;83537.159;83537.159;83537.159;83537.159;83537.159;83537.159;83537.159;83643.707;83643.707;83643.707;83643.707;83806.511;83823.440;83830.372;83833.484;83833.484;83833.484;83833.484;83833.484;83833.484;83833.484;83833.484;83833.484;83833.484;83833.484;83833.484;83833.484;83833.484;83833.484;83833.484;83833.484;83833.484;83833.484;83833.484;83833.484
BVNS,2,750,12,8,120030,random,120030,84070.97660913115,87784.54073621597,3713.564127084828,True,308.32971171070153,44.091012697999986,407.783 -629.354;103.250 742.810;747.775 -57.054;-436.360 541.673;412.914 182.003;-732.085 160.256;11.963 -476.675;-412.024 -626.304;214.011 -243.772;-594.496 -276.335;-114.818 331.437;532.418 527.873,nan;79547.249;81810.118;82436.703;82594.861;82645.669;82682.606;82698.836;82702.655;82703.590;82785.114;82859.919;82875.012;82886.477;82888.683;82888.683;82897.556;83009.528;83027.618;83037.058;83037.237;83276.642;83329.149;83357.914;83363.003;83363.003;83451.297;83499.563;83513.774;83527.080;83527.080;83527.080;83587.827;83634.255;83657.102;83687.122;83687.449;83717.354;83848.423;83861.851;83866.009;83867.067;83906.525;84020.420;84048.466;84064.018;84070.977;84070.977;84070.977;84070.977;84070.977;84070.977;84070.977;84070.977;84070.977;84070.977;84070.977;84070.977;84070.977;84070.977;84070.977;84070.977;84070.977;84070.977;84070.977;84070.977;84070.977;84070.977;84070.977;84070.977;84070.977;84070.977;84070.977;84070.977;84070.977;84070.977;84070.977;84070.977;84070.977;84070.977;84070.977;84070.977;84070.977;84070.977;84070.977;84070.977;84070.977;84070.977;84070.977;84070.977;84070.977;84070.977;84070.977;84070.977;84070.977;84070.977;84070.977;84070.977;84070.977;84070.977;84070.977;84070.977;84070.977;84070.977;84070.977;84070.977;84070.977;84070.977;84070.977;84070.977;84070.977;84070.977;84070.977;84070.977;84070.977;84070.977;84070.977;84070.977;84070.977;84070.977;84070.977;84070.977;84070.977;84070.977;84070.977;84070.977;84070.977;84070.977;84070.977;84070.977;84070.977;84070.977;84070.977;84070.977;84070.977;84070.977;84070.977;84070.977;84070.977;84070.977;84070.977;84070.977;84070.977;84070.977;84070.977;84070.977;84070.977;84070.977;84070.977;84070.977;84070.977;84070.977;84070.977;84070.977;84070.977;84070.977;84070.977;84070.977;84070.977;84070.977;84070.977;84070.977;84070.977;84070.977;84070.977;84070.977;84070.977;84070.977;84070.977;84070.977;84070.977;84070.977;84070.977;84070.977;84070.977;84070.977;84070.977;84070.977;84070.977;84070.977;84070.977;84070.977;84070.977;84070.977;84070.977;84070.977;84070.977;84070.977;84070.977;84070.977;84070.977;84070.977;84070.977;84070.977;84070.977;84070.977;84070.977;84070.977;84070.977;84070.977
BVNS,2,750,12,16,120030,random,120030,84345.250016433,87784.54073621597,3439.2907197829772,True,316.4409519734357,43.9399619400001,109.774 -730.078;-706.834 204.479;122.495 738.281;494.246 -562.305;-80.875 -438.068;-732.422 -159.948;-564.819 492.475;-415.063 -321.289;-246.457 6.851;706.196 -231.427;490.326 200.820;547.382 512.075,nan;nan;80981.290;82196.805;82456.083;82484.755;82569.778;82581.774;82581.774;82581.774;82581.774;82581.774;82618.710;82669.157;82705.045;82725.373;82746.881;82757.337;82761.720;82761.720;82967.757;83007.226;83027.507;83045.472;83056.330;83059.882;83059.882;83059.882;83059.882;83059.882;83059.882;83059.882;83059.882;83059.882;83059.882;83059.882;83059.882;83059.882;83113.001;83129.376;83147.541;83159.025;83161.644;83161.644;83161.644;83161.644;83161.644;83161.644;83161.644;83178.549;83207.333;83226.161;83252.308;83256.753;83256.753;83323.945;83366.231;83401.020;83492.690;83493.670;83493.670;83493.670;83493.670;83493.670;83493.670;83493.670;83493.670;83493.670;83493.670;83493.670;83493.670;83493.670;83493.670;83493.670;83493.670;83493.670;83493.670;83493.670;83493.670;83493.670;83493.670;83493.670;83493.670;83493.670;83493.670;83493.670;83493.670;83493.670;83493.670;83493.670;83493.670;83493.670;83493.670;83493.670;83493.670;83570.196;83589.016;83624.393;83624.393;83624.393;83624.393;83624.393;83624.393;83624.393;83624.393;83624.393;83624.393;83624.393;83624.393;83624.393;83624.393;83624.393;83624.393;83624.393;83624.393;83624.393;83624.393;83624.393;83624.393;83624.393;83624.393;83624.393;83624.393;83624.393;83624.393;83624.393;83624.393;83624.393;83624.393;83624.393;83624.393;83624.393;83624.393;83624.393;83624.393;83624.393;83624.393;83624.393;83624.393;83624.393;83624.393;83624.393;83639.986;83657.950;83674.689;83695.779;83721.647;83725.307;83731.040;83731.040;83731.040;83731.040;83731.040;83731.040;83921.230;83962.667;83963.770;83963.770;84169.962;84266.707;84313.252;84323.336;84345.246;84345.250;84345.250;84345.250;84345.250;84345.250;84345.250;84345.250;84345.250;84345.250;84345.250;84345.250;84345.250;84345.250;84345.250;84345.250;84345.250;84345.250;84345.250;84345.250;84345.250;84345.250;84345.250;84345.250;84345.250;84345.250;84345.250;84345.250;84345.250;84345.250;84345.250;84345.250;84345.250;84345.250;84345.250;84345.250;84345.250;84345.250
BVNS,2,750,12,24,120030,random,120030,83969.17442949743,87784.54073621597,3815.3663067185407,True,312.16721514314673,44.40924101399992,-166.936 309.947;690.817 -170.691;-217.674 -673.140;-285.977 692.373;636.858 309.195;389.892 36.134;-205.270 -159.305;249.074 442.156;-498.866 -473.698;143.873 736.063;271.247 -699.087;-725.232 187.249,nan;80936.275;81537.365;81765.995;81882.122;82008.470;82062.897;82074.723;82089.247;82099.853;82107.354;82112.061;82112.061;82570.112;82861.353;82965.895;83013.867;83033.865;83055.359;83062.793;83063.157;83063.157;83063.157;83063.157;83063.157;83063.157;83063.157;83063.157;83063.157;83092.277;83249.318;83286.173;83322.632;83334.348;83344.385;83345.670;83345.670;83345.670;83345.670;83345.670;83345.670;83345.670;83345.670;83345.670;83345.670;83345.670;83345.670;83345.670;83345.670;83345.670;83345.670;83345.670;83345.670;83345.670;83345.670;83345.670;83345.670;83345.670;83345.670;83345.670;83345.670;83345.670;83345.670;83345.670;83345.670;83345.670;83345.670;83345.670;83345.670;83345.670;83345.670;83345.670;83345.670;83345.670;83345.670;83345.670;83345.670;83345.670;83482.631;83912.938;83953.812;83964.391;83969.174;83969.174;83969.174;83969.174;83969.174;83969.174;83969.174;83969.174;83969.174;83969.174;83969.174;83969.174;83969.174;83969.174;83969.174;83969.174;83969.174;83969.174;83969.174;83969.174;83969.174;83969.174;83969.174;83969.174;83969.174;83969.174;83969.174;83969.174;83969.174;83969.174;83969.174;83969.174;83969.174;83969.174;83969.174;83969.174;83969.174;83969.174;83969.174;83969.174;83969.174;83969.174;83969.174;83969.174;83969.174;83969.174;83969.174;83969.174;83969.174;83969.174;83969.174;83969.174;83969.174;83969.174;83969.174;83969.174;83969.174;83969.174;83969.174;83969.174;83969.174;83969.174;83969.174;83969.174;83969.174;83969.174;83969.174;83969.174;83969.174;83969.174;83969.174;83969.174;83969.174;83969.174;83969.174;83969.174;83969.174;83969.174;83969.174;83969.174;83969.174;83969.174;83969.174;83969.174;83969.174;83969.174;83969.174;83969.174;83969.174;83969.174;83969.174;83969.174;83969.174;83969.174;83969.174;83969.174;83969.174;83969.174;83969.174;83969.174;83969.174;83969.174;83969.174;83969.174;83969.174;83969.174;83969.174;83969.174;83969.174;83969.174;83969.174;83969.174;83969.174;83969.174;83969.174;83969.174;83969.174;83969.174
SSA,2,750,12,2,120030,random,120030,83198.02312742769,87784.54073621597,4586.517608788286,True,333.0145399573116,48.24862636600005,-337.980 539.513;-704.317 -257.755;75.829 705.436;514.333 149.174;-397.680 -474.404;-415.248 144.183;-637.807 394.591;323.962 -272.051;-125.064 -178.506;531.467 529.191;-24.281 -655.905;52.607 299.038,nan;nan;nan;nan;nan;nan;nan;nan;nan;nan;nan;nan;nan;nan;nan;nan;nan;nan;nan;nan;nan;nan;nan;nan;nan;nan;nan;nan;nan;nan;nan;nan;nan;nan;nan;nan;nan;nan;nan;nan;nan;nan;nan;nan;nan;nan;nan;nan;nan;nan;nan;nan;nan;nan;nan;nan;nan;nan;nan;nan;nan;nan;nan;nan;nan;nan;nan;nan;nan;nan;nan;nan;nan;nan;nan;nan;nan;nan;nan;nan;nan;80819.421;81339.594;81339.594;81339.594;81414.747;81414.747;81414.747;81414.747;81414.747;81414.747;81414.747;81414.747;81790.431;82063.992;82188.085;82188.085;82188.085;82299.380;82299.380;82299.380;82355.880;82355.880;82467.224;82467.224;82467.224;82467.224;82467.224;82467.224;82620.469;82647.459;82709.422;82933.258;82933.258;82933.258;82987.872;82987.872;83004.711;83004.711;83004.711;83018.022;83045.075;83046.270;83058.760;83088.812;83123.149;83135.724;83138.861;83146.829;83158.068;83162.418;83167.436;83168.739;83168.739;83168.739;83169.915;83170.014;83170.771;83175.960;83180.635;83184.645;83185.951;83186.003;83186.003;83186.798;83186.798;83186.985;83187.177;83187.509;83188.332;83189.223;83189.271;83189.271;83190.021;83191.580;83192.439;83193.271;83194.140;83194.983;83195.487;83195.590;83195.925;83196.650;83196.680;83197.025;83197.110;83197.222;83197.274;83197.296;83197.398;83197.470;83197.586;83197.689;83197.699;83197.763;83197.836;83197.863;83197.891;83197.891;83197.917;83197.938;83197.942;83197.962;83197.975;83197.981;83197.994;83197.999;83198.012;83198.015;83198.015;83198.018;83198.019;83198.019;83198.019;83198.019;83198.019;83198.020;83198.021;83198.022;83198.023
SSA,2,750,12,10,120030,random,120030,83045.05348129178,87784.54073621597,4739.487254924199,True,308.00015208199795,47.94020100600005,-522.179 538.358;-616.964 127.401;427.600 -362.010;517.874 425.384;-99.244 -738.519;-119.685 57.581;-451.531 -307.385;16.184 337.713;-102.272 677.451;-429.808 -614.626;120.489 -148.750;354.142 -661.123,nan;nan;nan;nan;nan;nan;nan;nan;nan;nan;nan;nan;nan;nan;nan;nan;nan;nan;nan;nan;nan;nan;nan;nan;nan;nan;nan;nan;nan;nan;nan;nan;nan;nan;nan;nan;nan;nan;nan;nan;nan;nan;nan;nan;nan;nan;nan;nan;nan;nan;nan;nan;nan;nan;nan;nan;nan;nan;nan;nan;nan;nan;nan;nan;nan;nan;nan;nan;nan;nan;nan;nan;nan;nan;nan;nan;nan;nan;nan;nan;nan;nan;nan;nan;nan;79712.317;79712.317;79712.317;79712.317;79712.317;79712.317;79712.317;79712.317;80229.303;80801.358;80801.358;80910.723;81643.782;81643.782;81804.311;81804.311;82012.399;82094.518;82162.371;82162.371;82162.371;82162.371;82162.371;82228.999;82228.999;82228.999;82395.806;82539.389;82539.389;82539.389;82550.140;82606.478;82639.587;82664.217;82713.936;82715.262;82730.724;82795.988;82811.935;82811.935;82824.196;82845.806;82917.628;82945.025;82946.379;82946.379;82948.339;82978.198;82993.412;83004.238;83007.933;83012.294;83020.111;83031.027;83034.884;83034.884;83035.307;83037.453;83037.531;83038.359;83038.907;83040.011;83040.066;83041.209;83041.482;83041.825;83042.528;83042.740;83042.740;83042.771;83042.902;83043.088;83043.356;83043.743;83043.743;83043.845;83044.173;83044.173;83044.199;83044.379;83044.485;83044.562;83044.667;83044.687;83044.725;83044.725;83044.725;83044.777;83044.800;83044.800;83044.817;83044.842;83044.874;83044.895;83044.907;83044.929;83044.977;83044.980;83044.981;83044.985;83045.011;83045.019;83045.019;83045.024;83045.025;83045.025;83045.031;83045.033;83045.038;83045.040;83045.044;83045.048;83045.049;83045.052;83045.053
SSA,2,750,12,18,120030,random,120030,83848.86853570232,87784.54073621597,3935.6722005136544,True,333.3735396934201,47.163164238000036,-52.633 -667.025;144.254 -370.725;-482.109 -574.518;601.423 445.395;341.732 666.619;667.764 -260.289;304.401 -685.449;-522.207 145.479;332.292 149.322;-548.980 -186.818;-104.719 -11.932;-292.019 690.814,nan;nan;nan;nan;nan;nan;nan;nan;nan;nan;nan;nan;nan;nan;nan;nan;nan;nan;nan;nan;nan;nan;nan;nan;nan;nan;nan;nan;nan;nan;nan;nan;nan;nan;nan;nan;nan;nan;nan;nan;nan;nan;nan;nan;nan;nan;nan;nan;nan;nan;nan;nan;nan;nan;nan;nan;nan;nan;nan;nan;nan;nan;nan;nan;nan;nan;nan;nan;nan;nan;81091.551;81091.551;81092.200;81707.236;81707.236;81707.236;81707.236;81707.236;81707.236;81707.236;81707.236;81735.007;81735.007;82062.647;82174.505;82327.483;82327.483;82650.327;82650.327;82650.327;82650.327;82650.327;82657.144;82657.144;82657.144;82657.144;82657.144;82657.144;82657.144;82786.940;82793.899;82793.899;82943.181;83171.053;83171.053;83171.053;83350.362;83393.786;83500.410;83545.952;83545.952;83545.952;83545.952;83599.415;83599.415;83638.391;83644.006;83682.687;83682.687;83682.687;83697.449;83715.420;83728.177;83738.531;83756.665;83760.168;83761.403;83761.403;83762.468;83762.468;83762.468;83762.468;83769.920;83780.079;83791.179;83817.805;83823.880;83828.766;83834.986;83838.764;83839.877;83841.113;83841.867;83842.669;83843.723;83844.129;83845.294;83845.411;83845.411;83845.586;83845.593;83846.081;83846.373;83846.373;83846.589;83847.156;83847.156;83847.156;83847.156;83847.208;83847.281;83847.635;83847.954;83848.029;83848.075;83848.126;83848.191;83848.194;83848.313;83848.430;83848.525;83848.574;83848.574;83848.583;83848.586;83848.605;83848.625;83848.639;83848.684;83848.705;83848.733;83848.733;83848.747;83848.762;83848.796;83848.817;83848.829;83848.835;83848.846;83848.856;83848.858;83848.858;83848.863;83848.865;83848.866;83848.866;83848.866;83848.867;83848.868;83848.869
SSA,2,750,12,26,120030,random,120030,83533.11578875259,87784.54073621597,4251.424947463383,True,313.79869389569757,47.82744006300004,-300.614 411.861;206.415 385.468;553.146 218.996;273.972 -390.811;304.265 -56.085;-469.168 -585.134;383.369 644.614;-532.445 -269.938;-155.699 716.618;-647.881 80.929;211.819 -713.548;-111.052 36.281,nan;nan;nan;nan;nan;nan;nan;nan;nan;nan;nan;nan;nan;nan;nan;nan;nan;nan;nan;nan;nan;nan;nan;nan;nan;nan;nan;nan;nan;nan;nan;nan;nan;nan;nan;nan;nan;nan;nan;nan;nan;nan;nan;nan;nan;nan;nan;nan;nan;nan;nan;nan;nan;nan;nan;nan;nan;nan;nan;nan;nan;nan;nan;nan;nan;nan;nan;nan;nan;nan;nan;nan;nan;nan;nan;nan;nan;nan;nan;nan;nan;nan;nan;nan;nan;nan;nan;81202.955;81202.955;82929.214;82929.214;82929.214;82929.214;82929.214;82929.214;82929.214;82929.214;82929.214;82929.214;82929.214;82929.214;82929.214;82929.214;82964.559;82964.559;82964.559;82964.559;83131.366;83131.366;83131.366;83205.769;83227.321;83227.321;83227.321;83266.963;83281.304;83337.400;83337.400;83337.400;83337.400;83340.050;83351.560;83377.577;83377.859;83382.686;83400.736;83436.571;83436.571;83439.933;83442.649;83458.894;83463.852;83465.091;83465.955;83470.970;83471.863;83475.047;83480.767;83486.442;83496.866;83503.821;83509.779;83513.297;83515.171;83518.749;83519.072;83520.701;83521.489;83523.254;83524.067;83524.973;83526.179;83527.268;83527.540;83527.540;83527.776;83528.488;83528.762;83529.202;83529.681;83530.403;83530.692;83530.800;83530.987;83531.299;83531.604;83531.667;83531.739;83531.887;83532.053;83532.248;83532.450;83532.547;83532.669;83532.778;83532.804;83532.811;83532.847;83532.898;83532.918;83532.946;83532.969;83533.008;83533.033;83533.038;83533.051;83533.079;83533.083;83533.084;83533.084;83533.085;83533.095;83533.096;83533.098;83533.103;83533.108;83533.110;83533.113;83533.115;83533.116
LXSSA,2,750,12,4,120030,random,120030,81267.60209499278,87784.54073621597,6516.938641223198,True,308.11983312787993,48.224719340999854,-453.957 261.211;-445.177 -603.558;49.527 -423.478;-461.549 -295.874;719.173 -112.583;-644.656 -29.928;548.687 -448.760;-201.680 -79.861;-52.863 217.683;266.678 366.510;335.285 -39.701;-90.951 -724.351,nan;nan;nan;nan;nan;nan;nan;nan;nan;nan;nan;nan;nan;nan;nan;nan;nan;nan;nan;nan;nan;nan;nan;nan;nan;nan;nan;nan;nan;nan;nan;nan;nan;nan;nan;nan;nan;nan;nan;nan;nan;nan;nan;nan;nan;nan;nan;nan;nan;nan;nan;nan;nan;nan;nan;nan;nan;nan;nan;nan;78961.088;78961.088;78961.088;79130.524;79220.432;79220.432;79220.432;79322.936;79322.936;79322.936;79322.936;79322.936;79322.936;79322.936;79322.936;79322.936;79322.936;79322.936;79322.936;79322.936;79322.936;79503.957;79503.957;79503.957;79503.957;79506.362;79507.061;79510.373;79510.373;79516.242;79516.242;79516.242;79516.320;79516.320;79561.295;79909.826;79910.407;79911.234;79914.995;79937.555;79978.798;80039.733;80097.793;80177.410;80180.212;80201.731;80201.731;80233.604;80259.433;80263.075;80309.723;80320.842;80322.113;80323.807;80332.437;80344.061;80352.179;80355.002;80367.526;80372.128;80440.082;80451.695;80455.821;80478.448;80478.677;80478.677;80490.359;80498.614;80501.175;80516.226;80536.648;80568.781;80570.525;80572.512;80577.711;80592.552;80602.821;80616.374;80635.877;80642.211;80713.614;80721.922;80730.490;80992.167;81153.250;81162.834;81172.485;81181.299;81186.381;81189.921;81195.498;81203.928;81207.608;81210.437;81212.102;81214.533;81221.483;81226.185;81228.742;81230.714;81233.449;81234.834;81235.888;81237.080;81239.679;81241.133;81242.340;81243.323;81244.551;81245.694;81248.799;81252.655;81255.518;81255.980;81256.293;81256.657;81256.873;81257.089;81257.205;81257.337;81257.579;81257.676;81258.093;81259.818;81260.320;81260.661;81261.343;81261.714;81262.020;81262.261;81262.410;81262.481;81262.601;81262.727;81263.053;81264.880;81265.314;81267.114;81267.342;81267.602
LXSSA,2,750,12,12,120030,random,120030,83527.24650363115,87784.54073621597,4257.294232584827,True,314.5149784890892,46.00717555999995,403.094 -632.468;649.214 -346.910;-16.287 -725.929;-197.411 54.283;-419.050 611.563;-566.824 -376.664;432.917 612.440;-17.926 404.470;271.991 -162.372;-82.423 -344.322;676.166 11.016;469.703 248.276,nan;nan;nan;nan;nan;nan;nan;nan;nan;nan;nan;nan;nan;nan;nan;nan;nan;nan;nan;nan;nan;nan;nan;nan;nan;nan;nan;nan;nan;nan;nan;nan;nan;nan;nan;nan;nan;nan;nan;nan;nan;nan;nan;nan;nan;nan;nan;nan;nan;nan;nan;79308.451;79308.451;79308.451;79518.308;79518.308;79518.308;79518.308;79518.308;79518.308;79563.625;79778.462;79897.402;79898.029;79898.029;79969.666;79969.666;79969.666;80219.616;80361.488;80361.488;80391.823;81100.337;81199.155;81199.395;81199.395;81642.109;81833.415;81835.383;82153.732;82520.516;82520.516;82673.964;82673.964;82673.964;82797.376;82797.376;82797.376;82880.735;82914.044;82915.132;83103.835;83103.835;83106.098;83106.105;83106.105;83106.105;83112.361;83112.361;83115.332;83116.313;83118.539;83119.015;83175.690;83315.755;83315.770;83315.770;83316.039;83316.462;83317.364;83317.364;83318.045;83326.729;83329.002;83330.564;83330.564;83330.564;83330.564;83332.508;83332.633;83343.880;83348.149;83353.735;83359.841;83367.893;83369.280;83372.570;83375.617;83376.663;83376.668;83383.943;83384.401;83394.030;83454.047;83457.592;83459.868;83466.586;83470.542;83476.029;83480.124;83486.761;83491.726;83496.266;83503.597;83505.726;83506.624;83508.301;83510.103;83511.316;83511.792;83513.116;83514.325;83515.463;83515.815;83516.381;83517.149;83517.996;83519.663;83521.001;83521.894;83522.721;83523.383;83523.730;83524.336;83524.788;83525.293;83525.542;83525.758;83525.926;83525.976;83526.087;83526.094;83526.156;83526.355;83526.509;83526.608;83526.702;83526.791;83526.866;83526.928;83526.985;83527.014;83527.062;83527.102;83527.120;83527.145;83527.162;83527.171;83527.177;83527.183;83527.199;83527.204;83527.206;83527.211;83527.218;83527.226;83527.238;83527.241;83527.245;83527.247
LXSSA,2,750,12,20,120030,random,120030,82226.74665066254,87784.54073621597,5557.79408555344,True,312.01071462621286,45.89279972899999,424.274 -618.435;-730.687 80.022;80.234 636.958;-376.758 215.544;12.056 232.818;662.238 -352.052;-656.677 -353.556;-155.485 -193.311;488.628 380.279;46.490 -431.128;296.113 92.747;645.082 27.573,nan;nan;nan;nan;nan;nan;nan;nan;nan;nan;nan;nan;nan;nan;nan;nan;nan;nan;nan;nan;nan;nan;nan;nan;nan;nan;80517.233;80517.233;80517.233;80517.233;80517.233;80517.233;80517.233;80517.233;80556.357;81241.959;81241.959;81241.959;81241.959;81241.959;81241.959;81241.959;81241.959;81241.959;81241.959;81241.959;81241.959;81241.959;81241.959;81264.017;81264.017;81264.017;81264.017;81264.017;81264.017;81264.017;81264.017;81264.017;81264.017;81264.017;81264.331;81509.538;81509.538;81509.538;81509.538;81510.371;81510.371;81510.371;81510.371;81512.480;81512.480;81512.480;81555.589;81555.589;81559.994;81610.840;81610.840;81612.056;81612.056;81612.056;81612.056;81612.056;81614.132;81614.132;81614.132;81622.692;81622.692;81622.692;81622.692;81622.692;81626.251;81626.835;81626.835;81626.835;81626.835;81626.835;81626.835;81644.457;81644.457;81644.495;81644.495;81644.495;81644.495;81647.370;81647.370;81647.969;81782.878;81991.027;82034.855;82041.479;82044.947;82091.622;82094.964;82097.334;82099.300;82107.315;82113.015;82128.166;82128.799;82129.690;82131.650;82134.852;82136.403;82139.282;82152.357;82154.437;82154.585;82161.364;82177.821;82183.326;82185.785;82185.785;82185.963;82192.004;82194.218;82201.830;82208.838;82211.696;82214.039;82215.440;82215.862;82216.111;82217.124;82217.183;82217.194;82217.245;82217.291;82217.439;82217.464;82218.966;82220.356;82220.970;82221.212;82221.294;82221.837;82221.921;82222.588;82222.753;82222.789;82222.823;82223.178;82223.452;82223.584;82224.045;82224.605;82224.982;82225.379;82225.423;82225.484;82225.539;82225.645;82225.900;82226.105;82226.252;82226.265;82226.401;82226.465;82226.509;82226.578;82226.589;82226.591;82226.614;82226.672;82226.686;82226.723;82226.732;82226.739;82226.740;82226.742;82226.743;82226.743;82226.744;82226.744;82226.744;82226.744;82226.746;82226.746;82226.746;82226.746;82226.747
LXSSA,2,750,12,28,120030,random,120030,83239.20016659882,87784.54073621597,4545.340569617154,True,331.2271227287319,46.43856827600007,142.229 710.141;-81.860 -298.246;491.402 339.978;-451.825 -179.265;315.781 -509.081;-188.247 48.522;-335.714 556.943;-148.878 -712.120;-560.463 -498.378;530.364 -34.609;-41.858 354.613;671.360 -334.327,nan;nan;nan;nan;nan;nan;nan;nan;nan;nan;nan;nan;nan;nan;nan;nan;nan;nan;nan;81028.900;81028.900;81028.900;81033.306;81033.306;81033.306;81033.306;81033.306;81033.306;81033.306;81033.306;81033.306;81033.306;81033.306;81033.306;81033.306;81033.306;81033.306;81033.306;81033.306;81062.671;81213.123;81213.123;81213.123;81213.123;81213.123;81213.123;81213.123;81213.123;81213.123;81213.123;81213.123;81213.123;81235.937;81235.937;81322.366;81322.366;81322.366;81322.366;81322.366;81322.366;81534.581;81534.581;81534.581;81724.002;81724.002;81724.002;81724.002;81724.002;81724.002;81724.002;81724.002;81724.002;81724.002;81724.002;81724.002;81724.002;81726.737;81729.777;81763.975;81763.975;81763.975;82547.316;82629.500;82629.972;82629.972;82634.616;82641.542;82641.542;82641.542;82641.542;82641.542;82641.542;82648.864;82648.864;82648.919;82649.551;82656.879;82677.882;82678.469;82731.493;82732.834;82732.834;82737.462;82737.952;82738.384;82764.126;82787.841;82831.527;82832.915;82876.400;82876.423;82881.201;82895.437;82907.487;82959.413;82975.532;82982.186;82983.449;82983.449;82983.636;82986.088;82989.164;82998.327;83044.248;83056.741;83081.116;83114.524;83132.368;83170.639;83174.540;83182.293;83183.337;83193.424;83197.546;83201.047;83203.372;83204.047;83208.084;83209.615;83214.193;83221.526;83223.939;83226.000;83227.296;83227.304;83227.942;83231.525;83232.547;83232.727;83232.944;83234.354;83234.812;83234.976;83235.691;83236.453;83236.808;83237.015;83237.323;83237.740;83237.836;83237.908;83238.091;83238.155;83238.157;83238.163;83238.216;83238.375;83238.498;83238.588;83238.656;83238.694;83238.728;83238.780;83238.834;83238.881;83238.968;83238.993;83239.002;83239.018;83239.044;83239.068;83239.085;83239.097;83239.120;83239.133;83239.134;83239.135;83239.138;83239.141;83239.153;83239.161;83239.166;83239.181;83239.185;83239.191;83239.194;83239.195;83239.196;83239.197;83239.200
PSOC,2,750,12,6,120030,random,120030,83574.29380373325,87784.54073621597,4210.246932482725,True,309.9586274477119,46.203818744000046,-637.944 -394.370;338.309 -637.859;-431.093 613.725;-685.790 303.627;-329.437 15.201;136.262 -399.321;107.218 242.945;36.025 -106.018;672.883 -248.102;429.366 614.935;361.961 15.534;-205.980 -561.501,nan;nan;nan;79658.389;80161.126;81000.002;81551.857;81777.835;82118.565;82405.393;82453.494;82619.406;82758.293;82764.402;82771.557;82781.561;82929.127;83116.283;83126.106;83159.706;83182.902;83198.997;83227.292;83233.619;83249.191;83260.008;83296.151;83300.350;83308.793;83313.266;83314.927;83317.056;83317.460;83318.093;83322.333;83327.966;83329.773;83331.059;83335.879;83337.525;83338.049;83341.108;83341.649;83342.842;83345.561;83347.338;83558.490;83561.216;83561.501;83561.802;83562.694;83562.905;83563.514;83563.636;83563.791;83564.230;83564.856;83565.102;83565.468;83565.642;83565.740;83565.886;83566.014;83566.076;83566.090;83566.108;83566.133;83566.213;83566.239;83566.289;83566.289;83566.346;83566.369;83566.395;83566.418;83566.434;83566.442;83566.443;83566.445;83566.447;83566.455;83566.484;83566.484;83566.486;83566.487;83566.487;83566.487;83566.488;83566.500;83566.500;83566.501;83566.504;83566.554;83566.579;83566.579;83566.583;83566.585;83566.591;83566.596;83566.598;83566.598;83566.599;83566.603;83566.615;83566.625;83566.725;83567.151;83567.372;83567.604;83567.673;83567.745;83568.437;83568.611;83568.741;83568.759;83568.787;83568.817;83568.924;83569.033;83569.044;83569.217;83569.263;83569.278;83569.335;83569.487;83570.397;83571.722;83572.803;83573.000;83573.144;83573.355;83573.483;83573.538;83573.615;83573.664;83573.872;83573.974;83574.111;83574.132;83574.144;83574.206;83574.210;83574.216;83574.219;83574.221;83574.222;83574.223;83574.223;83574.224;83574.224;83574.226;83574.232;83574.236;83574.238;83574.238;83574.239;83574.239;83574.240;83574.242;83574.246;83574.249;83574.249;83574.250;83574.251;83574.251;83574.251;83574.252;83574.252;83574.252;83574.252;83574.257;83574.261;83574.277;83574.279;83574.279;83574.279;83574.279;83574.280;83574.280;83574.280;83574.280;83574.280;83574.280;83574.281;83574.282;83574.282;83574.282;83574.282;83574.283;83574.288;83574.288;83574.289;83574.292;83574.292;83574.292;83574.292;83574.292;83574.293;83574.294;83574.294
PSOC,2,750,12,14,120030,random,120030,83443.69242158496,87784.54073621597,4340.848314631017,True,308.00007594092153,45.77194580100013,-701.382 -265.255;-647.575 280.591;492.850 23.216;300.197 681.420;-309.525 -683.004;623.815 -416.358;-426.368 585.709;682.192 311.632;-89.111 744.687;-424.670 -129.997;28.879 166.901;-0.451 -355.273,nan;nan;nan;79306.519;80887.648;81682.468;82225.999;82258.990;82286.835;82352.045;82456.962;82663.232;82690.915;82699.681;82702.710;83090.325;83099.832;83108.672;83122.904;83127.185;83129.815;83138.226;83141.335;83147.325;83236.580;83237.241;83244.721;83250.412;83261.722;83272.050;83274.705;83280.107;83290.783;83293.878;83294.802;83295.604;83298.000;83300.900;83302.595;83309.651;83312.917;83318.181;83322.301;83327.477;83339.153;83348.932;83380.172;83383.120;83384.628;83386.637;83387.431;83388.000;83388.268;83388.559;83388.813;83388.847;83388.871;83388.884;83388.983;83389.969;83390.069;83390.111;83390.139;83390.265;83392.880;83393.350;83394.254;83395.632;83396.920;83399.248;83400.254;83400.365;83400.462;83400.850;83401.013;83403.097;83403.699;83403.762;83403.926;83404.332;83441.311;83441.355;83441.418;83441.463;83441.527;83441.635;83441.809;83441.905;83441.907;83441.912;83441.958;83441.991;83442.055;83442.077;83442.091;83442.132;83442.145;83442.171;83442.175;83442.189;83442.191;83442.195;83442.197;83442.199;83442.200;83442.204;83442.216;83442.240;83442.250;83442.278;83442.283;83442.287;83442.293;83442.301;83442.302;83442.524;83442.537;83442.603;83442.668;83442.681;83442.855;83443.465;83443.489;83443.493;83443.498;83443.506;83443.512;83443.516;83443.519;83443.519;83443.520;83443.520;83443.521;83443.521;83443.521;83443.522;83443.524;83443.525;83443.526;83443.526;83443.526;83443.527;83443.527;83443.527;83443.528;83443.528;83443.528;83443.529;83443.533;83443.570;83443.577;83443.587;83443.595;83443.596;83443.597;83443.598;83443.611;83443.617;83443.620;83443.636;83443.637;83443.637;83443.656;83443.656;83443.659;83443.660;83443.663;83443.665;83443.665;83443.665;83443.665;83443.666;83443.666;83443.666;83443.666;83443.666;83443.666;83443.666;83443.667;83443.669;83443.670;83443.671;83443.673;83443.685;83443.691;83443.692;83443.692;83443.692;83443.692;83443.692;83443.692;83443.692;83443.692;83443.692;83443.692;83443.692;83443.692;83443.692;83443.692;83443.692
PSOC,2,750,12,22,120030,random,120030,83910.465352361,87784.54073621597,3874.0753838549717,True,308.0000001124268,44.917720603000134,-408.296 -629.122;273.471 210.465;-235.805 -373.954;-584.322 334.641;749.920 10.947;-137.060 388.765;453.438 593.462;-700.052 -31.942;-336.964 670.041;335.542 -210.550;383.462 -629.676;71.498 712.397,nan;nan;81510.141;82074.317;82179.745;82202.789;82271.590;82384.354;82957.190;83030.947;83141.916;83239.176;83274.271;83419.292;83478.790;83514.791;83597.514;83603.742;83610.500;83635.970;83681.745;83685.842;83687.789;83690.422;83691.399;83697.883;83700.611;83703.801;83728.754;83753.113;83753.926;83756.318;83757.229;83793.935;83810.432;83811.916;83813.559;83819.545;83821.922;83823.841;83823.963;83824.621;83825.052;83825.144;83857.188;83860.219;83866.311;83869.405;83880.408;83886.235;83889.779;83894.036;83896.364;83896.545;83896.605;83897.015;83897.047;83897.050;83897.116;83897.786;83898.057;83898.583;83898.625;83898.719;83898.752;83898.771;83898.790;83898.845;83898.877;83898.893;83898.926;83899.000;83899.131;83899.762;83900.628;83901.949;83904.845;83906.363;83907.579;83908.851;83908.874;83908.961;83908.982;83909.000;83909.038;83909.243;83909.440;83909.506;83909.517;83909.581;83909.690;83909.841;83909.863;83909.869;83909.870;83909.887;83909.930;83909.932;83909.938;83909.941;83909.944;83909.950;83909.970;83910.008;83910.040;83910.041;83910.071;83910.099;83910.184;83910.264;83910.308;83910.333;83910.350;83910.352;83910.366;83910.369;83910.373;83910.373;83910.374;83910.376;83910.387;83910.389;83910.389;83910.390;83910.407;83910.410;83910.411;83910.413;83910.413;83910.414;83910.414;83910.415;83910.416;83910.416;83910.418;83910.450;83910.450;83910.451;83910.451;83910.451;83910.451;83910.451;83910.451;83910.453;83910.453;83910.453;83910.453;83910.453;83910.454;83910.455;83910.456;83910.456;83910.456;83910.456;83910.456;83910.456;83910.456;83910.456;83910.456;83910.456;83910.456;83910.456;83910.457;83910.457;83910.457;83910.457;83910.457;83910.457;83910.457;83910.457;83910.457;83910.457;83910.457;83910.457;83910.457;83910.457;83910.457;83910.457;83910.457;83910.459;83910.462;83910.465;83910.465;83910.465;83910.465;83910.465;83910.465;83910.465;83910.465;83910.465;83910.465;83910.465;83910.465;83910.465;83910.465;83910.465;83910.465;83910.465;83910.465;83910.465
PSOC,2,750,12,30,120030,random,120030,83616.23346892872,87784.54073621597,4168.307267287251,True,343.6446610323807,45.168638181999995,416.613 -513.191;579.940 384.240;-560.280 -498.584;-651.919 370.813;-311.860 623.252;254.941 -144.623;147.283 -735.396;732.743 -159.964;-56.864 203.390;-749.745 19.541;-0.425 -425.116;-282.507 -117.198,nan;nan;nan;80666.822;81302.298;82331.175;82358.524;82522.800;82793.581;82872.692;82882.519;82885.345;82892.457;82948.594;82963.510;82981.985;83005.655;83283.816;83293.430;83323.235;83433.769;83451.278;83452.274;83456.652;83456.989;83463.864;83465.130;83473.383;83479.478;83482.033;83486.246;83486.914;83488.581;83490.384;83492.296;83493.248;83494.208;83494.304;83510.306;83511.549;83515.124;83523.706;83525.003;83525.201;83527.223;83528.243;83530.316;83531.653;83572.978;83574.008;83605.155;83606.728;83608.295;83610.946;83612.855;83613.140;83613.851;83614.166;83614.298;83614.320;83614.362;83614.507;83614.706;83614.777;83614.833;83614.897;83614.917;83614.936;83614.936;83614.940;83614.944;83615.112;83615.129;83615.272;83615.273;83615.278;83615.535;83615.554;83615.574;83615.603;83615.635;83615.645;83615.646;83615.649;83615.670;83615.671;83615.671;83615.671;83615.672;83615.672;83615.672;83615.673;83615.673;83615.673;83615.673;83615.673;83615.674;83615.674;83615.674;83615.674;83615.674;83615.675;83615.709;83615.710;83615.712;83615.713;83615.713;83615.714;83615.714;83615.715;83615.715;83615.715;83615.715;83615.719;83615.725;83615.726;83615.727;83615.731;83615.737;83615.740;83615.760;83615.802;83615.873;83615.892;83615.900;83615.903;83615.906;83615.906;83615.906;83615.907;83615.907;83615.907;83615.907;83615.907;83615.908;83615.910;83615.914;83615.919;83615.924;83615.925;83615.925;83615.926;83615.926;83615.926;83615.926;83615.926;83615.926;83615.926;83615.926;83615.926;83615.927;83615.927;83615.927;83615.927;83615.927;83615.927;83615.927;83615.927;83615.927;83615.927;83615.928;83615.929;83615.929;83615.929;83615.930;83615.934;83615.936;83615.947;83616.003;83616.047;83616.082;83616.207;83616.209;83616.220;83616.227;83616.229;83616.231;83616.231;83616.232;83616.232;83616.232;83616.232;83616.233;83616.233;83616.233;83616.233;83616.233;83616.233;83616.233;83616.233;83616.233;83616.233;83616.233;83616.233;83616.233;83616.233;83616.233;83616.233;83616.233;83616.233
DE,2,750,12,8,120030,random,120030,84275.53129865506,87784.54073621597,3509.0094375609187,True,308.00011896065917,64.36299901200005,-614.382 319.881;376.438 -648.687;-223.381 -715.962;-138.773 -6.177;-375.177 -328.293;689.020 296.228;636.471 -364.787;712.488 -10.877;-749.288 32.674;-385.214 599.848;87.598 352.132;367.500 653.792,nan;nan;nan;nan;nan;nan;nan;nan;nan;nan;nan;nan;nan;nan;nan;nan;nan;nan;nan;nan;nan;nan;nan;nan;nan;nan;nan;nan;81093.366;82296.144;82322.191;82639.237;82788.604;83077.005;83262.199;83385.993;83678.776;83760.623;83795.026;83909.629;83917.922;83943.850;83962.281;84003.008;84054.177;84054.177;84118.497;84162.412;84175.283;84187.240;84194.538;84201.916;84206.629;84215.920;84222.155;84228.388;84231.454;84231.988;84235.269;84238.869;84240.851;84243.384;84247.992;84252.238;84253.680;84255.320;84256.594;84258.195;84258.716;84259.894;84261.056;84261.911;84262.521;84263.541;84264.414;84264.803;84265.532;84266.368;84267.426;84268.409;84269.161;84269.850;84270.165;84270.632;84270.989;84271.248;84271.470;84271.831;84272.169;84272.317;84272.399;84272.562;84272.645;84272.763;84272.816;84272.906;84272.970;84273.066;84273.122;84273.162;84273.209;84273.259;84273.307;84273.338;84273.389;84273.438;84273.519;84273.701;84273.869;84274.212;84274.408;84274.642;84274.802;84274.922;84275.016;84275.056;84275.129;84275.179;84275.219;84275.237;84275.253;84275.287;84275.304;84275.315;84275.316;84275.320;84275.326;84275.341;84275.350;84275.358;84275.365;84275.368;84275.372;84275.376;84275.379;84275.382;84275.385;84275.387;84275.389;84275.392;84275.393;84275.398;84275.403;84275.406;84275.410;84275.412;84275.414;84275.417;84275.419;84275.420;84275.426;84275.429;84275.435;84275.441;84275.446;84275.450;84275.455;84275.458;84275.459;84275.462;84275.463;84275.464;84275.466;84275.468;84275.470;84275.471;84275.473;84275.474;84275.476;84275.479;84275.485;84275.493;84275.505;84275.511;84275.513;84275.516;84275.518;84275.519;84275.521;84275.523;84275.524;84275.525;84275.526;84275.527;84275.527;84275.527;84275.528;84275.528;84275.528;84275.529;84275.529;84275.530;84275.530;84275.530;84275.530;84275.530;84275.531;84275.531;84275.531;84275.531
DE,2,750,12,16,120030,random,120030,84284.97757805527,87784.54073621597,3499.5631581607013,True,319.91171194004255,86.56363425600011,470.042 -580.558;-711.507 -237.164;424.355 237.145;-505.268 554.250;-480.317 -576.006;267.855 -93.723;-270.761 -283.918;611.704 -272.912;445.454 569.127;-568.013 240.552;-86.124 745.036;-40.899 -748.876,nan;nan;nan;nan;nan;nan;nan;nan;nan;nan;nan;nan;nan;nan;nan;nan;nan;nan;nan;nan;nan;nan;nan;nan;nan;nan;nan;nan;nan;nan;nan;nan;nan;80534.041;81525.593;81784.237;82022.087;82113.865;82362.958;82362.958;82375.770;82375.770;82665.792;82665.792;82874.079;83023.762;83256.714;83256.714;83256.714;83438.352;83438.352;83811.842;83811.842;83811.842;83844.203;83859.093;83931.435;83965.687;84008.160;84038.078;84057.841;84110.846;84131.747;84174.700;84184.790;84190.836;84195.250;84200.261;84203.574;84207.680;84210.285;84214.350;84218.157;84224.365;84227.466;84230.489;84231.326;84232.833;84236.486;84239.241;84240.423;84243.496;84244.603;84247.190;84249.981;84253.015;84255.949;84260.273;84261.443;84264.186;84266.047;84267.523;84268.459;84269.397;84269.621;84270.147;84270.750;84271.329;84271.576;84271.945;84272.475;84272.767;84273.097;84273.419;84273.760;84274.099;84274.442;84274.588;84274.892;84275.169;84275.529;84275.660;84275.824;84275.930;84275.984;84276.095;84276.163;84276.245;84276.296;84276.453;84276.455;84276.609;84276.698;84276.828;84276.908;84277.023;84277.092;84277.145;84277.207;84277.237;84277.264;84277.320;84277.372;84277.423;84277.473;84277.536;84277.609;84277.633;84277.672;84277.689;84277.725;84277.765;84277.793;84277.909;84278.009;84278.184;84278.410;84278.707;84278.960;84279.142;84279.217;84279.324;84279.653;84280.585;84281.078;84281.518;84281.801;84281.993;84282.220;84282.335;84282.416;84282.517;84282.634;84282.722;84282.905;84283.002;84283.068;84283.120;84283.187;84283.244;84283.311;84283.354;84283.377;84283.430;84283.498;84283.556;84283.586;84283.607;84283.645;84283.655;84283.700;84283.769;84283.826;84283.875;84283.968;84284.165;84284.212;84284.266;84284.322;84284.344;84284.397;84284.436;84284.472;84284.560;84284.619;84284.745;84284.786;84284.844;84284.915;84284.974
DE,2,750,12,24,120030,random,120030,84646.03730146594,87784.54073621597,3138.503434750033,True,349.01438429570794,126.37258558200006,616.350 427.310;597.072 -390.565;-255.944 -704.977;348.823 -663.942;103.716 -219.432;294.557 663.418;-464.733 340.121;-342.713 667.111;708.986 -43.684;-428.938 -69.039;-607.014 -411.175;342.701 131.240,nan;nan;nan;nan;nan;nan;nan;nan;nan;nan;nan;nan;nan;nan;nan;nan;nan;nan;nan;nan;nan;nan;nan;nan;81227.359;82159.619;82663.555;82735.921;82800.366;83198.272;83576.029;83576.029;83576.029;83679.346;83679.346;83693.332;83693.332;83770.948;83789.097;83836.687;83905.524;84014.022;84014.022;84014.022;84045.127;84114.390;84170.036;84170.036;84175.753;84175.753;84235.372;84235.372;84401.657;84427.624;84500.871;84551.217;84562.369;84562.483;84571.890;84577.311;84584.635;84589.760;84596.240;84602.538;84606.119;84611.245;84614.751;84617.656;84620.637;84623.476;84624.282;84625.448;84626.894;84627.747;84628.678;84629.483;84630.419;84631.486;84632.630;84633.271;84633.804;84634.303;84634.611;84634.919;84635.208;84635.459;84635.784;84636.129;84636.349;84636.756;84637.045;84637.426;84637.518;84637.661;84637.831;84638.015;84638.209;84638.274;84638.347;84638.382;84638.500;84638.549;84638.634;84638.719;84638.797;84638.987;84639.124;84639.177;84641.624;84641.736;84641.850;84641.933;84641.976;84642.043;84642.127;84642.180;84642.205;84642.246;84642.345;84642.376;84642.429;84642.538;84642.594;84642.640;84642.666;84642.791;84642.864;84642.963;84643.093;84643.138;84643.189;84643.257;84643.353;84643.399;84643.432;84643.482;84643.512;84643.538;84643.568;84643.593;84643.622;84643.645;84643.677;84643.697;84643.707;84643.727;84643.742;84643.787;84643.845;84643.876;84643.894;84643.917;84643.935;84643.965;84643.991;84644.015;84644.043;84644.085;84644.109;84644.123;84644.130;84644.138;84644.146;84644.153;84644.153;84644.155;84644.160;84644.170;84644.188;84644.199;84644.212;84644.218;84644.222;84644.232;84644.237;84644.245;84644.252;84644.260;84644.295;84644.328;84644.339;84644.349;84644.377;84644.453;84644.686;84644.931;84645.119;84645.247;84645.434;84645.525;84645.615;84645.677;84645.703;84645.781;84645.846;84645.882;84645.940;84645.970;84646.004;84646.028
SLSQP,2,750,12,2,120030,random,120030,83475.71365273,87784.54073621597,4308.827083485972,True,308.2701045385605,251.02165404100015,-509.605 -548.965;475.026 -499.738;287.190 87.405;703.248 217.748;-580.653 473.642;-53.837 -748.041;-740.843 116.821;-719.590 -190.715;-155.131 393.872;250.500 691.434;-192.617 -203.096;724.387 -191.653,80950.694;80950.694;80950.694;80950.694;81815.505;81815.505;81815.505;82086.374;82381.303;82381.303;82381.303;82381.303;82381.303;82530.301;82530.301;82621.847;82648.159;82648.159;82648.159;82830.732;82832.337;82851.893;82851.893;82851.893;82851.893;82851.893;82953.238;82953.238;82953.238;82953.238;82953.238;82953.238;82953.238;82953.238;82953.238;82953.238;82953.238;82953.238;82953.238;82953.238;82953.238;82953.238;82953.238;82953.238;82953.238;83008.475;83023.854;83232.196;83232.196;83232.196;83232.196;83232.196;83232.196;83232.196;83232.196;83232.196;83232.196;83232.196;83232.196;83232.196;83232.196;83232.196;83232.196;83232.196;83232.196;83232.196;83232.196;83232.196;83232.196;83232.196;83232.196;83232.196;83232.196;83232.196;83232.196;83232.196;83232.196;83232.196;83232.196;83232.196;83232.196;83232.196;83475.714;83475.714;83475.714;83475.714;83475.714;83475.714;83475.714;83475.714;83475.714;83475.714;83475.714;83475.714;83475.714;83475.714;83475.714;83475.714;83475.714;83475.714;83475.714;83475.714;83475.714;83475.714;83475.714;83475.714;83475.714;83475.714;83475.714;83475.714;83475.714;83475.714;83475.714;83475.714;83475.714;83475.714;83475.714;83475.714;83475.714;83475.714;83475.714;83475.714;83475.714;83475.714;83475.714;83475.714;83475.714;83475.714;83475.714;83475.714;83475.714;83475.714;83475.714;83475.714;83475.714;83475.714;83475.714;83475.714;83475.714;83475.714;83475.714;83475.714;83475.714;83475.714;83475.714;83475.714;83475.714;83475.714;83475.714;83475.714;83475.714;83475.714;83475.714;83475.714;83475.714;83475.714;83475.714;83475.714;83475.714;83475.714;83475.714;83475.714;83475.714;83475.714;83475.714;83475.714;83475.714;83475.714;83475.714;83475.714;83475.714;83475.714;83475.714;83475.714;83475.714;83475.714;83475.714;83475.714;83475.714;83475.714;83475.714;83475.714;83475.714;83475.714;83475.714;83475.714;83475.714;83475.714;83475.714;83475.714;83475.714;83475.714;83475.714;83475.714;83475.714;83475.714;83475.714;83475.714;83475.714;83475.714
SLSQP,2,750,12,10,120030,random,120030,83417.44790382386,87784.54073621597,4367.092832392111,True,313.2708040525945,292.43348866199995,-705.588 248.126;124.271 -87.058;-391.497 -625.565;110.372 462.364;633.406 -400.991;-420.352 616.779;-596.975 -45.714;715.534 220.273;235.535 -662.649;411.554 611.799;738.984 -105.037;-309.036 -306.886,82651.933;82996.985;83006.159;83265.791;83269.989;83274.697;83283.160;83283.287;83283.334;83292.803;83292.810;83292.810;83292.810;83292.810;83292.810;83292.810;83292.810;83292.810;83292.810;83292.810;83292.810;83292.810;83292.810;83292.810;83292.810;83292.810;83292.810;83292.810;83292.810;83292.810;83292.810;83292.810;83292.810;83292.810;83292.810;83292.810;83292.810;83292.810;83292.810;83292.810;83292.810;83292.810;83292.810;83292.810;83292.810;83292.810;83292.810;83292.810;83292.810;83292.810;83292.810;83292.810;83292.810;83292.810;83292.810;83292.810;83292.810;83292.810;83292.810;83292.810;83292.810;83292.810;83292.810;83292.810;83292.810;83292.810;83292.810;83292.810;83292.810;83292.810;83292.810;83292.810;83292.810;83292.810;83292.810;83305.807;83305.807;83305.807;83305.807;83305.807;83305.807;83305.807;83305.807;83305.807;83305.807;83305.807;83305.807;83305.807;83305.807;83305.807;83305.807;83305.807;83305.807;83305.807;83305.807;83305.807;83305.807;83305.807;83305.807;83305.807;83305.807;83305.807;83305.807;83305.807;83305.807;83305.807;83305.807;83305.807;83305.807;83305.807;83305.807;83305.807;83305.807;83305.807;83305.807;83305.807;83305.807;83305.807;83305.807;83305.807;83305.807;83305.807;83305.807;83305.807;83305.807;83305.807;83305.807;83305.807;83305.807;83305.807;83305.807;83305.807;83305.807;83305.807;83305.807;83305.807;83305.807;83305.807;83305.807;83305.807;83305.807;83305.807;83305.807;83305.807;83305.807;83305.807;83305.807;83305.807;83305.807;83305.807;83305.807;83305.807;83305.807;83305.807;83305.807;83305.807;83305.807;83305.807;83305.807;83305.807;83305.807;83393.277;83417.448;83417.448;83417.448;83417.448;83417.448;83417.448;83417.448;83417.448;83417.448;83417.448;83417.448;83417.448;83417.448;83417.448;83417.448;83417.448;83417.448;83417.448;83417.448;83417.448;83417.448;83417.448;83417.448;83417.448;83417.448;83417.448;83417.448;83417.448;83417.448;83417.448;83417.448;83417.448;83417.448;83417.448;83417.448;83417.448;83417.448;83417.448
SLSQP,2,750,12,18,120030,random,120030,83911.45872516595,87784.54073621597,3873.082011050021,True,317.8029099386883,289.461725935,735.883 122.851;48.000 343.565;237.378 -70.794;-639.422 381.959;712.262 -227.967;-532.403 -234.677;-18.258 -745.693;490.566 -537.888;-331.309 -540.457;345.024 663.697;-701.369 70.252;-122.982 735.496,81739.566;82424.543;82428.004;82672.533;82944.984;82944.984;82944.984;82944.984;82944.984;82944.984;82944.984;82944.984;82944.984;82944.984;82944.984;82944.984;82944.984;82944.984;83024.090;83044.379;83051.866;83052.279;83052.279;83052.279;83052.279;83052.279;83052.279;83052.279;83052.279;83052.279;83052.279;83052.279;83052.279;83052.279;83052.279;83052.279;83052.279;83052.279;83052.279;83052.279;83052.279;83052.279;83052.279;83052.279;83052.279;83054.104;83054.104;83111.249;83111.249;83111.249;83111.249;83111.249;83111.249;83111.249;83111.249;83111.249;83111.249;83111.249;83111.249;83111.249;83111.249;83111.249;83111.249;83111.249;83111.249;83111.249;83111.249;83111.249;83111.249;83111.249;83111.249;83111.249;83111.249;83111.249;83111.249;83111.249;83111.249;83111.249;83111.249;83111.249;83111.249;83111.249;83111.249;83111.249;83111.249;83111.249;83111.249;83111.249;83407.710;83504.954;83504.954;83504.954;83504.954;83504.954;83504.954;83504.954;83504.954;83504.954;83504.954;83504.954;83504.954;83504.954;83504.954;83504.954;83504.954;83504.954;83640.407;83736.364;83743.632;83743.632;83743.632;83743.632;83743.632;83743.632;83743.632;83743.632;83743.632;83743.632;83743.632;83743.632;83743.632;83743.632;83743.632;83743.632;83743.632;83743.632;83743.632;83743.632;83743.632;83743.632;83825.023;83911.200;83911.459;83911.459;83911.459;83911.459;83911.459;83911.459;83911.459;83911.459;83911.459;83911.459;83911.459;83911.459;83911.459;83911.459;83911.459;83911.459;83911.459;83911.459;83911.459;83911.459;83911.459;83911.459;83911.459;83911.459;83911.459;83911.459;83911.459;83911.459;83911.459;83911.459;83911.459;83911.459;83911.459;83911.459;83911.459;83911.459;83911.459;83911.459;83911.459;83911.459;83911.459;83911.459;83911.459;83911.459;83911.459;83911.459;83911.459;83911.459;83911.459;83911.459;83911.459;83911.459;83911.459;83911.459;83911.459;83911.459;83911.459;83911.459;83911.459;83911.459;83911.459;83911.459;83911.459;83911.459;83911.459;83911.459;83911.459;83911.459
SLSQP,2,750,12,26,120030,random,120030,83475.92593356286,87784.54073621597,4308.6148026531155,True,308.0450519830144,256.5713473400001,-741.567 -110.697;614.196 430.207;202.070 722.258;-14.382 66.449;-31.552 459.726;693.222 -194.229;-429.035 -582.792;-190.075 -272.725;-683.614 191.848;428.334 -573.326;-573.825 482.860;740.541 112.768,81626.701;81630.787;81767.346;81767.346;81951.631;81951.631;81951.631;82043.481;82043.481;82151.424;82642.665;82714.657;82815.053;82843.614;82843.719;82852.268;82852.269;82852.269;82852.269;82852.269;82852.269;82852.269;82852.269;82852.269;82852.269;82852.269;82852.269;82852.269;82852.269;82852.269;82852.269;82852.269;82852.269;82852.269;82852.269;82852.269;83048.379;83048.672;83048.672;83048.815;83048.815;83048.815;83048.815;83048.815;83048.815;83048.815;83048.815;83048.815;83048.815;83048.815;83048.815;83048.815;83048.815;83048.815;83048.815;83048.815;83048.815;83048.815;83048.815;83048.815;83048.815;83048.815;83048.815;83048.815;83048.815;83048.815;83048.815;83048.815;83048.815;83048.815;83048.815;83048.815;83048.815;83048.815;83048.815;83048.815;83048.815;83048.815;83048.815;83048.815;83048.815;83048.815;83048.815;83048.815;83048.815;83048.815;83048.815;83048.815;83048.815;83048.815;83048.815;83048.815;83251.447;83251.447;83251.447;83251.447;83251.447;83251.447;83251.447;83251.447;83251.447;83251.447;83251.447;83251.447;83251.447;83251.447;83251.447;83251.447;83251.447;83251.447;83251.447;83251.447;83251.447;83251.447;83251.447;83251.447;83251.447;83251.447;83251.447;83251.447;83251.447;83251.447;83251.447;83251.447;83251.447;83251.447;83251.447;83251.447;83251.447;83251.447;83251.447;83251.447;83251.447;83251.447;83251.447;83251.447;83251.447;83251.447;83251.447;83251.447;83269.229;83326.033;83326.033;83326.033;83326.033;83326.033;83326.033;83326.033;83326.033;83326.033;83326.033;83326.033;83326.033;83326.033;83326.033;83326.033;83326.033;83326.033;83326.033;83326.033;83326.033;83326.033;83475.926;83475.926;83475.926;83475.926;83475.926;83475.926;83475.926;83475.926;83475.926;83475.926;83475.926;83475.926;83475.926;83475.926;83475.926;83475.926;83475.926;83475.926;83475.926;83475.926;83475.926;83475.926;83475.926;83475.926;83475.926;83475.926;83475.926;83475.926;83475.926;83475.926;83475.926;83475.926;83475.926;83475.926;83475.926;83475.926;83475.926;83475.926
SSABV,2,500,10,4,120030,random,120030,68578.95101805663,73153.78394684664,4574.832928790012,True,308.0528749595186,118.9260192910001,-348.732 357.571;-32.843 -493.865;142.998 146.716;-400.249 -299.668;-202.158 -19.971;87.113 -156.225;365.310 -340.955;-493.384 81.071;181.017 465.834;434.820 246.843,nan;nan;nan;nan;nan;nan;nan;nan;nan;nan;nan;nan;nan;nan;nan;nan;nan;nan;nan;nan;nan;nan;nan;nan;nan;nan;nan;nan;nan;nan;nan;nan;nan;nan;nan;nan;nan;nan;nan;nan;nan;nan;nan;nan;nan;nan;nan;nan;nan;nan;nan;nan;nan;65766.851;66797.278;67190.242;67190.242;67401.244;67401.244;67406.042;67679.288;67686.574;67708.497;67718.880;67766.289;67767.255;67788.135;67827.084;67830.911;67835.062;67835.467;67835.939;67841.286;67841.793;67843.222;67844.184;67844.242;67845.242;67845.289;67845.624;67845.737;67845.902;67846.082;67846.246;67846.412;67846.565;67846.609;67846.762;67846.809;67846.824;67846.842;67846.848;67846.853;67846.864;67846.872;67846.881;67846.886;67846.889;67846.891;67846.894;68549.708;68570.408;68578.951;68578.951;68578.951;68578.951;68578.951;68578.951;68578.951;68578.951;68578.951;68578.951;68578.951;68578.951;68578.951;68578.951;68578.951;68578.951;68578.951;68578.951;68578.951;68578.951;68578.951;68578.951;68578.951;68578.951;68578.951;68578.951;68578.951;68578.951;68578.951;68578.951;68578.951;68578.951;68578.951;68578.951;68578.951;68578.951;68578.951;68578.951;68578.951;68578.951;68578.951;68578.951;68578.951;68578.951;68578.951;68578.951;68578.951;68578.951;68578.951;68578.951;68578.951;68578.951;68578.951;68578.951;68578.951;68578.951;68578.951;68578.951;68578.951;68578.951;68578.951;68578.951;68578.951;68578.951;68578.951;68578.951;68578.951;68578.951;68578.951;68578.951;68578.951;68578.951;68578.951;68578.951;68578.951;68578.951;68578.951;68578.951;68578.951;68578.951;68578.951;68578.951;68578.951;68578.951;68578.951;68578.951;68578.951;68578.951;68578.951;68578.951;68578.951;68578.951;68578.951;68578.951;68578.951;68578.951;68578.951;68578.951
SSABV,2,500,10,12,120030,random,120030,68037.48808171041,73153.78394684664,5116.295865136228,True,309.54733245735173,69.89760781599989,267.633 421.571;-183.200 -67.109;-217.593 450.000;462.500 -189.727;443.499 166.835;260.276 -426.506;-468.143 174.341;140.544 -88.096;-109.734 -449.568;-389.801 -312.551,nan;nan;nan;nan;nan;nan;nan;nan;nan;nan;nan;nan;nan;nan;nan;nan;nan;nan;nan;nan;nan;nan;nan;nan;nan;nan;nan;nan;nan;nan;nan;nan;nan;nan;nan;nan;nan;nan;nan;nan;nan;nan;nan;nan;nan;nan;nan;nan;nan;nan;nan;nan;nan;nan;nan;nan;65677.933;65677.933;65677.933;65677.933;65893.309;65895.590;65952.837;65970.574;65973.856;65980.604;65982.369;65982.369;65990.403;65996.730;66000.034;66000.865;66002.989;66007.335;66008.868;66010.968;66012.085;66013.481;66014.171;66014.863;66014.863;66015.288;66015.673;66015.758;66015.758;66015.840;66015.900;66015.954;66015.957;66016.008;66016.010;66016.029;66016.043;66016.049;66016.055;66016.067;66016.077;66016.078;66016.080;66016.081;67619.481;67656.447;67681.083;67690.968;67690.968;67861.285;67973.583;67987.189;67989.023;67989.023;67989.023;67989.023;67989.023;67989.023;67989.023;67989.023;67989.023;67989.023;67989.023;67989.023;67989.023;67989.023;67989.023;67989.023;67989.023;67989.023;67989.023;67989.023;67989.023;67989.023;67989.023;67989.023;67989.023;67989.023;67989.023;67989.023;67989.023;67989.023;67989.023;67989.023;67989.023;67989.023;67989.023;67989.023;67989.023;67989.023;67989.023;67989.023;67989.023;67989.023;67989.023;67989.023;67989.023;67989.023;67989.023;67989.023;67989.023;67989.023;67989.023;68021.763;68032.291;68037.488;68037.488;68037.488;68037.488;68037.488;68037.488;68037.488;68037.488;68037.488;68037.488;68037.488;68037.488;68037.488;68037.488;68037.488;68037.488;68037.488;68037.488;68037.488;68037.488;68037.488;68037.488;68037.488;68037.488;68037.488;68037.488;68037.488;68037.488;68037.488;68037.488;68037.488;68037.488;68037.488;68037.488;68037.488;68037.488;68037.488;68037.488;68037.488
SSABV,2,500,10,20,120030,random,120030,68358.79524903135,73153.78394684664,4794.988697815294,True,308.2429023774307,50.892140432999895,-339.241 367.228;-422.591 -261.503;333.904 111.054;170.401 469.969;189.557 -302.563;-110.891 -105.464;469.075 -165.971;-41.431 228.770;-180.432 -466.026;-481.009 79.069,nan;nan;nan;nan;nan;nan;nan;nan;nan;nan;nan;nan;nan;nan;nan;nan;nan;nan;nan;nan;nan;nan;nan;nan;nan;nan;nan;nan;nan;nan;nan;nan;nan;nan;nan;nan;nan;nan;nan;nan;nan;nan;nan;nan;nan;nan;nan;nan;nan;66162.360;66162.360;66162.360;66162.360;66162.360;66342.224;66342.224;66432.790;66479.027;66480.427;66480.427;66480.427;66577.334;66600.700;66606.379;66672.230;66682.291;66696.685;66712.329;66719.452;66724.834;66726.808;66729.966;66730.812;66733.208;66734.802;66734.901;66735.161;66735.892;66736.785;66737.414;66737.580;66737.767;66737.818;66738.037;66738.322;66738.513;66738.657;66738.761;66738.798;66738.868;66738.894;66738.903;66738.924;66738.957;66738.972;66738.988;66739.002;66739.009;66739.011;66739.013;66947.089;66953.523;66953.523;67324.407;67674.593;67710.637;67717.520;67717.520;67809.243;68021.627;68026.029;68026.029;68184.182;68261.341;68293.761;68305.054;68305.054;68305.054;68305.054;68358.795;68358.795;68358.795;68358.795;68358.795;68358.795;68358.795;68358.795;68358.795;68358.795;68358.795;68358.795;68358.795;68358.795;68358.795;68358.795;68358.795;68358.795;68358.795;68358.795;68358.795;68358.795;68358.795;68358.795;68358.795;68358.795;68358.795;68358.795;68358.795;68358.795;68358.795;68358.795;68358.795;68358.795;68358.795;68358.795;68358.795;68358.795;68358.795;68358.795;68358.795;68358.795;68358.795;68358.795;68358.795;68358.795;68358.795;68358.795;68358.795;68358.795;68358.795;68358.795;68358.795;68358.795;68358.795;68358.795;68358.795;68358.795;68358.795;68358.795;68358.795;68358.795;68358.795;68358.795;68358.795;68358.795;68358.795;68358.795;68358.795;68358.795;68358.795;68358.795;68358.795;68358.795;68358.795;68358.795;68358.795;68358.795;68358.795;68358.795;68358.795
SSABV,2,500,10,28,120030,random,120030,68434.63505439699,73153.78394684664,4719.148892449652,True,308.11413891736163,43.64238495199993,-98.501 166.544;-83.174 -170.029;202.629 428.542;-55.108 -496.875;246.080 -51.235;-390.211 -277.114;457.325 201.343;-298.742 400.719;-493.951 31.947;352.646 -353.908,nan;nan;nan;nan;nan;nan;nan;nan;nan;nan;nan;nan;nan;nan;nan;nan;nan;nan;nan;nan;nan;nan;nan;nan;nan;nan;nan;nan;nan;nan;nan;nan;nan;nan;nan;nan;nan;nan;nan;nan;nan;nan;nan;nan;nan;nan;nan;nan;nan;nan;nan;66445.025;66445.025;66445.025;66445.025;66632.976;66643.477;66643.477;66651.619;66665.060;66945.928;66999.686;67005.245;67023.741;67168.784;67202.058;67204.868;67215.580;67591.700;67594.756;67601.125;67604.468;67609.725;67611.461;67613.910;67614.463;67615.690;67616.590;67616.948;67616.974;67617.243;67617.526;67617.660;67617.748;67617.748;67617.782;67617.815;67617.866;67617.881;67617.889;67617.894;67617.901;67617.919;67617.922;67617.924;67617.924;67617.924;67617.925;67617.926;67617.927;67775.523;67776.351;67776.351;67811.709;67824.710;67824.919;67844.500;67921.758;67932.318;67932.318;67943.170;68097.343;68132.877;68150.455;68155.811;68155.811;68362.170;68397.078;68421.381;68434.635;68434.635;68434.635;68434.635;68434.635;68434.635;68434.635;68434.635;68434.635;68434.635;68434.635;68434.635;68434.635;68434.635;68434.635;68434.635;68434.635;68434.635;68434.635;68434.635;68434.635;68434.635;68434.635;68434.635;68434.635;68434.635;68434.635;68434.635;68434.635;68434.635;68434.635;68434.635;68434.635;68434.635;68434.635;68434.635;68434.635;68434.635;68434.635;68434.635;68434.635;68434.635;68434.635;68434.635;68434.635;68434.635;68434.635;68434.635;68434.635;68434.635;68434.635;68434.635;68434.635;68434.635;68434.635;68434.635;68434.635;68434.635;68434.635;68434.635;68434.635;68434.635;68434.635;68434.635;68434.635;68434.635;68434.635;68434.635;68434.635;68434.635;68434.635;68434.635;68434.635;68434.635;68434.635;68434.635;68434.635;68434.635;68434.635;68434.635;68434.635
LXBV,2,500,10,6,120030,random,120030,68106.09708394723,73153.78394684664,5047.6868628994125,True,311.15104815422416,41.670765489999894,160.127 -376.773;-497.789 1.864;466.182 -159.068;387.667 287.924;-280.442 -413.893;-383.805 317.700;95.241 479.280;-90.827 212.921;-174.757 -111.178;201.692 20.752,nan;nan;nan;nan;nan;nan;nan;nan;nan;nan;nan;nan;nan;nan;nan;nan;nan;nan;nan;nan;nan;nan;nan;nan;nan;nan;nan;nan;nan;nan;nan;nan;nan;nan;nan;nan;nan;nan;nan;nan;nan;nan;nan;nan;nan;nan;66842.980;66944.652;66944.652;66984.531;67298.964;67301.253;67432.365;67433.311;67436.002;67440.988;67440.988;67447.893;67476.170;67477.504;67478.707;67479.035;67481.853;67484.161;67489.183;67503.785;67505.923;67511.036;67515.276;67515.663;67515.689;67517.024;67517.344;67517.868;67519.444;67519.471;67519.548;67520.903;67521.222;67521.776;67522.121;67522.354;67522.445;67522.532;67522.678;67522.743;67522.793;67522.895;67522.973;67522.995;67523.017;67523.042;67523.069;67523.089;67523.099;67523.120;67523.134;67523.141;67523.150;67523.155;67640.909;67663.119;67673.057;67924.006;67924.006;67924.006;67924.006;67924.006;67924.006;67924.006;67924.006;67924.006;67924.006;67924.006;67924.006;67924.006;67924.006;67924.006;67924.006;67924.006;67924.006;67924.006;67924.006;67924.006;67924.006;67924.006;67924.006;67924.006;67924.006;67924.006;67924.006;67924.006;67924.006;67924.006;67924.006;67924.006;67924.006;67924.006;67924.006;67924.006;67924.006;67924.006;67924.006;67924.006;67924.006;67924.006;67924.006;67924.006;67924.006;67924.006;67924.006;67924.006;67924.006;67924.006;67924.006;67924.006;67924.006;67924.006;67924.006;67924.006;67924.006;67924.006;67924.006;67924.006;67924.006;67924.006;67924.006;67924.006;67924.006;67924.006;67924.006;67924.006;67924.006;67924.006;67924.006;67924.006;67924.006;67924.006;67924.006;67924.006;67924.006;67924.006;67924.006;67924.006;67924.006;67924.006;67924.006;67924.006;67924.006;67924.006;67924.006;67943.985;67950.245;67950.245;67950.245;67971.663;67995.366;68001.345;68001.345;68101.062
LXBV,2,500,10,14,120030,random,120030,68347.4761934104,73153.78394684664,4806.307753436238,True,312.9016419239453,40.60956825300036,-154.172 -475.428;104.563 438.369;-52.845 -179.388;472.976 -141.279;-482.423 131.176;163.604 80.769;283.767 -411.342;-451.681 -214.193;463.287 187.764;-307.523 392.231,nan;nan;nan;nan;nan;nan;nan;nan;nan;nan;nan;nan;nan;nan;nan;nan;nan;nan;nan;nan;nan;nan;nan;nan;nan;nan;nan;nan;nan;nan;nan;nan;nan;nan;nan;nan;nan;nan;nan;nan;nan;nan;nan;65096.036;65096.036;65096.755;65097.082;65306.155;66466.775;66466.775;66469.557;66470.010;66476.081;66790.256;67171.658;67176.124;67184.709;67187.827;67192.295;67205.074;67279.343;67287.435;67308.071;67311.094;67311.745;67312.342;67313.700;67315.200;67318.789;67321.913;67324.416;67328.994;67330.638;67332.645;67333.241;67333.604;67334.874;67335.502;67336.041;67336.601;67336.802;67336.920;67336.965;67337.001;67337.026;67337.047;67337.093;67337.168;67337.296;67337.397;67337.474;67337.513;67337.524;67337.549;67337.556;67337.569;67337.580;67337.584;67337.589;67337.589;67697.676;67733.488;67742.044;67742.044;67922.856;68011.633;68028.494;68029.198;68258.638;68328.893;68347.476;68347.476;68347.476;68347.476;68347.476;68347.476;68347.476;68347.476;68347.476;68347.476;68347.476;68347.476;68347.476;68347.476;68347.476;68347.476;68347.476;68347.476;68347.476;68347.476;68347.476;68347.476;68347.476;68347.476;68347.476;68347.476;68347.476;68347.476;68347.476;68347.476;68347.476;68347.476;68347.476;68347.476;68347.476;68347.476;68347.476;68347.476;68347.476;68347.476;68347.476;68347.476;68347.476;68347.476;68347.476;68347.476;68347.476;68347.476;68347.476;68347.476;68347.476;68347.476;68347.476;68347.476;68347.476;68347.476;68347.476;68347.476;68347.476;68347.476;68347.476;68347.476;68347.476;68347.476;68347.476;68347.476;68347.476;68347.476;68347.476;68347.476;68347.476;68347.476;68347.476;68347.476;68347.476;68347.476;68347.476;68347.476;68347.476;68347.476;68347.476;68347.476;68347.476;68347.476;68347.476;68347.476;68347.476;68347.476;68347.476;68347.476
LXBV,2,500,10,22,120030,random,120030,68684.51369721128,73153.78394684664,4469.2702496353595,True,312.00897016539034,42.644069511,132.722 -113.365;-34.024 167.084;338.050 -356.673;-5.509 493.752;-352.741 312.541;-272.345 -287.097;-5.753 -473.864;452.455 3.222;392.664 309.449;-463.807 6.633,nan;nan;nan;nan;nan;nan;nan;nan;nan;nan;nan;nan;nan;nan;nan;nan;nan;nan;nan;nan;nan;nan;nan;nan;nan;nan;nan;nan;nan;nan;nan;nan;nan;nan;nan;nan;nan;nan;nan;nan;nan;nan;nan;64817.998;65030.476;65030.476;65087.621;65296.213;65631.087;65650.502;66013.081;66013.081;66018.133;66318.058;66318.646;66367.225;66458.860;66465.778;66467.558;66472.594;66492.912;66515.594;66540.187;66579.173;66593.818;66609.066;66611.889;66614.981;66619.670;66620.172;66625.235;66627.125;66627.845;66629.691;66632.361;66633.570;66633.960;66634.641;66635.425;66635.548;66636.148;66636.392;66636.470;66636.745;66636.961;66637.022;66637.077;66637.117;66637.176;66637.203;66637.246;66637.282;66637.316;66637.343;66637.362;66637.385;66637.387;66637.389;66637.390;66637.397;67668.498;67699.220;67699.351;67699.351;67699.351;67699.351;67699.351;67699.351;67699.351;67699.351;67699.351;67699.351;67699.351;67699.351;67699.351;67699.351;67699.351;67699.351;67699.351;67699.351;67699.351;67699.351;67699.351;67699.351;67699.351;67699.351;67699.351;67699.351;67699.351;67699.351;67699.351;67699.351;67699.351;67699.351;67699.351;67699.351;67699.351;67699.351;67699.351;67699.351;67699.351;67699.351;67699.351;67699.351;67699.351;67699.351;67699.351;67699.351;67699.351;67699.351;67699.351;67699.351;67699.351;67699.351;67699.351;67699.351;67699.351;67699.351;67699.351;67699.351;67699.351;67699.351;67699.351;67782.111;67848.961;67895.677;67923.271;67930.050;67930.608;67930.608;68007.591;68171.623;68227.211;68244.385;68245.863;68245.863;68245.863;68245.863;68245.863;68250.378;68263.729;68269.644;68280.876;68291.404;68302.406;68302.691;68528.219;68557.321;68568.008;68568.008;68568.008;68568.008;68568.008;68568.008;68584.226;68635.442;68665.076;68677.429;68684.514;68684.514
LXBV,2,500,10,30,120030,random,120030,68489.19939209112,73153.78394684664,4664.584554755522,True,318.26321655323414,41.67846915400014,-499.219 20.673;-123.790 -484.375;-188.960 134.300;466.991 -29.841;-393.474 -297.592;-214.175 451.562;132.127 482.100;-40.369 -174.998;398.840 301.535;359.618 -333.894,nan;nan;nan;nan;nan;nan;nan;nan;nan;nan;nan;nan;nan;nan;nan;nan;nan;nan;nan;nan;nan;nan;nan;nan;nan;nan;nan;nan;nan;nan;nan;nan;nan;nan;nan;nan;nan;nan;nan;nan;nan;nan;nan;nan;nan;nan;nan;nan;nan;nan;nan;nan;nan;nan;nan;nan;nan;nan;nan;nan;nan;nan;nan;65853.727;65907.868;65943.551;65954.475;65959.479;65963.213;66014.414;66021.498;66033.997;66036.090;66038.172;66041.859;66044.552;66046.052;66046.508;66047.072;66048.190;66048.603;66048.869;66049.676;66050.544;66051.011;66051.277;66051.433;66051.486;66051.570;66051.592;66051.607;66051.645;66051.684;66051.708;66051.721;66051.732;66051.739;66051.742;66051.745;66051.748;67112.328;67130.095;67145.282;67146.838;67847.670;68039.999;68125.429;68130.765;68130.765;68130.765;68233.909;68289.906;68292.928;68292.928;68292.928;68292.928;68292.928;68292.928;68292.928;68292.928;68292.928;68292.928;68292.928;68292.928;68292.928;68292.928;68292.928;68292.928;68292.928;68292.928;68292.928;68292.928;68292.928;68292.928;68292.928;68292.928;68292.928;68292.928;68292.928;68292.928;68292.928;68292.928;68292.928;68292.928;68292.928;68292.928;68292.928;68292.928;68292.928;68361.767;68386.374;68398.867;68402.848;68402.848;68402.848;68402.848;68402.848;68402.848;68402.848;68402.848;68402.848;68409.354;68457.695;68480.771;68489.199;68489.199;68489.199;68489.199;68489.199;68489.199;68489.199;68489.199;68489.199;68489.199;68489.199;68489.199;68489.199;68489.199;68489.199;68489.199;68489.199;68489.199;68489.199;68489.199;68489.199;68489.199;68489.199;68489.199;68489.199;68489.199;68489.199;68489.199;68489.199;68489.199;68489.199;68489.199;68489.199;68489.199;68489.199;68489.199
RSVNS,2,500,10,8,120030,random,120030,69019.10979233286,73153.78394684664,4134.6741545137775,True,312.68087797149013,42.91094011600035,-57.466 496.683;-47.927 -191.966;-412.359 274.101;53.584 103.779;-470.771 -44.955;-363.714 -342.812;59.054 -495.580;327.142 329.578;470.276 -44.449;364.990 -341.189,nan;nan;nan;nan;nan;nan;nan;nan;nan;nan;nan;nan;nan;nan;nan;nan;nan;nan;nan;nan;nan;nan;nan;nan;nan;nan;nan;nan;nan;nan;nan;nan;nan;nan;nan;nan;nan;nan;nan;nan;nan;nan;nan;nan;nan;nan;nan;nan;nan;nan;nan;nan;nan;nan;nan;nan;nan;nan;nan;nan;nan;nan;nan;nan;nan;nan;nan;nan;nan;nan;nan;nan;nan;nan;nan;nan;nan;nan;nan;nan;nan;nan;nan;nan;nan;nan;nan;nan;nan;nan;nan;nan;nan;nan;nan;nan;nan;nan;nan;nan;nan;67020.537;68114.321;68153.001;68166.080;68171.782;68171.782;68171.782;68190.320;68259.191;68269.762;68273.380;68273.380;68297.452;68371.496;68385.352;68400.632;68414.175;68423.769;68423.769;68423.769;68423.769;68423.769;68423.769;68423.769;68438.002;68459.459;68488.402;68512.945;68523.540;68524.295;68524.295;68553.413;68573.983;68578.126;68578.126;68578.126;68578.126;68578.126;68578.126;68578.126;68578.126;68578.126;68578.126;68578.126;68578.126;68578.126;68578.126;68578.126;68578.126;68578.126;68578.126;68578.126;68578.126;68578.126;68578.126;68578.126;68578.126;68578.126;68578.126;68578.126;68578.126;68578.126;68578.126;68578.126;68578.126;68578.126;68916.468;68961.940;69012.652;69019.110;69019.110;69019.110;69019.110;69019.110;69019.110;69019.110;69019.110;69019.110;69019.110;69019.110;69019.110;69019.110;69019.110;69019.110;69019.110;69019.110;69019.110;69019.110;69019.110;69019.110;69019.110;69019.110;69019.110;69019.110;69019.110;69019.110;69019.110;69019.110;69019.110
RSVNS,2,500,10,16,120030,random,120030,68152.48027221349,73153.78394684664,5001.303674633149,True,308.4349691510524,41.4965428710002,128.277 187.971;67.642 495.312;-482.031 132.173;-187.812 27.401;50.053 -176.575;-56.066 -495.996;494.531 -72.108;339.601 -366.841;-281.787 366.767;-369.195 -337.067,nan;nan;nan;nan;nan;nan;nan;nan;nan;nan;nan;nan;nan;nan;nan;nan;nan;nan;nan;nan;nan;nan;nan;nan;nan;nan;nan;nan;nan;nan;nan;nan;nan;nan;nan;nan;nan;nan;nan;nan;nan;nan;nan;nan;nan;nan;nan;nan;nan;nan;nan;nan;nan;nan;nan;nan;nan;nan;nan;nan;nan;nan;nan;nan;nan;nan;nan;nan;nan;nan;nan;nan;nan;nan;nan;nan;nan;nan;nan;nan;nan;nan;nan;nan;nan;nan;nan;nan;nan;nan;nan;nan;nan;nan;nan;nan;nan;nan;nan;nan;nan;66424.967;67223.812;67623.984;67838.298;67864.839;67868.714;67868.714;67868.714;67868.714;67868.714;67868.714;67868.714;67868.714;67868.714;67868.714;67868.714;67868.714;67868.714;67868.714;67868.714;67868.714;67868.714;67868.714;67868.714;67868.714;67868.714;67868.714;67868.714;67868.714;67868.714;67868.714;67868.714;67868.714;67868.714;67868.714;67868.714;67868.714;67868.714;67868.714;67868.714;67868.714;67868.714;67868.714;67868.714;67868.714;67868.714;67868.714;67868.714;67868.714;67868.714;67868.714;67868.714;67868.714;67868.714;67868.714;67868.714;67868.714;67868.714;67868.714;67868.714;67868.714;67868.714;67868.714;67868.714;67868.714;67868.714;67868.714;67868.714;67868.714;67868.714;67868.714;67868.714;67874.811;67904.901;67916.797;67930.636;67936.079;67936.079;67936.079;67936.079;67936.079;67936.079;67936.079;67936.079;67936.079;67936.079;67936.079;67936.079;67936.079;67936.079;67936.079;67936.079;68055.393;68069.713;68073.611;68073.611;68085.289;68141.796;68152.480
RSVNS,2,500,10,24,120030,random,120030,68217.54610180567,73153.78394684664,4936.237845040974,True,317.79957647611224,42.22206439799993,152.823 85.025;480.564 -125.197;-362.484 344.237;-136.094 -479.688;185.224 458.798;-304.587 20.305;447.512 222.999;308.550 -392.928;44.342 -216.320;-408.324 -288.067,nan;nan;nan;nan;nan;nan;nan;nan;nan;nan;nan;nan;nan;nan;nan;nan;nan;nan;nan;nan;nan;nan;nan;nan;nan;nan;nan;nan;nan;nan;nan;nan;nan;nan;nan;nan;nan;nan;nan;nan;nan;nan;nan;nan;nan;nan;nan;nan;nan;nan;nan;nan;nan;nan;nan;nan;nan;nan;nan;nan;nan;nan;nan;nan;nan;nan;nan;nan;nan;nan;nan;nan;nan;nan;nan;nan;nan;nan;nan;nan;nan;nan;nan;nan;nan;nan;nan;nan;nan;nan;nan;nan;nan;nan;nan;nan;nan;nan;nan;nan;nan;67473.806;67539.341;67594.176;67603.553;67606.492;67825.012;68021.877;68189.083;68211.541;68212.006;68212.006;68212.006;68212.006;68212.006;68212.006;68212.006;68212.006;68212.006;68212.006;68212.006;68212.006;68212.006;68212.006;68212.006;68212.006;68212.006;68212.006;68212.006;68212.006;68212.006;68212.006;68212.006;68212.006;68212.006;68212.006;68212.006;68212.006;68212.006;68212.006;68212.006;68212.006;68212.006;68212.006;68212.006;68212.006;68212.006;68212.006;68212.006;68212.006;68212.006;68212.006;68212.006;68212.006;68212.006;68212.006;68212.006;68212.006;68217.546;68217.546;68217.546;68217.546;68217.546;68217.546;68217.546;68217.546;68217.546;68217.546;68217.546;68217.546;68217.546;68217.546;68217.546;68217.546;68217.546;68217.546;68217.546;68217.546;68217.546;68217.546;68217.546;68217.546;68217.546;68217.546;68217.546;68217.546;68217.546;68217.546;68217.546;68217.546;68217.546;68217.546;68217.546;68217.546;68217.546;68217.546;68217.546;68217.546;68217.546;68217.546
BVNS,2,500,10,2,120030,random,120030,68283.61468377677,73153.78394684664,4870.169263069867,True,308.20458939737205,38.92219585800012,473.586 159.088;-129.197 169.111;47.684 -497.352;192.781 -39.856;-497.644 41.602;-407.574 -289.426;261.030 413.631;450.198 -217.181;-126.179 -155.333;-150.727 476.562,nan;nan;nan;nan;nan;65182.444;65637.131;65809.324;66016.481;66033.098;66040.389;66047.609;66052.805;66060.603;66068.340;66068.340;66661.625;66703.397;66737.514;66749.216;66754.731;66989.743;67402.423;67404.281;67404.281;67404.281;67404.281;67404.281;67404.281;67639.431;67679.278;67715.791;67762.135;67780.377;67795.328;67797.057;67797.057;67797.057;67797.057;67797.057;67797.057;67797.057;67797.057;67797.057;67797.057;67797.057;67797.057;67797.057;67797.057;67797.057;67797.057;67797.057;67797.057;67797.057;67797.057;67797.057;67797.057;67797.057;67797.057;67797.057;67797.057;67797.057;67797.057;67797.057;67797.057;67797.057;67797.057;67797.057;67797.057;67797.057;67797.057;67797.057;67797.057;68011.007;68064.626;68090.009;68100.116;68101.107;68101.107;68101.107;68101.107;68101.107;68101.107;68101.107;68101.107;68101.107;68101.107;68101.107;68101.107;68101.107;68101.107;68101.107;68101.107;68101.107;68101.107;68101.107;68101.107;68101.107;68101.107;68101.107;68101.107;68101.107;68101.107;68101.107;68101.107;68101.107;68101.107;68101.107;68101.107;68101.107;68239.424;68266.640;68282.028;68283.615;68283.615;68283.615;68283.615;68283.615;68283.615;68283.615;68283.615;68283.615;68283.615;68283.615;68283.615;68283.615;68283.615;68283.615;68283.615;68283.615;68283.615;68283.615;68283.615;68283.615;68283.615;68283.615;68283.615;68283.615;68283.615;68283.615;68283.615;68283.615;68283.615;68283.615;68283.615;68283.615;68283.615;68283.615;68283.615;68283.615;68283.615;68283.615;68283.615;68283.615;68283.615;68283.615;68283.615;68283.615;68283.615;68283.615;68283.615;68283.615;68283.615;68283.615;68283.615;68283.615;68283.615;68283.615;68283.615;68283.615;68283.615;68283.615;68283.615;68283.615;68283.615;68283.615;68283.615;68283.615;68283.615;68283.615;68283.615;68283.615;68283.615;68283.615;68283.615;68283.615;68283.615;68283.615;68283.615;68283.615;68283.615;68283.615;68283.615;68283.615;68283.615;68283.615;68283.615;68283.615;68283.615;68283.615
BVNS,2,500,10,10,120030,random,120030,68208.48325965516,73153.78394684664,4945.300687191484,True,310.3703650747991,39.85395485400022,71.480 486.604;111.216 163.310;-461.308 -173.374;-217.567 -379.587;-265.660 423.308;-405.254 136.171;-123.525 -63.553;230.595 -443.181;367.040 339.049;467.188 -177.141,nan;nan;nan;66244.290;67455.768;67557.107;67595.273;67606.567;67626.744;67632.638;67632.638;67632.638;67632.638;67632.638;67632.638;67632.638;67632.638;67632.638;67632.638;67632.638;67632.638;67632.638;67632.638;67632.638;67632.638;67632.638;67632.638;67632.638;67632.638;67632.638;67632.638;67632.638;67632.638;67632.638;67632.638;67632.638;67632.638;67632.638;67632.638;67632.638;67632.638;67632.638;67632.638;67632.638;67632.638;67632.638;67632.638;67632.638;67632.638;67632.638;67632.638;67632.638;67632.638;67632.638;67632.638;67942.155;67987.462;68013.623;68129.834;68135.551;68135.551;68135.551;68135.551;68135.551;68135.551;68135.551;68135.551;68135.551;68186.958;68207.690;68208.483;68208.483;68208.483;68208.483;68208.483;68208.483;68208.483;68208.483;68208.483;68208.483;68208.483;68208.483;68208.483;68208.483;68208.483;68208.483;68208.483;68208.483;68208.483;68208.483;68208.483;68208.483;68208.483;68208.483;68208.483;68208.483;68208.483;68208.483;68208.483;68208.483;68208.483;68208.483;68208.483;68208.483;68208.483;68208.483;68208.483;68208.483;68208.483;68208.483;68208.483;68208.483;68208.483;68208.483;68208.483;68208.483;68208.483;68208.483;68208.483;68208.483;68208.483;68208.483;68208.483;68208.483;68208.483;68208.483;68208.483;68208.483;68208.483;68208.483;68208.483;68208.483;68208.483;68208.483;68208.483;68208.483;68208.483;68208.483;68208.483;68208.483;68208.483;68208.483;68208.483;68208.483;68208.483;68208.483;68208.483;68208.483;68208.483;68208.483;68208.483;68208.483;68208.483;68208.483;68208.483;68208.483;68208.483;68208.483;68208.483;68208.483;68208.483;68208.483;68208.483;68208.483;68208.483;68208.483;68208.483;68208.483;68208.483;68208.483;68208.483;68208.483;68208.483;68208.483;68208.483;68208.483;68208.483;68208.483;68208.483;68208.483;68208.483;68208.483;68208.483;68208.483;68208.483;68208.483;68208.483;68208.483;68208.483;68208.483;68208.483;68208.483;68208.483;68208.483;68208.483;68208.483;68208.483;68208.483;68208.483;68208.483
BVNS,2,500,10,18,120030,random,120030,68426.54416433301,73153.78394684664,4727.239782513629,True,309.7790665257372,39.097837248999895,275.440 313.451;-6.750 499.616;-39.134 154.561;-61.671 -164.867;492.309 54.285;161.905 -473.049;432.812 -249.727;-231.837 -442.909;-430.312 -22.415;-403.575 295.025,nan;nan;66276.987;67906.068;67992.887;68012.441;68015.184;68015.184;68015.184;68015.184;68015.184;68015.184;68015.184;68015.184;68015.184;68015.184;68015.184;68015.184;68015.184;68015.184;68015.184;68015.184;68015.184;68015.184;68015.184;68015.184;68015.184;68015.184;68015.184;68015.184;68015.184;68015.184;68015.184;68015.184;68015.184;68015.184;68015.184;68015.184;68015.184;68015.184;68015.184;68015.184;68015.184;68015.184;68015.184;68015.184;68015.184;68015.184;68054.057;68063.256;68065.855;68065.855;68329.147;68391.637;68410.377;68426.197;68426.544;68426.544;68426.544;68426.544;68426.544;68426.544;68426.544;68426.544;68426.544;68426.544;68426.544;68426.544;68426.544;68426.544;68426.544;68426.544;68426.544;68426.544;68426.544;68426.544;68426.544;68426.544;68426.544;68426.544;68426.544;68426.544;68426.544;68426.544;68426.544;68426.544;68426.544;68426.544;68426.544;68426.544;68426.544;68426.544;68426.544;68426.544;68426.544;68426.544;68426.544;68426.544;68426.544;68426.544;68426.544;68426.544;68426.544;68426.544;68426.544;68426.544;68426.544;68426.544;68426.544;68426.544;68426.544;68426.544;68426.544;68426.544;68426.544;68426.544;68426.544;68426.544;68426.544;68426.544;68426.544;68426.544;68426.544;68426.544;68426.544;68426.544;68426.544;68426.544;68426.544;68426.544;68426.544;68426.544;68426.544;68426.544;68426.544;68426.544;68426.544;68426.544;68426.544;68426.544;68426.544;68426.544;68426.544;68426.544;68426.544;68426.544;68426.544;68426.544;68426.544;68426.544;68426.544;68426.544;68426.544;68426.544;68426.544;68426.544;68426.544;68426.544;68426.544;68426.544;68426.544;68426.544;68426.544;68426.544;68426.544;68426.544;68426.544;68426.544;68426.544;68426.544;68426.544;68426.544;68426.544;68426.544;68426.544;68426.544;68426.544;68426.544;68426.544;68426.544;68426.544;68426.544;68426.544;68426.544;68426.544;68426.544;68426.544;68426.544;68426.544;68426.544;68426.544;68426.544;68426.544;68426.544;68426.544;68426.544;68426.544;68426.544;68426.544;68426.544
BVNS,2,500,10,26,120030,random,120030,67649.02472465188,73153.78394684664,5504.759222194756,True,308.48491537338117,39.16391327700012,485.747 118.366;-358.524 348.230;-59.825 209.168;-131.880 -135.600;303.250 394.059;428.640 -210.753;-112.310 -476.562;227.721 -444.836;178.582 7.114;-388.889 -313.709,nan;nan;nan;nan;65462.623;66004.566;66097.972;66144.723;66152.051;66152.051;66152.051;66301.753;66576.252;66765.183;66765.183;67547.035;67614.125;67633.451;67645.770;67649.025;67649.025;67649.025;67649.025;67649.025;67649.025;67649.025;67649.025;67649.025;67649.025;67649.025;67649.025;67649.025;67649.025;67649.025;67649.025;67649.025;67649.025;67649.025;67649.025;67649.025;67649.025;67649.025;67649.025;67649.025;67649.025;67649.025;67649.025;67649.025;67649.025;67649.025;67649.025;67649.025;67649.025;67649.025;67649.025;67649.025;67649.025;67649.025;67649.025;67649.025;67649.025;67649.025;67649.025;67649.025;67649.025;67649.025;67649.025;67649.025;67649.025;67649.025;67649.025;67649.025;67649.025;67649.025;67649.025;67649.025;67649.025;67649.025;67649.025;67649.025;67649.025;67649.025;67649.025;67649.025;67649.025;67649.025;67649.025;67649.025;67649.025;67649.025;67649.025;67649.025;67649.025;67649.025;67649.025;67649.025;67649.025;67649.025;67649.025;67649.025;67649.025;67649.025;67649.025;67649.025;67649.025;67649.025;67649.025;67649.025;67649.025;67649.025;67649.025;67649.025;67649.025;67649.025;67649.025;67649.025;67649.025;67649.025;67649.025;67649.025;67649.025;67649.025;67649.025;67649.025;67649.025;67649.025;67649.025;67649.025;67649.025;67649.025;67649.025;67649.025;67649.025;67649.025;67649.025;67649.025;67649.025;67649.025;67649.025;67649.025;67649.025;67649.025;67649.025;67649.025;67649.025;67649.025;67649.025;67649.025;67649.025;67649.025;67649.025;67649.025;67649.025;67649.025;67649.025;67649.025;67649.025;67649.025;67649.025;67649.025;67649.025;67649.025;67649.025;67649.025;67649.025;67649.025;67649.025;67649.025;67649.025;67649.025;67649.025;67649.025;67649.025;67649.025;67649.025;67649.025;67649.025;67649.025;67649.025;67649.025;67649.025;67649.025;67649.025;67649.025;67649.025;67649.025;67649.025;67649.025;67649.025;67649.025;67649.025;67649.025;67649.025;67649.025;67649.025;67649.025;67649.025;67649.025;67649.025;67649.025
SSA,2,500,10,4,120030,random,120030,66744.25428933627,73153.78394684664,6409.529657510371,True,317.51631165207726,42.62131450900006,166.679 -41.308;-184.347 -19.755;-484.708 -122.712;415.472 -278.178;-110.877 334.742;487.970 65.034;353.974 353.132;-302.964 -397.492;35.324 -339.911;-455.365 206.501,nan;nan;nan;nan;nan;nan;nan;nan;nan;nan;nan;nan;nan;nan;nan;nan;nan;nan;nan;nan;nan;nan;nan;nan;nan;nan;nan;nan;nan;nan;nan;nan;nan;nan;nan;nan;nan;nan;nan;nan;nan;nan;nan;nan;nan;nan;nan;nan;nan;nan;nan;nan;nan;nan;nan;nan;nan;nan;nan;nan;nan;nan;nan;nan;nan;nan;nan;nan;nan;nan;nan;nan;nan;nan;nan;nan;nan;nan;nan;nan;nan;nan;nan;nan;nan;nan;nan;nan;nan;nan;nan;nan;nan;nan;63674.287;64055.663;64096.316;64096.316;64670.322;65347.330;65347.330;65347.330;65347.330;65532.480;65532.480;65627.131;65627.131;65932.589;66409.658;66474.976;66474.976;66474.976;66474.976;66474.976;66474.976;66474.976;66474.976;66474.976;66505.122;66514.488;66547.638;66566.488;66566.488;66566.488;66580.848;66649.777;66651.775;66666.591;66676.605;66678.655;66701.786;66711.064;66717.073;66718.351;66724.938;66726.247;66728.432;66728.496;66733.010;66733.695;66733.695;66734.031;66734.031;66734.031;66734.553;66735.192;66735.449;66736.322;66736.322;66736.352;66736.711;66739.194;66739.760;66741.524;66741.641;66741.855;66742.219;66742.560;66742.720;66742.786;66742.922;66743.591;66743.591;66743.591;66743.700;66743.700;66743.743;66743.907;66743.976;66743.979;66744.085;66744.117;66744.134;66744.148;66744.162;66744.163;66744.177;66744.199;66744.199;66744.212;66744.223;66744.231;66744.231;66744.231;66744.237;66744.237;66744.237;66744.238;66744.241;66744.244;66744.246;66744.246;66744.246;66744.247;66744.252;66744.252;66744.253;66744.254;66744.254;66744.254
SSA,2,500,10,12,120030,random,120030,68186.96660246271,73153.78394684664,4966.817344383933,True,310.38909124721346,43.695040123000126,164.657 355.914;-227.600 -434.132;476.153 152.573;-8.607 -179.093;-175.252 468.280;-488.800 -105.236;191.901 -461.708;453.057 -156.956;-112.094 127.971;-430.273 252.598,nan;nan;nan;nan;nan;nan;nan;nan;nan;nan;nan;nan;nan;nan;nan;nan;nan;nan;nan;nan;nan;nan;nan;nan;nan;nan;nan;nan;nan;nan;nan;nan;nan;nan;nan;nan;nan;nan;nan;nan;nan;nan;nan;nan;nan;nan;nan;nan;nan;nan;nan;nan;nan;nan;nan;nan;nan;nan;nan;nan;nan;nan;nan;nan;nan;nan;nan;nan;nan;nan;nan;nan;nan;nan;nan;nan;nan;nan;nan;nan;nan;nan;nan;nan;nan;nan;nan;nan;nan;66358.478;66358.478;66511.106;66562.132;66712.107;66712.107;66801.192;66801.192;67426.013;67426.013;67426.013;67474.147;67862.917;67862.917;67862.917;67862.917;67862.917;67862.917;67862.917;67927.638;67927.638;67927.638;67933.856;67933.856;67933.856;67984.804;67984.804;67984.804;67994.617;68056.507;68083.035;68088.205;68088.205;68120.828;68120.828;68132.653;68142.400;68150.100;68153.979;68161.644;68162.173;68162.173;68162.173;68165.999;68165.999;68170.471;68174.776;68175.375;68178.169;68178.169;68178.434;68178.434;68180.334;68180.334;68180.482;68182.406;68182.926;68182.926;68183.033;68183.033;68183.033;68183.033;68183.072;68183.124;68183.563;68184.739;68184.977;68185.799;68185.799;68185.799;68185.799;68186.058;68186.232;68186.232;68186.389;68186.395;68186.395;68186.542;68186.558;68186.589;68186.629;68186.693;68186.703;68186.780;68186.825;68186.844;68186.861;68186.875;68186.891;68186.894;68186.897;68186.924;68186.927;68186.927;68186.928;68186.934;68186.941;68186.948;68186.950;68186.953;68186.953;68186.954;68186.954;68186.954;68186.959;68186.962;68186.963;68186.963;68186.964;68186.965;68186.967
SSA,2,500,10,20,120030,random,120030,67598.90332140001,73153.78394684664,5554.880625446633,True,308.0004367455574,43.02324354199982,-283.171 412.085;32.124 300.410;350.363 356.715;-220.497 86.762;414.190 39.860;81.498 -124.079;145.837 -461.680;412.675 -276.856;-269.530 -414.213;-497.750 -47.384,nan;nan;nan;nan;nan;nan;nan;nan;nan;nan;nan;nan;nan;nan;nan;nan;nan;nan;nan;nan;nan;nan;nan;nan;nan;nan;nan;nan;nan;nan;nan;nan;nan;nan;nan;nan;nan;nan;nan;nan;nan;nan;nan;nan;nan;nan;nan;nan;nan;nan;nan;nan;nan;nan;nan;nan;nan;nan;nan;nan;nan;nan;nan;nan;nan;nan;nan;nan;nan;nan;nan;nan;nan;nan;nan;nan;nan;nan;nan;nan;nan;nan;nan;nan;nan;nan;nan;nan;65813.359;65813.359;65813.359;65813.359;65813.359;65813.359;65813.359;65834.064;65834.064;66012.338;66054.477;66054.477;66054.477;66062.774;66062.774;66062.774;66062.774;66157.910;66157.910;66721.887;66986.328;67062.311;67207.787;67227.296;67227.296;67296.994;67296.994;67352.505;67390.776;67390.776;67390.776;67438.676;67526.522;67547.749;67553.319;67558.211;67570.125;67571.883;67571.883;67580.178;67580.178;67580.980;67580.980;67580.980;67580.980;67580.980;67584.011;67586.030;67587.163;67587.690;67588.810;67590.453;67591.447;67591.668;67592.438;67592.438;67592.865;67593.513;67594.022;67594.743;67595.330;67595.560;67596.271;67596.384;67596.384;67596.843;67597.247;67597.354;67597.379;67597.457;67597.532;67597.532;67597.744;67597.789;67597.947;67598.196;67598.273;67598.333;67598.375;67598.375;67598.409;67598.530;67598.585;67598.616;67598.616;67598.690;67598.731;67598.742;67598.742;67598.747;67598.777;67598.795;67598.805;67598.805;67598.814;67598.842;67598.855;67598.872;67598.879;67598.880;67598.883;67598.883;67598.883;67598.884;67598.886;67598.889;67598.896;67598.899;67598.900;67598.901;67598.903;67598.903
SSA,2,500,10,28,120030,random,120030,67907.11911922685,73153.78394684664,5246.664827619796,True,332.5115329016501,43.51417348299992,172.527 -469.291;250.127 431.625;-188.563 463.081;393.272 126.306;56.641 -139.958;457.855 -200.919;-461.459 -192.497;-168.408 -449.938;-442.963 163.244;-2.533 187.478,nan;nan;nan;nan;nan;nan;nan;nan;nan;nan;nan;nan;nan;nan;nan;nan;nan;nan;nan;nan;nan;nan;nan;nan;nan;nan;nan;nan;nan;nan;nan;nan;nan;nan;nan;nan;nan;nan;nan;nan;nan;nan;nan;nan;nan;nan;nan;nan;nan;nan;nan;nan;nan;nan;nan;nan;nan;nan;nan;nan;nan;nan;nan;nan;nan;nan;nan;nan;nan;nan;nan;nan;nan;nan;nan;nan;nan;nan;nan;nan;nan;nan;nan;nan;nan;nan;nan;nan;66319.636;66319.636;66319.636;66549.234;66549.234;66787.905;66787.905;66787.905;67079.436;67079.436;67079.436;67079.436;67079.436;67217.024;67643.984;67643.984;67643.984;67643.984;67643.984;67643.984;67661.529;67740.888;67740.888;67740.888;67740.888;67740.888;67740.888;67747.931;67747.931;67747.931;67750.150;67782.657;67803.096;67812.497;67817.002;67824.280;67824.280;67826.550;67826.550;67829.069;67840.808;67846.188;67849.174;67853.090;67865.412;67885.518;67892.461;67897.413;67897.413;67898.266;67898.266;67899.107;67900.272;67900.660;67900.660;67900.660;67900.811;67901.372;67901.814;67902.436;67902.782;67903.144;67904.054;67904.386;67904.572;67905.168;67905.186;67905.452;67905.565;67905.618;67905.885;67906.002;67906.002;67906.184;67906.208;67906.308;67906.447;67906.527;67906.686;67906.716;67906.729;67906.786;67906.851;67906.893;67906.947;67906.983;67906.993;67906.995;67906.995;67907.008;67907.038;67907.042;67907.058;67907.062;67907.066;67907.075;67907.077;67907.083;67907.087;67907.090;67907.093;67907.095;67907.105;67907.107;67907.109;67907.113;67907.113;67907.113;67907.116;67907.117;67907.118;67907.119
LXSSA,2,500,10,6,120030,random,120030,66855.95922937487,73153.78394684664,6297.824717471769,True,308.04512718624414,42.85689879399979,-60.106 -496.355;-485.291 58.210;425.796 -262.102;410.909 284.876;-414.622 -279.443;-192.211 410.745;154.765 462.315;-49.515 122.339;-35.598 -188.143;254.768 19.335,nan;nan;nan;nan;nan;nan;nan;nan;nan;nan;nan;nan;nan;nan;nan;nan;nan;nan;nan;nan;nan;nan;nan;nan;nan;nan;nan;nan;nan;nan;nan;nan;nan;nan;nan;nan;nan;nan;nan;nan;nan;nan;nan;nan;nan;nan;nan;nan;nan;nan;nan;nan;nan;nan;nan;nan;nan;nan;nan;nan;nan;nan;nan;nan;nan;nan;nan;nan;nan;nan;nan;nan;nan;nan;nan;nan;nan;nan;nan;nan;nan;nan;nan;nan;nan;nan;nan;nan;nan;nan;nan;nan;65673.757;65673.757;65674.434;65674.434;66560.386;66560.386;66560.485;66560.485;66560.485;66563.108;66563.108;66563.108;66563.108;66563.298;66563.298;66563.298;66564.871;66565.330;66570.952;66578.552;66635.163;66638.598;66639.882;66639.921;66640.023;66640.522;66645.347;66661.947;66663.829;66702.140;66709.193;66710.753;66711.076;66769.403;66780.695;66786.416;66799.087;66806.690;66815.278;66820.768;66825.324;66828.451;66838.320;66843.973;66845.442;66845.726;66845.813;66846.167;66848.694;66848.856;66850.219;66850.497;66850.723;66850.810;66850.876;66852.780;66853.386;66853.503;66853.658;66854.435;66854.760;66854.926;66855.166;66855.212;66855.325;66855.332;66855.337;66855.358;66855.366;66855.369;66855.369;66855.511;66855.521;66855.524;66855.524;66855.558;66855.600;66855.613;66855.650;66855.661;66855.682;66855.710;66855.762;66855.809;66855.841;66855.843;66855.885;66855.924;66855.929;66855.932;66855.935;66855.935;66855.936;66855.937;66855.943;66855.945;66855.948;66855.948;66855.949;66855.950;66855.951;66855.951;66855.952;66855.955;66855.957;66855.958;66855.958;66855.959
LXSSA,2,500,10,14,120030,random,120030,66857.57323397789,73153.78394684664,6296.210712868749,True,308.0002272996711,41.73609888200008,-95.801 -490.736;271.201 392.652;-36.777 -188.445;439.621 -175.523;-475.564 154.395;188.860 34.534;227.142 -408.646;-361.505 -131.708;477.888 147.043;-133.997 437.855,nan;nan;nan;nan;nan;nan;nan;nan;nan;nan;nan;nan;nan;nan;nan;nan;nan;nan;nan;nan;nan;nan;nan;nan;nan;nan;nan;nan;nan;nan;nan;nan;nan;nan;nan;nan;nan;nan;nan;nan;nan;nan;nan;nan;nan;nan;nan;nan;nan;nan;nan;nan;nan;nan;nan;nan;nan;nan;nan;nan;nan;nan;nan;nan;nan;nan;nan;nan;nan;nan;nan;nan;nan;nan;nan;nan;nan;nan;nan;nan;nan;nan;nan;nan;nan;nan;nan;nan;nan;nan;nan;nan;nan;nan;66054.086;66054.086;66055.551;66073.688;66073.688;66073.688;66086.479;66297.620;66298.928;66300.501;66300.541;66306.431;66306.452;66306.452;66306.470;66309.204;66309.947;66310.390;66310.632;66312.693;66320.894;66636.780;66676.768;66676.771;66677.133;66678.664;66681.683;66684.047;66685.553;66688.506;66688.506;66688.506;66688.839;66691.381;66699.535;66700.922;66717.448;66742.700;66754.717;66762.619;66769.119;66771.976;66772.491;66773.103;66773.876;66779.659;66784.811;66822.540;66824.345;66824.993;66826.107;66827.231;66830.840;66833.111;66835.493;66839.372;66841.892;66843.029;66843.995;66846.591;66847.697;66848.527;66849.807;66850.143;66851.195;66851.907;66852.267;66852.731;66853.462;66853.968;66854.254;66855.200;66855.709;66856.053;66856.221;66856.317;66856.354;66856.398;66856.405;66856.445;66856.584;66856.717;66856.785;66856.856;66856.895;66856.954;66856.970;66856.998;66857.026;66857.156;66857.215;66857.249;66857.302;66857.329;66857.350;66857.362;66857.375;66857.483;66857.504;66857.521;66857.526;66857.532;66857.547;66857.553;66857.555;66857.573
LXSSA,2,500,10,22,120030,random,120030,67040.75776907484,73153.78394684664,6113.026177771797,True,313.88086170541965,42.495211131999895,92.624 -202.557;-126.371 24.722;425.660 -262.323;-27.392 369.811;-361.498 345.425;-428.636 -257.432;-145.060 -447.809;432.911 68.402;313.993 389.112;-491.189 59.590,nan;nan;nan;nan;nan;nan;nan;nan;nan;nan;nan;nan;nan;nan;nan;nan;nan;nan;nan;nan;nan;nan;nan;nan;nan;nan;nan;nan;nan;nan;nan;nan;nan;nan;nan;nan;nan;nan;nan;nan;nan;nan;nan;nan;nan;nan;nan;nan;nan;nan;nan;nan;nan;nan;nan;nan;nan;nan;nan;nan;nan;nan;nan;nan;nan;nan;nan;nan;nan;nan;nan;nan;nan;nan;nan;nan;nan;nan;nan;nan;nan;nan;nan;nan;nan;nan;nan;nan;nan;nan;nan;64064.541;64064.599;64064.599;64064.599;64064.599;64064.599;64064.599;64066.519;64069.378;64069.813;64081.663;64081.663;64121.256;64461.243;65344.213;65407.698;65425.057;65434.115;65439.772;65451.930;65457.420;65462.618;65464.769;65472.167;65588.379;65594.499;65598.775;65608.705;65827.524;66117.037;66125.098;66125.098;66125.140;66125.140;66135.312;66634.853;66838.504;66855.778;66873.606;66890.894;66904.061;66939.121;66960.120;66962.352;66963.391;66967.851;66975.142;66982.182;66991.097;66995.238;67000.300;67007.377;67013.769;67018.391;67023.106;67024.774;67026.243;67030.116;67032.767;67035.432;67037.741;67038.006;67038.045;67038.063;67038.063;67038.077;67038.078;67038.302;67038.558;67039.043;67039.065;67039.262;67039.465;67039.756;67039.782;67039.974;67040.104;67040.168;67040.213;67040.277;67040.346;67040.373;67040.424;67040.453;67040.511;67040.554;67040.574;67040.588;67040.609;67040.677;67040.687;67040.693;67040.693;67040.693;67040.695;67040.697;67040.698;67040.702;67040.707;67040.711;67040.728;67040.739;67040.741;67040.743;67040.747;67040.748;67040.752;67040.756;67040.758
LXSSA,2,500,10,30,120030,random,120030,65754.28490314141,73153.78394684664,7399.499043705233,True,308.00221353098294,44.30832727100005,-464.253 -185.659;33.512 -498.832;-238.596 62.027;484.684 -122.803;-267.338 -422.529;-36.962 327.280;266.152 423.276;42.124 -141.887;460.400 184.250;320.752 -383.560,nan;nan;nan;nan;nan;nan;nan;nan;nan;nan;nan;nan;nan;nan;nan;nan;nan;nan;nan;nan;nan;nan;nan;nan;nan;nan;nan;nan;nan;nan;nan;nan;nan;nan;nan;nan;nan;nan;nan;nan;nan;nan;nan;nan;nan;nan;nan;nan;nan;nan;nan;nan;nan;nan;nan;nan;nan;nan;nan;nan;nan;nan;nan;nan;nan;nan;nan;nan;nan;nan;nan;nan;nan;nan;nan;nan;nan;nan;nan;nan;nan;nan;nan;nan;nan;nan;nan;nan;nan;nan;nan;nan;nan;nan;nan;nan;nan;nan;nan;nan;nan;nan;nan;nan;nan;nan;nan;nan;nan;nan;nan;nan;nan;nan;nan;nan;nan;nan;nan;nan;nan;nan;nan;nan;nan;nan;nan;nan;nan;nan;nan;nan;nan;nan;65355.312;65355.511;65355.957;65653.379;65719.526;65736.029;65738.577;65740.049;65740.975;65741.476;65743.046;65744.003;65744.012;65744.076;65744.295;65744.732;65745.635;65746.968;65747.814;65748.441;65748.810;65749.016;65749.562;65750.118;65750.609;65751.182;65751.281;65751.299;65751.564;65751.615;65751.849;65752.075;65752.135;65752.287;65752.308;65752.388;65752.462;65752.557;65752.717;65752.809;65753.014;65753.239;65753.386;65753.456;65753.518;65753.546;65753.572;65753.622;65753.640;65753.693;65753.732;65753.763;65753.825;65753.876;65753.918;65753.935;65753.970;65753.994;65754.039;65754.131;65754.168;65754.189;65754.210;65754.259;65754.272;65754.284
PSOC,2,500,10,8,120030,random,120030,68261.21615161737,73153.78394684664,4892.567795229275,True,321.6168051293736,41.548773993000395,411.656 81.495;113.488 -120.282;183.670 -456.458;-225.559 446.232;5.908 207.184;-467.581 177.104;295.471 403.355;-283.266 -102.766;438.388 -239.009;-152.965 -476.027,nan;nan;nan;nan;66141.126;66820.090;67490.999;67588.083;67614.084;67715.865;67742.489;67783.115;68060.419;68070.964;68089.606;68100.650;68103.717;68108.968;68114.257;68117.087;68165.536;68169.436;68172.679;68175.256;68179.126;68179.525;68179.693;68179.836;68179.883;68179.971;68180.093;68180.419;68183.531;68186.046;68190.045;68193.989;68195.070;68196.930;68198.240;68198.448;68199.556;68200.412;68200.723;68200.807;68200.903;68201.442;68201.536;68201.540;68201.569;68201.732;68201.855;68201.942;68201.958;68201.964;68201.980;68201.983;68201.990;68201.992;68201.994;68202.054;68202.087;68202.089;68202.238;68202.249;68202.255;68202.257;68202.268;68202.282;68202.429;68207.421;68207.494;68207.495;68207.562;68207.853;68217.317;68221.389;68227.530;68227.988;68231.011;68232.648;68233.496;68234.095;68235.027;68235.188;68235.959;68236.059;68236.395;68236.548;68236.789;68236.878;68236.946;68237.014;68237.033;68237.077;68237.121;68237.177;68237.291;68237.313;68237.371;68237.407;68237.427;68237.473;68237.485;68237.512;68237.528;68237.539;68237.553;68237.561;68237.566;68237.575;68237.580;68237.582;68237.586;68237.590;68237.595;68237.604;68237.623;68237.657;68237.676;68237.819;68237.955;68238.347;68238.473;68238.522;68238.545;68238.557;68238.571;68238.571;68238.576;68238.601;68238.613;68238.765;68238.867;68239.629;68243.132;68243.860;68244.072;68244.076;68244.137;68244.182;68244.228;68244.279;68245.976;68247.752;68248.914;68248.947;68248.993;68249.015;68249.018;68249.019;68249.023;68249.024;68249.031;68249.033;68249.036;68249.056;68249.058;68249.102;68249.728;68250.673;68253.589;68255.951;68257.531;68259.760;68260.216;68260.390;68260.401;68260.412;68260.505;68260.524;68260.543;68260.545;68260.551;68260.555;68260.569;68260.572;68260.576;68260.588;68260.591;68260.593;68260.595;68260.601;68260.605;68260.608;68260.616;68260.622;68260.623;68260.624;68260.627;68260.640;68260.641;68260.642;68260.642;68260.643;68260.644;68260.645;68260.645;68260.646;68260.649;68261.209
PSOC,2,500,10,16,120030,random,120030,68270.02557865033,73153.78394684664,4883.758368196315,True,314.84500890291326,41.657739870000114,-234.126 441.625;-180.583 -253.332;467.979 176.056;206.796 410.672;-161.057 85.863;-478.184 -146.082;367.528 -287.595;-458.529 189.001;184.806 -25.542;34.363 -498.818,nan;nan;nan;66213.957;66980.879;67301.702;67613.492;67819.412;67835.174;67842.278;67852.356;67858.326;67861.056;67866.406;67895.887;67900.620;67904.780;67907.555;67911.342;67986.527;68030.878;68037.892;68043.527;68048.844;68051.084;68052.138;68060.649;68067.631;68071.832;68072.365;68072.847;68072.923;68073.422;68078.569;68173.390;68218.487;68230.978;68231.378;68234.049;68237.809;68238.366;68238.931;68240.072;68252.177;68261.330;68265.391;68265.548;68265.588;68266.454;68266.603;68266.754;68266.842;68266.842;68266.864;68266.931;68267.086;68267.118;68267.308;68267.336;68267.342;68267.353;68267.692;68267.762;68267.815;68267.863;68267.879;68267.884;68267.888;68267.894;68267.909;68267.915;68267.917;68267.924;68267.935;68267.939;68267.953;68267.962;68267.964;68267.966;68267.971;68267.983;68267.991;68267.996;68268.036;68268.212;68268.301;68268.311;68268.322;68268.331;68268.332;68268.355;68268.356;68268.359;68268.359;68268.359;68268.359;68268.359;68268.359;68268.359;68268.576;68268.581;68268.582;68268.582;68268.582;68268.582;68268.583;68268.583;68268.583;68268.583;68268.583;68268.583;68268.583;68268.583;68268.583;68268.583;68268.637;68268.637;68268.637;68268.637;68268.637;68268.637;68268.638;68268.639;68268.645;68268.652;68268.698;68268.721;68268.722;68268.722;68268.722;68268.723;68268.723;68268.725;68268.725;68268.726;68268.726;68268.726;68268.726;68268.726;68268.726;68268.726;68268.760;68268.775;68268.775;68268.776;68268.776;68268.776;68268.776;68268.776;68268.776;68268.777;68268.777;68268.777;68268.777;68268.777;68268.777;68268.777;68268.777;68268.777;68268.777;68268.777;68268.777;68268.777;68268.777;68268.777;68268.777;68268.777;68268.777;68268.777;68268.777;68268.777;68268.777;68268.777;68268.777;68268.777;68268.777;68268.777;68268.777;68268.777;68268.777;68268.777;68268.777;68268.778;68268.778;68268.778;68268.778;68268.779;68268.779;68268.780;68268.780;68268.781;68268.781;68268.782;68268.782;68268.783;68268.786;68268.808;68269.020;68269.208;68269.969
PSOC,2,500,10,24,120030,random,120030,68247.73205572336,73153.78394684664,4906.051891123279,True,308.00144651921346,42.24357341300038,305.978 377.354;-339.234 314.273;-363.967 -294.656;160.089 81.901;350.091 -356.982;-192.986 20.781;493.071 -68.481;-499.983 -4.074;-17.384 -475.660;-64.959 495.762,nan;nan;nan;nan;66180.824;66782.465;66921.829;67298.343;67345.538;67357.193;67406.557;67419.423;67618.842;67624.126;67640.345;67666.148;67671.175;67674.054;67679.973;67680.941;67682.738;67686.120;67686.948;67687.421;67688.088;67689.107;67689.615;67732.614;67733.059;67733.318;67733.489;67733.539;67733.584;67733.624;67733.636;67733.678;67734.012;67734.081;67734.197;67734.533;67734.572;67734.867;67734.910;67734.947;67734.956;67734.957;67734.969;67914.762;67920.851;67921.954;67968.783;68032.917;68033.729;68036.617;68040.540;68042.125;68042.531;68091.205;68105.619;68165.588;68169.873;68172.687;68196.468;68198.345;68200.372;68200.974;68240.062;68240.409;68240.850;68241.494;68241.708;68241.942;68241.997;68242.616;68242.692;68242.856;68242.980;68243.129;68243.367;68243.432;68243.654;68243.971;68244.162;68244.419;68244.527;68244.717;68244.843;68244.875;68244.875;68244.934;68244.961;68245.011;68245.107;68245.124;68245.137;68245.148;68245.159;68245.159;68245.162;68245.166;68245.179;68245.187;68245.194;68245.315;68245.334;68245.345;68245.354;68245.356;68245.364;68245.365;68245.365;68245.365;68245.365;68245.382;68245.390;68245.420;68245.423;68245.458;68245.473;68245.477;68245.478;68245.496;68245.499;68245.530;68245.531;68245.532;68245.533;68245.535;68245.537;68245.539;68245.546;68245.606;68245.659;68245.662;68245.662;68245.664;68245.664;68245.665;68245.666;68245.666;68245.667;68245.782;68245.805;68245.807;68245.808;68245.809;68245.809;68245.810;68245.810;68245.811;68245.811;68245.812;68245.812;68245.822;68245.824;68245.825;68245.926;68246.826;68246.965;68247.072;68247.112;68247.161;68247.230;68247.399;68247.452;68247.496;68247.503;68247.528;68247.575;68247.644;68247.671;68247.678;68247.679;68247.683;68247.694;68247.698;68247.704;68247.705;68247.707;68247.709;68247.714;68247.715;68247.725;68247.726;68247.726;68247.726;68247.726;68247.728;68247.729;68247.730;68247.730;68247.730;68247.730;68247.730;68247.730;68247.731;68247.731;68247.731;68247.732;68247.732
DE,2,500,10,2,120030,random,120030,68595.04533458738,73153.78394684664,4558.738612259258,True,312.7102046664959,46.730528108999806,252.072 412.485;175.356 -25.106;482.743 130.225;-426.862 -118.646;444.253 -204.026;238.458 -439.474;-292.032 -405.604;-145.698 81.143;-181.951 463.849;-445.979 226.058,nan;nan;nan;nan;nan;nan;nan;nan;nan;64240.178;66267.968;66723.675;67033.235;67072.510;67362.027;67436.804;67633.065;67763.849;67929.527;68045.547;68048.110;68137.835;68264.222;68264.222;68344.078;68344.078;68394.476;68476.513;68481.394;68493.932;68517.638;68538.757;68544.621;68551.524;68557.193;68561.014;68566.507;68569.785;68572.382;68575.058;68576.599;68577.893;68578.505;68579.840;68581.344;68582.295;68583.175;68584.403;68586.253;68586.532;68587.334;68588.190;68588.782;68589.641;68590.014;68590.518;68590.809;68590.986;68591.222;68591.413;68591.705;68591.845;68591.982;68592.062;68592.112;68592.167;68592.180;68592.202;68592.252;68592.274;68592.301;68592.332;68592.361;68592.378;68592.390;68592.406;68592.423;68592.429;68592.445;68592.468;68592.478;68592.500;68592.507;68592.525;68592.544;68592.553;68592.567;68592.581;68592.603;68592.631;68592.648;68592.672;68592.719;68592.757;68592.783;68592.813;68592.849;68592.901;68592.935;68592.977;68593.042;68593.076;68593.133;68593.203;68593.244;68593.291;68593.334;68593.338;68593.347;68593.353;68593.359;68593.367;68593.382;68593.395;68593.406;68593.410;68593.437;68593.469;68593.487;68593.506;68593.523;68593.540;68593.590;68593.600;68593.616;68593.630;68593.639;68593.645;68593.653;68593.657;68593.662;68593.673;68593.677;68593.681;68593.685;68593.691;68593.703;68593.717;68593.744;68593.797;68593.836;68593.862;68593.873;68593.885;68593.925;68593.949;68593.966;68593.986;68594.000;68594.003;68594.013;68594.020;68594.023;68594.030;68594.033;68594.038;68594.041;68594.042;68594.044;68594.045;68594.047;68594.048;68594.050;68594.050;68594.052;68594.054;68594.070;68594.087;68594.119;68594.166;68594.202;68594.244;68594.318;68594.381;68594.401;68594.490;68594.589;68594.629;68594.643;68594.659;68594.666;68594.678;68594.692;68594.723;68594.742;68594.801;68594.846;68594.866;68594.888;68594.895;68594.903;68594.911;68594.921;68594.937;68594.948;68594.960;68594.971;68594.980;68594.998;68595.045
DE,2,500,10,10,120030,random,120030,68300.04415965351,73153.78394684664,4853.739787193132,True,311.6421157935761,47.635337402999994,-428.088 258.341;-31.289 -177.954;-93.304 135.055;203.714 -439.483;480.843 128.809;-472.205 -140.942;-111.998 487.295;-175.423 -468.217;446.010 -225.998;279.203 366.426,nan;nan;nan;nan;nan;nan;nan;nan;nan;nan;nan;nan;nan;nan;nan;66942.468;66942.468;66942.468;67297.425;67398.977;67642.681;67865.869;67883.585;67997.432;68009.298;68035.375;68109.366;68135.300;68168.832;68183.238;68202.012;68208.273;68215.958;68222.989;68229.804;68238.057;68244.117;68251.926;68257.341;68269.772;68275.452;68279.157;68281.598;68283.849;68285.183;68286.486;68288.805;68290.463;68290.966;68291.797;68292.341;68292.518;68292.816;68293.107;68293.838;68294.085;68294.202;68294.256;68294.369;68294.424;68294.533;68294.601;68294.738;68294.813;68294.948;68295.052;68295.255;68295.355;68295.489;68295.578;68295.680;68295.740;68295.839;68295.918;68296.164;68296.178;68296.265;68296.396;68296.530;68296.605;68296.775;68297.119;68297.263;68297.333;68297.490;68297.593;68297.765;68298.005;68298.190;68298.411;68298.541;68298.649;68298.707;68298.759;68298.815;68298.919;68298.992;68299.085;68299.149;68299.195;68299.260;68299.324;68299.398;68299.441;68299.505;68299.566;68299.619;68299.688;68299.709;68299.739;68299.756;68299.785;68299.793;68299.813;68299.822;68299.836;68299.847;68299.859;68299.862;68299.864;68299.871;68299.884;68299.892;68299.894;68299.898;68299.900;68299.901;68299.904;68299.910;68299.915;68299.920;68299.926;68299.929;68299.930;68299.931;68299.933;68299.935;68299.943;68299.945;68299.947;68299.949;68299.952;68299.954;68299.956;68299.958;68299.959;68299.960;68299.960;68299.961;68299.962;68299.962;68299.963;68299.963;68299.964;68299.964;68299.964;68299.965;68299.965;68299.965;68299.966;68299.966;68299.968;68299.979;68299.992;68300.011;68300.017;68300.020;68300.022;68300.024;68300.026;68300.026;68300.027;68300.027;68300.028;68300.029;68300.029;68300.030;68300.030;68300.031;68300.031;68300.031;68300.031;68300.032;68300.032;68300.032;68300.033;68300.033;68300.033;68300.033;68300.034;68300.035;68300.036;68300.037;68300.038;68300.038;68300.040;68300.040;68300.041;68300.043;68300.044
DE,2,500,10,18,120030,random,120030,67699.96788342844,73153.78394684664,5453.816063418199,True,311.51770508847704,59.796663406000334,497.191 52.921;-162.894 -28.403;-478.932 -143.611;-421.921 187.202;385.283 -295.348;-277.486 -381.230;161.786 118.833;-100.158 404.455;267.698 422.272;70.738 -455.377,nan;nan;nan;nan;nan;nan;nan;nan;nan;nan;nan;nan;nan;nan;nan;nan;nan;nan;nan;nan;nan;nan;nan;nan;nan;nan;65568.956;66512.886;66811.361;66811.361;66859.297;67144.165;67155.376;67303.210;67386.393;67406.298;67446.489;67458.453;67470.179;67476.443;67492.683;67509.656;67551.158;67578.206;67598.610;67613.595;67618.125;67625.427;67637.861;67643.223;67649.112;67651.245;67657.283;67660.309;67664.316;67666.045;67671.308;67678.583;67681.156;67683.145;67685.865;67687.852;67689.005;67690.407;67691.309;67691.535;67692.202;67692.575;67693.326;67693.781;67694.122;67694.695;67695.183;67695.805;67696.363;67696.677;67696.883;67697.130;67697.461;67697.814;67698.343;67698.535;67698.786;67698.858;67698.935;67699.064;67699.182;67699.268;67699.348;67699.381;67699.403;67699.454;67699.509;67699.538;67699.561;67699.608;67699.626;67699.651;67699.665;67699.678;67699.678;67699.686;67699.694;67699.697;67699.701;67699.702;67699.709;67699.713;67699.716;67699.718;67699.719;67699.722;67699.725;67699.727;67699.727;67699.730;67699.730;67699.731;67699.731;67699.731;67699.733;67699.734;67699.735;67699.737;67699.739;67699.741;67699.745;67699.751;67699.756;67699.760;67699.762;67699.766;67699.769;67699.779;67699.786;67699.799;67699.810;67699.824;67699.835;67699.841;67699.848;67699.856;67699.862;67699.871;67699.873;67699.878;67699.884;67699.890;67699.892;67699.905;67699.911;67699.912;67699.914;67699.919;67699.924;67699.927;67699.929;67699.931;67699.934;67699.937;67699.940;67699.940;67699.942;67699.943;67699.944;67699.944;67699.945;67699.945;67699.946;67699.946;67699.947;67699.948;67699.948;67699.949;67699.950;67699.950;67699.951;67699.953;67699.955;67699.957;67699.957;67699.958;67699.959;67699.959;67699.959;67699.960;67699.960;67699.960;67699.960;67699.960;67699.960;67699.961;67699.961;67699.961;67699.962;67699.962;67699.963;67699.964;67699.965;67699.968
DE,2,500,10,26,120030,random,120030,68288.75334938809,73153.78394684664,4865.03059745855,True,308.0000000086287,90.31045084099969,-473.732 159.932;499.804 13.986;35.784 -204.952;-243.186 436.876;386.382 -317.346;-443.858 -230.197;-154.544 -475.517;197.515 73.021;231.677 425.063;-141.003 135.200,nan;nan;nan;nan;nan;nan;nan;nan;nan;nan;nan;nan;nan;nan;nan;nan;nan;nan;65515.871;66782.396;67325.109;67333.758;67476.926;67645.961;67755.937;67755.937;67804.394;67834.229;67834.229;67865.947;67915.121;67949.308;68107.081;68125.137;68193.994;68216.046;68218.047;68233.099;68238.803;68250.985;68261.332;68266.322;68268.317;68270.653;68273.123;68273.376;68274.898;68276.576;68277.884;68279.777;68281.198;68282.199;68284.360;68285.386;68286.052;68286.571;68286.844;68287.087;68287.147;68287.433;68287.574;68287.575;68287.785;68288.001;68288.016;68288.090;68288.181;68288.212;68288.278;68288.317;68288.345;68288.418;68288.448;68288.471;68288.507;68288.524;68288.556;68288.575;68288.621;68288.642;68288.665;68288.696;68288.710;68288.716;68288.723;68288.728;68288.733;68288.737;68288.738;68288.739;68288.740;68288.742;68288.744;68288.744;68288.745;68288.747;68288.747;68288.748;68288.749;68288.749;68288.750;68288.750;68288.750;68288.750;68288.751;68288.751;68288.751;68288.752;68288.752;68288.752;68288.752;68288.752;68288.752;68288.753;68288.753;68288.753;68288.753;68288.753;68288.753;68288.753;68288.753;68288.753;68288.753;68288.753;68288.753;68288.753;68288.753;68288.753;68288.753;68288.753;68288.753;68288.753;68288.753;68288.753;68288.753;68288.753;68288.753;68288.753;68288.753;68288.753;68288.753;68288.753;68288.753;68288.753;68288.753;68288.753;68288.753;68288.753;68288.753;68288.753;68288.753;68288.753;68288.753;68288.753;68288.753;68288.753;68288.753;68288.753;68288.753;68288.753;68288.753;68288.753;68288.753;68288.753;68288.753;68288.753;68288.753;68288.753;68288.753;68288.753;68288.753;68288.753;68288.753;68288.753;68288.753;68288.753;68288.753;68288.753;68288.753;68288.753;68288.753;68288.753;68288.753;68288.753;68288.753;68288.753;68288.753;68288.753;68288.753;68288.753;68288.753;68288.753;68288.753;68288.753;68288.753;68288.753;68288.753;68288.753;68288.753;68288.753
SLSQP,2,500,10,4,120030,random,120030,67830.70026613798,73153.78394684664,5323.08368070866,True,308.08553096323345,317.8698402979999,-491.334 -92.589;493.798 78.282;319.840 384.229;-119.898 179.460;-23.107 499.106;91.769 -491.445;-451.374 212.894;-258.437 -427.952;-51.612 -191.187;296.605 -256.805,nan;nan;nan;66568.885;66568.885;66568.885;66568.885;66568.885;66568.885;67413.166;67416.011;67416.011;67416.011;67416.011;67416.011;67416.011;67416.011;67416.011;67416.011;67416.011;67416.011;67416.011;67416.011;67416.011;67416.011;67416.011;67416.011;67416.011;67416.011;67416.011;67416.011;67416.011;67416.011;67416.011;67416.011;67416.011;67416.011;67416.011;67416.011;67416.011;67416.011;67416.011;67416.011;67416.011;67416.011;67416.011;67416.011;67416.011;67416.011;67416.011;67416.011;67416.011;67416.011;67416.011;67416.011;67416.011;67416.011;67416.011;67416.011;67416.011;67416.011;67416.011;67416.011;67504.061;67504.061;67504.061;67504.061;67504.061;67504.061;67504.061;67504.061;67504.061;67504.061;67504.061;67504.061;67818.878;67828.474;67830.700;67830.700;67830.700;67830.700;67830.700;67830.700;67830.700;67830.700;67830.700;67830.700;67830.700;67830.700;67830.700;67830.700;67830.700;67830.700;67830.700;67830.700;67830.700;67830.700;67830.700;67830.700;67830.700;67830.700;67830.700;67830.700;67830.700;67830.700;67830.700;67830.700;67830.700;67830.700;67830.700;67830.700;67830.700;67830.700;67830.700;67830.700;67830.700;67830.700;67830.700;67830.700;67830.700;67830.700;67830.700;67830.700;67830.700;67830.700;67830.700;67830.700;67830.700;67830.700;67830.700;67830.700;67830.700;67830.700;67830.700;67830.700;67830.700;67830.700;67830.700;67830.700;67830.700;67830.700;67830.700;67830.700;67830.700;67830.700;67830.700;67830.700;67830.700;67830.700;67830.700;67830.700;67830.700;67830.700;67830.700;67830.700;67830.700;67830.700;67830.700;67830.700;67830.700;67830.700;67830.700;67830.700;67830.700;67830.700;67830.700;67830.700;67830.700;67830.700;67830.700;67830.700;67830.700;67830.700;67830.700;67830.700;67830.700;67830.700;67830.700;67830.700;67830.700;67830.700;67830.700;67830.700;67830.700;67830.700;67830.700;67830.700;67830.700;67830.700;67830.700;67830.700;67830.700;67830.700;67830.700;67830.700;67830.700;67830.700;67830.700;67830.700;67830.700
SLSQP,2,500,10,12,120030,random,120030,67753.1549586295,73153.78394684664,5400.62898821714,True,308.9705045394505,327.0078337160003,-394.867 266.073;214.923 64.580;-119.330 -485.238;335.807 369.731;-402.029 -297.273;-268.730 -15.977;471.741 -152.530;-43.633 497.985;14.019 -171.194;292.022 -404.136,67199.706;67200.623;67205.604;67212.014;67212.086;67212.086;67212.086;67494.843;67494.843;67494.843;67741.709;67741.716;67753.155;67753.155;67753.155;67753.155;67753.155;67753.155;67753.155;67753.155;67753.155;67753.155;67753.155;67753.155;67753.155;67753.155;67753.155;67753.155;67753.155;67753.155;67753.155;67753.155;67753.155;67753.155;67753.155;67753.155;67753.155;67753.155;67753.155;67753.155;67753.155;67753.155;67753.155;67753.155;67753.155;67753.155;67753.155;67753.155;67753.155;67753.155;67753.155;67753.155;67753.155;67753.155;67753.155;67753.155;67753.155;67753.155;67753.155;67753.155;67753.155;67753.155;67753.155;67753.155;67753.155;67753.155;67753.155;67753.155;67753.155;67753.155;67753.155;67753.155;67753.155;67753.155;67753.155;67753.155;67753.155;67753.155;67753.155;67753.155;67753.155;67753.155;67753.155;67753.155;67753.155;67753.155;67753.155;67753.155;67753.155;67753.155;67753.155;67753.155;67753.155;67753.155;67753.155;67753.155;67753.155;67753.155;67753.155;67753.155;67753.155;67753.155;67753.155;67753.155;67753.155;67753.155;67753.155;67753.155;67753.155;67753.155;67753.155;67753.155;67753.155;67753.155;67753.155;67753.155;67753.155;67753.155;67753.155;67753.155;67753.155;67753.155;67753.155;67753.155;67753.155;67753.155;67753.155;67753.155;67753.155;67753.155;67753.155;67753.155;67753.155;67753.155;67753.155;67753.155;67753.155;67753.155;67753.155;67753.155;67753.155;67753.155;67753.155;67753.155;67753.155;67753.155;67753.155;67753.155;67753.155;67753.155;67753.155;67753.155;67753.155;67753.155;67753.155;67753.155;67753.155;67753.155;67753.155;67753.155;67753.155;67753.155;67753.155;67753.155;67753.155;67753.155;67753.155;67753.155;67753.155;67753.155;67753.155;67753.155;67753.155;67753.155;67753.155;67753.155;67753.155;67753.155;67753.155;67753.155;67753.155;67753.155;67753.155;67753.155;67753.155;67753.155;67753.155;67753.155;67753.155;67753.155;67753.155;67753.155;67753.155;67753.155;67753.155;67753.155;67753.155;67753.155;67753.155;67753.155
SLSQP,2,500,10,20,120030,random,120030,68245.90048345321,73153.78394684664,4907.883463393431,True,309.8708797650119,327.55776423099996,-54.453 -204.228;44.070 480.717;-492.155 12.268;3.670 104.336;-353.909 -343.101;361.452 -344.604;-314.122 309.717;303.226 -38.167;72.485 -486.906;390.513 309.913,67147.911;67154.103;67154.103;67154.103;67154.103;67154.103;67154.103;67154.103;67154.103;67154.103;67154.103;67154.103;67154.103;67154.103;67548.506;67631.564;67631.564;67631.564;67631.564;67631.564;67631.564;67631.564;67631.564;67631.564;67631.564;67631.564;67631.564;67631.564;67631.564;67631.564;67631.564;67631.564;67631.564;67631.564;67631.564;67631.564;67631.564;68245.900;68245.900;68245.900;68245.900;68245.900;68245.900;68245.900;68245.900;68245.900;68245.900;68245.900;68245.900;68245.900;68245.900;68245.900;68245.900;68245.900;68245.900;68245.900;68245.900;68245.900;68245.900;68245.900;68245.900;68245.900;68245.900;68245.900;68245.900;68245.900;68245.900;68245.900;68245.900;68245.900;68245.900;68245.900;68245.900;68245.900;68245.900;68245.900;68245.900;68245.900;68245.900;68245.900;68245.900;68245.900;68245.900;68245.900;68245.900;68245.900;68245.900;68245.900;68245.900;68245.900;68245.900;68245.900;68245.900;68245.900;68245.900;68245.900;68245.900;68245.900;68245.900;68245.900;68245.900;68245.900;68245.900;68245.900;68245.900;68245.900;68245.900;68245.900;68245.900;68245.900;68245.900;68245.900;68245.900;68245.900;68245.900;68245.900;68245.900;68245.900;68245.900;68245.900;68245.900;68245.900;68245.900;68245.900;68245.900;68245.900;68245.900;68245.900;68245.900;68245.900;68245.900;68245.900;68245.900;68245.900;68245.900;68245.900;68245.900;68245.900;68245.900;68245.900;68245.900;68245.900;68245.900;68245.900;68245.900;68245.900;68245.900;68245.900;68245.900;68245.900;68245.900;68245.900;68245.900;68245.900;68245.900;68245.900;68245.900;68245.900;68245.900;68245.900;68245.900;68245.900;68245.900;68245.900;68245.900;68245.900;68245.900;68245.900;68245.900;68245.900;68245.900;68245.900;68245.900;68245.900;68245.900;68245.900;68245.900;68245.900;68245.900;68245.900;68245.900;68245.900;68245.900;68245.900;68245.900;68245.900;68245.900;68245.900;68245.900;68245.900;68245.900;68245.900;68245.900;68245.900;68245.900;68245.900;68245.900;68245.900;68245.900;68245.900
SLSQP,2,500,10,28,120030,random,120030,68042.70889321176,73153.78394684664,5111.075053634879,True,308.57320812409637,302.08892459399976,-396.760 -168.486;336.893 -367.646;69.437 -185.019;162.332 470.679;-37.791 -487.114;382.230 -41.001;-214.444 445.291;-66.619 102.644;407.678 266.521;-468.987 134.587,66656.236;66656.236;67164.532;67182.650;67184.419;67184.419;67184.419;67184.419;67184.419;67184.419;67361.324;67361.324;67361.324;67380.440;67380.440;67380.440;67380.440;67380.440;67380.440;67408.044;67410.749;67410.749;67410.749;67410.749;67410.749;67410.749;67410.749;67410.749;67410.749;67410.749;67410.749;67410.749;67410.749;67410.749;67410.749;67410.749;67410.749;67410.749;67410.749;67410.749;67410.749;67410.749;67410.749;67410.749;67410.749;67410.749;67410.749;67410.749;67494.437;67494.437;67494.437;67494.437;67494.437;67494.437;67494.437;67591.303;67609.488;67645.806;67645.818;67645.818;67645.818;67645.818;67645.818;67645.818;67645.818;67645.818;67645.818;67645.818;67645.818;67645.818;67645.818;67645.818;67645.818;67645.818;67645.818;67645.818;67645.818;67645.818;67645.818;67645.818;67645.818;67759.803;67773.146;67773.146;67773.146;67773.146;67773.146;67773.146;67773.146;67773.146;67773.146;67773.146;67773.146;67773.146;67773.146;67773.146;67773.146;67773.146;67773.146;67773.146;67773.146;67773.146;67773.146;67773.146;67773.146;67773.146;67934.333;67935.803;67943.971;67943.971;67943.971;67943.971;67943.971;67943.971;67943.971;67943.971;67943.971;67943.971;67943.971;67943.971;67943.971;67943.971;67943.971;67943.971;67943.971;67943.971;67943.971;67943.971;67943.971;67943.971;67943.971;67943.971;67943.971;67943.971;67943.971;67943.971;67943.971;67943.971;67943.971;67943.971;67943.971;67943.971;67943.971;67943.971;67943.971;67943.971;67943.971;67943.971;67943.971;67943.971;67943.971;67943.971;67943.971;67943.971;67943.971;67943.971;67943.971;67943.971;67943.971;67943.971;67943.971;67943.971;67943.971;67943.971;67943.971;67943.971;67943.971;67943.971;67943.971;67943.971;67943.971;67943.971;67943.971;67943.971;67943.971;67943.971;67943.971;67943.971;67943.971;67943.971;67943.971;68042.709;68042.709;68042.709;68042.709;68042.709;68042.709;68042.709;68042.709;68042.709;68042.709;68042.709;68042.709;68042.709;68042.709;68042.709;68042.709;68042.709;68042.709;68042.709
SSABV,1,1000,15,6,120030,random,120030,207968.86590018362,210686.06054602243,2717.194645838812,True,308.84289461782805,83.49244056599991,-563.537 825.520;-183.464 -609.521;663.377 -747.355;-358.620 -863.892;203.708 958.064;-210.232 599.632;446.331 35.450;198.440 -948.957;841.357 335.654;990.098 -130.491;-567.733 -82.239;-88.650 237.100;-851.562 -523.667;232.342 -261.813;591.326 806.250,nan;nan;nan;nan;nan;nan;nan;nan;nan;nan;nan;nan;nan;nan;nan;nan;nan;nan;nan;nan;nan;nan;nan;nan;nan;nan;nan;nan;nan;nan;nan;nan;nan;nan;nan;nan;nan;nan;nan;nan;nan;nan;nan;nan;nan;200755.745;201436.055;201436.055;202386.218;204530.623;205018.085;205073.446;205458.753;205458.753;205522.706;205522.706;205522.706;205522.847;205522.847;205567.638;205568.502;205570.911;205600.318;205633.523;205677.636;205701.503;205728.383;205761.556;205766.942;205766.942;205767.836;205774.386;205777.039;205782.613;205788.616;205791.422;205793.446;205794.298;205794.534;205796.324;205797.902;205798.883;205799.887;205800.573;205801.141;205801.405;205801.621;205801.866;205802.063;205802.187;205802.320;205802.447;205802.534;205802.592;205802.642;205802.686;205802.712;205802.734;205802.750;205802.763;206050.595;206681.565;207008.789;207062.884;207083.655;207101.087;207111.873;207117.032;207117.094;207117.094;207117.094;207117.094;207117.094;207117.094;207117.094;207117.094;207117.094;207117.094;207117.094;207117.094;207117.094;207735.442;207815.794;207922.521;207947.458;207955.643;207959.494;207962.151;207964.643;207967.698;207968.866;207968.866;207968.866;207968.866;207968.866;207968.866;207968.866;207968.866;207968.866;207968.866;207968.866;207968.866;207968.866;207968.866;207968.866;207968.866;207968.866;207968.866;207968.866;207968.866;207968.866;207968.866;207968.866;207968.866;207968.866;207968.866;207968.866;207968.866;207968.866;207968.866;207968.866;207968.866;207968.866;207968.866;207968.866;207968.866;207968.866;207968.866;207968.866;207968.866;207968.866;207968.866;207968.866;207968.866;207968.866;207968.866;207968.866;207968.866;207968.866;207968.866;207968.866;207968.866;207968.866;207968.866;207968.866;207968.866;207968.866;207968.866;207968.866;207968.866;207968.866;207968.866;207968.866;207968.866;207968.866;207968.866;207968.866;207968.866;207968.866;207968.866
SSABV,1,1000,15,14,120030,random,120030,208075.5899385386,210686.06054602243,2610.470607483847,True,335.7608035522914,73.63809978899963,434.902 -900.000;173.838 118.065;-693.907 176.582;483.105 -24.487;711.280 -576.563;92.859 -931.815;-850.912 524.682;212.325 976.962;951.886 278.679;680.622 730.751;-935.705 -352.017;-160.853 91.275;-409.927 -476.886;-399.193 416.968;-374.487 925.812,nan;nan;nan;nan;nan;nan;nan;nan;nan;nan;nan;nan;nan;nan;nan;nan;nan;nan;nan;nan;nan;nan;nan;nan;nan;nan;nan;nan;nan;nan;nan;nan;nan;203012.766;203012.766;203012.766;204669.873;204669.873;204669.873;204669.873;204669.873;204669.873;204669.873;204669.873;204969.689;205067.095;205280.250;206387.905;206387.905;206387.905;206387.905;206389.021;206389.021;206399.261;206399.261;206399.261;206489.370;206489.370;206529.097;206529.097;206535.834;206550.961;206550.961;206563.312;206564.432;206582.037;206586.276;206592.258;206622.724;206652.815;206665.621;206674.139;206684.120;206693.746;206701.176;206707.310;206711.113;206713.124;206716.392;206718.524;206720.476;206721.867;206722.656;206723.470;206724.017;206724.596;206724.774;206725.051;206725.256;206725.361;206725.469;206725.556;206725.624;206725.686;206725.723;206725.746;206725.761;206725.779;206725.789;206725.794;207342.246;207517.821;207795.498;207855.573;207866.571;207869.790;207872.120;207872.120;207872.120;207872.120;207872.120;207872.120;207872.120;207872.120;207872.120;207872.120;207872.120;207872.120;207872.120;207872.120;207872.120;207872.120;207872.120;207872.120;207872.120;207872.120;207872.120;207872.120;207872.120;207872.120;207872.120;207872.120;207872.120;207872.120;207872.120;207872.120;207872.120;207872.120;207872.120;207872.120;207872.120;207872.120;207872.120;207872.120;207872.120;207872.120;207872.120;207872.120;207872.120;207872.120;207872.120;207872.120;207872.120;207872.120;207872.120;207872.120;207872.120;207872.120;207872.120;207872.120;207872.120;207872.120;207872.120;207872.120;207872.120;207872.120;207872.120;207872.120;207872.120;207872.120;207872.120;207923.239;207945.128;207965.205;207973.884;207985.170;208017.940;208021.841;208021.841;208021.841;208021.841;208021.841;208021.841;208021.841;208021.841;208021.841;208021.841;208021.841;208021.841;208021.841;208021.841;208021.841;208021.841;208021.841;208021.841;208057.833;208067.319;208072.341;208074.466;208075.590
SSABV,1,1000,15,22,120030,random,120030,208146.45710625293,210686.06054602243,2539.603439769504,True,309.3031536765612,63.39209489900031,-777.905 -594.400;-88.787 621.259;481.214 -399.452;-265.841 962.572;-567.385 -182.172;42.945 -983.875;-682.828 145.607;-254.226 45.761;-416.804 -653.125;-311.287 -950.000;720.135 -693.333;998.885 24.060;322.214 -850.920;46.367 262.771;-965.201 -111.178,nan;nan;nan;nan;nan;nan;nan;nan;nan;nan;nan;nan;nan;nan;nan;nan;nan;nan;nan;nan;nan;nan;nan;nan;nan;nan;nan;nan;nan;nan;nan;nan;nan;nan;nan;nan;nan;nan;nan;nan;nan;nan;nan;nan;nan;nan;200791.424;203208.567;204615.571;204615.571;204615.571;204615.571;204743.143;204943.888;205407.229;205445.231;205648.943;205717.284;205804.795;205884.287;205885.246;205885.246;205890.278;205927.607;205927.607;205965.128;206003.473;206012.939;206023.167;206024.975;206031.152;206045.175;206053.563;206059.323;206060.898;206064.970;206069.431;206073.615;206077.639;206079.813;206082.003;206083.415;206084.574;206085.787;206086.515;206086.798;206087.033;206087.343;206087.531;206087.694;206087.820;206087.895;206087.981;206088.028;206088.072;206088.096;206088.112;206088.124;206088.133;206088.141;206706.593;206932.184;206988.094;207023.319;207038.787;207049.383;207081.455;207087.649;207097.575;207100.097;207100.097;207100.097;207100.097;207100.097;207100.097;207100.097;207100.097;207100.097;207100.097;207100.097;207100.097;207100.097;207100.097;207100.097;207100.097;207100.097;207100.097;207100.097;207100.097;207100.097;207100.097;207100.097;207100.097;207100.097;207100.097;207100.097;207100.097;207100.097;207100.097;207100.097;207100.097;207100.097;207100.097;207100.097;207100.097;207100.097;207100.097;207100.097;207100.097;207100.097;207100.097;207100.097;207100.097;207100.097;207100.097;207100.097;207100.097;207100.097;207100.097;207100.097;207100.097;207100.097;207555.565;207936.896;207993.468;208097.288;208113.011;208125.311;208129.277;208134.720;208138.400;208143.374;208144.366;208146.311;208146.457;208146.457;208146.457;208146.457;208146.457;208146.457;208146.457;208146.457;208146.457;208146.457;208146.457;208146.457;208146.457;208146.457;208146.457;208146.457;208146.457;208146.457;208146.457;208146.457;208146.457;208146.457;208146.457;208146.457;208146.457;208146.457
SSABV,1,1000,15,30,120030,random,120030,208625.61982361024,210686.06054602243,2060.440722412197,True,349.8638249609442,54.44176006199996,-877.715 -477.818;851.784 -328.710;261.115 -931.504;57.570 -230.011;-398.186 -829.203;-175.695 235.249;-332.547 -77.485;29.357 999.568;-881.330 289.058;472.918 866.727;677.898 315.959;233.071 417.280;451.316 -408.468;-751.327 -122.789;-749.171 662.376,nan;nan;nan;nan;nan;nan;nan;nan;nan;nan;nan;nan;nan;nan;nan;nan;nan;nan;nan;nan;nan;nan;nan;nan;nan;nan;nan;nan;nan;nan;nan;nan;nan;nan;nan;nan;nan;nan;nan;nan;nan;nan;204408.129;204536.228;204536.228;204536.228;204536.228;204838.636;206127.073;206605.823;206605.823;206878.849;206878.849;206959.065;207504.436;207509.199;207596.382;207596.382;207632.172;207672.427;207705.325;207755.812;207788.599;207820.800;207854.952;207861.235;207864.762;207868.558;207870.033;207871.273;207877.488;207878.914;207879.002;207879.849;207879.985;207880.007;207882.098;207882.368;207882.464;207882.690;207882.699;207883.015;207883.335;207883.364;207883.434;207883.582;207883.626;207883.648;207883.659;207883.685;207883.712;207883.753;207883.798;207883.803;207883.815;207883.823;207883.828;207883.834;207883.836;207883.838;208568.340;208586.507;208597.096;208612.878;208617.329;208620.999;208624.537;208625.620;208625.620;208625.620;208625.620;208625.620;208625.620;208625.620;208625.620;208625.620;208625.620;208625.620;208625.620;208625.620;208625.620;208625.620;208625.620;208625.620;208625.620;208625.620;208625.620;208625.620;208625.620;208625.620;208625.620;208625.620;208625.620;208625.620;208625.620;208625.620;208625.620;208625.620;208625.620;208625.620;208625.620;208625.620;208625.620;208625.620;208625.620;208625.620;208625.620;208625.620;208625.620;208625.620;208625.620;208625.620;208625.620;208625.620;208625.620;208625.620;208625.620;208625.620;208625.620;208625.620;208625.620;208625.620;208625.620;208625.620;208625.620;208625.620;208625.620;208625.620;208625.620;208625.620;208625.620;208625.620;208625.620;208625.620;208625.620;208625.620;208625.620;208625.620;208625.620;208625.620;208625.620;208625.620;208625.620;208625.620;208625.620;208625.620;208625.620;208625.620;208625.620;208625.620;208625.620;208625.620;208625.620;208625.620;208625.620;208625.620;208625.620;208625.620;208625.620;208625.620
LXBV,1,1000,15,8,120030,random,120030,208720.80777950556,210686.06054602243,1965.2527665168745,True,321.3450278405809,55.617328352000186,313.311 -211.338;683.886 92.777;309.201 901.599;833.475 -238.510;-982.853 -179.224;499.428 490.963;-609.267 -538.517;110.940 473.190;971.942 235.209;-248.030 -517.115;-265.611 494.239;-484.729 -135.020;688.126 -725.459;138.828 -717.486;-77.517 -41.479,nan;nan;nan;nan;nan;nan;nan;nan;nan;nan;nan;nan;nan;nan;nan;nan;nan;nan;nan;nan;nan;nan;nan;nan;200448.397;200448.397;200448.397;200754.731;200754.731;202134.815;202134.815;202134.815;202310.861;202310.861;202310.861;202641.908;202729.467;203892.040;205385.928;205892.984;206194.449;206229.420;207476.429;207476.429;207726.725;207835.286;207847.700;207855.889;207857.035;207857.071;207857.071;207857.071;207857.071;207970.451;208118.538;208214.744;208283.887;208345.269;208345.269;208346.684;208346.785;208348.977;208349.872;208350.973;208354.428;208373.487;208382.526;208411.449;208417.166;208420.406;208424.351;208427.093;208431.488;208436.283;208439.274;208442.028;208443.741;208445.477;208446.521;208448.142;208449.671;208450.763;208451.406;208451.741;208452.018;208452.818;208453.515;208453.882;208453.940;208454.004;208454.131;208454.236;208454.474;208454.518;208454.547;208454.627;208454.639;208454.650;208454.662;208454.703;208622.817;208669.690;208699.847;208706.526;208710.995;208718.557;208720.500;208720.808;208720.808;208720.808;208720.808;208720.808;208720.808;208720.808;208720.808;208720.808;208720.808;208720.808;208720.808;208720.808;208720.808;208720.808;208720.808;208720.808;208720.808;208720.808;208720.808;208720.808;208720.808;208720.808;208720.808;208720.808;208720.808;208720.808;208720.808;208720.808;208720.808;208720.808;208720.808;208720.808;208720.808;208720.808;208720.808;208720.808;208720.808;208720.808;208720.808;208720.808;208720.808;208720.808;208720.808;208720.808;208720.808;208720.808;208720.808;208720.808;208720.808;208720.808;208720.808;208720.808;208720.808;208720.808;208720.808;208720.808;208720.808;208720.808;208720.808;208720.808;208720.808;208720.808;208720.808;208720.808;208720.808;208720.808;208720.808;208720.808;208720.808;208720.808;208720.808;208720.808;208720.808;208720.808;208720.808;208720.808;208720.808;208720.808;208720.808;208720.808;208720.808;208720.808;208720.808;208720.808;208720.808;208720.808;208720.808;208720.808;208720.808;208720.808;208720.808;208720.808
LXBV,1,1000,15,16,120030,random,120030,208249.40578265834,210686.06054602243,2436.6547633640876,True,314.83582823069105,56.396376619999955,669.300 534.810;350.920 592.441;376.754 -588.779;-357.419 869.334;931.927 353.901;-689.110 716.016;122.647 935.511;-699.762 -693.030;-919.544 118.435;-346.899 -925.000;-353.389 83.236;64.361 -962.500;690.829 -610.661;93.528 -333.829;919.072 -290.847,nan;nan;nan;nan;nan;nan;nan;nan;nan;nan;nan;nan;nan;nan;nan;nan;nan;nan;nan;nan;nan;nan;nan;nan;nan;nan;nan;nan;nan;nan;nan;nan;nan;201376.956;201376.956;201376.956;202346.823;202346.823;202346.823;202355.609;202488.845;203688.711;203704.855;203704.855;203788.936;205067.590;205111.184;205168.646;205168.646;205266.312;205314.937;205323.973;205324.130;205324.130;205343.187;205357.591;205362.422;205362.422;205363.444;205364.622;205376.943;205376.990;205395.729;205399.667;205416.738;205421.275;205425.553;205434.534;205436.868;205443.238;205446.399;205450.924;205454.196;205455.137;205458.531;205463.066;205465.084;205467.367;205469.254;205470.594;205471.634;205472.848;205473.586;205474.260;205475.123;205475.336;205475.594;205475.745;205475.794;205475.890;205475.998;205476.162;205476.236;205476.289;205476.344;205476.385;205476.398;205476.400;205476.416;205476.426;205975.486;206511.260;206601.385;206622.994;206642.390;206657.259;206682.013;206693.554;206707.565;206720.898;206729.955;206737.163;206744.714;206746.937;206746.937;206746.937;206746.937;206746.937;206746.937;206746.937;206746.937;206746.937;206746.937;206746.937;206746.937;206746.937;206746.937;206746.937;206746.937;206746.937;206746.937;206746.937;206746.937;206746.937;206746.937;206746.937;206746.937;206746.937;206746.937;206746.937;206746.937;206746.937;206746.937;206746.937;206746.937;206746.937;206746.937;206746.937;206746.937;206746.937;206746.937;206746.937;206746.937;207583.705;207740.501;207760.687;207809.669;207824.894;207901.461;207910.199;207928.520;207938.609;207942.605;207942.715;207942.715;207942.715;207942.715;207942.715;207942.715;207942.715;207942.715;207942.715;207942.715;207942.715;207942.715;207943.086;207977.429;207993.797;208002.774;208020.887;208021.177;208021.177;208021.177;208021.177;208021.177;208021.177;208021.177;208021.177;208021.177;208021.177;208021.177;208021.177;208021.177;208021.177;208021.177;208021.177;208021.177;208021.177;208208.496;208247.931
LXBV,1,1000,15,24,120030,random,120030,208021.06890951193,210686.06054602243,2664.991636510502,True,324.51800834313866,54.980412649999835,-696.592 13.989;-63.365 -44.852;984.576 118.813;-223.595 -623.146;795.739 -578.368;645.373 762.683;-374.986 -924.892;521.063 355.414;262.126 -71.508;-56.695 -988.161;-296.525 721.005;-44.483 998.438;499.922 -716.156;-672.358 739.244;-697.090 -688.589,nan;nan;nan;nan;nan;nan;nan;nan;nan;nan;nan;nan;nan;nan;nan;nan;nan;nan;nan;nan;nan;nan;nan;nan;nan;nan;nan;nan;nan;198490.517;198490.517;198490.517;201906.703;201961.230;201961.230;201961.230;201961.230;201994.803;201994.803;202012.858;202012.858;202140.270;202263.661;202641.584;202642.022;202715.319;202860.054;202862.788;202862.788;202872.572;202901.802;202930.073;202933.355;203097.622;203212.469;203239.813;203248.131;203248.131;203336.599;203339.794;203438.519;203544.681;203623.302;203676.866;203689.557;203690.815;203693.384;203694.837;203697.461;203698.124;203715.215;203732.551;203754.762;203772.284;203790.385;203799.497;203806.167;203810.775;203814.963;203821.332;203824.364;203825.515;203827.673;203828.483;203831.521;203832.164;203832.537;203833.586;203833.951;203834.438;203835.033;203835.219;203835.486;203835.570;203835.648;203835.713;203836.048;203836.091;203836.191;203836.268;205845.293;206780.610;207067.619;207118.889;207154.618;207177.590;207191.349;207197.920;207205.451;207210.056;207210.056;207210.056;207210.056;207210.056;207210.056;207210.056;207210.056;207210.056;207210.056;207210.056;207210.056;207210.056;207210.056;207210.056;207210.056;207212.865;207231.092;207239.846;207247.892;207252.868;207254.697;207254.718;207254.718;207254.718;207802.968;207924.657;207952.614;207960.395;207971.304;207990.262;207993.644;207997.982;208002.556;208006.812;208012.063;208017.153;208019.414;208021.069;208021.069;208021.069;208021.069;208021.069;208021.069;208021.069;208021.069;208021.069;208021.069;208021.069;208021.069;208021.069;208021.069;208021.069;208021.069;208021.069;208021.069;208021.069;208021.069;208021.069;208021.069;208021.069;208021.069;208021.069;208021.069;208021.069;208021.069;208021.069;208021.069;208021.069;208021.069;208021.069;208021.069;208021.069;208021.069;208021.069;208021.069;208021.069;208021.069;208021.069;208021.069;208021.069;208021.069;208021.069;208021.069;208021.069;208021.069;208021.069;208021.069;208021.069;208021.069;208021.069
RSVNS,1,1000,15,2,120030,random,120030,208248.80515884754,210686.06054602243,2437.255387174897,True,364.69342492057626,55.84397249599988,699.815 -560.412;723.641 594.052;-655.536 214.712;240.929 -533.134;-816.597 575.830;36.416 985.938;-159.081 -198.061;36.405 -923.491;-640.849 -767.412;955.663 45.897;455.539 -831.208;-404.370 785.868;-406.222 -486.454;457.304 -37.027;449.343 891.039,nan;nan;nan;nan;nan;nan;nan;nan;nan;nan;nan;nan;nan;nan;nan;nan;nan;nan;nan;nan;nan;nan;nan;nan;nan;nan;nan;nan;nan;nan;nan;nan;nan;nan;nan;nan;nan;nan;nan;nan;nan;nan;nan;nan;nan;nan;nan;nan;nan;nan;nan;nan;nan;nan;nan;nan;nan;nan;nan;nan;nan;nan;nan;nan;nan;nan;nan;nan;nan;nan;nan;nan;nan;nan;nan;nan;nan;nan;nan;nan;nan;nan;nan;nan;nan;nan;nan;nan;nan;nan;nan;nan;nan;nan;nan;nan;nan;nan;nan;nan;205356.098;206125.736;206589.630;206875.447;207002.249;207043.679;207061.970;207096.188;207109.429;207115.925;207120.433;207121.346;207412.826;207552.595;207628.921;207650.044;207672.260;207692.405;207702.284;207714.068;207719.941;207728.616;207733.787;207737.790;207744.516;207745.016;207745.016;207745.016;207745.763;207763.340;207778.675;207793.657;207803.543;207806.412;207808.088;207808.088;207808.088;207808.088;207808.088;207808.088;207808.088;207811.648;207836.128;207838.537;207873.311;207889.976;207895.012;207898.072;207900.388;207901.842;207903.226;207905.428;207906.109;207906.109;207906.109;208099.153;208176.743;208207.308;208215.861;208223.522;208226.491;208239.137;208244.922;208247.805;208248.805;208248.805;208248.805;208248.805;208248.805;208248.805;208248.805;208248.805;208248.805;208248.805;208248.805;208248.805;208248.805;208248.805;208248.805;208248.805;208248.805;208248.805;208248.805;208248.805;208248.805;208248.805;208248.805;208248.805;208248.805;208248.805;208248.805;208248.805;208248.805;208248.805;208248.805;208248.805;208248.805;208248.805;208248.805;208248.805
RSVNS,1,1000,15,10,120030,random,120030,208069.74860222987,210686.06054602243,2616.3119437925634,True,357.93166277955237,56.340120049000234,-295.771 931.158;-178.901 562.494;-458.852 -265.427;792.475 453.649;987.676 153.630;-91.890 -995.312;577.608 21.536;436.564 -374.531;-693.788 -719.968;204.122 58.853;430.534 421.942;787.074 -616.117;208.206 967.969;-702.050 711.115;49.238 -288.355,nan;nan;nan;nan;nan;nan;nan;nan;nan;nan;nan;nan;nan;nan;nan;nan;nan;nan;nan;nan;nan;nan;nan;nan;nan;nan;nan;nan;nan;nan;nan;nan;nan;nan;nan;nan;nan;nan;nan;nan;nan;nan;nan;nan;nan;nan;nan;nan;nan;nan;nan;nan;nan;nan;nan;nan;nan;nan;nan;nan;nan;nan;nan;nan;nan;nan;nan;nan;nan;nan;nan;nan;nan;nan;nan;nan;nan;nan;nan;nan;nan;nan;nan;nan;nan;nan;nan;nan;nan;nan;nan;nan;nan;nan;nan;nan;nan;nan;nan;nan;205918.040;206430.198;206722.911;206864.399;206908.966;206940.090;206962.963;206985.322;207019.718;207030.041;207038.288;207049.128;207058.326;207059.581;207059.581;207059.581;207059.581;207059.581;207059.581;207059.581;207059.581;207059.581;207059.581;207059.581;207059.581;207059.581;207059.581;207059.581;207059.581;207059.581;207059.581;207059.581;207059.581;207059.581;207059.581;207059.581;207059.581;207059.581;207059.581;207059.581;207059.581;207059.581;207059.581;207059.581;207059.581;207059.581;207059.581;207059.581;207059.581;207059.581;207059.581;207059.581;207059.581;207059.581;207059.581;207059.581;207059.581;207059.581;207059.581;207059.581;207059.581;207059.581;207059.581;207059.581;207059.581;207059.581;207059.581;207059.581;207059.581;207059.581;207059.581;207059.581;207059.581;207059.581;207059.581;207059.581;207059.581;207059.581;207059.581;207059.581;207059.581;207520.292;207907.405;207963.456;208023.519;208039.582;208052.777;208057.244;208064.017;208067.904;208069.749;208069.749;208069.749;208069.749;208069.749;208069.749;208069.749;208069.749;208069.749;208069.749
RSVNS,1,1000,15,18,120030,random,120030,208845.97690656106,210686.06054602243,1840.0836394613725,True,387.8384318995191,57.006467425999745,-735.771 -676.892;137.044 -80.521;928.984 -369.026;-735.550 107.478;-253.556 -759.707;-249.228 173.476;-28.218 523.211;762.520 13.597;552.510 831.452;-625.910 779.527;-243.203 969.846;153.930 908.944;550.322 -452.894;366.221 -929.688;361.005 265.414,nan;nan;nan;nan;nan;nan;nan;nan;nan;nan;nan;nan;nan;nan;nan;nan;nan;nan;nan;nan;nan;nan;nan;nan;nan;nan;nan;nan;nan;nan;nan;nan;nan;nan;nan;nan;nan;nan;nan;nan;nan;nan;nan;nan;nan;nan;nan;nan;nan;nan;nan;nan;nan;nan;nan;nan;nan;nan;nan;nan;nan;nan;nan;nan;nan;nan;nan;nan;nan;nan;nan;nan;nan;nan;nan;nan;nan;nan;nan;nan;nan;nan;nan;nan;nan;nan;nan;nan;nan;nan;nan;nan;nan;nan;nan;nan;nan;nan;nan;nan;203979.010;205927.074;206268.825;206497.039;206760.883;206791.286;206801.331;206815.090;206826.752;206835.667;206841.065;206846.651;206849.629;206849.629;206849.629;207938.078;208735.396;208785.280;208833.219;208839.319;208842.931;208845.474;208845.977;208845.977;208845.977;208845.977;208845.977;208845.977;208845.977;208845.977;208845.977;208845.977;208845.977;208845.977;208845.977;208845.977;208845.977;208845.977;208845.977;208845.977;208845.977;208845.977;208845.977;208845.977;208845.977;208845.977;208845.977;208845.977;208845.977;208845.977;208845.977;208845.977;208845.977;208845.977;208845.977;208845.977;208845.977;208845.977;208845.977;208845.977;208845.977;208845.977;208845.977;208845.977;208845.977;208845.977;208845.977;208845.977;208845.977;208845.977;208845.977;208845.977;208845.977;208845.977;208845.977;208845.977;208845.977;208845.977;208845.977;208845.977;208845.977;208845.977;208845.977;208845.977;208845.977;208845.977;208845.977;208845.977;208845.977;208845.977;208845.977;208845.977;208845.977;208845.977;208845.977;208845.977;208845.977;208845.977;208845.977;208845.977
RSVNS,1,1000,15,26,120030,random,120030,207910.93560335683,210686.06054602243,2775.1249426655995,True,325.2367291503335,55.65576840699987,236.847 821.820;-56.120 225.623;231.720 -257.889;-271.200 -962.500;812.340 -364.680;-718.271 -298.841;-270.518 -246.893;-63.918 -672.700;-552.448 143.823;900.977 433.290;-392.979 494.659;-997.180 -55.153;-282.411 800.524;614.599 -737.533;-713.417 700.675,nan;nan;nan;nan;nan;nan;nan;nan;nan;nan;nan;nan;nan;nan;nan;nan;nan;nan;nan;nan;nan;nan;nan;nan;nan;nan;nan;nan;nan;nan;nan;nan;nan;nan;nan;nan;nan;nan;nan;nan;nan;nan;nan;nan;nan;nan;nan;nan;nan;nan;nan;nan;nan;nan;nan;nan;nan;nan;nan;nan;nan;nan;nan;nan;nan;nan;nan;nan;nan;nan;nan;nan;nan;nan;nan;nan;nan;nan;nan;nan;nan;nan;nan;nan;nan;nan;nan;nan;nan;nan;nan;nan;nan;nan;nan;nan;nan;nan;nan;nan;204774.524;205368.320;206509.460;207032.894;207232.961;207317.685;207463.266;207486.632;207491.958;207499.160;207503.582;207507.036;207507.036;207507.036;207507.036;207507.036;207507.036;207507.036;207507.036;207507.036;207507.036;207507.036;207507.036;207507.036;207507.036;207507.036;207507.036;207507.036;207507.036;207507.036;207507.036;207507.036;207507.036;207507.036;207507.036;207507.036;207507.036;207507.036;207507.036;207507.036;207507.036;207507.036;207507.036;207507.036;207507.036;207507.036;207507.036;207507.036;207507.036;207507.036;207507.036;207507.036;207507.036;207507.036;207507.036;207507.036;207507.036;207714.125;207850.394;207894.257;207900.774;207906.711;207910.716;207910.936;207910.936;207910.936;207910.936;207910.936;207910.936;207910.936;207910.936;207910.936;207910.936;207910.936;207910.936;207910.936;207910.936;207910.936;207910.936;207910.936;207910.936;207910.936;207910.936;207910.936;207910.936;207910.936;207910.936;207910.936;207910.936;207910.936;207910.936;207910.936;207910.936;207910.936;207910.936;207910.936;207910.936;207910.936;207910.936;207910.936
BVNS,1,1000,15,4,120030,random,120030,207904.8206488367,210686.06054602243,2781.239897185733,True,321.6298762707434,53.514353704000314,-576.394 816.590;-622.003 -782.581;-580.571 12.066;-126.971 25.101;-120.844 925.000;-289.027 555.506;827.141 -553.493;-883.606 -423.089;663.944 746.418;372.938 431.394;470.240 -820.887;5.025 -342.484;149.270 -800.301;989.062 -139.792;359.537 -505.807,nan;nan;nan;204585.016;205773.838;206152.829;206309.691;206532.485;206549.899;206565.657;206579.341;206584.213;206584.213;206584.213;206584.213;206584.213;206584.213;206584.213;206584.213;206584.213;206584.213;206584.213;206584.213;206584.213;206584.213;206584.213;206584.213;206584.213;206584.213;206584.213;206584.213;206584.213;206584.213;206584.213;206584.213;206584.213;206584.213;206584.213;206584.213;206584.213;206584.213;206899.730;207512.436;207621.437;207682.004;207699.507;207722.451;207729.249;207736.247;207738.735;207738.735;207738.735;207738.735;207738.735;207738.735;207738.735;207738.735;207738.735;207738.735;207738.735;207738.735;207738.735;207738.735;207738.735;207738.735;207738.735;207738.735;207738.735;207738.735;207738.735;207738.735;207738.735;207738.735;207738.735;207738.735;207738.735;207738.735;207738.735;207738.735;207738.735;207738.735;207738.735;207738.735;207738.735;207738.735;207738.735;207738.735;207738.735;207738.735;207738.735;207738.735;207738.735;207738.735;207738.735;207738.735;207738.735;207738.735;207738.735;207738.735;207738.735;207738.735;207738.735;207738.735;207738.735;207738.735;207738.735;207738.735;207738.735;207738.735;207738.735;207738.735;207738.735;207738.735;207738.735;207738.735;207738.735;207738.735;207738.735;207738.735;207738.735;207738.735;207738.735;207738.735;207738.735;207738.735;207738.735;207738.735;207738.735;207738.735;207738.735;207738.735;207738.735;207738.735;207738.735;207738.735;207738.735;207738.735;207738.735;207738.735;207738.735;207738.735;207738.735;207738.735;207738.735;207738.735;207738.735;207828.887;207858.357;207872.206;207900.034;207902.532;207904.445;207904.821;207904.821;207904.821;207904.821;207904.821;207904.821;207904.821;207904.821;207904.821;207904.821;207904.821;207904.821;207904.821;207904.821;207904.821;207904.821;207904.821;207904.821;207904.821;207904.821;207904.821;207904.821;207904.821;207904.821;207904.821;207904.821;207904.821;207904.821;207904.821;207904.821;207904.821;207904.821;207904.821;207904.821;207904.821;207904.821;207904.821;207904.821;207904.821;207904.821;207904.821;207904.821;207904.821;207904.821;207904.821;207904.821;207904.821;207904.821
BVNS,1,1000,15,12,120030,random,120030,208523.0089450381,210686.06054602243,2163.051600984327,True,346.02209422974045,52.830767969000135,995.643 -86.294;380.628 182.592;-999.904 -13.794;-448.811 873.271;635.118 770.862;-13.115 936.906;797.262 452.494;187.216 -555.107;6.622 -999.949;506.896 -156.354;-426.230 -229.905;670.399 -733.884;380.735 -923.162;-827.488 560.567;-3.537 -131.389,nan;nan;202543.097;204579.554;206735.504;207323.062;207502.235;207965.740;208012.796;208073.755;208081.379;208091.606;208098.958;208117.778;208122.263;208132.536;208137.675;208142.335;208146.279;208148.523;208150.349;208151.942;208153.574;208154.942;208156.428;208157.367;208158.839;208159.078;208159.078;208159.078;208159.078;208200.764;208284.981;208332.282;208339.818;208345.435;208352.324;208357.279;208360.406;208364.081;208366.018;208367.700;208367.715;208367.715;208367.715;208367.715;208367.715;208367.715;208367.715;208367.715;208367.715;208367.715;208367.715;208367.715;208367.715;208367.715;208367.715;208367.715;208367.715;208367.715;208367.715;208367.715;208367.715;208367.715;208367.715;208367.715;208367.715;208367.715;208367.715;208367.715;208367.715;208367.715;208367.715;208367.715;208367.715;208367.715;208367.715;208367.715;208367.715;208367.715;208367.715;208367.715;208367.715;208367.715;208367.715;208367.715;208367.715;208367.715;208367.715;208367.715;208367.715;208367.715;208367.715;208367.715;208367.715;208367.715;208367.715;208367.715;208367.715;208367.715;208367.715;208367.715;208367.715;208367.715;208367.715;208367.715;208367.715;208367.715;208367.715;208367.715;208367.715;208367.715;208453.693;208507.054;208511.966;208516.929;208519.428;208521.787;208523.009;208523.009;208523.009;208523.009;208523.009;208523.009;208523.009;208523.009;208523.009;208523.009;208523.009;208523.009;208523.009;208523.009;208523.009;208523.009;208523.009;208523.009;208523.009;208523.009;208523.009;208523.009;208523.009;208523.009;208523.009;208523.009;208523.009;208523.009;208523.009;208523.009;208523.009;208523.009;208523.009;208523.009;208523.009;208523.009;208523.009;208523.009;208523.009;208523.009;208523.009;208523.009;208523.009;208523.009;208523.009;208523.009;208523.009;208523.009;208523.009;208523.009;208523.009;208523.009;208523.009;208523.009;208523.009;208523.009;208523.009;208523.009;208523.009;208523.009;208523.009;208523.009;208523.009;208523.009;208523.009;208523.009;208523.009;208523.009;208523.009;208523.009;208523.009;208523.009;208523.009;208523.009;208523.009;208523.009;208523.009;208523.009;208523.009;208523.009;208523.009;208523.009
BVNS,1,1000,15,20,120030,random,120030,208302.9050067008,210686.06054602243,2383.155539321626,True,326.4697369808769,53.32027387800008,-38.222 992.188;723.394 221.121;-165.684 570.693;710.432 -702.900;257.334 853.517;236.968 -945.087;-289.223 -14.462;-510.521 854.348;-770.179 636.732;576.883 -292.636;-850.636 85.653;-295.580 -954.146;257.043 108.139;-482.487 -380.930;-964.062 -264.284,nan;nan;204158.346;205384.358;205675.997;205754.110;205799.859;205825.121;205858.465;205909.116;205918.975;205976.607;205988.707;205996.636;205996.636;205996.636;205996.636;205996.636;205996.636;205996.636;205996.636;205996.636;205996.636;205996.636;205996.636;205996.636;205996.636;205996.636;206368.299;206484.004;206518.908;206528.272;206535.805;206537.956;206537.956;206915.848;207178.861;207246.959;207317.185;207343.230;207363.660;207377.593;207380.268;207385.358;207390.117;207392.388;207394.492;207394.492;207394.492;207394.492;207394.492;207394.492;207394.492;207394.492;207394.492;207394.492;207395.026;207395.026;207395.026;207395.026;207395.026;207395.026;207433.189;207456.967;207471.335;207482.940;207492.405;207574.186;207591.725;207604.785;207610.915;207618.116;207625.075;207637.045;207637.045;208061.750;208157.510;208215.990;208245.651;208260.377;208267.223;208274.467;208284.717;208292.761;208299.320;208302.552;208302.905;208302.905;208302.905;208302.905;208302.905;208302.905;208302.905;208302.905;208302.905;208302.905;208302.905;208302.905;208302.905;208302.905;208302.905;208302.905;208302.905;208302.905;208302.905;208302.905;208302.905;208302.905;208302.905;208302.905;208302.905;208302.905;208302.905;208302.905;208302.905;208302.905;208302.905;208302.905;208302.905;208302.905;208302.905;208302.905;208302.905;208302.905;208302.905;208302.905;208302.905;208302.905;208302.905;208302.905;208302.905;208302.905;208302.905;208302.905;208302.905;208302.905;208302.905;208302.905;208302.905;208302.905;208302.905;208302.905;208302.905;208302.905;208302.905;208302.905;208302.905;208302.905;208302.905;208302.905;208302.905;208302.905;208302.905;208302.905;208302.905;208302.905;208302.905;208302.905;208302.905;208302.905;208302.905;208302.905;208302.905;208302.905;208302.905;208302.905;208302.905;208302.905;208302.905;208302.905;208302.905;208302.905;208302.905;208302.905;208302.905;208302.905;208302.905;208302.905;208302.905;208302.905;208302.905;208302.905;208302.905;208302.905;208302.905;208302.905;208302.905;208302.905;208302.905;208302.905;208302.905;208302.905;208302.905;208302.905;208302.905;208302.905;208302.905;208302.905;208302.905;208302.905
BVNS,1,1000,15,28,120030,random,120030,208397.66755000025,210686.06054602243,2288.3929960221867,True,322.89980133801384,52.29659707699966,91.110 615.394;951.562 -305.907;301.613 65.308;-367.123 -878.369;292.542 928.828;118.751 -566.853;-227.712 190.406;-224.024 -588.909;-390.299 660.227;687.500 -725.437;-233.008 971.875;-909.490 -331.106;683.287 719.919;-718.656 -695.250;-666.142 239.564,nan;nan;nan;205073.809;205595.944;205973.989;206276.070;206328.084;206353.116;206370.395;206380.290;206384.403;206388.170;206388.170;206388.170;206388.170;206708.184;206813.382;206844.631;206859.020;206873.222;206882.990;206887.608;206888.860;206888.860;207233.312;207983.579;208269.656;208286.199;208295.783;208318.649;208325.006;208327.426;208331.781;208333.222;208333.953;208333.953;208333.953;208333.953;208333.953;208333.953;208333.953;208333.953;208333.953;208333.953;208333.953;208333.953;208333.953;208333.953;208333.953;208333.953;208333.953;208333.953;208333.953;208333.953;208333.953;208333.953;208333.953;208333.953;208333.953;208333.953;208333.953;208333.953;208333.953;208333.953;208333.953;208333.953;208333.953;208333.953;208333.953;208333.953;208333.953;208333.953;208333.953;208333.953;208333.953;208333.953;208333.953;208333.953;208333.953;208333.953;208333.953;208333.953;208333.953;208333.953;208333.953;208333.953;208333.953;208333.953;208333.953;208333.953;208333.953;208333.953;208333.953;208333.953;208333.953;208333.953;208333.953;208333.953;208333.953;208333.953;208333.953;208333.953;208333.953;208333.953;208333.953;208333.953;208333.953;208333.953;208333.953;208333.953;208333.953;208333.953;208333.953;208333.953;208333.953;208333.953;208333.953;208333.953;208333.953;208333.953;208333.953;208333.953;208333.953;208333.953;208333.953;208333.953;208333.953;208333.953;208333.953;208333.953;208333.953;208333.953;208333.953;208333.953;208333.953;208333.953;208333.953;208333.953;208333.953;208333.953;208333.953;208333.953;208333.953;208333.953;208333.953;208333.953;208333.953;208333.953;208333.953;208333.953;208333.953;208333.953;208333.953;208333.953;208333.953;208333.953;208333.953;208333.953;208337.750;208351.486;208366.519;208376.120;208381.222;208387.107;208391.046;208396.145;208397.668;208397.668;208397.668;208397.668;208397.668;208397.668;208397.668;208397.668;208397.668;208397.668;208397.668;208397.668;208397.668;208397.668;208397.668;208397.668;208397.668;208397.668;208397.668;208397.668;208397.668;208397.668;208397.668;208397.668;208397.668;208397.668;208397.668;208397.668;208397.668;208397.668;208397.668;208397.668;208397.668
SSA,1,1000,15,6,120030,random,120030,207404.60471332318,210686.06054602243,3281.4558326992556,True,313.47185552896065,57.09317797599988,439.328 794.050;179.958 327.392;-600.010 -344.794;41.804 -556.331;-784.341 66.846;48.156 766.839;443.006 -741.857;-393.292 446.765;587.637 405.016;901.548 -243.386;736.409 85.983;-116.272 -9.912;-241.570 -422.301;902.144 431.436;443.312 -55.032,nan;nan;nan;nan;nan;nan;nan;nan;nan;nan;nan;nan;nan;nan;nan;nan;nan;nan;nan;nan;nan;nan;nan;nan;nan;nan;nan;nan;nan;nan;nan;nan;nan;nan;nan;nan;nan;nan;nan;nan;nan;nan;nan;nan;nan;nan;nan;nan;nan;nan;nan;nan;nan;nan;nan;nan;nan;nan;nan;nan;nan;nan;nan;nan;nan;nan;nan;nan;nan;nan;nan;nan;nan;nan;nan;nan;202800.639;202800.639;202800.639;202800.639;202800.639;202800.639;202800.639;202800.639;202800.639;202800.639;202800.639;202800.639;202800.639;203127.451;203127.451;203127.451;204286.816;205245.163;205962.267;205962.267;205962.267;205962.267;205962.267;205962.267;205962.267;205962.267;206141.088;206141.088;206141.088;206400.846;206540.622;206540.622;206624.332;206624.332;206812.012;206812.012;206812.012;206926.172;207028.031;207028.031;207028.031;207028.031;207028.031;207037.339;207111.457;207133.144;207140.228;207140.228;207140.228;207207.909;207246.355;207247.750;207293.116;207293.116;207308.035;207311.436;207315.451;207317.777;207321.115;207321.115;207325.231;207330.112;207341.761;207355.472;207363.772;207365.404;207370.686;207374.220;207379.789;207382.240;207386.427;207391.411;207392.386;207393.023;207393.083;207394.326;207395.865;207396.442;207398.054;207398.971;207400.724;207401.985;207402.701;207402.788;207403.062;207403.147;207403.351;207403.634;207403.677;207403.801;207403.866;207403.879;207403.880;207403.880;207403.923;207404.075;207404.271;207404.289;207404.298;207404.306;207404.309;207404.320;207404.362;207404.388;207404.395;207404.407;207404.428;207404.473;207404.502;207404.516;207404.528;207404.556;207404.567;207404.578;207404.582;207404.590;207404.595;207404.595;207404.597;207404.599;207404.602;207404.602;207404.604;207404.605
SSA,1,1000,15,14,120030,random,120030,207075.94973163135,210686.06054602243,3610.1108143910824,True,336.75040059183937,57.1723589369999,42.395 -182.973;-334.107 796.538;-444.090 -515.460;-734.510 618.332;-142.443 -710.769;562.887 334.462;414.477 -427.822;-550.131 -835.079;-831.258 -532.325;-785.888 31.863;37.046 856.613;-333.314 15.834;382.132 857.870;268.862 -842.569;802.320 -341.870,nan;nan;nan;nan;nan;nan;nan;nan;nan;nan;nan;nan;nan;nan;nan;nan;nan;nan;nan;nan;nan;nan;nan;nan;nan;nan;nan;nan;nan;nan;nan;nan;nan;nan;nan;nan;nan;nan;nan;nan;nan;nan;nan;nan;nan;nan;nan;nan;nan;nan;nan;nan;nan;nan;nan;nan;nan;nan;nan;nan;nan;nan;nan;nan;nan;nan;nan;nan;nan;nan;nan;nan;nan;nan;nan;nan;nan;nan;nan;nan;nan;nan;nan;nan;201399.867;201399.867;203135.364;204715.802;205011.591;205440.118;205440.118;205440.118;205440.118;205641.255;205641.255;206210.488;206210.488;206210.488;206210.488;206210.488;206378.945;206378.945;206391.491;206585.582;206585.582;206585.582;206585.582;206638.722;206642.043;206674.649;206708.908;206708.908;206708.908;206753.870;206770.508;206804.711;206804.711;206829.707;206830.165;206858.399;206873.939;206877.630;206889.329;206889.329;206895.395;206908.450;206914.058;206917.843;206953.445;206956.582;206979.353;206990.682;206993.885;207004.560;207018.624;207021.291;207023.072;207031.153;207038.545;207048.356;207048.388;207048.388;207048.786;207049.983;207051.971;207056.926;207064.544;207066.375;207068.165;207068.600;207069.053;207069.593;207069.593;207070.407;207071.294;207071.906;207073.414;207073.960;207074.125;207074.672;207074.773;207074.970;207074.998;207075.091;207075.235;207075.315;207075.389;207075.389;207075.395;207075.551;207075.567;207075.571;207075.669;207075.719;207075.778;207075.821;207075.847;207075.866;207075.866;207075.871;207075.877;207075.880;207075.880;207075.885;207075.885;207075.889;207075.892;207075.903;207075.919;207075.928;207075.934;207075.936;207075.937;207075.939;207075.942;207075.946;207075.947;207075.948;207075.949;207075.950
SSA,1,1000,15,22,120030,random,120030,207825.9049012474,210686.06054602243,2860.155644775019,True,308.0647167483394,56.65491331400017,-799.321 350.527;-301.211 921.460;441.926 -897.051;-122.707 -340.843;468.195 708.747;138.893 -841.599;184.863 944.895;4.881 496.766;300.878 -426.456;731.487 -52.562;-285.253 -661.583;-438.583 -181.671;-977.068 -100.181;955.314 294.382;-673.118 735.837,nan;nan;nan;nan;nan;nan;nan;nan;nan;nan;nan;nan;nan;nan;nan;nan;nan;nan;nan;nan;nan;nan;nan;nan;nan;nan;nan;nan;nan;nan;nan;nan;nan;nan;nan;nan;nan;nan;nan;nan;nan;nan;nan;nan;nan;nan;nan;nan;nan;nan;nan;nan;nan;nan;nan;nan;nan;nan;nan;nan;nan;nan;nan;nan;201032.051;201032.051;201032.051;201032.051;201032.051;201032.051;201032.051;201255.382;201255.382;201255.382;201255.382;201255.382;201255.382;201255.382;201255.382;201255.382;201255.382;201255.382;201255.382;203134.282;204366.857;204867.704;204867.704;205480.624;205738.793;205959.739;205959.739;206841.368;206974.511;206974.511;206974.511;206974.511;206974.511;206974.511;206974.511;206974.511;207058.366;207058.366;207058.366;207071.814;207303.433;207363.593;207479.103;207479.103;207479.103;207479.103;207479.103;207552.106;207552.106;207552.106;207552.106;207552.106;207552.106;207561.560;207586.116;207608.056;207672.978;207688.261;207698.468;207714.145;207721.783;207733.913;207735.840;207736.648;207743.664;207746.294;207761.322;207773.961;207776.010;207778.359;207778.359;207778.359;207778.359;207778.359;207780.705;207785.285;207787.852;207792.004;207794.125;207796.506;207798.272;207799.546;207801.386;207804.818;207807.978;207811.184;207813.569;207816.565;207818.096;207818.746;207819.219;207820.047;207820.885;207821.546;207822.169;207822.465;207822.730;207822.809;207823.013;207823.554;207823.938;207824.146;207824.532;207824.697;207824.780;207824.903;207825.091;207825.147;207825.241;207825.324;207825.376;207825.405;207825.493;207825.559;207825.599;207825.610;207825.616;207825.671;207825.716;207825.737;207825.767;207825.788;207825.809;207825.823;207825.835;207825.844;207825.857;207825.871;207825.877;207825.883;207825.888;207825.890;207825.893;207825.898;207825.902;207825.905
SSA,1,1000,15,30,120030,random,120030,206332.9772217874,210686.06054602243,4353.08332423502,True,344.38219292917967,57.54953205300035,-822.001 -569.486;587.323 -572.540;189.484 -873.808;-113.833 30.004;-535.447 -844.569;-240.948 378.543;-418.784 -176.226;-108.035 827.448;-695.553 325.101;584.309 753.342;908.053 354.518;115.823 360.104;61.564 -524.791;-811.332 0.764;-652.877 757.464,nan;nan;nan;nan;nan;nan;nan;nan;nan;nan;nan;nan;nan;nan;nan;nan;nan;nan;nan;nan;nan;nan;nan;nan;nan;nan;nan;nan;nan;nan;nan;nan;nan;nan;nan;nan;nan;nan;nan;nan;nan;nan;nan;nan;nan;nan;nan;nan;nan;nan;nan;nan;nan;nan;nan;nan;nan;nan;nan;nan;nan;nan;nan;nan;nan;nan;nan;nan;nan;nan;nan;nan;nan;nan;nan;nan;nan;200772.117;202863.458;202863.458;204825.840;204825.840;204825.840;204825.840;204825.840;204825.840;204825.840;204825.840;204825.840;204825.840;204825.840;204825.840;204825.840;204825.840;204857.953;204857.953;205087.675;205087.675;205481.276;205481.276;205481.276;205481.276;205481.276;205481.276;205481.276;205481.276;205949.218;205949.218;205949.218;205949.218;205949.218;205949.218;205983.919;205986.591;205995.153;205995.153;205995.153;205995.153;205995.153;206024.904;206053.166;206053.166;206089.268;206110.491;206123.353;206134.880;206142.398;206168.993;206184.835;206206.054;206245.643;206250.603;206256.388;206257.136;206260.253;206264.102;206277.574;206288.082;206292.977;206301.512;206307.556;206308.058;206308.681;206310.341;206313.584;206315.123;206317.848;206318.341;206318.367;206320.473;206322.128;206323.433;206324.126;206325.331;206325.783;206326.526;206327.625;206328.121;206329.234;206330.170;206330.832;206331.390;206331.615;206331.615;206331.638;206331.685;206331.824;206332.056;206332.092;206332.121;206332.244;206332.294;206332.408;206332.462;206332.549;206332.597;206332.618;206332.672;206332.701;206332.745;206332.795;206332.826;206332.873;206332.883;206332.883;206332.884;206332.895;206332.900;206332.908;206332.924;206332.939;206332.947;206332.953;206332.957;206332.970;206332.970;206332.971;206332.975;206332.976;206332.977
LXSSA,1,1000,15,8,120030,random,120030,205883.69137442435,210686.06054602243,4802.369171598082,True,308.00041521476203,55.658841550000034,-258.681 201.030;-593.605 -449.225;-716.258 -98.985;65.136 -68.725;443.917 -717.838;437.145 115.414;-944.007 320.264;667.341 445.699;226.091 919.250;589.198 -425.163;89.981 532.372;715.293 -136.821;-202.259 773.208;-424.189 -789.972;466.233 678.979,nan;nan;nan;nan;nan;nan;nan;nan;nan;nan;nan;nan;nan;nan;nan;nan;nan;nan;nan;nan;nan;201039.184;201039.184;201039.184;201039.184;201039.184;201039.184;201039.343;201039.343;202412.905;202502.326;202528.021;202528.021;202528.021;202528.021;202528.021;202528.021;202528.021;202528.021;202528.021;202528.021;202528.021;202528.021;202528.021;202528.021;202528.021;202528.021;202528.021;202528.021;202528.021;202528.021;202602.405;202654.755;203375.144;203375.144;203375.144;203505.574;203505.574;203505.574;203505.997;203505.997;203542.029;203542.029;203623.498;204180.119;204264.260;204264.260;204406.626;204406.626;204406.626;204406.626;204406.626;204406.626;204406.626;204406.626;204448.322;204650.896;204651.053;204651.053;204706.527;204706.527;204714.312;204767.628;204786.853;204839.762;204847.076;204847.076;204847.076;204847.076;204847.076;204848.103;205314.001;205344.070;205357.734;205358.031;205414.919;205414.919;205515.132;205515.132;205515.132;205537.478;205538.055;205538.092;205544.558;205544.778;205546.045;205546.056;205546.056;205631.193;205632.450;205635.992;205636.716;205640.321;205656.465;205656.934;205659.188;205659.223;205660.195;205663.183;205664.030;205664.030;205664.114;205664.114;205664.158;205664.158;205664.199;205664.696;205666.360;205667.309;205667.371;205667.477;205669.082;205675.957;205683.146;205685.289;205690.079;205690.940;205700.248;205706.281;205726.852;205743.296;205754.721;205764.656;205771.865;205815.172;205822.926;205826.526;205830.264;205834.565;205839.862;205842.893;205844.949;205846.934;205852.879;205856.539;205859.331;205861.524;205861.814;205863.575;205866.686;205867.941;205868.921;205870.084;205870.347;205871.128;205871.251;205871.823;205871.889;205872.296;205872.764;205873.525;205873.833;205874.162;205874.906;205875.750;205876.789;205878.452;205879.328;205879.522;205879.929;205880.270;205880.637;205880.960;205881.132;205881.239;205881.585;205881.836;205881.980;205882.162;205882.196;205882.480;205882.912;205883.222;205883.429;205883.568;205883.583;205883.650;205883.669;205883.678;205883.691
LXSSA,1,1000,15,16,120030,random,120030,205882.4189027393,210686.06054602243,4803.641643283132,True,339.50335067101986,56.39557806699986,219.842 884.706;137.375 398.938;810.521 -344.884;995.290 93.547;-158.779 194.536;-418.198 413.544;-157.509 953.874;673.552 -739.138;-184.057 -407.244;-471.203 -219.200;453.213 -35.943;117.124 -154.924;-588.543 808.463;29.973 -910.454;260.822 -551.334,nan;nan;nan;nan;nan;nan;nan;nan;nan;nan;nan;nan;nan;nan;nan;nan;nan;nan;nan;nan;nan;nan;nan;nan;nan;nan;nan;nan;nan;nan;nan;nan;nan;nan;nan;nan;nan;nan;nan;nan;nan;nan;nan;nan;nan;nan;nan;nan;nan;nan;nan;nan;nan;nan;nan;nan;nan;nan;199570.595;199570.595;199570.595;199570.595;199612.639;199612.639;199612.639;199612.639;199612.639;199612.639;199612.639;199612.639;199672.602;200873.995;201208.184;201933.047;202365.733;202365.733;202365.733;202365.733;202554.045;202554.289;202554.289;202554.289;202554.289;202554.289;202554.289;202554.289;202554.289;202603.594;203949.337;203949.434;203967.821;204124.516;204134.739;204147.300;204436.169;204444.143;204634.963;204736.093;204736.927;204753.876;204881.804;204883.117;204988.812;205054.661;205064.103;205065.611;205078.911;205079.394;205080.567;205081.771;205081.784;205180.295;205220.187;205220.496;205226.761;205233.142;205285.607;205290.242;205312.618;205319.549;205323.165;205323.637;205324.311;205380.037;205390.270;205408.203;205413.710;205420.738;205462.811;205500.979;205520.646;205547.416;205595.477;205609.458;205624.681;205637.894;205655.872;205661.900;205666.982;205676.396;205693.694;205702.962;205717.390;205725.547;205737.509;205744.732;205819.050;205832.126;205837.715;205843.350;205847.313;205851.345;205859.728;205866.315;205867.758;205870.305;205872.080;205874.040;205874.554;205874.965;205875.606;205876.525;205877.416;205877.958;205878.285;205878.797;205879.245;205879.724;205880.186;205880.563;205880.788;205880.894;205881.137;205881.199;205881.367;205881.444;205881.578;205881.692;205881.801;205881.862;205881.918;205881.931;205881.943;205881.960;205881.990;205882.018;205882.152;205882.194;205882.237;205882.289;205882.322;205882.341;205882.359;205882.363;205882.372;205882.380;205882.391;205882.402;205882.410;205882.418
LXSSA,1,1000,15,24,120030,random,120030,207964.13293935894,210686.06054602243,2721.927606663492,True,349.94284109105024,56.02135912800031,-905.412 -320.002;262.116 -85.438;939.349 342.963;66.365 -576.176;879.845 -443.948;534.654 504.285;-396.343 -668.377;702.373 -40.688;477.322 -400.557;-111.015 -924.799;-226.862 640.840;-90.616 995.886;268.549 -885.559;-724.961 687.500;-745.429 -643.900,nan;nan;nan;nan;nan;nan;nan;nan;nan;nan;nan;nan;nan;nan;nan;nan;nan;nan;nan;nan;nan;nan;nan;nan;200509.447;203205.045;203205.045;203205.045;203205.045;203718.137;203718.137;203718.137;203718.137;203718.137;203718.137;203718.137;203718.137;203718.137;203718.137;203900.355;203900.355;203900.355;203903.401;203903.401;203903.401;203903.401;203903.401;203922.880;203922.880;203928.449;203928.449;203937.424;203937.424;203961.979;204022.032;204022.032;204022.032;204022.032;204022.032;204167.017;204167.017;204167.784;204167.784;204210.622;204210.622;204270.932;204351.771;204355.548;204355.548;204364.024;204364.024;204364.024;204364.024;204369.916;204376.632;204376.632;204376.632;204376.632;204376.632;204376.632;204397.446;205574.301;205833.107;205833.355;205833.355;205872.799;205949.422;205985.124;207136.281;207532.237;207594.247;207619.537;207633.241;207708.723;207708.856;207711.206;207711.228;207711.228;207712.705;207713.088;207714.967;207716.787;207718.635;207718.820;207719.019;207733.885;207733.885;207759.502;207763.688;207763.896;207773.055;207774.396;207775.719;207782.166;207787.394;207788.889;207789.594;207807.187;207807.188;207817.977;207824.400;207824.815;207824.828;207846.554;207846.570;207846.570;207853.555;207853.555;207853.555;207856.132;207860.256;207864.090;207868.599;207870.792;207874.193;207875.975;207879.564;207884.494;207895.552;207897.812;207898.973;207901.561;207901.798;207902.196;207904.891;207905.385;207954.240;207955.571;207956.982;207958.362;207959.182;207959.575;207960.073;207960.598;207961.143;207961.819;207962.041;207962.327;207962.565;207962.713;207962.870;207963.121;207963.336;207963.404;207963.517;207963.553;207963.666;207963.686;207963.755;207963.795;207963.808;207963.847;207963.891;207963.933;207963.980;207963.990;207963.991;207963.993;207963.996;207964.000;207964.016;207964.040;207964.057;207964.075;207964.096;207964.101;207964.111;207964.118;207964.120;207964.123;207964.123;207964.123;207964.125;207964.126;207964.129;207964.130;207964.131;207964.132;207964.133;207964.133
PSOC,1,1000,15,2,120030,random,120030,207861.90809652593,210686.06054602243,2824.152449496498,True,327.0885198631556,54.475769969999874,453.247 -367.712;911.077 412.231;-895.694 -249.220;96.785 -988.472;-353.878 935.291;-595.946 -751.788;462.963 886.378;-574.773 311.090;99.077 -342.677;-469.621 620.816;731.009 41.965;90.649 700.822;288.487 -716.371;728.688 -684.846;-162.583 -662.375,nan;202823.320;205357.831;206018.991;206198.956;206414.325;206461.336;206581.499;206919.657;207114.285;207238.276;207260.178;207276.781;207528.120;207544.335;207583.336;207616.005;207623.128;207634.173;207636.428;207644.522;207705.847;207708.182;207713.320;207714.316;207715.197;207715.920;207717.307;207718.199;207718.588;207720.743;207723.039;207726.338;207751.146;207754.586;207755.943;207757.883;207767.956;207773.527;207774.281;207776.409;207778.324;207803.055;207805.705;207808.498;207808.615;207811.483;207813.423;207827.042;207828.203;207828.937;207829.661;207829.891;207830.231;207830.397;207830.740;207831.150;207831.441;207831.772;207831.988;207832.184;207832.287;207844.749;207844.835;207844.923;207845.933;207846.557;207847.009;207847.408;207848.047;207849.675;207850.408;207852.810;207853.078;207853.252;207853.574;207853.885;207854.609;207854.674;207855.170;207855.512;207856.613;207856.860;207856.979;207857.037;207857.251;207857.463;207857.555;207857.721;207857.751;207857.799;207857.885;207857.966;207858.008;207858.081;207858.157;207858.238;207858.331;207858.393;207858.446;207858.486;207858.521;207858.537;207858.560;207858.601;207858.616;207858.762;207859.609;207859.668;207859.690;207859.727;207859.755;207859.855;207860.485;207861.359;207861.400;207861.403;207861.426;207861.438;207861.443;207861.467;207861.487;207861.547;207861.559;207861.572;207861.574;207861.582;207861.600;207861.602;207861.614;207861.618;207861.628;207861.654;207861.654;207861.656;207861.658;207861.660;207861.662;207861.781;207861.838;207861.842;207861.851;207861.859;207861.862;207861.863;207861.865;207861.867;207861.867;207861.867;207861.867;207861.868;207861.868;207861.869;207861.869;207861.869;207861.869;207861.869;207861.869;207861.869;207861.870;207861.870;207861.870;207861.870;207861.870;207861.870;207861.870;207861.870;207861.871;207861.871;207861.871;207861.872;207861.895;207861.895;207861.896;207861.898;207861.898;207861.898;207861.899;207861.900;207861.900;207861.900;207861.900;207861.901;207861.902;207861.902;207861.902;207861.902;207861.903;207861.905;207861.905;207861.905;207861.905;207861.905;207861.906;207861.906;207861.908;207861.908;207861.908;207861.908;207861.908
PSOC,1,1000,15,10,120030,random,120030,208112.56849194784,210686.06054602243,2573.492054074595,True,361.9136947488725,54.464241915,-429.807 895.080;-559.125 -788.593;-40.101 539.072;-307.393 -307.927;135.837 -115.970;805.130 -593.075;258.250 966.078;-541.173 549.418;-168.547 162.559;-992.409 -122.978;805.224 178.590;-156.160 -743.708;313.606 -707.210;466.230 354.624;468.983 -380.347,nan;nan;203546.633;205461.589;205512.551;205610.409;206054.734;206281.013;206775.818;206965.998;206974.142;206987.229;207005.208;207071.330;207083.759;207091.981;207095.152;207872.532;207901.202;207937.406;207945.323;207954.096;207962.273;207963.301;207969.784;207979.465;207993.621;208020.862;208054.669;208056.403;208059.388;208060.916;208061.461;208062.052;208062.823;208064.219;208064.878;208068.060;208070.042;208071.021;208072.909;208074.219;208074.767;208074.785;208075.991;208078.010;208078.356;208078.522;208079.332;208079.964;208080.331;208080.401;208080.603;208080.736;208080.950;208081.084;208081.195;208081.864;208082.029;208082.364;208083.032;208083.310;208083.448;208083.501;208083.666;208083.776;208083.901;208083.922;208083.958;208084.039;208084.061;208084.408;208085.227;208085.960;208086.283;208086.466;208086.575;208086.598;208086.944;208087.094;208087.185;208087.794;208090.175;208090.304;208090.347;208091.119;208091.201;208092.136;208092.555;208093.651;208093.953;208094.011;208094.795;208094.946;208095.038;208096.719;208096.776;208097.086;208097.779;208097.835;208097.896;208097.966;208098.030;208098.054;208098.065;208098.068;208098.267;208098.448;208098.460;208098.483;208098.600;208098.685;208098.769;208098.806;208098.899;208098.940;208098.962;208099.446;208099.521;208099.579;208099.690;208102.943;208107.429;208107.520;208107.835;208107.977;208108.016;208108.059;208108.090;208108.121;208108.135;208108.163;208108.292;208108.345;208110.026;208110.166;208110.347;208110.489;208110.699;208110.752;208110.798;208111.486;208111.551;208111.582;208111.604;208111.618;208111.636;208111.741;208111.830;208111.858;208111.859;208111.866;208111.884;208112.226;208112.265;208112.280;208112.318;208112.331;208112.343;208112.359;208112.367;208112.384;208112.384;208112.388;208112.411;208112.428;208112.435;208112.437;208112.454;208112.460;208112.461;208112.462;208112.466;208112.467;208112.474;208112.488;208112.491;208112.492;208112.493;208112.496;208112.498;208112.499;208112.500;208112.501;208112.505;208112.529;208112.534;208112.535;208112.535;208112.535;208112.536;208112.537;208112.537;208112.537;208112.537;208112.537;208112.537;208112.538;208112.567;208112.568
PSOC,1,1000,15,18,120030,random,120030,208337.55385824366,210686.06054602243,2348.506687778776,True,399.1764499915805,55.484237742000005,-243.132 453.106;448.334 -721.914;-685.719 -649.672;591.059 806.629;-91.139 -87.220;-84.052 -996.461;153.174 858.801;-985.358 169.612;128.083 -436.227;-475.117 879.922;612.972 -278.192;915.196 117.570;-251.307 -580.014;-489.991 -71.140;-661.538 474.311,nan;205664.650;205915.735;206821.455;207144.532;207444.931;207538.129;207830.645;207888.644;207898.549;207913.986;207944.287;207962.796;208087.184;208128.428;208158.108;208162.284;208176.055;208181.414;208190.474;208191.704;208195.868;208202.218;208203.541;208208.784;208238.538;208251.668;208252.069;208252.591;208262.923;208265.254;208268.519;208269.533;208270.625;208270.917;208271.573;208272.692;208274.443;208274.785;208275.377;208276.046;208292.379;208295.957;208299.692;208301.644;208303.168;208303.663;208305.490;208305.785;208307.425;208309.042;208309.127;208309.304;208310.089;208310.566;208310.760;208310.939;208311.087;208311.239;208311.280;208311.630;208311.724;208312.065;208312.163;208312.188;208314.446;208315.049;208315.233;208315.344;208316.690;208319.910;208321.189;208321.802;208322.272;208322.389;208322.844;208323.317;208323.400;208323.584;208323.867;208324.008;208324.076;208324.091;208324.166;208324.669;208326.825;208327.909;208328.438;208328.871;208332.222;208332.623;208332.648;208332.661;208332.661;208332.869;208332.880;208332.895;208332.910;208332.911;208332.912;208332.913;208333.111;208333.694;208334.381;208334.552;208334.605;208334.628;208334.752;208334.808;208334.855;208335.089;208335.169;208335.181;208335.244;208335.267;208335.269;208335.270;208335.270;208335.271;208335.272;208335.272;208335.272;208335.272;208335.272;208335.272;208335.272;208335.272;208335.273;208335.273;208335.295;208335.296;208335.298;208335.301;208335.305;208335.310;208335.327;208335.331;208335.331;208335.331;208335.332;208335.335;208335.350;208335.350;208335.351;208335.351;208335.351;208335.351;208335.351;208335.351;208335.351;208335.351;208335.796;208335.796;208335.805;208335.806;208335.811;208335.819;208335.820;208335.820;208335.822;208335.825;208335.826;208335.826;208335.827;208335.827;208335.827;208335.830;208335.831;208335.834;208335.851;208335.855;208335.884;208336.227;208337.174;208337.218;208337.442;208337.534;208337.540;208337.540;208337.540;208337.541;208337.542;208337.551;208337.551;208337.551;208337.552;208337.552;208337.552;208337.552;208337.553;208337.553;208337.553;208337.553;208337.553;208337.554;208337.554;208337.554;208337.554;208337.554;208337.554
PSOC,1,1000,15,26,120030,random,120030,208449.39892053162,210686.06054602243,2236.661625490815,True,354.7840120783788,55.67120881499977,928.430 371.502;-917.613 226.464;190.101 24.950;-587.095 -809.512;510.068 -202.709;885.693 -343.235;10.618 -565.105;206.563 -966.169;-464.233 885.688;665.091 -684.184;-101.634 -228.547;-307.753 340.659;186.095 957.202;632.550 581.410;-489.227 -245.287,nan;198745.737;202833.366;204581.802;206067.168;206676.272;206734.924;206871.242;207131.379;207237.960;207812.603;208036.412;208091.598;208195.924;208220.413;208237.737;208256.801;208271.385;208275.009;208288.137;208291.444;208313.783;208315.030;208316.039;208317.172;208317.963;208318.564;208318.821;208321.967;208324.551;208325.499;208326.282;208326.584;208328.203;208329.426;208329.483;208332.475;208332.762;208333.650;208334.124;208334.419;208334.603;208335.139;208335.544;208335.903;208338.587;208339.545;208340.246;208340.925;208341.585;208342.639;208343.154;208343.235;208343.319;208343.550;208343.973;208344.132;208344.547;208344.658;208344.697;208344.723;208344.791;208344.803;208344.814;208344.833;208344.841;208344.858;208344.938;208344.944;208344.948;208344.973;208344.986;208344.995;208360.198;208360.377;208362.606;208366.599;208368.433;208368.811;208369.081;208369.094;208369.439;208369.508;208369.578;208369.656;208369.677;208370.185;208370.342;208370.639;208371.394;208371.823;208371.977;208372.091;208372.206;208372.308;208372.471;208373.417;208377.004;208377.842;208378.367;208384.706;208384.816;208384.995;208385.112;208385.171;208385.276;208385.333;208386.937;208386.997;208387.140;208387.277;208387.346;208387.516;208387.526;208387.584;208387.621;208387.629;208393.727;208422.405;208423.935;208426.896;208428.145;208428.553;208428.894;208429.126;208429.488;208430.511;208430.853;208431.521;208431.623;208432.338;208432.991;208433.123;208433.168;208433.168;208433.222;208433.245;208433.270;208433.277;208433.278;208433.292;208433.882;208435.510;208436.103;208436.815;208437.166;208437.338;208437.681;208438.081;208438.439;208438.682;208438.779;208438.859;208438.916;208438.957;208439.127;208439.410;208439.520;208439.531;208439.599;208439.860;208439.917;208439.960;208440.327;208440.422;208441.239;208442.879;208443.605;208445.330;208445.973;208445.976;208446.029;208446.051;208446.150;208446.248;208446.338;208446.549;208446.570;208446.596;208446.708;208446.854;208447.015;208447.027;208447.173;208447.278;208447.359;208447.393;208447.441;208447.637;208447.700;208448.295;208448.860;208448.911;208448.966;208449.032;208449.055;208449.075;208449.376;208449.392;208449.399
DE,1,1000,15,4,120030,random,120030,208431.85719027757,210686.06054602243,2254.2033557448594,True,318.57748031711145,61.641644670999995,339.039 550.106;-329.258 247.604;-663.837 -197.315;343.953 -725.383;647.177 133.828;-135.129 717.482;448.453 868.842;-551.867 801.150;-853.126 521.698;-338.030 -908.509;992.367 -123.183;-138.757 -141.878;-543.075 -587.842;162.959 -281.688;161.858 -986.789,nan;nan;nan;nan;nan;nan;nan;nan;nan;nan;nan;nan;nan;nan;nan;nan;nan;nan;nan;nan;nan;nan;nan;nan;nan;nan;nan;nan;nan;nan;nan;nan;nan;nan;nan;nan;nan;nan;nan;nan;nan;nan;nan;nan;nan;nan;nan;nan;196664.572;196664.572;202895.199;202895.199;202895.199;203431.092;204758.192;204758.192;205298.083;206180.612;206757.541;207201.705;207356.299;207534.109;207657.491;207698.810;207698.810;207718.633;207718.633;207737.599;207764.693;207820.000;207892.984;207920.014;207932.961;207952.379;208176.492;208176.492;208186.653;208204.073;208225.288;208240.700;208243.504;208265.226;208281.332;208296.866;208300.051;208301.054;208303.463;208305.513;208306.881;208309.075;208311.353;208314.112;208315.986;208317.748;208319.354;208320.568;208322.109;208332.741;208333.435;208335.631;208337.737;208344.595;208344.950;208346.449;208347.324;208348.899;208350.253;208352.930;208360.597;208364.492;208366.929;208370.112;208375.310;208383.372;208386.031;208387.585;208388.717;208390.795;208392.667;208393.459;208395.628;208397.200;208399.274;208399.669;208401.138;208401.387;208401.551;208401.746;208402.141;208402.651;208403.004;208403.531;208403.781;208404.271;208405.150;208405.474;208406.473;208407.365;208419.941;208419.941;208419.941;208419.958;208419.958;208420.038;208420.282;208420.449;208420.658;208420.762;208420.870;208420.944;208421.021;208421.143;208421.245;208421.453;208421.612;208421.717;208421.888;208422.089;208422.299;208422.641;208423.228;208423.651;208423.938;208424.231;208424.508;208424.758;208425.190;208425.533;208425.787;208425.998;208426.254;208426.509;208426.814;208427.009;208427.337;208427.480;208427.624;208427.928;208428.063;208428.172;208428.374;208428.803;208429.022;208429.283;208429.914;208430.176;208430.510;208430.776;208430.912;208431.121;208431.243;208431.357;208431.410;208431.498;208431.543;208431.637;208431.691;208431.724;208431.792;208431.849
DE,1,1000,15,12,120030,random,120030,207557.83373683874,210686.06054602243,3128.2268091836886,True,331.0169352533114,68.67221680800003,-68.354 -468.900;899.761 -197.154;342.430 121.814;-668.940 524.393;488.900 500.551;-725.644 -87.248;-524.030 207.759;123.866 981.046;449.152 -893.454;-742.014 -648.730;-356.764 725.026;-339.101 -278.458;88.383 -875.235;-80.114 426.269;-939.203 -343.361,nan;nan;nan;nan;nan;nan;nan;nan;nan;nan;nan;nan;nan;nan;nan;nan;nan;nan;nan;nan;nan;nan;nan;nan;nan;nan;nan;nan;nan;nan;nan;nan;nan;nan;nan;nan;nan;nan;nan;nan;nan;nan;nan;nan;nan;nan;nan;nan;nan;nan;nan;202165.257;203893.712;205304.098;205422.125;206138.575;206508.053;206653.965;206702.354;206881.575;207019.245;207097.047;207167.557;207196.381;207265.843;207332.207;207357.601;207387.932;207405.472;207428.952;207433.029;207433.029;207444.013;207449.085;207457.533;207470.452;207476.766;207479.845;207483.469;207487.328;207489.478;207491.603;207493.571;207496.964;207500.554;207502.169;207502.688;207503.889;207506.036;207507.423;207509.243;207511.445;207512.629;207514.964;207516.346;207518.078;207519.542;207539.653;207540.573;207541.661;207543.555;207544.805;207545.961;207546.830;207548.321;207549.975;207550.856;207551.420;207551.783;207552.100;207552.429;207552.766;207553.159;207553.413;207553.522;207553.666;207553.880;207554.022;207554.148;207554.235;207554.356;207554.410;207554.513;207554.590;207554.664;207554.819;207554.914;207555.063;207555.220;207555.422;207555.541;207555.675;207555.727;207555.873;207555.927;207556.020;207556.139;207556.233;207556.352;207556.421;207556.509;207556.590;207556.681;207556.723;207556.777;207556.831;207556.885;207556.930;207556.944;207556.969;207556.996;207557.016;207557.051;207557.093;207557.120;207557.155;207557.190;207557.228;207557.264;207557.292;207557.324;207557.360;207557.389;207557.437;207557.470;207557.510;207557.519;207557.541;207557.559;207557.575;207557.598;207557.611;207557.626;207557.642;207557.646;207557.655;207557.664;207557.673;207557.678;207557.681;207557.692;207557.707;207557.712;207557.717;207557.722;207557.729;207557.738;207557.752;207557.761;207557.776;207557.780;207557.787;207557.789;207557.794;207557.798;207557.802;207557.806;207557.811;207557.821;207557.833
DE,1,1000,15,20,120030,random,120030,209086.481402793,210686.06054602243,1599.5791432294354,True,404.68956209424243,128.14988766999977,260.296 446.439;300.384 -953.818;978.166 -111.860;501.502 -178.237;699.879 383.326;-698.408 -715.699;-305.379 632.356;-996.522 -83.328;8.855 983.941;-302.965 -801.713;-711.813 563.862;19.340 -296.447;-521.661 -159.292;710.902 -703.291;512.593 858.632,nan;nan;nan;nan;nan;nan;nan;nan;nan;nan;nan;nan;nan;nan;nan;nan;nan;nan;nan;nan;nan;nan;nan;nan;nan;nan;nan;nan;nan;nan;nan;nan;nan;nan;nan;nan;nan;nan;nan;nan;nan;nan;nan;nan;202469.327;204776.298;205484.629;206373.387;206814.919;206814.919;207411.445;207899.315;208078.657;208265.207;208624.251;208632.588;208774.026;208799.567;208812.247;208812.247;208845.336;208845.336;208851.988;208872.869;208883.843;208912.571;208943.722;208943.722;208943.722;208956.250;208959.977;208968.611;208984.423;208986.368;208987.728;208992.730;208995.808;209005.865;209022.917;209030.500;209030.500;209032.000;209038.349;209044.341;209046.700;209048.976;209050.557;209050.983;209052.494;209053.686;209054.929;209055.972;209058.283;209061.761;209063.329;209064.726;209064.837;209065.982;209066.965;209068.757;209070.522;209071.588;209073.186;209074.387;209075.417;209076.292;209077.091;209077.748;209078.391;209078.715;209079.014;209079.288;209079.610;209079.974;209080.454;209081.057;209081.889;209082.359;209082.889;209083.131;209083.589;209084.011;209084.332;209084.490;209084.705;209084.907;209085.052;209085.134;209085.257;209085.311;209085.410;209085.536;209085.586;209085.616;209085.669;209085.749;209085.827;209085.850;209085.928;209085.987;209086.013;209086.069;209086.092;209086.147;209086.207;209086.259;209086.304;209086.325;209086.348;209086.357;209086.374;209086.388;209086.394;209086.401;209086.408;209086.409;209086.414;209086.418;209086.423;209086.426;209086.428;209086.430;209086.435;209086.440;209086.443;209086.446;209086.448;209086.452;209086.453;209086.458;209086.461;209086.464;209086.469;209086.471;209086.473;209086.475;209086.475;209086.476;209086.477;209086.477;209086.478;209086.478;209086.479;209086.479;209086.479;209086.480;209086.480;209086.480;209086.480;209086.480;209086.480;209086.480;209086.481;209086.481;209086.481;209086.481;209086.481;209086.481;209086.481;209086.481
DE,1,1000,15,28,120030,random,120030,208565.91162605392,210686.06054602243,2120.1489199685166,True,347.44295871250614,145.34608572099978,433.454 365.913;-996.732 80.771;-222.938 541.425;288.477 -957.486;779.678 394.995;759.478 -650.532;-592.466 -299.661;-211.221 -384.666;981.787 -189.984;-59.993 66.675;299.701 -71.925;-567.936 823.072;-46.148 998.935;-756.053 -654.509;-353.182 -814.909,nan;nan;nan;nan;nan;nan;nan;nan;nan;nan;nan;nan;nan;nan;nan;nan;nan;nan;nan;nan;nan;nan;nan;nan;nan;nan;nan;nan;nan;nan;nan;nan;nan;nan;nan;nan;nan;nan;nan;nan;nan;nan;nan;199896.874;199896.874;199896.874;202879.534;202879.534;203163.865;203610.253;203610.253;206168.355;206327.708;206327.708;206888.734;207280.195;207472.303;207733.884;207833.510;207946.152;207983.296;207995.254;208002.834;208182.394;208300.846;208350.545;208350.545;208419.296;208419.296;208444.894;208452.575;208460.724;208468.136;208474.787;208482.151;208494.517;208508.487;208513.217;208519.054;208526.850;208528.421;208538.214;208540.105;208541.265;208542.302;208544.149;208544.719;208545.891;208546.447;208547.623;208548.246;208549.339;208550.346;208551.002;208551.340;208552.019;208553.112;208553.702;208554.256;208554.448;208554.658;208554.979;208555.378;208556.031;208556.661;208557.359;208558.108;208558.718;208559.587;208560.267;208560.899;208561.255;208561.495;208561.619;208561.802;208561.928;208561.996;208562.084;208562.211;208562.326;208562.377;208562.443;208562.467;208562.500;208562.520;208562.593;208562.656;208562.739;208562.804;208562.864;208562.937;208562.976;208563.010;208563.046;208563.183;208563.297;208563.337;208563.391;208563.428;208563.458;208563.589;208563.647;208563.721;208563.991;208564.077;208564.405;208564.520;208564.666;208564.795;208564.959;208565.105;208565.201;208565.261;208565.263;208565.301;208565.337;208565.374;208565.395;208565.450;208565.475;208565.567;208565.619;208565.645;208565.663;208565.685;208565.707;208565.713;208565.743;208565.759;208565.775;208565.792;208565.812;208565.827;208565.840;208565.848;208565.855;208565.860;208565.866;208565.869;208565.871;208565.873;208565.876;208565.880;208565.881;208565.884;208565.887;208565.889;208565.891;208565.895;208565.898;208565.901;208565.904;208565.906;208565.906;208565.908;208565.909;208565.910;208565.911;208565.911;208565.912
SLSQP,1,1000,15,6,120030,random,120030,207200.49753964576,210686.06054602243,3485.563006376673,True,335.37281013708156,266.8026054950001,562.903 -133.305;296.473 616.997;-281.201 -277.124;-437.132 899.397;-791.102 610.369;-400.238 56.542;-721.912 -674.763;3.034 -999.995;-990.597 -1.261;906.495 -406.558;703.775 306.440;552.702 833.379;154.517 940.864;151.776 -141.120;981.474 69.893,201172.700;203694.012;203811.129;204495.341;204495.341;204495.341;204495.341;205578.611;205578.611;206192.793;206192.793;206192.793;206192.793;206192.793;206192.793;206192.793;206192.793;206192.793;206443.246;206443.246;206443.246;206443.246;206443.246;206443.246;206443.246;206443.246;206443.246;206443.246;206443.246;206443.246;206443.246;206443.246;206443.246;206443.246;206443.246;206443.246;206443.246;206443.246;206443.246;206443.246;206443.246;206443.246;206443.246;206443.246;206443.246;206443.246;206443.246;206443.246;206443.246;206443.246;206443.246;206474.852;206504.096;206510.345;206510.345;206561.759;206561.759;206569.331;206607.942;206905.976;206905.976;206905.976;206905.976;206905.976;206905.976;206905.976;206905.976;206905.976;206905.976;206905.976;206905.976;206905.976;207070.191;207078.154;207078.154;207078.154;207078.154;207078.154;207078.154;207078.154;207078.154;207078.154;207078.154;207078.154;207078.154;207078.154;207078.154;207078.154;207078.154;207078.154;207078.154;207078.154;207078.154;207078.154;207078.154;207078.154;207078.154;207078.154;207078.154;207078.154;207078.154;207078.154;207078.154;207078.154;207078.154;207078.154;207078.154;207078.154;207078.154;207078.154;207078.154;207078.154;207078.154;207078.154;207078.154;207078.154;207078.154;207078.154;207078.154;207078.154;207078.154;207078.154;207078.154;207078.154;207078.154;207078.154;207078.154;207078.154;207078.154;207078.154;207078.154;207078.154;207078.154;207078.154;207078.154;207078.154;207078.154;207078.154;207078.154;207078.154;207078.154;207078.154;207078.154;207078.154;207078.154;207078.154;207078.154;207078.154;207078.154;207078.154;207078.154;207078.154;207078.154;207078.154;207078.154;207078.154;207200.498;207200.498;207200.498;207200.498;207200.498;207200.498;207200.498;207200.498;207200.498;207200.498;207200.498;207200.498;207200.498;207200.498;207200.498;207200.498;207200.498;207200.498;207200.498;207200.498;207200.498;207200.498;207200.498;207200.498;207200.498;207200.498;207200.498;207200.498;207200.498;207200.498;207200.498;207200.498;207200.498;207200.498;207200.498;207200.498;207200.498;207200.498;207200.498;207200.498;207200.498;207200.498;207200.498;207200.498
SLSQP,1,1000,15,14,120030,random,120030,207441.25330870235,210686.06054602243,3244.807237320085,True,338.2867823012863,293.98961033900014,61.869 -229.300;-63.155 -997.259;804.386 593.617;196.696 -634.135;-669.544 -88.087;-392.349 -919.353;637.544 -141.508;-373.169 -368.265;-918.860 -394.111;992.335 -113.739;-662.107 749.290;430.123 -902.681;787.875 -615.375;485.416 246.545;-74.334 997.225,204376.904;204382.941;204410.064;204434.528;204436.798;204440.414;204451.883;204452.832;204476.050;206519.409;207060.942;207060.942;207060.942;207060.942;207060.942;207060.942;207060.942;207060.942;207060.942;207060.942;207060.942;207060.942;207060.942;207060.942;207060.942;207060.942;207060.942;207060.942;207060.942;207060.942;207060.942;207060.942;207060.942;207060.942;207060.942;207060.942;207060.942;207060.942;207060.942;207060.942;207060.942;207060.942;207060.942;207060.942;207060.942;207060.942;207060.942;207060.942;207060.942;207060.942;207060.942;207060.942;207060.942;207060.942;207060.942;207060.942;207060.942;207060.942;207060.942;207060.942;207060.942;207060.942;207060.942;207060.942;207060.942;207060.942;207060.942;207060.942;207060.942;207060.942;207060.942;207060.942;207060.942;207060.942;207060.942;207060.942;207060.942;207060.942;207060.942;207060.942;207060.942;207060.942;207060.942;207060.942;207060.942;207060.942;207060.942;207060.942;207060.942;207060.942;207060.942;207060.942;207060.942;207060.942;207060.942;207060.942;207060.942;207060.942;207060.942;207060.942;207060.942;207060.942;207060.942;207060.942;207060.942;207060.942;207060.942;207060.942;207060.942;207060.942;207060.942;207060.942;207060.942;207060.942;207060.942;207060.942;207060.942;207060.942;207060.942;207060.942;207060.942;207060.942;207060.942;207060.942;207060.942;207060.942;207060.942;207060.942;207060.942;207060.942;207060.942;207060.942;207060.942;207060.942;207060.942;207060.942;207060.942;207060.942;207060.942;207060.942;207060.942;207060.942;207060.942;207060.942;207060.942;207060.942;207060.942;207060.942;207060.942;207060.942;207441.253;207441.253;207441.253;207441.253;207441.253;207441.253;207441.253;207441.253;207441.253;207441.253;207441.253;207441.253;207441.253;207441.253;207441.253;207441.253;207441.253;207441.253;207441.253;207441.253;207441.253;207441.253;207441.253;207441.253;207441.253;207441.253;207441.253;207441.253;207441.253;207441.253;207441.253;207441.253;207441.253;207441.253;207441.253;207441.253;207441.253;207441.253;207441.253;207441.253;207441.253;207441.253;207441.253;207441.253;207441.253;207441.253;207441.253;207441.253;207441.253;207441.253
SLSQP,1,1000,15,22,120030,random,120030,207123.8445170638,210686.06054602243,3562.2160289586463,True,316.2903462851576,292.46124907500007,476.635 767.104;878.818 391.414;-192.204 244.439;-104.008 945.816;808.655 -554.733;-643.566 192.569;-430.725 895.183;506.842 -762.183;-777.177 601.819;-644.878 -763.553;137.918 -977.007;-414.699 -546.626;-912.016 -362.245;211.053 371.722;-84.491 -660.307,205110.631;205110.631;205110.631;205110.631;205110.631;205110.631;205166.199;205166.199;205288.251;205348.310;205350.695;205374.913;205374.913;205374.913;205374.913;205606.673;205606.673;205606.673;205925.701;205925.701;205925.701;205925.701;205925.701;205925.701;205925.701;205925.701;205925.701;205925.701;205925.701;205925.701;205925.701;205925.701;205925.701;205925.701;205925.701;205925.701;205925.701;205995.885;205995.885;205995.885;205995.885;205995.885;205995.885;205995.885;205995.885;205995.885;205995.885;205995.885;205995.885;205995.885;205995.885;205995.885;205995.885;205995.885;205995.885;205995.885;205995.885;205995.885;205995.885;205995.885;205995.885;205995.885;205995.885;205995.885;205995.885;206175.671;206175.671;206175.671;206624.758;206624.758;206624.758;206624.758;206624.758;206624.758;206624.758;206624.758;206624.758;206624.758;206624.758;206624.758;206624.758;206624.758;206624.758;206624.758;206624.758;206624.758;206624.758;206624.758;206624.758;206624.758;206624.758;206624.758;206624.758;206624.758;206624.758;206624.758;206624.758;206624.758;206624.758;206624.758;206624.758;206624.758;206624.758;206624.758;206624.758;206624.758;206624.758;206624.758;206624.758;206624.758;206624.758;206624.758;206624.758;206624.758;206624.758;206624.758;206624.758;206624.758;206624.758;206801.343;206804.165;206804.165;206804.165;206804.165;206804.165;206804.165;206804.165;206804.165;206804.165;206804.165;206804.165;206804.165;206804.165;206804.165;206804.165;206804.165;206804.165;206804.165;206804.165;206804.165;206804.165;206804.165;206804.165;206804.165;206804.165;206804.165;206804.165;206804.165;206804.165;206804.165;206804.165;206804.165;206804.165;206804.165;206804.165;206804.165;206823.287;206879.766;206986.604;206994.146;206994.146;206994.146;206994.146;206994.146;206994.146;206994.146;206994.146;206994.146;206994.146;206994.146;206994.146;206994.146;206994.146;206994.146;206994.146;206994.146;206994.146;206994.146;206994.146;206994.146;206994.146;206994.146;206994.146;206994.146;206994.146;206994.146;207106.710;207123.845;207123.845;207123.845;207123.845;207123.845;207123.845;207123.845;207123.845;207123.845;207123.845;207123.845;207123.845;207123.845
SLSQP,1,1000,15,30,120030,random,120030,207006.13485946477,210686.06054602243,3679.925686557661,True,315.15017763458604,283.91785389999995,776.078 626.888;184.707 971.558;206.204 -950.961;-570.116 -76.900;-564.029 825.230;-836.043 -436.218;970.024 175.686;847.822 -523.132;192.150 148.403;-167.119 -366.668;-409.838 282.905;-252.440 777.988;-942.118 164.516;728.023 -153.563;534.761 419.485,200955.544;200955.544;202213.254;202215.230;202224.422;202224.422;202224.422;205935.089;206413.073;206934.847;206938.324;206938.350;206938.350;206938.350;206962.856;206963.823;206963.823;206963.823;206963.823;206963.823;206963.823;206963.823;206963.823;206963.823;206963.823;206963.823;206963.823;206963.823;206963.823;206963.823;206963.823;206963.823;206963.823;206963.823;206963.823;206963.823;206963.823;206963.823;206963.823;206963.823;206963.823;206963.823;206963.823;206963.823;206963.823;206963.823;206963.823;206963.823;206963.823;206963.823;206963.823;206963.823;206963.823;206963.823;206963.823;206963.823;206963.823;206963.823;206963.823;206963.823;206963.823;206963.823;206963.823;206963.823;206963.823;206963.823;206963.823;206963.823;206963.823;206963.823;206963.823;206963.823;206963.823;206963.823;206963.823;206963.823;206963.823;206963.823;206963.823;206963.823;206963.823;206963.823;206963.823;206963.823;206963.823;206963.823;206963.823;206963.823;206963.823;206963.823;206963.823;206963.823;206963.823;206963.823;206963.823;206963.823;206963.823;206963.823;206963.823;206963.823;207006.135;207006.135;207006.135;207006.135;207006.135;207006.135;207006.135;207006.135;207006.135;207006.135;207006.135;207006.135;207006.135;207006.135;207006.135;207006.135;207006.135;207006.135;207006.135;207006.135;207006.135;207006.135;207006.135;207006.135;207006.135;207006.135;207006.135;207006.135;207006.135;207006.135;207006.135;207006.135;207006.135;207006.135;207006.135;207006.135;207006.135;207006.135;207006.135;207006.135;207006.135;207006.135;207006.135;207006.135;207006.135;207006.135;207006.135;207006.135;207006.135;207006.135;207006.135;207006.135;207006.135;207006.135;207006.135;207006.135;207006.135;207006.135;207006.135;207006.135;207006.135;207006.135;207006.135;207006.135;207006.135;207006.135;207006.135;207006.135;207006.135;207006.135;207006.135;207006.135;207006.135;207006.135;207006.135;207006.135;207006.135;207006.135;207006.135;207006.135;207006.135;207006.135;207006.135;207006.135;207006.135;207006.135;207006.135;207006.135;207006.135;207006.135;207006.135;207006.135;207006.135;207006.135;207006.135;207006.135;207006.135;207006.135;207006.135;207006.135
SSABV,1,750,12,8,120030,random,120030,166453.0363459354,168548.84843681793,2095.8120908825367,True,324.87721049533724,132.31362016699995,404.523 9.300;191.864 254.904;-152.074 -0.325;-262.396 702.544;-490.026 438.012;-745.955 -68.966;557.521 -327.303;-150.139 -734.793;550.001 509.280;37.042 -278.211;-471.925 -582.432;207.423 -715.892,nan;nan;nan;nan;nan;nan;nan;nan;nan;nan;nan;nan;nan;nan;nan;nan;nan;nan;nan;nan;nan;nan;nan;nan;nan;nan;nan;nan;nan;nan;nan;nan;nan;nan;nan;nan;nan;nan;nan;nan;162840.741;163218.386;163401.250;163873.226;163873.226;163873.226;164819.782;164819.782;164846.385;164895.752;164916.495;164959.946;164959.946;165009.733;165009.733;165009.733;165009.733;165009.733;165065.938;165097.107;165142.391;165155.967;165155.967;165163.673;165178.012;165195.811;165197.169;165198.030;165208.705;165209.245;165214.715;165223.917;165228.206;165231.277;165235.809;165237.208;165240.481;165241.700;165242.774;165244.079;165244.652;165245.231;165245.599;165245.902;165246.315;165246.595;165246.880;165246.951;165247.108;165247.185;165247.236;165247.282;165247.319;165247.332;165247.346;165247.362;165247.371;165247.375;165247.382;165247.388;166282.682;166392.266;166446.138;166448.532;166452.462;166453.036;166453.036;166453.036;166453.036;166453.036;166453.036;166453.036;166453.036;166453.036;166453.036;166453.036;166453.036;166453.036;166453.036;166453.036;166453.036;166453.036;166453.036;166453.036;166453.036;166453.036;166453.036;166453.036;166453.036;166453.036;166453.036;166453.036;166453.036;166453.036;166453.036;166453.036;166453.036;166453.036;166453.036;166453.036;166453.036;166453.036;166453.036;166453.036;166453.036;166453.036;166453.036;166453.036;166453.036;166453.036;166453.036;166453.036;166453.036;166453.036;166453.036;166453.036;166453.036;166453.036;166453.036;166453.036;166453.036;166453.036;166453.036;166453.036;166453.036;166453.036;166453.036;166453.036;166453.036;166453.036;166453.036;166453.036;166453.036;166453.036;166453.036;166453.036;166453.036;166453.036;166453.036;166453.036;166453.036;166453.036;166453.036;166453.036;166453.036;166453.036;166453.036;166453.036;166453.036;166453.036;166453.036;166453.036;166453.036;166453.036;166453.036;166453.036;166453.036;166453.036;166453.036;166453.036
SSABV,1,750,12,16,120030,random,120030,166343.45847658569,168548.84843681793,2205.389960232249,True,340.22459504439564,107.25367112999993,-506.221 501.948;-121.712 739.650;-711.083 36.347;34.261 -522.905;263.683 679.169;726.971 -115.309;605.094 -441.880;-343.568 -666.679;413.450 288.141;261.464 -49.828;-496.484 -362.755;-176.630 -98.710,nan;nan;nan;nan;nan;nan;nan;nan;nan;nan;nan;nan;nan;nan;nan;nan;nan;nan;nan;nan;nan;nan;nan;nan;nan;nan;nan;nan;nan;nan;nan;nan;nan;nan;nan;nan;nan;nan;163318.223;163318.223;164012.050;164776.287;165151.456;165151.456;165151.456;165151.456;165151.456;165432.790;165432.790;165712.203;165712.203;165712.203;165712.203;165832.384;165832.384;165832.384;165832.384;165832.384;165832.384;165832.384;165832.384;165834.718;165874.852;165946.536;165958.062;166016.807;166025.690;166037.556;166051.431;166071.672;166081.299;166088.979;166090.386;166095.810;166098.980;166101.400;166104.371;166106.115;166107.606;166108.314;166109.176;166110.304;166110.987;166111.346;166111.629;166111.951;166112.093;166112.269;166112.369;166112.452;166112.497;166112.550;166112.590;166112.612;166112.634;166112.648;166112.660;166112.666;166112.672;166112.676;166324.113;166335.582;166343.366;166343.458;166343.458;166343.458;166343.458;166343.458;166343.458;166343.458;166343.458;166343.458;166343.458;166343.458;166343.458;166343.458;166343.458;166343.458;166343.458;166343.458;166343.458;166343.458;166343.458;166343.458;166343.458;166343.458;166343.458;166343.458;166343.458;166343.458;166343.458;166343.458;166343.458;166343.458;166343.458;166343.458;166343.458;166343.458;166343.458;166343.458;166343.458;166343.458;166343.458;166343.458;166343.458;166343.458;166343.458;166343.458;166343.458;166343.458;166343.458;166343.458;166343.458;166343.458;166343.458;166343.458;166343.458;166343.458;166343.458;166343.458;166343.458;166343.458;166343.458;166343.458;166343.458;166343.458;166343.458;166343.458;166343.458;166343.458;166343.458;166343.458;166343.458;166343.458;166343.458;166343.458;166343.458;166343.458;166343.458;166343.458;166343.458;166343.458;166343.458;166343.458;166343.458;166343.458;166343.458;166343.458;166343.458;166343.458;166343.458;166343.458;166343.458;166343.458;166343.458;166343.458;166343.458;166343.458;166343.458;166343.458
SSABV,1,750,12,24,120030,random,120030,166700.61542882776,168548.84843681793,1848.233007990173,True,338.0779776379485,56.09307781899997,12.286 -174.846;-641.021 323.153;-639.804 -390.694;-0.473 739.968;-331.723 672.365;194.924 -712.274;-166.130 -731.250;498.193 -559.861;-322.352 -236.043;714.610 223.735;247.675 334.059;504.202 554.547,nan;nan;nan;nan;nan;nan;nan;nan;nan;nan;nan;nan;nan;nan;nan;nan;nan;nan;nan;nan;nan;nan;nan;nan;nan;nan;nan;nan;nan;nan;nan;nan;nan;nan;nan;nan;161824.061;161824.061;161839.732;161839.732;161839.732;161839.732;161839.732;161999.658;163770.246;163770.246;164518.880;164521.953;164729.426;164729.426;164729.426;164729.426;165656.593;165871.154;165932.370;165932.370;166030.464;166054.102;166054.102;166054.102;166056.871;166094.483;166100.310;166100.310;166111.457;166128.697;166135.592;166136.091;166137.556;166140.435;166142.191;166142.457;166143.352;166144.578;166144.772;166144.848;166144.936;166144.990;166145.045;166145.184;166145.320;166145.555;166145.834;166146.014;166146.158;166146.207;166146.305;166146.325;166146.357;166146.357;166146.370;166146.381;166146.395;166146.401;166146.404;166146.406;166146.409;166146.413;166146.415;166146.416;166167.828;166191.068;166216.404;166230.226;166245.027;166251.912;166252.015;166252.015;166252.015;166252.015;166252.015;166252.015;166252.015;166252.015;166252.015;166252.015;166252.015;166252.015;166252.015;166252.015;166252.015;166252.015;166252.015;166252.015;166252.015;166252.015;166252.015;166252.015;166252.015;166252.015;166252.015;166252.015;166323.195;166345.710;166349.481;166355.664;166356.180;166356.180;166418.461;166641.112;166662.605;166676.087;166685.415;166692.147;166697.981;166700.222;166700.615;166700.615;166700.615;166700.615;166700.615;166700.615;166700.615;166700.615;166700.615;166700.615;166700.615;166700.615;166700.615;166700.615;166700.615;166700.615;166700.615;166700.615;166700.615;166700.615;166700.615;166700.615;166700.615;166700.615;166700.615;166700.615;166700.615;166700.615;166700.615;166700.615;166700.615;166700.615;166700.615;166700.615;166700.615;166700.615;166700.615;166700.615;166700.615;166700.615;166700.615;166700.615;166700.615;166700.615;166700.615;166700.615;166700.615;166700.615;166700.615;166700.615;166700.615;166700.615;166700.615;166700.615
LXBV,1,750,12,2,120030,random,120030,167111.55177537064,168548.84843681793,1437.296661447297,True,323.81034874998704,51.54962685400005,237.479 13.236;-328.308 5.241;-512.764 -507.204;0.449 387.931;519.328 479.638;534.557 -489.920;-41.652 -342.773;749.611 -3.401;-523.156 374.205;-144.972 -649.658;-733.674 -155.636;237.194 710.552,nan;nan;nan;nan;nan;nan;nan;nan;nan;nan;nan;nan;nan;nan;nan;nan;nan;nan;nan;nan;nan;163472.937;163472.937;163472.937;163472.937;163472.937;163472.937;163472.937;163472.937;163472.937;163472.937;163472.937;164680.342;164760.444;164778.401;164858.017;164858.017;164858.017;164885.545;165783.063;165894.800;165936.245;166091.037;166145.207;166145.207;166175.350;166320.159;166327.393;166327.393;166327.405;166327.405;166328.686;166331.303;166334.783;166392.106;166435.381;166454.533;166459.682;166470.551;166473.058;166474.847;166476.318;166480.288;166488.176;166489.093;166494.786;166499.964;166503.867;166510.573;166513.808;166516.058;166525.145;166528.800;166533.334;166536.154;166539.096;166548.234;166549.595;166551.286;166552.562;166554.167;166555.041;166555.360;166556.080;166556.779;166557.001;166557.258;166557.517;166557.718;166557.869;166558.212;166558.294;166558.404;166558.437;166558.477;166558.504;166558.524;166558.539;166558.544;166558.569;166694.731;166715.837;166734.637;166749.537;166759.406;166797.983;166803.608;166832.879;167110.007;167111.552;167111.552;167111.552;167111.552;167111.552;167111.552;167111.552;167111.552;167111.552;167111.552;167111.552;167111.552;167111.552;167111.552;167111.552;167111.552;167111.552;167111.552;167111.552;167111.552;167111.552;167111.552;167111.552;167111.552;167111.552;167111.552;167111.552;167111.552;167111.552;167111.552;167111.552;167111.552;167111.552;167111.552;167111.552;167111.552;167111.552;167111.552;167111.552;167111.552;167111.552;167111.552;167111.552;167111.552;167111.552;167111.552;167111.552;167111.552;167111.552;167111.552;167111.552;167111.552;167111.552;167111.552;167111.552;167111.552;167111.552;167111.552;167111.552;167111.552;167111.552;167111.552;167111.552;167111.552;167111.552;167111.552;167111.552;167111.552;167111.552;167111.552;167111.552;167111.552;167111.552;167111.552;167111.552;167111.552;167111.552;167111.552;167111.552;167111.552;167111.552;167111.552;167111.552;167111.552;167111.552;167111.552;167111.552;167111.552;167111.552;167111.552;167111.552
LXBV,1,750,12,10,120030,random,120030,165867.3642015373,168548.84843681793,2681.48423528063,True,319.17336756436237,46.61388119100002,-698.270 -273.150;410.942 -250.269;-200.706 -721.875;-51.687 714.844;402.685 632.677;269.035 -699.588;125.412 449.311;-41.839 -154.067;-468.503 -536.733;-209.804 183.408;-466.961 586.261;-680.289 289.280,nan;nan;nan;nan;nan;nan;nan;nan;nan;nan;nan;nan;nan;nan;nan;nan;nan;nan;nan;nan;nan;nan;nan;nan;nan;nan;nan;nan;nan;nan;nan;nan;nan;nan;nan;nan;157457.245;158935.243;158935.243;159025.774;159025.774;159025.774;160916.948;162118.887;162266.521;162288.166;162288.166;162292.938;162292.938;162292.938;162292.938;162292.938;162301.360;162378.039;162424.926;162448.630;162560.742;162607.381;162658.271;162674.686;162677.543;162697.389;162707.541;162719.712;162739.399;162751.242;162813.133;162826.482;162847.420;162862.859;162871.896;162877.236;162877.621;162879.513;162881.385;162881.439;162882.210;162882.522;162882.780;162883.306;162884.280;162884.839;162885.090;162885.258;162885.404;162885.475;162885.641;162885.682;162885.732;162885.780;162885.930;162885.987;162886.000;162886.010;162886.010;162886.013;162886.014;162886.018;162886.024;162886.035;163411.486;163536.239;163571.742;163595.244;163617.726;163627.237;163627.237;163627.237;163673.925;163704.516;163719.490;163733.695;163738.607;164079.386;164240.782;164344.158;164353.283;164381.976;164394.318;164402.935;165048.962;165644.556;165712.156;165735.859;165741.512;165860.109;165865.198;165867.296;165867.364;165867.364;165867.364;165867.364;165867.364;165867.364;165867.364;165867.364;165867.364;165867.364;165867.364;165867.364;165867.364;165867.364;165867.364;165867.364;165867.364;165867.364;165867.364;165867.364;165867.364;165867.364;165867.364;165867.364;165867.364;165867.364;165867.364;165867.364;165867.364;165867.364;165867.364;165867.364;165867.364;165867.364;165867.364;165867.364;165867.364;165867.364;165867.364;165867.364;165867.364;165867.364;165867.364;165867.364;165867.364;165867.364;165867.364;165867.364;165867.364;165867.364;165867.364;165867.364;165867.364;165867.364;165867.364;165867.364;165867.364;165867.364;165867.364;165867.364;165867.364;165867.364;165867.364;165867.364;165867.364;165867.364;165867.364;165867.364;165867.364;165867.364;165867.364;165867.364
LXBV,1,750,12,18,120030,random,120030,166787.71366784355,168548.84843681793,1761.1347689743852,True,322.0038912733811,46.524259062000056,-90.174 -494.196;218.405 717.188;-654.149 355.278;191.863 -724.909;681.852 -311.208;461.497 373.232;-87.368 321.255;725.650 189.086;-718.358 -212.240;-412.840 -608.180;-227.419 -91.188;-415.440 620.406,nan;nan;nan;nan;nan;nan;nan;nan;nan;nan;nan;nan;nan;nan;nan;nan;nan;nan;nan;nan;nan;nan;nan;nan;nan;nan;nan;nan;nan;nan;nan;nan;nan;nan;nan;nan;nan;nan;nan;nan;159079.849;159097.497;160879.760;162315.977;162367.545;162422.964;162424.604;162424.604;162461.160;162482.759;162491.526;162595.507;162614.781;162625.291;162664.601;162665.372;162667.723;162669.084;162672.380;162679.008;162679.008;162679.008;162683.918;162732.306;162764.521;162807.100;162809.012;162817.141;162824.353;162826.936;162830.982;162831.356;162831.938;162834.338;162836.144;162836.665;162836.782;162836.785;162836.842;162836.922;162837.117;162837.168;162837.228;162837.258;162837.495;162837.518;162837.671;162837.790;162837.893;162839.612;162840.139;162840.279;162840.398;162840.448;162840.464;162840.482;162840.512;162840.746;162840.775;162840.780;162934.045;162958.587;162970.697;163173.677;164029.468;164099.475;164125.977;164152.525;164164.353;164169.843;164745.281;164897.403;165000.992;165013.640;165020.205;165020.500;165020.500;165020.500;165020.500;165020.500;165020.500;165020.500;165020.500;165020.500;165020.500;165020.500;165020.500;165020.500;165020.500;165020.500;165020.500;165020.500;165020.500;165020.500;165020.500;165020.500;165020.500;165020.500;165020.500;165020.500;165020.500;165020.500;165020.500;165020.500;165020.500;165020.500;165020.500;165020.500;165020.500;165020.500;165020.500;165020.500;165020.500;165020.500;165020.500;165020.500;165020.500;165020.500;165020.500;165020.500;165065.477;165104.433;165175.721;165184.859;165189.549;165213.248;165343.498;165366.916;165406.820;165415.851;165422.949;165422.960;165422.960;165422.960;165422.960;165422.960;165422.960;165422.960;165422.960;165422.960;165422.960;165568.203;165645.575;165673.029;165677.487;165681.350;165681.350;166736.935;166756.023;166769.418;166775.698;166782.847;166787.144;166787.714;166787.714;166787.714;166787.714;166787.714;166787.714;166787.714
LXBV,1,750,12,26,120030,random,120030,166729.85391645436,168548.84843681793,1818.9945203635725,True,313.221367205111,45.869425628000045,-127.867 118.175;195.976 143.812;195.485 -723.465;551.316 -500.436;-598.467 451.834;329.734 -269.352;15.701 -331.184;35.017 710.156;-328.406 -653.537;725.391 -189.331;-285.965 430.611;555.588 277.653,nan;nan;nan;nan;nan;nan;nan;nan;nan;nan;nan;nan;nan;nan;nan;nan;nan;nan;nan;nan;nan;nan;nan;nan;nan;nan;nan;nan;nan;nan;nan;nan;nan;nan;155301.992;156306.555;156778.694;156813.348;157924.021;157942.205;159200.258;159261.056;159319.109;159495.048;159495.048;160951.564;160964.802;161411.011;161412.855;163056.374;164615.071;164679.716;164798.794;165072.511;165582.855;165628.678;165631.536;165634.852;165637.857;165641.608;165667.677;165675.697;165680.146;165682.242;165683.182;165684.889;165696.840;165697.201;165697.335;165698.972;165703.120;165707.055;165708.944;165710.754;165713.365;165714.046;165714.097;165714.235;165714.542;165715.293;165715.675;165716.052;165716.110;165716.247;165716.403;165716.495;165716.654;165716.741;165716.816;165716.870;165716.886;165716.900;165716.909;165716.917;165716.928;165716.936;165716.941;165716.943;165716.944;165716.945;165841.180;165879.224;165881.770;165881.778;165881.778;165881.778;165881.778;165881.778;165881.778;165881.778;165881.778;165881.778;165881.778;165881.778;165881.778;165881.778;165881.778;165881.778;165881.778;165881.778;165881.778;165881.778;165881.778;165881.778;165881.778;165881.778;165881.778;165881.778;165881.778;165881.778;165881.778;165881.778;165881.778;166558.587;166670.810;166702.109;166718.798;166723.773;166726.378;166729.854;166729.854;166729.854;166729.854;166729.854;166729.854;166729.854;166729.854;166729.854;166729.854;166729.854;166729.854;166729.854;166729.854;166729.854;166729.854;166729.854;166729.854;166729.854;166729.854;166729.854;166729.854;166729.854;166729.854;166729.854;166729.854;166729.854;166729.854;166729.854;166729.854;166729.854;166729.854;166729.854;166729.854;166729.854;166729.854;166729.854;166729.854;166729.854;166729.854;166729.854;166729.854;166729.854;166729.854;166729.854;166729.854;166729.854;166729.854;166729.854;166729.854;166729.854;166729.854;166729.854;166729.854;166729.854;166729.854;166729.854;166729.854;166729.854;166729.854;166729.854
RSVNS,1,750,12,4,120030,random,120030,166993.08159061644,168548.84843681793,1555.766846201499,True,355.1410790926201,48.00328608100017,86.127 -664.832;378.210 -102.907;-398.250 -598.332;-58.500 746.784;542.724 -516.751;-705.052 189.758;-191.456 -287.107;-384.856 343.379;744.141 12.862;-583.257 -205.507;556.904 492.545;107.506 416.155,nan;nan;nan;nan;nan;nan;nan;nan;nan;nan;nan;nan;nan;nan;nan;nan;nan;nan;nan;nan;nan;nan;nan;nan;nan;nan;nan;nan;nan;nan;nan;nan;nan;nan;nan;nan;nan;nan;nan;nan;nan;nan;nan;nan;nan;nan;nan;nan;nan;nan;nan;nan;nan;nan;nan;nan;nan;nan;nan;nan;nan;nan;nan;nan;nan;nan;nan;nan;nan;nan;nan;nan;nan;nan;nan;nan;nan;nan;nan;nan;nan;nan;nan;nan;nan;nan;nan;nan;nan;nan;nan;nan;nan;nan;nan;nan;nan;nan;nan;nan;164509.615;165118.852;165371.510;165443.138;165479.870;165507.739;165513.280;165523.149;165531.812;165534.127;165538.920;165538.920;165538.920;165538.920;165538.920;165538.920;165538.920;165538.920;165538.920;165538.920;165760.407;166074.602;166100.680;166110.930;166112.634;166584.847;166772.221;166795.551;166812.229;166821.439;166831.849;166841.343;166848.608;166852.331;166852.617;166852.617;166852.617;166852.617;166852.617;166852.617;166852.617;166852.617;166852.617;166852.617;166852.617;166852.617;166852.617;166852.617;166852.617;166852.617;166852.617;166852.617;166852.617;166852.617;166852.617;166852.617;166852.617;166852.617;166852.617;166852.617;166852.617;166852.617;166852.617;166852.617;166852.617;166852.617;166852.617;166852.617;166852.617;166852.617;166852.617;166852.617;166852.617;166852.617;166940.874;166953.767;166979.290;166984.305;166990.408;166993.082;166993.082;166993.082;166993.082;166993.082;166993.082;166993.082;166993.082;166993.082;166993.082;166993.082;166993.082;166993.082;166993.082;166993.082;166993.082;166993.082;166993.082;166993.082;166993.082;166993.082
RSVNS,1,750,12,12,120030,random,120030,166633.0111768558,168548.84843681793,1915.8372599621362,True,331.797309622963,47.90923506199988,-363.453 -567.554;171.503 -290.519;-654.351 -359.742;-186.323 40.031;749.139 27.045;361.910 -653.426;-652.675 368.232;413.786 6.438;568.920 487.608;-5.537 717.188;30.128 -656.614;-354.086 643.937,nan;nan;nan;nan;nan;nan;nan;nan;nan;nan;nan;nan;nan;nan;nan;nan;nan;nan;nan;nan;nan;nan;nan;nan;nan;nan;nan;nan;nan;nan;nan;nan;nan;nan;nan;nan;nan;nan;nan;nan;nan;nan;nan;nan;nan;nan;nan;nan;nan;nan;nan;nan;nan;nan;nan;nan;nan;nan;nan;nan;nan;nan;nan;nan;nan;nan;nan;nan;nan;nan;nan;nan;nan;nan;nan;nan;nan;nan;nan;nan;nan;nan;nan;nan;nan;nan;nan;nan;nan;nan;nan;nan;nan;nan;nan;nan;nan;nan;nan;nan;163960.037;164069.834;164145.617;164169.738;164198.177;164225.753;164236.521;164243.330;164252.254;164253.745;164253.745;164634.899;164893.713;164919.583;164956.599;164977.002;164979.331;165069.033;165265.280;165338.602;165357.029;165388.791;165397.563;165400.711;165400.711;165400.711;165400.711;165400.711;165400.711;165400.711;165400.711;165400.711;165403.476;165423.300;165423.300;165504.632;165944.185;165972.435;165980.478;165984.136;165984.323;165984.323;166243.650;166349.026;166366.124;166376.250;166401.174;166405.155;166405.155;166405.155;166405.155;166405.155;166405.155;166405.155;166405.155;166405.155;166405.155;166405.155;166405.155;166405.155;166405.155;166405.155;166405.155;166405.155;166405.155;166405.155;166405.155;166405.155;166405.155;166405.155;166405.155;166405.155;166405.155;166405.155;166405.155;166405.155;166405.155;166405.155;166405.155;166405.155;166405.155;166405.155;166405.155;166405.155;166405.155;166405.155;166405.155;166517.715;166610.218;166622.727;166628.323;166633.011;166633.011;166633.011;166633.011;166633.011;166633.011;166633.011;166633.011;166633.011
RSVNS,1,750,12,20,120030,random,120030,166575.5443152111,168548.84843681793,1973.3041216068377,True,313.92573989511806,48.64131864900037,318.653 537.820;-354.491 -660.547;4.840 741.679;-609.844 372.973;133.907 -126.267;301.989 -453.545;-612.715 -375.516;-333.671 671.329;-733.253 -9.494;-8.854 241.871;621.126 385.879;614.915 -428.512,nan;nan;nan;nan;nan;nan;nan;nan;nan;nan;nan;nan;nan;nan;nan;nan;nan;nan;nan;nan;nan;nan;nan;nan;nan;nan;nan;nan;nan;nan;nan;nan;nan;nan;nan;nan;nan;nan;nan;nan;nan;nan;nan;nan;nan;nan;nan;nan;nan;nan;nan;nan;nan;nan;nan;nan;nan;nan;nan;nan;nan;nan;nan;nan;nan;nan;nan;nan;nan;nan;nan;nan;nan;nan;nan;nan;nan;nan;nan;nan;nan;nan;nan;nan;nan;nan;nan;nan;nan;nan;nan;nan;nan;nan;nan;nan;nan;nan;nan;nan;164320.916;165209.352;165310.839;165379.672;165386.748;165393.250;165401.179;165420.076;165420.119;165420.119;165420.119;165420.119;165420.119;165420.119;165420.119;165420.119;165420.119;165420.119;165420.119;165420.119;165420.119;165420.119;165420.119;165420.119;165420.119;165420.119;165420.119;165420.119;165420.119;165420.119;165420.119;165420.119;165420.119;165420.119;165420.119;165420.119;165420.119;165420.119;165420.119;165420.119;165420.119;165420.119;165420.119;165420.119;165420.119;165420.119;165420.119;165420.119;165420.119;165420.119;165420.119;165420.119;165420.119;165680.384;166145.609;166157.380;166187.237;166242.355;166258.781;166272.337;166283.371;166284.507;166284.507;166428.605;166542.731;166564.590;166569.973;166572.971;166575.544;166575.544;166575.544;166575.544;166575.544;166575.544;166575.544;166575.544;166575.544;166575.544;166575.544;166575.544;166575.544;166575.544;166575.544;166575.544;166575.544;166575.544;166575.544;166575.544;166575.544;166575.544;166575.544;166575.544;166575.544;166575.544;166575.544;166575.544;166575.544;166575.544;166575.544;166575.544
RSVNS,1,750,12,28,120030,random,120030,166642.44986117215,168548.84843681793,1906.3985756457841,True,358.3148099673191,48.664790335999896,255.008 -705.130;465.995 -135.145;-532.409 527.824;-163.064 723.413;36.365 99.317;564.974 493.153;577.273 -478.616;-87.703 -591.956;-303.792 251.919;-517.643 -542.138;-740.625 -115.536;249.831 707.064,nan;nan;nan;nan;nan;nan;nan;nan;nan;nan;nan;nan;nan;nan;nan;nan;nan;nan;nan;nan;nan;nan;nan;nan;nan;nan;nan;nan;nan;nan;nan;nan;nan;nan;nan;nan;nan;nan;nan;nan;nan;nan;nan;nan;nan;nan;nan;nan;nan;nan;nan;nan;nan;nan;nan;nan;nan;nan;nan;nan;nan;nan;nan;nan;nan;nan;nan;nan;nan;nan;nan;nan;nan;nan;nan;nan;nan;nan;nan;nan;nan;nan;nan;nan;nan;nan;nan;nan;nan;nan;nan;nan;nan;nan;nan;nan;nan;nan;nan;nan;163596.430;163851.855;163978.765;164044.462;164086.558;164095.021;164095.021;164095.021;164095.021;164095.021;164095.021;164095.021;164095.021;164095.021;164095.021;164095.021;164095.021;164095.021;164095.021;164095.021;164095.021;164095.021;164442.301;164839.014;164929.386;164985.448;164994.482;165014.297;165020.400;165024.691;165269.652;165683.369;165758.498;165767.301;165774.256;165777.673;165777.673;165924.912;165956.675;165960.543;165967.906;165967.906;166229.855;166424.878;166433.324;166436.423;166438.816;166439.430;166439.430;166474.121;166560.238;166579.454;166604.419;166626.918;166633.266;166638.692;166642.444;166642.450;166642.450;166642.450;166642.450;166642.450;166642.450;166642.450;166642.450;166642.450;166642.450;166642.450;166642.450;166642.450;166642.450;166642.450;166642.450;166642.450;166642.450;166642.450;166642.450;166642.450;166642.450;166642.450;166642.450;166642.450;166642.450;166642.450;166642.450;166642.450;166642.450;166642.450;166642.450;166642.450;166642.450;166642.450;166642.450;166642.450;166642.450;166642.450;166642.450;166642.450;166642.450;166642.450
BVNS,1,750,12,6,120030,random,120030,166633.87306756846,168548.84843681793,1914.9753692494705,True,369.30687926348423,45.495364999999765,-692.662 237.727;-135.589 -148.108;-32.808 682.486;-250.679 211.298;-461.336 -590.820;377.917 647.484;162.288 306.043;45.629 -707.812;671.163 333.123;-478.551 576.297;656.652 -354.020;406.594 -629.761,nan;163377.085;164557.990;164785.493;164892.266;164949.498;164990.180;165020.669;165035.552;165047.534;165055.699;165065.081;165065.081;165623.056;165727.073;165758.176;165775.393;165789.838;165806.930;165826.912;165905.232;165914.148;165914.893;165914.893;165914.893;165914.893;165914.893;165914.893;165914.893;165914.893;165914.893;165914.893;165914.893;165914.893;165995.070;166134.986;166186.004;166191.643;166195.806;166195.806;166195.806;166195.806;166195.806;166195.806;166195.806;166195.806;166195.806;166195.806;166195.806;166195.806;166195.806;166195.806;166195.806;166195.806;166195.806;166195.806;166195.806;166195.806;166195.806;166195.806;166195.806;166195.806;166195.806;166195.806;166195.806;166195.806;166195.806;166195.806;166195.806;166195.806;166195.806;166195.806;166195.806;166195.806;166195.806;166195.806;166195.806;166195.806;166195.806;166195.806;166222.805;166257.134;166266.772;166268.941;166269.814;166269.814;166269.814;166269.814;166269.814;166269.814;166269.814;166269.814;166269.814;166269.814;166269.814;166269.814;166269.814;166269.814;166269.814;166269.814;166269.814;166269.814;166269.814;166269.814;166269.814;166269.814;166269.814;166269.814;166269.814;166269.814;166269.814;166269.814;166269.814;166269.814;166269.814;166269.814;166269.814;166269.814;166269.814;166269.814;166269.814;166269.814;166269.814;166269.814;166269.814;166269.814;166269.814;166269.814;166269.814;166269.814;166269.814;166269.814;166269.814;166269.814;166269.814;166269.814;166269.814;166505.209;166563.017;166579.485;166594.118;166625.119;166629.839;166633.873;166633.873;166633.873;166633.873;166633.873;166633.873;166633.873;166633.873;166633.873;166633.873;166633.873;166633.873;166633.873;166633.873;166633.873;166633.873;166633.873;166633.873;166633.873;166633.873;166633.873;166633.873;166633.873;166633.873;166633.873;166633.873;166633.873;166633.873;166633.873;166633.873;166633.873;166633.873;166633.873;166633.873;166633.873;166633.873;166633.873;166633.873;166633.873;166633.873;166633.873;166633.873;166633.873;166633.873;166633.873;166633.873;166633.873;166633.873;166633.873;166633.873;166633.873;166633.873;166633.873;166633.873;166633.873;166633.873;166633.873
BVNS,1,750,12,14,120030,random,120030,166119.642029138,168548.84843681793,2429.2064076799434,True,315.54490493323175,45.9187326629999,217.878 -717.608;-287.581 197.920;574.375 -480.280;422.693 58.318;-275.989 -697.089;-146.106 -290.243;243.392 -249.411;559.402 498.906;-59.092 747.647;-640.890 -25.552;-477.302 569.001;243.857 499.395,nan;nan;157808.517;159973.208;160731.528;161152.407;161270.440;161301.753;161311.186;161332.409;161338.039;163533.259;163955.901;164017.144;164088.086;164136.714;164158.975;164175.584;164179.458;164179.458;164179.458;164267.873;164301.144;164330.749;164337.586;164337.586;164337.586;164337.586;164459.319;164471.460;164475.586;165038.845;165249.428;165549.677;165596.783;165608.272;165613.333;165616.945;165616.945;165616.945;165636.331;165660.798;165675.435;165679.711;165685.574;165691.087;165691.087;165858.199;166078.978;166106.274;166116.469;166119.642;166119.642;166119.642;166119.642;166119.642;166119.642;166119.642;166119.642;166119.642;166119.642;166119.642;166119.642;166119.642;166119.642;166119.642;166119.642;166119.642;166119.642;166119.642;166119.642;166119.642;166119.642;166119.642;166119.642;166119.642;166119.642;166119.642;166119.642;166119.642;166119.642;166119.642;166119.642;166119.642;166119.642;166119.642;166119.642;166119.642;166119.642;166119.642;166119.642;166119.642;166119.642;166119.642;166119.642;166119.642;166119.642;166119.642;166119.642;166119.642;166119.642;166119.642;166119.642;166119.642;166119.642;166119.642;166119.642;166119.642;166119.642;166119.642;166119.642;166119.642;166119.642;166119.642;166119.642;166119.642;166119.642;166119.642;166119.642;166119.642;166119.642;166119.642;166119.642;166119.642;166119.642;166119.642;166119.642;166119.642;166119.642;166119.642;166119.642;166119.642;166119.642;166119.642;166119.642;166119.642;166119.642;166119.642;166119.642;166119.642;166119.642;166119.642;166119.642;166119.642;166119.642;166119.642;166119.642;166119.642;166119.642;166119.642;166119.642;166119.642;166119.642;166119.642;166119.642;166119.642;166119.642;166119.642;166119.642;166119.642;166119.642;166119.642;166119.642;166119.642;166119.642;166119.642;166119.642;166119.642;166119.642;166119.642;166119.642;166119.642;166119.642;166119.642;166119.642;166119.642;166119.642;166119.642;166119.642;166119.642;166119.642;166119.642;166119.642;166119.642;166119.642;166119.642;166119.642;166119.642;166119.642;166119.642;166119.642;166119.642;166119.642;166119.642;166119.642;166119.642;166119.642;166119.642;166119.642;166119.642
BVNS,1,750,12,22,120030,random,120030,166628.66693362765,168548.84843681793,1920.1815031902806,True,322.1135442427002,44.83951078300015,222.833 26.853;746.632 -63.807;-382.799 -88.086;-684.375 -305.898;508.169 -450.621;223.006 716.016;523.328 513.760;-565.800 492.116;-264.260 291.938;-82.624 -366.227;57.021 -745.312;-98.001 742.683,nan;nan;164054.793;164594.380;164656.436;164782.130;164816.483;164830.062;164838.138;164839.955;164839.955;165068.636;165333.107;165460.128;165504.759;165515.909;165531.527;165531.800;165531.800;165531.800;165531.800;165531.800;165531.800;165531.800;165531.800;166033.725;166348.860;166362.175;166387.549;166615.166;166623.014;166625.183;166627.579;166628.598;166628.667;166628.667;166628.667;166628.667;166628.667;166628.667;166628.667;166628.667;166628.667;166628.667;166628.667;166628.667;166628.667;166628.667;166628.667;166628.667;166628.667;166628.667;166628.667;166628.667;166628.667;166628.667;166628.667;166628.667;166628.667;166628.667;166628.667;166628.667;166628.667;166628.667;166628.667;166628.667;166628.667;166628.667;166628.667;166628.667;166628.667;166628.667;166628.667;166628.667;166628.667;166628.667;166628.667;166628.667;166628.667;166628.667;166628.667;166628.667;166628.667;166628.667;166628.667;166628.667;166628.667;166628.667;166628.667;166628.667;166628.667;166628.667;166628.667;166628.667;166628.667;166628.667;166628.667;166628.667;166628.667;166628.667;166628.667;166628.667;166628.667;166628.667;166628.667;166628.667;166628.667;166628.667;166628.667;166628.667;166628.667;166628.667;166628.667;166628.667;166628.667;166628.667;166628.667;166628.667;166628.667;166628.667;166628.667;166628.667;166628.667;166628.667;166628.667;166628.667;166628.667;166628.667;166628.667;166628.667;166628.667;166628.667;166628.667;166628.667;166628.667;166628.667;166628.667;166628.667;166628.667;166628.667;166628.667;166628.667;166628.667;166628.667;166628.667;166628.667;166628.667;166628.667;166628.667;166628.667;166628.667;166628.667;166628.667;166628.667;166628.667;166628.667;166628.667;166628.667;166628.667;166628.667;166628.667;166628.667;166628.667;166628.667;166628.667;166628.667;166628.667;166628.667;166628.667;166628.667;166628.667;166628.667;166628.667;166628.667;166628.667;166628.667;166628.667;166628.667;166628.667;166628.667;166628.667;166628.667;166628.667;166628.667;166628.667;166628.667;166628.667;166628.667;166628.667;166628.667;166628.667;166628.667;166628.667;166628.667;166628.667;166628.667;166628.667;166628.667;166628.667;166628.667
BVNS,1,750,12,30,120030,random,120030,167071.4739104115,168548.84843681793,1477.3745264064346,True,334.46215006498204,44.24505015400018,513.545 -328.983;672.910 244.163;-128.549 -703.292;-747.656 32.630;-255.193 -317.512;108.514 508.505;-563.219 -472.860;115.649 -305.463;-141.612 730.545;-547.121 512.589;387.803 -641.500;-403.132 104.883,nan;nan;160469.769;163181.133;163656.092;163781.159;163820.447;163887.872;163974.711;163990.567;163994.464;163994.464;163994.464;165890.969;165974.173;165992.957;166010.492;166076.440;166095.816;166102.496;166111.115;166117.602;166117.622;166117.622;166233.460;166288.752;166290.930;166451.132;166650.171;166671.217;166701.729;166715.404;166729.038;166738.980;166746.858;166752.060;166753.826;166811.489;166960.038;166995.237;167041.827;167048.880;167055.823;167062.597;167067.112;167068.334;167071.474;167071.474;167071.474;167071.474;167071.474;167071.474;167071.474;167071.474;167071.474;167071.474;167071.474;167071.474;167071.474;167071.474;167071.474;167071.474;167071.474;167071.474;167071.474;167071.474;167071.474;167071.474;167071.474;167071.474;167071.474;167071.474;167071.474;167071.474;167071.474;167071.474;167071.474;167071.474;167071.474;167071.474;167071.474;167071.474;167071.474;167071.474;167071.474;167071.474;167071.474;167071.474;167071.474;167071.474;167071.474;167071.474;167071.474;167071.474;167071.474;167071.474;167071.474;167071.474;167071.474;167071.474;167071.474;167071.474;167071.474;167071.474;167071.474;167071.474;167071.474;167071.474;167071.474;167071.474;167071.474;167071.474;167071.474;167071.474;167071.474;167071.474;167071.474;167071.474;167071.474;167071.474;167071.474;167071.474;167071.474;167071.474;167071.474;167071.474;167071.474;167071.474;167071.474;167071.474;167071.474;167071.474;167071.474;167071.474;167071.474;167071.474;167071.474;167071.474;167071.474;167071.474;167071.474;167071.474;167071.474;167071.474;167071.474;167071.474;167071.474;167071.474;167071.474;167071.474;167071.474;167071.474;167071.474;167071.474;167071.474;167071.474;167071.474;167071.474;167071.474;167071.474;167071.474;167071.474;167071.474;167071.474;167071.474;167071.474;167071.474;167071.474;167071.474;167071.474;167071.474;167071.474;167071.474;167071.474;167071.474;167071.474;167071.474;167071.474;167071.474;167071.474;167071.474;167071.474;167071.474;167071.474;167071.474;167071.474;167071.474;167071.474;167071.474;167071.474;167071.474;167071.474;167071.474;167071.474;167071.474;167071.474;167071.474;167071.474;167071.474;167071.474
SSA,1,750,12,8,120030,random,120030,165915.28685908671,168548.84843681793,2633.5615777312196,True,324.2108646757177,47.9523985259998,-706.831 -11.794;704.646 256.853;441.298 19.815;245.521 321.455;-326.428 -80.745;53.872 -748.063;-215.620 223.942;-559.822 475.095;-134.171 737.901;644.496 -383.569;-565.221 -418.860;96.627 -142.937,nan;nan;nan;nan;nan;nan;nan;nan;nan;nan;nan;nan;nan;nan;nan;nan;nan;nan;nan;nan;nan;nan;nan;nan;nan;nan;nan;nan;nan;nan;nan;nan;nan;nan;nan;nan;nan;nan;nan;nan;nan;nan;nan;nan;nan;nan;nan;nan;nan;nan;nan;nan;nan;nan;nan;nan;nan;nan;nan;nan;nan;nan;nan;nan;nan;nan;nan;nan;nan;nan;nan;nan;nan;nan;nan;nan;nan;nan;162442.963;162442.963;162442.963;162442.963;163032.882;163032.882;163032.882;163032.882;163032.882;163155.842;165115.950;165115.950;165115.950;165115.950;165115.950;165115.950;165115.950;165460.226;165460.226;165501.090;165530.173;165530.173;165601.300;165601.300;165601.300;165601.300;165652.219;165654.411;165654.411;165654.411;165661.124;165732.254;165732.254;165732.254;165777.895;165792.105;165829.876;165829.876;165853.147;165867.375;165867.375;165867.375;165867.375;165868.173;165876.124;165877.450;165886.900;165892.077;165896.936;165896.936;165898.369;165904.459;165907.090;165908.754;165909.517;165909.517;165909.517;165909.771;165910.165;165910.867;165911.203;165911.308;165911.308;165911.906;165911.906;165911.906;165912.214;165912.214;165912.522;165912.781;165912.854;165912.897;165912.944;165913.199;165913.419;165913.484;165913.928;165914.162;165914.291;165914.369;165914.408;165914.534;165914.817;165914.966;165915.021;165915.057;165915.057;165915.057;165915.086;165915.136;165915.170;165915.181;165915.181;165915.185;165915.185;165915.185;165915.185;165915.207;165915.214;165915.231;165915.249;165915.251;165915.257;165915.259;165915.259;165915.266;165915.267;165915.269;165915.271;165915.272;165915.274;165915.275;165915.277;165915.280;165915.283;165915.283;165915.283;165915.285;165915.286;165915.286;165915.287;165915.287
SSA,1,750,12,16,120030,random,120030,165708.64166901907,168548.84843681793,2840.206767798867,True,321.13051435906493,47.51503430999992,-714.935 -172.913;723.737 196.733;70.110 371.355;508.256 -142.750;314.717 579.422;314.401 -571.255;39.162 -201.113;-195.239 -663.332;-193.280 724.667;-328.055 354.555;-555.054 -503.813;-671.241 334.420,nan;nan;nan;nan;nan;nan;nan;nan;nan;nan;nan;nan;nan;nan;nan;nan;nan;nan;nan;nan;nan;nan;nan;nan;nan;nan;nan;nan;nan;nan;nan;nan;nan;nan;nan;nan;nan;nan;nan;nan;nan;nan;nan;nan;nan;nan;nan;nan;nan;nan;nan;nan;nan;nan;nan;nan;nan;nan;nan;nan;nan;nan;nan;nan;nan;161819.411;161819.411;161819.411;161819.411;161819.411;161819.411;161819.411;161819.411;161819.411;161819.411;161819.411;161819.411;161819.411;161819.411;161819.411;161819.411;161819.411;161819.411;161819.411;161819.411;161819.411;162864.551;162864.551;162864.551;162864.551;162864.551;165126.830;165144.527;165144.527;165144.527;165144.527;165144.527;165144.527;165144.527;165144.527;165144.527;165144.527;165144.527;165181.888;165183.339;165312.152;165312.152;165312.152;165312.152;165312.152;165312.152;165321.800;165321.800;165335.414;165359.508;165369.272;165369.272;165381.788;165381.788;165381.788;165381.788;165398.422;165401.726;165420.512;165462.365;165466.275;165521.878;165535.343;165562.374;165604.052;165606.444;165611.334;165618.899;165627.907;165631.234;165657.412;165658.878;165665.092;165666.140;165674.336;165687.417;165688.703;165696.235;165696.360;165697.458;165699.389;165699.389;165699.535;165699.785;165699.785;165700.067;165700.602;165701.150;165702.852;165703.901;165704.699;165705.054;165705.054;165705.436;165705.473;165705.568;165705.617;165706.366;165706.823;165707.172;165707.331;165707.375;165707.570;165707.730;165707.824;165707.929;165707.991;165708.061;165708.205;165708.226;165708.292;165708.427;165708.469;165708.500;165708.546;165708.548;165708.550;165708.550;165708.552;165708.570;165708.582;165708.589;165708.593;165708.593;165708.606;165708.613;165708.622;165708.631;165708.633;165708.633;165708.633;165708.634;165708.637;165708.638;165708.642
SSA,1,750,12,24,120030,random,120030,165176.51297562473,168548.84843681793,3372.335461193201,True,328.7204519411564,48.80534800999976,-739.242 -126.540;302.488 -423.133;-56.328 -719.149;-329.440 -494.469;-310.010 21.657;548.994 510.985;749.495 19.373;7.151 749.966;152.423 -90.064;-516.935 487.219;357.044 216.002;-57.895 232.595,nan;nan;nan;nan;nan;nan;nan;nan;nan;nan;nan;nan;nan;nan;nan;nan;nan;nan;nan;nan;nan;nan;nan;nan;nan;nan;nan;nan;nan;nan;nan;nan;nan;nan;nan;nan;nan;nan;nan;nan;nan;nan;nan;nan;nan;nan;nan;nan;nan;nan;nan;nan;nan;nan;nan;nan;nan;nan;nan;nan;nan;nan;nan;nan;nan;nan;nan;nan;nan;nan;nan;nan;nan;nan;nan;nan;nan;nan;nan;nan;nan;nan;nan;nan;nan;nan;nan;nan;nan;nan;nan;nan;161410.466;163565.239;163590.494;164359.828;164359.828;164359.828;164492.145;164492.145;164510.242;164617.280;164617.280;164694.723;164694.723;164694.723;164737.682;164887.097;164887.097;164887.097;164887.097;164887.097;164892.371;164914.052;164914.052;164965.364;165019.556;165022.589;165025.945;165031.688;165037.766;165046.035;165053.544;165060.217;165061.775;165062.728;165066.724;165071.729;165080.753;165095.232;165100.710;165102.081;165113.327;165114.873;165123.651;165129.055;165133.819;165135.986;165136.171;165139.244;165143.743;165145.152;165150.641;165156.092;165158.970;165161.626;165162.129;165162.178;165162.473;165162.883;165164.526;165166.330;165167.691;165169.589;165171.477;165172.721;165172.901;165172.916;165173.113;165173.233;165173.756;165174.713;165175.230;165175.310;165175.359;165175.423;165175.468;165175.549;165175.625;165175.823;165175.948;165175.951;165176.013;165176.072;165176.146;165176.161;165176.206;165176.241;165176.288;165176.304;165176.367;165176.387;165176.397;165176.399;165176.412;165176.439;165176.459;165176.466;165176.482;165176.494;165176.497;165176.498;165176.500;165176.505;165176.507;165176.509;165176.509;165176.510;165176.511;165176.513
LXSSA,1,750,12,2,120030,random,120030,164036.34946724106,168548.84843681793,4512.4989695768745,True,308.1448843796998,47.54115389299977,113.766 -194.627;-132.097 96.371;-288.828 -256.673;138.822 341.420;579.528 445.645;682.194 -311.622;403.769 -443.655;730.834 142.263;-523.653 389.432;-415.573 -609.922;-658.956 -317.122;199.901 722.843,nan;nan;nan;nan;nan;nan;nan;nan;nan;nan;nan;nan;nan;nan;nan;nan;nan;nan;nan;nan;nan;nan;nan;nan;nan;nan;nan;nan;nan;nan;nan;nan;nan;nan;nan;nan;nan;nan;nan;nan;160803.610;160818.511;161266.678;161266.678;161266.678;162076.576;162076.576;162219.238;162219.238;162219.238;162580.345;162580.345;162642.180;162642.180;162642.180;162642.180;162652.122;162662.720;162662.720;162662.720;162662.720;162664.531;162664.531;162664.531;162664.531;162665.044;162713.460;162713.460;162713.460;162713.460;162713.460;162713.460;162713.460;162755.526;162755.526;162755.526;162803.642;163394.174;163395.903;163395.903;163395.903;163395.903;163403.579;163403.579;163403.579;163403.579;163412.790;163413.185;163413.455;163429.587;163430.060;163445.832;163499.599;163516.542;163537.936;163537.936;163545.478;163545.478;163545.478;163547.391;163550.481;163560.513;163561.223;163565.545;163568.338;163598.599;163660.360;163681.690;163725.329;163741.857;163753.064;163853.293;163900.251;163902.865;163904.331;163905.455;163905.895;163908.494;163908.937;163923.476;163925.430;163937.412;163939.015;163942.943;163949.651;163949.949;163952.687;163954.458;163957.976;163959.005;163960.394;163963.594;163964.539;163966.423;163967.385;163971.462;163972.163;163974.953;163985.353;163989.204;163991.796;163998.348;164004.317;164008.927;164010.915;164014.000;164014.420;164014.978;164016.186;164019.389;164022.162;164022.725;164022.866;164022.968;164023.188;164024.718;164025.577;164025.772;164027.225;164027.919;164028.325;164028.713;164028.941;164029.396;164029.848;164030.396;164030.571;164030.763;164031.004;164031.305;164031.578;164031.855;164032.002;164032.085;164032.146;164032.158;164032.254;164032.328;164032.349;164032.368;164032.382;164032.397;164032.432;164032.454;164032.484;164032.722;164033.394;164033.699;164033.858;164033.936;164034.237;164034.313;164034.338;164034.380;164034.397;164034.405;164034.441;164034.485;164034.949;164036.349
LXSSA,1,750,12,10,120030,random,120030,165297.00505171114,168548.84843681793,3251.8433851067966,True,345.3938380253296,47.39984600700018,-676.296 -279.387;275.237 -273.620;-89.035 -613.971;-82.782 723.281;373.323 615.571;388.037 -625.666;113.344 309.490;-234.794 -293.789;-464.652 -574.794;-126.968 34.343;-466.072 455.572;-646.736 109.507,nan;nan;nan;nan;nan;nan;nan;nan;nan;nan;nan;nan;nan;nan;nan;nan;nan;nan;nan;nan;nan;nan;nan;nan;nan;nan;nan;nan;nan;nan;nan;nan;nan;nan;nan;nan;nan;nan;nan;nan;nan;nan;nan;nan;nan;nan;nan;nan;nan;nan;nan;nan;nan;nan;nan;nan;nan;nan;nan;nan;157457.093;158183.353;158198.028;158198.028;158342.356;158402.940;159101.035;159101.035;159101.035;159101.035;159116.318;159119.608;160493.877;160601.334;160601.334;160601.334;161935.940;161950.568;161950.568;162236.581;162236.581;162255.261;162259.421;162309.738;162699.561;162714.449;162761.282;162806.409;162806.409;164238.761;164263.208;164531.044;164533.482;164624.003;164624.003;164625.855;164714.404;165010.777;165025.486;165031.236;165031.236;165035.844;165048.029;165084.207;165084.207;165142.168;165142.652;165143.660;165145.155;165152.826;165157.869;165179.023;165182.069;165182.412;165182.412;165182.900;165210.483;165212.344;165213.505;165213.767;165214.305;165232.226;165232.303;165235.150;165235.205;165236.211;165237.215;165241.208;165241.758;165242.295;165242.768;165242.895;165244.518;165245.497;165247.919;165248.611;165249.185;165252.065;165253.540;165256.829;165261.354;165262.883;165262.965;165265.619;165267.708;165272.087;165276.469;165277.961;165278.635;165280.985;165283.433;165285.841;165286.421;165286.430;165286.850;165287.769;165289.339;165289.971;165290.563;165291.183;165291.723;165292.210;165292.807;165293.334;165293.536;165293.818;165294.204;165294.720;165294.806;165295.092;165295.582;165295.732;165295.802;165295.920;165296.069;165296.124;165296.229;165296.314;165296.356;165296.397;165296.438;165296.471;165296.518;165296.565;165296.612;165296.628;165296.721;165296.756;165296.774;165296.816;165296.846;165296.876;165296.892;165296.915;165296.939;165296.953;165296.966;165296.986;165296.997;165297.005
LXSSA,1,750,12,18,120030,random,120030,164552.5475470184,168548.84843681793,3996.300889799546,True,315.55586987778776,47.26815642499969,-344.601 -246.526;124.812 659.914;-536.156 317.193;-93.795 -25.737;437.189 140.037;318.271 -190.716;90.789 266.632;468.270 542.317;-693.582 -172.405;-205.344 -721.086;-215.184 343.807;-331.483 672.769,nan;nan;nan;nan;nan;nan;nan;nan;nan;nan;nan;nan;nan;nan;nan;nan;nan;nan;nan;nan;nan;nan;nan;nan;nan;nan;nan;nan;nan;nan;nan;nan;nan;nan;nan;nan;nan;nan;nan;nan;nan;nan;nan;nan;nan;nan;nan;159479.526;159716.413;159716.413;159716.413;159716.413;159716.413;160254.752;160254.752;160254.752;160297.070;160297.070;160297.070;160297.070;160297.070;160297.070;160328.302;160328.302;160328.302;160328.302;160328.302;161632.288;161632.288;161658.149;161658.149;161671.284;161671.284;161671.284;161671.284;161671.284;161671.284;161671.284;161771.180;161771.180;162158.160;162169.692;162226.099;162226.099;162226.099;162226.099;162226.636;162237.725;162237.725;162238.587;162238.794;162238.794;162247.565;162316.905;162322.457;162324.451;162324.634;162327.326;163524.298;164089.263;164318.003;164322.798;164344.492;164357.813;164357.813;164376.813;164386.540;164386.575;164387.744;164388.333;164394.846;164397.009;164400.679;164440.868;164452.226;164457.046;164468.867;164473.775;164482.490;164488.470;164495.815;164506.261;164506.273;164510.916;164516.360;164518.005;164523.175;164523.175;164523.190;164527.076;164530.141;164532.092;164533.885;164536.873;164539.611;164540.418;164540.651;164541.621;164542.695;164543.169;164543.489;164545.000;164545.871;164546.154;164546.732;164546.768;164546.901;164547.006;164547.691;164548.590;164549.023;164549.122;164549.224;164549.317;164549.349;164549.628;164549.664;164549.761;164549.932;164549.996;164550.334;164550.759;164551.336;164551.428;164551.595;164551.954;164552.106;164552.155;164552.176;164552.184;164552.184;164552.192;164552.213;164552.220;164552.249;164552.288;164552.332;164552.364;164552.391;164552.417;164552.422;164552.428;164552.438;164552.442;164552.450;164552.457;164552.486;164552.499;164552.513;164552.523;164552.530;164552.534;164552.534;164552.534;164552.535;164552.537;164552.540;164552.543;164552.546;164552.548
LXSSA,1,750,12,26,120030,random,120030,164419.24652969444,168548.84843681793,4129.601907123491,True,318.3871002581245,46.61433226300005,-99.810 104.393;251.830 13.045;110.340 -681.740;423.106 -619.259;-686.817 235.532;216.103 -377.350;-173.794 -395.605;251.374 706.619;-430.159 -614.374;687.111 -29.081;-139.180 690.076;570.063 315.097,nan;nan;nan;nan;nan;nan;nan;nan;nan;nan;nan;nan;nan;nan;nan;nan;161477.885;161477.885;161477.885;161485.854;161485.854;162347.032;162347.032;162347.032;162347.032;162347.032;162347.032;162347.032;162347.032;162347.032;162458.770;162915.288;162915.288;162915.288;162915.288;163355.753;163355.753;163355.753;163355.753;163355.753;163355.753;163355.753;163365.219;163365.219;163365.219;163365.219;163365.219;163365.219;163365.219;163365.219;163365.219;163370.092;163370.092;163370.092;163370.092;163453.341;163453.341;163453.341;163502.278;163502.278;163502.278;163502.278;163502.278;163502.278;163502.278;163502.278;163504.907;163504.907;163504.907;163521.544;163521.544;163559.040;163559.040;163561.568;163561.568;163561.568;163561.568;163561.568;163624.152;163682.835;163682.835;163682.835;163689.170;163904.425;163916.808;163916.808;163916.808;163916.808;163916.808;163916.808;163916.808;163927.321;163927.321;163929.199;163929.199;163929.199;163937.671;163940.277;163940.277;164024.964;164037.502;164070.382;164137.664;164137.664;164137.664;164157.392;164157.452;164158.478;164158.531;164159.270;164179.504;164236.708;164240.288;164263.321;164284.218;164288.737;164289.938;164341.498;164344.919;164364.257;164364.894;164370.257;164371.590;164372.271;164373.958;164379.094;164381.549;164382.123;164383.206;164384.614;164385.168;164385.411;164385.844;164387.180;164389.670;164391.939;164396.038;164399.502;164401.557;164402.888;164403.952;164404.665;164408.866;164410.579;164411.782;164414.030;164415.565;164415.595;164415.617;164415.685;164415.937;164416.122;164416.176;164416.206;164416.636;164416.910;164416.978;164417.180;164417.275;164417.560;164417.764;164417.972;164418.263;164418.338;164418.348;164418.426;164418.429;164418.476;164418.525;164418.567;164418.659;164418.744;164418.785;164418.865;164418.959;164419.030;164419.052;164419.063;164419.129;164419.160;164419.170;164419.182;164419.192;164419.195;164419.196;164419.196;164419.199;164419.201;164419.209;164419.216;164419.220;164419.223;164419.230;164419.235;164419.241;164419.243;164419.243;164419.244;164419.246;164419.247
PSOC,1,750,12,4,120030,random,120030,167021.3717695414,168548.84843681793,1527.4766672765254,True,359.230956100764,47.9109964270001,-698.855 66.447;-204.313 -677.868;249.055 -707.440;242.825 122.549;702.726 55.650;489.780 -440.798;-213.898 178.431;12.679 -335.814;-501.421 557.743;8.286 749.954;477.248 470.167;-520.006 -458.993,nan;159570.660;164729.557;165121.527;165243.669;165317.040;165432.681;165646.184;165717.603;165841.163;165844.948;165868.828;165882.013;166329.349;166337.136;166392.627;166406.757;166411.677;166423.470;166425.372;166442.012;166444.057;166444.327;166467.436;166475.600;166477.413;166483.480;166486.132;166487.445;166490.902;166491.775;166493.208;166494.439;166495.565;166499.368;166500.968;166501.450;166501.817;166947.267;166995.786;166998.379;167001.176;167003.333;167008.314;167008.939;167009.096;167009.926;167010.504;167010.556;167011.051;167011.376;167011.965;167013.405;167014.860;167015.289;167015.732;167016.029;167016.231;167016.343;167016.484;167016.574;167016.689;167016.757;167016.780;167016.800;167016.806;167016.832;167016.896;167016.934;167017.277;167020.081;167020.369;167020.515;167020.719;167020.805;167020.842;167020.900;167020.982;167020.993;167021.030;167021.043;167021.047;167021.076;167021.099;167021.116;167021.127;167021.138;167021.143;167021.145;167021.147;167021.153;167021.164;167021.167;167021.170;167021.170;167021.171;167021.174;167021.176;167021.181;167021.184;167021.225;167021.254;167021.268;167021.269;167021.269;167021.270;167021.273;167021.288;167021.289;167021.292;167021.295;167021.296;167021.312;167021.336;167021.349;167021.354;167021.357;167021.360;167021.362;167021.363;167021.364;167021.365;167021.365;167021.366;167021.366;167021.367;167021.367;167021.367;167021.367;167021.367;167021.367;167021.367;167021.367;167021.367;167021.367;167021.367;167021.367;167021.367;167021.367;167021.367;167021.367;167021.367;167021.367;167021.367;167021.367;167021.367;167021.367;167021.367;167021.367;167021.367;167021.367;167021.367;167021.367;167021.367;167021.367;167021.367;167021.367;167021.367;167021.367;167021.367;167021.367;167021.367;167021.367;167021.367;167021.367;167021.367;167021.367;167021.368;167021.368;167021.368;167021.368;167021.368;167021.368;167021.368;167021.368;167021.368;167021.368;167021.368;167021.368;167021.368;167021.368;167021.368;167021.368;167021.368;167021.369;167021.369;167021.370;167021.372;167021.372;167021.372;167021.372;167021.372;167021.372;167021.372;167021.372;167021.372;167021.372;167021.372;167021.372;167021.372
PSOC,1,750,12,12,120030,random,120030,166478.23709551836,168548.84843681793,2070.6113412995765,True,323.6669249201944,47.487218700000085,-380.606 179.013;-632.430 403.152;465.565 106.015;-746.462 -72.701;-633.197 -401.946;216.599 -518.610;134.743 697.983;-61.637 -747.459;616.188 -427.565;361.818 -200.574;-51.693 115.456;-213.530 -433.521,nan;nan;161573.936;161767.082;163825.499;164201.951;164275.526;165209.000;165462.838;166095.659;166149.551;166214.636;166220.258;166300.736;166349.019;166377.133;166380.982;166391.569;166395.089;166396.570;166399.114;166400.863;166401.827;166403.874;166405.153;166405.773;166405.933;166405.960;166406.304;166406.637;166406.728;166406.797;166406.885;166407.075;166407.184;166407.360;166407.449;166407.809;166407.843;166407.865;166407.878;166407.887;166407.949;166407.981;166407.992;166408.006;166408.039;166408.075;166408.088;166408.110;166408.139;166408.149;166408.383;166408.436;166408.464;166408.479;166408.490;166408.523;166408.681;166408.751;166409.024;166409.593;166409.894;166410.003;166410.114;166410.160;166410.188;166410.202;166410.230;166410.250;166410.266;166410.298;166410.336;166410.347;166410.354;166410.357;166410.735;166410.879;166413.664;166413.683;166413.706;166413.720;166413.728;166413.730;166413.734;166413.739;166413.747;166413.753;166413.759;166413.761;166413.767;166413.772;166413.793;166413.858;166413.876;166413.935;166413.957;166413.966;166413.967;166413.974;166413.977;166413.978;166413.986;166413.988;166413.989;166413.989;166413.990;166413.990;166413.990;166413.990;166413.991;166413.991;166413.991;166413.992;166413.992;166413.992;166413.992;166413.992;166413.992;166413.993;166413.993;166413.993;166413.994;166413.994;166413.994;166413.994;166413.994;166413.994;166413.994;166413.994;166413.994;166413.995;166413.995;166413.995;166413.995;166413.995;166413.995;166413.996;166413.996;166413.996;166413.996;166413.996;166413.996;166413.997;166413.998;166413.998;166413.998;166413.998;166413.998;166413.998;166413.998;166413.999;166413.999;166413.999;166413.999;166413.999;166413.999;166413.999;166413.999;166413.999;166413.999;166413.999;166413.999;166413.999;166413.999;166413.999;166413.999;166413.999;166413.999;166413.999;166435.398;166437.726;166443.923;166449.212;166474.540;166475.789;166476.361;166476.652;166477.133;166477.346;166477.394;166477.579;166477.803;166477.809;166477.887;166477.905;166477.916;166477.931;166477.963;166477.965;166477.968;166478.009;166478.115;166478.120;166478.129;166478.206;166478.220;166478.226;166478.227;166478.237
PSOC,1,750,12,20,120030,random,120030,167142.77707335027,168548.84843681793,1406.071363467665,True,344.1556671898394,47.62720758400019,-95.242 115.593;186.255 -656.381;741.524 107.104;397.931 126.771;65.848 -327.241;-734.658 150.924;180.587 659.941;-257.366 704.459;-597.046 -217.884;538.106 522.438;552.983 -428.212;-218.296 -717.528,nan;nan;164809.732;165258.703;166251.986;166594.205;166870.734;166906.465;166948.662;166965.980;166980.922;166986.717;166992.944;166995.916;166999.786;167003.572;167004.671;167006.847;167007.557;167008.296;167009.568;167018.607;167020.587;167022.538;167025.526;167027.120;167029.845;167032.825;167034.000;167035.539;167036.214;167036.283;167036.538;167037.143;167038.039;167038.281;167038.856;167040.392;167040.610;167040.774;167040.818;167040.892;167040.909;167040.954;167041.403;167045.427;167046.380;167052.086;167058.889;167059.998;167061.864;167062.095;167062.619;167063.206;167063.768;167064.127;167064.404;167064.442;167064.490;167064.637;167064.690;167064.706;167064.722;167064.738;167064.742;167064.752;167064.764;167065.297;167065.531;167065.607;167065.669;167065.863;167066.154;167066.178;167066.197;167066.228;167066.240;167066.287;167066.622;167066.662;167067.220;167067.817;167067.917;167067.934;167067.949;167083.837;167084.122;167096.707;167109.364;167111.012;167117.408;167120.124;167120.733;167120.908;167127.625;167131.041;167132.352;167132.925;167133.825;167134.070;167134.128;167136.038;167137.024;167137.195;167137.303;167137.921;167138.485;167138.607;167139.215;167139.384;167140.722;167140.938;167141.011;167141.985;167142.100;167142.204;167142.232;167142.313;167142.420;167142.529;167142.555;167142.572;167142.599;167142.608;167142.616;167142.617;167142.622;167142.625;167142.635;167142.648;167142.649;167142.650;167142.653;167142.656;167142.657;167142.661;167142.662;167142.664;167142.665;167142.665;167142.665;167142.666;167142.666;167142.667;167142.667;167142.667;167142.667;167142.667;167142.667;167142.667;167142.668;167142.668;167142.668;167142.668;167142.668;167142.668;167142.668;167142.668;167142.671;167142.776;167142.776;167142.776;167142.776;167142.776;167142.776;167142.776;167142.776;167142.776;167142.776;167142.776;167142.776;167142.776;167142.776;167142.776;167142.776;167142.777;167142.777;167142.777;167142.777;167142.777;167142.777;167142.777;167142.777;167142.777;167142.777;167142.777;167142.777;167142.777;167142.777;167142.777;167142.777;167142.777;167142.777;167142.777;167142.777;167142.777;167142.777;167142.777;167142.777;167142.777
PSOC,1,750,12,28,120030,random,120030,166795.10775981584,168548.84843681793,1753.7406770020898,True,321.00094506121536,47.247862761000306,328.936 674.019;196.488 -246.084;610.992 -424.206;-160.784 -210.736;-9.711 522.190;300.693 65.271;749.770 18.529;-427.957 615.916;-620.689 117.919;600.833 448.887;-724.776 -192.865;-18.348 -498.405,nan;nan;163519.573;164791.268;164890.753;165888.230;166052.780;166099.070;166153.741;166176.307;166198.646;166604.237;166695.580;166714.318;166719.336;166728.782;166730.475;166734.976;166740.656;166740.656;166741.953;166743.551;166744.129;166748.979;166751.210;166762.747;166763.123;166764.497;166765.622;166767.238;166767.695;166768.457;166769.049;166771.752;166772.574;166776.599;166777.354;166777.838;166778.213;166778.340;166778.568;166778.662;166779.238;166779.957;166780.480;166780.912;166781.198;166781.281;166781.459;166781.640;166781.729;166781.780;166781.923;166782.272;166782.558;166782.822;166783.001;166783.272;166783.471;166783.549;166783.662;166783.684;166783.708;166783.767;166783.804;166783.834;166783.903;166786.073;166786.146;166786.227;166786.291;166786.342;166786.381;166786.422;166786.452;166786.497;166786.530;166786.576;166786.661;166786.757;166787.071;166787.337;166787.354;166787.380;166787.404;166787.440;166787.461;166787.495;166787.700;166787.711;166787.722;166787.790;166787.867;166788.176;166788.224;166788.298;166788.431;166788.793;166789.766;166791.068;166791.545;166792.157;166792.207;166792.299;166792.348;166792.383;166792.387;166792.395;166792.398;166792.400;166792.400;166792.401;166792.403;166792.694;166792.701;166792.701;166792.701;166792.705;166792.709;166792.710;166792.711;166792.711;166792.713;166792.714;166792.715;166792.715;166792.715;166792.817;166792.866;166792.867;166792.869;166792.869;166792.870;166792.870;166792.870;166792.870;166792.870;166792.872;166792.872;166792.872;166792.872;166792.872;166792.872;166792.873;166792.873;166792.873;166792.873;166792.873;166792.873;166792.873;166792.873;166792.873;166792.873;166792.873;166792.873;166792.873;166792.873;166792.873;166792.873;166792.873;166792.873;166792.873;166792.873;166792.874;166792.880;166792.884;166792.895;166792.929;166792.930;166792.930;166792.931;166792.931;166792.931;166792.931;166792.931;166792.931;166792.932;166792.932;166792.933;166792.933;166792.933;166792.933;166792.933;166793.299;166794.115;166794.199;166794.620;166794.650;166794.653;166794.678;166794.844;166795.091;166795.102;166795.103;166795.107;166795.107;166795.107;166795.108;166795.108;166795.108
DE,1,750,12,6,120030,random,120030,166763.99388078967,168548.84843681793,1784.8545560282655,True,330.8531712006941,54.76741540900002,707.916 -190.918;-151.639 -90.670;-151.577 595.967;-371.590 -651.476;-37.357 268.959;145.040 -347.621;-540.303 -232.140;-712.052 235.544;514.715 449.558;148.583 735.135;369.428 76.566;366.890 -654.134,nan;nan;nan;nan;nan;nan;nan;nan;nan;nan;nan;nan;nan;nan;nan;nan;nan;nan;nan;nan;nan;nan;163484.889;163484.889;163484.889;164151.213;164955.935;165605.864;165605.864;165605.864;165605.864;165622.932;165743.973;165921.176;165940.627;166183.465;166203.422;166232.060;166305.899;166420.372;166420.372;166441.618;166441.618;166461.325;166466.770;166484.284;166484.284;166484.284;166491.560;166497.460;166516.102;166516.102;166516.102;166529.140;166536.043;166536.043;166536.043;166536.043;166536.043;166536.043;166536.411;166536.411;166536.995;166539.060;166549.086;166553.155;166555.439;166557.256;166558.178;166559.658;166560.555;166562.398;166563.341;166564.050;166564.863;166565.885;166751.616;166751.616;166751.900;166752.147;166752.701;166753.274;166753.819;166754.456;166754.965;166755.338;166755.552;166756.083;166756.112;166756.377;166756.453;166756.581;166756.589;166756.730;166756.806;166756.871;166756.957;166757.105;166757.191;166757.248;166757.316;166757.365;166757.454;166757.490;166757.537;166757.616;166757.716;166757.845;166757.903;166758.090;166758.161;166758.237;166758.444;166758.561;166758.706;166759.098;166759.353;166759.769;166760.016;166760.337;166760.453;166760.598;166760.754;166761.026;166761.255;166761.457;166761.633;166761.801;166761.952;166762.120;166762.308;166762.435;166762.642;166762.738;166762.782;166762.818;166762.859;166762.930;166762.997;166763.088;166763.137;166763.185;166763.263;166763.308;166763.375;166763.419;166763.437;166763.480;166763.538;166763.575;166763.602;166763.634;166763.658;166763.673;166763.692;166763.704;166763.730;166763.748;166763.760;166763.771;166763.788;166763.801;166763.803;166763.812;166763.817;166763.821;166763.824;166763.827;166763.838;166763.851;166763.853;166763.858;166763.861;166763.863;166763.868;166763.875;166763.879;166763.888;166763.897;166763.905;166763.915;166763.918;166763.924;166763.926;166763.927;166763.935;166763.953;166763.961;166763.967;166763.975;166763.982;166763.986;166763.988;166763.990;166763.991;166763.991;166763.992;166763.993;166763.993;166763.994
DE,1,750,12,14,120030,random,120030,166593.44263205648,168548.84843681793,1955.4058047614526,True,319.7190461845163,55.54133932700006,225.385 703.877;257.078 -546.533;-83.246 256.569;456.956 43.545;743.545 -98.184;-218.651 717.420;-355.347 -253.301;102.647 -240.541;-137.716 -737.248;-546.506 269.033;-698.748 -272.490;586.187 467.851,nan;nan;nan;nan;nan;nan;nan;nan;nan;nan;nan;nan;nan;nan;nan;nan;nan;nan;nan;nan;nan;nan;nan;nan;nan;nan;nan;nan;nan;nan;nan;nan;nan;nan;nan;nan;nan;nan;158321.579;161298.527;164062.635;165345.135;165456.352;166118.209;166258.644;166298.667;166345.871;166365.194;166418.337;166421.296;166438.054;166443.752;166453.098;166483.918;166492.564;166500.767;166511.047;166516.925;166522.898;166531.500;166534.107;166543.578;166546.563;166549.865;166554.043;166560.015;166562.802;166566.543;166568.502;166570.456;166571.697;166573.611;166574.647;166575.746;166577.231;166578.622;166580.131;166580.963;166581.599;166582.820;166583.274;166583.813;166584.241;166584.716;166584.852;166585.612;166585.869;166585.951;166586.183;166586.276;166586.397;166586.666;166586.983;166587.160;166587.332;166587.519;166587.989;166588.251;166588.419;166588.740;166588.954;166589.138;166589.436;166589.868;166590.256;166590.711;166590.987;166591.382;166591.639;166591.768;166591.980;166592.227;166592.369;166592.438;166592.522;166592.597;166592.624;166592.734;166592.774;166592.796;166592.819;166592.895;166592.899;166592.932;166592.966;166593.009;166593.042;166593.050;166593.075;166593.096;166593.121;166593.142;166593.155;166593.173;166593.189;166593.214;166593.228;166593.254;166593.279;166593.289;166593.305;166593.317;166593.331;166593.346;166593.354;166593.359;166593.366;166593.369;166593.372;166593.375;166593.381;166593.386;166593.388;166593.394;166593.398;166593.410;166593.413;166593.416;166593.419;166593.423;166593.425;166593.425;166593.427;166593.427;166593.429;166593.431;166593.433;166593.435;166593.436;166593.436;166593.437;166593.437;166593.438;166593.438;166593.438;166593.438;166593.439;166593.439;166593.440;166593.440;166593.440;166593.441;166593.441;166593.441;166593.441;166593.441;166593.441;166593.442;166593.442;166593.442;166593.442;166593.442;166593.442;166593.442;166593.442;166593.442;166593.442;166593.442;166593.442;166593.443
DE,1,750,12,22,120030,random,120030,166624.674303227,168548.84843681793,1924.1741335909464,True,324.8440645556316,68.81934173399986,343.831 -284.610;-69.309 -60.875;-279.100 456.916;-409.502 -383.786;621.787 345.655;127.532 -739.076;338.481 657.473;146.038 276.628;-651.186 55.487;-272.221 -678.197;-617.628 425.483;747.041 -66.535,nan;nan;nan;nan;nan;nan;nan;nan;nan;nan;nan;nan;nan;nan;nan;nan;159572.371;161835.411;163248.893;164268.408;164799.551;164956.711;165516.099;165694.983;166317.138;166347.598;166404.146;166414.240;166414.240;166429.623;166459.746;166473.352;166482.049;166502.702;166514.992;166522.815;166540.227;166540.227;166560.385;166560.385;166560.385;166560.385;166560.385;166564.491;166571.570;166576.339;166581.532;166584.846;166588.981;166593.188;166603.077;166604.059;166606.330;166607.985;166609.732;166610.530;166612.811;166613.811;166615.580;166616.341;166616.995;166617.532;166617.962;166618.531;166619.198;166619.619;166619.683;166619.840;166619.983;166620.063;166620.180;166620.282;166620.408;166620.634;166620.911;166621.273;166621.442;166621.704;166622.009;166622.291;166622.559;166622.576;166622.733;166622.764;166622.827;166622.861;166622.900;166622.915;166622.935;166622.946;166622.959;166622.989;166623.012;166623.026;166623.038;166623.056;166623.081;166623.097;166623.108;166623.114;166623.166;166623.285;166623.303;166623.458;166623.471;166623.536;166623.635;166623.702;166623.753;166623.795;166623.828;166623.873;166623.898;166623.919;166623.941;166623.988;166623.991;166624.020;166624.021;166624.027;166624.046;166624.052;166624.067;166624.078;166624.078;166624.088;166624.089;166624.095;166624.098;166624.106;166624.112;166624.118;166624.122;166624.126;166624.136;166624.148;166624.165;166624.173;166624.181;166624.187;166624.196;166624.210;166624.216;166624.222;166624.226;166624.228;166624.231;166624.237;166624.241;166624.255;166624.271;166624.278;166624.282;166624.284;166624.289;166624.297;166624.304;166624.311;166624.317;166624.327;166624.330;166624.332;166624.333;166624.337;166624.339;166624.343;166624.345;166624.352;166624.358;166624.365;166624.372;166624.383;166624.395;166624.401;166624.406;166624.408;166624.416;166624.416;166624.426;166624.441;166624.456;166624.484;166624.503;166624.535;166624.541;166624.553;166624.560;166624.563;166624.570;166624.574;166624.581;166624.593;166624.604;166624.624;166624.636;166624.640;166624.652;166624.662;166624.670;166624.673
DE,1,750,12,30,120030,random,120030,165596.74545349382,168548.84843681793,2952.102983324119,True,346.8886072838175,74.7941073539996,71.380 -518.309;183.220 -170.386;-25.068 306.530;476.147 -579.468;173.933 680.608;-620.330 -250.814;-738.823 128.998;-225.343 715.346;532.714 -95.823;335.254 275.909;-235.473 -267.685;-419.932 428.176,nan;nan;nan;nan;nan;nan;nan;nan;nan;nan;nan;nan;nan;nan;nan;nan;nan;nan;nan;nan;nan;nan;nan;nan;nan;nan;nan;nan;nan;nan;nan;nan;154223.264;160501.354;161787.789;163747.242;163747.242;164424.852;164424.852;164504.582;164544.583;164576.466;164765.806;165096.328;165190.223;165289.450;165336.669;165360.421;165382.463;165401.426;165416.668;165434.057;165440.539;165450.426;165455.799;165464.111;165465.515;165473.272;165479.584;165485.730;165488.181;165491.631;165510.585;165516.004;165516.745;165521.712;165524.248;165525.348;165529.322;165530.724;165533.139;165534.461;165536.225;165538.073;165539.477;165540.583;165543.464;165544.664;165546.096;165547.830;165551.400;165556.682;165562.145;165565.005;165566.736;165567.461;165568.205;165568.837;165569.158;165569.419;165569.876;165570.051;165570.224;165570.448;165570.701;165570.821;165571.053;165571.228;165571.420;165571.856;165572.332;165572.739;165573.270;165573.419;165573.544;165573.947;165574.117;165574.417;165574.574;165574.754;165575.126;165575.344;165575.774;165576.161;165576.472;165576.620;165576.938;165577.248;165577.372;165577.500;165577.819;165578.150;165578.338;165578.479;165578.597;165578.696;165579.025;165579.215;165579.355;165579.521;165579.679;165579.820;165579.909;165580.012;165580.106;165580.297;165580.759;165580.938;165581.056;165581.243;165595.703;165595.851;165595.930;165596.057;165596.135;165596.182;165596.258;165596.314;165596.342;165596.371;165596.405;165596.423;165596.437;165596.451;165596.470;165596.481;165596.496;165596.508;165596.514;165596.519;165596.523;165596.531;165596.539;165596.550;165596.558;165596.562;165596.569;165596.573;165596.581;165596.599;165596.602;165596.614;165596.623;165596.633;165596.637;165596.646;165596.654;165596.664;165596.667;165596.672;165596.676;165596.684;165596.689;165596.692;165596.694;165596.696;165596.699;165596.702;165596.705;165596.708;165596.709;165596.711;165596.715;165596.718;165596.723;165596.728;165596.734;165596.738;165596.742;165596.745
SLSQP,1,750,12,8,120030,random,120030,166369.21710870147,168548.84843681793,2179.631328116462,True,346.5699210550285,262.94663918299966,-467.522 -552.927;-89.049 509.828;-475.014 572.907;-701.239 -266.011;-317.024 164.440;629.392 -403.507;-89.640 -362.504;468.184 168.305;-686.668 188.424;321.466 -655.842;102.417 194.672;745.189 -76.855,163613.701;163721.006;163737.981;163737.982;163737.982;163737.982;163737.982;163871.787;164143.358;164143.386;164143.386;164143.386;164143.386;164143.386;164143.386;164143.386;164143.386;164143.386;164143.386;164143.386;164143.386;164143.386;164143.386;164143.386;164143.386;164143.386;164143.386;164143.386;164143.386;164143.386;164143.386;164772.388;164772.388;166051.610;166331.456;166331.456;166331.456;166331.456;166333.192;166349.675;166364.795;166369.217;166369.217;166369.217;166369.217;166369.217;166369.217;166369.217;166369.217;166369.217;166369.217;166369.217;166369.217;166369.217;166369.217;166369.217;166369.217;166369.217;166369.217;166369.217;166369.217;166369.217;166369.217;166369.217;166369.217;166369.217;166369.217;166369.217;166369.217;166369.217;166369.217;166369.217;166369.217;166369.217;166369.217;166369.217;166369.217;166369.217;166369.217;166369.217;166369.217;166369.217;166369.217;166369.217;166369.217;166369.217;166369.217;166369.217;166369.217;166369.217;166369.217;166369.217;166369.217;166369.217;166369.217;166369.217;166369.217;166369.217;166369.217;166369.217;166369.217;166369.217;166369.217;166369.217;166369.217;166369.217;166369.217;166369.217;166369.217;166369.217;166369.217;166369.217;166369.217;166369.217;166369.217;166369.217;166369.217;166369.217;166369.217;166369.217;166369.217;166369.217;166369.217;166369.217;166369.217;166369.217;166369.217;166369.217;166369.217;166369.217;166369.217;166369.217;166369.217;166369.217;166369.217;166369.217;166369.217;166369.217;166369.217;166369.217;166369.217;166369.217;166369.217;166369.217;166369.217;166369.217;166369.217;166369.217;166369.217;166369.217;166369.217;166369.217;166369.217;166369.217;166369.217;166369.217;166369.217;166369.217;166369.217;166369.217;166369.217;166369.217;166369.217;166369.217;166369.217;166369.217;166369.217;166369.217;166369.217;166369.217;166369.217;166369.217;166369.217;166369.217;166369.217;166369.217;166369.217;166369.217;166369.217;166369.217;166369.217;166369.217;166369.217;166369.217;166369.217;166369.217;166369.217;166369.217;166369.217;166369.217;166369.217;166369.217;166369.217;166369.217;166369.217;166369.217;166369.217;166369.217;166369.217;166369.217
SLSQP,1,750,12,16,120030,random,120030,166153.66246960792,168548.84843681793,2395.185967210011,True,308.34092921115104,267.50196643599975,-364.853 644.497;572.975 -413.809;-137.478 -737.166;579.212 468.893;261.011 681.185;-33.426 -438.376;-43.531 738.958;-745.533 -79.952;-422.543 -619.643;268.013 -309.648;-640.658 -388.952;-399.639 -17.337,163111.896;163175.903;163175.903;163175.903;164312.244;164312.244;164312.244;164312.244;164312.244;164312.244;164312.244;164312.244;164312.244;164312.244;164312.244;164312.244;164312.244;164561.982;164563.122;164563.122;164563.122;164563.122;164563.122;164563.122;164563.122;164563.122;164563.122;164563.122;164563.122;164563.122;164563.122;164563.122;164563.122;164563.122;164563.122;164563.122;164563.122;164563.122;164563.122;164563.122;164579.538;164579.544;164579.544;164579.544;164579.544;164579.544;164579.544;164579.544;164579.544;164579.544;164579.544;164579.544;164579.544;164579.544;164626.541;164725.135;164727.859;164731.725;164731.725;164731.725;164835.648;165302.873;165302.873;165357.978;165357.978;165357.978;165357.978;165357.978;165357.978;165357.978;165357.978;165357.978;165357.978;165357.978;165357.978;165357.978;165357.978;166153.662;166153.662;166153.662;166153.662;166153.662;166153.662;166153.662;166153.662;166153.662;166153.662;166153.662;166153.662;166153.662;166153.662;166153.662;166153.662;166153.662;166153.662;166153.662;166153.662;166153.662;166153.662;166153.662;166153.662;166153.662;166153.662;166153.662;166153.662;166153.662;166153.662;166153.662;166153.662;166153.662;166153.662;166153.662;166153.662;166153.662;166153.662;166153.662;166153.662;166153.662;166153.662;166153.662;166153.662;166153.662;166153.662;166153.662;166153.662;166153.662;166153.662;166153.662;166153.662;166153.662;166153.662;166153.662;166153.662;166153.662;166153.662;166153.662;166153.662;166153.662;166153.662;166153.662;166153.662;166153.662;166153.662;166153.662;166153.662;166153.662;166153.662;166153.662;166153.662;166153.662;166153.662;166153.662;166153.662;166153.662;166153.662;166153.662;166153.662;166153.662;166153.662;166153.662;166153.662;166153.662;166153.662;166153.662;166153.662;166153.662;166153.662;166153.662;166153.662;166153.662;166153.662;166153.662;166153.662;166153.662;166153.662;166153.662;166153.662;166153.662;166153.662;166153.662;166153.662;166153.662;166153.662;166153.662;166153.662;166153.662;166153.662;166153.662;166153.662;166153.662;166153.662;166153.662;166153.662;166153.662;166153.662;166153.662;166153.662;166153.662;166153.662;166153.662
SLSQP,1,750,12,24,120030,random,120030,165718.62968271135,168548.84843681793,2830.2187541065796,True,317.83221406699744,259.8845158929994,-226.658 -180.195;358.795 658.598;-741.599 -84.790;166.613 380.439;528.295 159.114;122.298 -270.400;-67.764 95.069;-494.294 134.020;667.816 -314.768;-612.814 -431.117;-285.326 -521.995;-224.583 561.398,162761.195;164932.625;164937.128;164942.599;164998.073;164998.073;164998.073;164998.073;164998.073;164998.073;164998.073;164998.073;164998.073;164998.073;164998.073;164998.073;164998.073;164998.073;164998.073;164998.073;164998.073;164998.073;164998.073;164998.073;164998.073;164998.073;164998.073;164998.073;164998.073;164998.073;164998.073;164998.073;164998.073;164998.073;164998.073;164998.073;164998.073;164998.073;165702.637;165702.825;165708.445;165718.630;165718.630;165718.630;165718.630;165718.630;165718.630;165718.630;165718.630;165718.630;165718.630;165718.630;165718.630;165718.630;165718.630;165718.630;165718.630;165718.630;165718.630;165718.630;165718.630;165718.630;165718.630;165718.630;165718.630;165718.630;165718.630;165718.630;165718.630;165718.630;165718.630;165718.630;165718.630;165718.630;165718.630;165718.630;165718.630;165718.630;165718.630;165718.630;165718.630;165718.630;165718.630;165718.630;165718.630;165718.630;165718.630;165718.630;165718.630;165718.630;165718.630;165718.630;165718.630;165718.630;165718.630;165718.630;165718.630;165718.630;165718.630;165718.630;165718.630;165718.630;165718.630;165718.630;165718.630;165718.630;165718.630;165718.630;165718.630;165718.630;165718.630;165718.630;165718.630;165718.630;165718.630;165718.630;165718.630;165718.630;165718.630;165718.630;165718.630;165718.630;165718.630;165718.630;165718.630;165718.630;165718.630;165718.630;165718.630;165718.630;165718.630;165718.630;165718.630;165718.630;165718.630;165718.630;165718.630;165718.630;165718.630;165718.630;165718.630;165718.630;165718.630;165718.630;165718.630;165718.630;165718.630;165718.630;165718.630;165718.630;165718.630;165718.630;165718.630;165718.630;165718.630;165718.630;165718.630;165718.630;165718.630;165718.630;165718.630;165718.630;165718.630;165718.630;165718.630;165718.630;165718.630;165718.630;165718.630;165718.630;165718.630;165718.630;165718.630;165718.630;165718.630;165718.630;165718.630;165718.630;165718.630;165718.630;165718.630;165718.630;165718.630;165718.630;165718.630;165718.630;165718.630;165718.630;165718.630;165718.630;165718.630;165718.630;165718.630;165718.630;165718.630;165718.630;165718.630;165718.630;165718.630;165718.630
SSABV,1,500,10,2,120030,random,120030,135855.72308491217,140457.3736973483,4601.6506124361185,True,308.21801568626415,143.92923291000034,129.931 482.812;-72.122 -482.886;28.798 -191.658;387.033 309.925;356.770 -124.641;242.061 -437.500;-243.552 436.318;-456.995 193.697;-482.031 -132.578;-131.328 128.848,nan;nan;nan;nan;nan;nan;nan;nan;nan;nan;nan;nan;nan;nan;nan;nan;nan;nan;nan;nan;nan;nan;nan;nan;nan;nan;nan;nan;nan;nan;nan;nan;nan;nan;nan;nan;nan;nan;nan;nan;nan;nan;nan;nan;nan;nan;nan;nan;nan;nan;nan;nan;nan;nan;129194.427;129855.126;129860.423;130037.830;130130.293;130144.583;130181.917;130305.772;130346.290;130380.522;130454.915;130497.646;130564.837;130581.717;130604.248;130635.230;130653.679;130674.977;130688.810;130699.397;130710.904;130716.034;130718.890;130719.280;130721.743;130789.511;130790.860;130792.532;130794.231;130795.196;130796.727;130797.384;130797.929;130798.681;130799.038;130799.262;130799.402;130799.580;130799.699;130799.787;130799.832;130799.858;130799.868;130799.878;130799.890;130799.903;131057.666;131109.389;131109.389;131552.068;131739.201;131804.325;131812.381;131812.381;131812.381;131812.381;131812.381;131812.381;131871.778;132830.945;132889.845;132925.630;134647.625;134887.623;134941.354;134949.031;135684.080;135714.165;135720.457;135720.457;135720.457;135720.457;135720.457;135720.457;135720.457;135720.457;135720.457;135720.457;135777.056;135790.086;135790.086;135790.086;135790.086;135790.086;135790.086;135790.086;135790.086;135790.086;135790.086;135790.086;135790.086;135790.086;135790.086;135790.086;135790.086;135790.086;135790.086;135790.086;135790.086;135790.086;135790.086;135790.086;135790.086;135790.086;135790.086;135790.086;135790.086;135790.086;135790.086;135790.086;135790.086;135790.086;135790.086;135790.086;135790.086;135790.086;135790.086;135790.086;135790.086;135790.086;135790.086;135790.086;135790.086;135790.086;135790.086;135790.086;135790.086;135790.086;135790.086;135790.086;135790.086;135849.862;135855.723;135855.723;135855.723;135855.723;135855.723;135855.723;135855.723;135855.723;135855.723;135855.723;135855.723;135855.723;135855.723;135855.723
SSABV,1,500,10,10,120030,random,120030,136738.70039037376,140457.3736973483,3718.673306974524,True,315.11077235160604,115.02858880599979,-259.599 -414.242;425.000 -262.246;117.122 -485.471;-436.278 243.854;-154.203 -97.800;92.010 119.812;-473.416 -160.378;443.535 142.039;242.260 425.000;-111.652 360.263,nan;nan;nan;nan;nan;nan;nan;nan;nan;nan;nan;nan;nan;nan;nan;nan;nan;nan;nan;nan;nan;nan;nan;nan;nan;nan;nan;nan;nan;nan;nan;nan;nan;nan;nan;nan;nan;nan;nan;nan;nan;nan;nan;nan;nan;nan;nan;nan;135100.143;135465.740;136041.344;136080.144;136080.144;136080.144;136080.144;136080.144;136129.566;136135.085;136170.982;136329.471;136368.990;136383.731;136398.662;136401.530;136408.195;136420.897;136426.884;136429.889;136433.266;136439.829;136450.711;136453.568;136460.112;136464.435;136467.809;136471.706;136474.259;136476.238;136477.382;136478.110;136478.540;136479.798;136480.664;136480.919;136480.964;136481.244;136481.308;136481.385;136481.445;136481.530;136481.636;136481.676;136481.707;136481.726;136481.734;136481.749;136481.766;136481.773;136481.783;136481.784;136594.936;136608.894;136608.894;136608.894;136608.894;136608.894;136608.894;136608.894;136608.894;136608.894;136608.894;136608.894;136608.894;136608.894;136608.894;136608.894;136608.894;136608.894;136608.894;136608.894;136608.894;136608.894;136608.894;136608.894;136608.894;136608.894;136608.894;136608.894;136608.894;136608.894;136608.894;136608.894;136608.894;136608.894;136608.894;136608.894;136608.894;136608.894;136608.894;136608.894;136608.894;136706.724;136728.841;136738.700;136738.700;136738.700;136738.700;136738.700;136738.700;136738.700;136738.700;136738.700;136738.700;136738.700;136738.700;136738.700;136738.700;136738.700;136738.700;136738.700;136738.700;136738.700;136738.700;136738.700;136738.700;136738.700;136738.700;136738.700;136738.700;136738.700;136738.700;136738.700;136738.700;136738.700;136738.700;136738.700;136738.700;136738.700;136738.700;136738.700;136738.700;136738.700;136738.700;136738.700;136738.700;136738.700;136738.700;136738.700;136738.700;136738.700;136738.700;136738.700;136738.700;136738.700;136738.700;136738.700;136738.700;136738.700;136738.700;136738.700
SSABV,1,500,10,18,120030,random,120030,136365.30170683342,140457.3736973483,4092.0719905148726,True,308.9116404291663,54.08904578399961,-304.996 395.905;-18.711 193.817;178.850 -67.558;82.999 492.952;159.472 -471.568;-299.037 -400.452;456.588 -202.790;-158.390 -98.584;-498.078 29.723;399.859 284.304,nan;nan;nan;nan;nan;nan;nan;nan;nan;nan;nan;nan;nan;nan;nan;nan;nan;nan;nan;nan;nan;nan;nan;nan;nan;nan;nan;nan;nan;nan;nan;nan;nan;nan;nan;nan;nan;nan;nan;nan;nan;nan;nan;nan;nan;nan;130358.657;130358.657;130358.657;133149.136;134018.904;134018.904;134103.604;134103.604;134103.604;134206.580;134345.670;134370.531;134370.531;134376.896;134393.683;134415.050;134429.538;134434.402;134434.402;134446.644;134455.297;134467.202;134477.669;134486.237;134487.511;134488.056;134488.578;134490.040;134491.071;134492.505;134494.091;134494.798;134495.965;134496.377;134496.787;134496.993;134497.024;134497.343;134497.606;134497.707;134497.794;134497.972;134497.995;134498.053;134498.117;134498.159;134498.205;134498.241;134498.265;134498.269;134498.278;134498.284;134498.289;134498.292;134549.251;134559.388;135114.335;135490.922;136334.519;136353.869;136365.302;136365.302;136365.302;136365.302;136365.302;136365.302;136365.302;136365.302;136365.302;136365.302;136365.302;136365.302;136365.302;136365.302;136365.302;136365.302;136365.302;136365.302;136365.302;136365.302;136365.302;136365.302;136365.302;136365.302;136365.302;136365.302;136365.302;136365.302;136365.302;136365.302;136365.302;136365.302;136365.302;136365.302;136365.302;136365.302;136365.302;136365.302;136365.302;136365.302;136365.302;136365.302;136365.302;136365.302;136365.302;136365.302;136365.302;136365.302;136365.302;136365.302;136365.302;136365.302;136365.302;136365.302;136365.302;136365.302;136365.302;136365.302;136365.302;136365.302;136365.302;136365.302;136365.302;136365.302;136365.302;136365.302;136365.302;136365.302;136365.302;136365.302;136365.302;136365.302;136365.302;136365.302;136365.302;136365.302;136365.302;136365.302;136365.302;136365.302;136365.302;136365.302;136365.302;136365.302;136365.302;136365.302;136365.302;136365.302;136365.302;136365.302;136365.302;136365.302;136365.302;136365.302
SSABV,1,500,10,26,120030,random,120030,139215.78787527978,140457.3736973483,1241.585822068504,True,308.3902079796153,48.68149617600011,328.330 376.847;3.797 -453.057;-314.086 -388.930;-314.539 388.646;330.069 -345.630;-481.250 -26.976;498.438 34.643;14.878 491.842;168.501 14.360;-173.617 -5.371,nan;nan;nan;nan;nan;nan;nan;nan;nan;nan;nan;nan;nan;nan;nan;nan;nan;nan;nan;nan;nan;nan;nan;nan;nan;nan;nan;nan;nan;nan;nan;nan;nan;nan;nan;nan;nan;nan;nan;nan;nan;nan;nan;nan;136548.762;136569.850;136569.850;136583.728;136784.963;136784.963;138236.587;138236.587;138236.587;138236.587;138240.654;138252.007;138378.703;138417.610;138434.175;138434.175;138436.413;138436.413;138436.413;138436.413;138436.413;138436.435;138436.435;138438.159;138438.400;138438.400;138439.439;138440.581;138441.595;138442.189;138442.868;138443.526;138443.574;138443.591;138443.729;138443.779;138443.820;138443.873;138443.907;138443.907;138443.926;138443.931;138443.945;138443.950;138443.952;138443.958;138443.965;138443.966;138443.971;138443.977;138443.978;138443.982;138443.984;138443.985;138443.986;138443.987;138471.883;138476.122;138476.122;138674.736;138709.652;138753.338;138760.858;138763.842;138766.645;138937.208;139212.786;139215.548;139215.788;139215.788;139215.788;139215.788;139215.788;139215.788;139215.788;139215.788;139215.788;139215.788;139215.788;139215.788;139215.788;139215.788;139215.788;139215.788;139215.788;139215.788;139215.788;139215.788;139215.788;139215.788;139215.788;139215.788;139215.788;139215.788;139215.788;139215.788;139215.788;139215.788;139215.788;139215.788;139215.788;139215.788;139215.788;139215.788;139215.788;139215.788;139215.788;139215.788;139215.788;139215.788;139215.788;139215.788;139215.788;139215.788;139215.788;139215.788;139215.788;139215.788;139215.788;139215.788;139215.788;139215.788;139215.788;139215.788;139215.788;139215.788;139215.788;139215.788;139215.788;139215.788;139215.788;139215.788;139215.788;139215.788;139215.788;139215.788;139215.788;139215.788;139215.788;139215.788;139215.788;139215.788;139215.788;139215.788;139215.788;139215.788;139215.788;139215.788;139215.788;139215.788;139215.788;139215.788;139215.788;139215.788;139215.788;139215.788
LXBV,1,500,10,4,120030,random,120030,139089.02149803189,140457.3736973483,1368.3521993164031,True,314.62153372742694,41.65872449499966,-292.815 404.890;19.664 467.188;498.143 -37.639;353.012 346.162;-487.500 110.711;188.722 19.329;-351.960 -349.740;352.318 -354.383;30.476 -411.134;-152.335 -40.303,nan;nan;nan;nan;nan;nan;nan;nan;nan;nan;nan;nan;nan;nan;nan;nan;nan;nan;nan;nan;nan;nan;nan;nan;nan;nan;nan;nan;nan;nan;nan;nan;nan;nan;nan;nan;133843.459;133843.459;133843.459;133843.459;133843.459;133843.459;133843.459;133873.434;133873.434;133880.325;133880.325;133881.207;133918.168;133931.690;134059.414;134073.661;134131.743;134180.507;134183.575;134303.365;134349.208;134366.274;134380.627;134383.167;134385.193;134387.659;134389.260;134400.376;134413.380;134422.019;134433.473;134441.075;134447.948;134460.311;134466.529;134466.729;134469.854;134471.136;134473.121;134476.792;134477.812;134479.442;134480.577;134481.759;134481.975;134482.153;134482.492;134482.705;134482.868;134483.110;134483.256;134483.325;134483.329;134483.334;134483.359;134483.376;134483.388;134483.416;134483.429;134483.431;134483.433;134483.434;134483.434;134483.436;134546.244;134549.547;134549.547;134549.547;134549.547;134549.547;134549.547;134549.547;134549.547;134549.547;134549.547;134549.547;134549.547;134549.547;134549.547;134549.547;134549.547;134610.928;134681.251;134686.345;134686.345;134686.345;134686.345;134686.345;134686.345;134686.345;134686.345;134686.345;134686.345;134686.345;134686.345;134686.345;134686.345;134686.345;134686.345;134686.345;134686.345;134686.345;134699.861;135556.365;135715.883;137261.801;137268.677;137322.329;137322.329;137322.329;137322.329;137322.329;137322.329;137322.329;137322.329;138030.957;138089.233;138096.776;138106.957;138109.178;138109.178;138109.178;138109.178;138109.178;138109.178;138109.178;138109.178;138109.178;138109.178;138109.178;138109.178;138109.178;138109.178;138109.178;138109.178;138109.178;138109.178;138109.178;138109.178;138109.178;138109.178;138109.178;138109.178;138109.178;138109.178;138109.178;138109.178;138109.178;138109.178;138109.178;138109.178;138109.178;138109.178;138109.178;138109.178;138109.178;138109.178;138109.178;138473.893;138784.804;138806.919;139088.505;139089.021;139089.021
LXBV,1,500,10,12,120030,random,120030,137654.4751901397,140457.3736973483,2802.8985072085925,True,308.15706459210463,44.473123067000415,-22.293 233.863;251.533 -431.832;-371.947 -322.772;-192.224 -53.463;179.728 466.561;-59.813 -427.232;-345.494 352.563;433.513 248.571;144.607 -122.375;-499.694 7.020,nan;nan;nan;nan;nan;nan;nan;nan;nan;nan;nan;nan;nan;nan;nan;nan;nan;nan;nan;nan;nan;nan;nan;nan;nan;nan;nan;nan;nan;nan;nan;nan;nan;nan;nan;nan;nan;nan;nan;nan;nan;nan;nan;nan;nan;nan;nan;nan;nan;nan;nan;nan;nan;nan;nan;nan;nan;nan;nan;nan;nan;nan;nan;nan;nan;nan;nan;nan;nan;nan;nan;nan;nan;nan;nan;nan;nan;nan;nan;nan;nan;nan;nan;nan;nan;nan;nan;nan;nan;nan;nan;nan;nan;nan;nan;nan;nan;nan;nan;nan;134004.592;134369.654;134424.124;134433.998;135589.559;135661.006;135677.097;135677.097;136155.793;136202.823;136215.071;136215.384;136221.626;136290.183;136300.681;136300.835;137044.377;137310.581;137322.749;137330.733;137331.371;137331.371;137564.523;137626.581;137643.648;137650.564;137654.475;137654.475;137654.475;137654.475;137654.475;137654.475;137654.475;137654.475;137654.475;137654.475;137654.475;137654.475;137654.475;137654.475;137654.475;137654.475;137654.475;137654.475;137654.475;137654.475;137654.475;137654.475;137654.475;137654.475;137654.475;137654.475;137654.475;137654.475;137654.475;137654.475;137654.475;137654.475;137654.475;137654.475;137654.475;137654.475;137654.475;137654.475;137654.475;137654.475;137654.475;137654.475;137654.475;137654.475;137654.475;137654.475;137654.475;137654.475;137654.475;137654.475;137654.475;137654.475;137654.475;137654.475;137654.475;137654.475;137654.475;137654.475;137654.475;137654.475;137654.475;137654.475;137654.475;137654.475;137654.475;137654.475;137654.475;137654.475;137654.475;137654.475;137654.475;137654.475;137654.475;137654.475
LXBV,1,500,10,20,120030,random,120030,136994.18947775316,140457.3736973483,3463.184219595132,True,308.02857757914967,43.16210139099985,288.467 -232.949;-41.571 431.126;497.656 15.400;73.552 -490.760;343.533 360.164;-478.125 -131.410;-274.450 -417.448;-454.638 207.044;110.463 116.736;-179.785 13.595,nan;nan;nan;nan;nan;nan;nan;nan;nan;nan;nan;nan;nan;nan;nan;nan;nan;nan;nan;nan;nan;nan;nan;nan;nan;nan;nan;nan;nan;nan;nan;nan;nan;nan;nan;nan;nan;nan;nan;nan;nan;nan;nan;nan;nan;nan;nan;nan;nan;nan;nan;nan;nan;nan;nan;nan;nan;nan;nan;nan;nan;nan;nan;nan;nan;131248.967;131267.668;131272.291;131341.035;131766.267;131782.345;131795.764;131806.440;131821.171;131922.923;131938.405;131943.361;131959.874;131963.120;131966.181;131969.398;131972.810;131975.366;131979.914;131981.481;131983.452;131987.276;131988.970;131989.844;131990.196;131990.697;131990.917;131991.458;131991.825;131991.947;131992.063;131992.193;131992.592;131992.820;131992.949;134878.665;134976.233;135004.213;135016.108;135021.885;135021.885;135021.885;135021.885;135021.885;135021.885;135021.885;135021.885;135021.885;135035.656;135045.646;135045.646;135165.415;135193.123;135195.355;135380.871;135493.023;135526.042;135535.574;135535.574;135535.574;135576.749;135596.474;135606.837;135606.837;135606.837;135606.837;135606.837;135606.837;135606.837;135606.837;135606.837;135606.837;135606.837;135606.837;135606.837;135606.837;135606.837;135606.837;135606.837;135606.837;135606.837;135606.837;135606.837;135606.837;135606.837;135606.837;135606.837;135606.837;135606.837;135606.837;135606.837;135984.385;136155.910;136176.792;136181.679;136181.679;136838.345;136881.958;136989.449;136994.189;136994.189;136994.189;136994.189;136994.189;136994.189;136994.189;136994.189;136994.189;136994.189;136994.189;136994.189;136994.189;136994.189;136994.189;136994.189;136994.189;136994.189;136994.189;136994.189;136994.189;136994.189;136994.189;136994.189;136994.189;136994.189;136994.189;136994.189;136994.189;136994.189;136994.189;136994.189;136994.189;136994.189;136994.189;136994.189
LXBV,1,500,10,28,120030,random,120030,138836.68874857496,140457.3736973483,1620.684948773327,True,315.19396126498594,42.74222641100005,-132.933 -115.054;15.239 -498.685;-472.326 -83.803;498.595 29.542;-325.787 -379.157;338.584 -333.217;17.639 485.672;337.728 368.324;-328.199 354.730;188.617 90.631,nan;nan;nan;nan;nan;nan;nan;nan;nan;nan;nan;nan;nan;nan;nan;nan;nan;nan;nan;nan;nan;nan;nan;nan;nan;nan;nan;nan;nan;nan;nan;nan;nan;nan;nan;134982.103;135035.661;135727.418;135727.418;135763.006;135802.695;135802.695;135805.506;135865.368;135865.662;135870.069;135870.069;135917.241;135923.986;135943.175;135945.384;135946.275;135955.212;135962.041;135967.996;135987.575;135987.575;135987.637;135987.888;135995.228;136002.322;136017.066;136026.117;136079.954;136086.811;136099.617;136103.781;136115.621;136121.780;136126.971;136134.289;136136.726;136138.468;136139.429;136139.857;136140.981;136141.430;136142.321;136143.732;136144.438;136145.007;136145.345;136145.881;136146.413;136146.673;136146.980;136147.124;136147.208;136147.240;136147.306;136147.326;136147.350;136147.420;136147.587;136147.609;136147.621;136147.631;136147.664;136147.679;136147.696;136275.745;136289.654;136291.549;136879.706;137011.573;137028.601;137069.373;137070.002;137070.002;137070.002;137070.002;137070.002;137070.002;137070.002;137070.002;137070.002;137070.002;137070.002;137070.002;137070.002;137070.002;137070.002;137683.572;137776.017;137788.792;137799.352;138318.198;138500.980;138517.638;138532.860;138813.428;138835.013;138836.689;138836.689;138836.689;138836.689;138836.689;138836.689;138836.689;138836.689;138836.689;138836.689;138836.689;138836.689;138836.689;138836.689;138836.689;138836.689;138836.689;138836.689;138836.689;138836.689;138836.689;138836.689;138836.689;138836.689;138836.689;138836.689;138836.689;138836.689;138836.689;138836.689;138836.689;138836.689;138836.689;138836.689;138836.689;138836.689;138836.689;138836.689;138836.689;138836.689;138836.689;138836.689;138836.689;138836.689;138836.689;138836.689;138836.689;138836.689;138836.689;138836.689;138836.689;138836.689;138836.689;138836.689;138836.689;138836.689;138836.689;138836.689;138836.689;138836.689;138836.689;138836.689;138836.689;138836.689;138836.689;138836.689;138836.689;138836.689
RSVNS,1,500,10,6,120030,random,120030,136480.9687999839,140457.3736973483,3976.4048973643803,True,308.0447879226365,42.57446220700058,118.573 -19.980;-465.625 97.309;245.598 -435.207;471.909 165.111;453.143 -192.915;-18.078 271.269;275.996 416.482;-57.519 -290.366;-360.417 -346.437;-329.761 375.654,nan;nan;nan;nan;nan;nan;nan;nan;nan;nan;nan;nan;nan;nan;nan;nan;nan;nan;nan;nan;nan;nan;nan;nan;nan;nan;nan;nan;nan;nan;nan;nan;nan;nan;nan;nan;nan;nan;nan;nan;nan;nan;nan;nan;nan;nan;nan;nan;nan;nan;nan;nan;nan;nan;nan;nan;nan;nan;nan;nan;nan;nan;nan;nan;nan;nan;nan;nan;nan;nan;nan;nan;nan;nan;nan;nan;nan;nan;nan;nan;nan;nan;nan;nan;nan;nan;nan;nan;nan;nan;nan;nan;nan;nan;nan;nan;nan;nan;nan;nan;nan;131266.348;131397.102;131452.009;131563.007;131606.194;131606.194;132179.881;132403.686;132616.680;132653.777;132654.123;132654.123;132654.123;132654.123;132660.201;132707.477;132718.124;133942.822;134379.135;134477.165;134541.996;134544.218;134544.218;134544.218;134544.218;134544.218;134544.218;134544.218;134544.218;134611.997;134642.192;134651.389;134959.793;135310.587;135396.542;135445.105;135449.201;136076.574;136409.034;136449.550;136473.562;136480.969;136480.969;136480.969;136480.969;136480.969;136480.969;136480.969;136480.969;136480.969;136480.969;136480.969;136480.969;136480.969;136480.969;136480.969;136480.969;136480.969;136480.969;136480.969;136480.969;136480.969;136480.969;136480.969;136480.969;136480.969;136480.969;136480.969;136480.969;136480.969;136480.969;136480.969;136480.969;136480.969;136480.969;136480.969;136480.969;136480.969;136480.969;136480.969;136480.969;136480.969;136480.969;136480.969;136480.969;136480.969;136480.969;136480.969;136480.969;136480.969;136480.969;136480.969;136480.969;136480.969;136480.969;136480.969;136480.969;136480.969;136480.969
RSVNS,1,500,10,14,120030,random,120030,137679.83739507568,140457.3736973483,2777.5363022726087,True,314.3490798963656,41.472895972000515,-35.173 -194.433;380.873 322.985;-171.574 88.781;-313.111 383.962;29.274 496.061;374.348 -310.099;-488.645 -18.860;217.257 26.702;109.110 -487.715;-317.024 -386.384,nan;nan;nan;nan;nan;nan;nan;nan;nan;nan;nan;nan;nan;nan;nan;nan;nan;nan;nan;nan;nan;nan;nan;nan;nan;nan;nan;nan;nan;nan;nan;nan;nan;nan;nan;nan;nan;nan;nan;nan;nan;nan;nan;nan;nan;nan;nan;nan;nan;nan;nan;nan;nan;nan;nan;nan;nan;nan;nan;nan;nan;nan;nan;nan;nan;nan;nan;nan;nan;nan;nan;nan;nan;nan;nan;nan;nan;nan;nan;nan;nan;nan;nan;nan;nan;nan;nan;nan;nan;nan;nan;nan;nan;nan;nan;nan;nan;nan;nan;nan;nan;130775.093;133019.711;133130.372;133221.198;133247.432;133248.683;133462.926;133807.951;133833.093;135457.831;135619.125;135657.083;135681.863;135738.848;135755.147;135756.378;135756.378;135756.378;135756.378;135756.378;135756.378;136413.547;136960.682;136970.427;136973.929;136973.929;136973.929;136973.929;136973.929;136973.929;136973.929;136973.929;136973.929;136973.929;136973.929;136973.929;136973.929;136973.929;136973.929;136973.929;136973.929;136973.929;136973.929;136973.929;136973.929;136973.929;136973.929;136973.929;136973.929;136973.929;136973.929;136973.929;136973.929;136973.929;136973.929;136973.929;136973.929;136973.929;136973.929;136973.929;136973.929;137091.967;137108.873;137120.145;137120.145;137120.145;137120.145;137120.145;137120.145;137120.145;137120.145;137120.145;137120.145;137120.145;137120.145;137120.145;137120.145;137120.145;137120.145;137120.145;137120.145;137120.145;137120.145;137120.145;137120.145;137120.145;137120.145;137120.145;137120.145;137120.145;137120.145;137120.145;137120.145;137120.145;137120.145;137120.145;137432.553;137605.046;137679.190
RSVNS,1,500,10,22,120030,random,120030,137040.44253903782,140457.3736973483,3416.931158310472,True,316.831636894315,42.64066269799969,-99.256 460.165;450.000 217.330;222.776 439.179;-167.018 -471.190;71.341 -144.827;-409.853 -202.129;389.580 -171.798;-135.067 100.206;-383.631 320.476;186.930 -463.640,nan;nan;nan;nan;nan;nan;nan;nan;nan;nan;nan;nan;nan;nan;nan;nan;nan;nan;nan;nan;nan;nan;nan;nan;nan;nan;nan;nan;nan;nan;nan;nan;nan;nan;nan;nan;nan;nan;nan;nan;nan;nan;nan;nan;nan;nan;nan;nan;nan;nan;nan;nan;nan;nan;nan;nan;nan;nan;nan;nan;nan;nan;nan;nan;nan;nan;nan;nan;nan;nan;nan;nan;nan;nan;nan;nan;nan;nan;nan;nan;nan;nan;nan;nan;nan;nan;nan;nan;nan;nan;nan;nan;nan;nan;nan;nan;nan;nan;nan;nan;nan;134749.361;135244.457;135377.725;135476.116;135491.706;135492.881;135492.881;135492.881;135492.881;135492.881;135492.881;135492.881;135492.881;135492.881;135492.881;135492.881;135492.881;135492.881;135492.881;135492.881;135586.375;135684.204;135686.532;135686.532;135686.532;135686.532;135686.532;135686.532;135865.105;136137.535;136196.381;136213.751;136217.666;136836.451;136962.702;137007.526;137030.631;137040.423;137040.443;137040.443;137040.443;137040.443;137040.443;137040.443;137040.443;137040.443;137040.443;137040.443;137040.443;137040.443;137040.443;137040.443;137040.443;137040.443;137040.443;137040.443;137040.443;137040.443;137040.443;137040.443;137040.443;137040.443;137040.443;137040.443;137040.443;137040.443;137040.443;137040.443;137040.443;137040.443;137040.443;137040.443;137040.443;137040.443;137040.443;137040.443;137040.443;137040.443;137040.443;137040.443;137040.443;137040.443;137040.443;137040.443;137040.443;137040.443;137040.443;137040.443;137040.443;137040.443;137040.443;137040.443;137040.443;137040.443;137040.443;137040.443;137040.443;137040.443;137040.443
RSVNS,1,500,10,30,120030,random,120030,136620.93485367222,140457.3736973483,3836.4388436760637,True,314.51692943364634,43.00025681100033,434.558 170.812;174.543 -304.564;231.424 410.931;-91.383 490.957;465.768 -181.804;44.867 128.813;-381.573 322.733;-419.657 -271.440;-136.536 -410.465;-278.757 18.693,nan;nan;nan;nan;nan;nan;nan;nan;nan;nan;nan;nan;nan;nan;nan;nan;nan;nan;nan;nan;nan;nan;nan;nan;nan;nan;nan;nan;nan;nan;nan;nan;nan;nan;nan;nan;nan;nan;nan;nan;nan;nan;nan;nan;nan;nan;nan;nan;nan;nan;nan;nan;nan;nan;nan;nan;nan;nan;nan;nan;nan;nan;nan;nan;nan;nan;nan;nan;nan;nan;nan;nan;nan;nan;nan;nan;nan;nan;nan;nan;nan;nan;nan;nan;nan;nan;nan;nan;nan;nan;nan;nan;nan;nan;nan;nan;nan;nan;nan;nan;nan;135911.255;136095.607;136137.147;136145.831;136145.831;136145.831;136145.831;136145.831;136145.831;136145.831;136145.831;136145.831;136145.831;136145.831;136145.831;136145.831;136145.831;136145.831;136145.831;136145.831;136145.831;136145.831;136145.831;136145.831;136145.831;136145.831;136145.831;136145.831;136145.831;136145.831;136145.831;136145.831;136145.831;136145.831;136490.885;136551.240;136614.624;136620.935;136620.935;136620.935;136620.935;136620.935;136620.935;136620.935;136620.935;136620.935;136620.935;136620.935;136620.935;136620.935;136620.935;136620.935;136620.935;136620.935;136620.935;136620.935;136620.935;136620.935;136620.935;136620.935;136620.935;136620.935;136620.935;136620.935;136620.935;136620.935;136620.935;136620.935;136620.935;136620.935;136620.935;136620.935;136620.935;136620.935;136620.935;136620.935;136620.935;136620.935;136620.935;136620.935;136620.935;136620.935;136620.935;136620.935;136620.935;136620.935;136620.935;136620.935;136620.935;136620.935;136620.935;136620.935;136620.935;136620.935;136620.935;136620.935;136620.935;136620.935;136620.935
BVNS,1,500,10,8,120030,random,120030,136635.66731812787,140457.3736973483,3821.7063792204135,True,312.57241600675394,39.837414739999986,455.230 205.098;435.920 -227.683;122.865 -484.541;30.881 489.062;-159.250 100.285;-339.030 367.369;143.663 180.050;-477.344 -17.169;-18.078 -198.792;-277.550 -415.863,nan;nan;nan;128922.825;129005.451;129085.738;129208.380;129280.170;129318.354;129355.634;129434.777;129517.063;129546.472;131365.917;131406.453;131489.328;131526.913;133309.583;133331.881;133342.662;133403.418;133420.408;133421.425;133421.425;133421.425;133421.425;133421.425;133421.425;133421.425;133421.425;133421.425;133421.425;133421.425;134148.219;134167.462;134167.462;134466.110;134502.269;134507.033;134507.033;134674.139;134696.557;134696.734;134696.734;134696.734;134696.734;134696.734;135538.859;135655.592;135785.154;135795.195;135821.979;135821.979;135821.979;135821.979;135821.979;135821.979;135821.979;135821.979;135821.979;135821.979;135821.979;135821.979;135821.979;135821.979;136058.847;136141.567;136145.721;136145.721;136145.721;136145.721;136145.721;136145.721;136145.721;136145.721;136145.721;136145.721;136145.721;136145.721;136145.721;136145.721;136145.721;136145.721;136145.721;136145.721;136145.721;136145.721;136145.721;136145.721;136145.721;136145.721;136145.721;136145.721;136145.721;136145.721;136145.721;136145.721;136145.721;136145.721;136145.721;136145.721;136145.721;136145.721;136145.721;136145.721;136145.721;136145.721;136145.721;136145.721;136145.721;136145.721;136392.770;136545.019;136581.375;136585.795;136585.795;136585.795;136585.795;136585.795;136585.795;136585.795;136585.795;136585.795;136585.795;136585.795;136585.795;136585.795;136585.795;136585.795;136585.795;136585.795;136585.795;136585.795;136585.795;136585.795;136585.795;136585.795;136585.795;136585.795;136585.795;136585.795;136585.795;136585.795;136585.795;136585.795;136585.795;136585.795;136585.795;136585.795;136585.795;136585.795;136585.795;136585.795;136585.795;136586.491;136631.077;136635.667;136635.667;136635.667;136635.667;136635.667;136635.667;136635.667;136635.667;136635.667;136635.667;136635.667;136635.667;136635.667;136635.667;136635.667;136635.667;136635.667;136635.667;136635.667;136635.667;136635.667;136635.667;136635.667;136635.667;136635.667;136635.667;136635.667;136635.667;136635.667;136635.667;136635.667;136635.667;136635.667;136635.667;136635.667;136635.667;136635.667;136635.667;136635.667;136635.667;136635.667;136635.667;136635.667;136635.667
BVNS,1,500,10,16,120030,random,120030,136865.53378630202,140457.3736973483,3591.8399110462633,True,308.2467013972817,39.50678071999937,-443.361 230.688;7.396 -177.722;416.358 276.511;-167.635 470.979;137.238 412.981;283.935 -1.975;400.352 -299.183;-265.696 -34.764;-379.176 -325.270;137.292 -480.616,nan;nan;nan;nan;131338.056;132036.611;132083.722;132089.006;133172.366;133420.983;133471.505;133484.467;133484.467;135617.024;135740.217;135814.359;135822.720;135822.720;135822.720;135822.720;135822.720;135822.720;135822.720;135822.720;135822.720;135822.720;135822.720;135822.720;135822.720;135822.720;135822.720;135822.720;135822.720;135822.720;135822.720;135822.720;135822.720;135822.720;135822.720;135822.720;135822.720;135822.720;135822.720;135822.720;135822.720;135822.720;135822.720;135822.720;135822.720;135822.720;135822.720;136587.789;136751.561;136846.020;136862.072;136865.534;136865.534;136865.534;136865.534;136865.534;136865.534;136865.534;136865.534;136865.534;136865.534;136865.534;136865.534;136865.534;136865.534;136865.534;136865.534;136865.534;136865.534;136865.534;136865.534;136865.534;136865.534;136865.534;136865.534;136865.534;136865.534;136865.534;136865.534;136865.534;136865.534;136865.534;136865.534;136865.534;136865.534;136865.534;136865.534;136865.534;136865.534;136865.534;136865.534;136865.534;136865.534;136865.534;136865.534;136865.534;136865.534;136865.534;136865.534;136865.534;136865.534;136865.534;136865.534;136865.534;136865.534;136865.534;136865.534;136865.534;136865.534;136865.534;136865.534;136865.534;136865.534;136865.534;136865.534;136865.534;136865.534;136865.534;136865.534;136865.534;136865.534;136865.534;136865.534;136865.534;136865.534;136865.534;136865.534;136865.534;136865.534;136865.534;136865.534;136865.534;136865.534;136865.534;136865.534;136865.534;136865.534;136865.534;136865.534;136865.534;136865.534;136865.534;136865.534;136865.534;136865.534;136865.534;136865.534;136865.534;136865.534;136865.534;136865.534;136865.534;136865.534;136865.534;136865.534;136865.534;136865.534;136865.534;136865.534;136865.534;136865.534;136865.534;136865.534;136865.534;136865.534;136865.534;136865.534;136865.534;136865.534;136865.534;136865.534;136865.534;136865.534;136865.534;136865.534;136865.534;136865.534;136865.534;136865.534;136865.534;136865.534;136865.534;136865.534;136865.534;136865.534;136865.534;136865.534;136865.534;136865.534;136865.534;136865.534;136865.534;136865.534;136865.534;136865.534;136865.534
BVNS,1,500,10,24,120030,random,120030,137147.25848476612,140457.3736973483,3310.115212582168,True,315.6776448763587,39.63251458600007,300.388 390.446;-207.534 235.643;-257.035 -426.209;-24.989 497.581;64.379 -491.406;-482.812 49.483;349.946 -356.857;158.017 102.028;487.500 34.472;-46.121 -186.095,nan;nan;nan;nan;128486.847;129789.991;130542.506;130669.899;130712.815;130844.804;132046.849;132409.420;132512.031;132526.023;135646.897;135797.928;135809.117;135814.181;136012.036;136134.146;136140.798;136146.963;136146.963;136146.963;136146.963;136146.963;136146.963;136303.458;136374.194;136404.960;136442.280;136447.250;136447.250;136862.053;136928.646;136977.288;136981.537;136981.537;136981.537;136981.537;136981.537;136981.537;136981.537;136981.537;136981.537;136981.537;136981.537;136981.537;136981.537;136981.537;136981.537;136981.537;136981.537;136981.537;136981.537;136981.537;136981.537;136981.537;136981.537;136981.537;136981.537;136981.537;136981.537;136981.537;136981.537;136981.537;136981.537;136981.537;136981.537;136981.537;136981.537;136981.537;136981.537;136981.537;136981.537;136981.537;136981.537;136981.537;136981.537;136981.537;136981.537;136981.537;136981.537;136981.537;136981.537;136981.537;136981.537;136981.537;136981.537;136981.537;136981.537;136981.537;136981.537;136981.537;136981.537;136981.537;136981.537;136981.537;136981.537;136981.537;137128.018;137140.817;137146.983;137147.258;137147.258;137147.258;137147.258;137147.258;137147.258;137147.258;137147.258;137147.258;137147.258;137147.258;137147.258;137147.258;137147.258;137147.258;137147.258;137147.258;137147.258;137147.258;137147.258;137147.258;137147.258;137147.258;137147.258;137147.258;137147.258;137147.258;137147.258;137147.258;137147.258;137147.258;137147.258;137147.258;137147.258;137147.258;137147.258;137147.258;137147.258;137147.258;137147.258;137147.258;137147.258;137147.258;137147.258;137147.258;137147.258;137147.258;137147.258;137147.258;137147.258;137147.258;137147.258;137147.258;137147.258;137147.258;137147.258;137147.258;137147.258;137147.258;137147.258;137147.258;137147.258;137147.258;137147.258;137147.258;137147.258;137147.258;137147.258;137147.258;137147.258;137147.258;137147.258;137147.258;137147.258;137147.258;137147.258;137147.258;137147.258;137147.258;137147.258;137147.258;137147.258;137147.258;137147.258;137147.258;137147.258;137147.258;137147.258;137147.258;137147.258;137147.258;137147.258;137147.258;137147.258;137147.258;137147.258;137147.258
SSA,1,500,10,2,120030,random,120030,132230.12670902332,140457.3736973483,8227.246988324972,True,311.1149137568084,44.5649357479997,-132.716 482.065;-111.058 140.063;-429.999 113.394;487.937 109.146;-50.752 -174.071;394.306 -215.090;312.814 390.039;185.924 33.126;-146.951 -475.320;164.149 -472.287,nan;nan;nan;nan;nan;nan;nan;nan;nan;nan;nan;nan;nan;nan;nan;nan;nan;nan;nan;nan;nan;nan;nan;nan;nan;nan;nan;nan;nan;nan;nan;nan;nan;nan;nan;nan;nan;nan;nan;nan;nan;nan;nan;nan;nan;nan;nan;nan;nan;nan;nan;nan;nan;nan;nan;nan;nan;nan;nan;nan;nan;nan;nan;nan;nan;nan;nan;nan;nan;nan;nan;nan;nan;nan;nan;nan;nan;nan;nan;nan;nan;nan;nan;nan;nan;nan;nan;nan;nan;nan;nan;nan;nan;nan;nan;nan;nan;nan;nan;nan;nan;129740.794;129740.794;129740.794;129740.794;129740.794;130111.756;130111.756;130111.756;131829.751;131829.751;131829.751;131829.751;131932.713;131942.699;131989.927;131989.927;132008.267;132008.267;132008.267;132008.267;132016.557;132055.863;132072.716;132072.716;132102.484;132114.964;132114.964;132125.141;132140.403;132168.124;132171.217;132186.222;132200.136;132204.047;132208.853;132210.533;132210.819;132213.097;132213.777;132213.777;132214.564;132215.847;132216.600;132218.454;132221.324;132222.204;132222.204;132222.204;132223.355;132223.544;132224.010;132224.010;132224.010;132224.750;132226.243;132227.317;132227.981;132228.218;132228.840;132229.072;132229.160;132229.508;132229.508;132229.640;132229.640;132229.640;132229.671;132229.684;132229.728;132229.809;132229.822;132229.822;132229.847;132229.889;132229.889;132229.910;132229.941;132229.942;132229.968;132230.021;132230.022;132230.038;132230.039;132230.054;132230.061;132230.081;132230.096;132230.099;132230.102;132230.107;132230.111;132230.112;132230.121;132230.121;132230.124;132230.125;132230.125;132230.125;132230.127
SSA,1,500,10,10,120030,random,120030,135254.18363249247,140457.3736973483,5203.190064855822,True,308.47022761391594,43.62685983600022,-491.446 -92.048;25.654 -424.956;-173.479 -116.709;403.718 -234.397;-425.508 262.570;119.318 23.857;465.551 182.379;-90.178 416.061;244.588 436.092;-306.559 -394.996,nan;nan;nan;nan;nan;nan;nan;nan;nan;nan;nan;nan;nan;nan;nan;nan;nan;nan;nan;nan;nan;nan;nan;nan;nan;nan;nan;nan;nan;nan;nan;nan;nan;nan;nan;nan;nan;nan;nan;nan;nan;nan;nan;nan;nan;nan;nan;nan;nan;nan;nan;nan;nan;nan;nan;nan;nan;nan;nan;nan;nan;nan;nan;nan;nan;nan;nan;nan;nan;nan;nan;nan;nan;nan;nan;nan;nan;nan;nan;nan;nan;134368.949;134368.949;134368.949;134368.949;134368.949;134368.949;134368.949;134654.947;134654.947;134654.947;134766.297;134766.297;134766.297;134932.824;134932.824;134932.824;134932.824;134932.824;134932.824;134932.824;134932.824;134932.824;134981.802;134981.802;134981.802;134981.802;134981.802;134981.802;134981.802;134981.802;134981.802;134981.802;135016.981;135042.745;135042.745;135042.745;135065.326;135065.326;135065.326;135069.336;135114.263;135117.913;135121.702;135123.409;135138.891;135140.430;135193.369;135209.247;135220.199;135225.173;135227.724;135227.739;135230.840;135236.975;135237.821;135237.821;135237.821;135241.118;135241.432;135241.432;135241.432;135243.144;135246.958;135247.756;135248.834;135248.834;135249.680;135249.979;135249.979;135250.319;135251.269;135251.504;135252.072;135252.072;135252.206;135252.377;135252.449;135252.866;135253.009;135253.030;135253.096;135253.425;135253.443;135253.497;135253.506;135253.506;135253.554;135253.816;135253.926;135253.926;135253.926;135253.929;135253.933;135253.937;135254.014;135254.033;135254.056;135254.057;135254.073;135254.090;135254.113;135254.123;135254.127;135254.127;135254.127;135254.127;135254.144;135254.154;135254.155;135254.160;135254.165;135254.173;135254.179;135254.180;135254.181;135254.182;135254.183;135254.183;135254.184
SSA,1,500,10,18,120030,random,120030,130163.22664545481,140457.3736973483,10294.14705189348,True,308.0000209898866,44.30096505500023,-165.976 36.385;-479.687 62.529;351.051 356.038;-326.835 374.234;131.239 -482.450;354.839 35.545;-103.237 -282.738;383.212 -302.377;-416.643 -276.421;66.297 238.655,nan;nan;nan;nan;nan;nan;nan;nan;nan;nan;nan;nan;nan;nan;nan;nan;nan;nan;nan;nan;nan;nan;nan;nan;nan;nan;nan;nan;nan;nan;nan;nan;nan;nan;nan;nan;nan;nan;nan;nan;nan;nan;nan;nan;nan;nan;nan;nan;nan;nan;nan;nan;nan;nan;nan;nan;nan;nan;nan;nan;nan;nan;nan;nan;nan;nan;nan;nan;nan;nan;nan;nan;nan;nan;nan;nan;nan;nan;nan;nan;nan;nan;nan;nan;nan;nan;nan;nan;nan;nan;nan;nan;nan;nan;nan;nan;nan;nan;nan;nan;nan;nan;nan;nan;nan;nan;nan;nan;nan;nan;nan;nan;nan;127167.420;127167.420;127167.420;128969.108;129016.597;129022.925;129053.136;129097.898;129144.100;129874.927;129929.961;129967.942;129967.942;129967.942;130001.605;130045.376;130052.057;130076.635;130092.616;130097.391;130104.305;130116.854;130122.549;130122.549;130122.549;130130.265;130134.297;130136.941;130137.772;130140.980;130141.706;130144.814;130144.814;130144.814;130144.814;130145.816;130146.060;130146.330;130146.330;130146.876;130148.987;130149.060;130150.387;130151.196;130151.827;130152.639;130153.582;130153.582;130153.858;130154.355;130154.795;130155.485;130157.119;130157.470;130158.364;130159.555;130160.140;130160.556;130160.977;130161.045;130161.338;130161.483;130161.932;130162.091;130162.202;130162.504;130162.544;130162.647;130162.690;130162.723;130162.763;130162.845;130162.918;130162.956;130162.996;130163.062;130163.074;130163.111;130163.116;130163.125;130163.142;130163.165;130163.181;130163.201;130163.212;130163.224;130163.226
SSA,1,500,10,26,120030,random,120030,136893.0759959603,140457.3736973483,3564.2977013879863,True,325.4025332319039,43.706668865999745,467.588 138.137;139.593 -426.306;-187.146 -446.429;-371.179 -167.286;144.041 478.803;430.265 -254.700;113.451 144.147;-46.724 -142.469;-476.790 150.569;-190.360 324.998,nan;nan;nan;nan;nan;nan;nan;nan;nan;nan;nan;nan;nan;nan;nan;nan;nan;nan;nan;nan;nan;nan;nan;nan;nan;nan;nan;nan;nan;nan;nan;nan;nan;nan;nan;nan;nan;nan;nan;nan;nan;nan;nan;nan;nan;nan;nan;nan;nan;nan;nan;nan;nan;nan;nan;nan;nan;nan;nan;nan;nan;nan;nan;nan;nan;nan;nan;nan;nan;nan;nan;nan;nan;nan;nan;nan;nan;nan;nan;nan;nan;nan;nan;nan;nan;nan;nan;nan;nan;nan;129112.975;130357.530;130357.530;130357.530;130357.530;132001.030;133993.030;133993.030;133993.030;133993.030;133993.030;133993.030;136472.979;136495.650;136495.650;136495.650;136495.650;136495.650;136495.650;136643.206;136643.206;136643.206;136649.264;136649.264;136649.264;136649.264;136680.617;136688.416;136707.784;136735.371;136738.146;136794.233;136808.228;136809.126;136825.142;136840.147;136840.360;136843.389;136843.389;136846.332;136847.282;136847.282;136847.282;136852.921;136859.900;136863.290;136871.769;136879.482;136880.888;136882.276;136882.276;136882.276;136882.276;136882.415;136885.208;136886.702;136886.702;136887.572;136888.548;136889.399;136889.549;136889.586;136889.623;136889.719;136889.991;136890.344;136890.510;136890.793;136891.364;136891.416;136891.469;136891.682;136891.761;136891.809;136891.968;136892.256;136892.426;136892.462;136892.620;136892.739;136892.758;136892.793;136892.811;136892.814;136892.834;136892.835;136892.837;136892.886;136892.917;136892.936;136892.952;136892.960;136892.977;136892.995;136893.005;136893.024;136893.031;136893.049;136893.055;136893.055;136893.058;136893.064;136893.066;136893.069;136893.071;136893.072;136893.073;136893.075;136893.075;136893.076
LXSSA,1,500,10,4,120030,random,120030,137772.35704371947,140457.3736973483,2685.016653628816,True,310.02329631055215,42.698628228000416,-172.565 -136.103;233.354 442.206;-130.167 478.858;353.667 118.730;-281.252 173.772;460.036 -195.297;27.660 147.553;137.908 -192.701;-4.520 -499.980;-495.001 -70.500,nan;nan;nan;nan;nan;nan;nan;nan;nan;nan;nan;nan;nan;nan;nan;nan;nan;nan;nan;nan;nan;nan;nan;nan;nan;nan;nan;nan;nan;nan;nan;nan;nan;nan;nan;nan;nan;nan;nan;nan;nan;nan;nan;nan;nan;nan;nan;nan;nan;nan;nan;nan;nan;nan;nan;nan;nan;nan;nan;nan;nan;nan;nan;nan;nan;nan;nan;nan;nan;nan;nan;nan;nan;nan;nan;nan;nan;nan;nan;nan;nan;nan;nan;nan;nan;135315.409;135359.199;135364.044;135364.044;135449.577;135492.753;135492.753;135492.753;135496.837;135499.511;135499.511;135500.803;135501.779;135507.855;135509.134;135539.578;135599.007;135641.175;137158.404;137211.801;137387.961;137390.201;137408.417;137412.269;137485.554;137547.572;137547.833;137550.712;137553.528;137572.527;137574.597;137578.980;137582.023;137617.811;137635.167;137671.053;137679.463;137688.629;137691.595;137693.912;137694.222;137696.746;137699.351;137699.880;137761.774;137765.151;137768.568;137769.571;137769.847;137769.865;137770.574;137770.664;137770.903;137770.907;137770.927;137770.927;137770.939;137770.962;137770.962;137771.039;137771.040;137771.067;137771.176;137771.177;137771.384;137771.454;137771.467;137771.495;137771.495;137771.512;137771.512;137771.548;137771.572;137771.659;137771.877;137771.934;137771.935;137771.937;137771.937;137772.003;137772.081;137772.083;137772.113;137772.139;137772.201;137772.221;137772.223;137772.235;137772.236;137772.252;137772.278;137772.278;137772.295;137772.313;137772.314;137772.323;137772.331;137772.344;137772.347;137772.349;137772.349;137772.350;137772.350;137772.351;137772.351;137772.352;137772.352;137772.352;137772.353;137772.354;137772.354;137772.356;137772.357;137772.357;137772.357
LXSSA,1,500,10,12,120030,random,120030,135826.15730159177,140457.3736973483,4631.216395756521,True,308.8500971920754,43.65758351100067,-490.435 -59.703;357.673 -270.426;-275.708 -317.610;-169.050 5.505;-21.148 499.252;64.022 -370.934;86.163 182.114;425.558 88.806;319.040 384.984;-355.845 287.114,nan;nan;nan;nan;nan;nan;nan;nan;nan;nan;nan;nan;nan;nan;nan;nan;nan;nan;nan;nan;nan;nan;nan;nan;nan;nan;nan;nan;nan;nan;nan;nan;nan;nan;nan;nan;nan;nan;nan;nan;nan;nan;nan;nan;nan;nan;nan;nan;nan;nan;nan;nan;nan;nan;nan;nan;nan;nan;nan;nan;nan;nan;nan;nan;nan;nan;nan;nan;nan;nan;nan;nan;nan;nan;nan;nan;nan;nan;nan;nan;nan;nan;nan;nan;nan;nan;nan;nan;nan;nan;nan;nan;nan;nan;nan;nan;nan;nan;nan;nan;nan;nan;nan;nan;nan;nan;nan;nan;nan;nan;nan;nan;nan;nan;134348.815;134349.029;134350.821;134402.855;134405.304;134405.409;134415.151;134550.012;134626.160;135101.997;135126.512;135155.096;135204.202;135230.751;135383.874;135426.018;135448.547;135455.657;135488.996;135512.925;135598.449;135679.352;135689.310;135699.626;135710.129;135744.112;135758.580;135771.875;135785.685;135789.291;135792.326;135793.097;135797.257;135800.287;135804.399;135807.188;135810.214;135810.588;135811.508;135812.912;135814.123;135815.895;135817.088;135818.427;135818.993;135819.697;135820.492;135821.286;135822.060;135822.667;135823.671;135824.166;135824.433;135824.565;135824.574;135824.588;135824.595;135824.617;135824.626;135824.663;135824.702;135824.794;135825.067;135825.276;135825.406;135825.469;135825.567;135825.651;135825.745;135825.787;135825.827;135825.874;135825.913;135825.946;135825.984;135826.027;135826.051;135826.071;135826.080;135826.087;135826.095;135826.103;135826.121;135826.137;135826.151;135826.157
LXSSA,1,500,10,20,120030,random,120030,130557.15449350761,140457.3736973483,9900.21920384068,True,308.0000115973306,43.49250827100059,283.033 -362.891;-164.437 446.992;311.435 -38.898;2.904 -215.581;268.105 317.495;-414.076 -278.713;-172.210 -469.408;-421.836 268.430;24.164 103.278;-270.982 -0.800,nan;nan;nan;nan;nan;nan;nan;nan;nan;nan;nan;nan;nan;nan;nan;nan;nan;nan;nan;nan;nan;nan;nan;nan;nan;nan;nan;nan;nan;nan;nan;nan;nan;nan;nan;nan;nan;nan;nan;nan;nan;nan;nan;nan;nan;nan;nan;nan;nan;nan;nan;nan;nan;nan;nan;nan;nan;nan;nan;nan;nan;nan;nan;nan;nan;nan;nan;nan;nan;nan;nan;nan;nan;nan;nan;nan;nan;nan;nan;nan;nan;nan;nan;nan;nan;nan;nan;nan;nan;nan;nan;nan;nan;nan;nan;nan;nan;nan;nan;nan;nan;nan;nan;nan;nan;nan;nan;nan;126884.342;126884.342;128175.917;128246.867;129392.770;129409.752;129413.328;129413.470;129414.596;129417.531;129426.247;129429.574;129439.356;129440.676;129441.639;129446.470;129446.931;129457.108;129466.736;129474.214;129477.392;129517.316;130149.233;130225.259;130373.955;130405.141;130417.364;130422.778;130426.347;130443.901;130464.557;130488.812;130493.240;130506.601;130514.715;130517.472;130519.350;130523.874;130528.852;130531.347;130531.360;130534.107;130535.921;130539.543;130540.867;130541.509;130541.961;130542.142;130543.687;130546.691;130548.295;130549.532;130550.106;130551.458;130552.410;130552.948;130553.252;130553.442;130553.708;130554.253;130554.808;130555.044;130555.241;130555.512;130555.680;130555.880;130556.055;130556.293;130556.469;130556.572;130556.650;130556.710;130556.765;130556.782;130556.834;130556.899;130556.983;130557.034;130557.064;130557.077;130557.091;130557.091;130557.095;130557.104;130557.113;130557.133;130557.136;130557.142;130557.148;130557.153;130557.154;130557.154
LXSSA,1,500,10,28,120030,random,120030,134591.87571616741,140457.3736973483,5865.4979811808735,True,308.0012566933282,43.652990913000394,20.404 499.584;60.474 -494.278;-451.327 163.281;469.902 112.999;-7.294 173.351;174.269 -98.568;315.334 382.955;-276.304 416.720;-474.605 -157.320;-202.769 -310.493,nan;nan;nan;nan;nan;nan;nan;nan;nan;nan;nan;nan;nan;nan;nan;nan;nan;nan;nan;nan;nan;nan;nan;nan;nan;nan;nan;nan;nan;nan;nan;nan;nan;nan;nan;nan;nan;nan;nan;nan;nan;nan;nan;nan;nan;nan;nan;nan;nan;nan;nan;nan;nan;nan;nan;nan;nan;nan;nan;nan;nan;nan;nan;nan;nan;nan;nan;nan;nan;nan;nan;nan;nan;nan;nan;nan;nan;nan;nan;nan;nan;nan;nan;nan;nan;nan;nan;nan;nan;nan;nan;nan;nan;nan;nan;nan;nan;nan;nan;nan;nan;nan;nan;nan;133573.170;133575.306;133575.306;133576.343;133576.343;133576.343;134148.262;134156.531;134157.726;134160.380;134160.380;134160.845;134162.487;134163.136;134165.324;134271.882;134282.853;134304.937;134307.323;134324.019;134391.105;134391.105;134394.008;134398.883;134401.824;134405.151;134412.296;134419.244;134426.701;134429.794;134431.713;134439.943;134447.865;134455.654;134461.664;134465.740;134471.252;134546.251;134552.929;134558.720;134565.695;134570.877;134574.555;134576.253;134577.462;134578.842;134580.732;134582.691;134582.955;134583.915;134584.640;134584.923;134586.331;134586.833;134587.443;134587.617;134588.055;134588.897;134589.290;134589.636;134589.845;134590.034;134590.146;134590.406;134590.544;134590.697;134590.742;134590.863;134591.101;134591.239;134591.382;134591.475;134591.528;134591.554;134591.586;134591.612;134591.625;134591.636;134591.647;134591.652;134591.678;134591.732;134591.762;134591.772;134591.776;134591.788;134591.802;134591.812;134591.823;134591.830;134591.841;134591.847;134591.855;134591.865;134591.873;134591.876
PSOC,1,500,10,6,120030,random,120030,135108.10399851552,140457.3736973483,5349.269698832766,True,310.3930203609057,41.9706715250004,-103.315 -489.210;-463.441 -187.676;271.496 -419.869;386.237 317.524;-358.447 348.591;-24.343 499.407;369.998 -78.453;-190.761 59.804;29.896 -207.162;101.494 164.355,nan;nan;nan;nan;127900.557;130546.334;133204.494;133624.724;133796.609;133917.068;133969.673;134777.687;134852.830;134920.945;134958.399;134973.052;134985.396;134989.637;134996.753;135004.227;135010.127;135012.633;135014.318;135018.291;135019.460;135020.362;135021.403;135022.722;135023.910;135026.639;135035.127;135038.814;135040.350;135040.786;135042.041;135042.419;135043.056;135043.166;135043.420;135043.839;135044.422;135044.899;135044.957;135045.245;135045.286;135045.296;135045.343;135045.428;135045.484;135045.489;135045.504;135045.539;135045.588;135045.810;135047.473;135047.648;135047.653;135047.663;135047.677;135047.940;135048.013;135048.086;135048.123;135048.126;135048.139;135048.157;135048.209;135048.877;135049.026;135049.094;135049.103;135068.373;135075.724;135085.173;135091.168;135096.539;135100.375;135101.807;135102.832;135102.992;135103.061;135103.242;135103.304;135103.356;135103.507;135103.579;135103.597;135103.718;135104.028;135104.139;135104.194;135104.203;135104.250;135104.290;135104.298;135104.312;135105.007;135105.268;135105.295;135105.305;135105.332;135105.356;135105.378;135105.380;135105.381;135105.383;135105.389;135105.389;135105.390;135105.390;135105.391;135105.392;135105.393;135105.394;135105.395;135105.396;135105.396;135105.396;135105.396;135105.396;135105.396;135105.396;135105.397;135105.397;135105.397;135105.397;135105.397;135105.397;135105.398;135105.400;135105.611;135105.613;135105.614;135105.616;135105.617;135105.617;135105.618;135105.619;135105.620;135105.620;135105.620;135105.620;135105.621;135105.622;135105.622;135105.622;135105.623;135105.804;135105.815;135105.835;135106.132;135106.386;135106.462;135106.643;135106.686;135106.688;135106.692;135106.692;135106.693;135106.696;135106.700;135106.703;135106.704;135106.706;135106.708;135106.709;135106.710;135106.710;135106.710;135106.710;135106.710;135106.711;135106.711;135106.711;135106.711;135106.711;135106.712;135106.712;135106.712;135106.712;135106.712;135106.712;135106.712;135106.712;135106.712;135106.712;135106.712;135106.712;135106.712;135106.712;135106.712;135106.713;135108.023;135108.101;135108.103;135108.104;135108.104;135108.104;135108.104;135108.104
PSOC,1,500,10,14,120030,random,120030,136752.04674506446,140457.3736973483,3705.3269522838236,True,309.68320756933184,42.18110368700036,-191.351 -461.936;202.099 23.156;-291.032 406.571;-87.123 -170.319;-55.526 201.557;349.695 348.934;486.141 -116.905;49.114 497.582;122.950 -465.656;-470.736 34.926,nan;nan;nan;nan;nan;133074.891;135049.672;135407.193;135530.856;136163.623;136174.224;136184.544;136268.460;136283.839;136289.980;136299.361;136306.002;136335.136;136353.874;136355.778;136369.640;136382.044;136393.704;136402.737;136405.478;136407.237;136413.954;136419.147;136420.326;136420.698;136423.503;136425.299;136425.737;136427.214;136429.110;136531.821;136539.208;136571.613;136608.843;136636.876;136640.163;136661.404;136675.019;136709.519;136744.462;136745.043;136746.709;136747.573;136747.966;136748.689;136749.302;136749.568;136749.699;136749.822;136749.892;136749.954;136750.109;136750.213;136750.227;136750.310;136750.353;136750.368;136750.376;136750.393;136750.505;136751.183;136751.355;136751.447;136751.479;136751.542;136751.587;136751.676;136751.689;136751.703;136751.733;136751.745;136751.758;136751.763;136751.767;136751.776;136751.973;136751.976;136751.985;136751.990;136751.993;136751.996;136752.001;136752.001;136752.002;136752.002;136752.003;136752.004;136752.004;136752.005;136752.005;136752.005;136752.006;136752.006;136752.006;136752.007;136752.011;136752.013;136752.014;136752.014;136752.015;136752.015;136752.016;136752.018;136752.019;136752.019;136752.019;136752.021;136752.022;136752.023;136752.041;136752.044;136752.045;136752.045;136752.046;136752.046;136752.046;136752.046;136752.046;136752.046;136752.046;136752.046;136752.046;136752.046;136752.046;136752.046;136752.046;136752.046;136752.046;136752.047;136752.047;136752.047;136752.047;136752.047;136752.047;136752.047;136752.047;136752.047;136752.047;136752.047;136752.047;136752.047;136752.047;136752.047;136752.047;136752.047;136752.047;136752.047;136752.047;136752.047;136752.047;136752.047;136752.047;136752.047;136752.047;136752.047;136752.047;136752.047;136752.047;136752.047;136752.047;136752.047;136752.047;136752.047;136752.047;136752.047;136752.047;136752.047;136752.047;136752.047;136752.047;136752.047;136752.047;136752.047;136752.047;136752.047;136752.047;136752.047;136752.047;136752.047;136752.047;136752.047;136752.047;136752.047;136752.047;136752.047;136752.047;136752.047;136752.047;136752.047;136752.047;136752.047;136752.047;136752.047;136752.047;136752.047
PSOC,1,500,10,22,120030,random,120030,135807.5772734993,140457.3736973483,4649.79642384898,True,309.92545529476746,42.75575663900054,-405.463 292.574;-434.427 -63.972;191.332 -24.741;-112.801 -84.382;453.374 210.836;-312.809 -390.030;-50.162 274.053;399.178 -266.771;23.524 -499.446;209.028 454.211,nan;nan;nan;nan;nan;133653.907;134334.052;135069.667;135338.882;135409.021;135515.186;135600.857;135620.069;135639.483;135640.264;135642.404;135645.657;135646.609;135648.128;135649.401;135651.241;135652.373;135652.734;135653.412;135654.714;135656.829;135657.094;135657.466;135657.698;135657.965;135658.115;135658.143;135707.583;135708.288;135708.903;135709.985;135710.271;135711.001;135711.180;135711.656;135711.742;135711.813;135711.834;135711.869;135713.906;135714.678;135714.717;135714.871;135714.891;135714.932;135714.951;135714.982;135715.043;135715.115;135715.246;135715.254;135715.318;135715.325;135715.385;135715.570;135715.989;135716.293;135717.370;135717.668;135718.070;135718.359;135718.755;135719.732;135720.380;135802.105;135803.513;135803.722;135804.001;135804.081;135804.163;135804.173;135804.250;135804.298;135804.338;135804.350;135804.362;135804.366;135804.372;135804.376;135804.386;135804.395;135804.403;135804.447;135804.469;135804.475;135804.491;135804.493;135804.497;135804.500;135804.503;135804.505;135804.506;135804.507;135804.509;135804.509;135804.510;135804.511;135804.512;135804.512;135804.512;135804.512;135804.512;135804.512;135804.512;135804.512;135804.512;135804.512;135804.513;135804.514;135804.520;135804.522;135804.675;135804.696;135804.697;135804.697;135804.698;135804.701;135804.702;135804.703;135804.703;135804.703;135804.704;135804.704;135804.704;135804.704;135804.704;135804.704;135804.704;135804.704;135804.704;135804.704;135804.704;135804.704;135804.704;135804.704;135804.705;135804.712;135804.720;135804.729;135804.742;135804.758;135804.768;135804.779;135804.788;135804.814;135804.829;135805.926;135806.075;135806.076;135806.079;135806.085;135806.085;135806.086;135806.087;135806.087;135806.092;135806.093;135806.096;135806.104;135806.308;135806.318;135806.327;135806.330;135806.331;135806.341;135806.344;135807.363;135807.526;135807.548;135807.560;135807.566;135807.567;135807.568;135807.568;135807.569;135807.569;135807.570;135807.570;135807.570;135807.571;135807.573;135807.574;135807.574;135807.574;135807.575;135807.575;135807.575;135807.575;135807.575;135807.576;135807.576;135807.576;135807.576;135807.577;135807.577
PSOC,1,500,10,30,120030,random,120030,136874.91316355116,140457.3736973483,3582.4605337971298,True,308.99224561768466,42.54007956799978,34.444 498.812;387.841 -315.360;-495.616 -66.065;33.128 -498.901;499.109 29.841;113.635 -121.776;-74.745 163.572;-377.248 313.158;229.114 219.661;-210.408 -206.890,nan;nan;nan;133996.306;136141.536;136362.111;136416.889;136560.087;136687.372;136774.963;136793.851;136797.448;136799.642;136830.018;136834.802;136837.820;136838.184;136838.676;136838.821;136841.465;136842.804;136844.709;136860.371;136863.379;136864.709;136865.000;136865.329;136866.097;136867.175;136868.042;136868.794;136869.468;136870.913;136871.373;136871.509;136871.588;136871.727;136871.748;136871.762;136871.775;136871.780;136871.781;136871.786;136872.587;136872.735;136872.840;136872.867;136873.029;136873.129;136873.209;136873.258;136873.416;136873.427;136873.443;136873.492;136873.527;136873.554;136873.568;136873.626;136873.642;136873.678;136873.705;136873.708;136873.708;136873.729;136873.741;136873.757;136874.004;136874.394;136874.623;136874.639;136874.650;136874.673;136874.707;136874.723;136874.726;136874.743;136874.769;136874.777;136874.809;136874.816;136874.826;136874.828;136874.845;136874.853;136874.865;136874.872;136874.879;136874.889;136874.891;136874.895;136874.903;136874.905;136874.907;136874.907;136874.908;136874.908;136874.909;136874.909;136874.910;136874.910;136874.910;136874.910;136874.910;136874.910;136874.911;136874.911;136874.911;136874.911;136874.911;136874.911;136874.911;136874.911;136874.912;136874.912;136874.912;136874.912;136874.912;136874.912;136874.912;136874.912;136874.912;136874.912;136874.912;136874.912;136874.912;136874.912;136874.913;136874.913;136874.913;136874.913;136874.913;136874.913;136874.913;136874.913;136874.913;136874.913;136874.913;136874.913;136874.913;136874.913;136874.913;136874.913;136874.913;136874.913;136874.913;136874.913;136874.913;136874.913;136874.913;136874.913;136874.913;136874.913;136874.913;136874.913;136874.913;136874.913;136874.913;136874.913;136874.913;136874.913;136874.913;136874.913;136874.913;136874.913;136874.913;136874.913;136874.913;136874.913;136874.913;136874.913;136874.913;136874.913;136874.913;136874.913;136874.913;136874.913;136874.913;136874.913;136874.913;136874.913;136874.913;136874.913;136874.913;136874.913;136874.913;136874.913;136874.913;136874.913;136874.913;136874.913;136874.913;136874.913;136874.913;136874.913;136874.913;136874.913;136874.913;136874.913;136874.913
DE,1,500,10,8,120030,random,120030,137045.8757792169,140457.3736973483,3411.497918131383,True,308.00005621229025,55.781881367000096,-427.443 172.615;-96.431 -140.130;75.271 -494.302;75.225 331.864;-242.316 437.359;428.377 257.862;178.687 41.762;-452.321 -198.865;390.324 -292.223;-244.374 -436.212,nan;nan;nan;nan;nan;nan;nan;nan;nan;nan;nan;nan;nan;nan;nan;nan;nan;nan;nan;nan;nan;nan;nan;nan;nan;nan;nan;135581.892;136246.944;136467.698;136627.872;136726.776;136792.671;136806.178;136826.184;136900.782;136905.919;136923.331;136957.367;136963.964;136970.642;136987.214;136992.855;137002.600;137004.663;137013.718;137019.184;137022.773;137025.250;137026.417;137027.593;137029.161;137030.541;137031.904;137033.031;137033.914;137034.380;137035.070;137035.728;137036.277;137036.827;137037.663;137038.515;137039.078;137039.419;137039.662;137039.847;137040.200;137040.690;137040.920;137041.027;137041.204;137041.204;137041.363;137041.653;137042.394;137042.564;137042.867;137043.667;137043.797;137044.135;137044.532;137044.829;137044.991;137045.076;137045.173;137045.210;137045.250;137045.277;137045.282;137045.316;137045.327;137045.338;137045.355;137045.383;137045.410;137045.429;137045.451;137045.458;137045.467;137045.483;137045.499;137045.504;137045.517;137045.531;137045.537;137045.538;137045.545;137045.547;137045.551;137045.556;137045.564;137045.571;137045.572;137045.576;137045.581;137045.595;137045.606;137045.644;137045.673;137045.683;137045.703;137045.715;137045.719;137045.724;137045.735;137045.743;137045.746;137045.752;137045.763;137045.768;137045.778;137045.786;137045.795;137045.801;137045.806;137045.811;137045.813;137045.817;137045.822;137045.824;137045.829;137045.832;137045.834;137045.838;137045.840;137045.842;137045.844;137045.845;137045.846;137045.847;137045.849;137045.850;137045.852;137045.853;137045.854;137045.855;137045.857;137045.858;137045.859;137045.859;137045.861;137045.861;137045.862;137045.862;137045.862;137045.863;137045.863;137045.864;137045.864;137045.865;137045.866;137045.866;137045.867;137045.867;137045.868;137045.868;137045.868;137045.869;137045.869;137045.869;137045.870;137045.870;137045.870;137045.870;137045.871;137045.871;137045.871;137045.871;137045.871;137045.871;137045.871;137045.871;137045.871;137045.871;137045.872;137045.872;137045.873;137045.874;137045.876
DE,1,500,10,16,120030,random,120030,134485.93130700273,140457.3736973483,5971.442390345561,True,308.9640814927631,63.835471979999966,-365.107 130.188;255.301 -429.909;285.695 -56.093;-126.215 -140.416;-194.744 460.516;-14.304 188.320;117.100 486.094;458.140 200.269;-431.977 -251.786;-49.127 -497.581,nan;nan;nan;nan;nan;nan;nan;nan;nan;nan;nan;nan;nan;nan;nan;nan;nan;nan;nan;nan;nan;nan;nan;nan;nan;nan;nan;133420.191;133964.080;134123.181;134194.331;134299.829;134403.806;134409.693;134433.303;134435.194;134440.569;134445.553;134452.159;134457.740;134461.763;134462.016;134463.307;134465.379;134467.473;134469.638;134471.661;134474.312;134475.171;134475.973;134476.437;134476.915;134477.690;134478.440;134479.163;134479.888;134480.309;134480.735;134481.164;134481.570;134482.086;134482.428;134482.882;134484.034;134484.568;134484.820;134484.884;134485.004;134485.095;134485.267;134485.322;134485.393;134485.475;134485.527;134485.572;134485.625;134485.654;134485.687;134485.720;134485.744;134485.754;134485.772;134485.784;134485.792;134485.797;134485.801;134485.810;134485.816;134485.821;134485.823;134485.828;134485.828;134485.830;134485.833;134485.835;134485.837;134485.842;134485.849;134485.857;134485.859;134485.864;134485.869;134485.872;134485.877;134485.884;134485.886;134485.889;134485.890;134485.894;134485.896;134485.900;134485.903;134485.905;134485.908;134485.910;134485.912;134485.914;134485.915;134485.918;134485.919;134485.920;134485.922;134485.923;134485.924;134485.924;134485.925;134485.925;134485.926;134485.926;134485.927;134485.927;134485.928;134485.928;134485.928;134485.929;134485.929;134485.929;134485.929;134485.929;134485.930;134485.930;134485.930;134485.930;134485.930;134485.930;134485.930;134485.931;134485.931;134485.931;134485.931;134485.931;134485.931;134485.931;134485.931;134485.931;134485.931;134485.931;134485.931;134485.931;134485.931;134485.931;134485.931;134485.931;134485.931;134485.931;134485.931;134485.931;134485.931;134485.931;134485.931;134485.931;134485.931;134485.931;134485.931;134485.931;134485.931;134485.931;134485.931;134485.931;134485.931;134485.931;134485.931;134485.931;134485.931;134485.931;134485.931;134485.931;134485.931;134485.931;134485.931;134485.931;134485.931;134485.931;134485.931;134485.931;134485.931;134485.931;134485.931;134485.931;134485.931
DE,1,500,10,24,120030,random,120030,135396.28264325546,140457.3736973483,5061.091054092831,True,310.70627025444526,84.52711930199985,254.761 -430.229;118.146 -151.168;486.022 -113.863;374.158 192.887;-168.301 446.912;-462.058 191.052;-59.983 -493.360;-340.667 -191.003;181.955 465.716;-129.201 67.702,nan;nan;nan;nan;nan;nan;nan;nan;nan;nan;nan;nan;nan;nan;nan;nan;132093.189;133006.710;134568.261;134892.789;135070.066;135095.359;135161.081;135179.896;135200.958;135257.655;135271.268;135279.759;135293.728;135307.576;135312.243;135314.775;135317.408;135327.137;135329.441;135332.049;135333.895;135335.987;135340.227;135343.024;135346.938;135350.338;135351.432;135354.370;135356.175;135357.517;135359.806;135361.336;135362.689;135363.722;135364.859;135367.076;135368.294;135369.100;135370.423;135371.417;135372.285;135374.081;135377.009;135378.791;135380.455;135381.859;135383.146;135383.923;135384.577;135385.200;135385.877;135386.388;135387.268;135387.827;135388.553;135388.859;135389.347;135389.688;135390.029;135390.292;135390.318;135390.441;135390.612;135390.877;135391.040;135391.441;135391.517;135391.618;135391.705;135391.851;135391.912;135391.946;135392.030;135392.072;135392.140;135392.189;135392.279;135392.426;135392.604;135392.694;135392.865;135393.144;135393.240;135393.310;135393.414;135393.552;135393.779;135393.949;135394.031;135394.102;135394.144;135394.239;135394.421;135394.561;135394.708;135394.811;135394.879;135394.931;135394.966;135395.009;135395.106;135395.137;135395.210;135395.267;135395.309;135395.323;135395.358;135395.389;135395.401;135395.428;135395.444;135395.491;135395.536;135395.570;135395.576;135395.593;135395.612;135395.627;135395.638;135395.651;135395.667;135395.678;135395.685;135395.689;135395.694;135395.696;135395.699;135395.702;135395.707;135395.710;135395.713;135395.715;135395.720;135395.724;135395.726;135395.731;135395.734;135395.738;135395.744;135395.747;135395.752;135395.755;135395.766;135395.773;135395.784;135395.812;135395.845;135395.895;135395.923;135395.930;135395.959;135395.964;135395.980;135395.985;135395.999;135396.005;135396.018;135396.029;135396.051;135396.069;135396.088;135396.105;135396.145;135396.158;135396.169;135396.182;135396.190;135396.204;135396.205;135396.219;135396.230;135396.233;135396.240;135396.252;135396.255;135396.259;135396.262;135396.265;135396.269;135396.272;135396.276;135396.278;135396.281;135396.283
SLSQP,1,500,10,2,120030,random,120030,137265.8880244074,140457.3736973483,3191.4856729408784,True,315.59428498667944,317.08120361999954,322.907 376.963;498.806 31.788;-276.957 215.549;-332.190 -369.925;-490.506 -60.300;-94.832 487.303;-106.215 -70.116;49.959 -494.822;282.221 -272.668;50.174 204.005,128749.628;128749.628;128749.628;136115.339;136411.044;136411.190;136411.530;136483.673;136483.673;136723.364;136723.364;136723.364;136723.364;136723.364;136723.364;136723.364;136723.364;136723.364;136723.364;136723.364;136723.364;136723.364;136723.364;136723.364;136723.364;136723.364;136723.364;136723.364;136723.364;136723.364;136723.364;136723.364;136723.364;136723.364;136723.364;136723.364;136723.364;136723.364;136723.364;136723.364;136723.364;136723.364;136723.364;136723.364;136723.364;136723.364;136723.364;136723.364;136723.364;136723.364;136723.364;136723.364;136723.364;136723.364;136723.364;136723.364;136723.364;136723.364;136723.364;136723.364;136723.364;136723.364;136723.364;136723.364;136723.364;136723.364;136723.364;136723.364;136723.364;136723.364;136723.364;136723.364;136723.364;136723.364;136723.364;136723.364;136723.364;136723.364;136723.364;136723.364;136723.364;136723.364;136723.364;136723.364;136723.364;136723.364;136723.364;136723.364;136723.364;136723.364;136723.364;136723.364;136723.364;136723.364;136723.364;136723.364;136723.364;136723.364;136723.364;136723.364;136723.364;136723.364;136723.364;136723.364;136723.364;136723.364;136723.364;136723.364;136723.364;136723.364;136983.861;136983.861;136983.861;136983.861;136983.861;136983.861;136983.861;136983.861;136983.861;136983.861;136983.861;136983.861;136983.861;136983.861;136983.861;136983.861;136983.861;136983.861;136983.861;136983.861;136983.861;136983.861;136983.861;136983.861;136983.861;136983.861;136983.861;136983.861;136983.861;136983.861;136983.861;136983.861;137265.888;137265.888;137265.888;137265.888;137265.888;137265.888;137265.888;137265.888;137265.888;137265.888;137265.888;137265.888;137265.888;137265.888;137265.888;137265.888;137265.888;137265.888;137265.888;137265.888;137265.888;137265.888;137265.888;137265.888;137265.888;137265.888;137265.888;137265.888;137265.888;137265.888;137265.888;137265.888;137265.888;137265.888;137265.888;137265.888;137265.888;137265.888;137265.888;137265.888;137265.888;137265.888;137265.888;137265.888;137265.888;137265.888;137265.888;137265.888;137265.888;137265.888;137265.888;137265.888;137265.888;137265.888;137265.888;137265.888;137265.888;137265.888
SLSQP,1,500,10,10,120030,random,120030,137650.25667843438,140457.3736973483,2807.1170189139084,True,308.1106043057355,339.8020597880004,-40.407 498.230;-379.386 -275.363;477.923 -37.794;136.127 -127.378;-193.820 100.662;-326.187 378.890;-499.915 8.840;276.735 -416.082;260.776 426.255;-40.267 -440.982,133607.531;133868.435;133903.234;133905.175;133910.035;133910.035;133910.035;135791.594;135800.039;135803.665;135813.575;135813.575;135813.575;135813.575;135813.575;135813.575;135813.575;135813.575;135813.575;135813.575;135813.575;135813.575;135813.575;135813.575;135813.575;135813.575;135813.575;135813.575;135813.575;135813.575;135813.575;135813.575;135813.575;136330.369;136330.369;136334.586;136334.586;136334.586;136334.586;136334.586;136334.586;136334.586;136334.586;136334.586;136334.586;136334.586;136334.586;136334.586;136334.586;136334.586;136334.586;136334.586;136334.586;137641.228;137650.257;137650.257;137650.257;137650.257;137650.257;137650.257;137650.257;137650.257;137650.257;137650.257;137650.257;137650.257;137650.257;137650.257;137650.257;137650.257;137650.257;137650.257;137650.257;137650.257;137650.257;137650.257;137650.257;137650.257;137650.257;137650.257;137650.257;137650.257;137650.257;137650.257;137650.257;137650.257;137650.257;137650.257;137650.257;137650.257;137650.257;137650.257;137650.257;137650.257;137650.257;137650.257;137650.257;137650.257;137650.257;137650.257;137650.257;137650.257;137650.257;137650.257;137650.257;137650.257;137650.257;137650.257;137650.257;137650.257;137650.257;137650.257;137650.257;137650.257;137650.257;137650.257;137650.257;137650.257;137650.257;137650.257;137650.257;137650.257;137650.257;137650.257;137650.257;137650.257;137650.257;137650.257;137650.257;137650.257;137650.257;137650.257;137650.257;137650.257;137650.257;137650.257;137650.257;137650.257;137650.257;137650.257;137650.257;137650.257;137650.257;137650.257;137650.257;137650.257;137650.257;137650.257;137650.257;137650.257;137650.257;137650.257;137650.257;137650.257;137650.257;137650.257;137650.257;137650.257;137650.257;137650.257;137650.257;137650.257;137650.257;137650.257;137650.257;137650.257;137650.257;137650.257;137650.257;137650.257;137650.257;137650.257;137650.257;137650.257;137650.257;137650.257;137650.257;137650.257;137650.257;137650.257;137650.257;137650.257;137650.257;137650.257;137650.257;137650.257;137650.257;137650.257;137650.257;137650.257;137650.257;137650.257;137650.257;137650.257;137650.257;137650.257;137650.257;137650.257;137650.257;137650.257
SLSQP,1,500,10,18,120030,random,120030,138164.3991671626,140457.3736973483,2292.974530185689,True,308.1589903330418,339.90231110400055,19.414 -409.926;22.422 354.484;-489.692 82.165;330.175 370.283;-339.403 359.916;331.929 -353.767;-322.276 -381.613;181.916 -23.034;497.594 15.628;-119.919 -121.571,133562.367;134085.369;134085.369;134085.369;134085.369;134085.369;134085.369;134085.369;135504.356;135504.356;135504.356;138164.399;138164.399;138164.399;138164.399;138164.399;138164.399;138164.399;138164.399;138164.399;138164.399;138164.399;138164.399;138164.399;138164.399;138164.399;138164.399;138164.399;138164.399;138164.399;138164.399;138164.399;138164.399;138164.399;138164.399;138164.399;138164.399;138164.399;138164.399;138164.399;138164.399;138164.399;138164.399;138164.399;138164.399;138164.399;138164.399;138164.399;138164.399;138164.399;138164.399;138164.399;138164.399;138164.399;138164.399;138164.399;138164.399;138164.399;138164.399;138164.399;138164.399;138164.399;138164.399;138164.399;138164.399;138164.399;138164.399;138164.399;138164.399;138164.399;138164.399;138164.399;138164.399;138164.399;138164.399;138164.399;138164.399;138164.399;138164.399;138164.399;138164.399;138164.399;138164.399;138164.399;138164.399;138164.399;138164.399;138164.399;138164.399;138164.399;138164.399;138164.399;138164.399;138164.399;138164.399;138164.399;138164.399;138164.399;138164.399;138164.399;138164.399;138164.399;138164.399;138164.399;138164.399;138164.399;138164.399;138164.399;138164.399;138164.399;138164.399;138164.399;138164.399;138164.399;138164.399;138164.399;138164.399;138164.399;138164.399;138164.399;138164.399;138164.399;138164.399;138164.399;138164.399;138164.399;138164.399;138164.399;138164.399;138164.399;138164.399;138164.399;138164.399;138164.399;138164.399;138164.399;138164.399;138164.399;138164.399;138164.399;138164.399;138164.399;138164.399;138164.399;138164.399;138164.399;138164.399;138164.399;138164.399;138164.399;138164.399;138164.399;138164.399;138164.399;138164.399;138164.399;138164.399;138164.399;138164.399;138164.399;138164.399;138164.399;138164.399;138164.399;138164.399;138164.399;138164.399;138164.399;138164.399;138164.399;138164.399;138164.399;138164.399;138164.399;138164.399;138164.399;138164.399;138164.399;138164.399;138164.399;138164.399;138164.399;138164.399;138164.399;138164.399;138164.399;138164.399;138164.399;138164.399;138164.399;138164.399;138164.399;138164.399;138164.399;138164.399;138164.399;138164.399;138164.399;138164.399;138164.399
SLSQP,1,500,10,26,120030,random,120030,137804.25287341975,140457.3736973483,2653.1208239285334,True,312.34530355884505,315.7773139000001,17.136 -459.550;174.286 88.370;14.801 497.705;487.491 -25.715;-288.033 357.336;-476.631 54.442;-289.922 -402.323;-113.661 -116.914;319.474 381.763;325.210 -376.997,nan;135280.681;135280.681;135280.681;135280.681;135380.381;135423.638;135423.638;135423.638;135423.638;135423.638;135423.638;135423.638;135423.638;135423.638;135423.638;135423.638;135423.638;135423.638;135423.638;135423.638;135423.638;135423.638;135591.306;135591.306;135591.306;135591.306;135591.306;135591.306;135591.306;135591.306;135591.306;135591.306;135591.306;135591.306;135591.306;135591.306;135591.306;135591.306;135591.306;135591.306;135591.306;135591.306;135591.306;135591.306;135591.306;135591.306;135591.306;136963.364;136964.015;136964.015;136964.015;136964.015;136964.015;136964.015;136964.015;136964.015;136964.015;136964.015;136964.015;136964.015;136964.015;136964.015;136964.015;136964.015;136964.015;136964.015;136964.015;136964.015;136964.015;136964.015;136964.015;136964.015;136964.015;136964.015;136964.015;136964.015;136964.015;136964.015;136964.015;136964.015;136964.015;136964.015;136964.015;136964.015;136964.015;136964.015;136964.015;136964.015;136964.015;136964.015;136964.015;136964.015;136964.015;136964.015;136964.015;136964.015;136964.015;136964.015;136964.015;136964.015;136964.015;136964.015;136964.015;136964.015;136964.015;136964.015;136964.015;136964.015;136964.015;136964.015;136964.015;136964.015;136964.015;136964.015;136964.015;136964.015;136964.015;136964.015;136964.015;136964.015;136964.015;137235.361;137428.026;137428.026;137428.026;137428.026;137428.026;137428.026;137428.026;137428.026;137428.026;137428.026;137428.026;137428.026;137428.026;137428.026;137428.026;137428.026;137428.026;137428.026;137428.026;137428.026;137428.026;137428.026;137428.026;137428.026;137428.026;137428.026;137428.026;137428.026;137428.026;137428.026;137428.026;137428.026;137428.026;137428.026;137428.026;137428.026;137428.026;137804.253;137804.253;137804.253;137804.253;137804.253;137804.253;137804.253;137804.253;137804.253;137804.253;137804.253;137804.253;137804.253;137804.253;137804.253;137804.253;137804.253;137804.253;137804.253;137804.253;137804.253;137804.253;137804.253;137804.253;137804.253;137804.253;137804.253;137804.253;137804.253;137804.253;137804.253;137804.253;137804.253;137804.253;137804.253;137804.253;137804.253;137804.253;137804.253;137804.253
