Algorithm,Dataset,Radius,Turbines,Seed,Budget,Init,Calls,Objective,Ideal,WakeLoss,Feasible,MinSpacing,Seconds,Coordinates,Curve
SSABV,HR,0,16,5,120030,random,120030,138.7430791876691,149.2632720953485,10.520192907679387,True,320.1914499705978,183.25722799199997,120.81 -834.02;197.52 511.33;941.18 -826.68;782.57 271.40;888.90 -392.37;-391.98 -723.52;-37.98 -555.98;-53.53 196.48;-489.49 482.85;622.45 789.15;-539.92 48.89;659.79 -67.67;-419.16 -344.85;477.67 -834.12;-752.19 -715.25;-266.64 745.24,nan;nan;nan;nan;nan;nan;nan;nan;nan;nan;nan;nan;nan;nan;nan;nan;nan;nan;nan;nan;nan;nan;nan;nan;nan;nan;nan;nan;nan;nan;nan;nan;nan;nan;nan;nan;nan;nan;nan;nan;nan;nan;135.0953;135.0953;135.4662;135.4662;135.6719;135.6719;136.3479;136.3479;136.4096;136.4840;136.4840;136.5636;136.5636;136.8511;136.8511;137.0022;137.0022;137.0022;137.0022;137.0544;137.0561;137.0561;137.0861;137.0861;137.1311;137.1930;137.2276;137.2402;137.2858;137.4012;137.5474;137.5526;137.5570;137.5615;137.5664;137.5686;137.5702;137.5719;137.5732;137.5745;137.5757;137.5761;137.5765;137.5769;137.5772;137.5776;137.5778;137.5780;137.5781;137.5782;137.5782;137.5783;137.5783;137.5783;137.5783;137.5783;137.5784;137.5784;137.6359;137.6500;137.6572;137.6631;137.6669;137.6669;137.6669;137.8116;138.0509;138.1786;138.2063;138.2913;138.4349;138.4615;138.4733;138.4812;138.5119;138.5158;138.5222;138.5313;138.5456;138.5484;138.5484;138.5484;138.5484;138.5484;138.5484;138.5484;138.5484;138.5484;138.6137;138.6341;138.6351;138.6351;138.6351;138.6351;138.6351;138.6351;138.6351;138.6351;138.6351;138.6351;138.6351;138.6351;138.7332;138.7390;138.7431;138.7431;138.7431;138.7431;138.7431;138.7431;138.7431;138.7431;138.7431;138.7431;138.7431;138.7431;138.7431;138.7431;138.7431;138.7431;138.7431;138.7431;138.7431;138.7431;138.7431;138.7431;138.7431;138.7431;138.7431;138.7431;138.7431;138.7431;138.7431;138.7431;138.7431;138.7431;138.7431;138.7431;138.7431;138.7431;138.7431;138.7431;138.7431;138.7431;138.7431;138.7431;138.7431;138.7431;138.7431;138.7431;138.7431;138.7431;138.7431;138.7431;138.7431;138.7431;138.7431;138.7431
LXBV,HR,0,16,3,120030,random,120030,139.91911492040092,149.2632720953485,9.344157174947583,True,326.15970962317977,177.79149374600001,322.79 225.17;-729.28 826.87;-109.79 -443.51;-161.50 246.46;609.85 786.90;573.53 -807.42;853.94 -113.29;408.06 -469.08;-755.10 501.74;-155.48 -833.41;-801.43 -138.90;917.54 -634.01;-403.69 -230.53;734.90 402.09;65.78 801.19;-731.53 -816.28,nan;nan;nan;nan;nan;nan;nan;nan;nan;nan;nan;nan;nan;nan;nan;nan;nan;nan;nan;nan;nan;nan;nan;nan;nan;nan;nan;nan;134.7466;134.7466;134.8286;135.0915;135.0915;135.2153;135.3148;135.4574;135.4574;135.4574;135.5439;135.5439;135.5439;135.5439;135.5439;135.5439;135.5439;135.7209;135.7209;135.7209;135.7209;135.7209;135.7553;135.7553;135.7553;135.7567;135.7573;135.7576;135.7577;135.7580;135.7888;135.7891;135.9283;135.9286;135.9326;135.9417;135.9436;136.0348;136.0354;136.0449;136.0459;136.0537;136.0697;136.1398;136.1521;136.1689;136.1738;136.1841;136.1898;136.1936;136.2011;136.2061;136.2107;136.2138;136.2201;136.2267;136.2305;136.2335;136.2347;136.2356;136.2361;136.2371;136.2396;136.2407;136.2413;136.2468;136.2470;136.2470;136.2511;136.2513;136.2526;136.2526;136.7001;136.9489;136.9929;137.0103;137.0573;137.0685;137.0768;137.0846;137.0932;137.1066;137.1304;137.1398;137.1507;137.1561;137.1664;137.1763;137.1838;137.1909;137.2257;137.2336;137.2410;137.2487;137.2514;137.2514;137.2514;137.3927;137.4221;137.4410;137.4523;137.4754;137.5122;137.5647;137.6109;137.6211;137.6292;137.6386;137.6449;137.6551;137.6853;137.6901;137.6901;137.6901;137.6901;137.9584;138.0524;138.1166;138.1585;138.1873;138.1954;138.2066;138.2169;138.2232;138.2242;138.2242;138.3240;138.8918;139.2810;139.4733;139.5197;139.5326;139.5415;139.5497;139.5571;139.5624;139.5687;139.5738;139.5781;139.5806;139.5849;139.5849;139.5849;139.6209;139.7486;139.8339;139.8549;139.8880;139.8980;139.9068;139.9139;139.9181;139.9191;139.9191;139.9191;139.9191;139.9191;139.9191;139.9191;139.9191;139.9191;139.9191;139.9191;139.9191;139.9191;139.9191;139.9191;139.9191;139.9191;139.9191;139.9191;139.9191
RSVNS,HR,0,16,1,120030,random,120030,140.1830842679166,149.2632720953485,9.0801878274319,True,331.5522311262558,178.896446427,-906.59 834.32;-506.57 410.17;-184.40 -800.85;401.85 -773.11;295.33 804.63;731.23 392.06;-643.84 -822.66;850.84 -832.90;-409.86 41.91;194.71 -284.52;311.08 282.36;-736.09 -451.90;-832.49 -16.39;865.81 -417.33;-902.18 502.80;-64.71 749.92,nan;nan;nan;nan;nan;nan;nan;nan;nan;nan;nan;nan;nan;nan;nan;nan;nan;nan;nan;nan;nan;nan;nan;nan;nan;nan;nan;nan;nan;nan;nan;nan;nan;nan;nan;nan;nan;nan;nan;nan;nan;nan;nan;nan;nan;nan;nan;nan;nan;nan;nan;nan;nan;nan;nan;nan;nan;nan;nan;nan;nan;nan;nan;nan;nan;nan;nan;nan;nan;nan;nan;nan;nan;nan;nan;nan;nan;nan;nan;nan;nan;nan;nan;nan;nan;nan;nan;nan;nan;nan;nan;nan;nan;nan;nan;nan;nan;nan;nan;nan;135.8136;137.2521;137.7120;138.0186;138.1053;138.1180;138.1481;138.1730;138.2069;138.2811;138.3273;138.3360;138.3410;138.3464;138.3824;138.3824;138.3824;138.6050;138.9554;139.1503;139.2248;139.2318;139.2334;139.2334;139.2334;139.2334;139.2334;139.2334;139.2334;139.2334;139.2334;139.2334;139.2334;139.2334;139.2334;139.2334;139.2334;139.2334;139.2518;139.3224;139.3306;139.3361;139.3383;139.3383;139.3383;139.3383;139.4081;139.4361;139.5046;139.5213;139.5330;139.5456;139.5558;139.5620;139.6325;139.6408;139.6595;139.6665;139.6769;139.6815;139.6899;139.6953;139.6991;139.7169;139.7169;139.7169;139.7169;139.7169;139.7849;139.8862;139.9180;139.9240;139.9305;139.9338;139.9349;139.9349;139.9349;139.9349;139.9349;139.9349;139.9349;139.9349;139.9349;139.9349;139.9349;139.9349;139.9349;139.9349;139.9349;139.9349;139.9349;139.9349;139.9349;140.0548;140.0879;140.1411;140.1661;140.1728;140.1800;140.1829
RSVNS,HR,0,16,9,120030,random,120030,140.21233749436857,149.2632720953485,9.050934600979929,True,356.2735591498758,180.689428206,-680.21 -306.51;-278.10 -50.36;441.51 -809.59;-308.66 802.17;-248.95 -833.80;315.88 -37.35;-248.81 -450.24;832.10 -53.20;-891.85 834.44;713.12 833.59;769.86 430.97;912.99 -744.73;85.68 -572.90;-740.52 -813.82;283.98 657.32;-665.27 313.93,nan;nan;nan;nan;nan;nan;nan;nan;nan;nan;nan;nan;nan;nan;nan;nan;nan;nan;nan;nan;nan;nan;nan;nan;nan;nan;nan;nan;nan;nan;nan;nan;nan;nan;nan;nan;nan;nan;nan;nan;nan;nan;nan;nan;nan;nan;nan;nan;nan;nan;nan;nan;nan;nan;nan;nan;nan;nan;nan;nan;nan;nan;nan;nan;nan;nan;nan;nan;nan;nan;nan;nan;nan;nan;nan;nan;nan;nan;nan;nan;nan;nan;nan;nan;nan;nan;nan;nan;nan;nan;nan;nan;nan;nan;nan;nan;nan;nan;nan;nan;nan;138.0426;138.4848;138.6361;138.7177;138.7358;138.8197;138.8915;138.8976;138.8986;138.8986;138.8986;139.2317;139.5718;139.7204;139.7821;139.8211;139.8267;139.8289;139.8289;139.8289;139.8289;139.8289;139.8289;139.8289;139.8289;139.8289;139.8289;139.8289;139.8289;139.8289;139.8289;139.8289;139.8289;139.8289;139.8289;139.8289;139.8289;139.8289;139.8289;139.8289;139.8289;139.8289;139.8289;139.8289;139.8289;139.8289;139.8289;139.8289;139.8289;139.8289;139.8289;139.8289;139.8289;139.8289;139.8289;139.8289;139.8289;139.8289;139.8289;139.8289;139.8289;139.8289;139.8289;139.8289;139.8289;139.8289;139.8289;139.8289;139.8289;139.8289;139.8289;139.8289;139.8289;139.8289;139.8289;139.8289;139.8289;139.8289;139.8289;139.8289;139.8289;139.8289;139.8289;139.8289;139.8289;139.8289;139.8289;139.8289;139.8289;139.8289;139.9632;140.0599;140.0735;140.0845;140.1076;140.1527;140.1998;140.2061;140.2119
BVNS,HR,0,16,7,120030,random,120030,139.9416662045154,149.2632720953485,9.321605890833098,True,349.03200678785123,168.260884783,-158.28 -426.12;706.75 283.49;-796.61 -153.28;641.56 809.29;-628.78 834.38;-918.38 639.57;105.26 827.90;265.23 -677.45;717.76 -531.79;915.69 -826.38;-16.62 295.51;-594.12 217.47;352.14 369.18;739.81 -139.89;-726.88 -503.79;-225.25 -832.05,nan;nan;136.9397;137.8676;138.0418;138.0962;138.1115;138.1328;138.1448;138.1516;138.1575;138.1832;138.1832;138.6049;138.9424;139.2933;139.3367;139.3507;139.4618;139.4679;139.4769;139.4855;139.4940;139.5010;139.5094;139.5650;139.5656;139.5656;139.5656;139.5656;139.5656;139.5656;139.5656;139.5656;139.5937;139.5995;139.6091;139.6148;139.6355;139.6410;139.6410;139.6410;139.6410;139.6410;139.6410;139.6410;139.6410;139.6410;139.6410;139.6410;139.6410;139.6410;139.6410;139.6410;139.6410;139.6410;139.6410;139.8394;139.8544;139.8648;139.8758;139.8916;139.9020;139.9253;139.9337;139.9388;139.9417;139.9417;139.9417;139.9417;139.9417;139.9417;139.9417;139.9417;139.9417;139.9417;139.9417;139.9417;139.9417;139.9417;139.9417;139.9417;139.9417;139.9417;139.9417;139.9417;139.9417;139.9417;139.9417;139.9417;139.9417;139.9417;139.9417;139.9417;139.9417;139.9417;139.9417;139.9417;139.9417;139.9417;139.9417;139.9417;139.9417;139.9417;139.9417;139.9417;139.9417;139.9417;139.9417;139.9417;139.9417;139.9417;139.9417;139.9417;139.9417;139.9417;139.9417;139.9417;139.9417;139.9417;139.9417;139.9417;139.9417;139.9417;139.9417;139.9417;139.9417;139.9417;139.9417;139.9417;139.9417;139.9417;139.9417;139.9417;139.9417;139.9417;139.9417;139.9417;139.9417;139.9417;139.9417;139.9417;139.9417;139.9417;139.9417;139.9417;139.9417;139.9417;139.9417;139.9417;139.9417;139.9417;139.9417;139.9417;139.9417;139.9417;139.9417;139.9417;139.9417;139.9417;139.9417;139.9417;139.9417;139.9417;139.9417;139.9417;139.9417;139.9417;139.9417;139.9417;139.9417;139.9417;139.9417;139.9417;139.9417;139.9417;139.9417;139.9417;139.9417;139.9417;139.9417;139.9417;139.9417;139.9417;139.9417;139.9417;139.9417;139.9417;139.9417;139.9417;139.9417;139.9417;139.9417;139.9417;139.9417;139.9417;139.9417;139.9417;139.9417;139.9417
SSA,HR,0,16,5,120030,random,120030,139.23233800085762,149.2632720953485,10.030934094490874,True,371.9281716373785,177.088209157,-661.95 -699.08;723.81 834.83;929.44 -734.30;811.20 90.90;-287.21 -672.54;-822.75 -33.06;-96.33 -112.82;-474.74 98.15;-289.19 722.53;166.92 821.17;869.41 -364.13;373.41 -213.37;-849.44 568.29;348.01 -711.42;475.96 531.67;-16.36 380.13,nan;nan;nan;nan;nan;nan;nan;nan;nan;nan;nan;nan;nan;nan;nan;nan;nan;nan;nan;nan;nan;nan;nan;nan;nan;nan;nan;nan;nan;nan;nan;nan;nan;nan;nan;nan;nan;nan;nan;nan;nan;nan;nan;nan;nan;nan;nan;nan;nan;nan;nan;nan;nan;nan;nan;nan;nan;nan;nan;nan;nan;nan;nan;nan;nan;nan;nan;nan;nan;nan;nan;nan;nan;nan;nan;nan;nan;nan;nan;135.5744;135.5744;135.7268;135.7268;135.7268;135.8031;135.8031;135.8031;135.8091;135.8091;136.7304;136.8261;137.0737;137.2115;137.2115;137.2115;137.2209;137.2820;137.7072;137.7072;138.2817;138.2817;138.2817;138.2817;138.2817;138.2817;138.2817;138.5251;138.5251;138.5251;138.5251;138.7056;138.7056;138.7056;138.7056;138.7518;138.8513;138.8513;138.9344;138.9344;138.9344;138.9344;138.9505;138.9505;138.9505;139.0222;139.0222;139.0222;139.0503;139.0524;139.0860;139.0860;139.0881;139.1285;139.1285;139.1286;139.1313;139.1323;139.1324;139.1386;139.1423;139.1446;139.1472;139.1479;139.1481;139.1911;139.1946;139.1974;139.1980;139.1997;139.2016;139.2033;139.2064;139.2096;139.2126;139.2136;139.2146;139.2173;139.2193;139.2197;139.2197;139.2197;139.2197;139.2199;139.2204;139.2210;139.2218;139.2222;139.2228;139.2298;139.2302;139.2305;139.2308;139.2309;139.2311;139.2313;139.2315;139.2316;139.2317;139.2318;139.2319;139.2319;139.2319;139.2320;139.2320;139.2321;139.2321;139.2321;139.2321;139.2322;139.2322;139.2322;139.2322;139.2323;139.2323;139.2323;139.2323;139.2323;139.2323;139.2323;139.2323
LXSSA,HR,0,16,3,120030,random,120030,135.70207942993733,149.2632720953485,13.56119266541117,True,327.4342217457419,178.585016484,85.40 -114.09;-797.45 -353.03;486.97 201.41;-238.31 99.73;-773.02 308.10;586.76 -671.42;340.46 663.02;813.21 173.42;-426.41 -657.99;-532.31 -70.83;-384.70 697.43;696.76 -153.34;-50.56 672.00;-237.14 -237.14;94.72 279.54;246.58 -547.50,nan;nan;nan;nan;nan;nan;nan;nan;nan;nan;nan;nan;nan;nan;nan;nan;nan;nan;nan;nan;nan;nan;nan;nan;nan;nan;nan;133.8118;133.8118;133.8118;133.8118;133.8118;133.8118;133.8118;133.8118;133.8118;133.8118;133.8119;134.1896;134.1896;134.1896;134.1896;134.1896;134.1896;134.6293;134.6293;134.6293;134.6293;134.6293;134.6293;134.6293;134.6293;134.6293;134.6293;134.6293;134.6293;134.6293;134.6293;134.6293;134.6293;134.6293;134.6293;134.6293;134.6293;134.6293;134.6293;134.6293;134.6293;134.6293;134.6293;134.6293;134.6293;134.6293;134.6293;134.6293;134.6297;134.6314;134.6314;134.6534;134.7136;134.7136;134.7136;134.7136;134.7136;134.7136;134.7136;134.7136;134.7189;134.7224;134.7224;134.7919;134.7919;134.8839;134.8840;134.8840;134.9786;134.9786;134.9786;134.9995;135.0073;135.0073;135.0073;135.0073;135.0073;135.0077;135.0338;135.0406;135.0524;135.0536;135.0536;135.0536;135.0537;135.0540;135.0540;135.0541;135.0560;135.0572;135.0580;135.0585;135.0591;135.0595;135.1245;135.1391;135.1600;135.1616;135.2571;135.3118;135.4123;135.4494;135.4495;135.4539;135.4540;135.4553;135.4553;135.4573;135.4580;135.4594;135.4602;135.4631;135.4681;135.4983;135.5047;135.5099;135.5790;135.6058;135.6076;135.6099;135.6145;135.6189;135.6226;135.6265;135.6305;135.6364;135.6398;135.6424;135.6466;135.6510;135.6593;135.6630;135.6657;135.6693;135.6710;135.6723;135.6738;135.6764;135.6790;135.6801;135.6816;135.6826;135.6841;135.6854;135.6871;135.6883;135.6916;135.6933;135.6942;135.6949;135.6958;135.6961;135.6966;135.6977;135.6978;135.6983;135.6987;135.6996;135.6999;135.7002;135.7007;135.7014;135.7014;135.7015;135.7017;135.7018;135.7018;135.7019;135.7019;135.7019;135.7020;135.7021;135.7021
PSOC,HR,0,16,1,120030,random,120030,140.1524715986692,149.2632720953485,9.110800496679303,True,349.181439717404,173.88016488299996,764.76 290.93;539.84 -834.83;940.19 -808.40;-209.03 756.19;-929.46 721.04;835.68 -137.24;-686.18 235.23;-361.75 -672.49;698.05 768.40;177.62 829.28;-110.15 298.27;-714.07 -135.53;-558.19 759.85;41.45 -571.69;-690.15 -834.54;380.10 -367.45,nan;nan;nan;137.4355;138.2402;138.7877;138.8308;139.0712;139.1231;139.2093;139.2730;139.4739;139.4811;139.6723;139.6738;139.8246;139.8332;139.8376;139.9240;139.9985;140.0116;140.0143;140.0179;140.0188;140.0188;140.0200;140.0208;140.0227;140.0268;140.0275;140.0285;140.0308;140.0312;140.0321;140.0327;140.0328;140.0329;140.0332;140.0336;140.0338;140.0339;140.0339;140.0342;140.0344;140.0347;140.0348;140.0355;140.0394;140.0396;140.0401;140.0410;140.0450;140.1110;140.1120;140.1129;140.1131;140.1133;140.1135;140.1136;140.1137;140.1137;140.1138;140.1138;140.1139;140.1140;140.1140;140.1140;140.1140;140.1140;140.1140;140.1141;140.1141;140.1141;140.1142;140.1142;140.1142;140.1143;140.1143;140.1150;140.1167;140.1168;140.1168;140.1169;140.1172;140.1174;140.1184;140.1186;140.1189;140.1189;140.1190;140.1192;140.1193;140.1193;140.1193;140.1194;140.1195;140.1195;140.1195;140.1196;140.1196;140.1197;140.1198;140.1202;140.1204;140.1205;140.1206;140.1206;140.1207;140.1207;140.1207;140.1207;140.1207;140.1209;140.1209;140.1209;140.1210;140.1210;140.1210;140.1210;140.1210;140.1210;140.1210;140.1212;140.1397;140.1401;140.1403;140.1410;140.1415;140.1415;140.1417;140.1497;140.1498;140.1498;140.1499;140.1501;140.1502;140.1509;140.1512;140.1512;140.1514;140.1514;140.1514;140.1514;140.1514;140.1514;140.1514;140.1514;140.1514;140.1515;140.1515;140.1515;140.1515;140.1515;140.1515;140.1515;140.1515;140.1515;140.1515;140.1515;140.1515;140.1515;140.1515;140.1515;140.1515;140.1515;140.1515;140.1516;140.1518;140.1518;140.1518;140.1518;140.1518;140.1518;140.1519;140.1519;140.1519;140.1519;140.1519;140.1519;140.1519;140.1519;140.1519;140.1520;140.1520;140.1522;140.1522;140.1522;140.1522;140.1523;140.1523;140.1523;140.1524;140.1525;140.1525;140.1525;140.1525;140.1525;140.1525;140.1525;140.1525
PSOC,HR,0,16,9,120030,random,120030,139.34688048445176,149.2632720953485,9.916391610896738,True,348.75980497223736,268.865672967,-943.44 834.83;-405.15 -607.81;-151.34 -206.71;-751.92 -645.05;-592.05 -159.50;-533.40 665.32;559.17 -247.57;148.32 396.73;810.87 243.82;124.94 37.61;-325.88 372.89;233.56 -734.06;745.47 775.98;936.24 -829.20;-178.25 831.03;228.96 805.53,nan;nan;nan;nan;nan;nan;nan;nan;nan;nan;nan;-3276597.8455;-3276597.8455;-18104.4046;135.1671;135.1671;135.3056;135.3056;135.5373;135.6495;135.7039;136.7042;136.7079;136.7094;136.7100;136.8478;137.0522;137.2495;137.3139;137.3537;137.3558;137.4445;137.5261;138.1919;138.5606;138.7349;138.7512;138.7538;138.7541;138.7548;138.7555;138.7565;138.7570;138.7585;138.7593;138.7596;138.7821;138.7826;138.7861;138.9059;138.9080;138.9163;138.9178;138.9216;138.9263;139.0963;139.1035;139.1424;139.1445;139.1455;139.1462;139.1477;139.1479;139.1491;139.1493;139.1498;139.1501;139.1503;139.1504;139.1507;139.1510;139.1514;139.1516;139.1516;139.1696;139.1710;139.1712;139.1715;139.2612;139.2625;139.2627;139.2633;139.3193;139.3202;139.3205;139.3208;139.3208;139.3211;139.3211;139.3212;139.3214;139.3215;139.3217;139.3219;139.3228;139.3229;139.3231;139.3234;139.3241;139.3242;139.3242;139.3243;139.3244;139.3245;139.3246;139.3247;139.3251;139.3253;139.3255;139.3257;139.3260;139.3263;139.3266;139.3267;139.3268;139.3279;139.3281;139.3282;139.3290;139.3291;139.3292;139.3292;139.3294;139.3301;139.3305;139.3305;139.3307;139.3308;139.3311;139.3320;139.3323;139.3328;139.3330;139.3330;139.3330;139.3331;139.3331;139.3332;139.3334;139.3335;139.3335;139.3335;139.3335;139.3335;139.3340;139.3366;139.3367;139.3367;139.3367;139.3367;139.3372;139.3409;139.3424;139.3424;139.3425;139.3425;139.3425;139.3426;139.3426;139.3433;139.3439;139.3439;139.3439;139.3439;139.3439;139.3439;139.3440;139.3440;139.3440;139.3441;139.3441;139.3441;139.3441;139.3441;139.3452;139.3468;139.3468;139.3468;139.3468;139.3468;139.3468;139.3468;139.3468;139.3468;139.3468;139.3468;139.3468;139.3468;139.3468;139.3468;139.3468;139.3469;139.3469;139.3469;139.3469;139.3469;139.3469;139.3469;139.3469;139.3469
DE,HR,0,16,7,120030,random,120030,138.681832071841,149.2632720953485,10.581440023507497,True,339.2938458170409,291.57321243900003,-772.49 -556.08;939.34 -801.49;-401.76 834.83;31.24 200.70;-422.81 432.78;-298.70 78.34;874.26 -271.95;815.87 187.56;150.11 -620.62;-836.60 -34.44;689.66 834.83;-248.67 -834.83;-550.05 -244.56;226.25 -76.95;380.12 419.91;549.94 -813.35,nan;nan;nan;nan;nan;nan;nan;nan;nan;nan;nan;nan;nan;nan;nan;nan;nan;nan;nan;nan;nan;nan;nan;nan;nan;nan;nan;nan;nan;nan;nan;nan;nan;nan;nan;nan;nan;nan;nan;nan;nan;nan;nan;nan;nan;nan;nan;nan;nan;nan;nan;nan;nan;136.4401;136.8276;136.9181;137.4347;137.4347;137.4347;137.7429;137.7970;137.7970;137.8952;138.0079;138.0131;138.1277;138.1409;138.1657;138.2832;138.3005;138.3685;138.3828;138.4208;138.4336;138.4373;138.4435;138.4796;138.4796;138.4885;138.4969;138.5041;138.5081;138.5138;138.5619;138.5664;138.5719;138.5761;138.5796;138.5829;138.5846;138.5864;138.5887;138.5913;138.5950;138.5972;138.5999;138.6011;138.6038;138.6057;138.6139;138.6168;138.6192;138.6211;138.6232;138.6255;138.6273;138.6284;138.6303;138.6305;138.6309;138.6317;138.6322;138.6331;138.6335;138.6376;138.6385;138.6390;138.6402;138.6409;138.6416;138.6429;138.6437;138.6446;138.6456;138.6467;138.6476;138.6485;138.6491;138.6496;138.6500;138.6508;138.6519;138.6524;138.6529;138.6532;138.6535;138.6539;138.6543;138.6548;138.6553;138.6559;138.6564;138.6567;138.6573;138.6579;138.6585;138.6588;138.6590;138.6605;138.6632;138.6644;138.6651;138.6661;138.6669;138.6679;138.6684;138.6689;138.6703;138.6705;138.6715;138.6726;138.6731;138.6740;138.6746;138.6758;138.6762;138.6765;138.6771;138.6777;138.6781;138.6783;138.6788;138.6794;138.6797;138.6800;138.6801;138.6803;138.6805;138.6805;138.6806;138.6807;138.6807;138.6808;138.6810;138.6811;138.6812;138.6813;138.6814;138.6814;138.6815;138.6815;138.6815;138.6816;138.6816;138.6816;138.6817;138.6817;138.6817;138.6818;138.6818
SLSQP,HR,0,16,5,120030,random,120030,137.92110779393616,149.2632720953485,11.342164301412339,True,335.87262373869845,302.510461362,-597.19 834.55;-610.62 -99.26;680.39 834.37;-70.63 -458.81;-738.14 -834.83;363.15 -362.46;618.88 -701.61;214.45 -834.83;337.06 660.07;350.10 -20.51;897.56 -461.47;-883.10 343.88;728.80 502.01;29.18 155.31;852.83 -100.28;-179.65 716.50,134.8307;134.9532;134.9532;134.9532;134.9539;134.9553;134.9553;134.9567;134.9610;134.9610;134.9610;134.9619;134.9629;134.9631;136.5508;136.6651;136.7645;136.8323;136.8323;136.8323;136.8405;136.8405;136.8405;136.8405;136.8405;136.8405;136.8405;136.8405;136.8405;136.8405;136.8405;136.8405;136.8405;136.8405;136.8405;137.3015;137.5814;137.5829;137.5829;137.6012;137.6012;137.6012;137.6012;137.6012;137.6012;137.6012;137.6012;137.6012;137.6012;137.6012;137.6012;137.6012;137.6012;137.6012;137.6012;137.6012;137.6012;137.6012;137.6012;137.6012;137.6012;137.6012;137.6012;137.6012;137.6012;137.6012;137.6012;137.6012;137.6012;137.6012;137.6012;137.6012;137.6012;137.6012;137.6012;137.6012;137.6012;137.6012;137.6012;137.6012;137.6012;137.6012;137.6012;137.6012;137.6012;137.6012;137.6012;137.6012;137.6012;137.6012;137.6012;137.6012;137.6012;137.6012;137.6012;137.6012;137.6012;137.6012;137.6012;137.6012;137.6012;137.6012;137.6012;137.6012;137.6012;137.6012;137.6012;137.6012;137.6012;137.6012;137.6012;137.6012;137.6012;137.6012;137.6012;137.6012;137.6012;137.6012;137.6012;137.6012;137.6012;137.6012;137.6012;137.6012;137.6012;137.6168;137.6168;137.7700;137.7700;137.7881;137.7920;137.8516;137.8516;137.8516;137.8726;137.8726;137.9211;137.9211;137.9211;137.9211;137.9211;137.9211;137.9211;137.9211;137.9211;137.9211;137.9211;137.9211;137.9211;137.9211;137.9211;137.9211;137.9211;137.9211;137.9211;137.9211;137.9211;137.9211;137.9211;137.9211;137.9211;137.9211;137.9211;137.9211;137.9211;137.9211;137.9211;137.9211;137.9211;137.9211;137.9211;137.9211;137.9211;137.9211;137.9211;137.9211;137.9211;137.9211;137.9211;137.9211;137.9211;137.9211;137.9211;137.9211;137.9211;137.9211;137.9211;137.9211;137.9211;137.9211;137.9211;137.9211;137.9211;137.9211;137.9211;137.9211;137.9211;137.9211;137.9211;137.9211
SSABV,2,1000,15,3,120030,random,120030,105501.62145548918,109730.67592026998,4229.054464780798,True,319.4255631032947,147.64931150299998,-584.584 768.597;583.267 -233.413;340.334 -447.236;-471.423 459.287;-887.258 -262.628;-113.755 -698.177;673.946 737.714;67.725 996.782;697.685 -704.639;-206.257 -18.721;-981.250 187.500;-706.388 -706.277;980.992 189.653;-5.703 -998.772;67.730 279.017,nan;nan;nan;nan;nan;nan;nan;nan;nan;nan;nan;nan;nan;nan;nan;nan;nan;nan;nan;nan;nan;nan;nan;nan;nan;nan;nan;nan;nan;nan;nan;nan;nan;nan;nan;nan;nan;nan;102252.297;102252.297;102252.297;102298.161;102298.161;102298.161;102298.161;102298.161;102298.161;102298.161;102404.330;102826.777;102868.924;102906.418;102906.418;103132.088;103150.712;103518.316;103734.649;103746.724;103811.104;103924.879;103928.608;103956.115;103958.726;104055.027;104055.868;104080.134;104103.853;104120.542;104128.810;104142.065;104153.976;104166.683;104171.578;104172.109;104173.031;104173.132;104173.402;104173.402;104173.526;104173.744;104173.921;104174.104;104174.970;104175.124;104175.340;104175.467;104175.506;104175.506;104175.561;104175.574;104175.593;104175.593;104175.596;104175.603;104175.610;104175.614;104175.615;104175.621;104175.622;104175.625;104314.218;104386.634;104400.875;104404.286;104404.286;104404.286;104812.187;105076.053;105104.775;105133.935;105153.574;105166.941;105171.788;105176.615;105176.930;105176.930;105176.930;105176.930;105208.294;105242.935;105263.676;105406.264;105416.382;105427.663;105435.408;105438.444;105441.172;105441.172;105441.172;105441.172;105441.172;105441.172;105441.172;105452.293;105460.236;105466.343;105470.257;105496.132;105500.981;105501.621;105501.621;105501.621;105501.621;105501.621;105501.621;105501.621;105501.621;105501.621;105501.621;105501.621;105501.621;105501.621;105501.621;105501.621;105501.621;105501.621;105501.621;105501.621;105501.621;105501.621;105501.621;105501.621;105501.621;105501.621;105501.621;105501.621;105501.621;105501.621;105501.621;105501.621;105501.621;105501.621;105501.621;105501.621;105501.621;105501.621;105501.621;105501.621;105501.621;105501.621;105501.621;105501.621;105501.621;105501.621;105501.621;105501.621;105501.621;105501.621;105501.621;105501.621;105501.621;105501.621;105501.621;105501.621;105501.621;105501.621;105501.621;105501.621;105501.621;105501.621
SSABV,2,1000,15,11,120030,random,120030,105578.17203747046,109730.67592026998,4152.503882799516,True,338.57966596830755,144.18037364499992,440.307 540.639;845.927 -238.202;-966.875 -253.812;977.777 204.248;761.671 647.229;-387.243 327.985;-896.016 214.844;66.136 -26.163;-767.392 -640.905;-393.571 -246.147;105.995 380.167;-769.756 627.470;295.358 -935.286;-183.715 903.125;560.149 -645.743,nan;nan;nan;nan;nan;nan;nan;nan;nan;nan;nan;nan;nan;nan;nan;nan;nan;nan;nan;nan;nan;nan;nan;nan;nan;nan;nan;nan;nan;nan;nan;nan;nan;nan;101369.915;101369.915;101369.915;101369.915;101369.915;101369.915;101369.915;101369.915;101369.915;101369.915;101369.915;101369.915;101369.915;101369.915;101369.915;101575.230;102073.416;102073.416;102073.416;102073.416;102073.416;102247.006;102368.447;102457.657;102457.657;102457.657;102470.631;102527.779;102565.523;102686.209;102737.588;102782.109;102805.396;102839.245;102874.096;102900.451;102922.853;102946.106;102970.572;102989.186;103008.341;103020.095;103028.168;103034.025;103038.976;103042.347;103045.196;103047.581;103049.508;103051.006;103051.971;103052.830;103053.391;103053.811;103054.195;103054.432;103054.613;103054.770;103054.852;103054.937;103054.984;103055.024;103055.053;103055.079;103055.095;103055.108;103745.943;104063.538;104084.183;104098.794;104122.387;104140.699;104153.015;104162.833;104172.883;104181.629;104187.854;104192.800;104194.183;104194.183;104194.183;104391.751;104527.840;104554.214;104568.969;104610.891;104623.888;104642.829;104649.153;104649.153;104649.153;104950.076;105011.304;105032.500;105110.861;105150.597;105161.056;105169.305;105175.113;105179.878;105182.161;105182.161;105182.161;105182.161;105182.161;105182.161;105182.161;105182.161;105182.161;105182.161;105182.161;105182.161;105182.161;105182.161;105182.161;105182.161;105182.161;105182.161;105182.161;105182.161;105182.161;105182.161;105182.161;105182.161;105182.161;105182.161;105182.161;105182.161;105182.161;105182.161;105182.161;105182.161;105182.161;105182.161;105182.161;105182.161;105182.161;105212.978;105277.415;105291.406;105300.377;105319.145;105340.662;105348.174;105351.678;105351.928;105351.928;105351.928;105530.392;105552.419;105563.596;105571.207;105577.466;105578.172;105578.172;105578.172;105578.172;105578.172;105578.172;105578.172;105578.172;105578.172;105578.172;105578.172;105578.172;105578.172
SSABV,2,1000,15,19,120030,random,120030,105486.95440405789,109730.67592026998,4243.721516212085,True,358.2810714069435,115.8726600650001,680.463 621.994;629.739 -541.972;-729.903 628.746;-260.212 964.413;-766.822 227.449;-812.855 -184.250;-557.233 -829.517;418.433 907.944;43.537 -421.717;371.874 -842.895;968.448 -186.469;268.878 81.047;-209.157 470.537;755.113 271.576;-178.212 -766.967,nan;nan;nan;nan;nan;nan;nan;nan;nan;nan;nan;nan;nan;nan;nan;nan;nan;nan;nan;nan;nan;nan;nan;nan;nan;nan;nan;nan;nan;nan;nan;nan;nan;nan;nan;nan;101921.184;102248.107;102248.107;102674.071;103149.274;103450.929;103450.929;103450.929;103450.929;103450.929;103450.929;103450.929;103597.179;104320.325;104320.325;104320.325;104320.325;104320.325;104504.978;104543.498;104568.519;104630.655;104631.254;104754.503;104765.536;104765.536;104773.984;104788.973;104810.039;104869.043;104874.875;104877.444;104893.065;104907.910;104918.240;105018.539;105025.036;105030.104;105032.821;105034.263;105036.057;105036.543;105037.600;105037.953;105038.193;105038.962;105039.184;105039.476;105039.787;105040.062;105040.216;105040.376;105040.537;105040.628;105040.670;105040.726;105040.779;105040.798;105040.811;105040.827;105040.839;105040.847;105040.854;105040.854;105235.542;105248.413;105251.078;105251.078;105251.078;105251.078;105251.078;105251.078;105251.078;105251.078;105251.078;105251.078;105251.078;105251.078;105251.078;105251.078;105251.078;105251.078;105251.078;105251.078;105251.078;105251.078;105251.078;105251.078;105251.078;105251.078;105251.078;105251.078;105251.078;105251.078;105251.078;105251.078;105251.078;105251.078;105251.078;105251.078;105251.078;105251.078;105251.078;105251.078;105251.078;105251.078;105251.078;105251.078;105251.078;105251.078;105251.078;105251.078;105251.078;105251.078;105251.078;105251.078;105251.078;105251.078;105251.078;105251.078;105251.078;105251.078;105251.078;105251.078;105251.078;105251.078;105251.078;105251.078;105251.078;105251.078;105256.442;105257.871;105257.871;105257.871;105319.101;105402.841;105437.890;105468.244;105481.043;105486.954;105486.954;105486.954;105486.954;105486.954;105486.954;105486.954;105486.954;105486.954;105486.954;105486.954;105486.954;105486.954;105486.954;105486.954;105486.954;105486.954;105486.954;105486.954;105486.954;105486.954;105486.954;105486.954;105486.954;105486.954
SSABV,2,1000,15,27,120030,random,120030,105493.28827010168,109730.67592026998,4237.387650168297,True,308.52557578384165,104.11698978900006,-818.656 207.805;406.123 661.280;-457.912 887.500;-65.458 -394.334;-460.376 -887.500;349.523 -893.620;-612.957 -584.158;610.826 -576.093;-878.767 -177.728;64.248 432.357;301.967 953.125;599.946 112.080;-36.556 140.763;903.125 -381.293;821.250 520.497,nan;nan;nan;nan;nan;nan;nan;nan;nan;nan;nan;nan;nan;nan;nan;nan;nan;nan;nan;nan;nan;nan;nan;nan;nan;nan;nan;nan;nan;nan;nan;nan;nan;nan;nan;nan;nan;nan;nan;nan;nan;nan;102373.218;102708.394;103206.988;103210.321;103210.321;103210.321;103210.321;103233.946;103512.292;103568.160;103568.160;103812.712;103917.938;104114.515;104231.471;104231.471;104231.471;104406.959;104414.643;104414.643;104487.987;104501.588;104566.306;104569.353;104615.815;104650.814;104651.431;104654.133;104655.793;104657.351;104664.004;104669.773;104675.489;104676.743;104677.873;104679.409;104681.506;104683.023;104684.348;104684.906;104685.301;104685.875;104686.271;104686.647;104686.801;104686.943;104687.016;104687.145;104687.218;104687.290;104687.330;104687.374;104687.397;104687.428;104687.446;104687.460;104687.467;104687.475;104803.664;104818.992;104830.421;104832.228;104832.228;104834.138;105055.805;105132.939;105147.392;105156.613;105165.549;105165.549;105165.549;105165.549;105165.549;105165.549;105165.549;105165.549;105165.549;105165.549;105165.549;105165.549;105165.549;105165.549;105165.549;105165.549;105165.549;105165.549;105165.549;105165.549;105165.549;105165.549;105165.549;105165.549;105165.549;105165.549;105165.549;105165.549;105233.250;105413.954;105448.100;105463.753;105476.615;105489.363;105493.223;105493.288;105493.288;105493.288;105493.288;105493.288;105493.288;105493.288;105493.288;105493.288;105493.288;105493.288;105493.288;105493.288;105493.288;105493.288;105493.288;105493.288;105493.288;105493.288;105493.288;105493.288;105493.288;105493.288;105493.288;105493.288;105493.288;105493.288;105493.288;105493.288;105493.288;105493.288;105493.288;105493.288;105493.288;105493.288;105493.288;105493.288;105493.288;105493.288;105493.288;105493.288;105493.288;105493.288;105493.288;105493.288;105493.288;105493.288;105493.288;105493.288;105493.288;105493.288;105493.288;105493.288;105493.288;105493.288
LXBV,2,1000,15,5,120030,random,120030,104757.18854637306,109730.67592026998,4973.487373896918,True,308.0408359415401,103.38936129700005,281.562 321.290;-52.402 544.827;-718.664 695.174;81.052 -206.248;260.758 965.282;809.426 550.991;-423.424 -360.384;-305.900 -951.562;700.328 -0.714;913.510 242.639;-283.607 -644.329;417.270 693.383;-833.867 337.382;-302.143 953.125;-74.801 201.924,nan;nan;nan;nan;nan;nan;nan;nan;nan;nan;nan;nan;nan;nan;nan;nan;nan;nan;nan;nan;nan;nan;nan;nan;nan;nan;nan;99565.174;99565.674;99565.674;99565.674;99815.154;99815.154;99815.154;99815.154;100150.625;100150.625;100161.170;100328.214;101358.653;101358.653;101358.653;101725.547;101725.547;101725.547;101725.568;101728.546;101729.468;101729.468;101734.602;101734.602;101734.602;101735.004;101735.391;101797.142;101898.056;101905.405;101913.631;101924.440;101927.917;101932.869;101933.109;101933.892;101935.861;101945.173;101949.263;101952.531;101984.922;101997.944;102010.393;102017.681;102023.440;102030.719;102036.892;102039.436;102043.119;102044.313;102047.938;102048.710;102049.482;102050.453;102050.901;102051.542;102051.909;102052.249;102052.466;102052.739;102053.517;102053.953;102054.108;102054.222;102054.272;102054.367;102054.410;102054.729;102054.885;102054.941;102055.130;102055.200;102055.293;102878.853;103054.776;103205.394;103213.354;103222.698;103222.698;103775.981;104477.607;104621.150;104646.036;104665.932;104706.048;104737.696;104747.460;104753.463;104757.189;104757.189;104757.189;104757.189;104757.189;104757.189;104757.189;104757.189;104757.189;104757.189;104757.189;104757.189;104757.189;104757.189;104757.189;104757.189;104757.189;104757.189;104757.189;104757.189;104757.189;104757.189;104757.189;104757.189;104757.189;104757.189;104757.189;104757.189;104757.189;104757.189;104757.189;104757.189;104757.189;104757.189;104757.189;104757.189;104757.189;104757.189;104757.189;104757.189;104757.189;104757.189;104757.189;104757.189;104757.189;104757.189;104757.189;104757.189;104757.189;104757.189;104757.189;104757.189;104757.189;104757.189;104757.189;104757.189;104757.189;104757.189;104757.189;104757.189;104757.189;104757.189;104757.189;104757.189;104757.189;104757.189;104757.189;104757.189;104757.189;104757.189;104757.189;104757.189;104757.189;104757.189;104757.189;104757.189;104757.189;104757.189;104757.189;104757.189;104757.189;104757.189;104757.189;104757.189;104757.189
LXBV,2,1000,15,13,120030,random,120030,105088.45602901235,109730.67592026998,4642.219891257628,True,329.18635340038963,101.59985761399992,874.299 311.822;701.581 710.061;-707.244 -650.318;308.011 510.928;878.226 -465.374;457.138 -158.604;-22.514 -467.957;-303.823 728.008;-442.470 429.443;-354.017 -164.926;56.945 101.828;984.375 -145.898;-979.799 198.407;-946.960 -212.660;567.223 -822.614,nan;nan;nan;nan;nan;nan;nan;nan;nan;nan;nan;nan;nan;nan;nan;nan;nan;nan;nan;nan;nan;nan;nan;nan;nan;nan;nan;nan;nan;nan;99147.659;99147.659;99185.614;99592.795;100043.138;100043.138;100043.138;100151.275;100677.729;100677.729;100677.729;100677.729;100677.729;100677.729;100770.908;100874.783;100971.504;100971.646;101050.007;101050.028;101054.196;101054.196;101054.196;101054.613;101061.238;101075.060;101076.666;101080.914;101081.423;101120.244;101130.429;101144.922;101147.294;101155.164;101158.731;101159.113;101180.841;101187.909;101196.882;101206.183;101249.926;101253.543;101258.534;101264.404;101268.438;101274.626;101277.005;101280.619;101283.238;101285.445;101286.873;101287.564;101290.312;101296.451;101296.941;101297.454;101297.788;101298.126;101300.405;101300.633;101301.241;101301.570;101301.677;101301.753;101301.848;101301.915;101302.054;101302.097;101302.126;101302.147;102076.130;102592.303;102701.073;102712.110;102781.762;102793.348;102801.523;102809.364;102816.884;102824.037;102829.174;102829.596;102829.596;102829.596;102829.596;103136.369;103241.214;103282.626;103309.086;103334.362;103392.790;103406.993;103424.938;103449.393;103467.702;103476.874;103487.692;103487.713;103487.713;103487.713;103487.713;103487.713;103487.713;103487.713;103487.713;103487.713;103487.713;103488.363;103495.403;103502.702;103508.250;103512.900;103517.403;103520.376;103522.104;103522.104;104068.927;104155.017;104237.920;104293.829;104325.901;104347.545;104441.599;104456.576;104463.209;104467.540;104470.455;104470.455;104558.614;104896.379;104975.025;104991.631;105008.340;105018.883;105031.222;105041.886;105077.239;105083.990;105088.456;105088.456;105088.456;105088.456;105088.456;105088.456;105088.456;105088.456;105088.456;105088.456;105088.456;105088.456;105088.456;105088.456;105088.456;105088.456;105088.456;105088.456;105088.456;105088.456;105088.456;105088.456;105088.456;105088.456;105088.456;105088.456;105088.456;105088.456;105088.456;105088.456;105088.456;105088.456
LXBV,2,1000,15,21,120030,random,120030,105151.7283827061,109730.67592026998,4578.947537563872,True,326.25070629816696,99.06502707699997,-640.387 767.530;-88.064 -996.086;409.207 -912.142;498.760 -164.358;-175.961 58.809;-225.946 588.702;52.758 -268.645;-356.258 -403.825;658.502 272.455;484.871 780.884;-987.316 -151.034;768.747 579.515;-490.832 -818.635;-801.503 -592.710;856.088 -476.100,nan;nan;nan;nan;nan;101001.423;101001.423;101610.949;101610.949;101610.949;101610.949;101610.949;101610.949;101610.949;101610.949;101610.949;101610.949;101610.949;101610.949;101610.949;101906.133;102117.614;102137.811;102137.811;102889.982;102922.973;102922.973;102922.973;102922.973;103251.345;103251.962;103251.962;103251.962;103251.962;103251.962;103251.962;103251.962;103251.962;103251.962;103271.031;103446.556;103446.556;103446.556;103446.556;103447.377;103447.377;103447.377;103451.729;103478.710;103537.960;103733.881;103769.054;103769.054;103770.926;103814.522;103940.575;103957.997;103968.804;103974.183;103987.279;103991.095;103993.019;103993.031;103993.069;103996.025;103998.154;104002.481;104003.243;104003.447;104003.769;104004.044;104004.459;104005.816;104011.517;104016.067;104019.279;104021.080;104023.883;104025.285;104028.219;104028.643;104029.355;104030.587;104031.291;104031.688;104031.887;104032.313;104032.695;104033.055;104033.214;104033.310;104033.666;104033.873;104034.071;104034.247;104034.300;104034.378;104034.483;104034.512;104034.536;104547.855;104683.990;104780.116;104804.084;104820.111;104839.630;104846.185;104881.529;104887.309;104894.200;104894.200;104894.200;104894.200;104894.200;104894.200;104894.200;104894.200;104894.200;104894.200;104894.200;104894.200;104894.200;104937.056;104974.321;104983.017;104989.815;104989.815;104989.815;104989.815;104989.815;104989.815;104989.815;104992.201;104994.048;104994.048;104994.048;105018.256;105040.785;105077.442;105105.951;105119.276;105128.511;105138.457;105147.066;105151.292;105151.728;105151.728;105151.728;105151.728;105151.728;105151.728;105151.728;105151.728;105151.728;105151.728;105151.728;105151.728;105151.728;105151.728;105151.728;105151.728;105151.728;105151.728;105151.728;105151.728;105151.728;105151.728;105151.728;105151.728;105151.728;105151.728;105151.728;105151.728;105151.728;105151.728;105151.728;105151.728;105151.728;105151.728;105151.728;105151.728;105151.728;105151.728;105151.728;105151.728;105151.728;105151.728;105151.728;105151.728;105151.728;105151.728;105151.728;105151.728;105151.728;105151.728;105151.728;105151.728;105151.728;105151.728;105151.728
LXBV,2,1000,15,29,120030,random,120030,106286.43162550096,109730.67592026998,3444.2442947690142,True,313.6937017674648,98.69340770400004,896.143 -334.701;295.047 954.265;-411.038 -668.346;-736.771 675.990;95.321 -339.885;660.604 -715.398;-263.111 -964.480;-171.420 -49.891;-939.459 -341.150;114.685 684.704;-792.766 167.232;13.330 387.836;837.019 546.748;339.616 -940.181;904.688 214.066,nan;nan;nan;nan;nan;nan;nan;nan;nan;nan;nan;nan;nan;nan;nan;nan;nan;nan;nan;nan;nan;nan;102237.757;102237.757;102237.757;102237.757;102237.757;102628.371;103020.625;103129.723;103129.723;103230.265;103495.305;103495.305;103495.305;103495.305;103495.305;103495.305;103545.432;103598.700;103598.700;103598.700;103598.700;103794.087;103794.087;103796.712;103797.292;103798.024;103798.024;103852.543;103917.336;103928.299;103928.299;103955.544;103988.456;103989.789;103993.043;103994.454;103995.272;104004.304;104006.681;104007.669;104015.023;104023.998;104048.813;104049.058;104049.114;104050.219;104052.816;104059.621;104069.868;104077.372;104085.899;104092.025;104096.770;104103.425;104109.080;104112.527;104114.175;104116.225;104119.278;104120.817;104121.881;104123.708;104124.195;104124.630;104124.974;104125.683;104126.258;104126.877;104127.757;104128.005;104128.386;104128.533;104128.578;104129.097;104129.237;104129.314;104129.503;104129.638;104583.755;104876.430;104924.145;104935.680;104942.028;104960.243;104961.520;104961.520;104961.520;105136.617;105169.398;105195.094;105209.118;105234.202;105243.554;105427.862;105447.867;105447.936;105447.936;105447.936;105457.174;105474.231;105482.156;105503.980;105509.908;105512.068;105512.068;105512.068;105512.068;105512.068;105512.068;105512.068;105512.068;105512.068;105512.068;105512.068;105512.068;105512.068;105512.068;105512.068;105761.439;105857.975;105932.432;105963.109;105980.896;105994.879;106247.912;106256.149;106261.725;106266.094;106286.432;106286.432;106286.432;106286.432;106286.432;106286.432;106286.432;106286.432;106286.432;106286.432;106286.432;106286.432;106286.432;106286.432;106286.432;106286.432;106286.432;106286.432;106286.432;106286.432;106286.432;106286.432;106286.432;106286.432;106286.432;106286.432;106286.432;106286.432;106286.432;106286.432;106286.432;106286.432;106286.432;106286.432;106286.432;106286.432;106286.432;106286.432;106286.432;106286.432;106286.432;106286.432;106286.432;106286.432;106286.432;106286.432;106286.432;106286.432;106286.432;106286.432
RSVNS,2,1000,15,7,120030,random,120030,105598.31284916106,109730.67592026998,4132.363071108921,True,310.5671107956379,99.80280317100005,-802.369 595.899;-13.740 -429.149;196.793 -188.825;74.496 373.444;-961.132 92.933;589.004 561.880;184.001 982.812;422.290 -710.584;-377.884 -919.277;-403.257 -609.748;-466.690 348.547;422.394 122.372;939.062 -190.900;180.035 -981.250;-934.431 -355.497,nan;nan;nan;nan;nan;nan;nan;nan;nan;nan;nan;nan;nan;nan;nan;nan;nan;nan;nan;nan;nan;nan;nan;nan;nan;nan;nan;nan;nan;nan;nan;nan;nan;nan;nan;nan;nan;nan;nan;nan;nan;nan;nan;nan;nan;nan;nan;nan;nan;nan;nan;nan;nan;nan;nan;nan;nan;nan;nan;nan;nan;nan;nan;nan;nan;nan;nan;nan;nan;nan;nan;nan;nan;nan;nan;nan;nan;nan;nan;nan;nan;nan;nan;nan;nan;nan;nan;nan;nan;nan;nan;nan;nan;nan;nan;nan;nan;nan;nan;nan;101992.491;102786.305;103505.122;103596.090;103710.097;103741.624;103785.885;103816.190;103908.376;103923.964;103937.818;103949.676;103959.711;103968.925;103974.624;103975.177;103975.177;103975.177;104279.325;104516.745;104536.823;104551.203;104557.748;104566.754;104633.517;104633.517;104633.517;105050.074;105173.529;105223.040;105476.239;105492.718;105510.871;105534.017;105554.268;105572.864;105583.331;105589.601;105597.062;105598.313;105598.313;105598.313;105598.313;105598.313;105598.313;105598.313;105598.313;105598.313;105598.313;105598.313;105598.313;105598.313;105598.313;105598.313;105598.313;105598.313;105598.313;105598.313;105598.313;105598.313;105598.313;105598.313;105598.313;105598.313;105598.313;105598.313;105598.313;105598.313;105598.313;105598.313;105598.313;105598.313;105598.313;105598.313;105598.313;105598.313;105598.313;105598.313;105598.313;105598.313;105598.313;105598.313;105598.313;105598.313;105598.313;105598.313;105598.313;105598.313;105598.313;105598.313;105598.313;105598.313;105598.313;105598.313;105598.313;105598.313;105598.313;105598.313;105598.313;105598.313
RSVNS,2,1000,15,15,120030,random,120030,105789.83328172134,109730.67592026998,3940.842638548638,True,324.1776501136646,101.832490775,-925.000 -307.066;373.668 906.314;298.297 -647.236;-779.461 625.941;-328.063 -387.499;-149.157 -988.786;-951.562 86.069;119.979 -34.481;982.031 185.671;-195.610 532.220;-513.450 -653.437;538.137 492.490;-567.553 207.102;966.115 -256.850;-293.083 955.401,nan;nan;nan;nan;nan;nan;nan;nan;nan;nan;nan;nan;nan;nan;nan;nan;nan;nan;nan;nan;nan;nan;nan;nan;nan;nan;nan;nan;nan;nan;nan;nan;nan;nan;nan;nan;nan;nan;nan;nan;nan;nan;nan;nan;nan;nan;nan;nan;nan;nan;nan;nan;nan;nan;nan;nan;nan;nan;nan;nan;nan;nan;nan;nan;nan;nan;nan;nan;nan;nan;nan;nan;nan;nan;nan;nan;nan;nan;nan;nan;nan;nan;nan;nan;nan;nan;nan;nan;nan;nan;nan;nan;nan;nan;nan;nan;nan;nan;nan;nan;103714.616;104593.553;104780.585;104813.592;104840.790;104849.365;104857.356;104863.167;104908.847;104908.847;104908.847;105053.264;105295.356;105329.371;105351.557;105396.109;105416.282;105425.195;105439.676;105462.443;105466.811;105469.296;105469.412;105469.412;105469.412;105469.412;105469.412;105469.412;105469.412;105469.412;105469.412;105469.412;105469.412;105469.412;105469.412;105469.412;105469.412;105469.412;105469.412;105469.412;105469.412;105469.412;105469.412;105469.412;105469.412;105469.412;105469.412;105469.412;105469.412;105469.412;105469.412;105469.412;105469.412;105469.412;105469.412;105469.412;105469.412;105469.412;105469.412;105469.412;105469.412;105469.412;105469.412;105469.412;105469.412;105469.412;105469.412;105469.412;105469.412;105469.412;105469.412;105469.412;105469.412;105469.412;105469.412;105469.412;105469.412;105469.412;105469.412;105469.412;105469.412;105469.412;105469.412;105469.412;105469.412;105469.412;105469.412;105682.684;105752.377;105767.863;105775.714;105783.376;105788.333;105789.833;105789.833;105789.833;105789.833;105789.833;105789.833;105789.833
RSVNS,2,1000,15,23,120030,random,120030,106062.51060315718,109730.67592026998,3668.165317112798,True,347.5981048419258,102.79474430599998,-313.569 933.573;978.161 181.269;847.113 531.118;803.940 -157.559;-445.480 -173.989;603.676 -797.201;279.882 714.179;212.679 -554.650;866.083 -499.557;-636.180 702.076;-572.288 204.452;-6.386 303.249;-812.901 -554.032;-956.774 289.548;-30.632 -998.745,nan;nan;nan;nan;nan;nan;nan;nan;nan;nan;nan;nan;nan;nan;nan;nan;nan;nan;nan;nan;nan;nan;nan;nan;nan;nan;nan;nan;nan;nan;nan;nan;nan;nan;nan;nan;nan;nan;nan;nan;nan;nan;nan;nan;nan;nan;nan;nan;nan;nan;nan;nan;nan;nan;nan;nan;nan;nan;nan;nan;nan;nan;nan;nan;nan;nan;nan;nan;nan;nan;nan;nan;nan;nan;nan;nan;nan;nan;nan;nan;nan;nan;nan;nan;nan;nan;nan;nan;nan;nan;nan;nan;nan;nan;nan;nan;nan;nan;nan;nan;101327.791;102662.373;103278.686;103723.596;103840.862;103970.840;104060.970;104091.868;104116.656;104136.451;104154.377;104162.983;104176.560;104190.788;104204.709;104223.792;104242.329;104262.809;104281.719;104300.301;104320.512;104331.509;104341.018;104343.843;104344.123;104344.123;104656.669;104770.344;104799.281;104817.869;104834.793;104842.858;104849.181;104854.109;104855.842;104855.842;104855.842;104855.842;104855.842;104869.901;104881.220;105090.021;105097.383;105097.607;105097.607;105294.893;105462.011;105497.657;105527.152;105542.408;105645.896;105686.825;105698.245;105704.991;105713.065;105719.162;105721.098;105722.418;105722.418;105735.578;106007.486;106025.210;106041.987;106051.358;106058.276;106061.959;106062.511;106062.511;106062.511;106062.511;106062.511;106062.511;106062.511;106062.511;106062.511;106062.511;106062.511;106062.511;106062.511;106062.511;106062.511;106062.511;106062.511;106062.511;106062.511;106062.511;106062.511;106062.511;106062.511;106062.511;106062.511;106062.511;106062.511;106062.511;106062.511;106062.511;106062.511;106062.511;106062.511;106062.511
BVNS,2,1000,15,1,120030,random,120030,105025.39469716666,109730.67592026998,4705.281223103317,True,318.17603154916,97.79547885700003,-868.750 342.410;769.449 -637.959;217.223 -598.586;-354.199 -934.671;409.655 897.314;864.322 335.593;278.623 -286.390;-44.651 -166.841;-680.455 -365.308;756.002 639.438;-536.393 655.300;-700.000 -714.138;-130.326 940.625;-367.783 -2.345;-1.659 562.860,nan;nan;102746.767;103325.433;103677.314;103809.086;103873.532;103931.375;103943.859;103952.512;103957.516;103961.650;103966.029;103970.275;103974.397;103979.010;103984.459;103990.901;103994.943;104002.062;104007.171;104011.420;104013.037;104014.757;104016.038;104016.038;104016.038;104016.038;104215.757;104318.137;104380.347;104397.275;104448.380;104459.086;104468.501;104472.141;104472.141;104472.141;104473.463;104620.135;104749.954;104924.142;104951.606;104966.309;104978.022;104984.965;105017.881;105024.278;105024.278;105024.278;105024.278;105024.278;105024.278;105024.278;105024.278;105024.278;105024.278;105024.278;105024.278;105024.278;105024.278;105024.278;105024.278;105024.278;105024.278;105024.278;105024.278;105024.278;105024.278;105024.278;105024.278;105024.278;105024.278;105024.278;105024.278;105024.278;105024.278;105024.278;105024.278;105024.278;105024.278;105024.278;105024.278;105024.278;105024.278;105024.278;105024.278;105024.278;105024.278;105024.278;105024.278;105024.278;105024.278;105024.278;105024.278;105024.278;105024.278;105024.278;105024.278;105024.278;105024.278;105024.278;105024.278;105024.278;105024.278;105024.278;105024.278;105024.278;105024.278;105024.278;105024.278;105024.278;105024.278;105025.395;105025.395;105025.395;105025.395;105025.395;105025.395;105025.395;105025.395;105025.395;105025.395;105025.395;105025.395;105025.395;105025.395;105025.395;105025.395;105025.395;105025.395;105025.395;105025.395;105025.395;105025.395;105025.395;105025.395;105025.395;105025.395;105025.395;105025.395;105025.395;105025.395;105025.395;105025.395;105025.395;105025.395;105025.395;105025.395;105025.395;105025.395;105025.395;105025.395;105025.395;105025.395;105025.395;105025.395;105025.395;105025.395;105025.395;105025.395;105025.395;105025.395;105025.395;105025.395;105025.395;105025.395;105025.395;105025.395;105025.395;105025.395;105025.395;105025.395;105025.395;105025.395;105025.395;105025.395;105025.395;105025.395;105025.395;105025.395;105025.395;105025.395;105025.395;105025.395;105025.395;105025.395;105025.395;105025.395;105025.395;105025.395;105025.395;105025.395;105025.395;105025.395;105025.395;105025.395;105025.395;105025.395;105025.395
BVNS,2,1000,15,9,120030,random,120030,105310.30646785769,109730.67592026998,4420.369452412284,True,309.12327509260285,96.36610738299999,-182.328 -121.849;-975.000 220.998;-840.962 -61.486;-860.374 -508.715;521.411 446.615;577.254 750.653;177.046 909.026;55.418 232.061;-626.405 -774.635;-326.547 -435.085;-348.873 936.767;-551.157 452.079;185.851 -288.804;503.522 -863.916;912.500 -408.541,nan;nan;103197.118;103705.726;104032.366;104125.637;104192.146;104220.531;104243.588;104273.919;104291.527;104313.094;104328.916;104336.754;104408.583;104419.696;104425.296;104425.296;104447.650;104759.756;104907.139;104929.643;104953.047;104956.725;104965.511;104965.918;104965.918;104965.918;104965.918;104965.918;104965.918;104965.918;104965.918;104965.918;104965.918;104965.918;104965.918;104965.918;104965.918;104965.918;104965.918;104965.918;104965.918;104965.918;104965.918;104965.918;104965.918;104965.918;104965.918;104965.918;104965.918;104965.918;104965.918;104965.918;104965.918;104965.918;104965.918;104965.918;104965.918;104965.918;104965.918;104965.918;104965.918;104965.918;104965.918;104965.918;104965.918;104965.918;104965.918;104965.918;104965.918;104965.918;104965.918;104965.918;104965.918;104965.918;104965.918;104968.276;105012.569;105049.407;105072.768;105085.379;105093.921;105098.868;105103.748;105138.206;105140.661;105145.782;105151.293;105157.209;105157.209;105157.209;105157.209;105157.209;105157.209;105157.209;105157.209;105157.209;105157.209;105157.209;105157.209;105157.209;105157.209;105157.209;105157.209;105157.209;105157.209;105157.209;105157.209;105157.209;105157.209;105157.209;105157.209;105157.209;105157.209;105157.209;105157.209;105157.209;105157.209;105157.209;105157.209;105157.209;105157.209;105157.209;105157.209;105157.209;105157.209;105157.209;105157.209;105157.209;105157.209;105157.209;105157.209;105157.209;105157.209;105157.209;105157.209;105157.209;105157.209;105157.209;105157.209;105157.209;105157.209;105157.209;105157.209;105157.209;105157.209;105157.209;105157.209;105157.209;105157.209;105157.209;105157.209;105169.931;105204.907;105296.761;105303.383;105305.952;105310.306;105310.306;105310.306;105310.306;105310.306;105310.306;105310.306;105310.306;105310.306;105310.306;105310.306;105310.306;105310.306;105310.306;105310.306;105310.306;105310.306;105310.306;105310.306;105310.306;105310.306;105310.306;105310.306;105310.306;105310.306;105310.306;105310.306;105310.306;105310.306;105310.306;105310.306;105310.306;105310.306;105310.306;105310.306;105310.306;105310.306;105310.306;105310.306;105310.306;105310.306;105310.306
BVNS,2,1000,15,17,120030,random,120030,105699.50958302766,109730.67592026998,4031.166337242321,True,315.1018894296371,98.69090352399985,-407.718 -907.181;291.638 -956.200;-346.642 129.622;829.502 108.262;21.153 519.939;710.021 -701.036;-290.042 -180.355;668.263 742.661;-874.397 484.709;-702.755 -708.475;395.256 -436.229;-987.415 155.510;-298.429 741.000;-476.502 -446.598;-70.884 996.861,nan;102582.903;103864.207;104292.986;104438.755;104489.473;104510.924;104534.025;104547.604;104555.946;104555.949;104555.949;104555.949;104559.206;104645.654;104718.878;104975.021;105057.640;105080.603;105100.133;105110.067;105117.002;105119.785;105119.785;105119.785;105119.785;105119.785;105119.785;105119.785;105119.785;105119.785;105119.785;105119.785;105119.785;105119.785;105119.785;105119.785;105119.785;105119.785;105119.785;105119.785;105119.785;105119.785;105119.785;105119.785;105119.785;105119.785;105119.785;105119.785;105119.785;105119.785;105119.785;105119.785;105119.785;105119.785;105119.785;105119.785;105119.785;105119.785;105119.785;105119.785;105119.785;105119.785;105119.785;105119.785;105119.785;105119.785;105119.785;105119.785;105119.785;105119.785;105119.785;105119.785;105119.785;105119.785;105119.785;105119.785;105119.785;105119.785;105119.785;105119.785;105119.785;105119.785;105119.785;105119.785;105119.785;105119.785;105119.785;105119.785;105188.992;105330.871;105435.777;105563.146;105568.022;105572.194;105573.951;105573.951;105573.951;105573.951;105573.951;105573.951;105573.951;105573.951;105573.951;105573.951;105573.951;105573.951;105573.951;105573.951;105573.951;105573.951;105573.951;105573.951;105573.951;105573.951;105573.951;105573.951;105573.951;105573.951;105573.951;105573.951;105573.951;105573.951;105573.951;105573.951;105573.951;105573.951;105573.951;105573.951;105573.951;105573.951;105573.951;105573.951;105573.951;105573.951;105573.951;105573.951;105573.951;105573.951;105573.951;105573.951;105573.951;105573.951;105573.951;105573.951;105573.951;105573.951;105573.951;105573.951;105573.951;105573.951;105573.951;105573.951;105573.951;105573.951;105573.951;105573.951;105573.951;105573.951;105573.951;105573.951;105573.951;105573.951;105573.951;105573.951;105573.951;105573.951;105573.951;105573.951;105573.951;105573.951;105573.951;105573.951;105573.951;105573.951;105573.951;105573.951;105666.792;105685.440;105694.142;105698.647;105699.510;105699.510;105699.510;105699.510;105699.510;105699.510;105699.510;105699.510;105699.510;105699.510;105699.510;105699.510;105699.510;105699.510;105699.510;105699.510;105699.510;105699.510;105699.510
BVNS,2,1000,15,25,120030,random,120030,105760.94862829198,109730.67592026998,3969.7272919779934,True,331.3808360099761,98.68898925400003,897.994 439.532;-714.566 -467.013;-205.283 -613.698;-63.060 179.709;567.017 -822.936;-502.477 -863.947;-3.719 689.333;-831.725 -146.913;-900.670 186.777;-437.826 898.403;-120.970 -146.572;234.434 972.068;944.928 -275.880;-612.761 500.977;182.301 -474.459,nan;nan;100046.328;102902.247;103551.733;103982.195;104267.091;104362.566;104442.847;104457.355;104470.009;104475.995;104482.023;104482.023;104482.023;104482.023;104482.023;104482.023;104482.023;104482.023;104482.023;104482.023;104482.023;104482.023;104482.023;104482.023;104482.023;104482.023;104482.023;104482.023;104482.023;104482.023;104482.023;104482.023;104482.023;104482.023;104482.023;104482.023;104482.023;104482.023;104482.023;104482.023;104482.023;104508.356;104549.954;104561.408;104570.591;104590.026;104590.026;104590.026;104590.026;104590.026;104590.026;104590.026;104590.026;104590.026;104590.026;104590.026;104590.026;104590.026;104590.026;104610.812;104678.156;104721.265;104844.939;104867.508;104882.975;104894.079;104900.876;104900.876;104900.876;104900.876;104900.876;104900.876;104900.876;104900.876;104900.876;104900.876;104900.876;104900.876;104900.876;104900.876;104900.876;104900.876;104900.876;104900.876;104900.876;104900.876;104900.876;104900.876;104900.876;104900.876;104900.876;104900.876;104900.876;104900.876;104900.876;104900.876;104900.876;104900.876;104900.876;104900.876;104900.876;104900.876;104900.876;104900.876;104900.876;104900.876;104900.876;104900.876;104900.876;104900.876;104900.876;104900.876;104900.876;104900.876;104900.876;104900.876;104900.876;104900.876;104900.876;104900.876;104900.876;104900.876;104900.876;104900.876;104900.876;104900.876;104900.876;105042.397;105148.010;105176.462;105191.031;105215.466;105225.065;105225.572;105225.572;105225.572;105388.032;105411.574;105488.602;105504.092;105515.007;105523.942;105529.814;105532.490;105532.614;105532.614;105710.564;105737.854;105747.291;105754.278;105760.391;105760.949;105760.949;105760.949;105760.949;105760.949;105760.949;105760.949;105760.949;105760.949;105760.949;105760.949;105760.949;105760.949;105760.949;105760.949;105760.949;105760.949;105760.949;105760.949;105760.949;105760.949;105760.949;105760.949;105760.949;105760.949;105760.949;105760.949;105760.949;105760.949;105760.949;105760.949;105760.949;105760.949;105760.949;105760.949;105760.949;105760.949;105760.949;105760.949;105760.949;105760.949;105760.949;105760.949;105760.949;105760.949;105760.949;105760.949
SSA,2,1000,15,3,120030,random,120030,105401.73751824407,109730.67592026998,4328.938402025902,True,322.8430812724473,105.64759999500006,221.759 970.986;-703.618 710.578;-28.647 -541.085;-146.348 554.545;-448.425 -879.392;570.118 -262.339;143.021 -984.866;313.944 -43.334;-375.954 201.084;-692.954 -363.215;-908.909 356.168;-824.363 -68.326;300.988 411.165;571.949 743.683;406.200 -631.864,nan;nan;nan;nan;nan;nan;nan;nan;nan;nan;nan;nan;nan;nan;nan;nan;nan;nan;nan;nan;nan;nan;nan;nan;nan;nan;nan;nan;nan;nan;nan;nan;nan;nan;nan;nan;nan;nan;nan;nan;nan;nan;nan;nan;nan;nan;nan;nan;nan;nan;nan;nan;nan;nan;nan;nan;nan;nan;nan;nan;nan;nan;nan;nan;nan;nan;nan;103470.852;103470.852;103470.852;103470.852;103470.852;103470.852;103470.852;103470.852;103470.852;103470.852;103545.409;103545.409;103545.409;103545.409;103545.409;103545.409;103741.672;103741.672;103741.672;103741.672;103741.672;103741.672;103905.699;103905.699;103905.699;103905.699;103919.893;103919.893;103919.893;103919.893;103919.893;103919.893;103986.154;104018.171;104252.549;104252.549;104252.549;104550.135;104550.135;104599.199;104599.199;104599.199;104599.199;104599.199;104599.199;104599.199;104644.437;104890.900;104890.900;104893.304;104953.729;105042.853;105042.853;105042.853;105042.853;105042.853;105042.853;105076.761;105089.918;105095.602;105095.602;105120.076;105123.150;105189.946;105195.937;105204.965;105216.258;105236.189;105244.902;105261.130;105276.713;105287.183;105296.999;105311.655;105319.339;105327.388;105328.948;105331.679;105335.257;105339.486;105345.393;105351.317;105353.726;105356.311;105358.343;105359.775;105362.736;105364.886;105367.160;105386.861;105388.766;105390.792;105392.347;105393.199;105393.850;105395.210;105396.043;105397.080;105397.282;105397.476;105398.023;105398.445;105398.974;105399.301;105399.745;105399.946;105400.234;105400.452;105400.636;105400.765;105400.810;105401.000;105401.114;105401.194;105401.267;105401.332;105401.396;105401.424;105401.461;105401.493;105401.551;105401.579;105401.609;105401.645;105401.655;105401.668;105401.682;105401.698;105401.705;105401.712;105401.723;105401.731;105401.738
SSA,2,1000,15,11,120030,random,120030,104963.39628159779,109730.67592026998,4767.279638672189,True,308.0000491354835,105.2045823479998,-343.484 939.158;580.549 -155.679;-510.797 -846.438;-61.299 436.398;-841.703 87.352;170.812 792.394;-776.634 625.184;-367.828 -71.916;653.399 626.089;297.797 -577.806;560.306 170.057;-764.932 -268.850;870.760 -358.025;-820.381 -571.818;-599.658 359.851,nan;nan;nan;nan;nan;nan;nan;nan;nan;nan;nan;nan;nan;nan;nan;nan;nan;nan;nan;nan;nan;nan;nan;nan;nan;nan;nan;nan;nan;nan;nan;nan;nan;nan;nan;nan;nan;nan;nan;nan;nan;nan;nan;nan;nan;nan;nan;nan;nan;nan;nan;nan;nan;nan;nan;nan;nan;nan;nan;nan;nan;nan;nan;nan;nan;nan;nan;nan;nan;nan;nan;nan;nan;nan;nan;nan;nan;nan;102465.267;102465.267;102465.267;102465.267;102465.267;102465.267;102465.267;102465.267;102465.267;102499.517;102499.517;102499.517;102499.517;103214.348;103366.161;103370.699;103370.699;103370.699;103370.699;103418.148;103418.148;103418.148;103418.148;103868.987;104091.819;104091.819;104091.819;104091.819;104136.897;104136.897;104136.897;104136.897;104340.220;104340.220;104340.220;104377.532;104377.532;104377.532;104377.532;104377.532;104403.610;104403.610;104512.349;104545.886;104613.006;104630.893;104639.340;104639.340;104643.439;104652.658;104654.790;104670.529;104812.223;104818.753;104818.753;104820.782;104822.758;104825.546;104850.791;104862.809;104865.945;104868.186;104869.538;104871.388;104873.573;104874.764;104876.367;104877.639;104878.318;104880.069;104881.443;104939.669;104943.518;104945.024;104946.315;104949.131;104951.658;104954.770;104956.969;104957.677;104959.178;104959.805;104960.574;104961.029;104961.882;104961.969;104962.009;104962.194;104962.211;104962.272;104962.328;104962.397;104962.468;104962.570;104962.615;104962.650;104962.695;104962.750;104962.841;104962.950;104963.019;104963.066;104963.072;104963.123;104963.158;104963.194;104963.239;104963.257;104963.294;104963.307;104963.322;104963.328;104963.340;104963.355;104963.363;104963.370;104963.381;104963.385;104963.392;104963.392;104963.394;104963.396
SSA,2,1000,15,19,120030,random,120030,104859.85181756322,109730.67592026998,4870.824102706756,True,368.9106660334826,105.73758275700015,-112.856 -332.721;-520.218 -26.711;966.830 255.420;578.501 746.025;-570.217 -721.079;-981.088 -193.564;-858.662 391.128;265.667 414.259;178.641 -717.527;-210.489 -971.309;359.995 -363.218;-565.277 824.901;396.259 69.236;957.795 -268.972;623.947 -749.526,nan;nan;nan;nan;nan;nan;nan;nan;nan;nan;nan;nan;nan;nan;nan;nan;nan;nan;nan;nan;nan;nan;nan;nan;nan;nan;nan;nan;nan;nan;nan;nan;nan;nan;nan;nan;nan;nan;nan;nan;nan;nan;nan;nan;nan;nan;nan;nan;nan;nan;nan;nan;nan;nan;nan;nan;nan;nan;nan;nan;nan;nan;nan;nan;nan;nan;nan;nan;nan;nan;nan;nan;nan;nan;nan;nan;nan;100988.437;101712.942;101712.942;101712.942;101712.942;102007.712;102330.868;102330.868;102330.868;102744.888;102987.420;102987.420;103151.722;103200.793;103333.994;103464.222;103464.222;103464.222;103552.217;103772.947;103772.947;103772.947;103772.947;104064.095;104064.095;104064.095;104064.095;104064.095;104064.095;104085.505;104180.086;104180.086;104197.836;104197.836;104200.277;104200.277;104200.277;104294.730;104309.631;104309.631;104309.631;104309.631;104309.631;104458.688;104608.887;104763.055;104763.055;104763.055;104792.354;104809.005;104811.850;104820.815;104824.830;104825.119;104825.119;104825.134;104828.604;104830.218;104841.707;104841.753;104842.943;104842.943;104843.045;104846.423;104848.380;104848.434;104849.234;104850.278;104851.591;104851.969;104853.072;104853.072;104853.072;104853.350;104853.381;104853.478;104854.075;104855.265;104856.569;104856.803;104856.908;104857.211;104857.353;104857.932;104858.384;104858.973;104859.006;104859.212;104859.212;104859.221;104859.441;104859.496;104859.540;104859.574;104859.607;104859.621;104859.627;104859.627;104859.634;104859.634;104859.693;104859.730;104859.730;104859.731;104859.737;104859.767;104859.781;104859.808;104859.821;104859.825;104859.829;104859.830;104859.835;104859.841;104859.842;104859.843;104859.846;104859.847;104859.847;104859.848;104859.848;104859.850;104859.852
SSA,2,1000,15,27,120030,random,120030,105247.20221514549,109730.67592026998,4483.473705124488,True,340.4772618738248,104.03477299499991,232.319 972.639;-254.396 540.270;59.722 -597.581;-72.866 -997.342;-992.320 123.698;834.600 146.476;-789.488 613.766;802.259 -512.484;-512.850 -255.010;-472.592 278.898;-798.663 -587.879;467.207 -245.194;691.348 606.760;-362.231 932.086;144.147 -38.316,nan;nan;nan;nan;nan;nan;nan;nan;nan;nan;nan;nan;nan;nan;nan;nan;nan;nan;nan;nan;nan;nan;nan;nan;nan;nan;nan;nan;nan;nan;nan;nan;nan;nan;nan;nan;nan;nan;nan;nan;nan;nan;nan;nan;nan;nan;nan;nan;nan;nan;nan;nan;nan;nan;nan;nan;nan;nan;nan;nan;nan;nan;nan;nan;nan;nan;nan;nan;nan;nan;nan;nan;100429.728;100429.728;100429.728;100429.728;100429.728;100429.728;100429.728;100429.728;101574.141;101574.141;101574.141;101574.141;102201.455;102863.250;103820.395;103820.395;103820.395;103820.395;103820.395;103820.395;103820.395;103820.395;103825.117;104069.696;104165.411;104370.519;104370.519;104370.519;104370.519;104370.519;104370.519;104421.153;104421.153;104421.153;104450.309;104450.309;104578.948;104578.948;104620.680;104620.680;104870.993;104944.808;104944.808;104957.836;104973.956;104973.956;104985.073;104991.981;104991.981;104992.965;104996.274;105062.163;105063.875;105065.774;105075.767;105083.035;105111.459;105134.191;105153.855;105162.001;105187.262;105203.709;105207.776;105214.281;105218.683;105225.351;105227.442;105231.726;105237.563;105240.515;105240.702;105240.702;105240.784;105240.784;105240.784;105241.998;105242.971;105243.647;105243.647;105243.647;105243.702;105243.702;105243.702;105244.308;105244.597;105244.789;105245.282;105245.581;105245.669;105245.669;105245.678;105245.696;105245.879;105246.219;105246.255;105246.377;105246.406;105246.517;105246.669;105246.777;105246.846;105246.910;105246.925;105247.000;105247.007;105247.069;105247.098;105247.107;105247.115;105247.123;105247.129;105247.130;105247.134;105247.141;105247.150;105247.162;105247.163;105247.167;105247.176;105247.182;105247.184;105247.189;105247.191;105247.193;105247.195;105247.199;105247.201;105247.202
LXSSA,2,1000,15,5,120030,random,120030,102944.41091725086,109730.67592026998,6786.265003019114,True,320.6961070092911,103.60861259499984,-39.090 464.155;-372.562 486.315;-755.208 552.003;106.831 -16.068;200.569 970.941;654.930 218.458;-424.882 -197.019;-169.628 -979.234;332.655 335.243;895.407 -67.115;-191.827 -659.307;669.307 742.986;-670.064 141.309;-238.590 935.530;-231.031 100.864,nan;nan;nan;nan;nan;nan;nan;nan;nan;nan;nan;nan;nan;nan;nan;nan;nan;nan;nan;nan;nan;nan;nan;nan;nan;nan;nan;nan;nan;nan;nan;nan;nan;nan;nan;nan;nan;nan;nan;nan;nan;nan;nan;nan;nan;nan;100619.957;100619.957;100619.957;100619.957;100619.957;100833.599;100833.599;100833.599;100833.599;100833.599;101035.698;101334.989;101334.989;101334.989;101334.989;101519.944;101519.944;101519.944;101519.944;101520.086;101520.086;101520.086;101520.086;101521.419;101521.419;101521.419;101521.419;101521.419;101521.419;101521.419;101521.875;101521.875;101521.875;101604.049;101763.181;101767.299;101958.947;102030.417;102031.103;102033.839;102033.839;102034.392;102086.582;102089.054;102089.054;102089.192;102089.192;102089.192;102089.711;102100.554;102100.554;102100.554;102140.702;102140.702;102140.702;102141.871;102144.922;102175.556;102235.154;102235.154;102235.259;102235.259;102235.979;102244.335;102269.266;102295.089;102302.171;102302.183;102305.297;102305.391;102317.541;102322.174;102323.852;102334.435;102404.939;102464.802;102474.687;102489.191;102496.178;102497.426;102509.699;102527.872;102536.309;102540.378;102563.581;102574.615;102593.904;102619.887;102642.057;102679.123;102703.165;102736.880;102758.281;102775.354;102802.345;102815.846;102829.538;102843.208;102850.673;102859.242;102870.569;102877.439;102884.496;102886.940;102894.663;102898.874;102904.310;102909.978;102912.224;102916.516;102919.830;102923.412;102928.328;102931.677;102932.915;102934.168;102936.424;102936.878;102937.510;102938.168;102939.430;102940.217;102940.745;102941.245;102941.809;102942.247;102942.355;102942.553;102942.769;102942.904;102943.342;102943.503;102943.592;102943.681;102943.745;102944.070;102944.134;102944.176;102944.209;102944.228;102944.266;102944.291;102944.304;102944.315;102944.326;102944.342;102944.354;102944.364;102944.374;102944.379;102944.388;102944.394;102944.404;102944.411
LXSSA,2,1000,15,13,120030,random,120030,102242.33155847968,109730.67592026998,7488.344361790296,True,318.34617431853303,103.29306512300013,630.497 184.502;761.978 624.493;-753.438 -651.315;340.357 432.743;818.041 -272.130;445.119 -207.898;-64.673 -417.148;-156.726 392.827;-339.290 76.780;-480.598 -339.685;217.203 55.704;994.453 105.179;-882.817 128.767;-984.966 -172.746;534.347 -602.217,nan;nan;nan;nan;nan;nan;nan;nan;nan;nan;nan;nan;nan;nan;nan;nan;nan;nan;nan;nan;nan;nan;nan;nan;nan;nan;100119.479;100119.479;100119.479;100119.479;100407.784;100407.784;100529.053;100529.053;100529.053;100529.053;100529.053;100529.053;100529.053;100529.053;100529.053;100529.053;100529.053;100529.053;100529.053;100529.053;100529.053;100544.653;100553.789;100592.058;100592.058;100592.058;100592.058;100693.435;100693.435;100693.435;100693.435;100693.435;100693.435;100989.793;100989.793;101129.307;101129.307;101129.375;101129.375;101129.375;101129.375;101129.375;101139.085;101141.020;101141.020;101141.020;101141.020;101141.020;101141.020;101546.721;101547.401;101601.547;101602.437;101602.437;101602.437;101608.014;101649.637;101651.234;101651.234;101660.501;101661.033;101661.033;101661.644;101661.644;101669.283;101669.283;101669.283;101669.283;101669.283;101670.430;101671.400;101672.499;101672.499;101679.720;101679.775;101680.771;101739.755;101773.407;101776.582;101781.752;101783.395;101806.601;101820.536;101820.536;101825.672;101876.145;101898.814;101900.733;101900.733;101909.258;101914.037;101961.076;101964.071;102031.418;102033.220;102033.346;102044.541;102082.993;102086.282;102090.157;102091.909;102093.114;102096.743;102103.981;102114.096;102119.336;102120.878;102121.134;102122.109;102144.973;102147.431;102182.274;102194.212;102197.349;102204.067;102205.021;102210.112;102213.199;102220.618;102224.880;102225.485;102226.515;102228.260;102231.465;102232.567;102233.387;102234.678;102236.639;102236.930;102237.407;102237.743;102237.902;102238.130;102238.312;102238.957;102239.506;102240.026;102240.397;102240.862;102241.072;102241.109;102241.240;102241.269;102241.288;102241.310;102241.337;102241.500;102241.636;102241.830;102241.876;102241.962;102242.039;102242.120;102242.160;102242.199;102242.221;102242.223;102242.233;102242.238;102242.241;102242.245;102242.248;102242.260;102242.267;102242.285;102242.293;102242.301;102242.304;102242.314;102242.324;102242.328;102242.329;102242.331;102242.332
LXSSA,2,1000,15,21,120030,random,120030,103259.5286529562,109730.67592026998,6471.147267313776,True,329.09050508289835,103.4984545499999,-52.832 843.666;508.081 -760.786;518.164 -407.852;39.438 -339.306;472.656 101.024;-127.756 342.339;58.609 6.201;-134.018 -979.576;793.105 -17.657;553.770 832.669;-398.680 -748.372;492.985 434.576;-773.902 -571.374;-514.101 -217.744;814.390 -551.208,nan;nan;nan;nan;nan;nan;nan;nan;nan;nan;nan;nan;nan;nan;nan;nan;nan;nan;nan;nan;nan;nan;nan;nan;nan;nan;nan;nan;nan;nan;nan;nan;nan;nan;nan;nan;nan;nan;nan;nan;101327.176;101715.308;101715.308;101715.308;101715.308;101715.308;101715.308;101715.308;101893.358;101893.358;102045.247;102299.363;102299.363;102299.363;102299.363;102299.363;102299.363;102358.898;102534.499;102567.185;102567.185;102567.185;102567.185;102567.185;102567.185;102567.185;102567.185;102567.185;102567.185;102664.364;102664.364;102664.364;102664.364;102664.364;102664.364;102664.364;102664.364;102664.364;102664.364;102664.364;102664.364;102664.368;102849.818;102853.889;102853.889;102873.348;102875.046;102875.046;102875.046;102992.106;102992.106;102992.106;102992.106;102992.106;102992.106;102992.106;102992.106;102992.106;102992.106;102992.106;102993.413;102996.911;102997.087;103056.365;103056.365;103056.365;103056.365;103056.423;103056.426;103056.429;103056.891;103056.958;103056.958;103056.958;103059.662;103060.691;103060.722;103062.016;103062.679;103062.679;103062.679;103063.056;103065.931;103066.002;103068.401;103079.650;103083.112;103118.849;103135.847;103138.993;103150.463;103164.114;103182.834;103200.182;103203.194;103205.017;103209.511;103215.224;103221.516;103224.751;103232.156;103237.349;103242.367;103244.483;103246.554;103247.155;103247.230;103247.308;103250.120;103251.158;103251.744;103252.431;103253.689;103254.434;103255.402;103256.057;103256.144;103256.587;103256.684;103256.810;103256.867;103256.928;103257.018;103257.047;103257.118;103257.182;103257.357;103257.435;103257.568;103257.619;103257.869;103258.042;103258.086;103258.334;103258.432;103258.480;103258.524;103258.641;103258.893;103259.002;103259.080;103259.169;103259.217;103259.227;103259.252;103259.285;103259.332;103259.361;103259.404;103259.437;103259.460;103259.474;103259.483;103259.496;103259.503;103259.507;103259.514;103259.521;103259.526;103259.528
LXSSA,2,1000,15,29,120030,random,120030,104815.1485097249,109730.67592026998,4915.527410545081,True,347.97534026913866,101.70556492499986,787.712 -339.338;-80.179 996.704;-191.141 -589.563;-605.549 792.910;24.219 -135.193;653.538 -749.463;-550.678 -834.718;-476.364 -83.784;-724.067 -370.662;-173.744 589.382;-478.728 264.183;347.503 512.169;942.199 335.053;19.889 -982.014;502.780 18.871,nan;nan;nan;nan;nan;nan;nan;nan;nan;nan;101991.771;102359.216;102359.216;102359.216;102359.216;102359.216;102443.605;102443.605;102443.605;102443.605;102496.760;102760.589;102760.589;102760.589;102760.589;102760.589;102760.589;102760.589;102760.589;103105.067;103105.067;103105.067;103105.067;103105.067;103105.067;103105.067;103105.067;103132.455;103132.455;103132.455;103132.455;103132.455;103132.455;103132.455;103132.455;103132.455;103132.455;103132.455;103132.455;103132.455;103132.455;103132.455;103132.455;103132.455;103132.455;103277.746;103277.746;103277.746;103480.482;103480.482;103480.482;103480.482;103480.482;103480.482;103480.482;103480.482;103480.482;103480.482;103480.482;103480.482;103847.071;103847.071;103847.071;103847.071;103847.071;103847.071;103847.071;103847.071;103847.071;103847.650;103847.650;103847.650;103849.238;103849.238;103850.459;103850.459;103850.459;103850.459;103923.169;104069.926;104331.848;104403.364;104406.607;104406.607;104488.946;104489.745;104550.070;104575.417;104576.560;104585.752;104604.589;104604.589;104606.490;104608.469;104610.066;104610.066;104615.126;104615.126;104617.112;104617.159;104617.807;104617.912;104619.548;104620.412;104635.144;104635.299;104636.575;104647.448;104647.448;104662.122;104671.740;104683.039;104688.352;104692.717;104696.077;104698.218;104700.329;104705.975;104708.510;104711.463;104716.504;104729.385;104738.619;104752.812;104759.296;104765.077;104767.850;104768.395;104770.329;104770.640;104771.749;104775.121;104777.643;104781.247;104784.194;104788.445;104789.929;104791.357;104793.198;104797.747;104800.184;104800.992;104801.971;104802.512;104803.695;104804.444;104805.385;104806.870;104808.469;104809.663;104810.730;104811.324;104812.483;104812.859;104813.426;104813.771;104813.950;104814.017;104814.273;104814.460;104814.504;104814.644;104814.749;104814.810;104814.915;104814.996;104815.040;104815.065;104815.067;104815.086;104815.091;104815.091;104815.105;104815.115;104815.120;104815.123;104815.124;104815.125;104815.126;104815.130;104815.131;104815.133;104815.135;104815.138;104815.141;104815.145;104815.146;104815.147;104815.148;104815.149
PSOC,2,1000,15,7,120030,random,120030,105160.30708132464,109730.67592026998,4570.368838945331,True,323.0395334857276,102.35195103700016,-915.369 316.921;450.230 79.086;-929.127 -283.043;318.079 948.064;-76.251 325.541;-498.776 484.126;-209.356 -977.839;-241.950 970.289;-98.390 680.902;718.260 -436.054;920.079 340.574;-290.891 82.210;156.148 -599.674;998.997 -44.766;-373.480 -413.262,nan;100220.688;102251.551;103011.345;103265.624;103507.626;103786.762;103900.686;104026.773;104297.023;104467.733;104519.773;104538.852;104545.973;104647.367;104659.164;104669.418;104698.323;104827.520;104987.227;105032.557;105084.412;105104.052;105104.925;105107.475;105112.202;105116.033;105118.395;105121.566;105122.385;105124.362;105127.034;105128.013;105128.302;105128.911;105129.601;105132.685;105133.222;105133.479;105134.311;105139.447;105141.570;105141.704;105141.844;105141.943;105144.592;105145.217;105146.254;105146.464;105146.793;105147.208;105150.127;105150.572;105150.793;105150.907;105151.024;105152.407;105153.085;105155.853;105156.217;105156.441;105156.542;105156.653;105156.697;105156.814;105156.904;105156.955;105157.257;105157.518;105157.595;105157.678;105157.759;105157.799;105158.011;105158.138;105158.148;105158.192;105158.277;105158.399;105158.425;105158.449;105158.462;105158.473;105158.483;105158.806;105158.809;105158.815;105158.868;105158.875;105158.887;105158.892;105158.894;105158.895;105158.898;105158.899;105158.903;105158.922;105158.935;105159.338;105159.424;105159.456;105159.456;105159.462;105159.467;105159.473;105159.507;105159.510;105159.511;105159.516;105159.589;105159.774;105159.774;105159.777;105159.779;105159.781;105159.795;105159.795;105159.795;105159.796;105159.797;105159.797;105159.797;105159.797;105159.797;105159.797;105159.797;105159.799;105159.799;105159.799;105159.799;105159.799;105159.800;105159.800;105159.832;105159.852;105159.853;105159.853;105159.854;105159.855;105159.855;105159.856;105159.858;105159.864;105159.868;105159.940;105159.977;105159.983;105159.983;105159.983;105159.984;105159.984;105159.985;105159.985;105159.985;105159.985;105159.987;105159.992;105160.189;105160.193;105160.197;105160.199;105160.199;105160.200;105160.200;105160.200;105160.200;105160.200;105160.200;105160.200;105160.200;105160.201;105160.201;105160.202;105160.202;105160.203;105160.203;105160.203;105160.203;105160.203;105160.204;105160.204;105160.205;105160.205;105160.205;105160.205;105160.206;105160.207;105160.207;105160.208;105160.208;105160.208;105160.210;105160.217;105160.261;105160.268;105160.283;105160.283;105160.294;105160.307;105160.307
PSOC,2,1000,15,15,120030,random,120030,105095.35530533173,109730.67592026998,4635.320614938246,True,364.9580972626072,101.08564694500001,346.277 215.617;-272.292 962.214;-999.775 21.225;361.519 -337.725;892.806 422.921;39.738 413.678;-716.703 496.693;-370.940 -283.739;645.485 -32.378;-78.758 -603.028;-475.722 -879.595;968.742 -248.071;195.079 752.134;601.632 -784.257;165.831 -986.154,nan;nan;100711.331;102029.536;102748.171;103178.059;103371.073;103624.840;103734.272;103736.663;104096.128;104226.910;104489.231;104530.266;104546.417;104574.409;104598.756;104602.821;104619.879;104626.187;104698.968;104713.654;104727.706;104731.440;104736.431;104758.284;104765.787;104771.287;104776.243;104791.639;104793.184;104798.518;104801.121;104802.481;104805.490;104806.883;104808.081;104809.135;104809.606;104811.416;104812.334;104812.794;104813.176;104813.524;104813.811;104813.999;104814.367;104814.382;104814.611;104907.614;104926.832;104928.437;104933.976;104937.008;104937.708;104941.282;104941.877;104942.218;104943.323;104945.005;104945.965;104947.658;104948.240;104949.647;104955.001;104959.240;104970.678;104976.189;104976.915;104977.328;104977.721;104978.648;104978.832;104978.886;104979.013;104979.082;104979.759;104980.118;104980.405;104980.456;104980.654;104980.677;104980.678;104980.685;104980.770;104980.900;104980.930;104980.971;104980.975;104999.630;105004.834;105030.500;105031.225;105036.674;105047.218;105057.584;105058.937;105059.253;105059.368;105067.718;105074.739;105080.775;105081.598;105081.678;105082.407;105083.207;105083.930;105085.720;105086.945;105087.263;105087.562;105087.680;105088.563;105088.994;105089.208;105089.950;105090.662;105090.803;105091.081;105091.144;105091.176;105091.251;105091.416;105091.451;105091.537;105091.749;105091.820;105091.844;105091.934;105092.108;105092.261;105092.306;105092.340;105092.352;105092.362;105092.368;105092.374;105092.376;105092.380;105092.387;105092.393;105092.394;105092.397;105092.418;105092.458;105093.099;105093.361;105093.413;105093.461;105093.472;105093.474;105093.477;105093.480;105093.486;105093.492;105093.492;105093.495;105093.510;105093.966;105094.010;105094.020;105094.027;105094.029;105094.031;105094.035;105094.035;105094.035;105094.036;105094.040;105094.040;105094.042;105094.043;105094.043;105094.043;105094.063;105094.149;105094.422;105094.824;105094.923;105095.000;105095.131;105095.313;105095.328;105095.337;105095.338;105095.339;105095.342;105095.344;105095.348;105095.351;105095.351;105095.352;105095.353;105095.354;105095.355;105095.355;105095.355;105095.355;105095.355;105095.355
PSOC,2,1000,15,23,120030,random,120030,105242.69458069929,109730.67592026998,4487.981339570688,True,343.01373590726683,101.92693118300008,624.090 -362.174;-49.622 -661.069;-450.387 47.160;-460.771 -864.072;-839.524 -215.378;1.055 510.916;-620.402 377.067;531.777 -846.858;714.911 699.166;-128.341 -165.907;144.049 822.703;-530.703 846.214;939.571 274.552;-970.062 217.020;452.974 35.048,nan;nan;nan;104022.767;104022.767;104154.541;104464.662;104490.943;104577.476;104652.528;104692.177;104792.508;104834.566;104937.170;104950.062;105011.740;105023.603;105029.622;105033.103;105036.551;105039.056;105041.889;105052.023;105056.904;105060.006;105063.114;105064.309;105064.581;105117.943;105130.458;105131.832;105132.423;105134.498;105135.068;105139.035;105139.955;105140.584;105141.750;105144.069;105144.346;105144.935;105147.301;105153.317;105157.756;105161.681;105162.648;105163.020;105163.856;105164.372;105165.045;105165.397;105165.469;105165.496;105165.523;105165.547;105165.603;105165.697;105166.221;105166.459;105167.362;105167.527;105167.619;105167.804;105168.842;105169.228;105169.297;105170.318;105170.625;105170.750;105170.897;105170.901;105170.935;105170.967;105171.006;105171.020;105171.052;105171.109;105171.156;105171.190;105173.192;105173.314;105173.371;105173.624;105173.700;105173.743;105173.893;105174.030;105174.102;105174.125;105174.148;105174.169;105174.716;105174.762;105174.778;105174.797;105174.851;105174.940;105175.176;105175.204;105175.223;105175.228;105175.303;105175.675;105175.689;105175.713;105175.777;105175.844;105176.007;105176.228;105176.269;105176.281;105176.287;105176.291;105177.978;105192.542;105194.728;105194.797;105194.829;105194.834;105194.846;105194.850;105194.852;105194.856;105194.881;105195.265;105195.451;105195.504;105195.722;105195.897;105196.453;105197.053;105197.323;105197.625;105198.042;105198.449;105205.767;105206.338;105206.359;105206.816;105208.169;105210.034;105218.466;105221.912;105227.848;105228.469;105229.329;105230.047;105231.263;105231.963;105232.091;105232.554;105232.700;105232.823;105232.885;105232.923;105233.045;105233.156;105233.214;105233.238;105233.243;105233.246;105233.318;105233.436;105233.483;105233.535;105233.611;105233.628;105233.659;105233.696;105233.727;105233.738;105233.743;105233.747;105233.750;105233.753;105233.753;105233.756;105233.756;105233.757;105233.757;105233.765;105233.768;105233.768;105233.774;105233.776;105233.777;105233.777;105234.485;105236.095;105236.453;105236.686;105236.767;105241.264;105242.085;105242.118;105242.356;105242.414;105242.608;105242.674;105242.693
DE,2,1000,15,1,120030,random,120030,105973.4185474978,109730.67592026998,3757.2573727721756,True,318.457131449673,112.3329237160001,-694.347 316.527;775.495 -631.350;-899.006 -2.854;-109.567 216.421;741.094 225.619;111.378 -135.885;881.839 -60.049;-652.578 757.706;-15.158 -999.879;-0.510 997.721;472.069 -376.570;614.882 641.907;-176.870 -646.323;-245.921 632.345;-676.282 -351.131,nan;nan;nan;nan;nan;nan;nan;nan;nan;nan;nan;nan;nan;nan;nan;nan;nan;nan;nan;nan;nan;nan;nan;nan;nan;nan;nan;nan;nan;nan;100324.565;100324.565;102910.711;103431.522;103573.190;104248.568;104248.568;104534.030;104562.137;104571.797;104699.796;104699.796;104754.759;104754.759;104812.101;104815.470;104956.605;105006.624;105006.624;105072.239;105172.536;105267.131;105267.131;105294.517;105294.517;105336.320;105370.366;105398.847;105512.698;105565.668;105610.120;105623.501;105736.399;105752.956;105753.964;105760.313;105771.477;105791.836;105863.724;105885.759;105888.676;105894.156;105896.792;105902.704;105907.840;105909.978;105911.828;105915.327;105916.952;105920.146;105924.567;105925.835;105926.492;105928.046;105929.327;105930.868;105932.810;105933.667;105935.067;105936.699;105937.583;105938.328;105939.503;105941.796;105943.115;105943.725;105944.982;105945.839;105947.084;105948.526;105948.979;105949.163;105949.474;105950.225;105950.816;105951.659;105952.024;105952.725;105953.561;105953.770;105954.082;105954.546;105955.159;105955.519;105955.759;105956.017;105956.244;105956.438;105956.672;105956.767;105956.881;105957.040;105957.182;105957.272;105957.400;105957.627;105957.822;105958.339;105958.939;105959.644;105960.612;105961.053;105961.689;105962.372;105963.318;105963.754;105964.022;105964.430;105964.676;105965.036;105965.490;105965.754;105965.999;105966.715;105967.503;105968.093;105968.759;105968.860;105969.077;105969.264;105969.311;105969.577;105969.740;105969.985;105970.107;105970.258;105970.411;105970.534;105970.593;105970.670;105970.732;105970.772;105970.840;105970.909;105970.950;105970.990;105971.057;105971.079;105971.126;105971.141;105971.163;105971.205;105971.253;105971.281;105971.346;105971.401;105971.519;105971.680;105971.779;105971.870;105971.904;105971.970;105972.114;105972.220;105972.269;105972.372;105972.462;105972.526;105972.594;105972.629;105972.699;105972.733;105972.762;105972.794;105972.864;105972.963;105973.155;105973.190;105973.278;105973.419
DE,2,1000,15,9,120030,random,120030,106429.48599756014,109730.67592026998,3301.189922709833,True,332.7556554441583,132.18316344799996,521.042 853.524;117.312 537.533;-160.468 -570.947;504.492 -127.459;439.281 -898.311;-403.329 -126.069;-746.929 547.475;-996.427 -84.184;-458.355 -888.755;52.894 998.577;679.568 -571.798;961.335 -268.403;718.475 352.213;-799.830 -532.038;-184.409 124.532,nan;nan;nan;nan;nan;nan;nan;nan;nan;nan;nan;nan;nan;nan;nan;nan;nan;nan;nan;nan;nan;nan;nan;nan;nan;nan;nan;101706.538;102938.817;102938.817;103600.148;103600.148;103834.845;103899.873;103996.840;104226.176;104226.176;104226.176;104252.417;104257.902;104468.064;104468.064;104468.064;104545.919;104558.805;104558.805;104570.142;104697.493;104818.096;104952.517;104952.517;104952.517;104952.517;105053.497;105053.497;105053.497;105182.274;105182.274;105182.274;105182.274;105212.433;105212.433;105212.433;105212.433;105344.405;105344.405;105420.223;105686.645;105686.645;105925.020;105925.020;105925.020;106045.256;106076.913;106160.699;106188.947;106199.415;106211.649;106221.374;106269.967;106292.992;106311.902;106313.621;106321.541;106330.173;106335.499;106339.328;106349.253;106353.399;106357.733;106361.123;106362.595;106364.889;106369.545;106372.897;106379.620;106381.811;106401.042;106404.942;106408.348;106409.538;106411.059;106412.072;106413.519;106413.992;106415.004;106416.006;106416.556;106416.865;106417.398;106417.801;106418.568;106418.882;106419.286;106419.656;106419.969;106420.228;106420.393;106420.653;106420.926;106421.138;106421.483;106421.885;106422.861;106422.946;106423.166;106423.423;106423.587;106423.782;106424.005;106424.160;106424.346;106424.368;106424.482;106424.615;106424.756;106424.853;106424.944;106425.106;106425.187;106425.318;106425.432;106425.600;106425.708;106425.824;106425.908;106425.989;106426.068;106426.178;106426.239;106426.312;106426.333;106426.366;106426.411;106426.471;106426.546;106426.576;106426.615;106426.632;106426.652;106426.674;106426.735;106426.769;106426.847;106426.897;106426.929;106426.960;106426.974;106426.993;106427.072;106427.171;106427.218;106427.298;106427.379;106427.453;106427.542;106427.666;106427.718;106427.784;106427.848;106427.939;106427.987;106428.113;106428.371;106428.508;106428.617;106428.762;106428.839;106428.941;106429.024;106429.056;106429.101;106429.146;106429.184;106429.212;106429.278;106429.342;106429.389;106429.432;106429.486
DE,2,1000,15,17,120030,random,120030,106066.60880984602,109730.67592026998,3664.067110423959,True,326.0719083045032,131.05828964800003,440.872 802.367;365.829 -786.318;-578.853 803.515;-773.350 -86.469;-41.820 999.094;-478.961 -739.974;143.957 480.643;6.273 185.065;-985.794 167.950;905.131 425.120;-110.032 -172.898;671.110 -460.677;-784.505 481.435;847.443 82.376;-801.300 -503.463,nan;nan;nan;nan;nan;nan;nan;nan;nan;nan;nan;nan;nan;nan;nan;nan;nan;nan;nan;nan;nan;nan;nan;nan;nan;nan;nan;nan;nan;nan;nan;nan;nan;nan;nan;nan;100578.951;100578.951;100578.951;101256.446;101256.446;101256.446;102244.394;102244.394;102244.394;102432.551;103144.368;103144.368;103309.907;103433.232;103560.936;103864.289;104072.465;104072.465;104137.627;104326.510;104647.555;104781.895;105142.103;105144.343;105400.184;105400.184;105429.502;105507.246;105509.511;105586.074;105624.969;105655.990;105655.990;105657.061;105669.017;105736.661;105790.995;105792.837;105818.625;105820.780;105826.136;105833.758;105839.461;105846.942;105858.041;105869.146;105876.020;105883.518;105889.217;105894.717;105897.841;105901.818;105906.329;105910.004;105913.425;105916.033;105918.105;105928.191;105932.878;105934.376;105939.681;105956.483;105959.284;105961.771;105963.154;105972.694;105973.996;105975.929;105977.300;105977.777;105979.271;105980.032;105981.485;105982.340;105984.165;105985.283;105987.660;105990.312;105993.948;105996.812;106001.373;106004.020;106006.512;106008.841;106010.260;106011.465;106013.546;106015.049;106022.288;106023.552;106024.369;106024.861;106025.221;106026.318;106026.722;106026.896;106027.503;106027.870;106028.253;106028.893;106029.276;106029.614;106030.033;106030.231;106030.418;106030.657;106031.071;106031.327;106031.533;106032.017;106032.424;106032.847;106033.230;106033.620;106040.667;106041.075;106041.276;106041.630;106041.749;106042.013;106042.313;106042.757;106043.010;106043.467;106043.726;106044.076;106044.317;106044.524;106044.669;106045.016;106045.269;106045.385;106045.645;106045.869;106046.028;106046.224;106062.751;106063.051;106063.567;106063.796;106064.105;106064.289;106064.480;106064.865;106065.065;106065.362;106065.408;106065.581;106065.637;106065.731;106065.800;106065.927;106066.020;106066.062;106066.114;106066.147;106066.228;106066.306;106066.365;106066.415;106066.478;106066.522;106066.580;106066.609
DE,2,1000,15,25,120030,random,120030,105600.80963972196,109730.67592026998,4129.866280548013,True,340.80406516695723,156.86729753100008,17.066 999.851;-633.702 524.085;-978.987 58.121;-598.407 -801.190;507.717 822.535;-270.107 250.908;-444.534 807.569;402.091 250.157;887.961 -400.566;930.567 70.268;822.008 550.424;412.616 -247.703;116.043 -612.849;-4.496 -70.055;-853.551 -341.329,nan;nan;nan;nan;nan;nan;nan;nan;nan;nan;nan;nan;nan;nan;nan;nan;nan;nan;nan;nan;nan;nan;nan;nan;nan;nan;101069.612;101159.566;101994.550;102573.340;102629.357;103153.192;103407.710;103508.473;103643.026;103884.484;103933.323;103933.323;103969.738;104203.477;104203.477;104203.477;104203.477;104203.477;104223.505;104223.505;104365.113;104413.703;104510.769;104510.769;104510.769;104704.436;104704.436;104704.436;104704.436;104704.436;104704.436;104862.056;104862.056;104862.056;104862.056;104862.056;105020.551;105020.551;105020.551;105020.551;105020.551;105080.364;105111.116;105139.693;105179.528;105185.988;105216.718;105224.021;105234.187;105241.276;105258.167;105260.192;105268.025;105275.789;105278.086;105283.209;105289.733;105301.574;105307.837;105314.859;105319.402;105323.784;105326.824;105330.154;105333.397;105337.263;105340.753;105345.329;105347.240;105351.505;105386.428;105388.013;105390.050;105392.687;105395.395;105398.608;105401.753;105405.764;105410.825;105413.618;105415.675;105418.332;105418.881;105420.252;105421.762;105424.086;105426.237;105428.162;105429.980;105431.231;105432.336;105433.301;105433.956;105434.694;105435.665;105436.266;105437.300;105437.926;105438.422;105438.907;105439.863;105440.280;105440.570;105440.795;105440.937;105441.144;105441.233;105441.438;105441.671;105441.929;105442.116;105442.380;105442.610;105442.706;105442.825;105442.906;105443.031;105443.439;105443.707;105443.903;105443.998;105444.140;105444.369;105444.569;105444.989;105445.501;105446.328;105447.744;105448.594;105449.094;105449.329;105449.541;105449.726;105449.953;105450.156;105450.671;105593.796;105594.524;105595.077;105595.611;105595.993;105596.501;105597.079;105597.624;105598.054;105598.450;105598.788;105599.017;105599.137;105599.281;105599.702;105599.833;105599.974;105600.098;105600.158;105600.192;105600.257;105600.310;105600.319;105600.362;105600.401;105600.438;105600.476;105600.535;105600.567;105600.616;105600.640;105600.672;105600.692;105600.730;105600.760;105600.771;105600.790;105600.810
SLSQP,2,1000,15,3,120030,random,120030,104596.79620307886,109730.67592026998,5133.879717191114,True,310.6006043615724,411.800726058,-372.839 -315.811;487.638 -544.005;351.203 -85.351;-799.981 210.647;771.496 540.262;-856.556 516.051;-470.571 817.406;296.132 -826.588;734.747 230.050;-130.667 112.140;-151.709 -988.000;936.123 -348.485;-577.003 -816.729;468.178 867.910;-21.816 604.697,102171.476;102179.677;102610.485;102610.485;103452.324;103493.296;103645.192;103650.313;103650.317;103650.317;103651.469;103651.469;103651.469;103651.469;103651.469;103651.469;103651.469;103651.469;103651.469;103651.469;103651.469;103651.469;103651.469;103651.469;103651.469;103651.469;103651.469;103651.469;103651.469;103651.469;103651.469;103651.469;103651.469;103651.469;103787.587;103882.746;103882.746;103882.746;103882.746;104295.816;104295.816;104295.816;104295.816;104295.816;104295.816;104295.816;104295.816;104295.816;104295.816;104295.816;104295.816;104295.816;104295.816;104295.816;104295.816;104295.816;104295.816;104295.816;104295.816;104295.816;104295.816;104295.816;104295.816;104295.816;104295.816;104295.816;104295.816;104295.816;104295.816;104295.816;104295.816;104295.816;104295.816;104295.816;104295.816;104295.816;104295.816;104295.816;104295.816;104295.816;104295.816;104295.816;104295.816;104295.816;104295.816;104295.816;104295.816;104295.816;104295.816;104295.816;104295.816;104295.816;104295.816;104295.816;104295.816;104295.816;104295.816;104295.816;104295.816;104295.816;104295.816;104295.816;104295.816;104295.816;104295.816;104295.816;104295.816;104295.816;104295.816;104295.816;104295.816;104295.816;104295.816;104295.816;104295.816;104568.075;104568.577;104568.577;104576.874;104576.970;104576.970;104576.970;104576.970;104576.970;104576.970;104576.970;104576.970;104576.970;104576.970;104576.970;104576.970;104576.970;104576.970;104576.970;104576.970;104576.970;104576.970;104576.970;104576.970;104576.970;104576.970;104576.970;104576.970;104576.970;104576.970;104576.970;104576.970;104576.970;104576.970;104576.970;104576.970;104576.970;104576.970;104576.970;104576.970;104576.970;104576.970;104576.970;104576.970;104576.970;104576.970;104576.970;104576.970;104576.970;104576.970;104576.970;104576.970;104576.970;104576.970;104576.970;104576.970;104576.970;104576.970;104576.970;104576.970;104576.970;104576.970;104576.970;104576.970;104576.970;104576.970;104576.970;104576.970;104576.970;104576.970;104576.970;104576.970;104576.970;104592.973;104596.572;104596.796;104596.796;104596.796;104596.796;104596.796;104596.796;104596.796;104596.796;104596.796;104596.796
SLSQP,2,1000,15,11,120030,random,120030,105030.64148794398,109730.67592026998,4700.034432325992,True,322.23597073126547,439.55910317100006,-848.722 -273.264;97.453 -157.364;-778.820 -616.786;313.356 90.518;627.426 645.579;875.265 -468.592;923.798 176.791;310.160 -830.684;-631.410 773.124;982.330 -164.663;-847.595 526.112;338.195 930.987;-965.291 126.942;-469.836 -835.242;-157.656 979.798,103052.435;103058.726;103089.018;103090.062;103707.896;103753.773;103753.773;103753.773;103753.773;103753.773;103753.773;103753.773;103753.773;103753.773;103753.773;103753.773;103753.773;103867.985;103867.985;103867.985;103867.985;103867.985;103867.985;104336.875;104345.325;104345.325;104345.325;104345.325;104345.325;104345.325;104345.325;104345.325;104345.325;104345.325;104345.325;104345.325;104345.325;104345.325;104345.325;104428.301;104715.503;104715.503;104715.503;104715.503;104715.503;104715.503;104715.503;104715.503;104715.503;104715.503;104715.503;104715.503;104715.503;104715.503;104715.503;104715.503;104715.503;104715.503;104715.503;104715.503;104715.503;104715.503;104861.137;104861.137;104932.260;104932.260;105022.338;105030.622;105030.641;105030.641;105030.641;105030.641;105030.641;105030.641;105030.641;105030.641;105030.641;105030.641;105030.641;105030.641;105030.641;105030.641;105030.641;105030.641;105030.641;105030.641;105030.641;105030.641;105030.641;105030.641;105030.641;105030.641;105030.641;105030.641;105030.641;105030.641;105030.641;105030.641;105030.641;105030.641;105030.641;105030.641;105030.641;105030.641;105030.641;105030.641;105030.641;105030.641;105030.641;105030.641;105030.641;105030.641;105030.641;105030.641;105030.641;105030.641;105030.641;105030.641;105030.641;105030.641;105030.641;105030.641;105030.641;105030.641;105030.641;105030.641;105030.641;105030.641;105030.641;105030.641;105030.641;105030.641;105030.641;105030.641;105030.641;105030.641;105030.641;105030.641;105030.641;105030.641;105030.641;105030.641;105030.641;105030.641;105030.641;105030.641;105030.641;105030.641;105030.641;105030.641;105030.641;105030.641;105030.641;105030.641;105030.641;105030.641;105030.641;105030.641;105030.641;105030.641;105030.641;105030.641;105030.641;105030.641;105030.641;105030.641;105030.641;105030.641;105030.641;105030.641;105030.641;105030.641;105030.641;105030.641;105030.641;105030.641;105030.641;105030.641;105030.641;105030.641;105030.641;105030.641;105030.641;105030.641;105030.641;105030.641;105030.641;105030.641;105030.641;105030.641;105030.641;105030.641;105030.641;105030.641;105030.641;105030.641;105030.641;105030.641;105030.641;105030.641
SLSQP,2,1000,15,19,120030,random,120030,104571.83180917088,109730.67592026998,5158.844111099097,True,322.9643671019869,439.027744385,189.342 -980.029;-903.388 -295.111;759.315 640.837;-77.941 -798.740;239.031 11.226;-295.824 915.080;206.503 821.491;-461.576 -462.283;-643.376 -765.170;-425.599 562.021;-860.682 369.723;406.383 379.687;979.670 -184.452;950.588 310.409;663.054 -725.285,101460.066;101855.988;101855.988;102475.933;102475.933;102475.933;102785.503;102785.503;103306.129;103728.388;103728.388;103728.388;103728.388;103732.484;103931.031;103931.031;103931.031;103931.031;103931.031;103931.031;103931.031;103931.031;103931.031;103931.031;103931.031;103931.031;103931.031;103931.031;103931.031;103931.031;103931.031;103931.031;103931.031;103931.031;103931.031;103931.031;103931.031;103931.031;103931.031;103931.031;103931.031;103931.031;103931.031;103931.031;103931.031;103931.031;103931.031;103931.031;103931.031;103931.031;103931.031;103931.031;103931.031;104007.926;104059.566;104112.531;104112.531;104112.531;104112.531;104112.531;104112.531;104112.531;104112.531;104112.531;104112.531;104112.531;104112.531;104112.531;104112.531;104112.531;104112.531;104112.531;104112.531;104112.531;104112.531;104112.531;104112.531;104112.531;104112.531;104112.531;104112.531;104112.531;104112.531;104112.531;104112.531;104112.531;104112.531;104112.531;104112.531;104112.531;104112.531;104112.531;104112.531;104112.531;104112.531;104112.531;104112.531;104112.531;104112.531;104112.531;104112.531;104112.531;104112.531;104112.531;104112.531;104112.531;104112.531;104112.531;104112.531;104112.531;104112.531;104112.531;104112.531;104112.531;104112.531;104112.531;104112.531;104112.531;104112.531;104112.531;104112.531;104112.531;104112.531;104112.531;104112.531;104112.531;104112.531;104112.531;104112.531;104112.531;104112.531;104112.531;104112.531;104112.531;104112.531;104112.531;104112.531;104112.531;104112.531;104112.531;104112.531;104112.531;104183.939;104184.512;104186.520;104186.520;104186.520;104186.520;104454.198;104465.050;104571.832;104571.832;104571.832;104571.832;104571.832;104571.832;104571.832;104571.832;104571.832;104571.832;104571.832;104571.832;104571.832;104571.832;104571.832;104571.832;104571.832;104571.832;104571.832;104571.832;104571.832;104571.832;104571.832;104571.832;104571.832;104571.832;104571.832;104571.832;104571.832;104571.832;104571.832;104571.832;104571.832;104571.832;104571.832;104571.832;104571.832;104571.832;104571.832;104571.832;104571.832;104571.832;104571.832;104571.832;104571.832;104571.832;104571.832;104571.832;104571.832;104571.832
SLSQP,2,1000,15,27,120030,random,120030,104876.06815434457,109730.67592026998,4854.607765925408,True,317.9393304377986,424.1282022339999,718.368 -694.663;-971.048 -232.643;93.337 -677.045;699.527 -287.631;54.520 516.260;-145.398 -227.772;493.061 179.118;99.509 986.735;999.898 -14.285;-965.738 259.520;717.383 694.678;-735.079 -674.929;-16.968 -975.236;-264.627 127.639;939.720 327.488,102729.055;102729.055;103126.173;103398.672;103398.672;104012.362;104012.362;104012.362;104012.362;104012.362;104012.362;104012.362;104012.362;104012.362;104012.362;104012.362;104012.362;104012.362;104012.362;104012.362;104012.362;104012.362;104012.362;104012.362;104012.362;104012.362;104012.362;104012.362;104012.362;104012.362;104012.362;104012.362;104012.362;104012.362;104199.010;104199.010;104199.010;104199.010;104199.010;104199.010;104199.010;104199.010;104199.010;104199.010;104199.010;104199.010;104199.010;104199.010;104199.010;104199.010;104199.010;104199.010;104199.010;104199.010;104199.010;104199.010;104199.010;104199.010;104199.010;104199.010;104199.010;104199.010;104199.010;104199.010;104199.010;104199.010;104199.010;104199.010;104199.010;104199.010;104199.010;104199.010;104199.010;104199.010;104199.010;104199.010;104199.010;104199.010;104199.010;104199.010;104199.010;104199.010;104199.010;104199.010;104199.010;104199.010;104199.010;104199.010;104199.010;104199.010;104199.010;104320.567;104353.051;104353.051;104703.672;104703.672;104703.672;104703.672;104703.672;104703.672;104703.672;104703.672;104703.672;104703.672;104703.672;104703.672;104703.672;104703.672;104703.672;104703.672;104703.672;104703.672;104703.672;104876.068;104876.068;104876.068;104876.068;104876.068;104876.068;104876.068;104876.068;104876.068;104876.068;104876.068;104876.068;104876.068;104876.068;104876.068;104876.068;104876.068;104876.068;104876.068;104876.068;104876.068;104876.068;104876.068;104876.068;104876.068;104876.068;104876.068;104876.068;104876.068;104876.068;104876.068;104876.068;104876.068;104876.068;104876.068;104876.068;104876.068;104876.068;104876.068;104876.068;104876.068;104876.068;104876.068;104876.068;104876.068;104876.068;104876.068;104876.068;104876.068;104876.068;104876.068;104876.068;104876.068;104876.068;104876.068;104876.068;104876.068;104876.068;104876.068;104876.068;104876.068;104876.068;104876.068;104876.068;104876.068;104876.068;104876.068;104876.068;104876.068;104876.068;104876.068;104876.068;104876.068;104876.068;104876.068;104876.068;104876.068;104876.068;104876.068;104876.068;104876.068;104876.068;104876.068;104876.068;104876.068;104876.068;104876.068
SSABV,2,750,12,5,120030,random,120030,84232.64081778076,87784.54073621597,3551.899918435214,True,322.51366975719077,143.7240517790001,-157.194 -350.608;-690.446 -292.396;689.062 -254.236;490.437 522.542;-535.866 46.931;-556.417 502.504;-288.167 320.599;-140.163 -733.529;714.844 164.598;82.936 742.735;526.230 -532.625;81.059 84.091,nan;nan;nan;nan;nan;nan;nan;nan;nan;nan;nan;nan;nan;nan;nan;nan;nan;nan;nan;nan;nan;nan;nan;nan;nan;nan;nan;nan;nan;nan;nan;nan;nan;nan;nan;nan;nan;nan;nan;nan;nan;81816.891;81816.891;81816.891;81816.891;81816.891;81816.891;81816.891;81816.891;81816.891;81816.891;82015.454;82015.454;82015.454;82035.968;82169.036;82238.337;82301.841;82301.841;82301.841;82339.747;82339.747;82342.620;82351.505;82361.537;82372.336;82408.898;82453.685;82462.230;82480.067;82486.196;82502.442;82508.471;82515.484;82522.128;82524.284;82527.328;82529.886;82531.440;82532.626;82533.310;82534.594;82535.790;82536.370;82536.914;82537.159;82537.375;82537.519;82537.637;82537.691;82537.703;82537.703;82537.720;82537.750;82537.774;82537.795;82537.807;82537.815;82537.817;82537.824;82638.378;82668.463;82678.589;82681.550;82681.828;82967.239;83095.102;83132.750;83153.885;83187.234;83187.983;83187.983;83187.983;83373.862;83431.374;83446.390;83447.326;83447.326;83447.326;83497.808;83517.309;83524.242;83525.071;83525.071;83525.071;83525.071;83525.071;83525.071;83525.071;83525.071;83525.071;83525.071;83525.071;83525.071;83525.071;83525.071;83525.071;83525.071;83525.071;83525.071;83525.071;83525.071;83525.071;83525.071;83525.071;83525.071;83525.071;83525.071;83525.071;83525.071;83525.071;83525.071;83525.071;83525.071;83525.071;83525.071;83525.071;83525.071;83525.071;83525.071;83525.071;83525.071;83525.071;83525.071;83525.071;83525.071;83525.071;83525.071;83525.071;83525.071;83525.071;83525.071;83525.071;83525.071;83525.071;83525.071;83525.071;83575.159;83621.521;83641.768;83674.021;83690.397;83695.656;83695.656;83695.656;83901.245;84013.087;84030.862;84043.309;84043.309;84043.309;84043.309;84188.361;84206.212;84214.503;84221.220;84227.754;84232.586;84232.641;84232.641
SSABV,2,750,12,13,120030,random,120030,83963.52243566031,87784.54073621597,3821.018300555661,True,317.7569464484615,99.21467464300008,25.019 -682.412;691.642 193.974;198.297 723.047;120.245 -234.187;337.988 -481.143;-697.512 -262.796;529.424 512.341;-383.848 -555.777;-527.958 532.031;-587.561 196.990;138.788 387.883;384.199 -57.275,nan;nan;nan;nan;nan;nan;nan;nan;nan;nan;nan;nan;nan;nan;nan;nan;nan;nan;nan;nan;nan;nan;nan;nan;nan;nan;nan;nan;nan;nan;nan;nan;nan;nan;nan;nan;nan;nan;nan;nan;nan;nan;nan;nan;nan;81142.677;81501.027;82059.133;82059.133;82059.133;82059.133;82059.133;82223.473;82223.473;82223.473;82223.473;82223.473;82223.473;82225.598;82366.396;82366.396;82416.303;82477.001;82478.833;82506.893;82582.864;82652.760;82677.613;82683.016;82689.890;82694.756;82695.341;82698.524;82700.748;82784.985;82787.494;82787.979;82788.606;82788.891;82789.864;82790.694;82790.750;82791.134;82791.402;82791.574;82791.707;82791.831;82791.899;82792.010;82792.052;82792.100;82792.115;82792.127;82792.137;82792.152;82813.903;82813.912;82813.917;82813.922;82813.924;83212.030;83234.532;83237.934;83237.934;83267.815;83371.175;83392.164;83407.541;83419.553;83424.946;83425.871;83425.871;83474.288;83501.706;83514.383;83516.889;83516.889;83516.889;83516.889;83516.889;83516.889;83516.889;83516.889;83516.889;83516.889;83516.889;83516.889;83516.889;83516.889;83516.889;83516.889;83516.889;83516.889;83516.889;83516.889;83516.889;83516.889;83775.804;83861.285;83889.212;83934.408;83947.057;83954.490;83962.017;83963.522;83963.522;83963.522;83963.522;83963.522;83963.522;83963.522;83963.522;83963.522;83963.522;83963.522;83963.522;83963.522;83963.522;83963.522;83963.522;83963.522;83963.522;83963.522;83963.522;83963.522;83963.522;83963.522;83963.522;83963.522;83963.522;83963.522;83963.522;83963.522;83963.522;83963.522;83963.522;83963.522;83963.522;83963.522;83963.522;83963.522;83963.522;83963.522;83963.522;83963.522;83963.522;83963.522;83963.522;83963.522;83963.522;83963.522;83963.522;83963.522;83963.522;83963.522;83963.522;83963.522;83963.522;83963.522;83963.522
SSABV,2,750,12,21,120030,random,120030,84479.9252801144,87784.54073621597,3304.615456101572,True,308.5388728357559,98.92444498400005,-2.661 -749.803;463.422 523.908;677.134 267.862;-496.075 552.187;81.783 -15.960;-520.854 244.645;-115.727 740.317;618.096 -89.490;-549.408 -510.385;-242.470 -311.990;-729.239 -144.431;543.715 -516.524,nan;nan;nan;nan;nan;nan;nan;nan;nan;nan;nan;nan;nan;nan;nan;nan;nan;nan;nan;nan;nan;nan;nan;nan;nan;nan;nan;nan;nan;nan;nan;nan;nan;nan;nan;nan;nan;81146.812;81191.687;82307.979;82307.979;82307.979;82307.979;82307.979;82307.979;82307.979;82307.979;82307.979;82307.979;82307.979;82307.979;82583.370;82583.370;82614.554;82614.554;82711.635;82712.527;82712.527;82719.328;82734.138;82745.091;82746.062;82768.886;82794.627;82812.014;82821.548;82837.645;82849.767;82857.825;82862.530;82874.957;82876.645;82878.455;82883.813;82885.627;82887.195;82889.624;82890.825;82893.201;82893.574;82894.387;82895.124;82895.379;82895.806;82896.017;82896.151;82896.216;82896.255;82896.322;82896.397;82896.458;82896.503;82896.550;82896.571;82896.583;82896.599;82896.605;82896.614;82896.622;82896.625;83099.356;83148.037;83153.089;83153.089;83153.089;83153.089;83153.089;83153.089;83153.089;83153.089;83156.434;83158.427;83613.150;83679.878;84133.652;84145.123;84147.484;84147.484;84147.484;84147.484;84147.484;84147.484;84147.484;84147.484;84147.484;84147.484;84147.484;84147.484;84147.484;84147.484;84147.484;84147.484;84147.484;84147.484;84147.484;84147.484;84147.484;84147.484;84147.484;84147.484;84147.484;84147.484;84147.484;84147.484;84147.484;84147.484;84147.484;84147.484;84147.484;84147.484;84147.484;84147.484;84147.484;84147.484;84147.484;84147.484;84147.484;84147.484;84147.484;84147.484;84147.484;84147.484;84147.484;84147.484;84147.484;84147.484;84147.484;84147.484;84147.484;84147.484;84147.484;84210.717;84407.715;84449.877;84469.903;84477.793;84479.925;84479.925;84479.925;84479.925;84479.925;84479.925;84479.925;84479.925;84479.925;84479.925;84479.925;84479.925;84479.925;84479.925;84479.925;84479.925;84479.925;84479.925;84479.925;84479.925;84479.925;84479.925;84479.925;84479.925
SSABV,2,750,12,29,120030,random,120030,83956.21891193949,87784.54073621597,3828.321824276485,True,308.7274601239835,91.12661442800004,-419.575 338.636;459.883 -170.209;-669.433 -335.718;-11.159 -748.905;428.393 -615.428;527.085 481.329;-288.719 691.052;-405.221 -623.494;-298.650 -173.171;161.877 362.694;661.490 66.681;44.635 -445.261,nan;nan;nan;nan;nan;nan;nan;nan;nan;nan;nan;nan;nan;nan;nan;nan;nan;nan;nan;nan;nan;nan;nan;nan;nan;nan;nan;nan;nan;nan;nan;nan;nan;nan;nan;nan;nan;nan;nan;nan;nan;nan;nan;nan;81356.470;81356.470;81374.747;82247.307;82247.307;82398.028;82398.028;82398.028;82479.352;82587.807;82587.807;82587.807;82587.807;82587.807;82587.807;82600.615;82646.926;82707.011;82768.774;82785.155;82786.470;82949.228;82959.365;82961.237;82962.756;82966.995;82971.495;82974.355;82975.692;82978.279;82978.761;82979.437;82980.239;82980.995;82981.492;82981.977;82982.481;82982.778;82982.982;82983.070;82983.125;82983.249;82983.436;82983.463;82983.497;82983.530;82983.553;82983.568;82983.584;82983.598;82983.603;82983.609;82983.621;82983.628;82983.630;82983.631;83086.399;83097.160;83113.709;83116.476;83116.476;83116.476;83116.476;83116.476;83116.476;83116.476;83116.476;83116.476;83116.476;83116.476;83116.476;83116.476;83116.476;83116.476;83116.476;83116.476;83116.476;83144.974;83311.220;83503.053;83515.032;83525.722;83528.745;83723.724;83807.669;83830.403;83868.673;83880.156;83890.933;83944.137;83953.523;83956.219;83956.219;83956.219;83956.219;83956.219;83956.219;83956.219;83956.219;83956.219;83956.219;83956.219;83956.219;83956.219;83956.219;83956.219;83956.219;83956.219;83956.219;83956.219;83956.219;83956.219;83956.219;83956.219;83956.219;83956.219;83956.219;83956.219;83956.219;83956.219;83956.219;83956.219;83956.219;83956.219;83956.219;83956.219;83956.219;83956.219;83956.219;83956.219;83956.219;83956.219;83956.219;83956.219;83956.219;83956.219;83956.219;83956.219;83956.219;83956.219;83956.219;83956.219;83956.219;83956.219;83956.219;83956.219;83956.219;83956.219;83956.219;83956.219;83956.219;83956.219;83956.219;83956.219;83956.219;83956.219
LXBV,2,750,12,7,120030,random,120030,84296.19944834376,87784.54073621597,3488.3412878722156,True,319.742584454147,88.54157156199994,-348.287 661.969;610.115 422.171;14.859 347.479;581.263 95.038;642.364 -305.359;-732.422 60.463;-668.610 -300.352;476.408 -578.661;-51.981 -121.010;296.180 651.175;-117.836 -732.600;-632.410 401.702,nan;nan;nan;nan;nan;nan;nan;nan;nan;nan;nan;nan;nan;nan;nan;nan;nan;nan;nan;nan;nan;79117.030;79538.775;79538.775;79538.775;79538.775;79538.775;79538.775;79538.775;79538.775;79538.775;79538.775;79538.775;79538.775;79591.726;79591.726;79679.161;79679.161;80793.041;81729.217;81733.540;81733.540;81733.772;81735.226;81735.226;81735.456;81754.581;81791.996;81958.403;81959.686;81994.980;82009.330;82010.554;82066.259;82141.240;82148.038;82189.397;82189.630;82198.098;82200.658;82304.564;82377.897;82384.696;82404.596;82417.015;82424.792;82430.783;82434.160;82439.066;82443.263;82446.185;82448.405;82451.370;82455.989;82458.202;82461.070;82462.656;82464.238;82465.400;82466.067;82466.425;82466.584;82467.092;82467.624;82467.970;82468.128;82468.941;82470.511;82471.391;82473.704;82473.869;82473.947;82474.025;82474.876;82474.975;82475.235;82475.300;82475.376;82475.422;82475.525;83152.417;83207.823;83222.599;83231.993;83239.186;83241.292;83241.292;83241.292;83241.292;83241.292;83241.292;83241.292;83241.292;83241.292;83241.292;83241.292;83241.292;83241.292;83241.292;83241.292;83241.292;83241.292;83241.292;83241.292;83425.260;83472.477;83486.307;83497.571;83497.571;83497.571;83497.571;83497.571;83497.571;83573.881;83581.050;83583.870;83583.870;83618.211;83670.757;83693.032;83700.697;83708.334;83712.056;83712.504;83862.155;84051.140;84170.948;84192.867;84207.986;84214.791;84214.791;84214.791;84214.791;84214.791;84214.791;84214.791;84214.791;84214.791;84214.791;84214.791;84214.791;84214.791;84214.791;84214.791;84214.791;84214.791;84214.791;84214.791;84214.791;84214.791;84214.791;84214.791;84214.791;84214.791;84214.791;84214.791;84214.791;84214.791;84214.791;84214.791;84214.791;84214.791;84214.791;84214.791;84214.791;84214.791;84214.791;84214.791;84214.791;84214.791;84214.791;84214.791;84214.791;84214.791;84265.784;84276.200;84282.267;84287.089;84294.555;84296.199
LXBV,2,750,12,15,120030,random,120030,83550.0919689979,87784.54073621597,4234.448767218069,True,356.50752412525185,88.24499907299969,340.248 654.937;-549.656 -192.607;694.439 240.761;-490.158 -558.991;331.881 -184.278;33.325 432.445;55.289 -747.656;449.483 -545.635;707.117 -222.285;-287.731 93.358;-712.335 233.920;-211.747 -306.251,nan;nan;nan;nan;nan;nan;nan;nan;nan;nan;nan;nan;nan;nan;nan;nan;nan;nan;nan;nan;nan;nan;nan;nan;nan;nan;80107.519;80107.519;80107.519;80107.519;80107.519;80479.827;80479.827;80479.827;80479.827;80480.427;80555.864;80555.864;80555.864;80834.409;80834.409;80834.409;80834.409;81168.334;81168.334;81169.013;81169.013;81169.013;81170.670;81170.670;81170.670;81170.693;81333.455;81347.031;81499.028;81608.444;81615.317;81617.662;81651.462;81743.162;81774.731;81849.811;81863.832;81906.860;82062.892;82081.290;82098.359;82150.163;82150.235;82150.775;82158.828;82166.470;82169.277;82175.851;82177.469;82181.360;82182.550;82182.925;82183.917;82184.336;82184.609;82184.865;82185.117;82185.332;82185.550;82185.645;82185.693;82185.740;82185.771;82185.799;82185.835;82185.884;82185.898;82185.901;82185.906;82185.915;82185.919;82185.922;82185.925;82185.926;82351.590;82378.616;82386.851;82401.668;82402.366;82617.643;82927.914;82982.665;83006.618;83031.561;83053.025;83060.298;83060.298;83060.298;83060.298;83060.298;83060.298;83060.298;83060.298;83060.298;83060.298;83060.298;83060.298;83060.298;83060.298;83060.298;83060.298;83060.298;83060.298;83060.298;83060.298;83060.298;83060.298;83060.298;83060.298;83060.298;83060.298;83060.298;83060.298;83060.298;83060.298;83308.525;83368.397;83382.060;83481.710;83504.936;83504.936;83504.936;83504.936;83504.936;83504.936;83504.936;83504.936;83504.936;83504.936;83504.936;83504.936;83504.936;83504.936;83504.936;83504.936;83504.936;83504.936;83504.936;83504.936;83504.936;83504.936;83504.936;83504.936;83504.936;83504.936;83504.936;83504.936;83504.936;83504.936;83504.936;83504.936;83504.936;83504.936;83504.936;83504.936;83504.936;83504.936;83504.936;83504.936;83504.936;83504.936;83504.936;83504.936;83504.936;83504.936;83504.936;83504.936;83504.936;83505.408;83522.513;83538.332;83545.711;83550.083;83550.092
LXBV,2,750,12,23,120030,random,120030,83753.33729204687,87784.54073621597,4031.2034441691067,True,309.9097205478806,87.65326214999982,-59.845 -283.033;371.979 -553.807;-83.857 -721.299;-590.526 461.502;-748.616 -35.738;736.962 138.322;75.206 433.268;134.664 737.421;667.704 -341.178;273.308 -17.916;-188.548 145.158;-504.568 -554.023,nan;nan;nan;nan;nan;nan;nan;nan;nan;nan;nan;nan;nan;nan;nan;nan;nan;nan;nan;nan;nan;nan;nan;nan;nan;nan;nan;nan;nan;nan;nan;nan;nan;nan;nan;nan;79425.582;79439.647;80003.213;80134.519;80140.966;80471.803;81443.872;81443.872;81443.872;81446.807;81518.526;81557.316;81557.316;81620.387;81979.498;82064.442;82085.720;82126.725;82129.528;82141.003;82158.580;82230.868;82286.988;82289.536;82297.431;82319.750;82341.301;82370.527;82402.731;82421.013;82453.769;82467.140;82477.765;82485.237;82491.090;82495.041;82496.260;82500.849;82501.242;82501.795;82502.378;82504.048;82507.426;82511.141;82512.524;82513.823;82515.089;82515.738;82516.121;82516.333;82516.606;82516.750;82516.906;82517.015;82517.145;82517.425;82517.835;82518.004;82518.165;82518.231;82518.284;82518.373;82518.406;82518.505;82988.105;83123.834;83172.410;83177.288;83177.288;83177.288;83177.288;83177.288;83177.288;83177.288;83177.288;83177.288;83200.831;83246.950;83260.856;83269.973;83272.519;83272.519;83315.646;83366.807;83380.518;83403.495;83415.697;83418.058;83418.058;83418.058;83418.058;83418.058;83418.058;83418.058;83418.058;83418.058;83418.058;83418.058;83418.058;83418.058;83418.058;83418.058;83418.058;83418.058;83418.058;83418.058;83418.058;83418.058;83418.058;83418.058;83418.058;83418.058;83418.058;83418.058;83418.058;83418.058;83418.058;83418.058;83418.058;83418.058;83418.058;83418.058;83418.058;83418.058;83418.058;83418.058;83418.058;83418.058;83418.058;83418.058;83418.058;83418.058;83683.216;83734.320;83745.464;83750.747;83753.337;83753.337;83753.337;83753.337;83753.337;83753.337;83753.337;83753.337;83753.337;83753.337;83753.337;83753.337;83753.337;83753.337;83753.337;83753.337;83753.337;83753.337;83753.337;83753.337;83753.337;83753.337;83753.337;83753.337;83753.337;83753.337;83753.337;83753.337
RSVNS,2,750,12,1,120030,random,120030,83981.75405369331,87784.54073621597,3802.7866825226665,True,349.8270715416062,91.77249457899984,-345.756 304.312;485.613 527.670;-714.844 -212.317;495.340 -349.754;173.441 685.555;176.852 -727.956;-733.594 151.541;350.248 156.357;729.526 -88.141;-368.531 -574.643;-215.873 717.139;-26.949 17.704,nan;nan;nan;nan;nan;nan;nan;nan;nan;nan;nan;nan;nan;nan;nan;nan;nan;nan;nan;nan;nan;nan;nan;nan;nan;nan;nan;nan;nan;nan;nan;nan;nan;nan;nan;nan;nan;nan;nan;nan;nan;nan;nan;nan;nan;nan;nan;nan;nan;nan;nan;nan;nan;nan;nan;nan;nan;nan;nan;nan;nan;nan;nan;nan;nan;nan;nan;nan;nan;nan;nan;nan;nan;nan;nan;nan;nan;nan;nan;nan;nan;nan;nan;nan;nan;nan;nan;nan;nan;nan;nan;nan;nan;nan;nan;nan;nan;nan;nan;nan;80958.073;81134.319;81284.603;81343.152;81374.894;81610.587;81616.589;81616.589;82434.823;82736.135;82763.045;82788.992;82796.846;82937.094;82937.094;82937.094;82983.034;83030.281;83049.560;83062.449;83063.899;83198.207;83292.943;83359.208;83384.274;83401.826;83417.853;83424.176;83429.511;83430.170;83430.170;83586.929;83622.824;83741.413;83753.363;83758.129;83758.129;83899.310;83927.339;83971.640;83978.789;83981.754;83981.754;83981.754;83981.754;83981.754;83981.754;83981.754;83981.754;83981.754;83981.754;83981.754;83981.754;83981.754;83981.754;83981.754;83981.754;83981.754;83981.754;83981.754;83981.754;83981.754;83981.754;83981.754;83981.754;83981.754;83981.754;83981.754;83981.754;83981.754;83981.754;83981.754;83981.754;83981.754;83981.754;83981.754;83981.754;83981.754;83981.754;83981.754;83981.754;83981.754;83981.754;83981.754;83981.754;83981.754;83981.754;83981.754;83981.754;83981.754;83981.754;83981.754;83981.754;83981.754;83981.754;83981.754;83981.754;83981.754;83981.754;83981.754
RSVNS,2,750,12,9,120030,random,120030,84465.71452631195,87784.54073621597,3318.8262099040294,True,318.07138810685484,89.87690187299995,-66.754 333.993;-412.607 -623.239;412.109 -624.480;-20.776 745.312;37.947 26.311;-517.408 -322.929;592.594 -310.983;-523.807 526.413;-745.312 27.352;534.655 525.576;746.313 -3.280;26.910 -477.323,nan;nan;nan;nan;nan;nan;nan;nan;nan;nan;nan;nan;nan;nan;nan;nan;nan;nan;nan;nan;nan;nan;nan;nan;nan;nan;nan;nan;nan;nan;nan;nan;nan;nan;nan;nan;nan;nan;nan;nan;nan;nan;nan;nan;nan;nan;nan;nan;nan;nan;nan;nan;nan;nan;nan;nan;nan;nan;nan;nan;nan;nan;nan;nan;nan;nan;nan;nan;nan;nan;nan;nan;nan;nan;nan;nan;nan;nan;nan;nan;nan;nan;nan;nan;nan;nan;nan;nan;nan;nan;nan;nan;nan;nan;nan;nan;nan;nan;nan;nan;82107.127;82490.226;82718.525;82786.418;83046.450;83060.495;83095.139;83103.521;83103.521;83103.521;83103.521;83103.521;83103.521;83103.521;83103.521;83103.521;83103.521;83103.521;83103.521;83103.521;83103.521;83103.521;83103.521;83103.521;83103.521;83103.521;83150.867;83178.691;83224.688;83286.170;83333.508;83417.830;83423.979;83424.131;83424.131;83424.131;83424.131;83424.131;83424.131;83424.131;83424.131;83424.131;83424.131;83424.131;83424.131;83424.131;83424.131;83424.131;83424.131;83424.131;83424.131;83424.131;83424.131;83606.627;83623.327;83629.265;83632.220;83632.220;83647.425;83729.476;83739.196;83743.243;83743.243;83934.113;83977.588;83996.569;84032.849;84074.260;84086.267;84090.912;84096.334;84099.706;84099.706;84099.706;84099.706;84099.706;84099.706;84099.706;84099.706;84099.706;84099.706;84099.706;84099.706;84099.706;84099.706;84099.706;84099.706;84099.706;84099.706;84099.706;84099.706;84140.735;84149.007;84151.669;84151.669;84249.421;84405.053;84429.185;84453.489;84465.652
RSVNS,2,750,12,17,120030,random,120030,84198.44289113823,87784.54073621597,3586.0978450777475,True,338.0777584315823,89.47131563600033,-537.990 -199.400;36.552 309.275;556.617 502.216;244.562 -128.453;615.141 -261.831;275.988 -582.570;-698.132 116.390;-148.386 -714.844;-536.983 523.396;681.686 135.356;-426.357 -518.515;-105.923 741.797,nan;nan;nan;nan;nan;nan;nan;nan;nan;nan;nan;nan;nan;nan;nan;nan;nan;nan;nan;nan;nan;nan;nan;nan;nan;nan;nan;nan;nan;nan;nan;nan;nan;nan;nan;nan;nan;nan;nan;nan;nan;nan;nan;nan;nan;nan;nan;nan;nan;nan;nan;nan;nan;nan;nan;nan;nan;nan;nan;nan;nan;nan;nan;nan;nan;nan;nan;nan;nan;nan;nan;nan;nan;nan;nan;nan;nan;nan;nan;nan;nan;nan;nan;nan;nan;nan;nan;nan;nan;nan;nan;nan;nan;nan;nan;nan;nan;nan;nan;nan;82418.961;82609.888;82645.369;82674.564;82684.943;82694.954;82706.693;82716.798;82725.084;82736.934;82752.207;82762.001;82767.902;82791.872;82795.405;82795.405;82795.405;82795.405;82795.405;82795.405;82795.405;82795.405;82795.405;82795.405;82795.405;82795.405;82795.405;82795.405;82795.405;82795.405;82795.405;82795.405;82795.405;82795.405;82795.405;82795.405;82795.405;82795.405;82795.405;82795.405;82799.710;83131.599;83170.999;83188.672;83196.632;83237.636;83459.198;83617.553;83866.726;83888.278;83910.540;83920.574;83921.292;83950.526;84032.914;84178.797;84195.712;84198.443;84198.443;84198.443;84198.443;84198.443;84198.443;84198.443;84198.443;84198.443;84198.443;84198.443;84198.443;84198.443;84198.443;84198.443;84198.443;84198.443;84198.443;84198.443;84198.443;84198.443;84198.443;84198.443;84198.443;84198.443;84198.443;84198.443;84198.443;84198.443;84198.443;84198.443;84198.443;84198.443;84198.443;84198.443;84198.443;84198.443;84198.443;84198.443;84198.443;84198.443;84198.443;84198.443
RSVNS,2,750,12,25,120030,random,120030,83752.7838655739,87784.54073621597,4031.7568706420716,True,351.500556624594,88.59804051999981,-369.105 185.635;-531.622 527.936;-747.167 -57.875;298.067 -222.174;166.200 716.016;356.742 -568.742;716.825 171.350;-78.074 -744.337;-53.970 388.831;-39.889 -56.941;-499.143 -559.313;349.460 251.472,nan;nan;nan;nan;nan;nan;nan;nan;nan;nan;nan;nan;nan;nan;nan;nan;nan;nan;nan;nan;nan;nan;nan;nan;nan;nan;nan;nan;nan;nan;nan;nan;nan;nan;nan;nan;nan;nan;nan;nan;nan;nan;nan;nan;nan;nan;nan;nan;nan;nan;nan;nan;nan;nan;nan;nan;nan;nan;nan;nan;nan;nan;nan;nan;nan;nan;nan;nan;nan;nan;nan;nan;nan;nan;nan;nan;nan;nan;nan;nan;nan;nan;nan;nan;nan;nan;nan;nan;nan;nan;nan;nan;nan;nan;nan;nan;nan;nan;nan;nan;81149.125;82255.585;82625.866;82690.954;82743.361;82783.939;82803.640;82815.743;82826.938;82831.032;83130.085;83612.655;83681.161;83714.104;83723.887;83733.966;83740.218;83746.165;83751.010;83752.784;83752.784;83752.784;83752.784;83752.784;83752.784;83752.784;83752.784;83752.784;83752.784;83752.784;83752.784;83752.784;83752.784;83752.784;83752.784;83752.784;83752.784;83752.784;83752.784;83752.784;83752.784;83752.784;83752.784;83752.784;83752.784;83752.784;83752.784;83752.784;83752.784;83752.784;83752.784;83752.784;83752.784;83752.784;83752.784;83752.784;83752.784;83752.784;83752.784;83752.784;83752.784;83752.784;83752.784;83752.784;83752.784;83752.784;83752.784;83752.784;83752.784;83752.784;83752.784;83752.784;83752.784;83752.784;83752.784;83752.784;83752.784;83752.784;83752.784;83752.784;83752.784;83752.784;83752.784;83752.784;83752.784;83752.784;83752.784;83752.784;83752.784;83752.784;83752.784;83752.784;83752.784;83752.784;83752.784;83752.784;83752.784;83752.784;83752.784;83752.784
BVNS,2,750,12,3,120030,random,120030,83766.61689267345,87784.54073621597,4017.9238435425214,True,308.78983861098345,82.40245065099998,-444.004 -142.767;699.304 -259.566;49.343 46.899;530.808 529.138;-363.271 -655.530;70.542 374.426;-510.654 548.697;-738.281 127.825;89.281 744.207;509.360 221.094;262.238 -702.529;322.248 -141.492,nan;nan;79995.966;80675.535;81246.000;81329.694;81383.333;81465.626;81486.968;81512.506;81544.220;81554.895;81554.895;82085.277;82181.829;82225.262;82272.869;82289.503;82314.107;82331.169;82343.485;82352.493;82352.493;82352.493;82384.166;82427.674;82457.321;82481.726;82500.882;82520.338;82539.566;82556.395;82562.476;82562.767;82847.689;83040.073;83085.408;83098.429;83105.386;83105.445;83105.445;83105.445;83105.445;83105.445;83105.445;83105.445;83105.445;83105.445;83105.445;83105.445;83105.445;83105.445;83105.445;83105.445;83105.445;83105.445;83105.445;83105.445;83105.445;83105.445;83105.445;83105.445;83105.445;83105.445;83105.445;83105.445;83105.445;83105.445;83105.445;83105.445;83105.445;83105.445;83105.445;83105.445;83105.445;83105.445;83105.445;83105.445;83105.445;83105.445;83105.445;83105.445;83105.445;83105.445;83105.445;83105.445;83105.445;83105.445;83105.445;83105.445;83105.445;83105.445;83111.765;83120.559;83120.681;83120.681;83120.681;83120.681;83120.681;83120.681;83120.681;83120.681;83120.681;83120.681;83120.681;83156.680;83222.793;83264.161;83447.874;83461.019;83479.127;83489.659;83494.278;83494.278;83494.278;83494.278;83494.278;83494.278;83494.278;83494.278;83494.278;83503.886;83675.191;83720.902;83741.241;83758.869;83763.743;83766.617;83766.617;83766.617;83766.617;83766.617;83766.617;83766.617;83766.617;83766.617;83766.617;83766.617;83766.617;83766.617;83766.617;83766.617;83766.617;83766.617;83766.617;83766.617;83766.617;83766.617;83766.617;83766.617;83766.617;83766.617;83766.617;83766.617;83766.617;83766.617;83766.617;83766.617;83766.617;83766.617;83766.617;83766.617;83766.617;83766.617;83766.617;83766.617;83766.617;83766.617;83766.617;83766.617;83766.617;83766.617;83766.617;83766.617;83766.617;83766.617;83766.617;83766.617;83766.617;83766.617;83766.617;83766.617;83766.617;83766.617;83766.617;83766.617;83766.617;83766.617;83766.617;83766.617;83766.617;83766.617;83766.617;83766.617;83766.617;83766.617;83766.617;83766.617;83766.617;83766.617
BVNS,2,750,12,11,120030,random,120030,83723.50729057104,87784.54073621597,4061.0334456449345,True,323.6527864594789,83.81002817399985,265.430 -188.149;633.195 401.793;-700.926 -243.798;592.774 -356.484;-34.931 -720.703;-72.337 -351.846;-329.972 405.605;656.638 78.990;-175.348 86.843;334.992 616.150;-78.577 745.033;-435.778 -474.751,nan;80605.385;82498.569;82581.914;82664.321;82716.640;82741.858;82761.044;82779.707;82800.395;82804.429;82996.965;83233.167;83281.098;83311.934;83319.201;83319.728;83319.728;83628.997;83659.675;83677.592;83687.611;83690.227;83690.227;83690.227;83690.227;83690.227;83690.227;83690.789;83705.211;83710.496;83716.024;83719.210;83719.921;83719.921;83719.921;83719.921;83719.921;83719.921;83719.921;83719.921;83719.921;83719.921;83719.921;83719.921;83719.921;83719.921;83719.921;83719.921;83719.921;83719.921;83719.921;83719.921;83719.921;83719.921;83719.921;83719.921;83719.921;83719.921;83719.921;83719.921;83719.921;83719.921;83719.921;83719.921;83719.921;83719.921;83719.921;83719.921;83719.921;83719.921;83719.921;83723.507;83723.507;83723.507;83723.507;83723.507;83723.507;83723.507;83723.507;83723.507;83723.507;83723.507;83723.507;83723.507;83723.507;83723.507;83723.507;83723.507;83723.507;83723.507;83723.507;83723.507;83723.507;83723.507;83723.507;83723.507;83723.507;83723.507;83723.507;83723.507;83723.507;83723.507;83723.507;83723.507;83723.507;83723.507;83723.507;83723.507;83723.507;83723.507;83723.507;83723.507;83723.507;83723.507;83723.507;83723.507;83723.507;83723.507;83723.507;83723.507;83723.507;83723.507;83723.507;83723.507;83723.507;83723.507;83723.507;83723.507;83723.507;83723.507;83723.507;83723.507;83723.507;83723.507;83723.507;83723.507;83723.507;83723.507;83723.507;83723.507;83723.507;83723.507;83723.507;83723.507;83723.507;83723.507;83723.507;83723.507;83723.507;83723.507;83723.507;83723.507;83723.507;83723.507;83723.507;83723.507;83723.507;83723.507;83723.507;83723.507;83723.507;83723.507;83723.507;83723.507;83723.507;83723.507;83723.507;83723.507;83723.507;83723.507;83723.507;83723.507;83723.507;83723.507;83723.507;83723.507;83723.507;83723.507;83723.507;83723.507;83723.507;83723.507;83723.507;83723.507;83723.507;83723.507;83723.507;83723.507;83723.507;83723.507;83723.507;83723.507;83723.507;83723.507;83723.507;83723.507;83723.507;83723.507;83723.507
BVNS,2,750,12,19,120030,random,120030,84058.35125649346,87784.54073621597,3726.1894797225104,True,327.3040538256543,83.22866870400003,-709.984 -232.065;668.222 -340.161;203.905 641.139;-675.065 152.460;184.060 -726.649;350.940 -125.471;548.968 510.063;-226.816 714.844;-80.072 4.034;491.090 176.530;-434.058 -610.862;-529.170 445.449,nan;nan;78985.256;80558.205;80689.897;80871.119;81062.719;81713.790;81733.502;81751.238;81763.383;81776.941;81789.761;81802.735;81813.575;81825.989;81839.089;81852.493;81858.984;81867.666;81890.684;81896.651;81902.895;81907.650;81913.353;81917.248;81922.476;81928.027;81928.737;81928.737;81928.737;81928.737;81928.737;81928.737;81928.737;81928.737;81928.737;81928.737;81928.737;82093.297;82112.130;82119.966;82120.107;82265.361;82598.646;82629.418;82634.139;82638.241;82638.241;82638.241;82638.241;82638.241;82638.241;82638.241;82638.241;82638.241;82638.241;82638.241;82638.241;82690.654;82705.915;82710.307;82792.864;83247.119;83316.350;83344.087;83360.018;83370.080;83372.822;83372.822;83372.822;83484.665;83524.004;83540.313;83548.286;83550.880;83550.880;83672.680;83722.421;83733.784;83743.576;83752.808;83754.316;83754.316;83838.198;83975.361;84000.879;84018.169;84024.866;84032.562;84041.959;84050.543;84056.731;84058.351;84058.351;84058.351;84058.351;84058.351;84058.351;84058.351;84058.351;84058.351;84058.351;84058.351;84058.351;84058.351;84058.351;84058.351;84058.351;84058.351;84058.351;84058.351;84058.351;84058.351;84058.351;84058.351;84058.351;84058.351;84058.351;84058.351;84058.351;84058.351;84058.351;84058.351;84058.351;84058.351;84058.351;84058.351;84058.351;84058.351;84058.351;84058.351;84058.351;84058.351;84058.351;84058.351;84058.351;84058.351;84058.351;84058.351;84058.351;84058.351;84058.351;84058.351;84058.351;84058.351;84058.351;84058.351;84058.351;84058.351;84058.351;84058.351;84058.351;84058.351;84058.351;84058.351;84058.351;84058.351;84058.351;84058.351;84058.351;84058.351;84058.351;84058.351;84058.351;84058.351;84058.351;84058.351;84058.351;84058.351;84058.351;84058.351;84058.351;84058.351;84058.351;84058.351;84058.351;84058.351;84058.351;84058.351;84058.351;84058.351;84058.351;84058.351;84058.351;84058.351;84058.351;84058.351;84058.351;84058.351;84058.351;84058.351;84058.351;84058.351;84058.351;84058.351;84058.351;84058.351;84058.351;84058.351
BVNS,2,750,12,27,120030,random,120030,84551.57486427933,87784.54073621597,3232.9658719366416,True,308.6886403559378,85.03912273600008,565.272 274.493;-567.959 -391.084;-694.414 278.144;100.021 742.243;460.616 579.902;19.526 45.031;688.910 -56.581;564.144 -494.106;73.071 -425.643;-478.983 576.864;-724.670 -61.718;15.452 -728.906,nan;nan;81178.288;82325.706;82718.644;82825.126;82867.410;82886.488;82899.011;82903.568;82903.568;82965.652;83045.841;83090.077;83106.839;83123.675;83132.126;83140.365;83140.405;83140.405;83140.405;83140.405;83140.405;83159.592;83178.336;83199.651;83208.997;83210.946;83365.009;83441.416;83462.514;83472.089;83480.469;83489.739;83491.123;83491.123;83705.218;83798.323;83842.443;83861.421;83917.570;83921.071;83921.071;83921.071;83921.071;83921.071;83921.071;83921.071;83921.071;83921.071;83921.071;83921.071;83921.071;83921.071;83921.071;83921.071;83921.071;83921.071;83921.071;83921.071;83921.071;83921.071;83921.071;83921.071;83921.071;83921.071;83921.071;83921.071;83921.071;83921.071;83921.071;83921.071;83921.071;83921.071;83921.071;83921.071;83921.071;83921.071;83921.071;83921.071;83921.071;83921.071;83921.071;83921.071;83921.071;83921.071;83921.071;83921.071;83960.278;83981.781;83994.652;84005.596;84006.198;84006.198;84064.666;84214.349;84239.891;84249.709;84255.692;84256.076;84256.076;84256.076;84256.076;84256.076;84256.076;84256.076;84256.076;84256.076;84303.854;84344.783;84357.874;84362.287;84365.506;84365.506;84365.506;84365.506;84365.506;84365.506;84365.506;84365.506;84365.506;84365.506;84365.506;84365.506;84365.506;84365.506;84365.506;84365.506;84365.506;84365.506;84365.506;84365.506;84365.506;84365.506;84365.506;84365.506;84365.506;84365.506;84365.506;84365.506;84365.506;84365.506;84365.506;84365.506;84365.506;84365.506;84365.506;84365.506;84365.506;84365.506;84365.506;84365.506;84365.506;84365.506;84472.072;84525.789;84539.424;84543.889;84549.988;84551.575;84551.575;84551.575;84551.575;84551.575;84551.575;84551.575;84551.575;84551.575;84551.575;84551.575;84551.575;84551.575;84551.575;84551.575;84551.575;84551.575;84551.575;84551.575;84551.575;84551.575;84551.575;84551.575;84551.575;84551.575;84551.575;84551.575;84551.575;84551.575;84551.575;84551.575;84551.575;84551.575;84551.575;84551.575;84551.575;84551.575;84551.575;84551.575;84551.575;84551.575
SSA,2,750,12,5,120030,random,120030,82650.64372785021,87784.54073621597,5133.897008365762,True,308.83274654373906,91.958582535,413.518 230.373;-610.916 435.065;299.681 549.970;-339.662 -668.677;-737.194 -138.004;301.960 -686.527;18.917 -444.623;227.250 -151.389;697.436 37.174;-141.150 267.161;-555.420 131.259;-254.905 -219.471,nan;nan;nan;nan;nan;nan;nan;nan;nan;nan;nan;nan;nan;nan;nan;nan;nan;nan;nan;nan;nan;nan;nan;nan;nan;nan;nan;nan;nan;nan;nan;nan;nan;nan;nan;nan;nan;nan;nan;nan;nan;nan;nan;nan;nan;nan;nan;nan;nan;nan;nan;nan;nan;nan;nan;nan;nan;nan;nan;nan;nan;nan;nan;nan;nan;nan;nan;nan;nan;nan;nan;nan;nan;nan;nan;nan;nan;nan;nan;nan;nan;nan;80546.862;80546.862;80546.862;80546.862;80546.862;81011.288;81011.288;81011.288;81310.296;81380.336;81380.336;81543.632;81654.129;81700.133;81747.324;81747.324;81747.324;81747.324;81747.324;81747.324;81747.324;81747.324;81747.324;81747.324;81747.324;81747.324;81837.619;81840.290;81843.975;81961.547;82033.257;82184.933;82184.933;82209.688;82221.682;82234.564;82247.200;82253.843;82256.825;82256.825;82272.077;82296.221;82371.429;82392.865;82392.865;82414.188;82561.822;82573.407;82586.969;82597.746;82608.102;82614.113;82619.257;82619.257;82619.257;82619.257;82621.136;82621.820;82622.283;82622.283;82622.704;82625.760;82631.269;82635.794;82636.895;82637.315;82638.922;82640.561;82641.061;82641.151;82642.738;82643.863;82643.911;82644.796;82644.943;82646.129;82647.523;82647.856;82648.103;82648.442;82648.822;82648.945;82649.232;82649.307;82649.446;82649.560;82649.728;82649.784;82649.905;82649.958;82650.075;82650.105;82650.185;82650.349;82650.412;82650.425;82650.447;82650.487;82650.503;82650.516;82650.528;82650.551;82650.571;82650.589;82650.593;82650.597;82650.601;82650.607;82650.616;82650.620;82650.624;82650.625;82650.634;82650.637;82650.638;82650.640;82650.642;82650.644
SSA,2,750,12,13,120030,random,120030,82339.08110906795,87784.54073621597,5445.459627148026,True,333.07314564857097,90.15741541599982,-193.834 528.943;-351.646 -168.581;-695.912 -279.655;-2.932 -3.818;-278.952 182.597;422.296 -278.322;-638.089 65.627;513.920 55.308;-238.990 -520.240;627.373 410.979;386.705 -642.619;165.645 346.599,nan;nan;nan;nan;nan;nan;nan;nan;nan;nan;nan;nan;nan;nan;nan;nan;nan;nan;nan;nan;nan;nan;nan;nan;nan;nan;nan;nan;nan;nan;nan;nan;nan;nan;nan;nan;nan;nan;nan;nan;nan;nan;nan;nan;nan;nan;nan;nan;nan;nan;nan;nan;nan;nan;nan;nan;nan;nan;nan;nan;nan;nan;nan;nan;nan;nan;nan;nan;nan;nan;nan;nan;nan;nan;nan;nan;nan;nan;nan;nan;nan;79431.654;79431.654;79431.654;79431.654;79431.654;79431.654;79718.456;80542.706;80593.044;80593.044;80770.079;81355.103;81594.691;81594.691;81594.691;81594.691;81594.691;81734.365;81734.365;81736.937;81809.039;81809.039;82021.677;82021.677;82021.677;82021.677;82021.677;82021.677;82188.944;82209.560;82209.560;82251.132;82251.132;82259.745;82259.745;82259.745;82259.745;82263.766;82273.371;82273.371;82273.371;82273.371;82274.688;82274.688;82281.229;82288.533;82288.533;82295.478;82308.388;82312.711;82313.408;82315.036;82315.709;82316.229;82316.458;82319.112;82320.036;82320.789;82322.644;82327.177;82329.821;82331.310;82332.534;82335.180;82336.216;82337.221;82337.221;82337.310;82337.516;82337.516;82337.516;82337.516;82337.516;82337.675;82337.767;82337.831;82337.831;82337.831;82337.863;82338.160;82338.339;82338.518;82338.570;82338.612;82338.684;82338.753;82338.784;82338.813;82338.837;82338.837;82338.837;82338.837;82338.837;82338.865;82338.885;82338.908;82338.908;82338.961;82338.972;82339.008;82339.037;82339.044;82339.047;82339.053;82339.056;82339.058;82339.058;82339.069;82339.070;82339.070;82339.070;82339.073;82339.073;82339.074;82339.078;82339.080;82339.080;82339.080;82339.081
SSA,2,750,12,21,120030,random,120030,83900.48425039968,87784.54073621597,3884.056485816298,True,322.644731933526,89.60331709599996,556.258 -404.491;231.276 713.450;166.728 -142.467;-513.350 517.822;-277.380 -0.747;-149.874 -361.832;-706.752 196.833;543.245 512.929;-655.004 -311.090;223.017 175.229;112.353 -741.537;716.241 14.326,nan;nan;nan;nan;nan;nan;nan;nan;nan;nan;nan;nan;nan;nan;nan;nan;nan;nan;nan;nan;nan;nan;nan;nan;nan;nan;nan;nan;nan;nan;nan;nan;nan;nan;nan;nan;nan;nan;nan;nan;nan;nan;nan;nan;nan;nan;nan;nan;nan;nan;nan;nan;nan;nan;nan;nan;nan;nan;nan;nan;nan;nan;nan;nan;nan;nan;nan;nan;nan;nan;nan;nan;nan;nan;nan;nan;nan;81216.919;81216.919;81216.919;81216.919;81242.552;81242.552;81281.238;82361.756;82386.756;82529.301;82557.353;82557.353;82557.353;82557.353;82966.787;82966.787;82966.787;82966.787;82966.787;82966.787;82966.787;82966.787;83070.638;83070.638;83101.672;83101.672;83101.672;83458.734;83458.734;83523.215;83523.215;83523.215;83523.215;83529.596;83560.274;83560.274;83630.404;83647.867;83647.867;83692.678;83695.496;83736.096;83736.096;83742.769;83742.769;83743.549;83752.751;83767.101;83784.285;83784.733;83793.615;83797.064;83814.454;83819.543;83833.712;83842.436;83847.232;83852.775;83860.482;83870.805;83872.344;83875.954;83880.656;83882.624;83883.360;83884.245;83885.497;83885.866;83887.117;83889.349;83890.626;83891.416;83893.596;83894.833;83895.026;83895.810;83895.949;83896.000;83897.155;83898.083;83898.275;83898.680;83898.900;83899.035;83899.110;83899.196;83899.326;83899.384;83899.652;83899.833;83899.903;83899.909;83899.977;83900.018;83900.062;83900.070;83900.113;83900.153;83900.197;83900.296;83900.356;83900.376;83900.394;83900.401;83900.418;83900.423;83900.425;83900.434;83900.438;83900.444;83900.450;83900.457;83900.458;83900.463;83900.468;83900.469;83900.474;83900.476;83900.478;83900.480;83900.482;83900.484;83900.484
SSA,2,750,12,29,120030,random,120030,82598.51902506959,87784.54073621597,5186.021711146386,True,316.0493275106386,90.11123921199987,181.247 26.853;-723.426 197.877;561.982 -155.427;-708.400 -219.734;-280.042 554.390;-167.741 -154.665;647.918 259.660;540.777 -519.673;-61.499 -471.157;-470.722 -428.052;118.530 -740.471;-320.310 181.068,nan;nan;nan;nan;nan;nan;nan;nan;nan;nan;nan;nan;nan;nan;nan;nan;nan;nan;nan;nan;nan;nan;nan;nan;nan;nan;nan;nan;nan;nan;nan;nan;nan;nan;nan;nan;nan;nan;nan;nan;nan;nan;nan;nan;nan;nan;nan;nan;nan;nan;nan;nan;nan;nan;nan;nan;nan;nan;nan;nan;nan;nan;nan;nan;nan;nan;nan;nan;nan;nan;nan;nan;nan;nan;80351.653;80351.653;80351.653;80351.653;80351.653;81206.227;81206.227;81206.227;81206.227;81206.227;81206.227;81206.227;81206.227;81206.227;81206.227;81206.227;81206.227;81206.227;81206.227;81206.227;81206.227;81206.227;81206.227;81407.215;81407.215;81407.215;81830.852;81830.852;82029.004;82096.451;82096.451;82218.365;82219.197;82219.197;82277.201;82277.201;82353.687;82353.687;82353.687;82376.632;82376.632;82431.821;82445.665;82477.309;82477.309;82477.309;82477.309;82490.923;82493.336;82493.336;82498.589;82499.461;82501.349;82504.394;82562.365;82563.036;82563.036;82564.221;82564.221;82581.415;82581.415;82581.415;82581.739;82584.454;82584.809;82584.809;82585.827;82586.318;82586.985;82587.596;82587.611;82589.187;82589.788;82589.886;82591.385;82591.847;82592.037;82592.964;82593.736;82593.816;82594.021;82594.298;82595.090;82595.520;82596.425;82596.837;82597.006;82597.303;82597.518;82597.790;82597.860;82597.884;82597.884;82597.939;82598.023;82598.094;82598.122;82598.129;82598.202;82598.248;82598.289;82598.327;82598.362;82598.407;82598.423;82598.451;82598.455;82598.474;82598.484;82598.486;82598.488;82598.493;82598.495;82598.499;82598.503;82598.505;82598.506;82598.507;82598.507;82598.508;82598.510;82598.514;82598.515;82598.516;82598.517;82598.519
LXSSA,2,750,12,7,120030,random,120030,81861.41612953272,87784.54073621597,5923.124606683254,True,308.00011463619404,90.0681398239999,98.631 -143.535;-109.985 104.329;672.200 332.636;-12.678 733.128;145.279 -575.727;-748.239 -51.362;-415.688 163.540;277.309 127.254;-548.735 -286.015;-84.344 428.346;-256.667 -704.689;448.115 -209.098,nan;nan;nan;nan;nan;nan;nan;nan;nan;nan;nan;nan;nan;nan;nan;nan;nan;nan;nan;nan;nan;nan;nan;nan;nan;nan;nan;nan;nan;nan;nan;nan;nan;nan;nan;nan;nan;nan;nan;nan;nan;nan;nan;nan;nan;nan;nan;nan;nan;nan;nan;nan;nan;nan;nan;nan;nan;nan;nan;nan;nan;nan;79608.303;79608.303;79608.303;79608.303;79608.303;79608.303;79608.303;79608.303;79608.303;79608.303;79608.303;79608.303;79608.303;79608.303;79667.839;79667.839;79667.839;79897.640;79897.640;79948.137;79948.137;79948.137;80103.842;80104.018;80107.049;80516.360;80516.656;80517.599;80517.925;80517.976;80518.580;80579.428;80623.786;80623.786;80623.786;80627.377;80627.577;80627.577;80627.577;80832.426;80832.426;81229.769;81234.933;81238.268;81294.340;81366.709;81367.085;81374.199;81403.386;81408.144;81408.782;81414.886;81704.437;81709.854;81712.182;81718.589;81719.078;81816.452;81818.627;81818.914;81819.558;81820.871;81820.886;81821.037;81822.023;81822.365;81822.365;81823.133;81823.856;81826.069;81828.191;81828.854;81828.854;81834.636;81837.491;81840.158;81843.715;81843.715;81844.587;81846.408;81846.787;81848.346;81851.075;81851.630;81854.379;81855.339;81856.373;81857.012;81857.045;81857.434;81857.808;81858.083;81858.205;81858.526;81858.770;81858.815;81860.166;81860.591;81860.642;81860.748;81860.870;81860.906;81860.985;81861.048;81861.075;81861.118;81861.128;81861.139;81861.148;81861.154;81861.203;81861.264;81861.314;81861.337;81861.341;81861.342;81861.342;81861.344;81861.350;81861.372;81861.380;81861.380;81861.383;81861.384;81861.386;81861.392;81861.403;81861.406;81861.409;81861.411;81861.412;81861.413;81861.413;81861.413;81861.414;81861.414;81861.415;81861.416
LXSSA,2,750,12,15,120030,random,120030,82194.2014350817,87784.54073621597,5590.3393011342705,True,313.40010746210146,87.18040323000014,375.642 649.148;-385.681 -229.919;727.468 41.630;-439.955 -538.584;250.455 -273.347;194.652 389.004;-128.307 -738.943;280.475 -609.269;670.329 -291.473;72.171 7.566;-194.450 363.536;-87.054 -425.396,nan;nan;nan;nan;nan;nan;nan;nan;nan;nan;nan;nan;nan;nan;nan;nan;nan;nan;nan;nan;nan;nan;nan;nan;nan;nan;nan;nan;nan;nan;nan;nan;nan;nan;nan;nan;nan;nan;nan;80119.392;80119.392;80119.392;80119.392;80119.392;80119.392;80119.392;80119.392;80119.392;80119.392;80119.392;80123.821;80123.821;80123.821;80123.821;80776.677;80776.677;80776.677;80776.677;80776.677;80777.173;80778.061;80778.061;80778.061;80778.061;80778.061;80778.061;80778.061;80778.061;80785.379;80785.379;80785.379;80810.990;80816.577;80851.051;80851.051;81027.562;81027.562;81027.562;81028.193;81028.193;81028.193;81028.193;81028.275;81028.275;81028.275;81028.275;81036.034;81036.811;81068.282;81122.187;81122.187;81122.187;81122.187;81130.699;81130.699;81132.565;81132.887;81132.935;81171.827;81228.128;81231.561;81300.990;81300.990;81402.827;81527.671;81544.548;81749.290;81806.438;81806.544;81895.411;81910.433;81912.258;81933.102;81934.056;81934.737;81934.793;81943.616;81945.554;81946.817;81946.817;81948.671;81952.946;81955.339;81964.018;81971.084;82002.313;82007.686;82012.274;82023.935;82025.725;82034.737;82039.939;82051.340;82075.679;82090.198;82107.095;82112.011;82115.171;82119.312;82122.766;82124.465;82129.344;82131.929;82132.275;82132.388;82134.734;82137.737;82139.773;82141.369;82169.856;82174.615;82178.924;82181.562;82184.162;82185.916;82187.940;82188.539;82189.048;82189.705;82190.063;82190.163;82190.657;82191.162;82191.743;82192.093;82192.605;82192.738;82192.937;82193.152;82193.230;82193.346;82193.613;82193.744;82193.776;82193.788;82193.810;82193.815;82193.830;82193.872;82193.912;82193.915;82193.939;82193.978;82194.028;82194.050;82194.085;82194.101;82194.108;82194.115;82194.124;82194.135;82194.145;82194.165;82194.170;82194.176;82194.184;82194.189;82194.193;82194.198;82194.201
LXSSA,2,750,12,23,120030,random,120030,82974.43140913,87784.54073621597,4810.109327085971,True,317.97449564508287,86.24968147299978,746.583 -71.510;-506.709 -552.943;476.822 377.592;-649.223 375.512;17.969 -635.355;226.316 87.786;-340.117 591.805;73.981 -322.353;123.982 640.785;447.265 -179.626;-716.645 -21.431;-182.594 181.399,nan;nan;nan;nan;nan;nan;nan;nan;nan;nan;nan;nan;nan;nan;nan;nan;nan;nan;nan;nan;nan;nan;nan;79364.411;79364.411;79364.411;79364.411;79364.411;79734.515;79734.515;80462.221;80462.221;80593.830;80593.830;80593.830;80593.830;80593.830;80593.830;80593.830;80593.830;80593.830;80593.830;80593.830;80593.830;80593.830;80593.830;80593.830;80593.830;80593.830;80593.830;80593.830;80593.830;80593.830;80593.830;80593.830;80593.830;80593.830;80593.830;80593.830;80593.830;80594.195;80594.195;80594.195;80594.195;80594.195;80598.712;80598.712;80598.712;80598.712;80667.191;80903.329;80998.171;80998.171;80998.171;80998.171;81003.201;81003.201;81005.137;81006.086;81007.628;81007.628;81007.650;81057.549;81403.350;81822.401;82225.267;82364.898;82365.240;82365.844;82787.589;82787.589;82787.589;82789.754;82791.686;82791.686;82821.140;82821.140;82821.140;82821.140;82821.140;82848.683;82850.002;82850.695;82886.523;82886.565;82886.798;82887.105;82889.640;82890.778;82892.566;82893.390;82893.962;82903.053;82903.119;82904.836;82906.909;82908.827;82908.868;82909.252;82909.816;82909.867;82910.673;82913.032;82914.501;82920.487;82921.188;82926.117;82926.750;82927.259;82927.818;82933.832;82933.832;82935.477;82941.603;82941.871;82943.617;82944.851;82945.833;82948.815;82950.914;82951.359;82954.058;82956.415;82959.866;82962.017;82964.349;82966.571;82968.263;82968.338;82968.940;82969.398;82969.404;82970.494;82971.555;82971.625;82972.209;82972.553;82972.668;82972.876;82973.025;82973.359;82973.430;82973.465;82973.484;82973.622;82973.728;82973.730;82973.742;82973.771;82973.867;82973.922;82973.952;82973.991;82974.050;82974.098;82974.117;82974.186;82974.220;82974.260;82974.267;82974.283;82974.302;82974.309;82974.328;82974.341;82974.359;82974.367;82974.381;82974.387;82974.397;82974.401;82974.407;82974.411;82974.418;82974.422;82974.424;82974.425;82974.426;82974.428;82974.431
PSOC,2,750,12,1,120030,random,120030,84141.70937900437,87784.54073621597,3642.831357211602,True,308.0007378662335,86.67135806800025,-110.169 741.864;-481.504 -46.980;233.782 145.821;-4.456 -118.605;301.920 -328.131;627.581 109.382;-521.334 -539.176;514.906 461.315;-589.141 456.422;-736.990 129.872;179.011 -728.323;727.601 -181.926,nan;nan;nan;79952.093;81651.455;82317.684;82607.975;82608.747;82665.104;82926.146;83069.085;83072.674;83074.471;83079.141;83087.322;83094.078;83116.975;83120.360;83135.756;83152.848;83163.761;83490.545;83503.971;83588.080;83592.135;83607.996;83619.391;83625.889;83671.557;83674.049;83676.753;83778.430;83780.471;83783.959;83787.167;83807.064;83814.333;83818.078;83850.420;83909.799;83991.671;84010.416;84010.740;84011.909;84015.700;84018.247;84021.748;84026.749;84029.002;84029.697;84038.937;84084.137;84085.634;84087.486;84090.239;84091.587;84091.842;84092.312;84092.789;84093.156;84093.610;84098.615;84098.615;84099.064;84099.413;84099.520;84101.031;84101.233;84102.469;84102.658;84102.928;84103.637;84103.966;84107.241;84107.643;84107.862;84107.965;84107.976;84108.022;84108.213;84108.274;84108.327;84108.352;84108.364;84108.377;84108.377;84108.380;84133.853;84133.857;84133.864;84133.865;84133.867;84133.869;84133.871;84134.018;84134.028;84134.029;84134.030;84134.035;84134.153;84134.174;84134.290;84134.295;84134.299;84134.332;84134.360;84134.360;84134.362;84134.364;84134.367;84134.378;84134.379;84134.382;84134.389;84134.817;84140.728;84140.830;84140.841;84140.924;84140.970;84140.995;84140.998;84141.013;84141.015;84141.015;84141.020;84141.035;84141.037;84141.040;84141.044;84141.046;84141.046;84141.047;84141.047;84141.047;84141.047;84141.047;84141.047;84141.047;84141.047;84141.047;84141.047;84141.047;84141.048;84141.048;84141.048;84141.048;84141.048;84141.048;84141.048;84141.048;84141.048;84141.048;84141.048;84141.048;84141.048;84141.048;84141.048;84141.048;84141.048;84141.048;84141.048;84141.048;84141.048;84141.048;84141.048;84141.048;84141.048;84141.075;84141.076;84141.076;84141.077;84141.077;84141.077;84141.077;84141.082;84141.383;84141.430;84141.440;84141.441;84141.442;84141.442;84141.442;84141.463;84141.473;84141.473;84141.475;84141.475;84141.475;84141.475;84141.476;84141.479;84141.486;84141.496;84141.499;84141.507;84141.685;84141.703;84141.709;84141.709
PSOC,2,750,12,9,120030,random,120030,84211.6818520894,87784.54073621597,3572.8588841265737,True,342.18475745415753,88.806786569,-282.997 594.494;748.558 -46.472;-552.935 -376.930;225.053 -251.662;110.494 725.447;420.826 -620.808;-552.076 300.227;-57.687 -593.773;429.279 220.177;461.382 591.292;59.605 344.391;-610.469 -36.939,nan;nan;nan;82028.396;82048.615;82468.422;82823.858;82942.049;83517.244;83736.841;83842.179;83963.951;83999.727;84009.083;84029.859;84034.324;84039.884;84045.693;84048.231;84051.024;84052.213;84053.648;84053.843;84057.004;84064.292;84064.846;84066.624;84067.593;84067.924;84068.781;84069.182;84071.241;84076.168;84083.230;84084.102;84087.138;84088.663;84089.702;84090.866;84092.029;84092.520;84114.347;84114.782;84115.524;84117.118;84117.939;84122.319;84129.898;84132.233;84135.354;84137.001;84138.630;84138.746;84138.866;84138.948;84140.522;84141.909;84146.933;84149.996;84150.202;84150.339;84150.585;84150.813;84150.936;84167.421;84167.856;84167.868;84168.070;84168.434;84168.484;84168.658;84168.803;84168.817;84168.933;84169.036;84169.068;84169.088;84169.111;84169.132;84169.149;84169.203;84169.209;84169.209;84169.209;84169.277;84169.540;84169.556;84169.720;84169.879;84169.947;84169.983;84170.200;84170.935;84171.290;84171.323;84171.329;84171.355;84171.403;84171.414;84171.423;84171.427;84171.435;84171.450;84171.455;84171.459;84171.463;84171.465;84171.467;84171.468;84171.470;84171.475;84171.478;84171.485;84171.492;84171.688;84171.697;84171.706;84171.711;84171.714;84171.715;84171.718;84171.723;84171.729;84171.731;84171.734;84171.737;84171.955;84172.296;84172.526;84172.554;84172.561;84172.572;84172.581;84172.596;84172.671;84172.724;84172.728;84172.736;84172.739;84172.743;84172.744;84172.751;84172.757;84172.765;84172.768;84172.956;84173.544;84173.588;84173.635;84173.662;84173.670;84173.684;84173.727;84173.787;84173.800;84173.805;84174.305;84205.720;84208.346;84208.779;84208.825;84208.983;84209.190;84209.379;84210.305;84210.470;84210.632;84210.698;84210.716;84210.756;84210.785;84210.824;84210.954;84211.120;84211.240;84211.252;84211.275;84211.287;84211.314;84211.320;84211.322;84211.429;84211.442;84211.450;84211.461;84211.468;84211.477;84211.482;84211.485;84211.492;84211.495;84211.496;84211.501;84211.577;84211.615;84211.661;84211.672;84211.677;84211.680;84211.682
PSOC,2,750,12,17,120030,random,120030,83190.23439745442,87784.54073621597,4594.306338761555,True,308.0581436432233,88.40021654600014,700.291 237.958;285.911 -14.270;-740.980 87.563;-99.120 -743.421;600.670 -347.090;-603.087 445.855;-41.186 431.934;-21.947 89.447;-74.253 -436.368;-543.499 -476.047;434.700 611.176;-322.932 676.916,nan;80806.668;81660.406;81899.346;82598.671;82653.835;82693.808;82788.110;82821.958;82876.302;82876.495;82890.560;82896.430;82907.551;82933.001;82948.933;83034.362;83071.695;83097.682;83101.750;83104.470;83109.338;83112.756;83117.253;83119.064;83121.615;83122.996;83123.972;83125.575;83128.861;83132.169;83133.762;83133.777;83133.870;83134.174;83134.850;83135.813;83136.124;83137.250;83138.953;83139.518;83139.596;83139.617;83139.760;83141.611;83141.758;83141.893;83141.942;83142.078;83142.265;83142.414;83142.610;83143.091;83143.350;83143.452;83145.704;83152.595;83160.168;83160.560;83160.619;83164.354;83165.629;83165.811;83165.951;83166.025;83166.137;83166.320;83166.362;83166.387;83166.391;83166.401;83166.404;83166.408;83166.516;83166.528;83166.533;83166.567;83166.586;83166.608;83166.634;83166.636;83166.641;83166.643;83166.656;83166.702;83167.055;83171.341;83174.818;83180.352;83187.010;83189.374;83189.439;83189.494;83189.521;83189.543;83189.555;83189.562;83189.747;83189.872;83189.937;83189.944;83189.952;83189.960;83189.962;83189.970;83189.971;83189.972;83189.984;83189.989;83189.990;83189.991;83189.991;83190.014;83190.015;83190.017;83190.019;83190.084;83190.214;83190.219;83190.220;83190.226;83190.227;83190.227;83190.228;83190.228;83190.229;83190.230;83190.230;83190.232;83190.232;83190.233;83190.233;83190.233;83190.233;83190.234;83190.234;83190.234;83190.234;83190.234;83190.234;83190.234;83190.234;83190.234;83190.234;83190.234;83190.234;83190.234;83190.234;83190.234;83190.234;83190.234;83190.234;83190.234;83190.234;83190.234;83190.234;83190.234;83190.234;83190.234;83190.234;83190.234;83190.234;83190.234;83190.234;83190.234;83190.234;83190.234;83190.234;83190.234;83190.234;83190.234;83190.234;83190.234;83190.234;83190.234;83190.234;83190.234;83190.234;83190.234;83190.234;83190.234;83190.234;83190.234;83190.234;83190.234;83190.234;83190.234;83190.234;83190.234;83190.234;83190.234;83190.234;83190.234;83190.234;83190.234;83190.234;83190.234;83190.234;83190.234;83190.234
PSOC,2,750,12,25,120030,random,120030,84515.10433326119,87784.54073621597,3269.436402954787,True,336.74797067592374,90.31057517800036,-210.112 719.967;749.069 -37.343;-651.372 328.081;410.025 -451.099;120.053 323.258;-729.528 -174.036;188.781 -718.961;-208.706 -22.068;113.122 -238.651;599.863 264.545;-369.046 -652.921;406.187 630.486,nan;nan;nan;81003.294;81003.294;81448.377;81822.581;81839.895;82165.950;82165.950;82467.752;82549.474;82614.435;82693.017;82711.355;82910.515;82979.579;82995.042;82999.121;83022.370;83046.138;83057.545;83289.796;83334.354;83339.145;83549.309;83599.312;83639.573;83711.221;83715.411;83721.313;83725.372;83735.012;83767.079;84105.892;84129.895;84255.019;84368.157;84372.748;84378.055;84379.493;84396.760;84399.492;84485.588;84489.467;84494.845;84497.128;84498.036;84501.435;84502.817;84503.843;84504.137;84505.170;84506.016;84506.380;84508.072;84508.230;84508.410;84508.516;84508.607;84508.625;84508.641;84508.651;84508.652;84508.667;84508.699;84508.705;84508.709;84508.711;84508.718;84508.731;84508.848;84508.874;84508.991;84509.169;84509.243;84509.454;84509.564;84510.049;84510.623;84512.000;84512.791;84513.084;84513.352;84513.646;84513.843;84514.012;84514.036;84514.051;84514.082;84514.094;84514.102;84514.112;84514.117;84514.123;84514.129;84514.133;84514.150;84514.152;84514.155;84514.159;84514.215;84514.239;84514.243;84514.243;84514.246;84514.246;84514.251;84514.251;84514.252;84514.253;84514.255;84514.256;84514.266;84514.267;84514.269;84514.269;84514.271;84514.273;84514.275;84514.276;84514.279;84514.297;84514.307;84514.313;84514.331;84514.348;84514.353;84514.356;84514.356;84514.357;84514.357;84514.357;84514.358;84514.361;84514.385;84514.689;84514.923;84514.934;84514.936;84514.937;84514.939;84514.945;84514.946;84514.948;84514.949;84514.950;84514.951;84514.952;84514.952;84514.952;84514.953;84514.953;84514.953;84514.953;84514.953;84514.953;84514.954;84514.956;84514.956;84514.956;84514.956;84514.956;84514.956;84514.957;84514.957;84514.957;84514.957;84514.957;84514.957;84514.957;84514.962;84514.965;84514.966;84514.967;84514.969;84514.969;84514.969;84514.969;84514.970;84514.970;84514.970;84514.970;84514.970;84514.970;84514.970;84514.970;84514.970;84514.970;84514.970;84514.970;84514.971;84514.971;84514.971;84515.056;84515.103;84515.103;84515.104;84515.104;84515.104
DE,2,750,12,3,120030,random,120030,83584.741695979,87784.54073621597,4199.799040236976,True,309.7842222338185,102.84952299299994,-696.164 279.026;-129.209 -738.785;575.936 -480.410;597.575 409.230;397.084 173.074;298.233 686.541;111.731 -14.026;-33.086 576.286;-15.472 -424.500;-358.217 169.156;743.215 -100.656;-689.870 -294.236,nan;nan;nan;nan;nan;nan;nan;nan;nan;nan;nan;nan;nan;nan;nan;nan;nan;nan;nan;nan;nan;nan;nan;nan;nan;nan;nan;nan;nan;nan;nan;nan;nan;nan;nan;nan;nan;nan;nan;nan;nan;nan;nan;82020.043;82020.043;82020.043;82020.043;82219.659;82281.151;82496.622;82696.987;82844.646;82844.646;83096.326;83161.941;83161.941;83173.697;83242.864;83249.570;83340.354;83340.354;83340.354;83345.773;83354.660;83379.243;83397.163;83397.163;83397.163;83429.036;83437.001;83437.001;83448.334;83454.658;83472.104;83475.810;83484.606;83489.703;83494.404;83497.240;83498.406;83499.332;83503.177;83504.233;83506.430;83509.564;83511.098;83513.090;83515.310;83518.247;83521.678;83551.274;83553.446;83554.951;83556.372;83560.044;83561.674;83563.258;83564.397;83565.899;83566.686;83567.872;83568.991;83570.434;83570.973;83571.170;83571.655;83572.114;83572.518;83572.984;83573.157;83573.392;83573.765;83574.256;83574.934;83575.444;83576.235;83577.568;83578.126;83578.398;83579.022;83579.455;83579.917;83580.455;83580.765;83580.969;83581.262;83581.735;83581.735;83581.956;83582.058;83582.305;83582.470;83582.781;83582.957;83583.216;83583.368;83583.440;83583.594;83583.680;83583.782;83583.857;83583.914;83583.952;83583.972;83584.004;83584.033;83584.048;83584.055;83584.068;83584.087;83584.109;83584.121;83584.135;83584.142;83584.173;83584.198;83584.227;83584.242;83584.297;83584.350;83584.394;83584.440;83584.471;83584.495;83584.525;83584.553;83584.566;83584.578;83584.585;83584.597;83584.604;83584.613;83584.623;83584.625;83584.632;83584.638;83584.644;83584.649;83584.651;83584.653;83584.654;83584.660;83584.662;83584.667;83584.670;83584.675;83584.680;83584.682;83584.684;83584.686;83584.688;83584.692;83584.697;83584.700;83584.703;83584.708;83584.712;83584.722;83584.725;83584.742
DE,2,750,12,11,120030,random,120030,84218.12156870426,87784.54073621597,3566.419167511718,True,311.3885501326805,119.4040544720001,599.277 -450.950;749.383 30.413;0.856 -749.467;267.833 -139.569;-238.112 47.356;-318.020 503.379;-178.636 -326.873;-738.470 -130.990;556.855 492.753;-116.615 740.864;-682.600 179.352;-587.979 -465.556,nan;nan;nan;nan;nan;nan;nan;nan;nan;nan;nan;nan;nan;nan;nan;nan;nan;nan;nan;nan;nan;80276.173;80592.008;80592.008;81706.413;82025.637;82350.486;82580.594;82658.311;82931.342;82931.342;83156.836;83380.603;83380.603;83396.626;83435.274;83567.864;83586.214;83628.478;83628.478;83817.548;83817.548;83851.436;83966.834;83966.834;83966.834;84053.872;84087.124;84107.123;84130.872;84149.268;84160.899;84170.210;84178.340;84186.940;84189.499;84193.024;84195.552;84198.196;84200.629;84202.658;84204.844;84206.501;84208.207;84209.266;84210.131;84210.539;84211.280;84211.845;84212.043;84212.329;84212.562;84212.773;84213.018;84213.252;84213.360;84213.517;84213.880;84214.062;84214.209;84214.318;84214.432;84214.582;84214.723;84214.914;84215.019;84215.147;84215.198;84215.264;84215.300;84215.370;84215.421;84215.507;84215.579;84215.658;84215.744;84215.808;84215.834;84215.883;84215.933;84215.975;84216.005;84216.030;84216.036;84216.073;84216.086;84216.096;84216.104;84216.118;84216.125;84216.133;84216.147;84216.152;84216.158;84216.163;84216.178;84216.202;84216.221;84216.242;84216.253;84216.269;84216.275;84216.283;84216.290;84216.296;84216.302;84216.308;84216.318;84216.338;84216.363;84216.380;84216.392;84216.408;84216.414;84216.423;84216.429;84216.434;84216.443;84216.445;84216.452;84216.457;84216.466;84216.476;84216.482;84216.489;84216.492;84216.497;84216.506;84216.527;84216.542;84216.556;84216.570;84216.589;84216.618;84216.647;84216.697;84216.769;84216.828;84216.883;84216.909;84216.933;84216.961;84216.974;84216.986;84217.025;84217.087;84217.114;84217.150;84217.236;84217.384;84217.429;84217.492;84217.533;84217.567;84217.577;84217.598;84217.612;84217.625;84217.636;84217.645;84217.667;84217.685;84217.711;84217.745;84217.772;84217.794;84217.841;84217.894;84217.922;84217.943;84217.967;84217.974;84217.992;84218.007;84218.017;84218.043;84218.049;84218.070;84218.098;84218.117
DE,2,750,12,19,120030,random,120030,84049.71236327989,87784.54073621597,3734.8283729360846,True,349.2002440774953,184.15908874200022,216.637 -46.196;-8.346 -367.677;15.892 749.832;-370.330 55.860;680.883 314.481;708.755 -245.289;395.208 515.307;-137.653 321.947;463.095 -550.447;-150.653 -734.713;-540.333 520.135;-680.221 -272.602,nan;nan;nan;nan;nan;nan;nan;nan;nan;nan;nan;nan;nan;nan;nan;nan;nan;80836.404;81596.224;82233.370;82233.370;82233.370;82373.186;82396.330;82571.463;82738.939;82979.681;82979.681;83103.122;83103.122;83157.449;83191.935;83191.935;83191.935;83191.935;83321.221;83321.221;83321.221;83375.857;83472.167;83472.167;83491.511;83552.737;83601.693;83744.488;83789.839;83846.644;83867.581;83882.980;83899.938;83903.879;83910.341;83916.860;83926.603;83932.388;83938.580;83947.451;83957.405;83966.768;83984.989;83992.181;84004.794;84008.917;84013.455;84016.455;84019.634;84021.961;84025.323;84027.453;84028.744;84029.356;84030.947;84032.905;84033.766;84034.468;84036.565;84038.980;84040.843;84040.843;84041.331;84042.150;84042.680;84043.599;84043.940;84044.456;84044.858;84045.222;84045.714;84045.916;84046.156;84046.366;84046.688;84046.906;84046.971;84047.225;84047.280;84047.394;84047.478;84047.549;84047.622;84047.729;84047.781;84047.847;84047.870;84047.931;84048.013;84048.030;84048.066;84048.093;84048.140;84048.213;84048.221;84048.243;84048.256;84048.275;84048.289;84048.314;84048.341;84048.368;84048.397;84048.411;84048.446;84048.488;84048.542;84048.607;84048.655;84048.700;84048.743;84048.771;84048.783;84048.809;84048.834;84048.846;84048.862;84048.880;84048.889;84048.895;84048.911;84048.938;84048.987;84049.020;84049.043;84049.057;84049.072;84049.082;84049.090;84049.094;84049.108;84049.112;84049.117;84049.119;84049.127;84049.128;84049.135;84049.138;84049.139;84049.141;84049.145;84049.149;84049.162;84049.193;84049.288;84049.329;84049.380;84049.406;84049.469;84049.505;84049.552;84049.587;84049.614;84049.623;84049.638;84049.651;84049.655;84049.663;84049.669;84049.671;84049.679;84049.683;84049.688;84049.691;84049.693;84049.697;84049.699;84049.701;84049.703;84049.705;84049.706;84049.707;84049.707;84049.708;84049.709;84049.710;84049.710;84049.710;84049.711;84049.711;84049.711;84049.712;84049.712
DE,2,750,12,27,120030,random,120030,84295.0715091819,87784.54073621597,3489.4692270340747,True,342.96171257227286,224.898919837,52.903 748.131;-58.088 -128.980;-595.325 -312.150;749.425 29.366;-551.264 508.535;-732.913 159.157;388.642 165.186;677.490 -321.725;-12.534 348.729;530.107 530.553;-62.089 -747.426;-216.634 -441.258,nan;nan;nan;nan;nan;nan;nan;nan;nan;nan;nan;nan;nan;nan;nan;nan;nan;nan;nan;nan;nan;nan;nan;nan;nan;nan;nan;nan;nan;nan;nan;81161.641;81187.359;82323.323;82581.236;82983.041;83057.626;83222.748;83603.619;83603.619;83603.619;83673.626;83673.626;83690.677;83742.150;83747.594;83810.533;83839.363;83851.301;83851.301;83931.016;83989.954;84073.125;84087.323;84096.834;84118.276;84172.658;84189.915;84201.343;84214.003;84227.209;84232.447;84239.179;84247.464;84249.421;84253.431;84256.841;84259.213;84262.055;84265.860;84266.524;84268.400;84271.313;84274.981;84277.452;84279.150;84280.223;84281.508;84282.084;84283.386;84284.288;84285.227;84286.084;84286.893;84287.917;84289.100;84289.514;84289.909;84290.756;84291.639;84291.940;84292.293;84292.589;84292.799;84293.248;84293.528;84293.710;84293.838;84293.886;84294.001;84294.068;84294.139;84294.186;84294.212;84294.304;84294.317;84294.373;84294.476;84294.549;84294.593;84294.627;84294.658;84294.683;84294.718;84294.725;84294.742;84294.763;84294.788;84294.807;84294.826;84294.840;84294.871;84294.892;84294.903;84294.928;84294.939;84294.951;84294.958;84294.971;84294.973;84294.981;84294.985;84294.988;84294.991;84294.992;84294.995;84294.999;84295.001;84295.002;84295.004;84295.007;84295.010;84295.013;84295.014;84295.016;84295.018;84295.018;84295.019;84295.021;84295.022;84295.024;84295.026;84295.029;84295.035;84295.040;84295.045;84295.048;84295.053;84295.055;84295.058;84295.059;84295.060;84295.061;84295.063;84295.064;84295.065;84295.066;84295.067;84295.068;84295.068;84295.069;84295.069;84295.069;84295.070;84295.070;84295.070;84295.070;84295.071;84295.071;84295.071;84295.071;84295.071;84295.071;84295.071;84295.071;84295.071;84295.071;84295.071;84295.071;84295.071;84295.071;84295.071;84295.071;84295.071;84295.071;84295.071;84295.071;84295.071;84295.071;84295.072
SLSQP,2,750,12,5,120030,random,120030,83539.86242159727,87784.54073621597,4244.678314618708,True,316.78402455322043,372.1472974109997,26.415 -718.820;25.550 723.209;-709.449 213.858;554.222 -504.978;626.226 221.636;545.673 -150.472;535.350 525.105;-228.475 -435.973;81.565 1.515;-519.839 540.256;-127.608 279.718;-501.573 -189.252,82126.065;82721.944;82724.529;82724.540;82724.540;82724.540;82724.540;82724.540;82724.540;82724.540;83451.498;83539.862;83539.862;83539.862;83539.862;83539.862;83539.862;83539.862;83539.862;83539.862;83539.862;83539.862;83539.862;83539.862;83539.862;83539.862;83539.862;83539.862;83539.862;83539.862;83539.862;83539.862;83539.862;83539.862;83539.862;83539.862;83539.862;83539.862;83539.862;83539.862;83539.862;83539.862;83539.862;83539.862;83539.862;83539.862;83539.862;83539.862;83539.862;83539.862;83539.862;83539.862;83539.862;83539.862;83539.862;83539.862;83539.862;83539.862;83539.862;83539.862;83539.862;83539.862;83539.862;83539.862;83539.862;83539.862;83539.862;83539.862;83539.862;83539.862;83539.862;83539.862;83539.862;83539.862;83539.862;83539.862;83539.862;83539.862;83539.862;83539.862;83539.862;83539.862;83539.862;83539.862;83539.862;83539.862;83539.862;83539.862;83539.862;83539.862;83539.862;83539.862;83539.862;83539.862;83539.862;83539.862;83539.862;83539.862;83539.862;83539.862;83539.862;83539.862;83539.862;83539.862;83539.862;83539.862;83539.862;83539.862;83539.862;83539.862;83539.862;83539.862;83539.862;83539.862;83539.862;83539.862;83539.862;83539.862;83539.862;83539.862;83539.862;83539.862;83539.862;83539.862;83539.862;83539.862;83539.862;83539.862;83539.862;83539.862;83539.862;83539.862;83539.862;83539.862;83539.862;83539.862;83539.862;83539.862;83539.862;83539.862;83539.862;83539.862;83539.862;83539.862;83539.862;83539.862;83539.862;83539.862;83539.862;83539.862;83539.862;83539.862;83539.862;83539.862;83539.862;83539.862;83539.862;83539.862;83539.862;83539.862;83539.862;83539.862;83539.862;83539.862;83539.862;83539.862;83539.862;83539.862;83539.862;83539.862;83539.862;83539.862;83539.862;83539.862;83539.862;83539.862;83539.862;83539.862;83539.862;83539.862;83539.862;83539.862;83539.862;83539.862;83539.862;83539.862;83539.862;83539.862;83539.862;83539.862;83539.862;83539.862;83539.862;83539.862;83539.862;83539.862;83539.862;83539.862;83539.862;83539.862
SLSQP,2,750,12,13,120030,random,120030,83374.69043340237,87784.54073621597,4409.850302813604,True,312.0967408348144,407.1642631730001,733.847 153.199;-159.697 677.891;-166.151 -731.295;-717.100 195.134;-264.360 5.106;608.177 438.876;-697.132 -276.409;613.247 -431.555;360.023 657.761;-260.201 -426.066;-509.733 499.460;168.843 -132.227,82370.970;82409.078;82409.078;82437.541;82449.878;82861.514;82862.159;82862.165;82862.165;82865.997;82868.151;82876.026;82879.577;82879.577;82938.855;83063.601;83063.601;83063.601;83071.838;83074.820;83210.591;83210.591;83210.591;83210.591;83210.591;83210.591;83210.591;83210.591;83210.591;83210.591;83210.591;83210.591;83210.591;83210.591;83210.591;83210.591;83210.591;83210.591;83210.591;83210.591;83210.591;83210.591;83210.591;83210.591;83210.591;83210.591;83210.591;83210.591;83210.591;83210.591;83210.591;83210.591;83210.591;83210.591;83210.591;83210.591;83210.591;83210.591;83210.591;83210.591;83210.591;83210.591;83210.591;83210.591;83210.591;83210.591;83210.591;83210.591;83210.591;83210.591;83210.591;83210.591;83210.591;83210.591;83210.591;83210.591;83210.591;83210.591;83210.591;83210.591;83210.591;83210.591;83210.591;83210.591;83210.591;83210.591;83210.591;83210.591;83210.591;83210.591;83210.591;83210.591;83210.591;83210.591;83210.591;83210.591;83210.591;83210.591;83210.591;83210.591;83210.591;83210.591;83210.591;83210.591;83210.591;83210.591;83210.591;83210.591;83210.591;83210.591;83210.591;83210.591;83210.591;83210.591;83210.591;83210.591;83210.591;83210.591;83210.591;83210.591;83210.591;83210.591;83210.591;83210.591;83210.591;83210.591;83210.591;83210.591;83210.591;83210.591;83210.591;83210.591;83210.591;83210.591;83210.591;83210.591;83210.591;83210.591;83210.591;83210.591;83210.591;83210.591;83210.591;83210.591;83210.591;83374.690;83374.690;83374.690;83374.690;83374.690;83374.690;83374.690;83374.690;83374.690;83374.690;83374.690;83374.690;83374.690;83374.690;83374.690;83374.690;83374.690;83374.690;83374.690;83374.690;83374.690;83374.690;83374.690;83374.690;83374.690;83374.690;83374.690;83374.690;83374.690;83374.690;83374.690;83374.690;83374.690;83374.690;83374.690;83374.690;83374.690;83374.690;83374.690;83374.690;83374.690;83374.690;83374.690;83374.690;83374.690;83374.690;83374.690;83374.690;83374.690;83374.690;83374.690;83374.690;83374.690;83374.690;83374.690
SLSQP,2,750,12,21,120030,random,120030,83667.09037261232,87784.54073621597,4117.450363603653,True,312.9779875963411,413.6344594279999,-5.359 156.823;50.749 -622.241;714.989 17.205;623.361 -333.726;-192.281 594.768;-642.721 -333.431;-413.358 -604.995;-532.260 320.222;634.529 367.808;443.603 -604.280;367.717 566.941;-674.161 -22.036,81942.052;82065.641;82254.854;82254.854;82254.854;82254.854;82254.854;82254.854;82254.854;82254.854;82254.854;82254.854;82254.854;82254.854;82254.854;82381.260;82651.481;82735.812;82854.612;82860.670;82860.814;82860.814;82860.814;82860.814;82860.814;82860.814;82860.814;82860.814;82860.814;82860.814;82860.814;82860.814;82860.814;82860.814;82860.814;82860.814;83010.982;83010.982;83010.982;83010.982;83065.278;83065.278;83065.278;83065.278;83065.278;83065.278;83065.278;83065.278;83065.278;83065.278;83065.278;83065.278;83065.278;83065.278;83065.278;83065.278;83065.278;83065.278;83065.278;83120.023;83120.055;83120.055;83120.055;83120.055;83120.055;83120.055;83120.055;83120.055;83120.055;83120.055;83120.055;83120.055;83120.055;83120.055;83120.055;83120.055;83120.055;83120.055;83120.055;83120.055;83120.055;83120.055;83120.055;83120.055;83120.055;83120.055;83120.055;83120.055;83120.055;83120.055;83120.055;83120.055;83120.055;83667.053;83667.090;83667.090;83667.090;83667.090;83667.090;83667.090;83667.090;83667.090;83667.090;83667.090;83667.090;83667.090;83667.090;83667.090;83667.090;83667.090;83667.090;83667.090;83667.090;83667.090;83667.090;83667.090;83667.090;83667.090;83667.090;83667.090;83667.090;83667.090;83667.090;83667.090;83667.090;83667.090;83667.090;83667.090;83667.090;83667.090;83667.090;83667.090;83667.090;83667.090;83667.090;83667.090;83667.090;83667.090;83667.090;83667.090;83667.090;83667.090;83667.090;83667.090;83667.090;83667.090;83667.090;83667.090;83667.090;83667.090;83667.090;83667.090;83667.090;83667.090;83667.090;83667.090;83667.090;83667.090;83667.090;83667.090;83667.090;83667.090;83667.090;83667.090;83667.090;83667.090;83667.090;83667.090;83667.090;83667.090;83667.090;83667.090;83667.090;83667.090;83667.090;83667.090;83667.090;83667.090;83667.090;83667.090;83667.090;83667.090;83667.090;83667.090;83667.090;83667.090;83667.090;83667.090;83667.090;83667.090;83667.090;83667.090;83667.090;83667.090;83667.090;83667.090;83667.090;83667.090;83667.090;83667.090
SLSQP,2,750,12,29,120030,random,120030,83635.01461180362,87784.54073621597,4149.526124412354,True,311.6308437366842,385.2045762910002,554.816 -501.058;271.264 539.676;-692.025 266.310;-720.416 -123.066;714.816 -226.995;-192.876 717.244;739.088 83.689;-528.433 -526.787;408.225 251.603;-41.213 -742.344;-40.461 -23.441;-209.009 -300.220,nan;nan;nan;81922.992;81922.992;82618.612;82618.612;82618.612;82618.612;82618.612;82618.612;82618.612;82661.858;82661.858;82670.272;82827.063;82827.063;83384.487;83384.487;83384.487;83384.487;83384.487;83384.487;83384.487;83384.487;83384.487;83384.487;83384.487;83384.487;83384.487;83384.487;83384.487;83384.487;83384.487;83384.487;83384.487;83384.487;83384.487;83384.487;83384.487;83384.487;83384.487;83384.487;83384.487;83384.487;83384.487;83384.487;83384.487;83384.487;83384.487;83384.487;83384.487;83384.487;83384.487;83384.487;83384.487;83384.487;83384.487;83384.487;83384.487;83384.487;83384.487;83384.487;83384.487;83384.487;83384.487;83384.487;83384.487;83384.487;83384.487;83384.487;83384.487;83384.487;83384.487;83384.487;83384.487;83384.487;83384.487;83384.487;83384.487;83384.487;83384.487;83384.487;83384.487;83384.487;83384.487;83384.487;83384.487;83384.487;83384.487;83384.487;83384.487;83384.487;83384.487;83384.487;83384.487;83384.487;83384.487;83384.487;83384.487;83384.487;83384.487;83384.487;83384.487;83384.487;83384.487;83384.487;83384.487;83384.487;83384.487;83384.487;83410.450;83464.764;83464.764;83464.764;83464.764;83464.764;83464.764;83464.764;83464.764;83464.764;83464.764;83464.764;83464.764;83464.764;83464.764;83464.764;83464.764;83464.764;83464.764;83464.764;83464.764;83464.764;83464.764;83464.764;83464.764;83464.764;83464.764;83464.764;83464.764;83464.764;83464.764;83464.764;83464.764;83464.764;83464.764;83464.764;83464.764;83464.764;83464.764;83464.764;83464.764;83464.764;83464.764;83464.764;83464.764;83464.764;83464.764;83464.764;83464.764;83635.015;83635.015;83635.015;83635.015;83635.015;83635.015;83635.015;83635.015;83635.015;83635.015;83635.015;83635.015;83635.015;83635.015;83635.015;83635.015;83635.015;83635.015;83635.015;83635.015;83635.015;83635.015;83635.015;83635.015;83635.015;83635.015;83635.015;83635.015;83635.015;83635.015;83635.015;83635.015;83635.015;83635.015;83635.015;83635.015;83635.015;83635.015;83635.015;83635.015
SSABV,2,500,10,7,120030,random,120030,68542.49282049634,73153.78394684664,4611.291126350305,True,308.43192355068123,213.48541544199998,409.375 -286.854;-14.035 499.369;-453.921 -199.622;481.250 34.796;-253.868 35.131;-366.910 327.148;344.792 326.141;63.281 140.667;-153.404 -304.390;118.990 -485.179,nan;nan;nan;nan;nan;nan;nan;nan;nan;nan;nan;nan;nan;nan;nan;nan;nan;nan;nan;nan;nan;nan;nan;nan;nan;nan;nan;nan;nan;nan;nan;nan;nan;nan;nan;nan;nan;nan;nan;nan;nan;nan;nan;nan;nan;nan;nan;nan;65842.185;65917.496;65917.496;65917.496;65994.009;66149.666;66348.246;66417.350;66873.702;66953.585;66988.808;67114.428;67171.206;67196.966;67284.067;67284.067;67289.539;67295.611;67296.373;67299.490;67306.107;67312.636;67316.173;67316.286;67318.832;67319.506;67323.033;67325.975;67327.210;67367.172;67367.391;67367.480;67367.878;67368.151;67368.308;67368.374;67368.534;67368.716;67368.801;67368.838;67368.870;67368.913;67368.933;67368.944;67368.978;67368.988;67368.990;67368.995;67369.000;67369.005;67369.008;67369.010;67697.188;67697.188;67973.876;68102.296;68216.663;68233.287;68242.165;68242.165;68242.165;68242.165;68242.165;68242.165;68242.165;68242.165;68242.165;68242.165;68242.165;68242.165;68242.165;68242.165;68242.165;68242.165;68242.165;68242.165;68242.165;68242.165;68242.165;68242.165;68242.165;68242.165;68242.165;68242.165;68242.165;68242.165;68242.165;68242.165;68242.165;68242.165;68242.165;68242.165;68242.165;68242.165;68242.165;68242.165;68242.165;68242.165;68463.797;68488.926;68512.741;68523.429;68533.118;68541.372;68542.493;68542.493;68542.493;68542.493;68542.493;68542.493;68542.493;68542.493;68542.493;68542.493;68542.493;68542.493;68542.493;68542.493;68542.493;68542.493;68542.493;68542.493;68542.493;68542.493;68542.493;68542.493;68542.493;68542.493;68542.493;68542.493;68542.493;68542.493;68542.493;68542.493;68542.493;68542.493;68542.493;68542.493;68542.493;68542.493;68542.493;68542.493;68542.493;68542.493;68542.493;68542.493;68542.493;68542.493;68542.493;68542.493;68542.493;68542.493
SSABV,2,500,10,15,120030,random,120030,68477.21066586894,73153.78394684664,4676.573280977696,True,315.0905746306822,171.27147268099998,-154.781 114.522;162.821 89.192;-36.560 -498.278;-13.936 -171.652;348.864 357.533;492.969 26.584;350.054 -356.288;-291.608 405.741;-481.321 135.190;-315.729 -313.944,nan;nan;nan;nan;nan;nan;nan;nan;nan;nan;nan;nan;nan;nan;nan;nan;nan;nan;nan;nan;nan;nan;nan;nan;nan;nan;nan;nan;nan;nan;nan;nan;nan;nan;nan;nan;nan;nan;nan;nan;nan;nan;nan;nan;nan;nan;nan;nan;nan;nan;nan;nan;nan;nan;nan;nan;nan;nan;nan;nan;nan;nan;nan;nan;nan;nan;nan;nan;nan;nan;nan;nan;nan;nan;nan;nan;nan;nan;nan;nan;nan;nan;nan;nan;nan;nan;nan;nan;nan;nan;nan;nan;nan;nan;nan;nan;nan;nan;nan;nan;nan;nan;nan;nan;64915.927;65238.317;65415.799;65517.158;65549.656;65774.298;65823.343;66349.370;66366.312;66372.514;67063.745;67200.674;67227.546;67335.850;67343.988;67887.809;68438.069;68472.043;68477.211;68477.211;68477.211;68477.211;68477.211;68477.211;68477.211;68477.211;68477.211;68477.211;68477.211;68477.211;68477.211;68477.211;68477.211;68477.211;68477.211;68477.211;68477.211;68477.211;68477.211;68477.211;68477.211;68477.211;68477.211;68477.211;68477.211;68477.211;68477.211;68477.211;68477.211;68477.211;68477.211;68477.211;68477.211;68477.211;68477.211;68477.211;68477.211;68477.211;68477.211;68477.211;68477.211;68477.211;68477.211;68477.211;68477.211;68477.211;68477.211;68477.211;68477.211;68477.211;68477.211;68477.211;68477.211;68477.211;68477.211;68477.211;68477.211;68477.211;68477.211;68477.211;68477.211;68477.211;68477.211;68477.211;68477.211;68477.211;68477.211;68477.211;68477.211;68477.211;68477.211;68477.211;68477.211;68477.211;68477.211;68477.211
SSABV,2,500,10,23,120030,random,120030,68886.61893075964,73153.78394684664,4267.165016087005,True,312.9045099236172,99.11571747500011,-53.445 -194.237;369.078 -336.887;-499.366 12.558;92.339 491.392;49.522 -496.839;-245.519 429.605;-367.839 -338.281;-185.372 122.536;495.312 -1.405;390.478 297.515,nan;nan;nan;nan;nan;nan;nan;nan;nan;nan;nan;nan;nan;nan;nan;nan;nan;nan;nan;nan;nan;nan;nan;nan;nan;nan;nan;nan;nan;nan;nan;nan;nan;nan;nan;nan;nan;nan;nan;nan;nan;nan;nan;nan;nan;nan;nan;66792.237;66876.279;67227.697;67460.808;67540.533;67965.793;68123.604;68154.977;68203.746;68203.746;68203.746;68226.534;68265.959;68285.852;68321.721;68326.740;68330.688;68333.018;68335.649;68337.349;68338.731;68343.063;68343.523;68343.627;68344.039;68344.584;68344.589;68345.062;68345.664;68345.904;68346.117;68346.559;68346.586;68346.586;68346.811;68346.870;68346.890;68346.911;68346.979;68346.988;68347.102;68347.180;68347.219;68347.233;68347.233;68347.263;68347.273;68347.285;68347.292;68347.296;68347.299;68347.303;68347.304;68431.434;68431.434;68439.908;68498.746;68512.105;68523.834;68524.569;68524.569;68524.569;68524.569;68524.569;68524.569;68524.569;68524.569;68524.569;68524.569;68524.569;68524.569;68524.569;68524.569;68524.569;68524.569;68524.569;68524.569;68524.569;68524.569;68524.569;68524.569;68524.569;68524.569;68524.569;68524.569;68524.569;68524.569;68524.569;68584.634;68877.764;68886.619;68886.619;68886.619;68886.619;68886.619;68886.619;68886.619;68886.619;68886.619;68886.619;68886.619;68886.619;68886.619;68886.619;68886.619;68886.619;68886.619;68886.619;68886.619;68886.619;68886.619;68886.619;68886.619;68886.619;68886.619;68886.619;68886.619;68886.619;68886.619;68886.619;68886.619;68886.619;68886.619;68886.619;68886.619;68886.619;68886.619;68886.619;68886.619;68886.619;68886.619;68886.619;68886.619;68886.619;68886.619;68886.619;68886.619;68886.619;68886.619;68886.619;68886.619;68886.619;68886.619;68886.619;68886.619;68886.619;68886.619;68886.619;68886.619;68886.619;68886.619;68886.619;68886.619
LXBV,2,500,10,1,120030,random,120030,68530.99382025938,73153.78394684664,4622.790126587264,True,314.8530296258379,88.80988620900007,490.784 -93.321;132.338 95.219;-361.532 345.336;-376.577 -323.940;-8.966 -499.219;336.320 -369.502;432.026 244.903;154.852 440.934;-187.727 -51.651;-496.094 60.686,nan;nan;nan;nan;nan;nan;nan;nan;nan;nan;nan;nan;nan;nan;nan;nan;nan;nan;nan;nan;nan;nan;nan;nan;nan;nan;nan;nan;nan;nan;nan;nan;nan;nan;nan;nan;nan;nan;nan;nan;nan;nan;nan;nan;nan;nan;nan;nan;nan;nan;nan;nan;nan;nan;nan;nan;nan;nan;nan;nan;nan;nan;nan;nan;nan;nan;nan;nan;nan;nan;nan;nan;65281.940;65282.281;65282.544;65283.258;65285.331;65287.136;65290.750;65293.644;65295.984;65297.744;65300.313;65451.871;65452.934;65453.277;65453.663;65453.902;65454.477;65454.677;65455.068;65455.228;65455.719;65456.010;65456.132;65456.178;65456.294;65456.357;65456.438;65456.457;66593.172;67000.540;67006.527;67006.527;67345.723;67418.556;67507.566;67514.262;67514.262;67514.262;67514.262;67514.262;67514.262;67514.262;67794.899;67831.447;67974.714;67979.760;67979.760;67979.760;67979.760;67979.760;67979.760;68139.397;68350.752;68442.523;68482.833;68501.465;68522.091;68530.892;68530.994;68530.994;68530.994;68530.994;68530.994;68530.994;68530.994;68530.994;68530.994;68530.994;68530.994;68530.994;68530.994;68530.994;68530.994;68530.994;68530.994;68530.994;68530.994;68530.994;68530.994;68530.994;68530.994;68530.994;68530.994;68530.994;68530.994;68530.994;68530.994;68530.994;68530.994;68530.994;68530.994;68530.994;68530.994;68530.994;68530.994;68530.994;68530.994;68530.994;68530.994;68530.994;68530.994;68530.994;68530.994;68530.994;68530.994;68530.994;68530.994;68530.994;68530.994;68530.994;68530.994;68530.994;68530.994;68530.994;68530.994;68530.994;68530.994;68530.994;68530.994;68530.994;68530.994;68530.994;68530.994;68530.994;68530.994;68530.994;68530.994;68530.994
LXBV,2,500,10,9,120030,random,120030,68216.0689723152,73153.78394684664,4937.714974531438,True,322.16863498834863,85.30458541500002,396.944 288.099;176.942 39.403;-141.461 -106.810;-161.380 -438.347;-436.049 -244.657;-475.000 129.896;125.169 476.361;190.900 -461.483;432.918 -248.833;-144.735 296.899,nan;nan;nan;nan;nan;nan;nan;nan;nan;nan;nan;nan;nan;nan;nan;nan;nan;nan;nan;nan;nan;nan;nan;nan;nan;nan;nan;nan;nan;nan;nan;nan;nan;nan;nan;nan;nan;nan;nan;nan;nan;nan;nan;nan;nan;nan;nan;nan;nan;nan;nan;nan;nan;nan;nan;nan;nan;nan;nan;nan;nan;nan;nan;nan;nan;nan;nan;nan;nan;nan;nan;nan;nan;nan;nan;nan;nan;nan;nan;nan;nan;nan;nan;nan;nan;nan;nan;nan;nan;nan;nan;nan;nan;nan;nan;nan;nan;nan;nan;nan;nan;nan;65493.429;65845.966;65921.345;65933.527;65946.173;66157.614;66168.288;66177.050;66476.656;66483.219;66483.219;66772.235;66973.386;66985.364;66985.470;66985.470;66985.470;66985.470;67262.450;67269.948;67321.338;67321.683;67321.683;67321.683;67321.683;67321.683;67321.683;67321.683;67321.683;67321.683;67321.683;67321.683;67321.683;67321.683;67321.683;67321.683;67392.342;67404.203;67404.203;67911.466;67994.197;68059.502;68066.362;68212.497;68216.069;68216.069;68216.069;68216.069;68216.069;68216.069;68216.069;68216.069;68216.069;68216.069;68216.069;68216.069;68216.069;68216.069;68216.069;68216.069;68216.069;68216.069;68216.069;68216.069;68216.069;68216.069;68216.069;68216.069;68216.069;68216.069;68216.069;68216.069;68216.069;68216.069;68216.069;68216.069;68216.069;68216.069;68216.069;68216.069;68216.069;68216.069;68216.069;68216.069;68216.069;68216.069;68216.069;68216.069;68216.069;68216.069;68216.069;68216.069;68216.069;68216.069;68216.069;68216.069;68216.069;68216.069
LXBV,2,500,10,17,120030,random,120030,68362.08374676568,73153.78394684664,4791.700200080959,True,308.2641571999098,84.09009479699989,-279.224 414.430;229.830 -434.396;125.252 479.029;-95.577 -149.552;-159.896 -451.032;480.045 -137.996;-421.334 -268.953;-450.343 81.434;212.515 49.279;398.258 297.865,nan;nan;nan;nan;nan;nan;nan;nan;nan;nan;nan;nan;nan;nan;nan;nan;nan;nan;nan;nan;nan;nan;nan;nan;nan;nan;nan;nan;nan;nan;nan;nan;nan;nan;nan;nan;nan;nan;nan;nan;nan;nan;65191.199;65191.658;65191.658;65372.779;65372.779;65383.997;65389.414;65394.710;65913.641;66718.252;66816.089;67036.344;67037.137;67037.137;67041.470;67042.288;67042.913;67047.132;67047.992;67049.916;67061.394;67061.750;67064.376;67067.189;67069.727;67069.804;67076.659;67080.441;67083.929;67085.421;67087.095;67090.160;67093.527;67097.553;67099.648;67100.008;67100.841;67100.890;67101.063;67101.394;67101.669;67101.725;67101.850;67102.201;67102.421;67102.593;67102.711;67102.803;67102.858;67103.005;67103.037;67103.145;67103.273;67103.306;67103.318;67103.333;67103.338;67103.342;67383.096;67406.133;67407.983;67407.983;67481.336;67528.099;67534.327;67534.327;67534.327;67544.278;67549.014;67549.014;67728.241;67765.592;67785.209;67798.204;67815.037;67826.191;67836.310;67840.745;67840.745;67840.745;67840.745;67840.745;67840.745;67840.745;67840.745;67840.745;67842.739;67848.714;67848.714;67848.714;67848.714;67848.714;67848.714;67848.714;67848.714;67848.714;67848.714;67848.714;67848.714;67848.714;67848.714;67848.714;67848.714;67848.714;67848.714;67848.714;67848.714;67848.714;67848.714;67848.714;67848.714;67848.714;67848.714;67848.714;67848.714;67848.714;67848.714;67848.714;67848.714;67848.714;67848.714;67848.714;67848.714;67848.714;67848.714;67848.714;67848.714;67848.714;67848.714;67848.714;67848.714;67848.714;68047.740;68055.671;68055.671;68055.671;68318.736;68346.540;68358.328;68362.084;68362.084;68362.084;68362.084;68362.084;68362.084;68362.084;68362.084;68362.084;68362.084;68362.084;68362.084;68362.084;68362.084;68362.084;68362.084;68362.084;68362.084;68362.084
LXBV,2,500,10,25,120030,random,120030,68715.93752363691,73153.78394684664,4437.846423209732,True,312.29623550736375,83.65883713099993,-87.529 475.000;-432.994 16.595;357.700 -348.924;427.363 -13.888;-273.123 -345.440;367.937 338.117;-67.503 142.344;-368.039 337.729;56.961 -496.203;86.245 -167.900,nan;nan;nan;nan;nan;nan;nan;nan;nan;nan;nan;nan;nan;nan;nan;nan;nan;nan;nan;nan;nan;nan;nan;nan;nan;nan;nan;nan;nan;nan;nan;nan;nan;nan;nan;nan;nan;nan;nan;nan;nan;nan;nan;nan;nan;64752.932;64934.788;64934.817;64966.241;65004.513;65004.513;65024.843;65063.989;65297.734;65646.515;65652.154;65652.602;65655.581;65655.581;65657.098;65659.986;65663.174;65663.475;65664.904;65683.568;65742.637;65788.225;65791.716;65805.218;65806.913;65807.313;65807.459;65809.759;65809.877;65809.934;65810.838;65812.152;65813.394;65813.796;65814.079;65814.182;65814.406;65814.658;65814.777;65814.816;65814.924;65815.114;65815.171;65815.220;65815.340;65815.369;65815.405;65815.427;65815.436;65815.436;65815.441;65815.447;65815.451;65815.451;65815.453;66820.053;67003.584;67003.584;67003.584;67003.584;67003.584;67003.584;67003.584;67003.584;67003.584;67003.584;67003.584;67003.584;67003.584;67835.215;67942.008;67963.800;68041.850;68057.773;68067.046;68069.775;68069.775;68069.775;68122.102;68168.959;68184.106;68192.170;68192.170;68192.170;68192.170;68192.170;68192.170;68192.170;68192.170;68192.170;68192.170;68192.170;68192.170;68192.170;68192.170;68192.170;68192.170;68192.170;68192.170;68192.170;68192.170;68192.170;68192.170;68192.170;68192.170;68426.069;68461.566;68478.044;68489.674;68489.838;68489.838;68499.711;68517.585;68528.087;68528.879;68528.879;68528.879;68528.879;68528.879;68528.879;68528.879;68528.879;68528.879;68528.879;68528.879;68528.879;68528.879;68528.879;68528.879;68609.735;68709.800;68715.938;68715.938;68715.938;68715.938;68715.938;68715.938;68715.938;68715.938;68715.938;68715.938;68715.938;68715.938;68715.938;68715.938;68715.938;68715.938;68715.938;68715.938;68715.938;68715.938;68715.938;68715.938;68715.938;68715.938
RSVNS,2,500,10,3,120030,random,120030,68031.67574793719,73153.78394684664,5122.108198909453,True,316.72553872827444,86.41988180299995,206.948 -60.169;493.022 79.385;265.019 408.445;-451.358 214.535;-146.702 477.265;-79.586 -195.126;-79.709 134.276;57.688 -489.078;-363.830 -341.711;350.167 -352.040,nan;nan;nan;nan;nan;nan;nan;nan;nan;nan;nan;nan;nan;nan;nan;nan;nan;nan;nan;nan;nan;nan;nan;nan;nan;nan;nan;nan;nan;nan;nan;nan;nan;nan;nan;nan;nan;nan;nan;nan;nan;nan;nan;nan;nan;nan;nan;nan;nan;nan;nan;nan;nan;nan;nan;nan;nan;nan;nan;nan;nan;nan;nan;nan;nan;nan;nan;nan;nan;nan;nan;nan;nan;nan;nan;nan;nan;nan;nan;nan;nan;nan;nan;nan;nan;nan;nan;nan;nan;nan;nan;nan;nan;nan;nan;nan;nan;nan;nan;nan;nan;66090.751;66576.764;67128.942;67160.226;67163.887;67163.887;67163.887;67472.396;67518.294;67545.413;67558.803;67603.097;67609.910;67615.997;67619.028;67619.028;67619.028;67619.028;67619.028;67619.028;67619.028;67619.028;67619.028;67619.028;67619.028;67619.028;67619.028;67619.028;67619.028;67619.028;67619.028;67619.028;67619.028;67619.028;67619.028;67619.028;67619.028;67619.028;67619.028;67619.028;67619.028;67619.028;67619.028;67619.028;67619.028;67619.028;67619.028;67619.028;67619.028;67619.028;67619.028;67619.028;67619.028;67619.028;67619.028;67619.028;67619.028;67619.028;67619.028;67619.028;67674.384;67691.763;67697.707;67697.707;67697.707;67697.707;67697.707;67697.707;67697.707;67697.707;67697.707;67697.707;67741.445;67756.285;67770.408;67782.345;67784.837;67784.837;67784.837;67784.837;67784.837;67784.837;67784.837;67784.837;67834.597;67890.099;67900.955;67901.505;67901.505;67901.505;67901.505;67901.505;67901.505;67901.505;67930.563;67931.299;67931.299;68014.015;68031.676
RSVNS,2,500,10,11,120030,random,120030,68440.20837723541,73153.78394684664,4713.575569611232,True,314.33517553328903,86.90274731699992,-2.802 -488.325;-176.215 -17.048;325.044 -379.451;492.188 -87.638;430.100 254.618;-489.738 -73.275;-351.347 -355.506;131.145 361.109;-425.373 257.184;-172.097 469.435,nan;nan;nan;nan;nan;nan;nan;nan;nan;nan;nan;nan;nan;nan;nan;nan;nan;nan;nan;nan;nan;nan;nan;nan;nan;nan;nan;nan;nan;nan;nan;nan;nan;nan;nan;nan;nan;nan;nan;nan;nan;nan;nan;nan;nan;nan;nan;nan;nan;nan;nan;nan;nan;nan;nan;nan;nan;nan;nan;nan;nan;nan;nan;nan;nan;nan;nan;nan;nan;nan;nan;nan;nan;nan;nan;nan;nan;nan;nan;nan;nan;nan;nan;nan;nan;nan;nan;nan;nan;nan;nan;nan;nan;nan;nan;nan;nan;nan;nan;nan;nan;nan;66121.637;66852.008;66957.741;66968.293;67286.042;67300.197;67306.137;67306.457;67723.019;67793.963;67827.076;67840.767;67841.286;67841.286;67841.286;67841.286;67841.286;67841.286;68030.265;68086.289;68141.446;68212.116;68215.126;68215.126;68215.126;68215.126;68215.126;68215.126;68215.126;68215.126;68215.126;68215.126;68229.818;68234.629;68234.629;68234.629;68234.629;68234.629;68234.629;68234.629;68234.629;68234.629;68234.629;68234.629;68234.629;68234.629;68234.629;68234.629;68234.629;68234.629;68234.629;68234.629;68234.629;68234.629;68234.629;68234.629;68234.629;68369.941;68386.522;68434.924;68440.208;68440.208;68440.208;68440.208;68440.208;68440.208;68440.208;68440.208;68440.208;68440.208;68440.208;68440.208;68440.208;68440.208;68440.208;68440.208;68440.208;68440.208;68440.208;68440.208;68440.208;68440.208;68440.208;68440.208;68440.208;68440.208;68440.208;68440.208;68440.208;68440.208;68440.208;68440.208;68440.208;68440.208;68440.208;68440.208;68440.208;68440.208
RSVNS,2,500,10,19,120030,random,120030,68263.41014197176,73153.78394684664,4890.373804874878,True,311.71623990215994,86.4805698250002,319.241 -353.527;71.894 228.907;0.340 -499.341;499.420 -0.521;-499.536 1.644;-133.474 481.663;176.538 -64.720;-397.656 301.150;-147.804 -182.716;398.438 295.393,nan;nan;nan;nan;nan;nan;nan;nan;nan;nan;nan;nan;nan;nan;nan;nan;nan;nan;nan;nan;nan;nan;nan;nan;nan;nan;nan;nan;nan;nan;nan;nan;nan;nan;nan;nan;nan;nan;nan;nan;nan;nan;nan;nan;nan;nan;nan;nan;nan;nan;nan;nan;nan;nan;nan;nan;nan;nan;nan;nan;nan;nan;nan;nan;nan;nan;nan;nan;nan;nan;nan;nan;nan;nan;nan;nan;nan;nan;nan;nan;nan;nan;nan;nan;nan;nan;nan;nan;nan;nan;nan;nan;nan;nan;nan;nan;nan;nan;nan;nan;nan;65161.557;67298.081;67442.868;67556.451;67582.586;67588.793;67588.831;67588.831;67588.831;67588.831;67588.831;67588.831;67588.831;67588.831;67636.233;67655.719;67672.872;67672.872;67672.872;67682.917;67694.079;67694.079;67694.079;67694.079;67694.079;67694.079;67694.079;67694.079;67694.079;67694.079;67694.079;67694.079;67694.079;67694.079;67694.079;67694.079;67897.230;67909.195;67913.033;67913.033;67913.033;67913.033;67913.033;67913.033;67913.033;67913.033;67913.033;67913.033;67913.033;67913.033;67913.033;67913.033;67913.033;67913.033;67913.033;67913.033;67913.033;67913.033;67913.033;67913.033;67913.033;67913.033;67913.033;67913.033;67913.033;67913.033;67913.033;67937.536;68035.585;68157.583;68259.580;68263.410;68263.410;68263.410;68263.410;68263.410;68263.410;68263.410;68263.410;68263.410;68263.410;68263.410;68263.410;68263.410;68263.410;68263.410;68263.410;68263.410;68263.410;68263.410;68263.410;68263.410;68263.410;68263.410;68263.410;68263.410;68263.410;68263.410;68263.410
RSVNS,2,500,10,27,120030,random,120030,68076.54400663942,73153.78394684664,5077.239940207219,True,321.38517821598856,87.06158068100012,363.092 -343.730;27.569 -498.003;-173.893 -94.674;-301.449 -389.662;-488.281 20.988;493.750 0.234;376.429 328.626;14.793 364.848;-375.032 330.582;155.983 70.929,nan;nan;nan;nan;nan;nan;nan;nan;nan;nan;nan;nan;nan;nan;nan;nan;nan;nan;nan;nan;nan;nan;nan;nan;nan;nan;nan;nan;nan;nan;nan;nan;nan;nan;nan;nan;nan;nan;nan;nan;nan;nan;nan;nan;nan;nan;nan;nan;nan;nan;nan;nan;nan;nan;nan;nan;nan;nan;nan;nan;nan;nan;nan;nan;nan;nan;nan;nan;nan;nan;nan;nan;nan;nan;nan;nan;nan;nan;nan;nan;nan;nan;nan;nan;nan;nan;nan;nan;nan;nan;nan;nan;nan;nan;nan;nan;nan;nan;nan;nan;nan;65775.652;66787.855;67331.214;67354.740;67361.329;67361.329;67361.329;67361.329;67361.329;67380.941;67648.450;68025.016;68057.938;68073.659;68075.591;68075.591;68075.591;68075.591;68075.591;68076.544;68076.544;68076.544;68076.544;68076.544;68076.544;68076.544;68076.544;68076.544;68076.544;68076.544;68076.544;68076.544;68076.544;68076.544;68076.544;68076.544;68076.544;68076.544;68076.544;68076.544;68076.544;68076.544;68076.544;68076.544;68076.544;68076.544;68076.544;68076.544;68076.544;68076.544;68076.544;68076.544;68076.544;68076.544;68076.544;68076.544;68076.544;68076.544;68076.544;68076.544;68076.544;68076.544;68076.544;68076.544;68076.544;68076.544;68076.544;68076.544;68076.544;68076.544;68076.544;68076.544;68076.544;68076.544;68076.544;68076.544;68076.544;68076.544;68076.544;68076.544;68076.544;68076.544;68076.544;68076.544;68076.544;68076.544;68076.544;68076.544;68076.544;68076.544;68076.544;68076.544;68076.544;68076.544;68076.544;68076.544;68076.544;68076.544;68076.544
BVNS,2,500,10,5,120030,random,120030,68685.95974529228,73153.78394684664,4467.824201554366,True,308.31152436893086,81.45242424900016,-191.652 -8.520;56.612 496.293;-420.932 -214.835;-214.083 -451.562;-299.257 382.029;144.928 -478.239;139.653 115.661;349.551 357.153;450.000 -217.768;-479.688 132.027,nan;nan;nan;65953.822;67148.280;67311.898;67371.242;67381.511;67384.493;67384.493;67384.493;67384.493;67384.493;67384.493;67384.493;67384.493;67384.493;67384.493;67384.493;67384.493;67384.493;67384.493;67384.493;67384.493;67384.493;67384.493;67384.493;67384.493;67384.493;67384.493;67384.493;67384.493;67384.493;67576.683;67771.123;67826.590;67840.913;67840.913;67840.913;67840.913;67840.913;67840.913;67840.913;67840.913;67840.913;67840.913;67840.913;67840.913;67840.913;67929.874;67988.182;68020.039;68034.167;68048.437;68048.437;68048.437;68048.437;68048.437;68048.437;68048.437;68048.437;68048.437;68512.735;68567.234;68651.523;68675.996;68685.763;68685.960;68685.960;68685.960;68685.960;68685.960;68685.960;68685.960;68685.960;68685.960;68685.960;68685.960;68685.960;68685.960;68685.960;68685.960;68685.960;68685.960;68685.960;68685.960;68685.960;68685.960;68685.960;68685.960;68685.960;68685.960;68685.960;68685.960;68685.960;68685.960;68685.960;68685.960;68685.960;68685.960;68685.960;68685.960;68685.960;68685.960;68685.960;68685.960;68685.960;68685.960;68685.960;68685.960;68685.960;68685.960;68685.960;68685.960;68685.960;68685.960;68685.960;68685.960;68685.960;68685.960;68685.960;68685.960;68685.960;68685.960;68685.960;68685.960;68685.960;68685.960;68685.960;68685.960;68685.960;68685.960;68685.960;68685.960;68685.960;68685.960;68685.960;68685.960;68685.960;68685.960;68685.960;68685.960;68685.960;68685.960;68685.960;68685.960;68685.960;68685.960;68685.960;68685.960;68685.960;68685.960;68685.960;68685.960;68685.960;68685.960;68685.960;68685.960;68685.960;68685.960;68685.960;68685.960;68685.960;68685.960;68685.960;68685.960;68685.960;68685.960;68685.960;68685.960;68685.960;68685.960;68685.960;68685.960;68685.960;68685.960;68685.960;68685.960;68685.960;68685.960;68685.960;68685.960;68685.960;68685.960;68685.960;68685.960;68685.960;68685.960;68685.960;68685.960;68685.960;68685.960;68685.960;68685.960;68685.960;68685.960;68685.960;68685.960;68685.960;68685.960
BVNS,2,500,10,13,120030,random,120030,68187.39940002031,73153.78394684664,4966.384546826332,True,324.9036350540887,80.84444490499982,100.939 489.062;311.446 241.577;-368.952 325.229;45.169 -150.549;497.860 -42.279;-370.633 -335.360;-483.688 -26.162;354.696 -352.093;-66.378 -488.281;-61.595 170.059,nan;nan;66736.486;67331.664;67429.926;67447.510;67452.370;67452.370;67452.370;67452.370;67452.370;67452.370;67452.370;67452.370;67452.370;67452.370;67452.370;67452.370;67452.370;67452.370;67452.370;67452.370;67452.370;67452.370;67452.370;67452.370;67452.370;67452.370;67452.370;67452.370;67454.870;67469.638;67472.951;67472.951;67472.951;67472.951;67472.951;67472.951;67472.951;67472.951;67472.951;67472.951;67472.951;67472.951;67472.951;67472.951;67472.951;67472.951;67472.951;67472.951;67472.951;67472.951;67472.951;67472.951;67472.951;67472.951;67472.951;67882.329;67930.330;67946.039;67946.133;67946.133;67946.133;67946.133;67946.133;67946.133;67946.133;67946.133;67946.133;67946.133;67946.133;67946.133;67946.133;67946.133;67946.133;67946.133;67946.133;67946.133;67946.133;67946.133;67946.133;67946.133;67946.133;67946.133;67946.133;67946.133;67946.133;67946.133;67946.133;67946.133;67946.133;67946.133;67946.133;67946.133;67946.133;67946.133;67946.133;67946.133;67946.133;67946.133;67946.133;67982.397;68085.213;68085.813;68085.813;68085.813;68085.813;68085.813;68085.813;68085.813;68085.813;68085.813;68085.813;68085.813;68085.813;68085.813;68085.813;68085.813;68085.813;68085.813;68085.813;68085.813;68085.813;68085.813;68085.813;68085.813;68085.813;68085.813;68085.813;68085.813;68085.813;68085.813;68085.813;68085.813;68121.752;68126.334;68126.334;68126.334;68126.334;68126.334;68126.334;68126.334;68126.334;68126.334;68126.334;68126.334;68126.334;68126.334;68126.334;68126.334;68126.334;68126.334;68126.334;68126.334;68126.334;68126.334;68126.334;68126.334;68126.334;68126.334;68126.334;68126.334;68126.334;68126.334;68126.334;68126.334;68126.334;68126.334;68126.334;68126.334;68126.334;68126.334;68126.334;68126.334;68126.334;68126.334;68126.334;68126.334;68126.334;68126.334;68126.334;68126.334;68126.334;68126.334;68126.334;68135.992;68162.390;68173.900;68178.740;68178.740;68178.740;68178.740;68178.740;68187.399;68187.399;68187.399;68187.399;68187.399;68187.399;68187.399
BVNS,2,500,10,21,120030,random,120030,69111.44002279379,73153.78394684664,4042.3439240528533,True,326.12665308075475,82.04141781099997,-92.921 161.347;-364.522 341.879;365.991 339.970;36.299 -498.483;-343.737 -362.450;-499.219 -14.756;-28.426 -159.379;-2.851 480.781;383.364 -320.850;490.215 -11.672,nan;nan;nan;nan;67300.528;67641.756;67664.039;67676.079;67682.149;67722.112;67925.577;67962.658;67970.308;67970.308;67970.308;67970.308;67970.308;67970.308;67970.308;67970.308;67970.308;67970.308;67970.308;67970.308;67970.308;67970.308;67970.308;67970.308;67970.308;67970.308;67970.308;67970.308;67970.308;67970.308;67970.308;67970.308;67970.308;67970.308;67970.308;67970.308;67970.308;67970.308;67970.308;67970.308;67970.308;67970.308;67970.308;67970.308;67970.308;67970.308;67970.308;67970.308;67970.308;68541.149;68902.559;68915.905;68932.626;68945.855;68947.042;68947.042;68947.042;68947.042;68947.042;68947.042;68947.042;68947.042;68947.042;68947.042;68947.042;68947.042;68947.042;68947.042;68947.042;68947.042;68947.042;68947.042;68947.042;68947.042;68947.042;68947.042;68947.042;68947.042;68947.042;68947.042;68947.042;68947.042;68947.042;68947.042;68947.042;68947.042;68947.042;68947.042;68947.042;68947.042;68947.042;68969.341;68995.275;69108.510;69111.440;69111.440;69111.440;69111.440;69111.440;69111.440;69111.440;69111.440;69111.440;69111.440;69111.440;69111.440;69111.440;69111.440;69111.440;69111.440;69111.440;69111.440;69111.440;69111.440;69111.440;69111.440;69111.440;69111.440;69111.440;69111.440;69111.440;69111.440;69111.440;69111.440;69111.440;69111.440;69111.440;69111.440;69111.440;69111.440;69111.440;69111.440;69111.440;69111.440;69111.440;69111.440;69111.440;69111.440;69111.440;69111.440;69111.440;69111.440;69111.440;69111.440;69111.440;69111.440;69111.440;69111.440;69111.440;69111.440;69111.440;69111.440;69111.440;69111.440;69111.440;69111.440;69111.440;69111.440;69111.440;69111.440;69111.440;69111.440;69111.440;69111.440;69111.440;69111.440;69111.440;69111.440;69111.440;69111.440;69111.440;69111.440;69111.440;69111.440;69111.440;69111.440;69111.440;69111.440;69111.440;69111.440;69111.440;69111.440;69111.440;69111.440;69111.440;69111.440;69111.440;69111.440;69111.440;69111.440;69111.440;69111.440;69111.440;69111.440;69111.440;69111.440
BVNS,2,500,10,29,120030,random,120030,68401.28834038258,73153.78394684664,4752.495606464057,True,313.60502211589204,80.43555306400003,-88.933 -164.243;-469.996 142.485;60.714 -489.020;369.776 -336.536;-267.558 -422.004;-16.388 179.842;246.596 -46.933;-155.906 475.000;449.839 193.199;224.305 446.757,nan;nan;nan;nan;66656.361;66747.305;66956.452;66976.401;66979.081;67494.615;68306.825;68341.597;68374.933;68390.185;68401.106;68401.288;68401.288;68401.288;68401.288;68401.288;68401.288;68401.288;68401.288;68401.288;68401.288;68401.288;68401.288;68401.288;68401.288;68401.288;68401.288;68401.288;68401.288;68401.288;68401.288;68401.288;68401.288;68401.288;68401.288;68401.288;68401.288;68401.288;68401.288;68401.288;68401.288;68401.288;68401.288;68401.288;68401.288;68401.288;68401.288;68401.288;68401.288;68401.288;68401.288;68401.288;68401.288;68401.288;68401.288;68401.288;68401.288;68401.288;68401.288;68401.288;68401.288;68401.288;68401.288;68401.288;68401.288;68401.288;68401.288;68401.288;68401.288;68401.288;68401.288;68401.288;68401.288;68401.288;68401.288;68401.288;68401.288;68401.288;68401.288;68401.288;68401.288;68401.288;68401.288;68401.288;68401.288;68401.288;68401.288;68401.288;68401.288;68401.288;68401.288;68401.288;68401.288;68401.288;68401.288;68401.288;68401.288;68401.288;68401.288;68401.288;68401.288;68401.288;68401.288;68401.288;68401.288;68401.288;68401.288;68401.288;68401.288;68401.288;68401.288;68401.288;68401.288;68401.288;68401.288;68401.288;68401.288;68401.288;68401.288;68401.288;68401.288;68401.288;68401.288;68401.288;68401.288;68401.288;68401.288;68401.288;68401.288;68401.288;68401.288;68401.288;68401.288;68401.288;68401.288;68401.288;68401.288;68401.288;68401.288;68401.288;68401.288;68401.288;68401.288;68401.288;68401.288;68401.288;68401.288;68401.288;68401.288;68401.288;68401.288;68401.288;68401.288;68401.288;68401.288;68401.288;68401.288;68401.288;68401.288;68401.288;68401.288;68401.288;68401.288;68401.288;68401.288;68401.288;68401.288;68401.288;68401.288;68401.288;68401.288;68401.288;68401.288;68401.288;68401.288;68401.288;68401.288;68401.288;68401.288;68401.288;68401.288;68401.288;68401.288;68401.288;68401.288;68401.288;68401.288;68401.288;68401.288;68401.288;68401.288;68401.288;68401.288;68401.288;68401.288;68401.288
SSA,2,500,10,7,120030,random,120030,67215.11207028416,73153.78394684664,5938.671876562483,True,308.0006863338986,86.33243471800006,-124.768 395.043;303.407 -100.723;-134.646 -476.310;45.565 120.942;475.450 154.748;-133.124 -141.444;210.492 453.534;-449.414 -219.150;-487.845 109.574;240.483 -438.362,nan;nan;nan;nan;nan;nan;nan;nan;nan;nan;nan;nan;nan;nan;nan;nan;nan;nan;nan;nan;nan;nan;nan;nan;nan;nan;nan;nan;nan;nan;nan;nan;nan;nan;nan;nan;nan;nan;nan;nan;nan;nan;nan;nan;nan;nan;nan;nan;nan;nan;nan;nan;nan;nan;nan;nan;nan;nan;nan;nan;nan;nan;nan;nan;nan;nan;nan;nan;nan;nan;nan;nan;nan;nan;nan;nan;nan;nan;nan;nan;nan;nan;nan;nan;nan;nan;nan;nan;nan;nan;nan;nan;nan;nan;nan;nan;nan;65991.660;65991.660;65991.660;66513.403;66692.674;66798.405;66798.405;66798.405;66798.405;66840.312;66840.312;66840.312;66840.312;66847.738;66885.589;66924.792;66924.792;67090.033;67090.033;67111.364;67111.364;67121.078;67125.347;67136.794;67144.249;67168.831;67170.355;67170.355;67170.355;67179.376;67179.376;67179.691;67182.627;67183.752;67191.282;67191.282;67191.282;67195.107;67196.132;67197.116;67197.116;67197.823;67197.823;67197.909;67198.329;67204.227;67205.495;67207.231;67207.425;67208.357;67209.337;67210.579;67211.228;67211.228;67211.228;67211.447;67211.512;67212.030;67212.240;67212.374;67212.959;67213.090;67213.212;67213.974;67214.103;67214.364;67214.447;67214.584;67214.584;67214.584;67214.584;67214.617;67214.697;67214.792;67214.856;67214.856;67214.910;67214.927;67214.992;67214.995;67215.017;67215.017;67215.017;67215.017;67215.032;67215.039;67215.062;67215.084;67215.094;67215.096;67215.101;67215.103;67215.103;67215.103;67215.104;67215.105;67215.106;67215.106;67215.107;67215.108;67215.110;67215.110;67215.112
SSA,2,500,10,15,120030,random,120030,67340.85910356989,73153.78394684664,5812.924843276749,True,308.00006525750894,85.39247708100038,66.296 182.161;-392.850 -309.304;-499.649 -12.596;148.936 -127.466;-343.483 314.269;472.624 137.239;323.648 -381.120;271.532 419.846;-59.829 -421.937;-184.428 -39.166,nan;nan;nan;nan;nan;nan;nan;nan;nan;nan;nan;nan;nan;nan;nan;nan;nan;nan;nan;nan;nan;nan;nan;nan;nan;nan;nan;nan;nan;nan;nan;nan;nan;nan;nan;nan;nan;nan;nan;nan;nan;nan;nan;nan;nan;nan;nan;nan;nan;nan;nan;nan;nan;nan;nan;nan;nan;nan;nan;nan;nan;nan;nan;nan;nan;nan;nan;nan;nan;nan;nan;nan;nan;nan;nan;nan;nan;nan;nan;nan;nan;nan;nan;nan;nan;nan;nan;nan;nan;nan;nan;nan;nan;nan;65221.536;65274.885;65274.885;65274.885;65274.885;65274.885;65275.746;65275.746;65757.074;66200.905;66200.905;66200.905;66200.905;66200.905;66200.905;66485.848;66633.341;67044.047;67044.047;67044.047;67054.926;67054.926;67054.926;67111.071;67190.421;67190.421;67190.421;67205.137;67215.562;67227.921;67233.713;67236.339;67236.339;67255.047;67271.204;67280.038;67281.297;67313.572;67321.541;67323.604;67323.950;67324.174;67324.453;67324.453;67325.018;67327.326;67329.512;67331.502;67333.114;67333.372;67333.372;67333.702;67334.272;67334.411;67334.411;67336.021;67336.696;67336.696;67336.696;67337.057;67337.786;67338.133;67338.151;67338.249;67338.597;67339.008;67339.211;67339.505;67339.603;67339.901;67339.980;67340.078;67340.119;67340.171;67340.234;67340.248;67340.341;67340.415;67340.473;67340.545;67340.597;67340.649;67340.682;67340.695;67340.706;67340.726;67340.747;67340.747;67340.756;67340.771;67340.794;67340.802;67340.810;67340.818;67340.821;67340.830;67340.835;67340.836;67340.838;67340.842;67340.847;67340.853;67340.857;67340.857;67340.858;67340.859
SSA,2,500,10,23,120030,random,120030,68291.00804349798,73153.78394684664,4862.775903348665,True,328.3055115744407,84.23431303799998,-174.980 468.382;26.236 -174.998;-480.120 -139.588;254.753 425.172;172.915 -469.149;-92.356 150.644;-219.902 -448.923;-446.134 225.753;425.985 -257.588;312.693 78.583,nan;nan;nan;nan;nan;nan;nan;nan;nan;nan;nan;nan;nan;nan;nan;nan;nan;nan;nan;nan;nan;nan;nan;nan;nan;nan;nan;nan;nan;nan;nan;nan;nan;nan;nan;nan;nan;nan;nan;nan;nan;nan;nan;nan;nan;nan;nan;nan;nan;nan;nan;nan;nan;nan;nan;nan;nan;nan;nan;nan;nan;nan;nan;nan;nan;nan;nan;nan;nan;nan;nan;nan;nan;nan;nan;nan;nan;nan;nan;nan;nan;nan;nan;nan;nan;65485.110;65485.110;66514.474;66514.474;66514.474;66696.024;66901.481;67384.840;67473.593;67473.593;67473.593;67494.867;67713.307;67713.307;67713.307;67713.307;67713.307;67749.727;67749.727;67749.727;67749.727;67749.727;67749.727;67749.727;67829.666;67829.666;67840.861;67872.718;67886.758;67886.758;67899.883;68092.555;68154.035;68179.386;68195.285;68236.612;68237.496;68237.496;68237.496;68239.903;68243.596;68246.249;68249.854;68259.603;68261.497;68266.099;68266.099;68268.503;68271.919;68275.154;68280.955;68281.841;68283.515;68283.810;68283.810;68283.810;68283.810;68284.099;68284.099;68284.099;68284.304;68284.555;68284.880;68288.305;68288.833;68288.895;68289.248;68289.362;68289.686;68289.795;68289.808;68289.906;68289.915;68290.172;68290.258;68290.339;68290.345;68290.365;68290.568;68290.698;68290.721;68290.743;68290.767;68290.767;68290.767;68290.800;68290.807;68290.839;68290.840;68290.840;68290.846;68290.878;68290.923;68290.951;68290.958;68290.962;68290.966;68290.968;68290.969;68290.975;68290.981;68290.989;68290.994;68290.994;68290.994;68290.998;68291.002;68291.003;68291.003;68291.004;68291.006;68291.007;68291.008;68291.008;68291.008
LXSSA,2,500,10,1,120030,random,120030,67362.12282994975,73153.78394684664,5791.661116896896,True,308.0066329084351,82.27860015400029,496.732 57.075;177.540 -56.101;-194.329 354.654;-304.123 -216.107;134.509 -393.461;430.118 -254.946;369.033 337.362;90.286 491.780;-120.700 47.086;-457.149 172.372,nan;nan;nan;nan;nan;nan;nan;nan;nan;nan;nan;nan;nan;nan;nan;nan;nan;nan;nan;nan;nan;nan;nan;nan;nan;nan;nan;nan;nan;nan;nan;nan;nan;nan;nan;nan;nan;nan;nan;nan;nan;nan;nan;nan;nan;nan;nan;nan;nan;nan;nan;nan;nan;nan;nan;nan;nan;nan;nan;nan;nan;nan;nan;nan;nan;nan;nan;nan;nan;nan;nan;nan;nan;nan;nan;nan;nan;nan;nan;nan;nan;nan;nan;nan;nan;nan;nan;nan;nan;65694.946;65694.946;65743.775;66093.928;66419.594;66487.786;66487.786;66487.786;66487.786;66488.224;66488.224;66488.224;66488.224;66488.236;66488.236;66488.237;66488.237;66489.563;66543.017;66563.488;66563.518;66563.518;66933.081;67056.581;67060.565;67060.889;67060.965;67267.710;67306.721;67306.721;67308.583;67309.258;67309.757;67313.125;67315.697;67315.773;67316.402;67317.088;67317.773;67317.854;67318.488;67318.589;67321.829;67325.891;67328.587;67329.086;67329.208;67329.208;67330.335;67332.687;67334.159;67334.585;67334.872;67334.973;67337.295;67339.118;67340.631;67342.028;67346.878;67348.408;67349.869;67351.631;67353.156;67354.796;67355.493;67356.027;67356.331;67356.352;67356.356;67356.425;67356.480;67356.580;67356.767;67356.780;67356.784;67356.990;67357.289;67358.362;67358.869;67360.146;67360.605;67360.859;67361.056;67361.281;67361.372;67361.459;67361.613;67361.678;67361.721;67361.835;67361.908;67361.968;67361.976;67361.991;67361.995;67362.008;67362.041;67362.056;67362.066;67362.073;67362.078;67362.080;67362.081;67362.083;67362.088;67362.096;67362.101;67362.103;67362.104;67362.106;67362.123
LXSSA,2,500,10,9,120030,random,120030,66644.08379762423,73153.78394684664,6509.700149222408,True,308.2554819745029,82.79997517899983,410.116 240.124;481.096 -98.723;-242.360 -6.628;-126.953 -326.201;-432.197 -251.407;-443.604 230.684;40.424 479.315;158.265 -123.599;311.687 -390.962;15.327 166.486,nan;nan;nan;nan;nan;nan;nan;nan;nan;nan;nan;nan;nan;nan;nan;nan;nan;nan;nan;nan;nan;nan;nan;nan;nan;nan;nan;nan;nan;nan;nan;nan;nan;nan;nan;nan;nan;nan;nan;nan;nan;nan;nan;nan;nan;nan;nan;nan;nan;nan;nan;nan;nan;nan;nan;nan;nan;nan;nan;nan;nan;nan;nan;nan;nan;nan;nan;nan;nan;nan;nan;nan;nan;nan;nan;nan;nan;nan;nan;nan;nan;nan;nan;nan;nan;nan;nan;nan;nan;nan;nan;nan;nan;nan;nan;nan;nan;nan;nan;nan;nan;nan;nan;nan;nan;nan;nan;nan;nan;nan;nan;65534.330;65585.239;65589.636;65793.487;65796.513;66238.601;66356.598;66520.136;66550.660;66550.867;66579.834;66580.444;66581.093;66581.093;66581.183;66581.691;66586.477;66592.025;66595.520;66601.123;66606.834;66612.245;66612.245;66614.700;66615.513;66616.228;66619.549;66621.620;66621.840;66622.459;66625.475;66625.846;66629.095;66629.408;66631.834;66634.588;66635.411;66637.288;66638.178;66638.675;66638.850;66639.128;66639.208;66639.953;66640.484;66641.078;66641.731;66641.993;66642.001;66642.179;66642.622;66642.764;66642.858;66642.962;66643.089;66643.267;66643.503;66643.566;66643.584;66643.672;66643.766;66643.831;66643.856;66643.865;66643.884;66643.916;66643.955;66643.974;66643.990;66644.017;66644.027;66644.037;66644.037;66644.037;66644.045;66644.052;66644.062;66644.063;66644.067;66644.069;66644.070;66644.073;66644.077;66644.079;66644.081;66644.082;66644.083;66644.083;66644.084
LXSSA,2,500,10,17,120030,random,120030,67509.00529724205,73153.78394684664,5644.778649604588,True,308.0000877577022,81.64850265999985,-223.501 434.058;44.230 -248.365;121.719 371.718;-94.405 38.661;-252.148 -423.852;374.020 -316.423;-476.647 -151.021;-421.146 152.882;254.592 5.298;426.599 260.793,nan;nan;nan;nan;nan;nan;nan;nan;nan;nan;nan;nan;nan;nan;nan;nan;nan;nan;nan;nan;nan;nan;nan;nan;nan;nan;nan;nan;nan;nan;nan;nan;nan;nan;nan;nan;nan;nan;nan;nan;nan;nan;nan;nan;nan;nan;nan;nan;nan;nan;nan;nan;nan;nan;nan;nan;nan;nan;nan;65289.847;65289.847;65289.847;65289.847;65289.847;65289.847;65289.847;65289.847;65289.847;65289.847;65289.847;65289.847;65290.055;65290.055;65290.055;65368.253;65378.259;65378.259;65378.352;65379.723;65379.723;65397.821;65876.797;65876.797;65876.797;65904.650;65904.650;65909.566;65909.616;65919.564;65920.176;65923.818;65925.047;65925.050;65925.050;65925.393;65926.388;65926.388;65926.388;65926.676;65928.857;65928.857;65932.962;65933.554;65933.554;65988.538;66119.316;66119.623;66119.623;66119.623;66133.377;66451.315;66714.829;66715.275;66715.495;66718.276;66722.503;66734.282;66743.620;66751.967;66757.124;66767.234;67104.485;67262.089;67269.161;67290.323;67294.326;67295.322;67318.017;67381.040;67412.825;67417.075;67420.625;67464.178;67465.337;67466.540;67467.715;67467.992;67469.260;67471.583;67478.310;67482.551;67488.996;67492.765;67496.651;67498.045;67500.326;67500.646;67500.977;67501.672;67502.208;67503.171;67503.398;67503.984;67504.742;67505.770;67506.415;67507.132;67507.537;67507.729;67507.921;67508.132;67508.360;67508.436;67508.439;67508.455;67508.475;67508.477;67508.491;67508.491;67508.532;67508.613;67508.672;67508.697;67508.706;67508.707;67508.745;67508.753;67508.781;67508.790;67508.811;67508.842;67508.880;67508.923;67508.934;67508.945;67508.946;67508.950;67508.960;67508.968;67508.978;67508.988;67508.994;67508.999;67509.002;67509.002;67509.003;67509.004;67509.004;67509.005;67509.005
LXSSA,2,500,10,25,120030,random,120030,66524.59649626816,73153.78394684664,6629.18745057848,True,308.2330545607708,85.13882566999973,-192.384 460.648;-42.810 79.220;120.071 -476.935;452.780 5.744;-363.645 -91.424;393.672 308.257;132.109 482.230;-391.769 221.255;-184.176 -349.888;175.650 -171.951,nan;nan;nan;nan;nan;nan;nan;nan;nan;nan;nan;nan;nan;nan;nan;nan;nan;nan;nan;nan;nan;nan;nan;nan;nan;nan;nan;nan;nan;nan;nan;nan;nan;nan;nan;nan;nan;nan;nan;nan;nan;nan;nan;nan;nan;nan;nan;nan;nan;nan;nan;nan;nan;nan;nan;nan;nan;nan;nan;nan;nan;nan;nan;nan;nan;nan;nan;nan;nan;nan;nan;nan;nan;nan;nan;nan;nan;nan;nan;nan;nan;nan;nan;nan;nan;nan;nan;nan;nan;nan;nan;nan;nan;nan;nan;nan;nan;nan;nan;nan;nan;nan;nan;nan;nan;nan;nan;nan;nan;nan;nan;nan;nan;nan;nan;nan;65292.232;65292.399;65292.399;65292.399;65292.423;65292.423;65490.789;65654.698;65817.202;65818.420;65821.463;65821.887;65824.098;65825.972;65830.341;65841.694;65887.984;66129.764;66155.265;66237.897;66447.961;66458.767;66472.495;66480.777;66482.076;66484.243;66489.382;66492.172;66492.515;66494.820;66498.954;66501.533;66502.011;66505.874;66507.790;66511.369;66512.702;66514.384;66515.508;66516.015;66516.312;66516.842;66517.781;66518.966;66519.675;66520.045;66520.597;66520.931;66521.064;66521.722;66522.529;66522.778;66522.984;66523.141;66523.247;66523.354;66523.441;66523.582;66523.592;66523.711;66523.877;66524.070;66524.158;66524.226;66524.296;66524.352;66524.411;66524.430;66524.453;66524.469;66524.478;66524.487;66524.491;66524.499;66524.514;66524.524;66524.533;66524.537;66524.544;66524.552;66524.561;66524.571;66524.584;66524.596
PSOC,2,500,10,3,120030,random,120030,67534.57354995997,73153.78394684664,5619.210396886672,True,310.8462997994907,81.37374028799968,-48.632 -482.538;284.714 97.321;50.313 301.482;-161.462 60.665;76.693 -146.922;262.548 -420.812;-276.034 416.895;-402.283 -296.908;467.031 -178.552;-499.090 30.022,nan;nan;nan;nan;nan;65461.734;66062.804;66729.839;66926.845;66982.200;66990.833;67000.792;67004.949;67011.791;67021.564;67023.518;67027.043;67028.515;67030.112;67031.414;67035.958;67086.629;67096.164;67132.975;67135.763;67138.285;67141.365;67142.226;67143.642;67144.767;67145.732;67146.298;67147.117;67147.262;67147.468;67147.737;67147.945;67148.137;67148.172;67148.496;67148.623;67148.685;67148.729;67148.758;67148.762;67148.769;67148.778;67148.782;67148.786;67148.798;67148.865;67148.870;67148.874;67148.878;67148.879;67150.857;67150.863;67151.017;67151.030;67151.044;67151.047;67151.102;67151.239;67151.251;67151.253;67151.258;67151.261;67151.271;67151.287;67151.293;67151.294;67151.300;67151.300;67151.301;67151.302;67151.302;67151.303;67151.303;67151.304;67151.305;67151.305;67151.306;67151.306;67151.309;67151.465;67151.628;67151.628;67151.629;67151.629;67151.630;67151.630;67151.630;67151.630;67151.630;67151.630;67151.631;67151.631;67151.631;67151.631;67151.631;67151.631;67151.631;67151.631;67151.631;67151.631;67151.631;67151.631;67151.631;67151.631;67151.631;67151.631;67151.631;67151.631;67151.631;67151.631;67151.631;67151.631;67151.631;67151.631;67151.631;67151.631;67151.631;67151.631;67151.631;67151.631;67151.631;67151.631;67151.631;67151.631;67151.631;67151.631;67151.631;67151.631;67151.631;67151.631;67151.631;67151.632;67151.633;67151.700;67151.982;67152.837;67153.420;67153.500;67153.520;67153.523;67153.526;67153.528;67153.529;67153.549;67153.553;67153.557;67153.566;67153.573;67153.583;67153.631;67153.727;67153.739;67153.750;67153.778;67153.793;67153.823;67153.825;67153.830;67153.834;67153.841;67153.850;67153.859;67153.928;67154.448;67154.707;67155.805;67155.874;67155.952;67155.954;67155.986;67156.024;67156.031;67156.034;67156.035;67156.043;67157.143;67157.357;67423.533;67423.784;67519.363;67521.859;67527.657;67528.422;67531.599;67531.994;67532.534;67532.955;67533.643;67533.801;67534.317;67534.373;67534.406;67534.426;67534.541;67534.571
PSOC,2,500,10,11,120030,random,120030,68494.75783593662,73153.78394684664,4659.026110910025,True,316.72403607871667,81.47555865499999,-466.172 -16.585;-180.523 -203.835;-404.391 294.055;-64.919 134.323;499.188 28.474;-29.102 493.851;295.063 -391.150;355.264 343.092;-33.252 -498.893;184.667 -87.319,nan;nan;nan;nan;nan;67131.768;67824.664;68159.045;68190.288;68332.234;68343.522;68357.945;68397.525;68406.453;68428.553;68437.732;68443.907;68451.753;68454.945;68459.285;68470.929;68472.969;68473.934;68474.372;68474.676;68476.989;68482.800;68483.883;68484.346;68486.272;68486.523;68487.053;68488.501;68488.885;68489.090;68489.338;68489.483;68489.557;68489.568;68489.672;68489.887;68489.915;68490.091;68490.217;68490.355;68490.495;68490.536;68490.573;68490.610;68490.652;68490.682;68490.696;68490.741;68490.753;68490.766;68490.779;68490.782;68490.784;68490.787;68490.801;68490.908;68491.061;68491.075;68491.091;68491.095;68491.101;68491.272;68491.337;68491.360;68491.375;68491.386;68491.421;68491.431;68491.438;68491.439;68491.442;68491.442;68491.445;68491.451;68491.460;68491.509;68491.616;68491.684;68491.951;68492.051;68492.068;68492.088;68492.091;68492.098;68492.103;68492.105;68492.108;68492.119;68492.156;68492.213;68492.220;68492.235;68492.241;68492.247;68492.248;68492.250;68492.251;68492.252;68492.252;68492.252;68492.252;68492.253;68492.253;68492.253;68492.253;68492.253;68492.254;68492.254;68492.254;68492.254;68492.254;68492.255;68492.256;68492.257;68492.257;68492.257;68492.257;68492.258;68492.262;68492.264;68492.264;68492.264;68492.264;68492.264;68492.264;68492.264;68492.264;68492.265;68492.265;68492.265;68492.266;68492.266;68492.267;68492.267;68492.268;68492.268;68492.268;68492.268;68492.269;68492.270;68492.270;68492.270;68492.270;68492.270;68492.270;68492.270;68492.270;68492.270;68492.271;68492.271;68492.271;68492.271;68492.271;68492.271;68492.271;68492.271;68492.271;68492.271;68492.271;68492.271;68492.271;68492.271;68492.271;68492.271;68492.271;68492.271;68492.271;68492.283;68492.365;68492.580;68493.316;68493.361;68493.373;68493.375;68493.377;68493.377;68493.378;68493.378;68493.378;68493.378;68493.378;68493.378;68493.378;68493.378;68493.378;68493.378;68493.378;68493.378;68493.398;68493.581;68494.697;68494.752;68494.754;68494.756;68494.758
PSOC,2,500,10,19,120030,random,120030,67841.27034882714,73153.78394684664,5312.513598019505,True,308.00823387832173,83.22034265399998,-308.883 -393.181;468.200 175.466;217.008 398.905;-151.062 476.634;-346.401 182.712;235.922 -26.810;349.214 -357.840;-108.992 -140.529;19.742 -481.182;-449.205 -108.741,nan;nan;nan;66040.013;66492.308;67316.620;67642.311;67680.164;67694.580;67763.629;67766.045;67791.523;67798.590;67798.786;67800.709;67801.779;67802.983;67806.876;67809.447;67812.044;67812.741;67813.216;67813.265;67813.587;67813.607;67813.749;67813.795;67813.913;67814.067;67821.694;67824.716;67825.276;67826.178;67827.084;67829.761;67830.395;67832.127;67832.355;67833.138;67838.885;67839.238;67839.854;67840.393;67840.731;67840.954;67840.996;67841.012;67841.036;67841.058;67841.066;67841.070;67841.071;67841.097;67841.133;67841.136;67841.137;67841.141;67841.150;67841.155;67841.164;67841.167;67841.250;67841.257;67841.262;67841.263;67841.264;67841.264;67841.264;67841.264;67841.265;67841.266;67841.268;67841.269;67841.269;67841.269;67841.269;67841.269;67841.269;67841.269;67841.269;67841.269;67841.269;67841.269;67841.269;67841.269;67841.269;67841.269;67841.269;67841.269;67841.269;67841.269;67841.269;67841.269;67841.269;67841.269;67841.269;67841.269;67841.269;67841.269;67841.270;67841.270;67841.270;67841.270;67841.270;67841.270;67841.270;67841.270;67841.270;67841.270;67841.270;67841.270;67841.270;67841.270;67841.270;67841.270;67841.270;67841.270;67841.270;67841.270;67841.270;67841.270;67841.270;67841.270;67841.270;67841.270;67841.270;67841.270;67841.270;67841.270;67841.270;67841.270;67841.270;67841.270;67841.270;67841.270;67841.270;67841.270;67841.270;67841.270;67841.270;67841.270;67841.270;67841.270;67841.270;67841.270;67841.270;67841.270;67841.270;67841.270;67841.270;67841.270;67841.270;67841.270;67841.270;67841.270;67841.270;67841.270;67841.270;67841.270;67841.270;67841.270;67841.270;67841.270;67841.270;67841.270;67841.270;67841.270;67841.270;67841.270;67841.270;67841.270;67841.270;67841.270;67841.270;67841.270;67841.270;67841.270;67841.270;67841.270;67841.270;67841.270;67841.270;67841.270;67841.270;67841.270;67841.270;67841.270;67841.270;67841.270;67841.270;67841.270;67841.270;67841.270;67841.270;67841.270;67841.270;67841.270;67841.270;67841.270;67841.270
PSOC,2,500,10,27,120030,random,120030,68210.57711956806,73153.78394684664,4943.206827278584,True,328.94452777607523,81.85081047799986,124.922 -482.071;386.585 -246.917;-49.862 497.499;-472.934 -162.275;212.398 278.692;493.766 78.708;104.310 -51.276;-208.552 57.365;-355.370 351.728;-218.559 -449.702,nan;nan;nan;66374.538;67325.979;67663.164;67819.677;67918.565;67996.792;68041.483;68063.636;68068.219;68090.602;68099.396;68107.414;68116.711;68138.130;68152.711;68154.380;68158.932;68163.592;68170.812;68175.531;68185.511;68187.630;68193.319;68195.980;68199.208;68199.841;68200.282;68200.458;68201.072;68201.263;68201.360;68201.568;68201.679;68201.956;68202.656;68203.271;68203.315;68203.383;68204.686;68205.166;68205.361;68205.503;68205.590;68205.986;68206.053;68206.189;68206.259;68206.660;68206.885;68206.947;68207.888;68207.965;68208.289;68208.428;68208.632;68208.676;68208.690;68208.729;68208.762;68208.866;68208.972;68208.986;68209.001;68209.021;68209.057;68209.108;68209.454;68209.466;68209.488;68209.489;68209.495;68209.502;68209.505;68209.508;68209.509;68209.510;68209.511;68209.511;68209.511;68209.511;68209.511;68209.511;68209.525;68210.266;68210.316;68210.318;68210.319;68210.322;68210.322;68210.323;68210.323;68210.324;68210.324;68210.325;68210.325;68210.325;68210.326;68210.326;68210.333;68210.335;68210.336;68210.340;68210.341;68210.342;68210.342;68210.342;68210.342;68210.342;68210.342;68210.342;68210.342;68210.342;68210.342;68210.342;68210.343;68210.343;68210.343;68210.343;68210.343;68210.343;68210.343;68210.343;68210.343;68210.343;68210.343;68210.343;68210.343;68210.343;68210.343;68210.343;68210.343;68210.343;68210.343;68210.343;68210.343;68210.343;68210.343;68210.343;68210.343;68210.343;68210.343;68210.343;68210.343;68210.343;68210.343;68210.343;68210.343;68210.343;68210.343;68210.344;68210.386;68210.544;68210.546;68210.546;68210.546;68210.546;68210.546;68210.546;68210.546;68210.546;68210.546;68210.546;68210.546;68210.546;68210.546;68210.546;68210.546;68210.546;68210.546;68210.546;68210.546;68210.546;68210.546;68210.546;68210.546;68210.546;68210.546;68210.546;68210.546;68210.546;68210.546;68210.546;68210.546;68210.546;68210.546;68210.546;68210.546;68210.546;68210.546;68210.546;68210.546;68210.546;68210.546;68210.546;68210.546;68210.546;68210.576
DE,2,500,10,5,120030,random,120030,67908.17163304595,73153.78394684664,5245.612313800695,True,308.00922340873524,93.20029746700038,210.143 405.521;468.881 173.641;219.544 -447.502;450.790 -189.331;-311.010 -391.501;140.531 63.561;-412.838 279.196;-55.024 -214.201;-431.873 -66.939;-105.560 300.410,nan;nan;nan;nan;nan;nan;nan;nan;nan;nan;nan;nan;nan;nan;nan;nan;nan;nan;65560.298;65959.455;66827.636;66827.636;67168.312;67168.312;67280.045;67312.521;67356.060;67366.074;67482.979;67543.489;67605.540;67619.586;67631.242;67640.886;67784.981;67794.393;67800.881;67807.393;67813.552;67820.105;67832.218;67836.473;67843.455;67849.297;67855.145;67862.260;67865.527;67867.844;67871.622;67878.236;67880.148;67883.955;67886.809;67890.399;67893.831;67895.861;67897.694;67898.661;67899.828;67900.971;67901.967;67902.530;67903.017;67903.296;67903.668;67903.900;67904.085;67904.384;67904.706;67905.038;67905.284;67905.398;67905.666;67905.788;67906.072;67906.171;67906.388;67906.604;67906.636;67906.754;67906.784;67906.893;67906.961;67907.028;67907.106;67907.143;67907.191;67907.236;67907.270;67907.298;67907.354;67907.403;67907.520;67907.558;67907.599;67907.629;67907.653;67907.678;67907.716;67907.766;67907.781;67907.810;67907.842;67907.863;67907.867;67907.883;67907.914;67907.943;67907.967;67907.973;67907.982;67907.987;67907.994;67908.001;67908.002;67908.007;67908.012;67908.020;67908.033;67908.042;67908.050;67908.054;67908.055;67908.057;67908.058;67908.062;67908.066;67908.073;67908.079;67908.084;67908.089;67908.092;67908.098;67908.112;67908.123;67908.130;67908.134;67908.139;67908.143;67908.148;67908.153;67908.155;67908.156;67908.158;67908.160;67908.162;67908.163;67908.164;67908.165;67908.166;67908.166;67908.166;67908.167;67908.167;67908.168;67908.168;67908.169;67908.169;67908.169;67908.170;67908.170;67908.170;67908.170;67908.170;67908.170;67908.170;67908.170;67908.170;67908.170;67908.170;67908.171;67908.171;67908.171;67908.171;67908.171;67908.171;67908.171;67908.171;67908.171;67908.171;67908.171;67908.171;67908.171;67908.171;67908.171;67908.171;67908.171;67908.171;67908.171;67908.171;67908.171;67908.171;67908.172;67908.172;67908.172;67908.172;67908.172;67908.172;67908.172;67908.172
DE,2,500,10,13,120030,random,120030,68121.66218275756,73153.78394684664,5032.121764089083,True,311.17945290271655,108.56493629200031,-234.421 99.684;64.777 245.973;104.545 -132.478;415.085 -278.755;131.808 -480.447;360.143 346.839;-292.728 405.352;-197.461 -327.969;-484.702 -122.735;466.795 50.422,nan;nan;nan;nan;nan;nan;nan;nan;nan;nan;nan;nan;nan;nan;nan;nan;65587.996;66367.568;66781.528;67018.351;67199.101;67270.383;67381.659;67483.440;67505.512;67549.688;67567.932;67605.995;67619.933;67630.674;67639.653;67651.033;67660.112;67664.930;67671.461;67673.566;67676.237;67681.362;67726.674;67736.201;67862.178;67865.080;67868.963;67870.399;67871.879;67874.022;68085.278;68107.771;68108.985;68112.171;68113.885;68114.625;68116.024;68117.047;68117.867;68118.383;68119.118;68119.551;68119.715;68119.871;68120.010;68120.401;68120.602;68120.708;68120.728;68120.801;68120.835;68120.880;68120.968;68121.044;68121.111;68121.168;68121.194;68121.223;68121.291;68121.308;68121.355;68121.427;68121.452;68121.493;68121.510;68121.524;68121.541;68121.560;68121.572;68121.585;68121.596;68121.598;68121.603;68121.613;68121.615;68121.620;68121.622;68121.624;68121.626;68121.629;68121.632;68121.636;68121.640;68121.642;68121.645;68121.647;68121.647;68121.648;68121.648;68121.650;68121.651;68121.652;68121.653;68121.653;68121.654;68121.654;68121.654;68121.655;68121.655;68121.656;68121.656;68121.657;68121.657;68121.657;68121.658;68121.658;68121.658;68121.658;68121.658;68121.658;68121.658;68121.658;68121.658;68121.658;68121.658;68121.659;68121.659;68121.659;68121.659;68121.659;68121.659;68121.659;68121.659;68121.659;68121.659;68121.659;68121.659;68121.659;68121.659;68121.659;68121.659;68121.659;68121.659;68121.659;68121.659;68121.659;68121.659;68121.659;68121.659;68121.659;68121.659;68121.659;68121.660;68121.660;68121.660;68121.660;68121.660;68121.660;68121.660;68121.660;68121.660;68121.660;68121.660;68121.660;68121.660;68121.660;68121.660;68121.660;68121.660;68121.660;68121.660;68121.660;68121.660;68121.660;68121.660;68121.661;68121.661;68121.661;68121.661;68121.661;68121.661;68121.661;68121.661;68121.662;68121.662;68121.662;68121.662;68121.662;68121.662;68121.662;68121.662;68121.662;68121.662;68121.662
DE,2,500,10,21,120030,random,120030,67665.66030647345,73153.78394684664,5488.123640373189,True,316.7100257168433,122.8457322649997,-176.053 52.867;124.209 -97.813;-16.091 -385.580;284.117 244.676;-308.816 381.737;348.955 -350.276;-5.315 491.966;-371.536 -249.125;-486.679 114.644;499.785 -14.668,nan;nan;nan;nan;nan;nan;nan;nan;nan;nan;nan;nan;nan;nan;nan;nan;nan;nan;nan;nan;nan;nan;nan;nan;nan;nan;nan;65750.538;66429.048;66815.898;66885.039;67284.716;67284.716;67339.882;67339.882;67463.137;67463.137;67463.137;67470.907;67494.701;67531.624;67534.466;67539.132;67557.944;67593.817;67599.911;67609.500;67615.156;67632.135;67633.707;67638.049;67639.187;67641.654;67644.442;67646.648;67648.042;67649.711;67650.607;67653.267;67654.278;67654.377;67655.384;67656.047;67656.716;67657.535;67658.010;67659.140;67659.955;67660.481;67661.184;67662.008;67662.249;67662.629;67662.859;67662.925;67663.271;67663.472;67663.605;67663.706;67663.903;67663.985;67664.180;67664.351;67664.426;67664.569;67664.677;67664.709;67664.737;67664.792;67664.852;67664.880;67664.949;67665.045;67665.116;67665.171;67665.239;67665.261;67665.289;67665.322;67665.358;67665.380;67665.400;67665.425;67665.445;67665.457;67665.476;67665.476;67665.492;67665.503;67665.519;67665.528;67665.536;67665.543;67665.551;67665.560;67665.565;67665.567;67665.569;67665.573;67665.578;67665.582;67665.587;67665.594;67665.596;67665.598;67665.600;67665.601;67665.602;67665.604;67665.605;67665.605;67665.606;67665.606;67665.607;67665.607;67665.607;67665.607;67665.607;67665.608;67665.609;67665.610;67665.611;67665.611;67665.612;67665.613;67665.613;67665.615;67665.615;67665.617;67665.619;67665.621;67665.622;67665.624;67665.625;67665.627;67665.627;67665.628;67665.629;67665.630;67665.631;67665.631;67665.632;67665.632;67665.632;67665.633;67665.633;67665.633;67665.633;67665.633;67665.633;67665.634;67665.634;67665.634;67665.634;67665.634;67665.634;67665.634;67665.634;67665.634;67665.634;67665.634;67665.634;67665.634;67665.634;67665.635;67665.635;67665.635;67665.635;67665.637;67665.639;67665.648;67665.654;67665.656;67665.657;67665.658;67665.659;67665.659;67665.659;67665.660;67665.660
DE,2,500,10,29,120030,random,120030,68391.5656891189,73153.78394684664,4762.218257727742,True,308.00000248054124,172.0288707149998,255.427 -429.834;-387.217 298.405;462.225 190.652;20.600 176.974;249.388 433.365;-441.162 -235.321;-239.487 2.649;-190.257 -458.438;-127.130 472.730;430.449 -176.395,nan;nan;nan;nan;nan;nan;nan;nan;nan;nan;nan;nan;nan;nan;nan;nan;nan;nan;nan;nan;nan;nan;nan;nan;nan;nan;nan;nan;nan;nan;nan;nan;nan;nan;66041.992;66749.822;67328.231;67523.779;67567.742;67697.965;67752.498;67763.049;67825.354;67836.849;67858.097;67864.643;67876.670;67888.827;67948.392;67967.852;67972.621;67978.225;67982.909;67990.286;67994.507;68135.708;68135.911;68139.344;68143.718;68150.006;68155.454;68160.158;68166.093;68169.376;68175.222;68178.934;68181.341;68182.977;68184.372;68185.760;68186.960;68188.077;68190.656;68193.780;68195.029;68196.303;68197.903;68199.711;68201.555;68204.104;68206.257;68207.959;68208.773;68210.043;68211.236;68211.766;68212.141;68212.906;68213.213;68213.716;68360.077;68360.924;68361.878;68362.533;68364.620;68365.520;68366.434;68385.223;68385.604;68386.180;68386.466;68387.133;68387.387;68387.552;68387.812;68388.008;68388.130;68388.189;68388.288;68388.440;68388.554;68388.578;68388.628;68388.710;68388.752;68388.794;68388.848;68388.883;68389.038;68389.101;68389.168;68389.216;68389.335;68389.474;68389.671;68389.772;68389.893;68390.145;68390.221;68390.488;68390.635;68390.696;68390.775;68390.861;68390.882;68390.922;68390.963;68390.991;68391.012;68391.024;68391.035;68391.047;68391.060;68391.071;68391.094;68391.131;68391.213;68391.255;68391.320;68391.368;68391.404;68391.439;68391.455;68391.471;68391.494;68391.502;68391.514;68391.524;68391.529;68391.533;68391.538;68391.541;68391.543;68391.547;68391.550;68391.552;68391.552;68391.554;68391.555;68391.557;68391.557;68391.558;68391.560;68391.561;68391.561;68391.562;68391.562;68391.563;68391.563;68391.563;68391.564;68391.564;68391.564;68391.564;68391.564;68391.564;68391.564;68391.565;68391.565;68391.565;68391.565;68391.565;68391.565;68391.565;68391.565;68391.565;68391.566;68391.566;68391.566;68391.566
SLSQP,2,500,10,7,120030,random,120030,68130.068246954,73153.78394684664,5023.715699892637,True,308.99059730702027,395.9512576870002,-403.827 294.793;-499.973 -5.159;406.113 -291.630;34.949 -95.702;-14.178 -498.798;-12.300 499.848;-84.689 198.867;-394.406 -296.531;489.704 5.839;314.241 388.911,66552.768;66555.402;66555.402;66763.318;66763.318;66763.318;66763.318;66763.318;67357.568;67373.464;67373.464;67815.099;67815.099;67815.099;67815.099;67815.099;67815.099;67815.099;67815.099;67815.099;67815.099;67815.099;67815.099;67815.099;67815.099;67815.099;67815.099;67815.099;67815.099;67815.099;67815.099;67815.099;67815.099;67815.099;67815.099;67815.099;67815.099;67815.099;67815.099;67815.099;67815.099;67815.099;67815.099;67815.099;67815.099;67815.099;67815.099;67815.099;67815.099;67815.099;67815.099;67815.099;67815.099;67815.099;67815.099;67815.099;67815.099;67815.099;67815.099;67815.099;67815.099;67815.099;67815.099;67815.099;67815.099;67815.099;67815.099;67815.099;67815.099;67815.099;67815.099;67815.099;67815.099;67815.099;67815.099;67815.099;67815.099;67815.099;67815.099;67815.099;67815.099;67815.099;67815.099;67815.099;67815.099;67815.099;67815.099;67815.099;67815.099;67815.099;67815.099;67815.099;67815.099;67815.099;67815.099;67815.099;67815.099;67815.099;67815.099;67815.099;67815.099;67815.099;67815.099;67815.099;67815.099;67815.099;67815.099;67815.099;67815.099;67815.099;67815.099;67815.099;67815.099;67815.099;67815.099;67815.099;67815.099;67815.099;67815.099;67815.099;67815.099;67815.099;67815.099;67815.099;67815.099;67815.099;67815.099;67815.099;67815.099;67815.099;67815.099;67815.099;67815.099;67815.099;67815.099;67815.099;67815.099;67815.099;67815.099;67815.099;67815.099;67815.099;67815.099;67815.099;67815.099;67815.099;67815.099;67815.099;67815.099;67815.099;67815.099;68130.068;68130.068;68130.068;68130.068;68130.068;68130.068;68130.068;68130.068;68130.068;68130.068;68130.068;68130.068;68130.068;68130.068;68130.068;68130.068;68130.068;68130.068;68130.068;68130.068;68130.068;68130.068;68130.068;68130.068;68130.068;68130.068;68130.068;68130.068;68130.068;68130.068;68130.068;68130.068;68130.068;68130.068;68130.068;68130.068;68130.068;68130.068;68130.068;68130.068;68130.068;68130.068;68130.068;68130.068;68130.068;68130.068;68130.068;68130.068;68130.068
SLSQP,2,500,10,15,120030,random,120030,68145.79382685626,73153.78394684664,5007.990119990383,True,315.2027197847457,412.7313193289997,356.100 350.709;-54.355 -151.527;-349.301 313.009;58.262 -490.899;387.140 -309.120;-350.790 -345.891;108.857 142.205;-499.393 9.975;-89.079 490.878;499.758 15.223,nan;67938.267;67938.267;67938.267;67938.267;67938.267;67938.267;67938.267;67938.267;67938.267;67938.267;67938.267;67938.267;67938.267;67938.267;67938.267;67938.267;67938.267;67938.267;67938.267;67938.267;67938.267;67938.267;67938.267;67938.267;67938.267;67938.267;67938.267;67938.267;67938.267;67938.267;67938.267;67938.267;67938.267;67938.267;67938.267;67938.267;67938.267;67938.267;67938.267;67938.267;67938.267;67938.267;67938.267;67938.267;67938.267;67938.267;67938.267;67938.267;67938.267;67938.267;67938.267;67938.267;67938.267;67938.267;67938.267;67938.267;67938.267;67938.267;67938.267;67938.267;67938.267;67938.267;67938.267;67938.267;67938.267;67938.267;67938.267;67938.267;67938.267;67938.267;67938.267;67938.267;67938.267;67938.267;67938.267;67938.267;67938.267;67938.267;67938.267;67938.267;67938.267;67938.267;67938.267;67938.267;67938.267;67938.267;67938.267;67938.267;67938.267;67938.267;67938.267;67938.267;67938.267;67938.267;67938.267;67938.267;67938.267;67938.267;67938.267;67938.267;67938.267;67938.267;67938.267;67938.267;67938.267;67938.267;67938.267;67938.267;67938.267;67938.267;67938.267;67938.267;67938.267;67938.267;67938.267;67938.267;67938.267;67938.267;67938.267;67938.267;67938.267;67938.267;67938.267;67938.267;67938.267;67938.267;67938.267;67938.267;67938.267;68141.993;68145.754;68145.794;68145.794;68145.794;68145.794;68145.794;68145.794;68145.794;68145.794;68145.794;68145.794;68145.794;68145.794;68145.794;68145.794;68145.794;68145.794;68145.794;68145.794;68145.794;68145.794;68145.794;68145.794;68145.794;68145.794;68145.794;68145.794;68145.794;68145.794;68145.794;68145.794;68145.794;68145.794;68145.794;68145.794;68145.794;68145.794;68145.794;68145.794;68145.794;68145.794;68145.794;68145.794;68145.794;68145.794;68145.794;68145.794;68145.794;68145.794;68145.794;68145.794;68145.794;68145.794;68145.794;68145.794;68145.794;68145.794;68145.794;68145.794;68145.794;68145.794;68145.794;68145.794;68145.794;68145.794;68145.794;68145.794;68145.794;68145.794
SLSQP,2,500,10,23,120030,random,120030,68124.8622038768,73153.78394684664,5028.921742969847,True,312.58678938970706,408.7235794660005,-279.856 399.685;395.642 259.460;346.149 -360.675;-135.227 108.463;-486.832 -18.762;476.776 -76.691;156.063 467.802;-16.229 -499.461;-373.403 -330.853;80.523 -138.411,nan;nan;66643.994;66643.994;66643.994;67042.095;67042.095;67042.095;67293.085;67310.598;67593.364;67593.364;67593.364;67593.364;67593.364;67593.364;67593.364;67593.364;67593.364;67593.364;67593.364;67593.364;67593.364;67593.364;67593.364;67593.364;67593.364;67593.364;67593.364;67593.364;67593.364;67593.364;67668.215;67668.215;67715.628;67715.628;67715.628;67715.628;67715.628;67715.628;67715.628;67715.628;67715.628;67715.628;67715.628;67715.628;67715.628;67715.628;67715.628;67715.628;67715.628;67715.628;67715.628;67715.628;67715.628;67715.628;67715.628;67715.628;67715.628;67715.628;67715.628;67715.628;67715.628;67715.628;67715.628;67715.628;67715.628;67715.628;67715.628;67715.628;67715.628;67715.628;67715.628;67715.628;67715.628;67715.628;67715.628;67715.628;67715.628;67715.628;67715.628;67715.628;67715.628;67715.628;67715.628;67715.628;67715.628;67715.628;67715.628;67715.628;67715.628;67715.628;67715.628;67715.628;67715.628;67715.628;67715.628;67715.628;67715.628;67715.628;67715.628;67715.628;67715.628;68123.428;68123.428;68124.862;68124.862;68124.862;68124.862;68124.862;68124.862;68124.862;68124.862;68124.862;68124.862;68124.862;68124.862;68124.862;68124.862;68124.862;68124.862;68124.862;68124.862;68124.862;68124.862;68124.862;68124.862;68124.862;68124.862;68124.862;68124.862;68124.862;68124.862;68124.862;68124.862;68124.862;68124.862;68124.862;68124.862;68124.862;68124.862;68124.862;68124.862;68124.862;68124.862;68124.862;68124.862;68124.862;68124.862;68124.862;68124.862;68124.862;68124.862;68124.862;68124.862;68124.862;68124.862;68124.862;68124.862;68124.862;68124.862;68124.862;68124.862;68124.862;68124.862;68124.862;68124.862;68124.862;68124.862;68124.862;68124.862;68124.862;68124.862;68124.862;68124.862;68124.862;68124.862;68124.862;68124.862;68124.862;68124.862;68124.862;68124.862;68124.862;68124.862;68124.862;68124.862;68124.862;68124.862;68124.862;68124.862;68124.862;68124.862;68124.862;68124.862;68124.862;68124.862;68124.862;68124.862;68124.862
SSABV,1,1000,15,1,120030,random,120030,208400.4617713299,210686.06054602243,2285.5987746925384,True,327.27973974068544,325.02078097799995,-284.663 953.237;847.777 528.792;-80.409 424.097;998.697 21.418;-84.952 -939.969;-410.964 -911.198;362.526 -344.086;-886.605 454.317;-288.579 -152.299;729.700 -423.825;305.798 -916.842;365.508 839.762;-873.047 -487.014;99.980 -118.706;-442.027 388.312,nan;nan;nan;nan;nan;nan;nan;nan;nan;nan;nan;nan;nan;nan;nan;nan;nan;nan;nan;nan;nan;nan;nan;nan;nan;nan;nan;nan;nan;nan;nan;nan;nan;nan;nan;nan;nan;nan;nan;198670.490;200688.841;203251.077;204890.636;204890.636;204890.636;204890.636;204890.636;204890.636;205011.068;205648.789;205648.789;205648.789;205951.122;206065.667;206421.754;206421.754;206421.754;206421.754;206421.754;206492.887;206628.664;206628.664;206628.664;206628.664;206628.664;206628.664;206631.015;206653.333;206671.704;206716.537;206730.501;206745.323;206752.581;206760.102;206767.368;206775.246;206781.326;206784.078;206786.819;206788.867;206789.940;206791.385;206792.177;206793.576;206794.100;206794.745;206795.200;206795.429;206795.723;206795.890;206796.025;206796.139;206796.216;206796.263;206796.312;206796.341;206796.365;206796.386;206796.402;206796.414;207168.140;207249.474;207335.625;207376.834;207384.312;207390.674;207396.638;207399.749;207402.374;207402.374;207402.374;207402.374;207416.267;207625.142;207676.730;207688.448;207700.612;207712.826;207719.396;207724.375;207730.717;207737.070;207739.973;207743.133;207748.106;207749.583;207750.688;207751.593;207751.593;207751.593;207751.593;207751.593;207751.593;207751.593;207751.593;207751.593;207751.593;207751.593;207751.593;207751.593;207751.593;208312.127;208361.713;208382.141;208391.093;208395.478;208399.962;208400.462;208400.462;208400.462;208400.462;208400.462;208400.462;208400.462;208400.462;208400.462;208400.462;208400.462;208400.462;208400.462;208400.462;208400.462;208400.462;208400.462;208400.462;208400.462;208400.462;208400.462;208400.462;208400.462;208400.462;208400.462;208400.462;208400.462;208400.462;208400.462;208400.462;208400.462;208400.462;208400.462;208400.462;208400.462;208400.462;208400.462;208400.462;208400.462;208400.462;208400.462;208400.462;208400.462;208400.462;208400.462;208400.462;208400.462;208400.462;208400.462;208400.462;208400.462;208400.462;208400.462
SSABV,1,1000,15,9,120030,random,120030,206979.34771335265,210686.06054602243,3706.7128326697857,True,316.48940821824544,142.8739123079995,-166.149 -336.560;-774.752 594.893;402.974 442.447;293.159 -17.402;-339.640 -854.064;811.093 -582.879;-801.754 128.268;-193.877 861.382;613.745 -277.871;-477.369 193.717;-800.000 -598.823;23.316 317.575;624.193 781.250;304.174 -921.266;-514.798 -461.618,nan;nan;nan;nan;nan;nan;nan;nan;nan;nan;nan;nan;nan;nan;nan;nan;nan;nan;nan;nan;nan;nan;nan;nan;nan;nan;nan;nan;nan;nan;nan;nan;nan;nan;nan;nan;nan;nan;nan;nan;200678.164;200678.164;200678.164;200678.164;204088.831;204088.831;204088.831;204906.277;205123.897;205404.035;205490.886;205490.886;205753.953;205753.953;205840.097;205865.613;205865.613;205924.698;206060.330;206066.710;206066.710;206074.818;206090.706;206164.919;206210.136;206243.237;206261.048;206325.223;206367.529;206420.708;206445.973;206453.851;206459.709;206473.676;206477.454;206482.615;206488.217;206492.815;206495.075;206497.102;206498.328;206499.496;206500.098;206500.551;206501.064;206501.370;206501.770;206501.962;206502.067;206502.208;206502.331;206502.415;206502.461;206502.536;206502.581;206502.601;206502.608;206502.624;206502.634;206502.642;206929.199;206953.778;206963.154;206967.697;206969.599;206969.599;206969.599;206969.599;206969.599;206969.599;206969.599;206969.599;206969.599;206969.599;206969.599;206969.599;206969.599;206969.599;206969.599;206969.599;206969.599;206969.599;206970.402;206978.130;206979.348;206979.348;206979.348;206979.348;206979.348;206979.348;206979.348;206979.348;206979.348;206979.348;206979.348;206979.348;206979.348;206979.348;206979.348;206979.348;206979.348;206979.348;206979.348;206979.348;206979.348;206979.348;206979.348;206979.348;206979.348;206979.348;206979.348;206979.348;206979.348;206979.348;206979.348;206979.348;206979.348;206979.348;206979.348;206979.348;206979.348;206979.348;206979.348;206979.348;206979.348;206979.348;206979.348;206979.348;206979.348;206979.348;206979.348;206979.348;206979.348;206979.348;206979.348;206979.348;206979.348;206979.348;206979.348;206979.348;206979.348;206979.348;206979.348;206979.348;206979.348;206979.348;206979.348;206979.348;206979.348;206979.348;206979.348;206979.348;206979.348;206979.348;206979.348;206979.348;206979.348;206979.348;206979.348;206979.348
SSABV,1,1000,15,17,120030,random,120030,208259.18571399082,210686.06054602243,2426.874832031608,True,322.94624045545277,110.60588964699946,-383.590 123.135;27.920 -510.365;957.845 95.625;268.019 -962.583;-846.861 -507.080;-691.159 -86.525;-124.736 -925.809;-689.613 723.966;-501.900 453.276;650.535 -758.441;653.489 203.614;-507.607 -775.991;421.005 905.954;281.985 504.050;-97.667 993.233,nan;nan;nan;nan;nan;nan;nan;nan;nan;nan;nan;nan;nan;nan;nan;nan;nan;nan;nan;nan;nan;nan;nan;nan;nan;nan;nan;nan;nan;nan;nan;nan;nan;nan;nan;nan;nan;nan;nan;203919.004;204352.793;204352.793;204352.793;204441.770;204515.948;204701.234;205161.065;205260.005;205539.195;205539.195;205539.195;205652.443;205652.443;206011.080;206011.080;206024.718;206024.718;206027.526;206059.527;206206.271;206288.385;206310.797;206310.797;206310.797;206326.116;206350.640;206372.542;206396.912;206421.792;206432.289;206442.215;206454.146;206467.657;206474.269;206477.094;206480.058;206483.144;206485.908;206486.548;206488.335;206489.319;206490.651;206491.695;206492.341;206492.936;206493.226;206493.567;206493.794;206493.893;206494.012;206494.109;206494.190;206494.229;206494.259;206494.299;206494.314;206494.333;206494.343;206494.350;206494.359;206602.221;206630.700;206643.196;206647.857;206650.270;206653.239;206653.661;206653.661;206653.661;206653.661;206653.661;206653.661;206653.661;206653.661;206653.661;206653.661;206653.661;206653.661;206653.661;206653.661;206653.661;206653.661;206847.202;207001.032;207085.637;207123.718;207132.774;207211.633;207228.965;207236.334;207241.847;207244.729;207246.459;207258.875;207289.195;207296.396;207303.765;207312.164;207314.625;207317.582;207317.582;207317.582;207536.139;207637.800;207658.667;207688.802;207700.343;207703.064;207705.272;207733.728;207737.385;207737.393;207737.393;207737.393;207737.393;207737.393;207737.393;207737.393;207737.393;207737.393;207737.393;207737.393;207737.393;207737.393;207737.393;207737.393;207737.393;207737.393;207737.393;207737.393;207737.393;207737.393;207737.393;207737.393;207737.393;207737.393;207737.393;207737.393;207737.393;207737.393;207737.393;207737.393;207758.382;207794.048;207804.665;207863.873;207867.191;207872.070;207876.368;207880.755;207881.883;207881.883;207957.094;208124.597;208172.565;208190.204;208243.639;208252.276;208257.855;208259.156
SSABV,1,1000,15,25,120030,random,120030,208008.1307031323,210686.06054602243,2677.929842890124,True,349.60993140754687,109.0055422659998,-139.106 989.179;-828.024 -495.428;-137.540 -897.045;-478.813 46.147;423.280 -905.149;883.962 -77.913;51.957 385.601;384.237 535.336;503.590 863.942;712.857 -594.629;7.424 -521.859;-835.784 332.143;-556.496 -818.060;-278.476 626.512;166.021 49.478,nan;nan;nan;nan;nan;nan;nan;nan;nan;nan;nan;nan;nan;nan;nan;nan;nan;nan;nan;nan;nan;nan;nan;nan;nan;nan;nan;nan;nan;nan;nan;nan;nan;nan;nan;nan;nan;nan;nan;200985.693;201131.369;202559.060;202559.060;202559.060;203030.879;203030.879;205748.885;205758.669;205775.233;206211.145;206416.242;206423.618;206643.162;206643.162;206643.162;206643.162;206643.162;206643.162;206652.959;206655.127;206681.952;206681.952;206712.454;206720.191;206720.803;206720.803;206733.402;206734.789;206739.929;206762.667;206763.857;206768.069;206776.136;206779.615;206783.527;206787.722;206789.718;206792.032;206792.946;206793.725;206794.228;206795.025;206795.248;206795.944;206796.479;206796.836;206796.904;206797.058;206797.181;206797.312;206797.407;206797.450;206797.513;206797.554;206797.590;206797.610;206797.630;206797.641;206797.649;206797.652;207475.284;207848.698;207918.583;207957.421;207979.258;207988.816;207998.571;208004.465;208008.131;208008.131;208008.131;208008.131;208008.131;208008.131;208008.131;208008.131;208008.131;208008.131;208008.131;208008.131;208008.131;208008.131;208008.131;208008.131;208008.131;208008.131;208008.131;208008.131;208008.131;208008.131;208008.131;208008.131;208008.131;208008.131;208008.131;208008.131;208008.131;208008.131;208008.131;208008.131;208008.131;208008.131;208008.131;208008.131;208008.131;208008.131;208008.131;208008.131;208008.131;208008.131;208008.131;208008.131;208008.131;208008.131;208008.131;208008.131;208008.131;208008.131;208008.131;208008.131;208008.131;208008.131;208008.131;208008.131;208008.131;208008.131;208008.131;208008.131;208008.131;208008.131;208008.131;208008.131;208008.131;208008.131;208008.131;208008.131;208008.131;208008.131;208008.131;208008.131;208008.131;208008.131;208008.131;208008.131;208008.131;208008.131;208008.131;208008.131;208008.131;208008.131;208008.131;208008.131;208008.131;208008.131;208008.131;208008.131;208008.131;208008.131;208008.131;208008.131
LXBV,1,1000,15,3,120030,random,120030,208555.7313603664,210686.06054602243,2130.329185656039,True,329.0433939998155,100.73998003799989,-651.113 758.754;600.093 -624.943;-132.116 883.827;-261.307 -615.654;-948.311 264.216;-652.831 -757.445;272.091 498.110;921.906 386.735;788.573 55.384;-148.161 -934.996;-128.925 126.734;294.267 -770.991;-500.861 249.985;626.356 531.372;456.642 889.266,nan;nan;nan;nan;nan;nan;nan;nan;nan;nan;nan;nan;nan;nan;nan;nan;nan;nan;nan;nan;nan;nan;nan;nan;nan;nan;nan;nan;198194.817;198690.007;198738.919;198858.758;198858.758;199401.456;199401.456;199401.456;199435.101;200314.130;200314.130;201029.282;201211.537;201285.363;201285.363;201492.717;201764.705;201871.961;201874.814;201880.417;202856.062;203398.330;203593.432;203706.537;203706.537;203717.774;203719.253;203719.253;203719.253;203720.934;203724.816;203724.816;203737.064;203747.346;203748.177;203749.042;203762.007;203770.027;203787.794;203821.467;203858.108;203896.037;203927.652;203940.937;203944.632;203947.452;203948.641;203952.120;203955.576;203960.769;203963.353;203965.311;203966.253;203966.510;203967.030;203967.356;203967.711;203967.913;203968.142;203968.339;203968.448;203968.572;203968.647;203968.725;203968.784;203968.927;203968.996;203969.047;203969.215;203969.234;203969.495;203969.541;204999.746;206060.753;206293.394;206372.690;206419.505;206466.282;206490.510;206495.296;206500.588;206506.714;206509.499;206509.499;206609.538;207001.506;207064.580;207154.614;207163.394;207171.300;207171.300;207171.300;207171.300;207171.300;207171.300;207171.300;207171.300;207171.300;207171.300;207171.300;207171.300;207171.300;207171.300;207171.300;207171.300;207430.084;207645.274;207704.259;207734.688;207743.246;207746.978;207750.518;207754.428;207756.939;207758.878;207758.878;207758.878;207838.956;208138.497;208160.243;208176.437;208191.639;208203.577;208210.504;208213.671;208213.671;208213.671;208213.671;208213.671;208213.671;208213.671;208213.671;208213.671;208213.671;208213.671;208213.671;208392.521;208444.214;208524.864;208532.704;208540.367;208548.869;208553.974;208555.712;208555.731;208555.731;208555.731;208555.731;208555.731;208555.731;208555.731;208555.731;208555.731;208555.731;208555.731;208555.731;208555.731;208555.731;208555.731;208555.731;208555.731;208555.731;208555.731;208555.731;208555.731;208555.731;208555.731;208555.731;208555.731;208555.731;208555.731;208555.731
LXBV,1,1000,15,11,120030,random,120030,207787.1959694806,210686.06054602243,2898.8645765418187,True,308.44287578664904,101.14417684899945,6.350 293.428;-567.577 823.138;-956.250 291.279;254.055 -643.042;-618.763 229.496;-221.721 -610.835;158.192 -11.549;389.176 -920.312;-618.510 -784.887;397.790 254.873;748.565 -300.669;-192.695 856.922;762.330 642.545;443.320 875.684;-832.929 -109.208,nan;nan;nan;nan;nan;nan;nan;nan;nan;nan;nan;nan;nan;nan;nan;nan;nan;nan;nan;nan;nan;nan;nan;202601.568;202601.568;202882.477;202882.477;202882.477;203517.443;203636.807;204515.910;204516.271;204516.271;204519.493;204542.311;204542.311;204621.200;204622.607;204632.157;204817.125;204817.125;204817.125;204817.170;204817.170;204825.331;204825.331;204825.331;204825.331;204841.598;204841.638;204842.193;204854.344;204903.378;204904.450;204974.129;204977.491;204977.491;204978.457;204981.209;204985.247;204993.606;205007.871;205041.107;205068.202;205079.238;205109.678;205128.303;205146.227;205152.282;205158.263;205162.581;205164.177;205165.618;205167.025;205170.546;205171.949;205173.492;205174.582;205175.933;205177.121;205178.763;205181.004;205181.604;205181.967;205182.237;205185.821;205186.382;205188.243;205189.935;205190.387;205190.585;205190.940;205191.774;205192.884;205193.742;205193.926;205194.020;205194.062;205194.173;205194.283;206765.372;207387.916;207578.205;207680.575;207730.533;207748.431;207781.221;207783.639;207786.411;207786.849;207786.849;207786.849;207786.849;207786.849;207786.849;207786.849;207786.849;207786.849;207786.849;207786.849;207786.849;207786.849;207786.849;207786.849;207786.849;207786.849;207786.849;207786.849;207786.849;207786.849;207786.849;207786.849;207786.849;207786.849;207786.849;207786.849;207786.849;207786.849;207786.849;207786.849;207786.849;207786.849;207786.849;207786.849;207786.849;207786.849;207786.849;207786.849;207786.849;207786.849;207786.849;207786.849;207786.849;207786.849;207786.849;207786.849;207786.849;207786.849;207786.849;207786.849;207786.849;207786.849;207786.849;207786.849;207786.849;207786.849;207787.137;207787.196;207787.196;207787.196;207787.196;207787.196;207787.196;207787.196;207787.196;207787.196;207787.196;207787.196;207787.196;207787.196;207787.196;207787.196;207787.196;207787.196;207787.196;207787.196;207787.196;207787.196;207787.196;207787.196;207787.196;207787.196;207787.196;207787.196;207787.196;207787.196;207787.196;207787.196;207787.196;207787.196
LXBV,1,1000,15,19,120030,random,120030,208254.98594227634,210686.06054602243,2431.074603746092,True,363.3347844211317,101.04070580400003,-922.833 -384.186;-582.428 812.511;-751.185 245.964;756.391 -162.937;541.057 485.909;-305.107 318.683;-84.044 650.751;76.040 -610.267;-397.231 -495.238;67.024 239.371;914.874 403.702;-278.729 -873.664;423.528 829.710;372.459 -927.233;-574.095 -127.887,nan;nan;nan;nan;nan;nan;nan;nan;nan;nan;nan;nan;nan;nan;nan;nan;nan;nan;nan;200672.801;200672.801;200672.801;200676.224;200676.224;202218.009;202218.009;202218.009;202218.009;203707.337;203712.096;203748.194;204567.663;204793.035;205289.307;205289.307;205488.647;205488.745;205495.164;206031.295;206031.295;206067.289;206070.544;206070.821;206124.180;206270.690;206273.251;206286.643;206286.643;206467.934;206516.802;206555.844;206600.712;206820.321;206864.665;207078.529;207368.024;207486.449;207676.085;207698.856;207727.073;207731.075;207742.032;207763.114;207771.468;207781.488;207790.266;207798.695;207812.240;207816.101;207818.959;207831.156;207839.614;207845.603;207850.999;207854.616;207857.645;207861.466;207864.363;207866.774;207870.600;207873.771;207874.902;207875.725;207876.246;207876.800;207878.175;207878.765;207880.186;207882.598;207882.832;207883.557;207883.694;207883.744;207884.337;207884.369;207884.605;207886.884;207886.903;207886.920;207910.147;208115.142;208172.973;208205.503;208215.958;208222.834;208229.434;208231.772;208246.453;208249.327;208252.248;208254.877;208254.986;208254.986;208254.986;208254.986;208254.986;208254.986;208254.986;208254.986;208254.986;208254.986;208254.986;208254.986;208254.986;208254.986;208254.986;208254.986;208254.986;208254.986;208254.986;208254.986;208254.986;208254.986;208254.986;208254.986;208254.986;208254.986;208254.986;208254.986;208254.986;208254.986;208254.986;208254.986;208254.986;208254.986;208254.986;208254.986;208254.986;208254.986;208254.986;208254.986;208254.986;208254.986;208254.986;208254.986;208254.986;208254.986;208254.986;208254.986;208254.986;208254.986;208254.986;208254.986;208254.986;208254.986;208254.986;208254.986;208254.986;208254.986;208254.986;208254.986;208254.986;208254.986;208254.986;208254.986;208254.986;208254.986;208254.986;208254.986;208254.986;208254.986;208254.986;208254.986;208254.986;208254.986;208254.986;208254.986;208254.986;208254.986;208254.986;208254.986;208254.986;208254.986;208254.986;208254.986;208254.986;208254.986;208254.986;208254.986;208254.986
LXBV,1,1000,15,27,120030,random,120030,208278.125355897,210686.06054602243,2407.9351901254267,True,353.96598333576105,103.00094724999963,539.551 310.203;-307.780 -48.798;-136.859 519.939;258.503 -912.087;-907.025 -394.440;-100.409 -852.374;652.658 -756.435;273.103 543.220;-549.256 835.140;7.911 977.883;932.791 221.599;525.727 -419.822;-544.752 -413.938;672.318 740.259;-655.473 -754.514,nan;nan;nan;nan;nan;nan;nan;nan;nan;nan;nan;nan;nan;nan;nan;nan;nan;nan;nan;nan;nan;nan;nan;nan;nan;nan;200380.650;200424.673;201227.455;201387.206;201387.206;201945.989;203085.053;203085.053;203685.236;203738.613;203738.613;203738.613;203738.613;203738.613;203738.613;203738.613;203738.613;203738.613;203738.613;203738.613;203738.613;204055.620;204122.003;204122.003;204124.913;204186.191;204186.191;204187.027;204189.471;204191.596;204191.596;204193.531;204265.572;204265.788;204267.073;204275.080;204299.802;204303.058;204311.699;204319.705;204340.494;204357.720;204370.059;204405.536;204436.508;204463.588;204488.621;204500.053;204518.363;204526.741;204538.906;204548.253;204553.995;204559.964;204564.536;204567.619;204569.285;204584.128;204586.798;204588.010;204589.006;204591.181;204592.409;204593.388;204593.802;204594.048;204594.263;204594.410;204594.706;204594.862;204595.036;204595.063;204595.079;204596.725;205482.835;206046.636;206156.999;206195.461;206240.578;206259.469;206275.668;206287.366;206297.477;206317.093;206331.573;206334.644;206334.653;206648.574;207276.466;207477.801;207642.985;207676.935;207695.997;207705.208;207711.617;207716.704;207716.732;207716.732;207716.732;207716.732;207716.732;207716.732;207805.525;207862.966;207870.603;207872.921;207877.971;207878.741;207878.741;207878.741;207878.741;207878.741;207878.741;207878.741;207878.741;207878.741;207878.741;207878.741;207878.741;207878.741;207878.741;207878.741;207878.741;207878.741;207878.741;207878.741;207878.741;207878.741;207878.741;207878.741;207878.741;207878.741;207878.741;207878.741;207878.741;207878.741;207878.741;207878.741;207878.741;207878.741;207878.741;207878.741;207906.890;207926.374;207935.556;207939.881;207940.078;207940.078;208048.181;208118.892;208149.404;208183.822;208217.215;208243.378;208276.006;208278.125;208278.125;208278.125;208278.125;208278.125;208278.125;208278.125;208278.125;208278.125;208278.125;208278.125;208278.125;208278.125;208278.125;208278.125;208278.125;208278.125;208278.125;208278.125
RSVNS,1,1000,15,5,120030,random,120030,207960.62102839258,210686.06054602243,2725.4395176298567,True,347.80191155780085,104.87233257000025,470.275 -862.221;-527.434 849.443;296.926 953.932;-514.733 -278.151;493.817 290.449;-977.994 -206.619;276.746 -493.362;-246.625 415.988;995.312 92.010;-93.614 888.593;-681.053 -708.020;-28.775 -977.357;106.255 585.256;-354.663 -855.852;768.757 -531.597,nan;nan;nan;nan;nan;nan;nan;nan;nan;nan;nan;nan;nan;nan;nan;nan;nan;nan;nan;nan;nan;nan;nan;nan;nan;nan;nan;nan;nan;nan;nan;nan;nan;nan;nan;nan;nan;nan;nan;nan;nan;nan;nan;nan;nan;nan;nan;nan;nan;nan;nan;nan;nan;nan;nan;nan;nan;nan;nan;nan;nan;nan;nan;nan;nan;nan;nan;nan;nan;nan;nan;nan;nan;nan;nan;nan;nan;nan;nan;nan;nan;nan;nan;nan;nan;nan;nan;nan;nan;nan;nan;nan;nan;nan;nan;nan;nan;nan;nan;nan;204895.920;205364.849;205648.366;205936.629;206035.338;206088.132;206105.891;206117.267;206126.570;206147.308;206204.522;206213.168;206226.516;206243.278;206243.278;206714.755;206980.469;207211.254;207264.821;207281.471;207290.289;207313.144;207313.325;207313.325;207313.325;207313.325;207313.325;207313.325;207313.325;207313.325;207313.325;207313.325;207313.325;207313.325;207313.325;207313.325;207313.325;207313.325;207361.203;207373.219;207377.896;207382.465;207382.465;207382.465;207382.465;207382.465;207382.465;207382.465;207382.465;207382.465;207382.465;207382.465;207382.465;207382.465;207382.465;207382.465;207382.465;207382.465;207611.384;207716.056;207797.334;207814.297;207822.129;207828.800;207830.476;207830.476;207830.476;207830.476;207830.476;207830.476;207830.476;207830.476;207830.476;207830.476;207830.476;207830.476;207830.476;207864.814;207925.937;207936.074;207945.796;207950.732;207955.763;207958.539;207959.961;207960.621;207960.621;207960.621;207960.621;207960.621;207960.621;207960.621;207960.621;207960.621;207960.621;207960.621;207960.621;207960.621;207960.621;207960.621
RSVNS,1,1000,15,13,120030,random,120030,208685.2021589649,210686.06054602243,2000.858387057524,True,314.68283596058194,102.50513651100027,-452.941 295.086;-915.199 402.344;-190.334 -676.293;-449.791 -892.423;386.403 -426.990;-915.425 -402.055;392.882 382.781;774.902 254.886;-38.148 999.203;118.978 -734.182;544.435 -114.459;182.301 131.418;994.944 -94.193;-218.057 652.459;-644.969 -165.581,nan;nan;nan;nan;nan;nan;nan;nan;nan;nan;nan;nan;nan;nan;nan;nan;nan;nan;nan;nan;nan;nan;nan;nan;nan;nan;nan;nan;nan;nan;nan;nan;nan;nan;nan;nan;nan;nan;nan;nan;nan;nan;nan;nan;nan;nan;nan;nan;nan;nan;nan;nan;nan;nan;nan;nan;nan;nan;nan;nan;nan;nan;nan;nan;nan;nan;nan;nan;nan;nan;nan;nan;nan;nan;nan;nan;nan;nan;nan;nan;nan;nan;nan;nan;nan;nan;nan;nan;nan;nan;nan;nan;nan;nan;nan;nan;nan;nan;nan;nan;206464.662;206852.003;207469.289;207499.623;207527.394;207543.049;207549.809;207577.453;207625.876;207633.015;207636.867;207637.284;207637.284;207901.168;208443.212;208625.423;208660.909;208668.692;208675.075;208678.708;208681.008;208682.724;208684.426;208685.202;208685.202;208685.202;208685.202;208685.202;208685.202;208685.202;208685.202;208685.202;208685.202;208685.202;208685.202;208685.202;208685.202;208685.202;208685.202;208685.202;208685.202;208685.202;208685.202;208685.202;208685.202;208685.202;208685.202;208685.202;208685.202;208685.202;208685.202;208685.202;208685.202;208685.202;208685.202;208685.202;208685.202;208685.202;208685.202;208685.202;208685.202;208685.202;208685.202;208685.202;208685.202;208685.202;208685.202;208685.202;208685.202;208685.202;208685.202;208685.202;208685.202;208685.202;208685.202;208685.202;208685.202;208685.202;208685.202;208685.202;208685.202;208685.202;208685.202;208685.202;208685.202;208685.202;208685.202;208685.202;208685.202;208685.202;208685.202;208685.202;208685.202;208685.202;208685.202;208685.202;208685.202;208685.202;208685.202;208685.202
RSVNS,1,1000,15,21,120030,random,120030,207571.69621825026,210686.06054602243,3114.3643277721712,True,316.23445045701123,102.25838820599984,-98.242 -902.023;797.925 -602.033;-392.183 -405.360;345.301 -916.253;516.478 359.485;-545.898 762.861;-60.906 570.650;948.578 315.545;-212.864 976.562;-992.188 -35.633;387.241 787.602;656.665 -122.802;-492.826 -868.901;-393.876 325.797;482.700 -627.280,nan;nan;nan;nan;nan;nan;nan;nan;nan;nan;nan;nan;nan;nan;nan;nan;nan;nan;nan;nan;nan;nan;nan;nan;nan;nan;nan;nan;nan;nan;nan;nan;nan;nan;nan;nan;nan;nan;nan;nan;nan;nan;nan;nan;nan;nan;nan;nan;nan;nan;nan;nan;nan;nan;nan;nan;nan;nan;nan;nan;nan;nan;nan;nan;nan;nan;nan;nan;nan;nan;nan;nan;nan;nan;nan;nan;nan;nan;nan;nan;nan;nan;nan;nan;nan;nan;nan;nan;nan;nan;nan;nan;nan;nan;nan;nan;nan;nan;nan;nan;204541.900;205628.592;205976.185;206099.360;206192.237;206210.995;206225.479;206245.104;206247.565;206256.688;206264.771;206276.971;206288.829;206320.465;206320.782;206320.782;206320.782;206320.782;206320.782;206320.782;206320.782;206320.782;206320.782;206320.782;206320.782;206320.782;206320.782;206320.782;206320.782;206320.782;206320.782;206320.782;206609.339;206916.564;207034.114;207097.503;207142.525;207151.174;207154.287;207158.592;207160.282;207160.609;207160.609;207160.609;207160.609;207160.609;207181.046;207191.982;207199.597;207201.550;207201.550;207201.550;207201.550;207286.966;207482.590;207510.404;207524.078;207537.330;207547.680;207555.913;207562.726;207567.924;207571.693;207571.696;207571.696;207571.696;207571.696;207571.696;207571.696;207571.696;207571.696;207571.696;207571.696;207571.696;207571.696;207571.696;207571.696;207571.696;207571.696;207571.696;207571.696;207571.696;207571.696;207571.696;207571.696;207571.696;207571.696;207571.696;207571.696;207571.696;207571.696;207571.696;207571.696;207571.696;207571.696;207571.696;207571.696;207571.696;207571.696;207571.696
RSVNS,1,1000,15,29,120030,random,120030,207548.95243705856,210686.06054602243,3137.1081089638756,True,348.810096241898,103.86921136799992,780.174 -397.277;51.205 -595.186;497.666 693.403;300.272 286.268;-826.995 561.063;953.125 242.670;588.524 -799.218;249.292 -308.080;44.421 979.702;216.478 -962.500;-203.805 -978.125;-219.647 -7.233;-385.342 -551.187;-340.236 939.289;-803.146 -590.973,nan;nan;nan;nan;nan;nan;nan;nan;nan;nan;nan;nan;nan;nan;nan;nan;nan;nan;nan;nan;nan;nan;nan;nan;nan;nan;nan;nan;nan;nan;nan;nan;nan;nan;nan;nan;nan;nan;nan;nan;nan;nan;nan;nan;nan;nan;nan;nan;nan;nan;nan;nan;nan;nan;nan;nan;nan;nan;nan;nan;nan;nan;nan;nan;nan;nan;nan;nan;nan;nan;nan;nan;nan;nan;nan;nan;nan;nan;nan;nan;nan;nan;nan;nan;nan;nan;nan;nan;nan;nan;nan;nan;nan;nan;nan;nan;nan;nan;nan;nan;203419.567;204446.669;204792.239;205004.696;205114.633;205161.715;205194.447;205208.545;205216.419;205225.271;205233.400;205236.916;205236.916;205494.700;206079.379;206223.784;206462.054;206567.382;206629.041;206703.565;206736.665;206743.903;206747.903;206749.012;206749.012;206749.012;206850.238;206905.663;206925.554;206955.890;206985.791;206995.646;206997.873;206998.226;206998.226;207018.429;207339.027;207444.767;207497.406;207511.160;207520.416;207543.942;207545.934;207548.785;207548.952;207548.952;207548.952;207548.952;207548.952;207548.952;207548.952;207548.952;207548.952;207548.952;207548.952;207548.952;207548.952;207548.952;207548.952;207548.952;207548.952;207548.952;207548.952;207548.952;207548.952;207548.952;207548.952;207548.952;207548.952;207548.952;207548.952;207548.952;207548.952;207548.952;207548.952;207548.952;207548.952;207548.952;207548.952;207548.952;207548.952;207548.952;207548.952;207548.952;207548.952;207548.952;207548.952;207548.952;207548.952;207548.952;207548.952;207548.952;207548.952;207548.952;207548.952;207548.952;207548.952;207548.952;207548.952;207548.952
BVNS,1,1000,15,7,120030,random,120030,208414.6017161247,210686.06054602243,2271.458829897747,True,349.05842596897855,97.22924555999998,-753.217 482.827;670.037 452.070;-727.606 -685.318;531.597 846.255;298.466 -474.613;654.136 -536.595;968.750 -242.398;-184.792 965.677;-351.396 -935.879;-385.300 507.374;-965.776 -63.768;64.476 457.138;-516.250 856.235;476.018 -879.240;-202.578 -60.837,nan;192300.802;200722.823;203305.525;206395.837;206628.931;207423.621;207500.157;207534.750;207550.228;207564.796;207586.846;207596.762;207599.761;207599.761;207599.761;207599.761;207599.761;207599.761;207599.761;207599.761;207599.761;207599.761;207599.761;207599.761;207599.761;207599.761;207599.761;207599.761;207599.761;207599.761;207599.761;207599.761;207599.761;207599.761;207599.761;207599.761;207599.761;207599.761;207599.761;207599.761;207893.992;207963.557;207998.944;208016.315;208023.875;208029.576;208032.941;208037.237;208037.237;208037.237;208037.237;208037.237;208037.237;208037.237;208037.247;208060.056;208064.783;208068.060;208068.097;208068.097;208068.097;208068.097;208068.097;208068.097;208068.097;208068.097;208068.097;208068.097;208068.097;208068.097;208068.097;208068.097;208068.097;208068.097;208068.097;208068.097;208068.097;208068.097;208068.097;208068.097;208068.097;208068.097;208068.097;208068.097;208068.097;208068.097;208068.097;208068.097;208068.097;208068.097;208068.097;208068.097;208068.097;208068.097;208068.097;208068.097;208068.097;208068.097;208068.097;208068.097;208068.097;208068.097;208068.097;208068.097;208068.097;208068.097;208068.097;208068.097;208068.097;208068.097;208068.097;208068.097;208068.097;208068.097;208068.097;208068.097;208068.097;208068.097;208068.097;208068.097;208068.097;208068.097;208152.817;208222.920;208235.499;208244.605;208251.963;208255.627;208266.923;208268.595;208268.595;208268.595;208268.595;208268.595;208268.595;208268.595;208268.595;208268.595;208268.595;208268.595;208268.595;208268.595;208268.595;208268.595;208268.595;208268.595;208268.595;208268.595;208268.595;208268.595;208268.595;208268.595;208268.595;208268.595;208268.595;208268.595;208268.595;208268.595;208268.595;208268.595;208268.595;208268.595;208268.595;208268.595;208268.595;208268.595;208268.595;208268.595;208268.595;208268.595;208268.595;208268.595;208268.595;208268.595;208268.595;208268.595;208268.595;208268.595;208268.595;208268.595;208268.595;208268.595;208268.595;208268.595;208268.595;208268.595;208268.595;208268.595;208268.595;208268.595;208268.595;208320.639;208376.435;208390.025;208400.018;208408.539;208412.697;208414.119;208414.602
BVNS,1,1000,15,15,120030,random,120030,208407.4113100899,210686.06054602243,2278.649235932535,True,320.0691624635179,99.32382643799974,823.611 557.315;87.466 36.144;251.967 411.982;743.095 -564.469;996.018 -80.515;-320.622 759.087;-682.331 475.481;-683.737 -495.240;-853.294 99.634;255.663 -503.294;-311.489 -950.000;742.307 137.372;395.384 870.829;560.684 -827.472;99.657 -934.375,nan;nan;nan;202006.776;202679.981;203096.342;203173.261;203209.741;203230.471;203248.955;203266.517;203294.052;203318.479;203327.060;203336.571;203338.118;203338.331;205735.526;206247.795;206963.796;207131.732;207472.839;207603.708;207651.041;207672.587;207684.757;207691.040;207699.436;207710.454;207722.563;207732.716;207737.549;207742.942;207747.715;207751.802;207758.487;207764.802;207769.128;207793.970;207794.169;207794.169;207794.169;207794.169;207794.169;207794.169;207794.169;207794.169;207794.169;207794.169;207794.169;207794.169;207794.169;207794.169;207794.169;207794.169;207794.169;207794.169;207794.169;207794.169;207794.169;207794.169;207794.169;207794.169;207800.040;207810.678;207812.265;207813.413;207814.195;207814.511;207814.511;207814.511;207814.511;207814.511;207814.511;207814.511;207814.511;207814.511;207814.511;207814.511;207814.511;207814.511;207814.511;207814.511;207814.511;207814.511;207814.511;207814.511;207814.511;207814.511;207814.511;207814.511;207814.511;207814.511;207814.511;207814.511;207814.511;207814.511;207814.511;207814.511;207814.511;207814.511;207814.511;207814.511;207814.511;207814.511;207814.511;207814.511;207814.511;207814.511;207814.511;207814.511;207814.511;207814.511;207814.511;207814.511;207814.511;207814.511;207814.511;207814.511;207814.511;207814.511;207814.511;207814.511;207814.511;207814.511;207814.511;207814.511;207814.511;207814.511;207814.511;207814.511;207814.511;207814.511;207814.511;207814.511;207814.511;207814.511;207814.511;207814.511;207814.511;207814.511;207814.511;207814.511;207814.511;207814.511;207814.511;207870.685;208118.292;208350.812;208356.067;208394.700;208401.745;208405.054;208407.411;208407.411;208407.411;208407.411;208407.411;208407.411;208407.411;208407.411;208407.411;208407.411;208407.411;208407.411;208407.411;208407.411;208407.411;208407.411;208407.411;208407.411;208407.411;208407.411;208407.411;208407.411;208407.411;208407.411;208407.411;208407.411;208407.411;208407.411;208407.411;208407.411;208407.411;208407.411;208407.411;208407.411;208407.411;208407.411;208407.411;208407.411;208407.411;208407.411;208407.411;208407.411;208407.411;208407.411;208407.411;208407.411;208407.411
BVNS,1,1000,15,23,120030,random,120030,208318.7106566091,210686.06054602243,2367.349889413337,True,317.4991068082722,97.66299602799972,-22.904 -123.308;-197.915 -472.143;-819.805 -483.779;-393.798 -183.766;-824.499 561.936;-26.310 676.665;320.800 -946.760;-394.408 -897.940;-29.465 -926.588;844.996 533.932;368.697 649.780;-951.562 -136.435;351.037 -357.505;-516.618 -578.033;998.327 12.899,nan;nan;nan;203113.695;203539.697;203959.083;204165.113;204299.367;204337.238;204369.463;204400.527;204405.509;204405.509;205548.590;206268.003;206456.649;206529.961;206544.765;206558.988;206577.089;206596.251;206600.536;206600.595;207408.512;207611.076;207856.206;208084.965;208092.627;208315.977;208318.555;208318.711;208318.711;208318.711;208318.711;208318.711;208318.711;208318.711;208318.711;208318.711;208318.711;208318.711;208318.711;208318.711;208318.711;208318.711;208318.711;208318.711;208318.711;208318.711;208318.711;208318.711;208318.711;208318.711;208318.711;208318.711;208318.711;208318.711;208318.711;208318.711;208318.711;208318.711;208318.711;208318.711;208318.711;208318.711;208318.711;208318.711;208318.711;208318.711;208318.711;208318.711;208318.711;208318.711;208318.711;208318.711;208318.711;208318.711;208318.711;208318.711;208318.711;208318.711;208318.711;208318.711;208318.711;208318.711;208318.711;208318.711;208318.711;208318.711;208318.711;208318.711;208318.711;208318.711;208318.711;208318.711;208318.711;208318.711;208318.711;208318.711;208318.711;208318.711;208318.711;208318.711;208318.711;208318.711;208318.711;208318.711;208318.711;208318.711;208318.711;208318.711;208318.711;208318.711;208318.711;208318.711;208318.711;208318.711;208318.711;208318.711;208318.711;208318.711;208318.711;208318.711;208318.711;208318.711;208318.711;208318.711;208318.711;208318.711;208318.711;208318.711;208318.711;208318.711;208318.711;208318.711;208318.711;208318.711;208318.711;208318.711;208318.711;208318.711;208318.711;208318.711;208318.711;208318.711;208318.711;208318.711;208318.711;208318.711;208318.711;208318.711;208318.711;208318.711;208318.711;208318.711;208318.711;208318.711;208318.711;208318.711;208318.711;208318.711;208318.711;208318.711;208318.711;208318.711;208318.711;208318.711;208318.711;208318.711;208318.711;208318.711;208318.711;208318.711;208318.711;208318.711;208318.711;208318.711;208318.711;208318.711;208318.711;208318.711;208318.711;208318.711;208318.711;208318.711;208318.711;208318.711;208318.711;208318.711;208318.711;208318.711;208318.711;208318.711;208318.711;208318.711;208318.711;208318.711;208318.711;208318.711;208318.711
SSA,1,1000,15,1,120030,random,120030,207840.9013093398,210686.06054602243,2845.159236682637,True,329.18007518008574,105.17890666800031,-525.732 -289.849;493.925 54.753;-530.634 847.601;-66.842 -398.203;-683.791 -717.285;-741.381 554.191;197.979 -943.246;-300.079 286.131;774.085 -544.602;957.290 -187.080;-300.683 -953.724;104.661 224.402;633.504 -246.432;348.651 562.731;132.926 904.736,nan;nan;nan;nan;nan;nan;nan;nan;nan;nan;nan;nan;nan;nan;nan;nan;nan;nan;nan;nan;nan;nan;nan;nan;nan;nan;nan;nan;nan;nan;nan;nan;nan;nan;nan;nan;nan;nan;nan;nan;nan;nan;nan;nan;nan;nan;nan;nan;nan;nan;nan;nan;nan;nan;nan;nan;nan;nan;nan;nan;nan;nan;nan;nan;nan;nan;nan;nan;nan;nan;nan;nan;nan;nan;nan;nan;nan;202146.193;202146.193;204329.694;204329.694;204329.694;204329.694;204508.700;205279.351;205279.351;205279.351;205279.351;205766.565;205766.565;205766.565;205766.565;205766.565;205959.327;205959.327;205959.327;206483.842;206995.722;206995.722;207353.442;207430.575;207430.575;207430.575;207587.733;207587.733;207587.733;207587.733;207587.733;207587.733;207587.733;207587.733;207587.733;207587.733;207587.733;207587.733;207587.733;207587.733;207632.270;207632.270;207632.270;207632.270;207632.270;207635.320;207667.328;207700.919;207700.919;207714.032;207719.924;207725.412;207736.065;207736.065;207737.180;207743.118;207761.654;207781.601;207788.039;207797.429;207801.525;207805.958;207813.642;207818.654;207820.213;207820.362;207822.350;207826.745;207831.830;207834.412;207834.583;207834.841;207835.520;207835.822;207836.220;207836.566;207837.126;207837.673;207838.235;207838.579;207838.707;207839.012;207839.297;207839.582;207839.689;207839.791;207839.909;207840.007;207840.151;207840.179;207840.186;207840.230;207840.310;207840.405;207840.453;207840.536;207840.613;207840.679;207840.717;207840.748;207840.784;207840.796;207840.806;207840.813;207840.826;207840.830;207840.854;207840.868;207840.876;207840.879;207840.884;207840.885;207840.889;207840.890;207840.891;207840.896;207840.897;207840.898;207840.898;207840.899;207840.900;207840.900;207840.901
SSA,1,1000,15,9,120030,random,120030,207862.29998966758,210686.06054602243,2823.760556354857,True,346.8999939478649,105.3724612850001,870.195 -415.815;37.399 873.169;-308.496 899.546;439.237 217.609;-766.778 278.469;726.899 686.745;-150.066 438.646;-585.926 651.564;255.681 -473.408;-951.013 -283.095;564.490 -194.119;-759.208 -650.848;-132.532 -604.534;275.784 579.290;-588.903 -256.041,nan;nan;nan;nan;nan;nan;nan;nan;nan;nan;nan;nan;nan;nan;nan;nan;nan;nan;nan;nan;nan;nan;nan;nan;nan;nan;nan;nan;nan;nan;nan;nan;nan;nan;nan;nan;nan;nan;nan;nan;nan;nan;nan;nan;nan;nan;nan;nan;nan;nan;nan;nan;nan;nan;nan;nan;nan;nan;nan;nan;nan;nan;nan;nan;nan;nan;nan;nan;nan;nan;nan;nan;nan;nan;nan;nan;nan;nan;nan;nan;nan;202720.389;202720.389;202720.389;202969.188;204418.135;204418.135;204418.135;205864.834;205864.834;205864.834;205864.834;205864.834;205864.834;205864.834;205864.834;206818.160;206967.970;206967.970;207062.202;207062.202;207062.202;207062.202;207062.202;207062.202;207096.706;207139.829;207183.444;207338.123;207357.003;207357.003;207576.792;207576.792;207576.792;207576.792;207612.475;207612.558;207612.558;207612.558;207612.558;207612.558;207614.551;207627.418;207671.534;207672.610;207673.191;207673.191;207677.527;207685.943;207727.055;207754.655;207759.640;207761.488;207761.488;207761.488;207762.912;207762.912;207764.090;207764.198;207769.280;207775.573;207781.986;207788.735;207799.533;207805.575;207811.368;207818.004;207822.595;207828.388;207833.812;207836.037;207839.334;207843.221;207851.927;207853.119;207853.855;207855.223;207855.943;207856.636;207857.096;207857.760;207858.382;207858.623;207859.234;207859.664;207859.927;207860.312;207860.569;207860.808;207861.119;207861.270;207861.416;207861.509;207861.584;207861.705;207861.821;207861.944;207861.944;207861.981;207861.999;207862.039;207862.081;207862.117;207862.154;207862.181;207862.200;207862.228;207862.247;207862.255;207862.255;207862.260;207862.264;207862.270;207862.274;207862.278;207862.284;207862.290;207862.295;207862.297;207862.300
SSA,1,1000,15,17,120030,random,120030,208165.0550841026,210686.06054602243,2521.00546191982,True,341.63505586492863,109.21508119099963,-868.010 -496.545;376.466 471.081;775.489 -364.629;-6.511 -739.556;-240.287 113.260;-670.922 70.813;233.670 60.662;24.875 752.495;-466.417 561.911;993.980 -101.996;373.193 -319.884;859.510 317.251;16.560 -245.945;523.519 -852.014;-466.570 -351.494,nan;nan;nan;nan;nan;nan;nan;nan;nan;nan;nan;nan;nan;nan;nan;nan;nan;nan;nan;nan;nan;nan;nan;nan;nan;nan;nan;nan;nan;nan;nan;nan;nan;nan;nan;nan;nan;nan;nan;nan;nan;nan;nan;nan;nan;nan;nan;nan;nan;nan;nan;nan;nan;nan;nan;nan;nan;nan;nan;nan;nan;nan;nan;nan;nan;nan;nan;nan;203321.037;203321.037;203321.037;203321.037;203321.037;203321.037;203321.037;203321.037;203321.037;203321.037;203321.037;203321.037;203321.037;203321.037;203321.037;203321.037;203568.458;203618.738;203886.716;203886.716;203886.716;203886.716;203886.716;205494.476;205494.476;206416.533;206677.517;206903.165;206903.165;206903.165;206964.201;206964.201;207811.510;207811.510;207811.510;207811.510;207907.518;207907.518;207969.467;207969.467;208018.362;208030.379;208030.967;208042.708;208042.708;208042.708;208042.708;208042.708;208042.708;208062.953;208062.953;208062.953;208062.953;208062.953;208062.953;208062.953;208062.953;208062.953;208062.953;208062.953;208062.953;208062.953;208062.953;208065.130;208066.730;208073.771;208088.137;208107.110;208116.345;208127.713;208138.566;208146.871;208147.923;208151.289;208155.923;208157.960;208158.297;208158.755;208159.396;208159.514;208159.758;208159.758;208160.620;208160.955;208161.713;208162.715;208162.866;208162.866;208162.866;208162.990;208163.551;208164.082;208164.276;208164.379;208164.441;208164.505;208164.505;208164.505;208164.531;208164.661;208164.750;208164.806;208164.831;208164.875;208164.886;208164.886;208164.891;208164.891;208164.899;208164.915;208164.930;208164.970;208164.970;208164.978;208164.989;208164.998;208165.004;208165.006;208165.012;208165.017;208165.027;208165.033;208165.035;208165.039;208165.041;208165.043;208165.045;208165.047;208165.052;208165.055;208165.055;208165.055
SSA,1,1000,15,25,120030,random,120030,205452.42958482206,210686.06054602243,5233.630961200368,True,316.53243173031933,110.76882449500044,-698.203 4.960;-933.083 -344.136;273.088 511.159;-406.692 273.502;264.080 -87.660;477.320 214.708;-666.463 693.579;734.014 -517.072;-60.466 491.419;-85.359 -28.414;335.708 941.966;835.346 100.763;217.859 -605.435;-509.177 -442.939;-192.698 -326.191,nan;nan;nan;nan;nan;nan;nan;nan;nan;nan;nan;nan;nan;nan;nan;nan;nan;nan;nan;nan;nan;nan;nan;nan;nan;nan;nan;nan;nan;nan;nan;nan;nan;nan;nan;nan;nan;nan;nan;nan;nan;nan;nan;nan;nan;nan;nan;nan;nan;nan;nan;nan;nan;nan;nan;nan;nan;nan;nan;nan;nan;nan;nan;nan;nan;nan;nan;nan;nan;nan;nan;nan;nan;nan;nan;nan;nan;nan;nan;nan;nan;nan;201239.456;202466.371;202466.371;202466.371;202466.371;202466.371;202466.371;202466.371;202466.371;203868.281;203868.281;203868.281;204049.420;204063.707;204063.707;204175.753;204377.958;204377.958;204439.069;204625.107;204973.793;204973.793;204973.793;204973.793;204973.793;204973.793;204973.793;204973.793;204973.793;204973.793;205070.182;205070.182;205130.436;205177.766;205192.650;205202.761;205202.761;205202.761;205202.761;205202.761;205205.000;205215.629;205219.247;205219.247;205249.877;205301.705;205335.425;205353.438;205353.438;205361.456;205361.600;205367.492;205368.347;205371.129;205375.636;205383.654;205389.619;205397.086;205406.386;205410.727;205414.310;205422.804;205424.327;205427.489;205429.813;205435.367;205438.606;205440.417;205440.697;205442.453;205444.199;205447.416;205448.050;205448.395;205448.639;205448.868;205449.773;205449.952;205450.398;205450.655;205450.891;205451.059;205451.304;205451.526;205451.566;205451.649;205451.649;205451.722;205451.869;205452.010;205452.026;205452.026;205452.043;205452.050;205452.128;205452.147;205452.152;205452.203;205452.243;205452.287;205452.295;205452.317;205452.334;205452.344;205452.356;205452.368;205452.377;205452.380;205452.389;205452.393;205452.402;205452.408;205452.415;205452.419;205452.426;205452.429;205452.429;205452.430
LXSSA,1,1000,15,3,120030,random,120030,205344.72947644818,210686.06054602243,5341.331069574255,True,317.8463618058593,107.76886120900053,-866.457 493.482;492.196 -708.386;-347.211 467.618;-304.229 -282.108;-873.574 -424.893;-542.441 -546.638;352.097 475.267;751.056 339.951;290.851 -451.746;-139.455 -625.997;69.241 306.229;48.825 -167.903;-172.778 100.189;576.779 728.337;116.848 820.565,nan;nan;nan;nan;nan;nan;nan;nan;nan;nan;nan;nan;nan;nan;nan;nan;nan;nan;nan;nan;nan;nan;nan;nan;nan;nan;nan;nan;202959.615;202959.615;202959.615;202959.615;202959.615;202959.615;202959.615;202959.615;202959.615;202959.615;202959.615;203044.226;203044.226;203044.226;203044.226;203044.226;203044.226;203044.226;203156.702;203156.702;203156.702;203156.702;203156.702;203157.085;203157.085;203157.085;203157.461;203157.461;203157.461;203157.461;203157.461;203157.461;203157.461;203228.870;203228.870;203228.870;203228.870;203256.710;203272.789;203272.789;203272.789;203371.739;203921.115;203921.115;204035.524;204035.524;204142.927;204142.927;204184.537;204313.115;204313.115;204313.115;204332.719;204354.128;204399.071;204399.071;204425.335;204425.335;204464.143;204464.399;204464.399;204464.399;204464.399;204464.399;204464.399;204487.286;204487.286;204487.286;204487.286;204524.581;204540.123;204542.905;204545.538;204553.065;204883.397;204988.283;204994.473;205000.988;205001.074;205004.365;205056.233;205056.695;205057.594;205068.388;205083.720;205087.160;205091.335;205096.656;205101.313;205108.376;205111.417;205119.984;205121.634;205123.309;205123.364;205123.464;205125.574;205134.445;205134.518;205138.008;205140.941;205155.047;205160.755;205165.038;205172.414;205177.787;205193.843;205199.625;205207.207;205210.960;205220.603;205227.002;205227.962;205228.306;205229.181;205231.772;205236.520;205242.030;205247.859;205264.725;205265.360;205270.599;205275.008;205277.825;205280.952;205284.097;205287.505;205291.949;205294.849;205298.547;205300.738;205302.112;205303.202;205304.191;205304.725;205322.437;205323.328;205323.702;205325.031;205325.974;205328.081;205328.526;205329.083;205329.497;205329.924;205330.419;205330.661;205331.032;205331.481;205331.827;205333.607;205334.215;205335.148;205335.769;205336.048;205336.166;205336.493;205336.655;205337.483;205340.734;205341.428;205342.234;205342.633;205342.838;205343.453;205343.536;205344.315;205344.461;205344.637;205344.665;205344.715;205344.729
LXSSA,1,1000,15,11,120030,random,120030,206432.9434131766,210686.06054602243,4253.1171328458295,True,313.1947554931607,108.69589789099973,220.821 331.766;-697.929 716.167;-529.764 -254.367;-215.860 87.757;536.479 -84.544;-395.341 -537.247;710.945 -696.262;-210.056 -817.722;-581.338 -813.662;-334.653 415.766;972.519 107.913;-740.864 322.542;526.935 828.482;13.145 920.150;-9.426 -283.237,nan;nan;nan;nan;nan;nan;nan;nan;nan;nan;nan;nan;nan;nan;nan;nan;nan;nan;nan;nan;nan;nan;nan;nan;nan;nan;nan;nan;nan;nan;nan;nan;nan;nan;nan;nan;197423.328;197479.009;197479.009;197804.165;197804.165;197804.165;199215.050;199215.050;199215.050;199215.050;199215.050;199215.050;199215.050;199215.050;199215.050;199215.050;199215.050;199215.050;199215.050;199215.050;199215.050;199215.050;199215.050;199215.050;199215.050;199215.050;199215.050;199215.050;199215.050;199215.050;199215.050;199215.050;199216.943;200933.716;204462.286;204472.267;204472.267;204472.267;204472.267;204473.226;204473.226;204529.702;204710.594;204710.594;205229.564;205502.602;205609.282;205615.425;205639.252;205641.404;205772.300;205973.501;205973.501;205973.501;205976.924;206052.935;206121.749;206121.914;206121.914;206121.914;206121.914;206128.483;206313.686;206336.555;206337.277;206337.277;206339.523;206366.945;206371.982;206372.066;206372.339;206374.751;206375.693;206376.228;206376.228;206389.683;206389.928;206390.362;206390.362;206390.595;206395.654;206396.903;206397.880;206398.024;206398.047;206398.047;206401.887;206405.367;206405.411;206407.399;206407.472;206408.532;206412.459;206412.827;206413.490;206413.491;206413.517;206413.517;206413.957;206413.957;206414.013;206414.158;206414.274;206415.824;206420.314;206424.149;206425.222;206427.680;206427.828;206428.093;206428.498;206428.611;206429.018;206429.573;206429.874;206430.022;206430.748;206431.441;206432.091;206432.091;206432.135;206432.157;206432.186;206432.195;206432.196;206432.196;206432.206;206432.208;206432.214;206432.221;206432.324;206432.373;206432.472;206432.516;206432.567;206432.603;206432.708;206432.744;206432.745;206432.769;206432.782;206432.784;206432.784;206432.786;206432.812;206432.818;206432.865;206432.871;206432.877;206432.893;206432.908;206432.915;206432.918;206432.922;206432.927;206432.932;206432.937;206432.937;206432.938;206432.939;206432.939;206432.941;206432.942;206432.943
LXSSA,1,1000,15,19,120030,random,120030,205017.61187159378,210686.06054602243,5668.448674428655,True,311.68725272841385,105.9544253289996,-957.181 -199.667;-250.103 860.040;-750.272 262.323;524.920 -112.065;363.608 295.055;-303.172 180.721;-108.531 556.750;115.715 -704.721;-347.789 -358.750;3.502 236.398;875.402 392.692;-140.598 -931.137;409.257 815.951;627.006 -779.012;-590.400 -65.595,nan;nan;nan;nan;nan;nan;nan;nan;nan;nan;nan;nan;nan;201410.345;201410.345;201410.345;201410.345;201410.345;201410.345;201410.345;201890.057;201890.057;201890.057;201890.057;201890.057;201890.057;201890.057;201890.057;201890.057;201890.057;202563.880;202563.880;202563.880;202563.880;202563.880;202563.880;202563.880;202563.880;202563.880;202563.880;202563.880;202563.880;202669.285;202669.285;202669.285;202669.285;202675.188;202675.188;202675.188;202675.188;202675.188;202675.188;202675.188;202675.188;202675.188;202675.188;202675.188;202675.188;202675.188;202675.566;203218.932;203422.027;203422.027;203422.027;203422.027;203422.027;203422.027;203688.688;203744.763;203744.763;203745.631;203796.712;203796.712;203796.712;203796.712;203796.712;203796.712;203796.712;203796.712;203796.712;203796.712;203796.712;203796.798;204038.846;204051.477;204051.477;204051.477;204146.823;204349.521;204367.811;204370.952;204436.288;204436.683;204436.721;204436.721;204437.807;204443.093;204444.320;204446.169;204446.569;204450.138;204455.696;204456.669;204458.988;204462.985;204507.692;204508.699;204508.699;204510.927;204510.927;204511.570;204511.589;204512.366;204512.379;204514.313;204519.378;204523.621;204535.093;204538.697;204549.223;204598.701;204632.944;204659.277;204768.806;204768.806;204783.232;204789.628;204801.617;204805.032;204812.830;204818.796;204822.839;204847.659;204863.837;204885.055;204911.514;204935.359;204950.700;204963.797;204967.470;204978.651;204988.718;204992.595;204994.488;204994.937;205002.171;205005.541;205006.707;205006.838;205008.166;205009.802;205010.171;205010.251;205010.748;205010.761;205010.770;205010.775;205010.813;205010.870;205011.272;205011.569;205012.236;205012.686;205013.227;205013.371;205013.535;205013.580;205013.899;205013.991;205014.271;205014.623;205014.678;205014.869;205014.913;205014.940;205014.994;205015.176;205015.327;205015.701;205016.027;205016.537;205016.743;205016.805;205016.927;205017.007;205017.066;205017.196;205017.243;205017.296;205017.366;205017.447;205017.468;205017.476;205017.488;205017.495;205017.506;205017.514;205017.521;205017.578;205017.612
LXSSA,1,1000,15,27,120030,random,120030,205392.24469199774,210686.06054602243,5293.815854024695,True,308.0003106203196,106.4650976769999,257.530 243.679;-114.810 -46.702;-91.096 418.018;695.301 -631.657;-854.873 -206.897;-141.126 -458.429;854.329 -61.960;279.873 960.037;-332.285 716.085;1.579 828.064;571.995 138.826;260.177 -704.060;-466.935 -151.505;392.219 629.305;-523.208 -755.585,nan;nan;nan;nan;nan;nan;nan;nan;nan;nan;nan;nan;nan;nan;nan;nan;nan;nan;nan;nan;nan;nan;nan;nan;nan;nan;nan;nan;nan;nan;nan;nan;nan;nan;nan;nan;nan;nan;nan;nan;nan;nan;nan;nan;nan;nan;nan;nan;nan;198228.720;198228.720;198228.720;198228.720;198228.720;198228.720;198228.720;198228.720;198228.720;198228.720;198228.720;198228.720;198228.720;198228.720;198228.720;198228.720;198228.720;198228.720;198228.720;198228.720;198254.865;198255.003;198672.488;199734.256;199734.256;199734.256;199734.256;199734.256;200217.206;200217.206;200217.240;200217.240;200217.240;200217.240;200224.091;200224.091;200252.601;200252.677;200637.057;200637.057;200644.343;200644.343;200673.172;201845.546;202503.542;203256.173;203349.630;204137.412;204572.333;204664.602;204665.468;204666.155;204691.401;204698.029;204727.656;204767.373;204863.666;204867.102;204906.677;204907.917;204911.575;204911.575;204919.048;205184.525;205230.833;205231.952;205236.080;205236.700;205284.626;205298.581;205309.012;205322.789;205323.886;205324.701;205324.882;205328.239;205328.603;205336.466;205340.473;205340.740;205342.561;205342.726;205342.844;205343.481;205348.930;205349.480;205350.030;205350.498;205350.955;205352.162;205354.136;205355.292;205359.576;205360.075;205360.506;205360.955;205361.382;205362.222;205364.649;205370.287;205373.971;205377.790;205380.243;205381.987;205382.452;205382.468;205382.508;205383.115;205383.504;205383.542;205384.093;205385.228;205386.048;205386.722;205387.431;205388.085;205388.687;205389.504;205390.311;205390.596;205390.849;205391.023;205391.070;205391.119;205391.293;205391.387;205391.414;205391.419;205391.420;205391.501;205391.586;205391.667;205391.864;205391.965;205392.041;205392.091;205392.100;205392.110;205392.132;205392.142;205392.155;205392.177;205392.190;205392.209;205392.212;205392.214;205392.217;205392.227;205392.234;205392.241;205392.245
PSOC,1,1000,15,5,120030,random,120030,208872.28791859618,210686.06054602243,1813.7726274262532,True,338.770712680372,107.95935852799994,767.285 34.629;65.187 161.226;-469.336 580.950;-660.716 65.504;-58.223 564.605;-998.926 46.022;250.314 -537.816;-833.038 -335.358;-205.624 970.957;903.313 -428.974;-81.413 -996.678;530.370 -847.766;402.772 915.301;-842.654 521.504;557.098 517.527,nan;nan;202872.812;204609.576;206559.758;206649.419;206784.676;206868.675;206878.864;206909.428;206925.689;208106.468;208211.272;208462.823;208470.723;208492.673;208518.205;208535.420;208541.469;208546.582;208582.940;208591.969;208601.903;208633.096;208637.021;208637.325;208638.733;208643.174;208648.124;208649.272;208651.335;208653.449;208845.565;208849.237;208850.388;208850.994;208852.117;208852.574;208852.827;208852.999;208854.015;208854.085;208854.420;208854.529;208854.841;208854.861;208854.935;208854.945;208854.973;208854.988;208855.047;208855.060;208855.072;208855.131;208855.150;208855.192;208855.432;208855.852;208855.868;208855.876;208855.891;208855.907;208855.928;208855.981;208856.021;208856.224;208856.498;208856.570;208856.789;208858.727;208859.223;208859.412;208859.502;208859.586;208859.610;208859.626;208859.723;208859.770;208859.810;208859.840;208859.861;208859.879;208859.897;208859.913;208859.930;208859.940;208859.943;208859.944;208859.956;208859.965;208859.986;208859.996;208860.468;208865.522;208865.628;208865.788;208866.505;208866.537;208866.595;208866.613;208866.626;208866.632;208866.636;208866.637;208866.644;208866.645;208866.653;208868.878;208868.913;208868.919;208868.920;208868.921;208868.921;208868.923;208868.924;208868.930;208868.931;208868.932;208868.934;208868.935;208868.940;208868.949;208868.951;208868.956;208868.958;208868.960;208868.961;208868.961;208868.962;208868.964;208868.964;208868.965;208868.965;208868.965;208868.965;208868.965;208868.965;208868.965;208868.977;208869.044;208869.363;208870.025;208870.078;208870.150;208870.153;208870.161;208870.168;208870.174;208870.181;208870.184;208870.191;208870.201;208870.203;208870.204;208870.400;208870.608;208871.198;208871.621;208871.798;208871.834;208871.844;208871.868;208871.930;208872.064;208872.184;208872.225;208872.230;208872.231;208872.237;208872.238;208872.239;208872.239;208872.239;208872.251;208872.258;208872.269;208872.275;208872.279;208872.282;208872.283;208872.285;208872.286;208872.286;208872.286;208872.287;208872.287;208872.287;208872.287;208872.287;208872.287;208872.287;208872.287;208872.287;208872.287;208872.288;208872.288;208872.288;208872.288;208872.288;208872.288
PSOC,1,1000,15,13,120030,random,120030,208305.60597329415,210686.06054602243,2380.454572728282,True,312.7164016758587,106.60384154100029,240.934 -970.539;-13.907 999.903;-22.732 -111.900;258.340 25.178;-650.076 -745.354;-232.029 688.691;-967.427 253.148;616.052 638.830;594.610 -804.014;-78.459 -996.917;825.627 -121.040;413.752 -438.059;899.027 437.892;-791.138 -257.435;-254.872 -486.494,nan;nan;202939.453;205890.500;206689.221;207180.402;207345.777;207732.058;207834.044;207837.795;207851.182;207870.696;207878.572;207881.994;207886.409;207902.263;207907.866;207920.013;207928.709;207936.655;207947.583;207960.148;208119.993;208123.562;208134.948;208139.094;208146.938;208176.765;208181.513;208181.915;208182.103;208194.672;208199.551;208204.258;208225.342;208240.222;208244.378;208245.038;208246.500;208246.832;208247.337;208247.711;208247.951;208248.474;208248.911;208249.070;208249.120;208249.416;208249.524;208249.879;208250.168;208250.509;208250.608;208250.696;208251.588;208254.368;208254.798;208259.240;208292.832;208293.847;208296.459;208298.485;208299.627;208300.185;208300.455;208301.042;208302.086;208302.325;208302.478;208302.929;208303.296;208303.499;208303.588;208303.714;208303.815;208303.939;208304.015;208304.107;208304.163;208304.201;208304.215;208304.249;208304.265;208304.325;208304.355;208304.398;208304.423;208304.458;208304.512;208304.540;208304.574;208304.580;208304.602;208304.694;208304.711;208304.714;208304.746;208304.768;208304.797;208304.820;208304.829;208304.870;208304.876;208304.881;208304.888;208304.898;208304.898;208304.903;208304.904;208304.906;208305.012;208305.046;208305.056;208305.062;208305.067;208305.070;208305.074;208305.075;208305.076;208305.078;208305.080;208305.082;208305.083;208305.084;208305.085;208305.085;208305.086;208305.086;208305.087;208305.088;208305.091;208305.127;208305.175;208305.426;208305.578;208305.584;208305.589;208305.591;208305.594;208305.595;208305.597;208305.599;208305.599;208305.599;208305.600;208305.600;208305.600;208305.601;208305.601;208305.601;208305.601;208305.601;208305.601;208305.601;208305.601;208305.601;208305.601;208305.602;208305.602;208305.602;208305.604;208305.605;208305.605;208305.606;208305.606;208305.606;208305.606;208305.606;208305.606;208305.606;208305.606;208305.606;208305.606;208305.606;208305.606;208305.606;208305.606;208305.606;208305.606;208305.606;208305.606;208305.606;208305.606;208305.606;208305.606;208305.606;208305.606;208305.606;208305.606;208305.606;208305.606;208305.606;208305.606;208305.606;208305.606;208305.606;208305.606;208305.606;208305.606;208305.606
PSOC,1,1000,15,21,120030,random,120030,208348.33268428358,210686.06054602243,2337.727861738851,True,311.34623052451724,106.57707881999977,-480.604 876.932;-244.364 -969.681;263.838 964.566;503.254 26.354;-959.485 -279.041;150.975 611.918;998.482 54.635;-604.636 -796.472;493.851 -829.236;861.828 -411.947;-159.656 590.834;-740.479 582.254;142.775 -601.248;-450.689 -461.041;-162.777 -152.188,nan;nan;nan;200184.810;203187.121;204863.493;205448.683;206038.417;206272.218;206609.434;206774.994;207413.478;207664.831;207879.339;207960.944;207964.439;207972.174;208004.801;208026.445;208032.739;208069.965;208110.142;208149.179;208159.500;208164.755;208164.979;208166.713;208168.370;208171.064;208174.834;208175.554;208176.615;208191.581;208192.424;208192.904;208202.117;208203.187;208205.365;208205.833;208205.999;208206.426;208207.490;208209.110;208209.492;208210.114;208223.611;208226.334;208230.237;208232.777;208232.978;208233.258;208233.726;208233.753;208234.839;208236.068;208236.497;208236.809;208237.137;208237.400;208237.569;208237.673;208237.782;208237.953;208238.193;208238.600;208239.828;208244.308;208244.626;208244.872;208245.026;208245.137;208245.360;208245.423;208245.520;208245.577;208245.722;208245.933;208246.114;208246.174;208246.197;208246.244;208246.844;208246.928;208246.935;208247.073;208247.534;208247.559;208247.942;208248.034;208248.095;208248.108;208248.192;208248.218;208248.254;208248.271;208248.287;208248.308;208248.344;208248.365;208248.393;208248.416;208248.431;208248.459;208248.469;208248.473;208248.483;208248.494;208248.495;208248.512;208248.515;208248.557;208248.557;208248.564;208248.570;208248.577;208248.578;208248.580;208248.582;208248.582;208248.587;208248.598;208274.069;208275.579;208275.622;208275.640;208275.752;208279.935;208280.255;208281.057;208281.243;208287.494;208288.324;208288.646;208304.779;208307.352;208307.984;208315.691;208316.573;208317.437;208317.977;208318.075;208318.279;208318.288;208318.528;208318.597;208318.714;208318.784;208319.575;208319.754;208319.855;208320.171;208320.265;208320.499;208320.811;208321.374;208321.559;208321.746;208323.197;208331.204;208331.499;208332.747;208333.875;208334.795;208335.943;208336.146;208336.358;208336.494;208336.619;208336.885;208337.229;208337.412;208337.495;208337.605;208337.652;208337.858;208338.054;208338.183;208338.254;208346.512;208346.641;208346.821;208346.965;208347.069;208347.268;208347.463;208347.703;208347.796;208347.820;208347.866;208347.909;208347.947;208347.987;208348.010;208348.030;208348.040;208348.087;208348.117;208348.164;208348.290;208348.333
PSOC,1,1000,15,29,120030,random,120030,208193.1127206509,210686.06054602243,2492.9478253715206,True,360.04160885549163,105.78608211200026,-248.492 364.685;472.248 -55.057;-97.363 -995.249;889.322 449.247;-416.662 -253.150;100.874 -242.084;641.594 -549.771;-38.473 999.259;88.604 662.389;-964.930 68.140;-659.471 642.710;-236.589 -634.316;257.322 243.047;-645.995 -675.237;242.668 -726.760,nan;nan;199902.266;205268.305;205902.305;206623.719;207063.607;207590.401;207674.265;207761.158;207770.059;207804.110;207936.162;207964.088;207975.283;207986.731;208000.734;208015.208;208022.805;208038.089;208058.125;208074.300;208085.638;208087.007;208087.591;208096.411;208101.188;208103.049;208105.589;208107.472;208108.781;208110.080;208111.829;208112.989;208114.489;208114.697;208116.410;208116.540;208116.789;208116.910;208117.771;208118.510;208119.405;208119.918;208128.841;208131.057;208131.450;208155.798;208155.952;208156.202;208156.346;208156.471;208156.621;208157.648;208159.020;208159.498;208160.287;208161.337;208161.704;208162.894;208164.831;208165.239;208165.598;208165.887;208170.083;208171.575;208188.506;208188.914;208189.504;208190.077;208190.490;208190.580;208190.608;208190.635;208190.683;208190.712;208190.722;208190.775;208190.875;208190.901;208190.924;208190.936;208190.950;208190.963;208190.998;208191.016;208191.039;208191.092;208191.113;208191.136;208191.156;208191.198;208191.251;208191.358;208191.359;208191.362;208191.366;208191.379;208191.390;208191.392;208191.395;208191.405;208191.407;208191.411;208191.412;208191.413;208191.414;208191.416;208191.418;208191.419;208191.434;208191.439;208191.445;208191.456;208191.458;208191.460;208191.461;208191.462;208191.463;208191.463;208191.463;208191.464;208191.477;208191.480;208191.484;208191.485;208191.486;208191.487;208191.488;208191.489;208191.491;208191.492;208191.492;208191.500;208191.586;208191.602;208191.658;208191.662;208191.663;208191.666;208191.667;208191.670;208191.698;208191.707;208191.713;208191.787;208191.871;208191.963;208191.972;208192.075;208192.604;208192.695;208192.719;208192.729;208192.735;208192.736;208192.737;208192.737;208192.742;208192.745;208192.746;208192.755;208192.775;208192.949;208193.048;208193.052;208193.055;208193.060;208193.062;208193.064;208193.069;208193.077;208193.079;208193.082;208193.086;208193.086;208193.090;208193.092;208193.092;208193.095;208193.102;208193.103;208193.104;208193.104;208193.105;208193.106;208193.106;208193.110;208193.110;208193.111;208193.111;208193.112;208193.112;208193.112;208193.112;208193.112;208193.112;208193.112;208193.113;208193.113
DE,1,1000,15,7,120030,random,120030,208390.77062114875,210686.06054602243,2295.2899248736794,True,341.4382706625508,135.80391762199997,-141.673 981.726;-140.390 -877.595;-751.587 -378.587;-282.524 -491.444;954.880 -296.989;301.705 -953.401;-143.279 -62.700;504.747 -213.388;669.989 -662.071;646.643 762.793;-876.275 481.811;334.612 318.647;-563.945 -810.687;55.790 703.179;-528.833 500.773,nan;nan;nan;nan;nan;nan;nan;nan;nan;nan;nan;nan;nan;nan;nan;nan;nan;nan;nan;nan;nan;nan;nan;nan;nan;nan;nan;nan;nan;nan;nan;nan;nan;201038.823;204378.726;204378.726;204378.726;204378.726;205727.462;205727.462;205727.462;205769.376;205796.549;206248.436;206643.213;206708.673;206804.073;206954.938;207113.405;207395.943;207505.114;207556.665;207759.392;207871.090;208010.962;208056.594;208083.964;208105.333;208111.580;208123.210;208144.810;208175.913;208181.294;208213.515;208226.296;208226.296;208234.832;208246.135;208267.443;208275.138;208275.138;208284.102;208290.331;208303.284;208306.809;208310.556;208317.201;208327.456;208330.245;208331.778;208333.274;208335.527;208338.259;208357.421;208359.197;208362.052;208365.009;208366.286;208368.111;208369.515;208370.615;208372.370;208373.821;208374.507;208374.961;208375.768;208376.126;208376.858;208377.070;208377.919;208378.971;208379.455;208380.123;208380.795;208381.142;208381.707;208382.885;208383.873;208384.541;208384.733;208385.247;208386.022;208386.475;208386.968;208387.153;208387.482;208387.759;208388.051;208388.237;208388.532;208388.662;208388.906;208389.114;208389.304;208389.401;208389.588;208389.645;208389.778;208389.805;208389.912;208389.966;208390.046;208390.128;208390.172;208390.197;208390.244;208390.285;208390.331;208390.356;208390.364;208390.378;208390.411;208390.424;208390.442;208390.466;208390.488;208390.500;208390.508;208390.527;208390.540;208390.558;208390.570;208390.578;208390.593;208390.607;208390.613;208390.617;208390.626;208390.633;208390.640;208390.644;208390.655;208390.658;208390.661;208390.664;208390.665;208390.667;208390.668;208390.672;208390.676;208390.679;208390.681;208390.683;208390.684;208390.687;208390.693;208390.701;208390.711;208390.719;208390.727;208390.731;208390.735;208390.739;208390.744;208390.750;208390.754;208390.757;208390.759;208390.760;208390.762;208390.762;208390.763;208390.765;208390.766;208390.767;208390.767;208390.768;208390.769;208390.769;208390.771
DE,1,1000,15,15,120030,random,120030,208949.63045981532,210686.06054602243,1736.4300862071104,True,361.00086659077505,141.54319836299965,132.845 358.694;770.699 476.721;-775.731 -631.045;322.578 946.541;-796.810 430.370;-989.241 -145.975;-423.551 868.286;-221.551 289.954;561.716 87.244;-188.649 -982.042;125.860 -780.228;775.366 -552.838;299.894 -235.830;967.872 -109.304;-38.527 928.346,nan;nan;nan;nan;nan;nan;nan;nan;nan;nan;nan;nan;nan;nan;nan;nan;nan;nan;nan;nan;nan;nan;nan;nan;nan;nan;nan;nan;nan;nan;nan;nan;nan;nan;nan;nan;nan;nan;nan;nan;nan;nan;nan;nan;nan;nan;nan;nan;nan;nan;203505.525;203505.525;203505.525;203505.525;203505.525;205341.697;205341.697;206941.629;207592.607;207886.018;208004.345;208178.334;208194.309;208271.231;208375.244;208523.098;208572.426;208645.585;208704.602;208722.738;208742.741;208758.611;208786.583;208813.153;208832.950;208840.755;208853.520;208861.024;208864.670;208869.627;208882.927;208884.873;208887.943;208890.004;208893.559;208895.156;208896.523;208897.559;208898.512;208899.274;208899.493;208900.296;208900.866;208901.526;208901.815;208902.305;208902.525;208902.794;208903.052;208903.399;208903.922;208904.330;208904.875;208905.266;208905.832;208906.305;208906.756;208907.065;208926.886;208927.437;208927.875;208928.184;208928.595;208929.070;208932.491;208932.902;208933.681;208934.109;208935.029;208935.604;208935.887;208936.260;208936.871;208937.227;208937.523;208937.751;208942.195;208942.577;208942.838;208943.057;208943.244;208943.506;208943.613;208943.744;208943.888;208944.016;208944.156;208944.261;208944.414;208944.626;208944.886;208945.067;208945.261;208945.382;208945.413;208945.573;208945.642;208945.723;208945.861;208945.946;208946.048;208946.181;208946.259;208946.334;208946.395;208946.481;208946.589;208946.809;208946.854;208947.120;208947.316;208947.437;208947.587;208947.693;208947.959;208948.090;208948.359;208948.476;208948.595;208948.671;208948.763;208948.806;208948.842;208948.857;208948.886;208948.924;208948.968;208949.023;208949.054;208949.086;208949.098;208949.126;208949.171;208949.189;208949.241;208949.246;208949.258;208949.290;208949.343;208949.388;208949.418;208949.470;208949.491;208949.528;208949.545;208949.568;208949.591;208949.600;208949.620;208949.629
DE,1,1000,15,23,120030,random,120030,208468.33389794294,210686.06054602243,2217.7266480794933,True,347.6927058795453,276.1222656539994,-378.656 -391.556;-818.599 379.732;485.175 -870.742;-155.046 -657.806;-821.222 -438.958;107.986 -989.421;290.981 -435.582;823.241 -567.629;306.582 528.536;496.298 93.280;-91.197 797.566;-518.049 48.113;-510.981 859.573;843.553 536.870;121.948 110.812,nan;nan;nan;nan;nan;nan;nan;nan;nan;nan;nan;nan;nan;nan;nan;nan;nan;nan;nan;nan;nan;nan;nan;nan;nan;nan;nan;nan;nan;nan;nan;nan;nan;nan;nan;nan;nan;nan;nan;nan;nan;nan;nan;nan;nan;nan;nan;nan;nan;nan;nan;nan;nan;nan;nan;nan;nan;nan;199150.991;199150.991;201884.768;201884.768;202085.615;203301.251;203301.251;203561.121;203561.121;204319.237;204319.237;204319.237;205750.071;205750.071;205750.071;205918.297;206182.329;206182.329;206326.793;206492.595;206784.436;207182.695;207309.324;207608.586;207846.203;207944.891;207994.441;208117.504;208158.505;208158.505;208192.178;208195.890;208228.070;208230.496;208248.893;208253.807;208266.037;208279.827;208289.979;208300.685;208318.992;208345.776;208348.756;208356.724;208362.463;208367.326;208400.430;208407.062;208410.927;208415.552;208417.259;208420.734;208423.516;208425.218;208426.744;208430.513;208431.152;208433.723;208435.390;208438.041;208438.822;208440.199;208447.721;208448.598;208449.910;208450.577;208451.696;208452.446;208453.032;208453.567;208453.990;208454.775;208455.639;208456.348;208456.795;208457.264;208457.821;208458.400;208458.745;208459.148;208459.327;208459.824;208460.095;208460.537;208461.075;208461.321;208461.745;208462.178;208462.714;208463.331;208463.681;208463.966;208464.195;208464.469;208464.625;208464.798;208464.945;208465.022;208465.204;208465.322;208465.384;208465.459;208465.590;208465.678;208465.748;208465.810;208465.910;208466.075;208466.157;208466.239;208466.272;208466.357;208466.398;208466.487;208466.559;208466.626;208466.674;208466.717;208466.807;208466.862;208466.899;208466.938;208466.977;208467.010;208467.049;208467.092;208467.168;208467.252;208467.374;208467.453;208467.563;208467.638;208467.714;208467.800;208467.927;208468.008;208468.080;208468.120;208468.159;208468.191;208468.272;208468.334
SLSQP,1,1000,15,1,120030,random,120030,206944.59192637,210686.06054602243,3741.4686196524417,True,315.00884968795407,390.18094622399985,-47.609 691.360;-52.662 -278.075;-625.687 -735.233;570.873 -263.259;836.791 -484.882;-336.408 49.611;630.062 302.007;-766.056 -371.673;165.692 -7.423;309.747 -454.660;-962.347 43.470;159.915 -980.020;323.187 502.799;-183.932 975.343;-162.586 -966.378,205013.227;205812.912;205819.807;206004.609;206004.609;206004.609;206004.609;206180.166;206180.166;206180.166;206185.438;206208.408;206239.034;206239.034;206239.034;206239.034;206239.034;206239.034;206239.034;206239.034;206239.034;206239.034;206239.034;206239.034;206239.034;206239.034;206239.034;206582.152;206707.586;206711.368;206712.342;206714.944;206755.802;206758.378;206872.211;206872.515;206872.586;206872.586;206872.586;206872.586;206872.586;206872.586;206872.586;206872.586;206872.586;206872.586;206872.586;206872.586;206872.586;206872.586;206872.586;206872.586;206872.586;206872.586;206872.586;206872.586;206872.586;206872.586;206872.586;206872.586;206872.586;206872.586;206872.586;206872.586;206872.586;206872.586;206872.586;206872.586;206872.586;206872.586;206872.586;206872.586;206872.586;206872.586;206872.586;206872.586;206872.586;206872.586;206872.586;206872.586;206872.586;206872.586;206872.586;206872.586;206872.586;206872.586;206872.586;206872.586;206872.586;206872.586;206872.586;206872.586;206872.586;206872.586;206872.586;206872.586;206872.586;206872.586;206872.586;206872.586;206872.586;206872.586;206872.586;206872.586;206872.586;206872.586;206872.586;206872.586;206872.586;206872.586;206872.586;206872.586;206872.586;206872.586;206872.586;206872.586;206872.586;206872.586;206872.586;206872.586;206872.586;206872.586;206872.586;206903.482;206922.051;206924.032;206924.032;206924.141;206924.142;206944.592;206944.592;206944.592;206944.592;206944.592;206944.592;206944.592;206944.592;206944.592;206944.592;206944.592;206944.592;206944.592;206944.592;206944.592;206944.592;206944.592;206944.592;206944.592;206944.592;206944.592;206944.592;206944.592;206944.592;206944.592;206944.592;206944.592;206944.592;206944.592;206944.592;206944.592;206944.592;206944.592;206944.592;206944.592;206944.592;206944.592;206944.592;206944.592;206944.592;206944.592;206944.592;206944.592;206944.592;206944.592;206944.592;206944.592;206944.592;206944.592;206944.592;206944.592;206944.592;206944.592;206944.592;206944.592;206944.592;206944.592;206944.592;206944.592;206944.592;206944.592;206944.592;206944.592;206944.592;206944.592;206944.592;206944.592;206944.592;206944.592;206944.592;206944.592
SLSQP,1,1000,15,9,120030,random,120030,207391.96854463374,210686.06054602243,3294.0920013886935,True,319.58131896204395,413.73773789200004,765.987 -624.780;-430.339 718.614;-589.682 -806.904;-114.716 -371.963;186.547 183.824;-283.421 211.926;-270.976 -746.517;471.843 -749.726;121.238 -956.145;701.132 665.966;-792.674 556.734;918.916 -161.050;400.607 902.070;-933.586 -181.102;-813.093 -544.562,202983.325;203119.167;203119.167;203288.395;204444.921;205417.586;205417.586;205417.586;205417.586;205420.246;206211.909;206892.651;206962.212;206985.120;206985.120;206985.120;206985.120;206985.120;206985.120;206985.120;206985.120;206985.120;206985.120;206985.120;206985.120;206985.120;206985.120;206985.120;206985.120;206985.120;206985.120;206985.120;206985.120;206985.120;206985.120;206985.120;206985.120;206985.120;206985.120;206985.120;206985.120;206985.120;206985.120;206985.120;206985.120;206985.120;206985.120;206985.120;206985.120;206985.120;206985.120;206985.120;206985.120;206985.120;206985.120;206985.120;206985.120;206985.120;206985.120;206985.120;206985.120;206985.120;206985.120;206985.120;206985.120;206985.120;206985.120;206985.120;206985.120;206985.120;206985.120;206985.120;206985.120;206985.120;206985.120;206985.120;207327.542;207327.542;207327.542;207327.542;207327.542;207327.542;207327.542;207327.542;207327.542;207327.542;207327.542;207327.542;207327.542;207327.542;207327.542;207327.542;207327.542;207327.542;207327.542;207327.542;207327.542;207327.542;207327.542;207327.542;207327.542;207327.542;207327.542;207327.542;207327.542;207327.542;207327.542;207327.542;207327.542;207327.542;207327.542;207327.542;207327.542;207327.542;207327.542;207327.542;207327.542;207327.542;207327.542;207327.542;207327.542;207327.542;207327.542;207327.542;207327.542;207327.542;207327.542;207327.542;207327.542;207327.542;207327.542;207327.542;207327.542;207327.542;207327.542;207327.542;207327.542;207327.542;207327.542;207327.542;207327.542;207327.542;207327.542;207327.542;207327.542;207327.542;207386.462;207391.719;207391.969;207391.969;207391.969;207391.969;207391.969;207391.969;207391.969;207391.969;207391.969;207391.969;207391.969;207391.969;207391.969;207391.969;207391.969;207391.969;207391.969;207391.969;207391.969;207391.969;207391.969;207391.969;207391.969;207391.969;207391.969;207391.969;207391.969;207391.969;207391.969;207391.969;207391.969;207391.969;207391.969;207391.969;207391.969;207391.969;207391.969;207391.969;207391.969;207391.969;207391.969;207391.969;207391.969;207391.969;207391.969;207391.969;207391.969;207391.969;207391.969;207391.969;207391.969;207391.969
SLSQP,1,1000,15,17,120030,random,120030,207483.49882804995,210686.06054602243,3202.5617179724795,True,318.007898733856,417.2054439470003,404.680 452.474;-91.284 307.608;135.188 630.100;-648.892 744.795;-955.166 275.327;662.133 43.734;-663.279 -627.541;142.073 -189.499;797.691 476.384;-186.584 -552.746;-20.388 -995.459;993.033 34.311;-849.609 -24.651;310.803 -776.920;-316.845 668.663,203590.447;204689.640;204901.683;204901.683;204915.579;204915.579;204915.579;204915.579;204915.579;204915.579;204915.579;204915.579;204915.579;204915.579;204915.579;205128.853;205129.150;205610.995;205613.514;205623.425;205660.114;205660.114;205690.856;206497.063;206497.063;206497.063;206929.400;206929.400;206929.400;206929.400;206929.400;206929.400;206929.400;206929.400;206929.400;206929.400;206929.400;206929.400;206929.400;206929.400;206929.400;206929.400;206929.400;206929.400;206929.400;206929.400;206929.400;206929.400;206929.400;206929.400;206929.400;206929.400;206929.400;206929.400;206929.400;206929.400;206929.400;206929.400;206929.400;206929.400;206929.400;206929.400;206929.400;206929.400;206929.400;206929.400;206929.400;206929.400;206929.400;206929.400;206929.400;206929.400;206929.400;206929.400;206929.400;206929.400;206929.400;206929.400;206929.400;206929.400;206929.400;206929.400;206929.400;206929.400;206929.400;206929.400;206929.400;206929.400;206929.400;206929.400;206929.400;206929.400;206929.400;206929.400;206929.400;206929.400;207456.374;207464.416;207465.354;207480.443;207483.499;207483.499;207483.499;207483.499;207483.499;207483.499;207483.499;207483.499;207483.499;207483.499;207483.499;207483.499;207483.499;207483.499;207483.499;207483.499;207483.499;207483.499;207483.499;207483.499;207483.499;207483.499;207483.499;207483.499;207483.499;207483.499;207483.499;207483.499;207483.499;207483.499;207483.499;207483.499;207483.499;207483.499;207483.499;207483.499;207483.499;207483.499;207483.499;207483.499;207483.499;207483.499;207483.499;207483.499;207483.499;207483.499;207483.499;207483.499;207483.499;207483.499;207483.499;207483.499;207483.499;207483.499;207483.499;207483.499;207483.499;207483.499;207483.499;207483.499;207483.499;207483.499;207483.499;207483.499;207483.499;207483.499;207483.499;207483.499;207483.499;207483.499;207483.499;207483.499;207483.499;207483.499;207483.499;207483.499;207483.499;207483.499;207483.499;207483.499;207483.499;207483.499;207483.499;207483.499;207483.499;207483.499;207483.499;207483.499;207483.499;207483.499;207483.499;207483.499;207483.499;207483.499;207483.499;207483.499;207483.499;207483.499;207483.499;207483.499
SLSQP,1,1000,15,25,120030,random,120030,207468.1180184859,210686.06054602243,3217.9425275365356,True,317.6473572434353,332.61288349000006,14.523 197.805;-622.560 649.150;406.015 906.514;-348.327 913.978;-394.570 177.417;-798.539 161.008;-936.303 -169.776;-444.744 -755.345;376.990 -76.899;640.481 100.506;872.161 -479.526;-594.342 -433.138;13.146 913.994;16.106 -739.492;373.633 -862.424,201095.846;201940.939;201940.939;201940.939;201940.939;203815.520;204179.850;204396.836;204547.047;204547.047;204561.158;204561.158;204561.158;204561.158;204561.158;204561.158;204635.445;205206.410;205229.653;205229.653;205229.653;205229.653;205229.653;205229.653;205229.653;205229.653;205422.743;205709.024;205779.418;205841.864;205844.613;205892.972;205931.277;206322.630;207014.743;207059.279;207059.281;207059.281;207059.281;207059.281;207059.281;207059.281;207059.281;207059.281;207059.281;207059.281;207059.281;207059.281;207059.281;207059.281;207059.281;207059.281;207059.281;207059.281;207059.281;207059.281;207059.281;207059.281;207059.281;207059.281;207059.281;207059.281;207059.281;207059.281;207059.281;207059.281;207059.281;207059.281;207059.281;207059.281;207059.281;207059.281;207059.281;207059.281;207059.281;207059.281;207059.281;207059.281;207059.281;207059.281;207059.281;207059.281;207059.281;207059.281;207059.281;207059.281;207059.281;207059.281;207059.281;207059.281;207059.281;207059.281;207059.281;207059.281;207059.281;207059.281;207059.281;207059.281;207059.281;207059.281;207059.281;207059.281;207059.281;207059.281;207059.281;207059.281;207059.281;207059.281;207059.281;207059.281;207059.281;207059.281;207059.281;207059.281;207059.281;207059.281;207059.281;207059.281;207059.281;207468.118;207468.118;207468.118;207468.118;207468.118;207468.118;207468.118;207468.118;207468.118;207468.118;207468.118;207468.118;207468.118;207468.118;207468.118;207468.118;207468.118;207468.118;207468.118;207468.118;207468.118;207468.118;207468.118;207468.118;207468.118;207468.118;207468.118;207468.118;207468.118;207468.118;207468.118;207468.118;207468.118;207468.118;207468.118;207468.118;207468.118;207468.118;207468.118;207468.118;207468.118;207468.118;207468.118;207468.118;207468.118;207468.118;207468.118;207468.118;207468.118;207468.118;207468.118;207468.118;207468.118;207468.118;207468.118;207468.118;207468.118;207468.118;207468.118;207468.118;207468.118;207468.118;207468.118;207468.118;207468.118;207468.118;207468.118;207468.118;207468.118;207468.118;207468.118;207468.118;207468.118;207468.118;207468.118;207468.118;207468.118;207468.118;207468.118;207468.118;207468.118
SSABV,1,750,12,3,120030,random,120030,166352.83181155517,168548.84843681793,2196.016625262768,True,311.5624192720727,182.22262448199945,-373.337 -180.515;-730.449 137.772;-555.389 503.283;98.004 316.135;455.565 -124.281;624.336 414.437;344.174 -665.889;-67.594 -240.449;221.253 714.182;-502.140 -530.658;-220.294 -716.016;-210.475 255.109,nan;nan;nan;nan;nan;nan;nan;nan;nan;nan;nan;nan;nan;nan;nan;nan;nan;nan;nan;nan;nan;nan;nan;nan;nan;nan;nan;nan;nan;nan;nan;nan;nan;nan;nan;nan;nan;nan;nan;nan;nan;nan;nan;159205.837;162695.406;162695.406;162778.598;163444.189;163444.189;163444.189;163448.934;163448.934;163557.221;163603.460;163739.729;164024.343;164024.343;164024.343;164034.860;164045.758;164045.758;164065.520;164122.853;164158.933;164180.971;164199.313;164222.183;164265.659;164267.868;164280.391;164283.596;164287.281;164287.793;164289.655;164291.583;164294.118;164294.189;164295.848;164296.141;164297.105;164297.736;164298.019;164298.723;164299.138;164299.413;164299.704;164299.968;164300.226;164300.342;164300.449;164300.540;164300.587;164300.617;164300.630;164300.660;164300.666;164300.671;164300.679;164300.681;164300.686;164931.305;165063.905;165085.384;165096.483;165096.483;165107.520;165127.347;165139.881;165145.170;165145.170;166131.096;166297.331;166316.531;166323.448;166340.140;166350.260;166352.832;166352.832;166352.832;166352.832;166352.832;166352.832;166352.832;166352.832;166352.832;166352.832;166352.832;166352.832;166352.832;166352.832;166352.832;166352.832;166352.832;166352.832;166352.832;166352.832;166352.832;166352.832;166352.832;166352.832;166352.832;166352.832;166352.832;166352.832;166352.832;166352.832;166352.832;166352.832;166352.832;166352.832;166352.832;166352.832;166352.832;166352.832;166352.832;166352.832;166352.832;166352.832;166352.832;166352.832;166352.832;166352.832;166352.832;166352.832;166352.832;166352.832;166352.832;166352.832;166352.832;166352.832;166352.832;166352.832;166352.832;166352.832;166352.832;166352.832;166352.832;166352.832;166352.832;166352.832;166352.832;166352.832;166352.832;166352.832;166352.832;166352.832;166352.832;166352.832;166352.832;166352.832;166352.832;166352.832;166352.832;166352.832;166352.832;166352.832;166352.832;166352.832;166352.832;166352.832
SSABV,1,750,12,11,120030,random,120030,166368.65604840187,168548.84843681793,2180.192388416064,True,341.5044901925754,151.2751937769999,-738.216 -130.085;592.603 -420.651;744.206 -87.630;628.632 278.076;10.520 507.966;329.803 -638.737;-18.346 -712.500;-669.130 336.883;-401.130 633.107;-470.334 -426.781;351.085 46.884;-207.575 -96.210,nan;nan;nan;nan;nan;nan;nan;nan;nan;nan;nan;nan;nan;nan;nan;nan;nan;nan;nan;nan;nan;nan;nan;nan;nan;nan;nan;nan;nan;nan;nan;nan;nan;nan;nan;nan;nan;nan;nan;162424.020;162424.020;162424.020;162424.020;162424.020;162424.020;162424.020;163154.050;163984.303;164584.504;164726.596;164738.247;164750.659;164750.659;164849.218;164849.218;164889.732;164979.307;164979.307;165024.421;165033.872;165037.876;165045.853;165054.933;165054.933;165101.997;165108.436;165112.065;165119.320;165135.547;165138.318;165142.295;165147.842;165149.540;165151.719;165154.052;165156.497;165156.992;165157.834;165158.569;165158.938;165159.398;165159.466;165159.886;165159.913;165160.166;165160.272;165160.393;165160.465;165160.553;165160.635;165160.652;165160.660;165160.690;165160.725;165160.746;165160.764;165160.776;165160.786;165160.789;165160.791;165444.331;165477.668;165489.224;165489.845;165489.845;165489.845;165489.845;165489.845;165489.845;165489.845;165489.845;165489.845;165489.845;165489.845;165489.845;165489.845;165489.845;165489.845;165489.845;165489.845;165489.845;165489.845;165489.845;165933.222;166238.053;166333.457;166348.823;166357.877;166362.204;166367.043;166368.656;166368.656;166368.656;166368.656;166368.656;166368.656;166368.656;166368.656;166368.656;166368.656;166368.656;166368.656;166368.656;166368.656;166368.656;166368.656;166368.656;166368.656;166368.656;166368.656;166368.656;166368.656;166368.656;166368.656;166368.656;166368.656;166368.656;166368.656;166368.656;166368.656;166368.656;166368.656;166368.656;166368.656;166368.656;166368.656;166368.656;166368.656;166368.656;166368.656;166368.656;166368.656;166368.656;166368.656;166368.656;166368.656;166368.656;166368.656;166368.656;166368.656;166368.656;166368.656;166368.656;166368.656;166368.656;166368.656;166368.656;166368.656;166368.656;166368.656;166368.656;166368.656;166368.656;166368.656;166368.656;166368.656;166368.656;166368.656;166368.656;166368.656
SSABV,1,750,12,19,120030,random,120030,166482.09905819083,168548.84843681793,2066.749378627108,True,325.7703007249201,140.2914516769997,-675.402 -264.804;-244.790 119.533;-326.406 -297.478;192.085 721.875;748.432 -27.117;-437.386 -603.761;-425.897 616.982;209.356 -693.750;-113.504 512.335;590.511 -458.219;403.091 -100.095;591.695 460.699,nan;nan;nan;nan;nan;nan;nan;nan;nan;nan;nan;nan;nan;nan;nan;nan;nan;nan;nan;nan;nan;nan;nan;nan;nan;nan;nan;nan;nan;nan;nan;nan;nan;nan;nan;nan;nan;nan;nan;nan;nan;161114.443;162781.149;163303.219;163303.219;163949.988;163949.988;164532.304;164532.304;164754.196;165467.992;165556.795;165572.200;165606.176;165606.176;165640.180;165690.136;165696.087;165696.087;165721.795;165721.795;165721.795;165765.434;165773.478;165791.450;165793.600;165798.271;165813.683;165821.068;165828.907;165833.345;165836.452;165838.915;165843.050;165846.280;165848.670;165849.371;165850.505;165851.332;165851.485;165851.606;165851.615;165851.763;165852.121;165852.174;165852.278;165852.413;165852.539;165852.603;165852.627;165852.649;165852.657;165852.680;165852.687;165852.699;165852.700;165852.703;165852.705;165852.708;165852.710;165912.680;165936.108;165944.917;165945.738;165945.738;165945.738;165945.738;165945.738;165945.738;165945.738;165945.738;165945.738;165945.738;165945.738;165945.738;165945.738;165945.738;165945.738;165945.738;165945.738;165945.738;165945.738;165945.738;165945.738;165945.738;165945.738;165945.738;165945.738;165945.738;165945.738;165945.738;165945.738;165945.738;165945.738;165945.738;165945.738;165945.738;165945.738;165945.738;165945.738;165945.738;165945.738;165945.738;165945.738;165945.738;165945.738;165945.738;165945.738;165945.738;165945.738;165945.738;165945.738;165945.738;165945.738;165945.738;165945.738;165945.738;165945.738;165945.738;165945.738;165945.738;165945.738;165945.738;165945.738;165945.738;165945.738;165945.738;165945.738;165945.738;165945.738;165945.738;165945.738;165945.738;165945.738;165945.738;165945.738;165945.738;165945.738;165945.738;165945.738;165945.738;165945.738;165945.738;165945.738;165945.738;165945.738;165945.738;165945.738;165945.738;165945.738;165945.738;165945.738;165945.738;165945.738;166373.992;166462.506;166480.447;166482.099;166482.099;166482.099
SSABV,1,750,12,27,120030,random,120030,167009.57324293908,168548.84843681793,1539.275193878857,True,322.7994836650266,98.77087455999936,-749.062 -6.819;394.244 -539.136;-507.021 372.642;201.140 193.624;-285.587 628.500;622.967 178.785;-380.797 -44.217;6.516 -452.677;409.321 627.969;31.743 687.672;732.803 -158.825;-574.123 -414.343,nan;nan;nan;nan;nan;nan;nan;nan;nan;nan;nan;nan;nan;nan;nan;nan;nan;nan;nan;nan;nan;nan;nan;nan;nan;nan;nan;nan;nan;nan;nan;nan;nan;nan;nan;nan;nan;nan;nan;nan;nan;160934.412;161515.663;161515.663;163890.187;164812.596;164812.596;164812.596;165289.197;166547.512;166547.512;166657.717;166723.573;166783.267;166783.267;166822.038;166840.399;166898.811;166902.358;166903.661;166910.041;166914.554;166923.115;166937.119;166948.783;166953.779;166956.529;166958.152;166963.451;166969.894;166975.029;166980.599;166985.230;166987.935;166988.615;166989.070;166997.665;166998.711;166999.683;167000.072;167000.431;167000.661;167000.874;167001.038;167001.118;167001.247;167001.305;167001.349;167001.384;167001.426;167001.452;167001.483;167001.507;167001.525;167001.533;167001.544;167001.553;167001.557;167001.560;167001.563;167006.016;167009.507;167009.573;167009.573;167009.573;167009.573;167009.573;167009.573;167009.573;167009.573;167009.573;167009.573;167009.573;167009.573;167009.573;167009.573;167009.573;167009.573;167009.573;167009.573;167009.573;167009.573;167009.573;167009.573;167009.573;167009.573;167009.573;167009.573;167009.573;167009.573;167009.573;167009.573;167009.573;167009.573;167009.573;167009.573;167009.573;167009.573;167009.573;167009.573;167009.573;167009.573;167009.573;167009.573;167009.573;167009.573;167009.573;167009.573;167009.573;167009.573;167009.573;167009.573;167009.573;167009.573;167009.573;167009.573;167009.573;167009.573;167009.573;167009.573;167009.573;167009.573;167009.573;167009.573;167009.573;167009.573;167009.573;167009.573;167009.573;167009.573;167009.573;167009.573;167009.573;167009.573;167009.573;167009.573;167009.573;167009.573;167009.573;167009.573;167009.573;167009.573;167009.573;167009.573;167009.573;167009.573;167009.573;167009.573;167009.573;167009.573;167009.573;167009.573;167009.573;167009.573;167009.573;167009.573;167009.573;167009.573;167009.573;167009.573
LXBV,1,750,12,5,120030,random,120030,166922.3517117001,168548.84843681793,1626.496725117846,True,309.6273623935627,92.91318988300009,-85.617 -615.338;-394.450 -637.500;-511.430 548.462;748.828 22.325;-219.987 -233.393;333.293 627.453;611.719 398.686;129.743 -159.168;609.517 -362.476;308.707 -683.495;-730.078 47.218;-89.603 703.125,nan;nan;nan;nan;nan;nan;nan;nan;nan;nan;nan;nan;nan;nan;nan;nan;nan;nan;nan;nan;nan;nan;nan;nan;nan;nan;nan;nan;nan;nan;nan;nan;nan;nan;nan;nan;nan;nan;nan;nan;160180.758;160180.758;160180.758;161709.230;161765.535;161842.726;162242.129;162845.605;162847.587;162849.835;162903.706;162915.095;162924.302;162944.565;162959.966;162969.792;162998.279;163019.978;163038.908;163040.839;163049.111;163049.111;163065.209;163103.886;163131.539;163145.989;163161.161;163168.446;163172.913;163176.513;163184.565;163188.836;163189.356;163189.991;163193.646;163197.826;163198.872;163199.612;163200.045;163200.125;163200.137;163200.571;163200.724;163200.774;163200.880;163201.184;163201.283;163201.400;163201.439;163201.502;163201.522;163201.562;163201.570;163201.570;163201.579;163201.596;163201.605;163201.610;163201.615;163201.619;164278.100;164325.571;164368.526;164391.198;164397.565;164464.414;164707.780;164744.894;164760.115;164770.555;164771.846;164771.846;164771.846;164771.846;164771.846;164771.846;164771.846;164771.846;164771.846;164771.846;164771.846;164771.846;164771.846;164771.846;164771.846;164771.846;164771.846;164771.846;164771.846;164771.846;164771.846;164771.846;164771.846;164771.846;164771.846;164771.846;164771.846;164771.846;164771.846;164771.846;164771.846;164771.846;164771.846;164771.846;164771.846;166300.329;166625.352;166894.514;166901.406;166909.338;166915.701;166920.481;166921.754;166922.352;166922.352;166922.352;166922.352;166922.352;166922.352;166922.352;166922.352;166922.352;166922.352;166922.352;166922.352;166922.352;166922.352;166922.352;166922.352;166922.352;166922.352;166922.352;166922.352;166922.352;166922.352;166922.352;166922.352;166922.352;166922.352;166922.352;166922.352;166922.352;166922.352;166922.352;166922.352;166922.352;166922.352;166922.352;166922.352;166922.352;166922.352;166922.352;166922.352;166922.352;166922.352;166922.352;166922.352;166922.352;166922.352;166922.352
LXBV,1,750,12,13,120030,random,120030,165881.78997268536,168548.84843681793,2667.0584641325695,True,320.49788824629525,91.52611879100004,-310.251 -549.334;172.710 316.022;697.666 273.029;-725.848 67.920;104.636 -726.562;4.471 -12.122;-297.777 679.813;-146.640 288.927;-566.690 491.203;310.785 674.855;426.366 -616.756;573.365 -134.118,nan;nan;nan;nan;nan;nan;nan;nan;nan;nan;nan;nan;nan;nan;nan;nan;nan;nan;nan;nan;159908.074;161589.173;162323.986;162323.986;162323.986;162323.986;162323.986;162323.986;162329.406;162329.406;162329.406;162329.406;162329.406;162329.406;162355.530;162385.556;162457.267;162457.267;162555.634;162555.634;162555.634;162555.634;162605.340;162605.340;162608.094;162608.094;162610.361;162610.361;162613.428;162628.597;162630.789;162631.755;162641.058;162677.917;162729.670;162766.287;162856.124;162859.910;162874.764;162877.423;162920.033;162922.218;162922.218;162923.752;162923.752;162927.643;162958.491;163062.578;163099.279;163126.188;163151.191;163162.282;163169.879;163174.825;163178.405;163179.311;163182.577;163184.776;163188.393;163190.203;163190.669;163191.882;163192.469;163193.100;163193.315;163193.360;163193.477;163193.648;163193.723;163193.744;163193.745;163193.756;163193.765;163193.797;163193.826;163193.850;163193.865;163193.872;163193.889;163193.893;164255.409;164307.828;164332.411;164350.159;164355.579;164355.579;164355.579;164355.579;164355.579;164355.579;164355.579;164586.156;164867.354;165137.520;165182.058;165201.569;165205.883;165212.057;165220.972;165225.141;165225.154;165225.154;165225.154;165225.154;165225.154;165225.154;165225.154;165225.154;165225.154;165225.154;165225.154;165225.154;165225.154;165225.154;165225.154;165225.154;165225.154;165225.154;165225.154;165225.154;165225.154;165225.154;165225.154;165225.154;165225.154;165225.154;165225.154;165225.154;165225.154;165225.154;165225.154;165225.154;165225.154;165225.154;165225.154;165225.154;165225.154;165225.154;165225.154;165225.154;165225.154;165225.154;165225.154;165225.154;165225.154;165225.154;165225.154;165469.481;165513.648;165532.546;165536.890;165539.850;165539.850;165762.594;165842.729;165863.730;165876.202;165880.483;165881.790;165881.790;165881.790;165881.790;165881.790;165881.790;165881.790;165881.790;165881.790;165881.790;165881.790;165881.790;165881.790;165881.790;165881.790;165881.790;165881.790;165881.790;165881.790;165881.790;165881.790;165881.790
LXBV,1,750,12,21,120030,random,120030,166302.54576057772,168548.84843681793,2246.302676240215,True,334.4767029333625,91.0222065830003,132.830 522.408;-427.560 359.682;-418.504 -621.711;21.614 -397.122;131.402 -735.183;-739.453 -124.975;519.286 -540.526;-275.575 697.472;-209.055 -115.604;740.625 -117.925;504.520 554.718;248.107 208.424,nan;nan;nan;nan;nan;nan;nan;nan;nan;nan;nan;nan;nan;nan;158562.659;158562.659;158562.659;158562.659;158562.659;158562.659;158562.659;159078.240;159078.240;159078.240;160729.144;161340.875;161340.875;161444.768;163161.630;163399.811;164136.810;164136.810;164309.876;164309.876;164309.876;164362.956;164394.873;164394.873;164914.833;164989.672;164990.958;165018.070;165130.377;165132.486;165132.486;165132.486;165134.795;165171.331;165205.208;165205.208;165216.352;165237.988;165266.031;165428.695;165587.818;165588.262;165604.138;165624.308;165626.760;165630.369;165649.690;165650.815;165662.364;165669.716;165681.177;165689.748;165708.565;165720.348;165731.410;165737.843;165744.182;165757.850;165796.424;165799.302;165802.276;165804.389;165805.067;165806.153;165806.942;165807.837;165808.480;165809.000;165809.522;165809.822;165810.389;165811.038;165811.221;165811.438;165811.574;165811.695;165811.759;165811.794;165811.820;165811.840;165811.858;165811.936;165811.993;165812.013;165812.168;165812.309;166042.202;166100.471;166123.785;166177.749;166183.283;166183.283;166183.283;166183.283;166183.283;166183.283;166183.283;166183.283;166183.283;166183.283;166183.283;166183.283;166183.283;166183.283;166183.283;166183.283;166183.283;166183.283;166183.283;166183.283;166183.283;166183.283;166183.283;166183.283;166183.283;166183.283;166183.283;166183.283;166183.283;166183.283;166183.283;166183.283;166183.283;166183.283;166183.283;166183.283;166183.283;166183.283;166183.283;166183.283;166183.283;166183.283;166183.283;166183.283;166183.283;166183.283;166183.283;166183.283;166183.283;166183.283;166183.283;166183.283;166183.283;166183.283;166183.283;166183.283;166183.283;166183.283;166183.283;166183.283;166183.283;166183.283;166183.283;166183.283;166183.283;166183.283;166183.283;166183.283;166183.283;166183.283;166183.283;166183.283;166183.283;166183.283;166183.283;166183.283;166183.283;166183.283;166183.283;166183.283;166183.283;166183.283;166183.283;166183.283;166183.283;166183.283;166183.283;166183.283;166183.283;166183.283;166183.283;166247.813;166283.005;166298.284;166302.125;166302.546
LXBV,1,750,12,29,120030,random,120030,165236.1968437218,168548.84843681793,3312.651593096147,True,308.5078614606889,91.11444299899995,310.815 168.496;583.825 -469.898;-626.793 336.662;-438.134 -141.456;668.925 338.874;-434.664 610.396;-130.430 -119.194;144.039 -442.070;441.681 605.859;-98.485 500.391;141.078 710.156;-516.822 -543.418,nan;nan;nan;nan;nan;nan;nan;nan;nan;nan;nan;nan;nan;nan;nan;nan;nan;nan;nan;nan;nan;nan;nan;nan;nan;nan;nan;nan;nan;nan;nan;nan;nan;nan;nan;nan;nan;nan;nan;160626.791;162393.127;163481.331;163569.583;163596.996;163597.807;163631.446;163631.532;163632.310;163641.735;163823.011;163826.436;163910.662;163913.286;163969.896;163972.581;163975.777;164003.506;164007.900;164008.570;164012.126;164020.009;164069.527;164092.975;164101.496;164119.413;164133.554;164135.623;164136.647;164137.735;164141.029;164142.845;164144.852;164147.987;164150.463;164153.114;164153.944;164154.356;164156.406;164156.456;164157.050;164157.455;164157.586;164157.716;164157.751;164157.759;164157.941;164158.136;164158.342;164158.410;164158.478;164158.506;164158.525;164158.542;164158.543;164158.550;164158.556;164158.562;164158.568;164158.569;164158.571;164509.835;164547.284;164573.945;164590.824;164603.813;164615.016;164620.576;164620.576;164646.542;164675.680;164713.073;164759.318;164780.498;164800.197;164850.659;164855.262;164855.262;164855.262;164855.262;164855.262;164855.262;164855.262;164855.262;164855.262;164855.262;164855.262;164855.262;164855.262;164855.262;164855.262;164855.262;164855.262;164855.262;164855.262;164855.262;164855.262;164855.262;164855.262;164855.262;164855.262;164855.262;164855.262;164855.262;164855.262;164855.262;164855.262;164855.262;164855.262;164855.262;164855.262;164855.262;164855.262;164882.146;164899.373;164909.694;164912.877;164912.877;164912.877;164912.877;164912.877;164912.877;164912.877;164912.877;164912.877;164912.877;164912.877;164912.877;164912.877;164912.877;164912.877;164912.877;164912.877;164912.877;164912.877;164912.877;164912.877;164912.877;164912.877;164912.877;164912.877;164912.877;164912.877;164912.877;164912.877;164912.877;164912.877;164912.877;164912.877;164912.877;164912.877;164912.877;165078.886;165181.245;165198.937;165223.223;165228.996;165233.732;165236.197;165236.197;165236.197
RSVNS,1,750,12,7,120030,random,120030,166450.2231657674,168548.84843681793,2098.6252710505214,True,310.0838726574082,97.18051568800001,630.862 -303.916;15.155 394.222;352.232 -659.061;630.929 401.364;-591.757 -333.088;205.820 -239.134;359.275 647.596;10.571 -627.337;-426.101 128.266;-293.762 -686.777;-585.484 467.346;-304.183 666.153,nan;nan;nan;nan;nan;nan;nan;nan;nan;nan;nan;nan;nan;nan;nan;nan;nan;nan;nan;nan;nan;nan;nan;nan;nan;nan;nan;nan;nan;nan;nan;nan;nan;nan;nan;nan;nan;nan;nan;nan;nan;nan;nan;nan;nan;nan;nan;nan;nan;nan;nan;nan;nan;nan;nan;nan;nan;nan;nan;nan;nan;nan;nan;nan;nan;nan;nan;nan;nan;nan;nan;nan;nan;nan;nan;nan;nan;nan;nan;nan;nan;nan;nan;nan;nan;nan;nan;nan;nan;nan;nan;nan;nan;nan;nan;nan;nan;nan;nan;nan;163499.338;164029.040;164156.592;164258.418;164305.362;164331.568;164371.731;164374.018;164374.018;164374.018;164374.018;164374.018;164374.018;164374.018;164374.018;164374.018;164382.232;164581.794;164640.104;164692.247;164703.638;164715.749;164718.478;164718.478;164823.750;164956.740;164978.699;164987.105;164987.105;165614.572;165689.443;165743.728;165753.580;165766.642;165779.403;165781.989;165781.989;165950.486;166023.261;166042.947;166060.145;166067.248;166073.417;166073.417;166285.648;166410.145;166424.885;166435.423;166440.020;166444.201;166448.629;166450.223;166450.223;166450.223;166450.223;166450.223;166450.223;166450.223;166450.223;166450.223;166450.223;166450.223;166450.223;166450.223;166450.223;166450.223;166450.223;166450.223;166450.223;166450.223;166450.223;166450.223;166450.223;166450.223;166450.223;166450.223;166450.223;166450.223;166450.223;166450.223;166450.223;166450.223;166450.223;166450.223;166450.223;166450.223;166450.223;166450.223;166450.223;166450.223;166450.223;166450.223;166450.223;166450.223;166450.223;166450.223;166450.223;166450.223;166450.223;166450.223
RSVNS,1,750,12,15,120030,random,120030,166045.7420524163,168548.84843681793,2503.106384401646,True,309.38024108176427,94.78810294199957,-540.130 -516.882;-67.697 746.355;-711.925 114.893;-254.910 -704.487;569.475 -225.858;-114.297 38.120;318.231 678.179;312.371 87.215;733.867 150.381;98.818 -733.594;271.491 -476.884;-254.772 479.354,nan;nan;nan;nan;nan;nan;nan;nan;nan;nan;nan;nan;nan;nan;nan;nan;nan;nan;nan;nan;nan;nan;nan;nan;nan;nan;nan;nan;nan;nan;nan;nan;nan;nan;nan;nan;nan;nan;nan;nan;nan;nan;nan;nan;nan;nan;nan;nan;nan;nan;nan;nan;nan;nan;nan;nan;nan;nan;nan;nan;nan;nan;nan;nan;nan;nan;nan;nan;nan;nan;nan;nan;nan;nan;nan;nan;nan;nan;nan;nan;nan;nan;nan;nan;nan;nan;nan;nan;nan;nan;nan;nan;nan;nan;nan;nan;nan;nan;nan;nan;163023.990;163563.471;163653.399;163687.281;163702.812;163711.789;163717.640;163844.671;164948.308;165247.409;165303.702;165341.998;165355.857;165361.827;165711.008;165901.956;165967.052;166005.291;166026.557;166038.314;166041.365;166045.742;166045.742;166045.742;166045.742;166045.742;166045.742;166045.742;166045.742;166045.742;166045.742;166045.742;166045.742;166045.742;166045.742;166045.742;166045.742;166045.742;166045.742;166045.742;166045.742;166045.742;166045.742;166045.742;166045.742;166045.742;166045.742;166045.742;166045.742;166045.742;166045.742;166045.742;166045.742;166045.742;166045.742;166045.742;166045.742;166045.742;166045.742;166045.742;166045.742;166045.742;166045.742;166045.742;166045.742;166045.742;166045.742;166045.742;166045.742;166045.742;166045.742;166045.742;166045.742;166045.742;166045.742;166045.742;166045.742;166045.742;166045.742;166045.742;166045.742;166045.742;166045.742;166045.742;166045.742;166045.742;166045.742;166045.742;166045.742;166045.742;166045.742;166045.742;166045.742;166045.742;166045.742;166045.742;166045.742;166045.742;166045.742;166045.742
RSVNS,1,750,12,23,120030,random,120030,165810.31651954004,168548.84843681793,2738.531917277898,True,327.0664174663943,93.75264701200012,-74.262 265.542;518.112 -423.259;-726.562 31.258;391.535 639.208;52.347 670.686;-230.654 -295.242;62.867 -746.484;-621.950 -278.626;-387.097 641.979;-359.926 -657.845;721.221 -106.205;255.792 -93.106,nan;nan;nan;nan;nan;nan;nan;nan;nan;nan;nan;nan;nan;nan;nan;nan;nan;nan;nan;nan;nan;nan;nan;nan;nan;nan;nan;nan;nan;nan;nan;nan;nan;nan;nan;nan;nan;nan;nan;nan;nan;nan;nan;nan;nan;nan;nan;nan;nan;nan;nan;nan;nan;nan;nan;nan;nan;nan;nan;nan;nan;nan;nan;nan;nan;nan;nan;nan;nan;nan;nan;nan;nan;nan;nan;nan;nan;nan;nan;nan;nan;nan;nan;nan;nan;nan;nan;nan;nan;nan;nan;nan;nan;nan;nan;nan;nan;nan;nan;nan;164247.052;164597.420;164696.256;164753.773;164768.993;164779.735;164796.031;164816.480;164825.466;164825.618;164825.618;164825.618;164825.618;164825.618;164825.618;164825.618;164825.618;164825.618;164894.316;165004.652;165027.642;165048.289;165051.487;165509.711;165655.673;165710.371;165735.381;165767.137;165798.399;165806.515;165809.920;165810.317;165810.317;165810.317;165810.317;165810.317;165810.317;165810.317;165810.317;165810.317;165810.317;165810.317;165810.317;165810.317;165810.317;165810.317;165810.317;165810.317;165810.317;165810.317;165810.317;165810.317;165810.317;165810.317;165810.317;165810.317;165810.317;165810.317;165810.317;165810.317;165810.317;165810.317;165810.317;165810.317;165810.317;165810.317;165810.317;165810.317;165810.317;165810.317;165810.317;165810.317;165810.317;165810.317;165810.317;165810.317;165810.317;165810.317;165810.317;165810.317;165810.317;165810.317;165810.317;165810.317;165810.317;165810.317;165810.317;165810.317;165810.317;165810.317;165810.317;165810.317;165810.317;165810.317;165810.317;165810.317;165810.317;165810.317;165810.317;165810.317
BVNS,1,750,12,1,120030,random,120030,166775.44499526368,168548.84843681793,1773.4034415542556,True,338.55950551144286,89.64488488700044,-219.425 713.854;-230.797 -712.500;-581.426 -431.048;134.592 -242.289;-230.896 -9.723;601.623 -326.836;118.074 740.625;-748.186 -47.577;-504.056 336.717;737.320 134.350;284.212 211.312;285.895 -674.087,nan;nan;nan;161314.693;161654.444;161953.594;162406.885;162483.725;162614.691;162629.640;163239.341;164054.852;164316.111;164434.942;164456.926;164488.224;164498.144;164500.482;164500.482;164500.482;164500.482;164500.482;164500.482;164500.482;164500.482;164500.482;164500.482;165276.534;165307.060;165350.360;165364.563;165373.834;165380.631;165383.147;165383.147;165383.147;165383.147;165383.147;165383.147;165383.147;165383.147;165383.147;165383.147;165383.147;165383.147;165383.147;165383.147;165383.147;165383.147;165383.147;165383.147;165383.147;165383.147;165383.147;165383.147;165383.147;165383.147;165383.147;165383.147;165383.147;165383.147;165383.147;165383.147;165383.147;165383.147;165383.147;165383.147;165383.147;165383.147;165383.147;165383.147;165383.147;165383.147;165383.147;165383.147;165383.147;165383.147;165383.147;165383.147;165383.147;165383.147;165383.147;165383.147;165383.147;165383.147;165383.147;165383.147;165383.147;165383.147;165383.147;165383.147;165383.147;165383.147;165383.147;165383.147;165383.147;165383.147;165383.147;165383.147;165383.147;165383.147;165383.147;165383.147;165383.147;165383.147;165383.147;165383.147;165383.147;165383.147;165383.147;165383.147;165383.147;165383.147;165383.147;165383.147;165383.147;165383.147;165383.147;165383.147;165383.147;165383.147;165383.147;165383.147;165383.147;165383.147;165383.147;165383.147;165383.147;165383.147;165383.147;165383.147;165383.147;165542.956;165781.074;165799.749;165809.598;165819.389;165819.783;165819.783;165819.783;165819.783;165819.783;165819.783;165819.783;165819.783;165819.783;165819.783;165819.783;165819.783;165882.538;165902.013;165917.929;165931.222;165936.336;165941.452;165941.452;165991.696;166013.847;166035.537;166044.867;166049.644;166055.793;166057.886;166058.072;166058.072;166058.072;166058.072;166058.072;166058.072;166058.072;166058.072;166596.511;166693.793;166730.854;166757.626;166768.759;166773.568;166775.445;166775.445;166775.445;166775.445;166775.445;166775.445;166775.445;166775.445;166775.445;166775.445;166775.445;166775.445;166775.445;166775.445;166775.445;166775.445;166775.445;166775.445;166775.445;166775.445;166775.445;166775.445;166775.445
BVNS,1,750,12,9,120030,random,120030,166673.6400085124,168548.84843681793,1875.2084283055447,True,323.0717352204398,89.98872297400067,-375.772 627.786;749.186 5.876;-540.380 -519.382;264.483 362.474;-4.751 -719.531;496.595 -561.415;-550.376 355.961;194.323 -85.538;616.850 425.612;-6.243 590.029;-223.445 134.530;-719.449 26.970,nan;164432.394;164863.355;165235.447;165297.006;165346.160;165355.180;165359.929;165362.804;165365.070;165368.624;165369.728;165369.728;165369.728;165396.485;165437.527;165447.820;165466.072;165484.888;165484.888;165484.888;165484.888;165484.888;165484.888;165484.888;165484.888;165484.888;165484.888;165484.888;165484.888;165484.888;165484.888;165484.888;165484.888;165484.888;165484.888;165484.888;165484.888;165484.888;165484.888;165484.888;165484.888;165484.888;165484.888;165484.888;165484.888;165484.888;165484.888;165484.888;165484.888;165484.888;165484.888;165484.888;165484.888;165484.888;165484.888;165484.888;165484.888;165484.888;165484.888;165484.888;165484.888;165484.888;165484.888;165484.888;165484.888;165484.888;165484.888;165484.888;165484.888;165484.888;165484.888;165484.888;165484.888;165484.888;165484.888;165484.888;165484.888;165484.888;165484.888;165484.888;165484.888;165484.888;165484.888;165484.888;165484.888;165484.888;165484.888;165484.888;165484.888;165484.888;165484.888;165484.888;165484.888;165484.888;165484.888;165484.888;165484.888;165484.888;165484.888;165484.888;165484.888;165484.888;165484.888;165484.888;165484.888;165484.888;165484.888;165484.888;165484.888;165484.888;165484.888;165484.888;165484.888;165484.888;165484.888;165484.888;165484.888;165484.888;165484.888;165484.888;165484.888;165484.888;165484.888;165484.888;165484.888;165484.888;165484.888;165484.888;165484.888;165484.888;165484.888;165484.888;165484.888;165484.888;165484.888;165484.888;165484.888;165484.888;165484.888;165484.888;165484.888;165484.888;165484.888;165484.888;165484.888;165484.888;165484.888;165484.888;165484.888;165484.888;165484.888;165484.888;165484.888;165484.888;165484.888;165484.888;165484.888;165484.888;165484.888;165484.888;165484.888;165484.888;165484.888;165484.888;165484.888;165484.888;165879.210;165955.044;166040.005;166061.985;166085.909;166096.727;166101.254;166101.419;166101.419;166101.419;166101.419;166101.419;166101.419;166101.419;166447.597;166647.675;166665.518;166671.906;166673.536;166673.640;166673.640;166673.640;166673.640;166673.640;166673.640;166673.640;166673.640;166673.640;166673.640;166673.640;166673.640;166673.640;166673.640
BVNS,1,750,12,17,120030,random,120030,166127.7588729129,168548.84843681793,2421.0895639050286,True,326.65381878811854,87.95285447799961,570.555 457.715;14.003 -285.162;-369.918 383.875;-42.774 -748.775;267.388 -601.816;-250.725 8.223;746.441 65.279;-50.840 541.228;569.242 -476.968;-449.740 -600.160;275.388 697.347;-703.991 258.257,nan;159717.542;161911.169;162797.923;163320.409;163418.830;163443.167;163480.201;163532.262;163573.633;163583.814;163584.525;163788.951;164130.132;164222.539;164251.588;164269.495;164282.409;164285.840;164287.117;164287.117;164287.117;164287.117;164287.117;164287.117;164287.117;164287.117;164287.117;164287.117;164344.966;164359.017;164379.501;164394.464;164401.293;164401.293;164401.293;164401.293;164401.293;164401.293;164401.293;165539.965;165843.021;165871.342;165899.634;165960.236;166036.410;166038.488;166038.505;166038.505;166038.505;166038.505;166038.505;166038.505;166038.505;166043.407;166053.198;166053.198;166053.198;166093.755;166117.660;166125.809;166127.759;166127.759;166127.759;166127.759;166127.759;166127.759;166127.759;166127.759;166127.759;166127.759;166127.759;166127.759;166127.759;166127.759;166127.759;166127.759;166127.759;166127.759;166127.759;166127.759;166127.759;166127.759;166127.759;166127.759;166127.759;166127.759;166127.759;166127.759;166127.759;166127.759;166127.759;166127.759;166127.759;166127.759;166127.759;166127.759;166127.759;166127.759;166127.759;166127.759;166127.759;166127.759;166127.759;166127.759;166127.759;166127.759;166127.759;166127.759;166127.759;166127.759;166127.759;166127.759;166127.759;166127.759;166127.759;166127.759;166127.759;166127.759;166127.759;166127.759;166127.759;166127.759;166127.759;166127.759;166127.759;166127.759;166127.759;166127.759;166127.759;166127.759;166127.759;166127.759;166127.759;166127.759;166127.759;166127.759;166127.759;166127.759;166127.759;166127.759;166127.759;166127.759;166127.759;166127.759;166127.759;166127.759;166127.759;166127.759;166127.759;166127.759;166127.759;166127.759;166127.759;166127.759;166127.759;166127.759;166127.759;166127.759;166127.759;166127.759;166127.759;166127.759;166127.759;166127.759;166127.759;166127.759;166127.759;166127.759;166127.759;166127.759;166127.759;166127.759;166127.759;166127.759;166127.759;166127.759;166127.759;166127.759;166127.759;166127.759;166127.759;166127.759;166127.759;166127.759;166127.759;166127.759;166127.759;166127.759;166127.759;166127.759;166127.759;166127.759;166127.759;166127.759;166127.759;166127.759;166127.759;166127.759;166127.759
BVNS,1,750,12,25,120030,random,120030,167038.52957484126,168548.84843681793,1510.3188619766734,True,311.9899460235324,87.65744446400004,-571.931 207.696;747.656 -6.145;565.967 492.116;42.599 -301.360;254.024 486.716;-733.007 -158.573;-165.974 -731.250;-173.824 227.349;280.721 -685.827;578.936 -437.267;-394.624 -453.008;22.440 747.656,nan;nan;161077.111;162697.881;162995.248;163068.239;163162.168;163183.760;163209.946;163273.140;163281.086;163282.541;164472.155;165435.588;165743.287;165792.892;165803.115;165808.266;165817.096;165819.610;165825.532;165827.523;165827.523;165827.523;165827.523;165827.523;165827.523;165827.523;165827.523;165827.523;165827.523;165827.523;165827.523;165827.523;165827.523;165827.523;165827.523;165827.523;165827.523;165827.523;165827.523;165827.523;165827.523;165827.523;165827.523;165827.523;165827.523;165827.523;165827.523;165827.523;165827.523;165827.523;165827.523;165827.523;165827.523;165827.523;165827.523;165827.523;165827.523;165827.523;165827.523;165827.523;165827.523;165827.523;165827.523;165827.523;165827.523;165827.523;165827.523;165827.523;165827.523;165827.523;165827.523;165827.523;165827.523;165827.523;165827.523;165827.523;165827.523;165827.523;165827.523;165827.523;165827.523;165827.523;165827.523;165827.523;165827.523;165827.523;165827.523;165827.523;165827.523;165827.523;165827.523;165827.523;165827.523;165827.523;165827.523;165827.523;165930.814;165966.664;166007.260;166048.494;166074.593;166082.379;166089.021;166103.332;166103.883;166103.883;166103.883;166103.883;166103.883;166103.883;166103.883;166103.883;166103.883;166103.883;166103.883;166103.883;166697.114;166753.478;166801.503;166813.405;166842.517;166846.563;166847.184;166847.184;166946.382;166982.104;166990.933;167001.910;167032.466;167038.209;167038.530;167038.530;167038.530;167038.530;167038.530;167038.530;167038.530;167038.530;167038.530;167038.530;167038.530;167038.530;167038.530;167038.530;167038.530;167038.530;167038.530;167038.530;167038.530;167038.530;167038.530;167038.530;167038.530;167038.530;167038.530;167038.530;167038.530;167038.530;167038.530;167038.530;167038.530;167038.530;167038.530;167038.530;167038.530;167038.530;167038.530;167038.530;167038.530;167038.530;167038.530;167038.530;167038.530;167038.530;167038.530;167038.530;167038.530;167038.530;167038.530;167038.530;167038.530;167038.530;167038.530;167038.530;167038.530;167038.530;167038.530;167038.530;167038.530;167038.530;167038.530;167038.530;167038.530;167038.530;167038.530;167038.530;167038.530;167038.530
SSA,1,750,12,3,120030,random,120030,165067.54178262892,168548.84843681793,3481.306654189015,True,308.0288193595146,96.45509366999977,-382.412 256.864;-722.965 128.324;-518.926 541.493;285.770 324.861;394.589 18.358;553.712 503.153;277.575 -506.666;-180.121 24.572;137.331 716.981;-209.215 -365.847;66.205 -747.072;-166.516 575.064,nan;nan;nan;nan;nan;nan;nan;nan;nan;nan;nan;nan;nan;nan;nan;nan;nan;nan;nan;nan;nan;nan;nan;nan;nan;nan;nan;nan;nan;nan;nan;nan;nan;nan;nan;nan;nan;nan;nan;nan;nan;nan;nan;nan;nan;nan;nan;nan;nan;nan;nan;nan;nan;nan;nan;nan;nan;nan;nan;nan;nan;nan;nan;nan;nan;nan;nan;nan;nan;nan;nan;nan;nan;nan;nan;nan;nan;nan;nan;nan;nan;nan;nan;nan;nan;nan;159866.495;159866.495;160594.768;160594.768;160594.768;161996.111;161996.111;161996.111;161996.111;162239.515;162374.023;163447.698;163447.698;163447.698;163548.886;163609.079;163609.079;163609.079;163609.079;163609.079;163899.843;163899.843;164507.824;164507.824;164729.600;164814.624;164814.624;164814.624;164814.624;164814.624;164814.624;164814.624;164814.624;164814.624;164814.624;164886.389;164892.819;164940.439;164940.439;164945.205;164954.456;164980.944;164984.643;164984.643;164987.329;164995.300;165005.660;165011.440;165014.064;165014.254;165019.149;165023.046;165029.489;165033.685;165039.035;165042.964;165047.326;165048.599;165050.366;165050.465;165051.045;165052.673;165055.750;165056.571;165058.484;165059.303;165060.088;165061.110;165061.976;165062.389;165062.934;165063.439;165063.626;165064.011;165064.331;165064.909;165065.668;165065.966;165066.186;165066.262;165066.365;165066.485;165066.651;165066.882;165066.898;165066.958;165067.098;165067.168;165067.220;165067.251;165067.251;165067.251;165067.269;165067.296;165067.353;165067.395;165067.430;165067.430;165067.450;165067.476;165067.493;165067.504;165067.509;165067.512;165067.522;165067.527;165067.532;165067.535;165067.535;165067.537;165067.540;165067.540;165067.542;165067.542
SSA,1,750,12,11,120030,random,120030,166788.39667706887,168548.84843681793,1760.451759749063,True,328.70040157892356,95.62281153200001,-621.940 419.155;-109.820 -637.941;-102.139 648.851;87.012 -57.194;572.502 -352.895;268.269 -700.379;-401.839 -447.492;258.984 578.860;-746.460 72.780;412.950 163.940;-344.201 117.517;571.756 477.775,nan;nan;nan;nan;nan;nan;nan;nan;nan;nan;nan;nan;nan;nan;nan;nan;nan;nan;nan;nan;nan;nan;nan;nan;nan;nan;nan;nan;nan;nan;nan;nan;nan;nan;nan;nan;nan;nan;nan;nan;nan;nan;nan;nan;nan;nan;nan;nan;nan;nan;nan;nan;nan;nan;nan;nan;nan;nan;nan;nan;nan;nan;nan;163064.619;163064.619;163064.619;163064.619;163064.619;163064.619;163064.619;163064.619;163064.619;163064.619;163064.619;163064.619;163064.619;163064.619;163064.619;163064.619;163492.781;164501.791;164501.791;164501.791;164501.791;164501.791;164501.791;164501.791;164501.791;164501.791;164501.791;164580.651;164580.651;164580.651;164580.651;164580.651;164580.651;164792.012;165073.546;165073.546;165088.779;165341.581;166505.841;166505.841;166505.841;166652.206;166652.206;166665.841;166665.841;166667.699;166667.699;166668.405;166668.405;166669.988;166669.988;166669.988;166688.845;166689.811;166701.979;166702.933;166713.521;166713.521;166721.807;166745.011;166748.178;166750.682;166756.239;166757.796;166758.915;166760.051;166760.809;166762.283;166762.283;166762.463;166764.211;166765.249;166765.669;166769.527;166769.735;166769.735;166770.681;166771.859;166772.763;166773.502;166773.917;166774.095;166774.219;166774.219;166781.527;166782.569;166783.594;166784.151;166785.355;166785.898;166786.340;166786.340;166786.365;166786.578;166786.883;166787.374;166787.635;166787.709;166787.709;166787.848;166787.866;166787.874;166787.874;166787.892;166787.931;166788.027;166788.139;166788.194;166788.199;166788.218;166788.227;166788.227;166788.229;166788.245;166788.256;166788.274;166788.286;166788.300;166788.308;166788.318;166788.332;166788.342;166788.353;166788.358;166788.366;166788.372;166788.379;166788.381;166788.384;166788.387;166788.390;166788.390;166788.391;166788.392;166788.393;166788.395;166788.397
SSA,1,750,12,19,120030,random,120030,165154.93744040365,168548.84843681793,3393.9109964142845,True,311.38645963973727,96.27600508100022,219.499 -363.812;229.361 592.036;559.465 68.669;530.175 -342.788;-710.403 220.806;-131.771 -38.026;-617.511 -425.652;-347.811 279.600;-505.482 -76.803;341.715 -667.631;39.478 310.420;-460.606 591.897,nan;nan;nan;nan;nan;nan;nan;nan;nan;nan;nan;nan;nan;nan;nan;nan;nan;nan;nan;nan;nan;nan;nan;nan;nan;nan;nan;nan;nan;nan;nan;nan;nan;nan;nan;nan;nan;nan;nan;nan;nan;nan;nan;nan;nan;nan;nan;nan;nan;nan;nan;nan;nan;nan;nan;nan;nan;nan;nan;nan;nan;nan;nan;nan;nan;nan;nan;nan;nan;nan;nan;nan;nan;nan;nan;nan;nan;157878.799;157878.799;157878.799;157878.799;157878.799;157878.799;159693.601;159693.601;160369.456;160369.456;160369.456;160369.456;160369.456;160369.456;160369.456;161043.664;162442.770;162442.770;162442.770;162442.770;162442.770;162442.770;162600.582;163879.035;164708.181;164708.181;164769.109;164769.109;164769.109;164769.109;164769.109;164769.109;164769.109;164817.428;164827.693;164919.963;164919.963;164922.459;164980.435;165070.501;165070.501;165070.501;165070.501;165070.501;165070.501;165070.501;165070.501;165070.501;165070.501;165070.501;165070.501;165074.185;165079.164;165080.784;165085.908;165085.908;165085.908;165087.838;165089.418;165097.451;165101.492;165123.009;165124.968;165127.617;165128.055;165129.621;165132.934;165135.246;165136.815;165137.703;165139.148;165140.216;165141.042;165142.857;165144.093;165145.070;165146.658;165147.776;165148.165;165148.935;165150.110;165150.312;165150.878;165151.644;165152.354;165152.437;165153.201;165153.568;165153.624;165153.820;165154.086;165154.239;165154.361;165154.434;165154.464;165154.540;165154.605;165154.610;165154.613;165154.670;165154.710;165154.746;165154.766;165154.782;165154.784;165154.784;165154.802;165154.837;165154.865;165154.880;165154.886;165154.895;165154.905;165154.913;165154.915;165154.924;165154.926;165154.928;165154.931;165154.934;165154.935;165154.937;165154.937
SSA,1,750,12,27,120030,random,120030,164777.20475724922,168548.84843681793,3771.6436795687187,True,308.0664689652019,95.33851332299946,558.621 453.741;-612.148 290.427;-689.635 -285.051;209.181 282.825;-199.914 -712.533;-419.212 564.211;-133.439 -252.024;-486.492 -570.811;28.237 10.208;-275.590 120.597;735.663 -145.943;221.903 -644.172,nan;nan;nan;nan;nan;nan;nan;nan;nan;nan;nan;nan;nan;nan;nan;nan;nan;nan;nan;nan;nan;nan;nan;nan;nan;nan;nan;nan;nan;nan;nan;nan;nan;nan;nan;nan;nan;nan;nan;nan;nan;nan;nan;nan;nan;nan;nan;nan;nan;nan;nan;nan;nan;nan;nan;nan;nan;nan;nan;nan;nan;nan;nan;nan;nan;nan;nan;nan;nan;nan;nan;nan;nan;nan;nan;nan;nan;nan;nan;nan;nan;nan;nan;nan;nan;nan;nan;nan;161547.873;161547.873;161547.873;161547.873;161547.873;161547.873;161547.873;161547.873;162923.526;162923.526;163246.365;164323.131;164378.923;164378.923;164412.336;164412.336;164412.336;164412.336;164412.336;164412.336;164412.336;164573.759;164573.759;164573.759;164573.759;164573.759;164573.759;164616.367;164636.015;164636.015;164636.015;164636.015;164645.247;164645.525;164645.525;164645.525;164649.451;164663.809;164663.809;164663.809;164663.809;164667.421;164689.308;164702.216;164702.216;164702.305;164703.848;164718.621;164725.701;164745.474;164747.375;164748.861;164750.448;164753.437;164753.893;164754.068;164757.407;164758.546;164760.541;164761.093;164761.657;164764.248;164765.952;164766.793;164767.764;164768.501;164768.930;164769.118;164770.270;164770.739;164772.208;164773.279;164773.989;164774.519;164774.869;164775.019;164775.180;164775.388;164775.580;164775.699;164776.168;164776.366;164776.451;164776.451;164776.553;164776.722;164776.754;164776.842;164776.899;164776.917;164776.963;164777.003;164777.013;164777.068;164777.115;164777.142;164777.147;164777.154;164777.159;164777.180;164777.185;164777.189;164777.192;164777.195;164777.198;164777.199;164777.199;164777.199;164777.200;164777.201;164777.203;164777.205
LXSSA,1,750,12,5,120030,random,120030,162724.63472327273,168548.84843681793,5824.213713545207,True,309.0679774204497,93.74287142899993,100.030 -455.501;-323.763 -490.476;-159.092 732.932;637.265 -123.398;-148.419 -235.484;167.007 345.121;706.980 250.359;47.119 22.488;403.958 144.113;333.860 -182.294;-495.048 -57.116;191.228 674.827,nan;nan;nan;nan;nan;nan;nan;nan;nan;nan;nan;nan;nan;nan;nan;nan;nan;nan;nan;nan;nan;nan;nan;nan;nan;nan;nan;nan;nan;nan;nan;nan;nan;nan;nan;nan;nan;nan;nan;nan;nan;nan;nan;nan;nan;nan;nan;nan;nan;nan;nan;nan;nan;nan;nan;nan;nan;161236.106;161236.106;161236.106;161236.106;161425.286;161425.286;161425.286;161425.286;161425.286;161425.286;161455.885;161455.885;161455.885;161455.885;161455.885;161455.885;161455.885;161457.115;161457.115;161457.115;161661.422;161804.505;161806.263;161806.263;161806.651;161806.651;161814.489;161815.007;161871.393;161871.475;161871.475;161871.475;161871.475;162236.047;162296.534;162296.536;162298.277;162331.897;162390.254;162390.254;162390.254;162446.704;162446.704;162474.600;162474.600;162479.320;162479.320;162492.876;162496.279;162496.293;162498.048;162508.068;162509.135;162535.955;162542.444;162552.691;162557.543;162583.360;162607.649;162610.679;162615.387;162615.738;162616.025;162622.753;162623.592;162624.279;162627.678;162644.084;162652.701;162659.788;162669.050;162669.873;162673.801;162678.066;162678.870;162679.315;162679.575;162680.700;162681.632;162682.732;162683.007;162684.973;162686.276;162689.446;162692.489;162692.918;162693.387;162694.069;162694.543;162694.840;162695.176;162696.425;162698.039;162700.900;162703.930;162706.540;162708.584;162709.500;162711.291;162711.962;162712.622;162713.059;162714.045;162714.340;162714.906;162715.448;162715.654;162715.680;162716.730;162717.552;162717.768;162717.991;162718.514;162719.063;162719.289;162719.374;162719.456;162719.526;162720.013;162720.647;162720.910;162721.121;162721.512;162722.413;162722.828;162723.029;162723.376;162723.555;162723.962;162724.147;162724.257;162724.356;162724.414;162724.453;162724.519;162724.548;162724.568;162724.578;162724.593;162724.610;162724.621;162724.628;162724.635
LXSSA,1,750,12,13,120030,random,120030,166027.28805199676,168548.84843681793,2521.560384821176,True,318.36964736992036,93.2508147260005,-241.783 -404.499;137.802 114.194;610.135 71.350;-364.240 -10.558;-97.447 -700.942;109.448 -410.471;-514.721 522.469;-98.208 387.589;-629.041 166.190;278.628 528.521;340.345 -668.330;488.067 -262.317,nan;nan;nan;nan;nan;nan;nan;nan;nan;nan;nan;nan;nan;nan;nan;nan;nan;nan;nan;nan;nan;nan;nan;nan;nan;nan;nan;nan;nan;nan;nan;nan;nan;nan;nan;nan;nan;nan;161543.572;161543.572;161544.981;161544.981;161544.981;161562.973;161562.973;161562.973;161562.973;161562.973;161562.973;161585.378;161600.389;161600.389;161600.389;161600.389;161603.635;161603.635;161715.738;161715.738;161983.108;161983.108;161983.108;161983.108;161983.108;161983.108;161983.108;161983.108;161983.108;161983.108;161983.108;163267.127;163295.287;163689.203;163689.203;163689.203;163689.203;163689.203;163736.828;163736.828;163736.978;163736.978;163736.978;163736.978;163736.978;163774.035;163774.035;163774.035;163774.035;163774.035;163774.035;163774.035;163774.035;163774.035;163774.035;163774.035;163892.781;163906.523;163962.494;163963.293;163964.554;163964.554;163967.387;163967.387;163981.548;163998.268;164663.479;165421.746;165487.954;165505.996;165509.089;165537.057;165631.136;165673.092;165685.678;165691.377;165692.983;165692.983;165705.789;165716.122;165724.631;165737.138;165750.525;165761.097;165849.961;165863.786;165872.128;165884.772;165901.418;165914.064;165918.901;165929.125;165944.724;165955.693;165965.485;165967.635;165970.296;165976.946;165990.590;165998.118;166004.270;166005.690;166006.361;166006.375;166013.136;166014.556;166015.895;166016.997;166017.606;166018.804;166019.611;166020.564;166020.619;166020.934;166021.468;166022.356;166023.043;166023.173;166023.264;166023.798;166024.001;166024.312;166024.447;166024.448;166024.655;166024.795;166025.338;166025.786;166026.021;166026.083;166026.141;166026.163;166026.279;166026.337;166026.399;166026.495;166026.641;166026.720;166026.922;166027.040;166027.101;166027.167;166027.211;166027.227;166027.233;166027.234;166027.236;166027.241;166027.243;166027.249;166027.254;166027.256;166027.260;166027.270;166027.276;166027.280;166027.282;166027.283;166027.284;166027.286;166027.287;166027.288
LXSSA,1,750,12,21,120030,random,120030,165108.94172224915,168548.84843681793,3439.9067145687877,True,308.44001751155054,96.6875894499999,288.228 400.711;-455.656 248.279;-565.514 -492.630;-142.940 -338.425;58.688 -652.104;-714.847 -77.548;557.008 -152.168;-128.275 556.954;-263.667 -12.402;700.557 161.310;593.487 458.556;32.346 228.491,nan;nan;nan;nan;nan;nan;nan;nan;nan;nan;nan;nan;nan;nan;nan;nan;nan;nan;nan;nan;nan;nan;nan;nan;nan;nan;nan;nan;nan;nan;nan;nan;nan;nan;nan;nan;nan;nan;nan;nan;nan;nan;nan;nan;nan;nan;nan;nan;nan;nan;nan;nan;nan;nan;162906.756;162912.688;162912.688;162912.688;162912.688;162912.688;162912.688;162912.688;162912.688;162954.012;162954.012;162954.121;162963.599;163011.849;163011.849;163011.849;163011.849;163011.849;163011.849;163011.849;163011.849;163011.849;163011.849;163011.849;163020.593;163020.593;163020.593;163020.593;163020.593;163020.607;163021.313;163021.438;163021.438;163021.438;163049.215;163049.215;163049.215;163049.232;163049.232;163049.232;163049.232;163049.232;163049.238;164609.232;164690.663;164711.645;164758.518;164759.817;164760.319;164760.826;164761.421;164780.571;164781.070;164781.928;164782.968;164783.069;164789.161;164789.161;164789.973;164818.858;164819.067;164879.456;164880.185;164886.335;164887.232;164888.052;164888.159;164920.660;164920.950;164927.040;164935.138;164985.019;164985.483;164987.944;165009.294;165011.631;165013.555;165015.731;165015.801;165016.770;165021.124;165024.287;165032.222;165037.610;165040.026;165044.757;165046.511;165050.424;165054.945;165058.288;165058.702;165060.084;165060.499;165060.752;165061.021;165061.382;165063.387;165102.624;165103.354;165103.653;165103.785;165103.874;165103.950;165103.980;165104.193;165104.789;165105.336;165105.843;165105.955;165106.073;165106.229;165106.655;165106.940;165107.240;165107.435;165107.648;165107.851;165107.970;165108.025;165108.083;165108.203;165108.287;165108.323;165108.424;165108.472;165108.540;165108.582;165108.637;165108.715;165108.768;165108.792;165108.806;165108.814;165108.839;165108.851;165108.858;165108.874;165108.881;165108.887;165108.894;165108.907;165108.911;165108.917;165108.922;165108.928;165108.942
LXSSA,1,750,12,29,120030,random,120030,165173.02601584233,168548.84843681793,3375.822420975601,True,317.1774931093633,95.26909315600005,216.487 -151.701;399.906 -524.602;-745.082 22.094;-467.424 -230.941;69.434 746.779;-162.260 -121.245;682.879 -185.698;-221.085 -716.674;517.388 346.397;-132.524 301.808;-415.594 606.328;83.512 -502.321,nan;nan;nan;nan;nan;nan;nan;nan;nan;nan;nan;160077.064;160077.064;160077.064;160697.724;160697.724;160697.724;160697.724;160697.724;162206.897;162206.897;162206.897;162206.897;162206.897;162206.897;162995.491;163060.314;163060.314;163426.096;163426.096;163426.096;163426.096;163540.104;163540.104;163540.104;163660.311;163660.311;163751.331;163751.331;163751.331;163751.331;163751.331;163751.331;163751.331;164613.317;164613.317;164613.317;164613.317;164620.957;164620.957;164620.957;164620.957;164716.859;164716.859;164716.869;164817.571;164817.571;164817.571;164817.571;164817.571;164817.571;164819.347;164819.347;164819.347;164819.347;164819.347;164819.347;164819.347;164819.347;164819.347;164819.347;164823.328;164823.328;164823.328;164823.328;164908.689;164927.713;164945.734;164945.734;164945.734;164945.734;164948.707;164948.742;164948.742;164948.761;164948.761;164948.761;164955.709;164955.709;164955.709;164956.023;164957.133;164957.337;164961.298;164964.425;164966.893;164976.510;164981.371;164982.168;164994.665;165035.744;165038.734;165038.734;165040.633;165060.835;165061.560;165064.616;165066.230;165068.723;165069.269;165074.483;165083.012;165083.186;165086.605;165088.839;165089.687;165090.428;165098.071;165102.129;165102.949;165137.515;165137.598;165137.925;165139.332;165149.144;165154.930;165158.195;165160.125;165162.068;165162.141;165162.141;165162.746;165163.092;165163.429;165163.642;165163.852;165163.878;165163.887;165163.887;165163.943;165163.952;165164.285;165165.232;165165.348;165165.723;165165.787;165166.006;165166.124;165166.549;165167.457;165168.966;165169.952;165170.149;165170.180;165170.180;165170.185;165170.195;165170.195;165170.197;165170.240;165170.368;165170.408;165170.414;165170.675;165171.196;165171.560;165171.841;165171.941;165171.970;165172.054;165172.294;165172.438;165172.538;165172.651;165172.706;165172.727;165172.749;165172.767;165172.783;165172.801;165172.810;165172.818;165172.824;165172.832;165172.838;165172.838;165172.839;165172.839;165172.839;165172.841;165172.841;165172.843;165172.846;165172.849;165172.957;165172.987;165173.000;165173.005;165173.013;165173.025
PSOC,1,750,12,7,120030,random,120030,167123.97899317223,168548.84843681793,1424.8694436457008,True,315.3456411565662,96.71844010200039,712.286 234.838;-532.726 310.224;593.398 -458.671;-223.405 248.876;-533.209 -519.002;-236.977 -711.577;326.248 633.404;186.512 175.750;-22.137 707.603;6.935 -496.741;-749.594 -24.654;336.502 -235.099,nan;nan;nan;161351.237;162571.369;164281.118;165135.774;165522.659;165757.388;166540.619;166592.037;166611.350;166849.414;166888.016;166891.981;166939.900;166980.954;166982.722;166983.926;166988.408;166990.072;167015.425;167026.735;167030.359;167032.293;167101.748;167105.139;167110.455;167111.787;167112.672;167114.516;167114.775;167115.142;167115.567;167115.632;167117.848;167118.776;167119.023;167119.477;167119.975;167120.064;167120.207;167120.379;167120.430;167120.454;167120.666;167120.850;167120.950;167121.096;167121.198;167121.209;167121.234;167121.283;167121.314;167121.527;167121.540;167121.555;167121.570;167121.572;167121.572;167121.573;167121.958;167122.630;167123.205;167123.261;167123.275;167123.301;167123.322;167123.341;167123.371;167123.377;167123.389;167123.434;167123.472;167123.491;167123.492;167123.544;167123.597;167123.620;167123.631;167123.647;167123.661;167123.667;167123.669;167123.675;167123.683;167123.685;167123.695;167123.698;167123.701;167123.704;167123.707;167123.711;167123.726;167123.738;167123.740;167123.741;167123.741;167123.741;167123.741;167123.743;167123.751;167123.753;167123.754;167123.754;167123.755;167123.755;167123.756;167123.756;167123.756;167123.757;167123.757;167123.757;167123.757;167123.757;167123.757;167123.757;167123.757;167123.757;167123.757;167123.757;167123.757;167123.758;167123.758;167123.758;167123.758;167123.758;167123.758;167123.758;167123.758;167123.758;167123.758;167123.758;167123.758;167123.758;167123.758;167123.758;167123.758;167123.758;167123.758;167123.758;167123.758;167123.758;167123.758;167123.758;167123.758;167123.759;167123.759;167123.759;167123.759;167123.759;167123.759;167123.759;167123.759;167123.759;167123.759;167123.759;167123.759;167123.759;167123.759;167123.759;167123.759;167123.759;167123.759;167123.759;167123.759;167123.759;167123.759;167123.759;167123.917;167123.921;167123.921;167123.922;167123.923;167123.924;167123.925;167123.927;167123.927;167123.927;167123.927;167123.927;167123.927;167123.927;167123.927;167123.927;167123.927;167123.927;167123.968;167123.969;167123.969;167123.969;167123.969;167123.969;167123.969;167123.970;167123.970;167123.978;167123.978;167123.979;167123.979
PSOC,1,750,12,15,120030,random,120030,166792.8955484788,168548.84843681793,1755.9528883391467,True,358.4811826233271,92.82329642999957,222.686 716.178;430.629 -577.834;-135.147 737.722;-137.909 -193.300;-310.254 188.365;-508.974 -550.859;236.234 -210.777;41.972 263.828;425.686 335.996;-737.091 138.552;28.573 -660.484;701.242 -266.007,nan;nan;nan;nan;157089.335;157870.151;159825.177;162749.213;164431.344;165018.575;165131.759;165224.120;165292.834;165324.427;165964.902;166232.324;166286.483;166324.359;166367.415;166579.617;166607.678;166616.835;166638.768;166639.603;166662.998;166676.281;166678.624;166684.831;166689.208;166691.602;166695.560;166699.938;166703.500;166706.021;166714.703;166744.556;166750.427;166752.273;166755.137;166757.901;166759.439;166761.421;166764.802;166770.611;166770.906;166771.648;166772.513;166775.366;166775.563;166775.731;166775.858;166775.892;166775.924;166776.134;166776.165;166776.174;166776.187;166776.366;166776.452;166776.520;166776.744;166776.790;166776.800;166776.838;166776.874;166776.893;166776.903;166776.979;166776.987;166777.639;166779.667;166779.778;166779.811;166779.832;166779.885;166779.913;166779.929;166781.880;166782.769;166782.946;166783.024;166783.045;166783.046;166783.047;166783.047;166783.707;166784.472;166784.940;166785.566;166785.777;166785.867;166785.941;166786.367;166786.638;166786.843;166788.530;166790.296;166790.368;166790.396;166790.558;166790.635;166790.645;166790.648;166790.662;166790.671;166790.855;166791.035;166791.098;166791.137;166791.186;166791.228;166791.339;166791.349;166791.400;166791.805;166791.810;166791.857;166791.863;166791.872;166791.876;166791.879;166791.880;166791.882;166791.882;166791.883;166791.898;166791.905;166791.907;166791.908;166791.909;166791.919;166791.923;166791.937;166792.056;166792.431;166792.670;166792.785;166792.786;166792.787;166792.790;166792.791;166792.792;166792.793;166792.793;166792.794;166792.794;166792.795;166792.795;166792.795;166792.795;166792.795;166792.795;166792.796;166792.796;166792.796;166792.796;166792.796;166792.827;166792.828;166792.828;166792.828;166792.828;166792.828;166792.828;166792.829;166792.829;166792.831;166792.831;166792.831;166792.831;166792.831;166792.833;166792.841;166792.867;166792.867;166792.867;166792.870;166792.871;166792.874;166792.875;166792.875;166792.882;166792.885;166792.894;166792.895;166792.895;166792.895;166792.895;166792.895;166792.895;166792.895;166792.895;166792.895;166792.895;166792.895;166792.895;166792.895;166792.896;166792.896;166792.896
PSOC,1,750,12,23,120030,random,120030,166481.0992243104,168548.84843681793,2067.749212507537,True,309.740172398584,93.32081353800004,125.062 449.264;335.288 -362.213;711.501 237.184;125.014 -666.900;-747.197 -64.486;-362.900 -655.064;487.712 -33.998;-201.425 708.914;-555.948 -357.917;-184.112 -290.316;-497.357 561.134;644.265 -383.943,nan;nan;160801.136;161968.892;163483.224;164925.997;165030.551;165222.357;165311.414;165406.230;165508.831;165865.940;165918.332;165934.524;165948.524;165974.220;165979.307;165984.497;166002.297;166013.424;166017.023;166020.679;166022.393;166022.881;166026.533;166026.852;166027.939;166029.062;166029.733;166030.167;166030.258;166030.294;166030.309;166030.338;166030.351;166030.361;166030.563;166031.062;166031.828;166031.890;166032.015;166032.050;166032.262;166036.296;166037.581;166038.289;166038.553;166038.590;166038.649;166038.894;166038.957;166039.351;166042.807;166042.935;166043.037;166043.125;166043.161;166043.163;166043.170;166043.174;166043.178;166043.180;166043.189;166043.200;166043.205;166043.205;166043.207;166043.217;166043.218;166043.226;166043.230;166043.231;166043.234;166043.235;166043.246;166043.269;166052.826;166053.720;166054.284;166054.309;166054.316;166054.324;166054.328;166054.349;166054.435;166054.437;166054.438;166054.439;166054.440;166054.444;166054.455;166054.477;166054.480;166054.484;166054.487;166054.488;166054.490;166054.492;166054.507;166054.515;166054.532;166054.576;166054.631;166054.953;166055.042;166055.138;166055.279;166056.101;166057.340;166057.461;166057.475;166057.497;166057.512;166057.512;166057.515;166057.516;166057.516;166057.517;166057.556;166057.557;166057.560;166057.562;166057.563;166057.565;166057.566;166057.567;166057.568;166057.575;166057.575;166057.576;166057.576;166057.576;166057.576;166057.577;166057.577;166057.577;166057.577;166057.577;166057.577;166057.577;166057.577;166057.577;166057.577;166057.577;166057.577;166057.577;166057.577;166057.577;166057.577;166057.577;166057.577;166057.577;166057.577;166057.577;166057.577;166057.577;166057.577;166057.578;166057.581;166057.583;166057.588;166057.588;166364.932;166386.232;166397.919;166441.539;166442.676;166446.734;166448.901;166450.418;166451.290;166452.385;166453.535;166453.888;166454.770;166458.270;166461.806;166463.004;166463.193;166463.355;166463.579;166463.652;166464.226;166465.548;166477.077;166477.480;166478.021;166478.218;166478.474;166478.598;166478.651;166478.674;166478.736;166479.115;166479.227;166479.518;166480.226;166480.505;166480.850;166481.097
DE,1,750,12,1,120030,random,120030,167211.782405148,168548.84843681793,1337.066031669936,True,313.14349055784015,103.5958268659997,9.846 357.235;172.986 -186.853;-488.522 -448.592;350.682 -662.964;-329.293 35.396;-13.385 -742.323;370.809 381.257;-748.085 53.565;678.022 320.602;-138.877 737.030;-484.174 465.093;536.657 -168.802,nan;nan;nan;nan;nan;nan;nan;nan;nan;nan;nan;nan;nan;nan;nan;nan;nan;nan;nan;nan;nan;nan;nan;nan;nan;nan;nan;nan;nan;nan;nan;nan;nan;nan;nan;nan;159025.953;159025.953;160428.277;164269.070;165523.831;165856.285;166229.369;166229.369;166353.769;166626.729;166674.319;166752.685;166754.175;166811.400;166929.059;166974.609;166974.609;166974.846;167005.859;167056.072;167056.072;167056.072;167056.072;167056.072;167056.072;167063.558;167071.649;167104.900;167104.900;167112.394;167121.565;167126.869;167131.908;167136.645;167139.527;167143.201;167168.626;167171.007;167174.000;167178.422;167182.512;167185.217;167187.118;167187.979;167188.964;167189.874;167190.527;167191.628;167193.061;167194.425;167195.825;167196.648;167197.689;167198.712;167199.388;167199.492;167199.844;167200.074;167200.311;167200.616;167200.730;167201.038;167201.208;167201.370;167201.540;167201.741;167201.840;167201.951;167202.160;167202.293;167202.392;167202.500;167202.627;167202.677;167202.794;167202.883;167202.959;167203.090;167203.246;167203.640;167203.943;167204.024;167204.308;167204.583;167204.865;167205.390;167205.939;167206.756;167207.567;167207.895;167208.125;167208.437;167208.716;167209.194;167209.478;167210.044;167210.464;167210.699;167210.804;167210.939;167211.029;167211.114;167211.156;167211.239;167211.341;167211.399;167211.421;167211.460;167211.475;167211.502;167211.551;167211.588;167211.618;167211.654;167211.675;167211.704;167211.721;167211.736;167211.741;167211.746;167211.749;167211.753;167211.755;167211.757;167211.759;167211.762;167211.763;167211.765;167211.767;167211.768;167211.770;167211.772;167211.773;167211.774;167211.775;167211.776;167211.776;167211.777;167211.777;167211.777;167211.778;167211.778;167211.778;167211.778;167211.779;167211.779;167211.779;167211.779;167211.780;167211.780;167211.780;167211.780;167211.780;167211.780;167211.780;167211.781;167211.781;167211.781;167211.782;167211.782;167211.782;167211.782;167211.782;167211.782
DE,1,750,12,9,120030,random,120030,165887.1904640873,168548.84843681793,2661.657972730638,True,318.56878022209173,156.8966056070003,-410.926 627.407;738.575 130.409;-143.207 -467.391;41.966 -748.825;294.135 228.413;69.551 -131.209;570.525 -486.826;406.684 -111.668;-146.534 449.691;471.559 574.077;-600.736 -449.015;-602.206 262.635,nan;nan;nan;nan;nan;nan;nan;nan;nan;nan;nan;nan;nan;nan;nan;nan;nan;nan;nan;nan;159837.744;163571.775;164104.037;164104.037;164650.658;164832.491;165003.776;165250.384;165250.384;165250.384;165360.833;165416.704;165549.504;165670.383;165713.550;165713.550;165734.395;165770.960;165796.279;165800.085;165807.269;165813.299;165820.315;165820.894;165823.950;165826.361;165828.816;165831.205;165833.395;165835.507;165837.155;165839.029;165839.835;165841.141;165841.936;165843.946;165845.546;165846.829;165848.339;165849.095;165849.918;165850.776;165851.831;165855.606;165858.214;165858.825;165860.041;165862.667;165863.784;165865.763;165866.816;165868.235;165869.122;165870.057;165872.169;165872.985;165874.026;165875.299;165875.916;165876.617;165877.005;165877.245;165877.576;165877.924;165878.127;165878.347;165878.638;165879.098;165879.331;165879.481;165879.669;165879.846;165879.957;165880.106;165880.290;165880.701;165880.780;165881.088;165881.513;165881.964;165882.385;165882.612;165882.908;165883.354;165883.501;165884.194;165884.446;165884.588;165884.680;165884.828;165884.883;165885.023;165885.088;165885.201;165885.380;165885.524;165885.635;165885.780;165885.887;165885.927;165885.969;165886.036;165886.076;165886.133;165886.184;165886.294;165886.391;165886.442;165886.503;165886.543;165886.596;165886.637;165886.667;165886.685;165886.704;165886.714;165886.729;165886.740;165886.751;165886.764;165886.773;165886.783;165886.798;165886.826;165886.854;165886.889;165886.903;165886.922;165886.940;165886.963;165886.991;165886.995;165887.005;165887.020;165887.027;165887.035;165887.043;165887.047;165887.051;165887.054;165887.056;165887.059;165887.061;165887.062;165887.066;165887.069;165887.071;165887.074;165887.078;165887.084;165887.090;165887.094;165887.097;165887.100;165887.103;165887.109;165887.112;165887.117;165887.119;165887.119;165887.122;165887.128;165887.131;165887.140;165887.146;165887.150;165887.154;165887.158;165887.161;165887.163;165887.166;165887.170;165887.173;165887.175;165887.178;165887.181;165887.183;165887.185;165887.188;165887.190
DE,1,750,12,17,120030,random,120030,166452.0151628918,168548.84843681793,2096.8332739261386,True,327.34414428565526,173.90419565699995,133.508 -224.912;348.770 83.901;746.931 67.784;279.306 -647.912;-302.146 -497.035;510.390 -284.507;501.603 557.579;-692.855 -287.145;-424.887 -99.136;-139.367 94.970;-580.863 460.273;-107.570 742.246,nan;nan;nan;nan;nan;nan;nan;nan;nan;nan;nan;nan;nan;nan;nan;nan;nan;nan;nan;nan;nan;nan;nan;nan;nan;nan;nan;nan;nan;nan;nan;nan;nan;nan;nan;nan;nan;163964.338;164311.542;164719.080;165247.331;165277.349;165461.175;165551.593;165770.817;165801.659;165902.430;166083.805;166121.442;166175.167;166222.027;166257.649;166316.756;166346.919;166372.967;166386.419;166394.377;166399.720;166408.373;166412.191;166416.485;166419.809;166422.871;166427.731;166429.959;166431.422;166432.535;166433.355;166434.191;166434.885;166435.468;166436.066;166436.381;166436.846;166437.275;166438.016;166438.732;166439.996;166441.890;166443.425;166443.881;166444.689;166445.466;166446.281;166446.901;166447.313;166447.917;166448.653;166449.039;166449.366;166449.664;166449.943;166450.216;166450.446;166450.590;166450.771;166450.896;166451.110;166451.110;166451.178;166451.192;166451.256;166451.273;166451.312;166451.355;166451.372;166451.394;166451.428;166451.436;166451.460;166451.498;166451.544;166451.560;166451.600;166451.622;166451.666;166451.679;166451.713;166451.738;166451.751;166451.770;166451.791;166451.803;166451.819;166451.840;166451.863;166451.890;166451.896;166451.907;166451.917;166451.921;166451.924;166451.928;166451.930;166451.936;166451.937;166451.937;166451.940;166451.942;166451.945;166451.947;166451.950;166451.950;166451.952;166451.953;166451.955;166451.956;166451.957;166451.958;166451.959;166451.960;166451.961;166451.962;166451.962;166451.963;166451.965;166451.968;166451.971;166451.972;166451.974;166451.976;166451.978;166451.980;166451.982;166451.985;166451.987;166451.989;166451.991;166451.995;166451.999;166452.001;166452.002;166452.003;166452.004;166452.006;166452.006;166452.007;166452.008;166452.008;166452.009;166452.010;166452.010;166452.011;166452.012;166452.012;166452.013;166452.013;166452.014;166452.014;166452.014;166452.014;166452.015;166452.015;166452.015;166452.015;166452.015;166452.015;166452.015;166452.015;166452.015
DE,1,750,12,25,120030,random,120030,167090.15072840278,168548.84843681793,1458.6977084151586,True,308.00049277750026,204.93335630599995,-533.131 404.180;-221.492 -716.548;749.188 34.868;285.074 451.919;10.839 -514.344;-747.270 -63.934;-226.097 50.989;613.178 431.872;289.555 -313.426;9.238 749.943;-519.568 -523.041;601.087 -292.450,nan;nan;nan;nan;nan;nan;nan;nan;nan;nan;nan;nan;nan;nan;nan;nan;nan;nan;nan;nan;nan;nan;nan;nan;nan;nan;nan;nan;nan;nan;nan;nan;nan;nan;nan;nan;162913.303;164892.566;165238.276;165433.373;165917.381;165917.381;165917.381;166402.196;166607.803;166643.325;166835.195;166835.195;166873.600;166957.847;166957.847;166968.245;166968.874;166978.994;167011.183;167011.183;167011.183;167011.183;167015.278;167036.279;167036.279;167051.172;167054.787;167061.650;167063.923;167064.442;167066.747;167068.789;167070.753;167074.094;167077.084;167078.425;167079.862;167080.136;167081.131;167081.684;167082.216;167082.763;167082.972;167083.206;167083.516;167083.673;167083.881;167083.917;167084.013;167084.148;167084.206;167084.331;167084.452;167084.552;167084.693;167085.133;167086.614;167086.862;167086.941;167087.118;167087.276;167087.395;167087.534;167087.622;167087.699;167087.806;167087.901;167087.981;167088.071;167088.261;167088.550;167088.888;167089.124;167089.267;167089.347;167089.424;167089.459;167089.509;167089.537;167089.565;167089.594;167089.620;167089.655;167089.695;167089.750;167089.800;167089.841;167089.869;167089.900;167089.912;167089.918;167089.936;167089.947;167089.961;167089.985;167090.005;167090.018;167090.024;167090.029;167090.041;167090.054;167090.057;167090.063;167090.063;167090.069;167090.074;167090.079;167090.080;167090.091;167090.099;167090.104;167090.106;167090.108;167090.111;167090.112;167090.115;167090.117;167090.121;167090.123;167090.124;167090.125;167090.128;167090.130;167090.130;167090.132;167090.133;167090.134;167090.136;167090.137;167090.138;167090.140;167090.141;167090.143;167090.144;167090.144;167090.145;167090.145;167090.146;167090.146;167090.147;167090.147;167090.147;167090.147;167090.148;167090.148;167090.148;167090.148;167090.148;167090.148;167090.148;167090.149;167090.149;167090.149;167090.149;167090.149;167090.150;167090.150;167090.150;167090.150;167090.150;167090.150;167090.150;167090.151;167090.151
SLSQP,1,750,12,3,120030,random,120030,165408.65607717173,168548.84843681793,3140.1923596462,True,310.4419077943662,323.57091325799956,674.020 327.848;497.729 -559.664;-416.737 -622.819;573.038 34.289;-644.152 -381.412;114.050 -734.261;-551.575 397.564;-158.374 347.621;114.616 45.274;293.510 -318.267;-310.843 664.448;-413.574 37.406,163180.142;163596.866;163614.823;164367.237;164367.237;164367.237;164367.237;164367.237;164367.237;164367.237;164367.237;164367.237;165037.892;165037.892;165037.892;165037.892;165037.892;165037.892;165037.892;165037.892;165037.892;165037.892;165037.892;165037.892;165037.892;165037.892;165037.892;165037.892;165112.185;165112.185;165112.185;165112.185;165112.185;165112.185;165112.185;165112.185;165112.185;165112.185;165112.185;165112.185;165112.185;165112.185;165112.185;165112.185;165112.185;165112.185;165112.185;165112.185;165112.185;165112.185;165211.226;165211.226;165211.226;165211.226;165211.226;165211.226;165211.226;165211.226;165211.226;165211.226;165211.226;165288.993;165288.993;165288.993;165288.993;165288.993;165288.993;165288.993;165288.993;165288.993;165288.993;165288.993;165288.993;165288.993;165288.993;165288.993;165288.993;165288.993;165288.993;165288.993;165288.993;165288.993;165288.993;165288.993;165288.993;165288.993;165288.993;165288.993;165288.993;165288.993;165288.993;165288.993;165288.993;165288.993;165288.993;165288.993;165288.993;165288.993;165288.993;165288.993;165288.993;165288.993;165288.993;165288.993;165288.993;165375.854;165408.656;165408.656;165408.656;165408.656;165408.656;165408.656;165408.656;165408.656;165408.656;165408.656;165408.656;165408.656;165408.656;165408.656;165408.656;165408.656;165408.656;165408.656;165408.656;165408.656;165408.656;165408.656;165408.656;165408.656;165408.656;165408.656;165408.656;165408.656;165408.656;165408.656;165408.656;165408.656;165408.656;165408.656;165408.656;165408.656;165408.656;165408.656;165408.656;165408.656;165408.656;165408.656;165408.656;165408.656;165408.656;165408.656;165408.656;165408.656;165408.656;165408.656;165408.656;165408.656;165408.656;165408.656;165408.656;165408.656;165408.656;165408.656;165408.656;165408.656;165408.656;165408.656;165408.656;165408.656;165408.656;165408.656;165408.656;165408.656;165408.656;165408.656;165408.656;165408.656;165408.656;165408.656;165408.656;165408.656;165408.656;165408.656;165408.656;165408.656;165408.656;165408.656;165408.656;165408.656;165408.656;165408.656;165408.656;165408.656;165408.656;165408.656;165408.656;165408.656;165408.656;165408.656
SLSQP,1,750,12,11,120030,random,120030,166553.87015433994,168548.84843681793,1994.9782824779977,True,354.2729896449367,426.81894005699996,-78.711 686.708;173.752 310.300;628.395 399.105;-500.376 480.799;632.354 -401.640;323.589 -140.194;-723.469 135.021;-321.753 -20.087;325.211 630.565;-140.303 -423.462;-505.558 -552.375;69.496 -722.907,161288.944;161288.944;161288.944;163681.421;164296.780;164296.780;164296.780;164296.780;164296.780;164296.780;164296.780;164296.780;164647.132;164647.140;164666.665;164666.665;164881.963;164887.932;164887.932;164887.932;164887.932;164887.932;164887.932;164887.932;164887.932;164887.932;164887.932;164887.932;164887.932;164887.932;165171.901;165293.492;165324.589;165325.223;165325.763;165325.836;165325.836;165325.836;165325.836;165325.836;165325.836;165325.836;165325.836;165325.836;165325.836;165325.836;165325.836;165325.836;165325.836;165325.836;165325.836;165325.836;165325.836;165325.836;165325.836;165325.836;165325.836;165325.836;165325.836;165325.836;165325.836;165325.836;165325.836;165325.836;165325.836;165325.836;165325.836;165325.836;165325.836;165325.836;165325.836;165325.836;165325.836;165325.836;165325.836;165325.836;165325.836;165325.836;165325.836;165325.836;165325.836;165325.836;165325.836;165325.836;165325.836;165325.836;165325.836;165325.836;165325.836;165325.836;165325.836;165325.836;165325.836;165325.836;165325.836;165325.836;165325.836;165325.836;165325.836;165325.836;165325.836;165325.836;165325.836;165325.836;165325.836;165325.836;165325.836;165325.836;165325.836;165325.836;165325.836;165325.836;165325.836;165325.836;165325.836;165325.836;165325.836;165325.836;165325.836;165325.836;165325.836;165325.836;165325.836;165325.836;165325.836;165325.836;165325.836;165325.836;165325.836;165325.836;165325.836;165325.836;165325.836;165325.836;165325.836;165325.836;165325.836;165325.836;165325.836;165325.836;165325.836;165325.836;165325.836;165325.836;165325.836;165325.836;165325.836;165325.836;165325.836;165325.836;165325.836;165325.836;165325.836;165325.836;165325.836;165325.836;165325.836;165325.836;165325.836;165325.836;165325.836;165325.836;165325.836;165325.836;165325.836;165325.836;165325.836;165325.836;165325.836;165325.836;165325.836;165325.836;166145.190;166239.371;166547.085;166553.870;166553.870;166553.870;166553.870;166553.870;166553.870;166553.870;166553.870;166553.870;166553.870;166553.870;166553.870;166553.870;166553.870;166553.870;166553.870;166553.870;166553.870;166553.870;166553.870;166553.870;166553.870;166553.870;166553.870;166553.870
SLSQP,1,750,12,19,120030,random,120030,165586.53483726,168548.84843681793,2962.313599557936,True,338.5480179955681,427.6893477530002,-66.241 -124.998;443.325 -582.818;-744.843 43.212;-202.702 283.643;645.746 372.295;277.571 -83.716;104.094 -717.163;-605.571 -376.834;394.981 627.126;-247.608 -594.618;134.869 309.333;-324.340 646.197,163843.975;164123.559;164123.559;164123.559;164123.559;164123.559;164123.559;164123.559;164816.209;165186.096;165187.814;165187.814;165187.814;165187.814;165187.814;165187.814;165187.814;165187.814;165187.814;165187.814;165187.814;165187.814;165187.814;165187.814;165187.814;165187.814;165187.814;165187.814;165187.814;165187.814;165187.814;165187.814;165187.814;165187.814;165187.814;165187.814;165187.814;165187.814;165187.814;165187.814;165187.814;165187.814;165187.814;165187.814;165187.814;165187.814;165187.814;165187.814;165187.814;165187.814;165187.814;165187.814;165187.814;165187.814;165187.814;165187.814;165187.814;165187.814;165187.814;165187.814;165187.814;165187.814;165187.814;165187.814;165187.814;165187.814;165187.814;165187.814;165187.814;165187.814;165187.814;165187.814;165187.814;165187.814;165187.814;165187.814;165187.814;165187.814;165187.814;165187.814;165187.814;165187.814;165187.814;165187.814;165187.814;165187.814;165187.814;165187.814;165187.814;165187.814;165187.814;165187.814;165187.814;165187.814;165187.814;165187.814;165187.814;165187.814;165187.814;165187.814;165187.814;165187.814;165187.814;165187.814;165187.814;165187.814;165187.814;165187.814;165187.814;165187.814;165187.814;165187.814;165187.814;165187.814;165187.814;165187.814;165187.814;165187.814;165187.814;165187.814;165187.814;165187.814;165187.814;165187.814;165187.814;165187.814;165187.814;165187.814;165187.814;165187.814;165187.814;165187.814;165344.703;165586.535;165586.535;165586.535;165586.535;165586.535;165586.535;165586.535;165586.535;165586.535;165586.535;165586.535;165586.535;165586.535;165586.535;165586.535;165586.535;165586.535;165586.535;165586.535;165586.535;165586.535;165586.535;165586.535;165586.535;165586.535;165586.535;165586.535;165586.535;165586.535;165586.535;165586.535;165586.535;165586.535;165586.535;165586.535;165586.535;165586.535;165586.535;165586.535;165586.535;165586.535;165586.535;165586.535;165586.535;165586.535;165586.535;165586.535;165586.535;165586.535;165586.535;165586.535;165586.535;165586.535;165586.535;165586.535;165586.535;165586.535;165586.535;165586.535;165586.535;165586.535;165586.535;165586.535;165586.535;165586.535;165586.535;165586.535
SLSQP,1,750,12,27,120030,random,120030,165533.80938645225,168548.84843681793,3015.0390503656818,True,308.6753263809541,406.3870393139996,48.788 -291.859;439.654 239.804;623.827 -416.297;-78.572 123.876;-306.107 -261.252;44.540 508.610;231.221 -713.464;-645.690 -93.428;-82.130 -673.553;739.623 124.319;294.456 689.778;-276.513 657.612,161754.889;161862.033;161872.299;162180.880;162180.880;162180.880;162180.880;162180.880;163259.482;163684.149;165431.163;165431.163;165530.125;165533.809;165533.809;165533.809;165533.809;165533.809;165533.809;165533.809;165533.809;165533.809;165533.809;165533.809;165533.809;165533.809;165533.809;165533.809;165533.809;165533.809;165533.809;165533.809;165533.809;165533.809;165533.809;165533.809;165533.809;165533.809;165533.809;165533.809;165533.809;165533.809;165533.809;165533.809;165533.809;165533.809;165533.809;165533.809;165533.809;165533.809;165533.809;165533.809;165533.809;165533.809;165533.809;165533.809;165533.809;165533.809;165533.809;165533.809;165533.809;165533.809;165533.809;165533.809;165533.809;165533.809;165533.809;165533.809;165533.809;165533.809;165533.809;165533.809;165533.809;165533.809;165533.809;165533.809;165533.809;165533.809;165533.809;165533.809;165533.809;165533.809;165533.809;165533.809;165533.809;165533.809;165533.809;165533.809;165533.809;165533.809;165533.809;165533.809;165533.809;165533.809;165533.809;165533.809;165533.809;165533.809;165533.809;165533.809;165533.809;165533.809;165533.809;165533.809;165533.809;165533.809;165533.809;165533.809;165533.809;165533.809;165533.809;165533.809;165533.809;165533.809;165533.809;165533.809;165533.809;165533.809;165533.809;165533.809;165533.809;165533.809;165533.809;165533.809;165533.809;165533.809;165533.809;165533.809;165533.809;165533.809;165533.809;165533.809;165533.809;165533.809;165533.809;165533.809;165533.809;165533.809;165533.809;165533.809;165533.809;165533.809;165533.809;165533.809;165533.809;165533.809;165533.809;165533.809;165533.809;165533.809;165533.809;165533.809;165533.809;165533.809;165533.809;165533.809;165533.809;165533.809;165533.809;165533.809;165533.809;165533.809;165533.809;165533.809;165533.809;165533.809;165533.809;165533.809;165533.809;165533.809;165533.809;165533.809;165533.809;165533.809;165533.809;165533.809;165533.809;165533.809;165533.809;165533.809;165533.809;165533.809;165533.809;165533.809;165533.809;165533.809;165533.809;165533.809;165533.809;165533.809;165533.809;165533.809;165533.809;165533.809;165533.809;165533.809;165533.809;165533.809;165533.809;165533.809
SSABV,1,500,10,5,120030,random,120030,137366.5714524348,140457.3736973483,3090.8022449135024,True,308.1351521280351,247.7135443750003,-367.860 338.292;475.000 -155.436;-381.906 -322.691;-238.735 -13.425;95.672 -122.491;361.230 199.588;-70.718 -480.469;247.676 -432.497;-59.024 286.193;195.725 459.541,nan;nan;nan;nan;nan;nan;nan;nan;nan;nan;nan;nan;nan;nan;nan;nan;nan;nan;nan;nan;nan;nan;nan;nan;nan;nan;nan;nan;nan;nan;nan;nan;nan;nan;nan;nan;nan;nan;nan;nan;nan;nan;nan;nan;nan;nan;nan;nan;nan;nan;nan;132486.956;133707.912;133892.715;133963.571;134007.157;134007.157;134029.045;134172.492;134258.520;134258.735;134280.705;134280.705;134280.705;134299.617;134341.613;134381.882;134399.186;134408.742;134428.323;134440.921;134456.373;134456.373;134456.373;134456.598;134458.202;134460.405;134462.043;134462.888;134463.796;134465.431;134466.126;134466.926;134467.594;134468.203;134468.555;134468.589;134468.766;134468.919;134468.997;134469.128;134469.229;134469.295;134469.343;134469.390;134469.419;134469.450;134469.473;134469.481;134469.489;134571.160;134572.126;135138.948;135869.378;135882.097;135891.854;135891.854;135891.854;135891.854;135891.854;135891.854;135891.854;135891.854;136364.098;136626.696;136961.749;136974.775;136975.559;136975.559;136975.559;136975.559;136975.559;136975.559;136975.559;136975.559;136975.559;136975.559;136975.559;136975.559;136975.559;136975.559;136975.559;136975.559;136975.559;136975.559;136975.559;136975.559;136975.559;136975.559;136975.559;136975.559;136975.559;136975.559;136975.559;136975.559;136975.559;136975.559;136975.559;136975.559;136975.559;136975.559;136975.559;136975.559;137296.362;137357.113;137366.571;137366.571;137366.571;137366.571;137366.571;137366.571;137366.571;137366.571;137366.571;137366.571;137366.571;137366.571;137366.571;137366.571;137366.571;137366.571;137366.571;137366.571;137366.571;137366.571;137366.571;137366.571;137366.571;137366.571;137366.571;137366.571;137366.571;137366.571;137366.571;137366.571;137366.571;137366.571;137366.571;137366.571;137366.571;137366.571;137366.571;137366.571;137366.571;137366.571;137366.571;137366.571;137366.571;137366.571;137366.571
SSABV,1,500,10,13,120030,random,120030,136552.84958541216,140457.3736973483,3904.524111936131,True,308.1810377931896,109.97049558199978,-359.605 -346.917;-23.765 -498.438;-185.689 -92.499;-144.547 477.878;181.898 465.625;420.266 263.633;436.088 -243.507;-0.236 186.469;132.869 -187.319;-499.219 22.668,nan;nan;nan;nan;nan;nan;nan;nan;nan;nan;nan;nan;nan;nan;nan;nan;nan;nan;nan;nan;nan;nan;nan;nan;nan;nan;nan;nan;nan;nan;nan;nan;nan;nan;nan;nan;nan;nan;nan;nan;nan;nan;nan;nan;nan;nan;nan;nan;nan;133579.860;133983.259;133983.259;134017.131;134329.294;134329.294;134382.583;134459.006;134670.586;134737.864;134756.809;134756.809;134807.277;134824.526;134829.846;134842.798;134848.924;134848.924;134861.334;134861.877;134869.022;134874.713;134879.462;134882.868;134887.139;134891.498;134895.868;134898.193;134899.671;134899.671;134900.345;134901.633;134902.441;134902.824;134903.143;134903.671;134903.928;134904.196;134904.289;134904.389;134904.420;134904.469;134904.492;134904.523;134904.543;134904.547;134904.554;134904.558;134904.564;134904.574;134904.582;134957.540;134971.224;134979.551;134981.922;134981.922;134981.922;134981.922;134981.922;134981.922;134981.922;134981.922;134981.922;135000.810;135026.441;135026.441;136144.932;136190.652;136194.929;136194.929;136194.929;136194.929;136194.929;136194.929;136194.929;136194.929;136218.329;136227.074;136227.074;136227.074;136227.074;136227.074;136227.074;136227.074;136227.074;136227.074;136227.074;136227.074;136227.074;136227.074;136227.074;136227.074;136227.074;136227.074;136227.074;136227.074;136227.074;136227.074;136227.074;136227.074;136227.074;136227.074;136227.074;136227.074;136227.074;136227.074;136227.074;136227.074;136227.074;136227.074;136227.074;136227.074;136291.998;136509.222;136542.677;136552.850;136552.850;136552.850;136552.850;136552.850;136552.850;136552.850;136552.850;136552.850;136552.850;136552.850;136552.850;136552.850;136552.850;136552.850;136552.850;136552.850;136552.850;136552.850;136552.850;136552.850;136552.850;136552.850;136552.850;136552.850;136552.850;136552.850;136552.850;136552.850;136552.850;136552.850;136552.850;136552.850;136552.850;136552.850;136552.850
SSABV,1,500,10,21,120030,random,120030,138675.34335988172,140457.3736973483,1782.0303374665673,True,317.2812880143535,96.48282968500007,146.124 -117.683;-159.747 87.343;-340.201 -365.723;322.712 -381.282;23.938 -489.062;-495.312 27.127;488.281 57.167;320.369 383.831;-18.262 454.574;-342.562 363.752,nan;nan;nan;nan;nan;nan;nan;nan;nan;nan;nan;nan;nan;nan;nan;nan;nan;nan;nan;nan;nan;nan;nan;nan;nan;nan;nan;nan;nan;nan;nan;nan;nan;nan;nan;nan;nan;nan;nan;nan;nan;nan;nan;nan;nan;132300.502;134378.918;134378.918;135486.933;136199.881;136425.384;136425.384;136459.745;136516.358;136640.922;136671.452;136671.452;136674.313;136681.829;136763.333;136767.153;136767.558;136809.037;136814.364;136814.364;136814.364;136819.567;136822.967;136828.635;136837.534;136845.913;136856.148;136862.586;136866.039;136870.008;136872.485;136873.287;136874.487;136874.880;136875.439;136875.550;136875.882;136876.351;136876.479;136876.572;136876.774;136876.853;136876.912;136876.963;136877.012;136877.034;136877.082;136877.102;136877.114;136877.118;136877.126;136877.132;136877.143;136877.150;136877.156;136942.988;136984.903;137000.385;137006.329;137007.119;138348.433;138644.016;138658.425;138670.286;138675.343;138675.343;138675.343;138675.343;138675.343;138675.343;138675.343;138675.343;138675.343;138675.343;138675.343;138675.343;138675.343;138675.343;138675.343;138675.343;138675.343;138675.343;138675.343;138675.343;138675.343;138675.343;138675.343;138675.343;138675.343;138675.343;138675.343;138675.343;138675.343;138675.343;138675.343;138675.343;138675.343;138675.343;138675.343;138675.343;138675.343;138675.343;138675.343;138675.343;138675.343;138675.343;138675.343;138675.343;138675.343;138675.343;138675.343;138675.343;138675.343;138675.343;138675.343;138675.343;138675.343;138675.343;138675.343;138675.343;138675.343;138675.343;138675.343;138675.343;138675.343;138675.343;138675.343;138675.343;138675.343;138675.343;138675.343;138675.343;138675.343;138675.343;138675.343;138675.343;138675.343;138675.343;138675.343;138675.343;138675.343;138675.343;138675.343;138675.343;138675.343;138675.343;138675.343;138675.343;138675.343;138675.343;138675.343;138675.343;138675.343;138675.343;138675.343
SSABV,1,500,10,29,120030,random,120030,136841.21031906872,140457.3736973483,3616.163378279569,True,308.26668048383453,90.10052513199935,85.864 -492.188;178.405 467.048;-443.559 158.843;151.589 -168.020;-227.222 -387.570;477.344 -147.209;-275.373 417.188;-463.109 -186.868;371.116 173.114;-98.158 35.902,nan;nan;nan;nan;nan;nan;nan;nan;nan;nan;nan;nan;nan;nan;nan;nan;nan;nan;nan;nan;nan;nan;nan;nan;nan;nan;nan;nan;nan;nan;nan;nan;nan;nan;nan;nan;nan;nan;nan;nan;nan;nan;nan;nan;nan;nan;nan;nan;130538.353;130538.353;131423.196;132518.010;132528.898;132835.416;132969.781;133075.912;133093.531;133107.605;133107.605;133277.873;133280.186;133297.779;133297.779;133308.960;133353.277;133356.399;133361.460;133364.459;133365.075;133366.855;133367.332;133373.370;133375.501;133377.846;133380.902;133382.115;133383.698;133385.789;133387.055;133387.163;133387.426;133387.428;133387.724;133387.913;133388.150;133388.291;133388.332;133388.340;133388.405;133388.478;133388.497;133388.512;133388.520;133388.529;133388.533;133388.536;133388.539;133388.542;133388.549;133388.554;134701.391;134713.143;135913.016;136114.844;136131.868;136134.818;136134.818;136138.222;136164.254;136174.837;136175.007;136175.007;136175.007;136175.007;136175.007;136175.007;136175.007;136175.007;136175.007;136175.007;136175.007;136175.007;136175.007;136723.089;136805.613;136833.288;136840.107;136841.210;136841.210;136841.210;136841.210;136841.210;136841.210;136841.210;136841.210;136841.210;136841.210;136841.210;136841.210;136841.210;136841.210;136841.210;136841.210;136841.210;136841.210;136841.210;136841.210;136841.210;136841.210;136841.210;136841.210;136841.210;136841.210;136841.210;136841.210;136841.210;136841.210;136841.210;136841.210;136841.210;136841.210;136841.210;136841.210;136841.210;136841.210;136841.210;136841.210;136841.210;136841.210;136841.210;136841.210;136841.210;136841.210;136841.210;136841.210;136841.210;136841.210;136841.210;136841.210;136841.210;136841.210;136841.210;136841.210;136841.210;136841.210;136841.210;136841.210;136841.210;136841.210;136841.210;136841.210;136841.210;136841.210;136841.210;136841.210;136841.210;136841.210;136841.210;136841.210;136841.210
LXBV,1,500,10,7,120030,random,120030,136277.19324624055,140457.3736973483,4180.180451107735,True,313.82083447364806,88.0150118219999,-350.552 -346.611;181.725 -34.820;-460.961 153.527;495.312 -22.711;-9.496 -499.638;-139.541 -76.468;-281.132 413.000;333.975 -339.857;59.192 484.428;351.778 347.553,nan;nan;nan;nan;nan;nan;nan;nan;nan;nan;nan;nan;nan;nan;nan;nan;nan;nan;nan;nan;nan;nan;nan;nan;nan;nan;nan;nan;nan;nan;nan;nan;nan;nan;nan;nan;nan;nan;nan;nan;nan;nan;nan;nan;nan;nan;nan;nan;nan;nan;nan;nan;nan;nan;nan;nan;nan;nan;nan;nan;nan;nan;nan;nan;nan;nan;nan;nan;nan;nan;nan;nan;nan;nan;nan;nan;nan;nan;nan;nan;nan;nan;nan;nan;nan;nan;nan;nan;nan;nan;nan;nan;nan;nan;nan;nan;nan;nan;nan;nan;nan;nan;nan;nan;nan;nan;nan;nan;132667.239;132836.225;132896.973;132915.258;132915.258;134540.845;134915.587;135015.857;135047.530;135055.719;135055.719;135055.719;135068.821;135076.871;135076.871;135076.871;135076.871;135076.871;135076.871;135076.871;135076.871;135885.167;135967.263;136001.730;136013.162;136013.577;136013.577;136013.577;136013.577;136013.577;136013.577;136013.577;136013.577;136013.577;136013.577;136013.577;136013.577;136013.577;136013.577;136013.577;136013.577;136013.577;136013.577;136013.577;136013.577;136013.577;136013.577;136013.577;136013.577;136013.577;136013.577;136013.577;136013.577;136013.577;136013.577;136013.577;136013.577;136013.577;136013.577;136013.577;136013.577;136013.577;136013.577;136013.577;136013.577;136013.577;136013.577;136013.577;136013.577;136013.577;136013.577;136013.577;136013.577;136013.577;136013.577;136013.577;136013.577;136013.577;136013.577;136013.577;136013.577;136013.577;136013.577;136013.577;136013.577;136013.577;136013.577;136013.577;136033.812;136168.781;136257.319;136276.895
LXBV,1,500,10,15,120030,random,120030,138201.1256309892,140457.3736973483,2256.248066359083,True,311.1728399801436,84.20209674600028,425.482 -262.378;473.742 159.765;-495.312 -63.120;-66.846 495.291;-347.366 359.432;-348.048 -358.249;244.140 417.560;136.434 90.137;-19.191 -466.887;-201.790 40.191,nan;nan;nan;nan;nan;nan;nan;nan;nan;nan;nan;nan;nan;nan;nan;nan;nan;nan;nan;nan;nan;nan;nan;nan;nan;nan;nan;nan;nan;nan;nan;nan;nan;nan;130507.965;133448.120;133448.137;133448.137;133455.791;133457.393;133457.990;133460.755;133464.596;133464.596;133470.364;133473.138;133483.030;133483.030;133483.030;133483.030;133483.180;134272.193;134357.055;134385.906;134407.604;134418.722;134554.011;134585.438;134587.479;134589.756;134589.915;134610.521;134616.844;134625.388;134626.570;134630.398;134633.100;134634.080;134637.672;134637.752;134641.661;134647.091;134651.411;134654.773;134655.426;134655.797;134656.413;134657.300;134657.800;134657.809;134657.993;134658.145;134658.166;134658.207;134658.248;134658.263;134658.311;134658.323;134658.326;134658.336;134658.355;134658.364;134658.372;134658.373;134658.374;134658.375;134658.376;134658.378;134658.378;134658.378;135470.620;135493.669;135498.772;135498.941;135698.073;135733.637;135751.337;135761.545;135761.545;135761.545;135761.545;135761.545;135761.545;135761.545;135761.545;136215.465;136624.224;136665.639;136670.214;136670.214;137304.181;137338.842;137347.655;137347.655;137347.655;137347.655;137347.655;137347.655;137347.655;137347.655;137347.655;137347.655;137347.655;137347.655;137347.655;137347.655;137347.655;137347.655;137347.655;137347.655;137347.655;137347.655;137347.655;137347.655;137347.655;137347.655;137347.655;137347.655;137347.655;137347.655;137347.655;137347.655;137347.655;137347.655;137347.655;137347.655;137347.655;137707.514;137983.478;138000.752;138009.953;138011.862;138011.862;138172.543;138191.518;138197.349;138201.126;138201.126;138201.126;138201.126;138201.126;138201.126;138201.126;138201.126;138201.126;138201.126;138201.126;138201.126;138201.126;138201.126;138201.126;138201.126;138201.126;138201.126;138201.126;138201.126;138201.126;138201.126;138201.126;138201.126;138201.126;138201.126;138201.126;138201.126;138201.126;138201.126;138201.126;138201.126;138201.126;138201.126
LXBV,1,500,10,23,120030,random,120030,136054.88490730256,140457.3736973483,4402.488790045725,True,309.86068599223546,87.22552459899998,225.535 436.741;48.240 108.670;-16.527 -483.594;-468.750 134.304;434.143 189.163;-82.272 492.933;-215.675 -91.176;157.134 -224.879;464.062 -182.352;-318.749 -385.018,nan;nan;nan;nan;nan;nan;nan;nan;nan;nan;nan;nan;nan;nan;nan;nan;nan;nan;nan;nan;nan;nan;nan;nan;nan;nan;nan;nan;nan;nan;nan;nan;nan;nan;nan;nan;nan;nan;nan;nan;nan;nan;nan;nan;nan;nan;nan;nan;nan;nan;nan;nan;nan;nan;nan;nan;133192.318;133195.321;133195.321;133195.662;133200.927;133201.689;133298.482;133315.679;133326.853;133337.548;133354.401;133364.404;133381.812;133403.431;133419.543;133453.030;133463.883;133470.293;133477.278;133484.616;133490.188;133493.776;133497.522;133499.850;133500.858;133501.808;133502.425;133502.646;133502.897;133503.061;133503.209;133503.358;133503.524;133503.631;133503.711;133503.761;133503.772;133503.785;133503.804;133503.810;133503.823;133503.872;133503.902;133503.917;135558.630;135663.006;135663.006;135663.006;135869.900;136046.574;136054.885;136054.885;136054.885;136054.885;136054.885;136054.885;136054.885;136054.885;136054.885;136054.885;136054.885;136054.885;136054.885;136054.885;136054.885;136054.885;136054.885;136054.885;136054.885;136054.885;136054.885;136054.885;136054.885;136054.885;136054.885;136054.885;136054.885;136054.885;136054.885;136054.885;136054.885;136054.885;136054.885;136054.885;136054.885;136054.885;136054.885;136054.885;136054.885;136054.885;136054.885;136054.885;136054.885;136054.885;136054.885;136054.885;136054.885;136054.885;136054.885;136054.885;136054.885;136054.885;136054.885;136054.885;136054.885;136054.885;136054.885;136054.885;136054.885;136054.885;136054.885;136054.885;136054.885;136054.885;136054.885;136054.885;136054.885;136054.885;136054.885;136054.885;136054.885;136054.885;136054.885;136054.885;136054.885;136054.885;136054.885;136054.885;136054.885;136054.885;136054.885;136054.885;136054.885;136054.885;136054.885;136054.885;136054.885;136054.885;136054.885;136054.885;136054.885;136054.885;136054.885;136054.885
RSVNS,1,500,10,1,120030,random,120030,136816.1147588799,140457.3736973483,3641.2589384683815,True,311.42513459546427,88.8013366389996,-460.081 -168.169;323.025 374.010;-422.990 266.126;120.125 137.753;389.947 -297.727;-113.351 -147.175;-216.280 -450.680;93.399 -490.684;-67.352 494.831;499.177 13.576,nan;nan;nan;nan;nan;nan;nan;nan;nan;nan;nan;nan;nan;nan;nan;nan;nan;nan;nan;nan;nan;nan;nan;nan;nan;nan;nan;nan;nan;nan;nan;nan;nan;nan;nan;nan;nan;nan;nan;nan;nan;nan;nan;nan;nan;nan;nan;nan;nan;nan;nan;nan;nan;nan;nan;nan;nan;nan;nan;nan;nan;nan;nan;nan;nan;nan;nan;nan;nan;nan;nan;nan;nan;nan;nan;nan;nan;nan;nan;nan;nan;nan;nan;nan;nan;nan;nan;nan;nan;nan;nan;nan;nan;nan;nan;nan;nan;nan;nan;nan;nan;133932.034;134545.140;134586.635;134594.728;135951.538;136224.156;136364.336;136410.541;136420.201;136421.138;136716.074;136777.075;136802.766;136808.811;136816.115;136816.115;136816.115;136816.115;136816.115;136816.115;136816.115;136816.115;136816.115;136816.115;136816.115;136816.115;136816.115;136816.115;136816.115;136816.115;136816.115;136816.115;136816.115;136816.115;136816.115;136816.115;136816.115;136816.115;136816.115;136816.115;136816.115;136816.115;136816.115;136816.115;136816.115;136816.115;136816.115;136816.115;136816.115;136816.115;136816.115;136816.115;136816.115;136816.115;136816.115;136816.115;136816.115;136816.115;136816.115;136816.115;136816.115;136816.115;136816.115;136816.115;136816.115;136816.115;136816.115;136816.115;136816.115;136816.115;136816.115;136816.115;136816.115;136816.115;136816.115;136816.115;136816.115;136816.115;136816.115;136816.115;136816.115;136816.115;136816.115;136816.115;136816.115;136816.115;136816.115;136816.115;136816.115;136816.115;136816.115;136816.115;136816.115;136816.115;136816.115;136816.115;136816.115;136816.115;136816.115
RSVNS,1,500,10,9,120030,random,120030,139029.77956773536,140457.3736973483,1427.5941296129313,True,319.61481076807365,86.80096926400074,498.438 -30.540;158.918 29.441;332.591 -373.226;13.706 -394.810;-319.573 -364.537;-160.343 -27.655;364.093 341.275;-318.432 382.928;15.809 413.268;-476.562 34.494,nan;nan;nan;nan;nan;nan;nan;nan;nan;nan;nan;nan;nan;nan;nan;nan;nan;nan;nan;nan;nan;nan;nan;nan;nan;nan;nan;nan;nan;nan;nan;nan;nan;nan;nan;nan;nan;nan;nan;nan;nan;nan;nan;nan;nan;nan;nan;nan;nan;nan;nan;nan;nan;nan;nan;nan;nan;nan;nan;nan;nan;nan;nan;nan;nan;nan;nan;nan;nan;nan;nan;nan;nan;nan;nan;nan;nan;nan;nan;nan;nan;nan;nan;nan;nan;nan;nan;nan;nan;nan;nan;nan;nan;nan;nan;nan;nan;nan;nan;nan;nan;130209.759;130763.084;130919.770;130968.373;130970.397;130970.397;134198.631;134313.417;134376.339;134410.145;134421.850;134421.850;134421.850;134421.850;134421.850;134421.850;134421.850;134421.850;134421.850;134421.850;134421.850;134421.850;134421.850;134928.916;134953.875;134982.651;134991.549;134991.549;134991.549;134991.549;134991.549;134991.549;134991.549;134991.549;134991.549;134991.549;134991.549;134991.549;134991.549;134991.549;135041.622;135450.478;135500.832;135513.270;135513.270;136309.389;136349.291;136356.237;137413.969;138347.808;138395.379;138406.451;138410.538;138411.881;138411.881;138433.970;138444.146;138450.840;138451.510;138451.510;138451.510;138451.510;138451.510;138451.510;138451.510;138451.510;138451.510;138451.510;138451.510;138451.510;138451.510;138451.510;138451.510;138451.510;138451.510;138451.510;138451.510;138451.510;138451.510;138451.510;138451.510;138451.510;138451.510;138451.510;138451.510;138451.510;138451.510;138451.510;138451.510;138451.510;138451.510;138451.510;138451.510;138451.510;138451.510;138451.510;138563.491;138972.846;139029.272
RSVNS,1,500,10,17,120030,random,120030,136093.68235249395,140457.3736973483,4363.691344854335,True,308.9541976617867,88.10840666999957,298.570 393.748;-209.099 224.979;253.093 -426.700;-363.044 -307.824;162.864 116.194;-477.960 36.198;47.148 -182.858;-83.294 -492.391;473.379 -160.602;-17.880 499.153,nan;nan;nan;nan;nan;nan;nan;nan;nan;nan;nan;nan;nan;nan;nan;nan;nan;nan;nan;nan;nan;nan;nan;nan;nan;nan;nan;nan;nan;nan;nan;nan;nan;nan;nan;nan;nan;nan;nan;nan;nan;nan;nan;nan;nan;nan;nan;nan;nan;nan;nan;nan;nan;nan;nan;nan;nan;nan;nan;nan;nan;nan;nan;nan;nan;nan;nan;nan;nan;nan;nan;nan;nan;nan;nan;nan;nan;nan;nan;nan;nan;nan;nan;nan;nan;nan;nan;nan;nan;nan;nan;nan;nan;nan;nan;nan;nan;nan;nan;nan;nan;131034.971;132217.125;132278.428;132315.939;132320.962;132320.962;132416.794;132509.394;132540.799;133092.813;134125.286;134283.618;134299.454;134303.711;134303.711;134303.711;134303.711;134303.711;134303.711;134457.259;134488.025;134528.485;134528.991;135056.784;135096.525;135167.022;135221.674;135224.302;135224.302;135224.302;135224.302;135224.302;135224.302;135224.302;135224.302;135224.302;135224.302;135224.302;135224.302;135224.302;135524.388;135597.010;135612.866;135619.032;136054.623;136085.112;136093.496;136093.682;136093.682;136093.682;136093.682;136093.682;136093.682;136093.682;136093.682;136093.682;136093.682;136093.682;136093.682;136093.682;136093.682;136093.682;136093.682;136093.682;136093.682;136093.682;136093.682;136093.682;136093.682;136093.682;136093.682;136093.682;136093.682;136093.682;136093.682;136093.682;136093.682;136093.682;136093.682;136093.682;136093.682;136093.682;136093.682;136093.682;136093.682;136093.682;136093.682;136093.682;136093.682;136093.682;136093.682;136093.682;136093.682;136093.682;136093.682;136093.682;136093.682;136093.682;136093.682
RSVNS,1,500,10,25,120030,random,120030,136608.56336364572,140457.3736973483,3848.8103337025677,True,317.92517567789383,91.01577792800072,-441.283 -234.986;-13.043 182.920;-408.466 259.808;439.993 201.048;217.911 -450.000;-153.009 473.037;223.890 446.305;26.088 -196.465;-196.710 -450.430;408.510 -178.627,nan;nan;nan;nan;nan;nan;nan;nan;nan;nan;nan;nan;nan;nan;nan;nan;nan;nan;nan;nan;nan;nan;nan;nan;nan;nan;nan;nan;nan;nan;nan;nan;nan;nan;nan;nan;nan;nan;nan;nan;nan;nan;nan;nan;nan;nan;nan;nan;nan;nan;nan;nan;nan;nan;nan;nan;nan;nan;nan;nan;nan;nan;nan;nan;nan;nan;nan;nan;nan;nan;nan;nan;nan;nan;nan;nan;nan;nan;nan;nan;nan;nan;nan;nan;nan;nan;nan;nan;nan;nan;nan;nan;nan;nan;nan;nan;nan;nan;nan;nan;nan;nan;132930.638;132971.139;133056.490;133123.767;133142.910;133159.805;133160.154;133727.148;133959.287;134113.373;134171.328;134197.706;134211.932;134211.932;134211.932;134211.932;134211.932;134211.932;134211.932;134211.932;134211.932;134358.578;134428.837;134437.460;134448.411;134448.411;134448.411;134448.411;134448.411;134448.411;134448.411;134448.411;134448.411;134448.411;134448.411;134448.411;134448.411;134448.411;134519.483;134654.462;134692.813;134747.267;134754.498;134754.498;135746.253;135792.806;135804.396;135805.633;135805.633;135805.633;135805.633;135805.633;135805.633;135805.633;135868.532;135950.688;135981.422;135985.884;136468.061;136598.967;136608.563;136608.563;136608.563;136608.563;136608.563;136608.563;136608.563;136608.563;136608.563;136608.563;136608.563;136608.563;136608.563;136608.563;136608.563;136608.563;136608.563;136608.563;136608.563;136608.563;136608.563;136608.563;136608.563;136608.563;136608.563;136608.563;136608.563;136608.563;136608.563;136608.563;136608.563;136608.563;136608.563;136608.563;136608.563;136608.563;136608.563;136608.563
BVNS,1,500,10,3,120030,random,120030,137225.08444002143,140457.3736973483,3232.289257326862,True,308.3603738933885,82.90317276899987,-58.064 -156.815;447.672 221.421;160.955 473.062;-198.720 -443.549;-24.764 195.459;148.374 -446.054;-317.167 386.263;-379.673 -183.268;411.044 -284.530;-484.477 109.866,nan;nan;nan;nan;135134.925;135196.674;135282.735;135304.330;135306.560;135430.120;135644.620;135706.009;135710.039;135710.039;135710.039;135710.039;135710.039;135710.039;135710.039;135710.039;135710.039;135710.039;135710.039;135710.039;135710.039;135710.039;136918.982;137113.790;137130.928;137134.801;137134.801;137134.801;137134.801;137134.801;137134.801;137134.801;137134.801;137134.801;137134.801;137134.801;137134.801;137134.801;137134.801;137134.801;137134.801;137134.801;137134.801;137134.801;137134.801;137134.801;137134.801;137134.801;137134.801;137134.801;137134.801;137134.801;137134.801;137134.801;137134.801;137134.801;137200.413;137218.563;137225.084;137225.084;137225.084;137225.084;137225.084;137225.084;137225.084;137225.084;137225.084;137225.084;137225.084;137225.084;137225.084;137225.084;137225.084;137225.084;137225.084;137225.084;137225.084;137225.084;137225.084;137225.084;137225.084;137225.084;137225.084;137225.084;137225.084;137225.084;137225.084;137225.084;137225.084;137225.084;137225.084;137225.084;137225.084;137225.084;137225.084;137225.084;137225.084;137225.084;137225.084;137225.084;137225.084;137225.084;137225.084;137225.084;137225.084;137225.084;137225.084;137225.084;137225.084;137225.084;137225.084;137225.084;137225.084;137225.084;137225.084;137225.084;137225.084;137225.084;137225.084;137225.084;137225.084;137225.084;137225.084;137225.084;137225.084;137225.084;137225.084;137225.084;137225.084;137225.084;137225.084;137225.084;137225.084;137225.084;137225.084;137225.084;137225.084;137225.084;137225.084;137225.084;137225.084;137225.084;137225.084;137225.084;137225.084;137225.084;137225.084;137225.084;137225.084;137225.084;137225.084;137225.084;137225.084;137225.084;137225.084;137225.084;137225.084;137225.084;137225.084;137225.084;137225.084;137225.084;137225.084;137225.084;137225.084;137225.084;137225.084;137225.084;137225.084;137225.084;137225.084;137225.084;137225.084;137225.084;137225.084;137225.084;137225.084;137225.084;137225.084;137225.084;137225.084;137225.084;137225.084;137225.084;137225.084;137225.084;137225.084;137225.084;137225.084;137225.084;137225.084;137225.084;137225.084;137225.084;137225.084;137225.084
BVNS,1,500,10,11,120030,random,120030,136626.67362282242,140457.3736973483,3830.70007452587,True,308.00878186332073,82.45846893999988,-476.562 150.067;229.718 45.261;-227.770 337.856;342.906 363.705;452.905 -210.901;-373.077 -157.079;199.670 -423.242;55.144 476.562;-232.609 -442.188;-70.202 -101.075,nan;nan;nan;nan;nan;nan;nan;nan;nan;132146.161;132426.841;132476.114;132476.819;132476.819;132476.819;132476.819;132476.819;132476.819;134998.732;135217.931;135259.588;135262.474;135262.474;135262.474;135262.474;135262.474;135262.474;135262.474;135262.474;135426.311;135593.640;135607.390;135607.390;135607.390;135607.390;135607.390;135607.390;135607.390;135607.390;135607.390;135607.390;135607.390;135607.390;135607.390;135607.390;135607.390;135607.390;135607.390;135607.390;135607.390;135607.390;135607.390;135607.390;135607.390;135607.390;135607.390;135607.390;135607.390;135607.390;135607.390;135607.390;135607.390;135607.390;135607.390;135607.390;135607.390;135607.390;135607.390;135607.390;135607.390;135607.390;135607.390;135607.390;135607.390;135607.390;135607.390;135607.390;135607.390;135607.390;135607.390;135607.390;135607.390;135607.390;135607.390;135607.390;135607.390;135607.390;135607.390;135607.390;135607.390;135607.390;135607.390;135607.390;135607.390;135607.390;135607.390;135607.390;135607.390;135607.390;135607.390;135607.390;135607.390;135607.390;135607.390;135607.390;135607.390;135607.390;135607.390;135607.390;135607.390;135607.390;135607.390;135607.390;135607.390;135607.390;135607.390;135607.390;135607.390;135620.046;135625.539;135625.539;135625.539;135625.539;135625.539;135625.539;135625.539;135625.539;135625.539;135825.688;135861.162;135872.649;135872.649;135872.649;135872.649;135872.649;135872.649;135907.629;136320.787;136486.766;136497.266;136502.989;136511.335;136556.622;136573.409;136581.886;136582.028;136582.028;136582.028;136582.028;136582.028;136582.028;136582.028;136582.028;136582.028;136582.028;136582.028;136582.028;136582.028;136582.028;136589.891;136626.674;136626.674;136626.674;136626.674;136626.674;136626.674;136626.674;136626.674;136626.674;136626.674;136626.674;136626.674;136626.674;136626.674;136626.674;136626.674;136626.674;136626.674;136626.674;136626.674;136626.674;136626.674;136626.674;136626.674;136626.674;136626.674;136626.674;136626.674;136626.674;136626.674;136626.674;136626.674;136626.674;136626.674;136626.674;136626.674;136626.674;136626.674;136626.674;136626.674
BVNS,1,500,10,19,120030,random,120030,137578.08920849097,140457.3736973483,2879.2844888573163,True,310.7254242865314,80.63512215999981,230.485 -443.619;136.306 188.861;470.843 167.664;-349.483 -346.051;-349.686 348.556;-43.213 -289.697;442.936 -202.217;-497.249 45.377;-14.614 499.403;-187.291 23.565,nan;nan;134123.643;134773.110;134823.170;134841.382;134841.382;135014.646;135085.417;135096.260;135100.071;135100.071;135100.071;135100.071;135100.071;135100.071;135100.071;135100.071;135100.071;135264.045;135289.708;135308.650;135322.420;135322.967;136411.339;136567.841;136712.857;136755.053;136782.734;136793.327;136793.327;136793.327;136793.327;136793.327;136793.327;136793.327;136793.327;136793.327;136793.327;136793.327;136793.327;136793.327;136793.327;136793.327;136793.327;136793.327;136793.327;136793.327;136793.327;136793.327;136793.327;136793.327;136793.327;136793.327;136793.327;136793.327;136793.327;136793.327;136793.327;136793.327;136793.327;136793.327;137127.257;137546.122;137573.893;137578.089;137578.089;137578.089;137578.089;137578.089;137578.089;137578.089;137578.089;137578.089;137578.089;137578.089;137578.089;137578.089;137578.089;137578.089;137578.089;137578.089;137578.089;137578.089;137578.089;137578.089;137578.089;137578.089;137578.089;137578.089;137578.089;137578.089;137578.089;137578.089;137578.089;137578.089;137578.089;137578.089;137578.089;137578.089;137578.089;137578.089;137578.089;137578.089;137578.089;137578.089;137578.089;137578.089;137578.089;137578.089;137578.089;137578.089;137578.089;137578.089;137578.089;137578.089;137578.089;137578.089;137578.089;137578.089;137578.089;137578.089;137578.089;137578.089;137578.089;137578.089;137578.089;137578.089;137578.089;137578.089;137578.089;137578.089;137578.089;137578.089;137578.089;137578.089;137578.089;137578.089;137578.089;137578.089;137578.089;137578.089;137578.089;137578.089;137578.089;137578.089;137578.089;137578.089;137578.089;137578.089;137578.089;137578.089;137578.089;137578.089;137578.089;137578.089;137578.089;137578.089;137578.089;137578.089;137578.089;137578.089;137578.089;137578.089;137578.089;137578.089;137578.089;137578.089;137578.089;137578.089;137578.089;137578.089;137578.089;137578.089;137578.089;137578.089;137578.089;137578.089;137578.089;137578.089;137578.089;137578.089;137578.089;137578.089;137578.089;137578.089;137578.089;137578.089;137578.089;137578.089;137578.089;137578.089;137578.089;137578.089;137578.089;137578.089;137578.089;137578.089;137578.089;137578.089
BVNS,1,500,10,27,120030,random,120030,137210.08063237814,140457.3736973483,3247.2930649701448,True,308.1147350224396,80.67896460700013,-0.295 -199.693;336.114 -225.314;14.393 499.131;-456.676 203.292;-302.942 -140.706;367.183 339.270;155.583 -475.000;-141.831 182.479;185.537 74.828;-197.511 -456.247,nan;nan;nan;nan;128473.340;128627.688;129373.159;129384.006;129384.006;129384.006;132214.615;134770.439;135059.137;135323.684;135329.574;135329.574;135329.574;135329.574;135329.574;135329.574;135329.574;135329.574;135329.574;135329.574;135329.574;135329.574;135329.574;135329.574;135329.574;135329.574;135329.574;135329.574;135329.574;135329.574;135329.574;135329.574;135329.574;135329.574;135329.574;135329.574;135329.574;135329.574;135329.574;136030.210;136117.052;136122.082;136122.082;136122.082;136122.082;136122.082;136122.082;136122.082;136122.082;136122.082;136122.082;136122.082;136122.082;136122.082;136122.082;136122.082;136122.082;136122.082;136122.082;136122.082;136122.082;136122.082;136122.082;136122.082;136122.082;136122.082;136122.082;136122.082;136122.082;136122.082;136122.082;136122.082;136122.082;136122.082;136122.082;136122.082;136122.082;136122.082;136122.082;136122.082;136122.082;136122.082;136122.082;136122.082;136122.082;136122.082;136122.082;136122.082;136122.082;136131.709;136232.058;136277.514;136355.477;136376.349;136494.709;136516.157;136535.668;136643.332;136643.332;136643.332;136643.332;136643.332;136643.332;136643.332;136643.332;136643.332;136643.332;136643.332;136643.332;136643.332;136643.332;136643.332;136643.332;136643.332;136643.332;136643.332;136643.332;136643.332;136643.332;136643.332;136643.332;136643.332;136643.332;136643.332;136643.332;136643.332;136643.332;136643.332;136643.332;136643.332;136643.332;136643.332;136643.332;136643.332;136643.332;136643.332;136643.332;136643.332;136643.332;136643.332;136643.332;136643.332;136643.332;136643.332;136643.332;136643.332;136643.332;136643.332;136643.332;136643.332;136643.332;136643.332;136643.332;136643.332;136643.332;136643.332;136643.332;136643.332;136643.332;136643.332;136643.332;136643.332;136643.332;136643.332;136727.647;137060.973;137199.033;137207.161;137210.081;137210.081;137210.081;137210.081;137210.081;137210.081;137210.081;137210.081;137210.081;137210.081;137210.081;137210.081;137210.081;137210.081;137210.081;137210.081;137210.081;137210.081;137210.081;137210.081;137210.081;137210.081;137210.081;137210.081;137210.081;137210.081;137210.081;137210.081
SSA,1,500,10,5,120030,random,120030,132038.72300244833,140457.3736973483,8418.65069489996,True,310.4016929875965,89.15344709000055,129.089 -131.378;273.732 -406.019;-463.850 186.361;-161.154 76.539;-116.107 -345.697;-237.961 439.744;-427.215 -259.783;453.465 -147.190;399.101 301.194;72.647 363.582,nan;nan;nan;nan;nan;nan;nan;nan;nan;nan;nan;nan;nan;nan;nan;nan;nan;nan;nan;nan;nan;nan;nan;nan;nan;nan;nan;nan;nan;nan;nan;nan;nan;nan;nan;nan;nan;nan;nan;nan;nan;nan;nan;nan;nan;nan;nan;nan;nan;nan;nan;nan;nan;nan;nan;nan;nan;nan;nan;nan;nan;nan;nan;nan;nan;nan;nan;nan;nan;nan;nan;nan;nan;nan;nan;nan;nan;nan;nan;nan;nan;nan;nan;nan;nan;nan;nan;nan;nan;nan;nan;nan;nan;nan;nan;nan;nan;nan;nan;nan;nan;nan;128490.004;129167.966;129167.966;129717.103;130291.751;130629.914;130629.914;130899.780;131088.131;131212.295;131225.298;131317.903;131317.903;131344.576;131386.321;131433.262;131494.214;131549.259;131564.902;131629.983;131693.221;131739.342;131793.227;131806.653;131821.577;131826.525;131826.525;131837.709;131864.149;131889.022;131903.850;131904.429;131913.598;131913.598;131918.427;131918.427;131919.662;131934.969;131957.398;131963.566;131979.515;131989.832;131997.593;132006.488;132006.791;132007.835;132009.599;132012.514;132014.578;132015.739;132017.149;132019.079;132021.326;132024.091;132025.511;132026.816;132027.995;132030.191;132031.254;132032.587;132034.196;132034.908;132035.988;132036.566;132036.863;132037.194;132037.468;132037.665;132037.674;132037.896;132037.989;132038.046;132038.046;132038.047;132038.047;132038.188;132038.281;132038.346;132038.418;132038.467;132038.529;132038.550;132038.576;132038.589;132038.600;132038.618;132038.625;132038.625;132038.650;132038.664;132038.676;132038.681;132038.694;132038.705;132038.711;132038.718;132038.720;132038.723
SSA,1,500,10,13,120030,random,120030,135317.50202371576,140457.3736973483,5139.87167363253,True,311.3612032588397,87.45671243200013,334.809 -296.346;-105.466 -156.603;489.485 19.951;91.155 491.620;17.224 -499.703;383.125 321.271;175.290 -5.184;-426.457 260.759;-88.789 232.674;-308.745 -392.450,nan;nan;nan;nan;nan;nan;nan;nan;nan;nan;nan;nan;nan;nan;nan;nan;nan;nan;nan;nan;nan;nan;nan;nan;nan;nan;nan;nan;nan;nan;nan;nan;nan;nan;nan;nan;nan;nan;nan;nan;nan;nan;nan;nan;nan;nan;nan;nan;nan;nan;nan;nan;nan;nan;nan;nan;nan;nan;nan;nan;nan;nan;nan;nan;nan;nan;nan;nan;nan;nan;nan;nan;nan;nan;nan;nan;nan;nan;nan;nan;nan;nan;nan;nan;nan;nan;nan;nan;nan;nan;nan;nan;nan;nan;nan;134130.351;134130.351;134130.351;134653.537;134653.537;134654.250;134654.250;134719.038;134728.204;134837.633;134881.145;134881.145;134892.589;134893.826;135031.190;135043.736;135043.736;135043.736;135093.750;135107.530;135107.530;135107.530;135125.242;135125.242;135158.759;135195.978;135223.664;135223.664;135223.664;135224.822;135231.732;135234.740;135242.727;135276.041;135276.041;135278.174;135288.556;135294.531;135301.455;135303.154;135303.154;135304.155;135305.056;135305.056;135305.700;135305.700;135305.700;135306.675;135309.555;135310.298;135310.298;135310.298;135310.298;135310.742;135310.797;135311.928;135313.570;135314.458;135314.864;135314.864;135314.912;135314.912;135314.912;135315.057;135315.338;135315.746;135315.968;135316.095;135316.379;135316.552;135316.803;135316.970;135317.081;135317.110;135317.182;135317.339;135317.388;135317.398;135317.404;135317.404;135317.410;135317.410;135317.410;135317.410;135317.410;135317.419;135317.419;135317.419;135317.441;135317.452;135317.463;135317.476;135317.477;135317.477;135317.481;135317.484;135317.486;135317.488;135317.492;135317.493;135317.499;135317.501;135317.501;135317.501;135317.502
SSA,1,500,10,21,120030,random,120030,134655.99895093724,140457.3736973483,5801.374746411049,True,308.9380728972141,87.81784441299988,133.319 -101.481;-170.227 -44.013;-441.396 -234.882;242.855 -437.060;-102.407 -469.901;-469.496 171.971;486.131 55.910;319.655 382.528;22.014 243.394;-250.084 432.964,nan;nan;nan;nan;nan;nan;nan;nan;nan;nan;nan;nan;nan;nan;nan;nan;nan;nan;nan;nan;nan;nan;nan;nan;nan;nan;nan;nan;nan;nan;nan;nan;nan;nan;nan;nan;nan;nan;nan;nan;nan;nan;nan;nan;nan;nan;nan;nan;nan;nan;nan;nan;nan;nan;nan;nan;nan;nan;nan;nan;nan;nan;nan;nan;nan;nan;nan;nan;nan;nan;nan;nan;nan;nan;nan;nan;nan;nan;nan;nan;nan;nan;nan;nan;nan;nan;nan;nan;nan;nan;nan;nan;nan;132763.350;132763.350;132795.131;133423.475;133612.611;133612.611;133612.611;133612.611;133612.611;133633.861;133754.519;133754.519;133856.346;133957.564;133964.066;133973.661;133986.134;134043.387;134054.450;134313.788;134313.788;134313.788;134318.461;134343.631;134361.810;134413.516;134454.838;134478.206;134478.206;134496.238;134558.084;134572.966;134572.966;134596.244;134605.716;134606.677;134606.838;134607.623;134611.168;134625.792;134625.792;134625.852;134625.852;134631.318;134632.494;134638.907;134641.115;134641.115;134641.115;134644.143;134646.719;134647.540;134647.884;134649.365;134651.260;134651.260;134651.260;134651.785;134651.785;134651.785;134652.290;134652.587;134652.680;134653.139;134653.254;134653.583;134654.039;134654.739;134655.188;134655.280;134655.282;134655.358;134655.419;134655.466;134655.696;134655.760;134655.771;134655.771;134655.843;134655.863;134655.891;134655.909;134655.919;134655.933;134655.943;134655.946;134655.946;134655.946;134655.946;134655.946;134655.951;134655.977;134655.977;134655.980;134655.987;134655.987;134655.987;134655.987;134655.990;134655.994;134655.996;134655.996;134655.998;134655.998;134655.998;134655.999;134655.999
SSA,1,500,10,29,120030,random,120030,133953.07052607634,140457.3736973483,6504.303171271953,True,308.1161939101988,88.91138699799922,-59.166 251.004;-258.273 -428.130;34.576 -327.789;340.269 -366.356;158.667 474.157;-459.950 -176.072;229.267 -37.529;-368.149 194.124;410.997 263.081;-130.211 -55.993,nan;nan;nan;nan;nan;nan;nan;nan;nan;nan;nan;nan;nan;nan;nan;nan;nan;nan;nan;nan;nan;nan;nan;nan;nan;nan;nan;nan;nan;nan;nan;nan;nan;nan;nan;nan;nan;nan;nan;nan;nan;nan;nan;nan;nan;nan;nan;nan;nan;nan;nan;nan;nan;nan;nan;nan;nan;nan;nan;nan;nan;nan;nan;nan;nan;nan;nan;nan;nan;nan;nan;nan;nan;nan;nan;nan;nan;nan;nan;nan;nan;nan;nan;nan;nan;nan;nan;nan;nan;nan;nan;nan;nan;nan;nan;nan;nan;nan;nan;nan;nan;nan;nan;nan;nan;nan;nan;133566.063;133650.879;133693.418;133708.672;133744.427;133744.427;133744.427;133744.427;133744.427;133744.427;133744.427;133778.531;133784.660;133784.660;133784.660;133784.660;133784.660;133815.450;133822.065;133827.361;133827.361;133828.744;133828.744;133832.018;133837.158;133847.005;133851.894;133853.025;133855.110;133858.345;133911.705;133923.173;133923.458;133925.754;133926.441;133934.623;133936.686;133939.966;133941.422;133942.528;133942.528;133943.078;133944.185;133944.795;133944.889;133944.889;133945.350;133946.295;133946.637;133948.343;133950.059;133950.311;133950.389;133950.428;133950.747;133951.326;133951.511;133951.700;133951.841;133952.095;133952.312;133952.312;133952.473;133952.473;133952.477;133952.610;133952.676;133952.729;133952.780;133952.838;133952.900;133952.915;133952.934;133952.968;133952.977;133952.981;133952.991;133953.007;133953.010;133953.016;133953.018;133953.022;133953.034;133953.038;133953.043;133953.050;133953.055;133953.062;133953.065;133953.069;133953.069;133953.070;133953.071
LXSSA,1,500,10,7,120030,random,120030,134468.54389715855,140457.3736973483,5988.829800189735,True,308.0000178310642,87.5642804449999,-91.214 131.027;-490.181 55.900;276.246 -2.610;241.702 -437.698;-331.676 -217.085;-151.269 -476.569;-347.294 359.704;33.973 -207.104;-62.482 496.081;240.102 438.578,nan;nan;nan;nan;nan;nan;nan;nan;nan;nan;nan;nan;nan;nan;nan;nan;nan;nan;nan;nan;nan;nan;nan;nan;nan;nan;nan;nan;nan;nan;nan;nan;nan;nan;nan;nan;nan;nan;nan;nan;nan;nan;nan;nan;nan;nan;nan;nan;nan;nan;nan;nan;nan;nan;nan;nan;nan;nan;nan;nan;nan;nan;nan;nan;nan;nan;nan;nan;nan;nan;nan;nan;nan;nan;nan;nan;nan;nan;nan;nan;nan;nan;nan;nan;nan;129315.080;129478.246;129480.074;129480.074;129480.074;129480.074;129482.087;129482.087;129487.463;129488.399;129488.399;129493.027;129493.027;129526.164;129527.789;129592.323;129593.957;129593.961;129682.831;130615.574;133684.174;133798.688;133880.502;133887.846;133887.846;133913.044;133923.044;133923.064;134066.976;134072.532;134092.365;134120.827;134140.640;134177.718;134186.271;134211.791;134242.722;134272.299;134296.548;134343.914;134349.685;134356.814;134364.020;134438.587;134444.241;134444.252;134446.121;134449.026;134452.265;134455.476;134458.441;134458.906;134459.689;134460.249;134460.559;134460.698;134461.127;134461.534;134463.586;134464.042;134464.437;134464.610;134464.817;134464.862;134464.863;134464.916;134464.952;134465.076;134465.079;134465.263;134465.290;134465.598;134466.370;134466.496;134466.613;134466.960;134467.504;134467.768;134468.092;134468.155;134468.202;134468.267;134468.303;134468.335;134468.380;134468.382;134468.384;134468.385;134468.385;134468.387;134468.415;134468.442;134468.451;134468.453;134468.470;134468.482;134468.517;134468.520;134468.523;134468.526;134468.526;134468.526;134468.530;134468.535;134468.542;134468.542;134468.543;134468.544;134468.544;134468.544;134468.544;134468.544;134468.544;134468.544;134468.544
LXSSA,1,500,10,15,120030,random,120030,133950.11064015504,140457.3736973483,6507.263057193253,True,308.875574171885,84.90620320799917,376.072 -196.036;407.439 142.198;-477.650 -24.858;-27.235 499.209;-212.485 228.802;-159.180 -473.978;271.728 419.663;6.998 -201.367;189.189 -462.826;89.613 158.129,nan;nan;nan;nan;nan;nan;nan;nan;nan;nan;nan;nan;nan;nan;nan;nan;nan;nan;nan;nan;nan;nan;nan;nan;nan;nan;nan;nan;nan;nan;nan;nan;nan;nan;nan;nan;nan;nan;nan;nan;nan;nan;nan;nan;nan;nan;nan;nan;nan;nan;nan;nan;nan;nan;nan;nan;nan;nan;nan;nan;nan;nan;nan;131656.346;131656.346;131656.346;131718.049;131720.806;131720.806;131720.806;131720.806;131732.470;131732.470;131732.470;131736.287;131736.287;131736.287;131736.287;131736.287;131736.287;131737.294;131764.405;131765.174;131768.112;132905.274;132972.388;132972.388;132972.388;133024.304;133024.564;133024.564;133036.764;133042.207;133042.207;133042.207;133042.207;133042.270;133499.076;133505.163;133569.294;133582.857;133732.378;133734.650;133738.300;133739.795;133742.506;133743.005;133743.307;133743.426;133744.012;133744.154;133744.154;133745.395;133747.464;133747.464;133747.633;133747.710;133772.058;133773.740;133784.601;133805.470;133810.326;133810.326;133810.693;133824.845;133824.960;133830.684;133835.652;133844.037;133854.107;133875.518;133876.079;133879.169;133889.780;133899.034;133904.939;133913.440;133918.281;133918.281;133921.004;133923.190;133924.687;133926.525;133930.205;133931.701;133931.804;133932.975;133934.254;133935.188;133935.356;133935.815;133935.901;133936.048;133936.426;133939.558;133941.982;133942.656;133942.913;133943.899;133944.968;133945.361;133945.652;133945.697;133945.773;133946.084;133946.240;133946.277;133946.303;133946.811;133946.921;133946.972;133947.057;133947.196;133947.895;133948.252;133948.637;133948.800;133949.096;133949.165;133949.267;133949.294;133949.329;133949.359;133949.402;133949.411;133949.417;133949.420;133949.423;133949.425;133949.433;133949.446;133949.452;133949.453;133949.512;133949.797;133949.935;133949.962;133950.007;133950.082;133950.111
LXSSA,1,500,10,23,120030,random,120030,132035.98916934614,140457.3736973483,8421.384528002149,True,308.00396918636045,86.24979538200023,236.254 311.217;-43.319 117.982;164.250 -472.252;-491.445 92.097;480.172 123.147;-121.379 448.539;-246.287 -114.915;139.318 -147.009;452.308 -209.472;-182.912 -433.800,nan;nan;nan;nan;nan;nan;nan;nan;nan;nan;nan;nan;nan;nan;nan;nan;nan;nan;nan;nan;nan;nan;nan;nan;nan;nan;nan;nan;nan;nan;nan;nan;nan;nan;nan;nan;nan;nan;nan;nan;nan;nan;nan;nan;nan;nan;nan;nan;nan;nan;nan;nan;nan;nan;nan;nan;nan;nan;nan;nan;nan;nan;nan;nan;nan;nan;nan;nan;nan;nan;nan;nan;nan;nan;nan;nan;nan;nan;nan;nan;nan;nan;nan;nan;nan;nan;nan;nan;nan;nan;nan;nan;nan;nan;nan;nan;nan;nan;nan;nan;127384.830;127463.368;127464.632;127491.008;127494.236;131481.558;131550.140;131561.326;131562.082;131573.852;131574.526;131619.966;131652.120;131700.688;131747.431;131758.597;131770.634;131795.589;131810.007;131840.565;131867.480;131900.349;131902.326;131917.010;131928.856;131941.796;131978.728;131991.781;131998.476;132000.458;132002.627;132003.566;132005.093;132005.387;132006.189;132007.634;132016.755;132018.885;132021.697;132025.739;132026.753;132030.047;132030.137;132030.407;132030.974;132030.974;132031.044;132031.448;132031.620;132031.697;132031.712;132031.811;132031.876;132032.297;132032.702;132032.994;132033.115;132033.308;132033.376;132033.394;132033.417;132033.473;132033.633;132033.993;132034.350;132034.598;132034.744;132034.968;132035.133;132035.197;132035.254;132035.369;132035.451;132035.517;132035.556;132035.596;132035.611;132035.622;132035.629;132035.678;132035.708;132035.718;132035.771;132035.810;132035.851;132035.861;132035.862;132035.865;132035.899;132035.910;132035.918;132035.927;132035.944;132035.951;132035.957;132035.962;132035.968;132035.981;132035.986;132035.989
PSOC,1,500,10,1,120030,random,120030,136500.2271040417,140457.3736973483,3957.146593306592,True,319.563783907748,83.82413427899974,125.184 132.145;476.692 150.879;-309.787 32.799;-414.282 -279.947;221.016 -448.499;-126.436 -481.690;-15.822 -167.621;-185.275 397.587;370.254 -150.438;153.355 455.037,nan;nan;nan;nan;134368.606;135310.550;135513.932;135631.176;135653.274;135698.503;135722.366;135732.246;135740.637;135785.558;135811.109;135818.318;135821.191;135822.334;135826.448;135832.074;135836.531;135842.268;135882.479;135884.575;135885.884;135888.139;135888.766;135889.515;135890.127;135890.157;135890.167;135890.208;135890.489;135891.058;135891.408;135891.651;135891.730;135891.804;135892.095;135892.886;135893.066;135893.839;135895.804;135896.017;135899.497;135902.420;135908.967;135909.622;135909.725;135910.948;135912.719;135914.023;135914.378;135914.763;135915.071;135915.232;135915.313;135915.337;135915.615;135916.014;135916.289;135916.335;135916.675;135917.118;135917.589;135917.623;135917.671;135917.846;135917.902;135917.914;135918.885;135918.910;135918.965;135919.173;135919.208;135919.267;135919.316;135919.332;135919.368;135919.387;135919.431;135919.517;135919.715;135920.174;135920.450;135921.751;135921.988;135922.618;135924.399;135924.614;135924.762;135924.886;135925.390;135925.453;135925.551;135925.938;135926.703;135926.971;135927.093;135927.241;135927.313;135927.319;135927.368;135927.416;135927.536;135927.680;135927.692;135927.746;135927.765;135927.951;135927.985;135928.037;135928.063;135928.067;135928.172;135928.213;135928.240;135928.259;135928.286;135928.337;135928.355;135928.429;135928.442;135928.466;135928.474;135928.489;135928.503;135928.508;135928.512;135928.522;136364.121;136368.037;136375.969;136377.247;136378.197;136379.593;136381.191;136381.817;136381.979;136383.244;136384.344;136384.601;136385.495;136386.446;136386.894;136387.035;136387.134;136387.237;136388.401;136388.584;136388.816;136389.508;136389.749;136389.848;136423.651;136468.883;136469.784;136470.101;136470.223;136470.509;136470.648;136470.703;136470.866;136471.068;136471.365;136471.522;136471.769;136471.979;136472.334;136472.660;136472.881;136473.015;136493.483;136495.859;136496.353;136496.874;136497.749;136498.353;136499.071;136499.214;136499.314;136499.475;136499.633;136499.894;136499.954;136499.990;136500.071;136500.086;136500.117;136500.119;136500.127;136500.145;136500.151;136500.173;136500.189;136500.191;136500.191;136500.193;136500.213;136500.227
PSOC,1,500,10,9,120030,random,120030,137735.3153522942,140457.3736973483,2722.0583450541017,True,310.68069533046616,84.5435353820003,361.843 221.595;496.584 -58.347;108.052 -95.985;-355.594 -351.501;-485.101 -9.798;-236.006 440.796;132.116 478.408;-32.577 -498.938;346.434 -360.533;-33.413 201.424,nan;nan;nan;nan;134873.420;136226.686;136391.812;136647.342;136654.138;136733.769;136813.822;136820.377;136826.956;136835.039;136843.512;136873.151;136880.746;136988.251;137030.265;137034.872;137037.866;137040.239;137654.294;137658.661;137660.022;137707.990;137708.478;137708.793;137709.020;137709.310;137709.432;137709.644;137709.833;137710.957;137711.150;137713.787;137714.612;137714.717;137714.796;137714.981;137715.057;137715.299;137715.349;137715.375;137715.627;137716.834;137717.128;137717.283;137717.396;137717.543;137717.662;137717.669;137717.709;137717.738;137717.744;137717.753;137718.137;137718.354;137718.546;137718.579;137718.609;137718.626;137718.629;137719.002;137719.261;137719.276;137719.278;137719.449;137719.465;137719.481;137719.482;137719.507;137719.514;137719.516;137719.517;137719.519;137719.522;137719.525;137719.530;137719.537;137719.553;137719.554;137719.554;137719.555;137719.555;137719.555;137719.557;137719.558;137719.558;137719.558;137719.558;137719.559;137719.564;137719.565;137719.567;137719.608;137719.616;137719.619;137719.619;137719.619;137719.620;137719.667;137729.672;137729.678;137729.683;137730.275;137730.768;137730.768;137730.776;137731.019;137731.187;137731.221;137731.223;137731.223;137731.231;137731.233;137731.244;137731.247;137731.247;137731.262;137733.190;137733.288;137733.303;137733.345;137733.374;137733.413;137733.428;137733.624;137733.784;137734.070;137735.003;137735.130;137735.167;137735.208;137735.243;137735.253;137735.258;137735.268;137735.271;137735.275;137735.283;137735.285;137735.287;137735.288;137735.288;137735.288;137735.289;137735.290;137735.290;137735.291;137735.291;137735.291;137735.294;137735.300;137735.304;137735.306;137735.308;137735.308;137735.308;137735.308;137735.309;137735.309;137735.309;137735.309;137735.309;137735.309;137735.309;137735.309;137735.309;137735.309;137735.309;137735.309;137735.309;137735.309;137735.309;137735.309;137735.309;137735.309;137735.309;137735.309;137735.309;137735.310;137735.315;137735.315;137735.315;137735.315;137735.315;137735.315;137735.315;137735.315;137735.315;137735.315;137735.315;137735.315;137735.315;137735.315;137735.315;137735.315;137735.315;137735.315
PSOC,1,500,10,17,120030,random,120030,135984.37122015897,140457.3736973483,4473.002477189322,True,308.0000056823945,84.86739626500002,230.255 28.110;-22.879 -183.796;420.743 270.139;-449.049 -219.898;-8.039 237.117;-196.770 -459.394;-379.030 120.466;-274.150 418.141;396.482 -304.634;127.428 -483.489,nan;nan;nan;nan;nan;133711.342;133764.760;133877.154;133968.350;133985.492;133987.368;134067.087;134082.145;134713.414;134778.629;134830.284;135681.425;135812.030;135857.201;135859.883;135865.662;135866.986;135872.860;135873.145;135873.519;135873.714;135894.162;135897.509;135897.532;135909.412;135955.638;135958.289;135962.598;135964.741;135965.820;135966.769;135967.302;135967.333;135967.909;135968.639;135971.037;135974.397;135975.819;135976.890;135977.229;135977.363;135977.707;135977.731;135978.003;135978.514;135979.568;135979.663;135979.710;135979.803;135979.948;135980.011;135980.053;135980.060;135980.065;135980.106;135980.182;135980.186;135980.193;135980.202;135980.246;135980.325;135980.356;135980.394;135980.532;135980.557;135980.577;135981.394;135981.720;135981.983;135982.123;135982.157;135982.182;135982.197;135982.262;135982.280;135982.291;135982.299;135982.300;135982.310;135982.314;135982.321;135982.323;135982.325;135982.329;135982.330;135982.330;135982.331;135982.331;135982.332;135982.420;135982.431;135982.441;135982.452;135982.465;135982.467;135982.469;135982.469;135982.470;135982.471;135982.471;135982.471;135982.476;135982.477;135982.479;135982.480;135982.481;135982.481;135982.481;135982.481;135982.481;135982.481;135982.481;135982.481;135982.482;135982.483;135982.484;135982.484;135982.484;135982.486;135982.486;135982.486;135982.486;135982.486;135982.486;135982.486;135982.486;135982.486;135982.486;135982.486;135982.486;135982.486;135982.486;135982.486;135982.487;135982.487;135982.487;135982.487;135982.487;135982.487;135982.487;135982.487;135982.487;135982.487;135982.487;135982.487;135982.487;135982.487;135982.487;135982.487;135982.487;135982.487;135982.487;135982.487;135982.487;135982.487;135982.487;135982.487;135982.487;135982.487;135982.487;135982.487;135982.487;135982.487;135982.487;135982.487;135982.487;135982.487;135982.488;135982.490;135982.501;135982.527;135982.583;135982.896;135984.264;135984.295;135984.359;135984.364;135984.368;135984.369;135984.369;135984.369;135984.369;135984.369;135984.369;135984.369;135984.369;135984.370;135984.370;135984.370;135984.370;135984.370;135984.370;135984.371;135984.371;135984.371
PSOC,1,500,10,25,120030,random,120030,134718.6388897786,140457.3736973483,5738.734807569679,True,308.0000000131246,83.19364427999972,-33.419 201.030;-321.311 -383.092;-208.391 454.503;227.232 382.499;471.259 167.077;-343.740 97.042;-118.710 -143.708;147.472 -477.757;437.522 -241.988;195.043 -28.303,nan;nan;nan;nan;133249.925;134100.163;134352.517;134407.513;134507.606;134514.065;134520.654;134581.669;134601.982;134614.077;134616.857;134621.436;134627.874;134628.440;134630.081;134643.753;134663.543;134666.063;134667.556;134668.048;134671.802;134678.956;134698.261;134699.777;134704.261;134705.732;134706.596;134707.855;134708.136;134708.819;134709.266;134709.949;134710.776;134711.272;134711.443;134711.805;134712.534;134714.764;134716.159;134716.612;134716.760;134716.776;134716.831;134716.902;134716.965;134717.012;134717.041;134717.114;134717.150;134717.175;134717.223;134717.417;134717.451;134717.582;134717.784;134717.841;134717.995;134718.092;134718.121;134718.151;134718.208;134718.247;134718.276;134718.289;134718.329;134718.518;134718.528;134718.536;134718.539;134718.541;134718.546;134718.550;134718.554;134718.568;134718.571;134718.572;134718.572;134718.595;134718.598;134718.601;134718.608;134718.612;134718.612;134718.612;134718.612;134718.613;134718.614;134718.616;134718.617;134718.619;134718.619;134718.619;134718.620;134718.622;134718.622;134718.623;134718.623;134718.623;134718.623;134718.623;134718.623;134718.623;134718.623;134718.624;134718.624;134718.624;134718.624;134718.624;134718.624;134718.624;134718.624;134718.624;134718.624;134718.624;134718.624;134718.625;134718.625;134718.626;134718.626;134718.626;134718.626;134718.626;134718.626;134718.626;134718.626;134718.626;134718.626;134718.626;134718.626;134718.626;134718.626;134718.626;134718.626;134718.626;134718.626;134718.626;134718.626;134718.626;134718.626;134718.626;134718.626;134718.626;134718.626;134718.626;134718.626;134718.626;134718.626;134718.626;134718.626;134718.626;134718.626;134718.627;134718.627;134718.627;134718.633;134718.637;134718.637;134718.637;134718.637;134718.637;134718.638;134718.638;134718.638;134718.638;134718.638;134718.638;134718.638;134718.638;134718.638;134718.638;134718.638;134718.638;134718.638;134718.638;134718.638;134718.638;134718.638;134718.638;134718.638;134718.638;134718.639;134718.639;134718.639;134718.639;134718.639;134718.639;134718.639;134718.639;134718.639;134718.639;134718.639;134718.639;134718.639;134718.639;134718.639;134718.639
DE,1,500,10,3,120030,random,120030,137386.34662882471,140457.3736973483,3071.0270685235737,True,322.77880556792053,93.35977995099984,6.568 184.436;-14.052 -499.802;269.582 421.101;336.263 -370.037;-104.208 489.020;490.484 97.083;113.651 -136.187;-384.776 -319.292;-381.405 306.056;-275.021 -15.746,nan;nan;nan;nan;nan;nan;nan;nan;nan;nan;nan;nan;nan;nan;nan;nan;130637.362;131458.010;132319.327;132814.750;134873.242;135090.109;135624.766;136823.319;136824.683;137171.794;137188.860;137260.277;137278.417;137286.211;137293.330;137301.393;137310.644;137315.812;137317.825;137320.285;137322.764;137372.552;137373.881;137374.340;137375.038;137376.445;137377.357;137378.539;137379.480;137380.404;137381.151;137381.446;137382.159;137382.576;137382.891;137383.042;137383.088;137383.199;137383.361;137383.734;137383.806;137383.884;137383.907;137384.049;137384.106;137384.152;137384.208;137384.353;137384.511;137384.547;137384.588;137384.642;137384.672;137384.687;137384.711;137384.719;137384.743;137384.761;137384.773;137384.774;137384.783;137384.787;137384.793;137384.799;137384.803;137384.807;137384.810;137384.813;137384.818;137384.822;137384.824;137384.827;137384.829;137384.831;137384.835;137384.838;137384.842;137384.849;137384.860;137384.872;137384.882;137384.888;137384.895;137384.901;137384.903;137384.904;137384.905;137384.909;137384.911;137384.913;137384.914;137384.920;137384.927;137384.946;137384.966;137384.999;137385.056;137385.107;137385.124;137385.146;137385.218;137385.277;137385.307;137385.347;137385.375;137385.482;137385.745;137386.021;137386.147;137386.196;137386.241;137386.256;137386.278;137386.292;137386.299;137386.305;137386.309;137386.319;137386.325;137386.329;137386.332;137386.332;137386.336;137386.337;137386.337;137386.339;137386.341;137386.342;137386.343;137386.343;137386.344;137386.344;137386.344;137386.344;137386.345;137386.345;137386.345;137386.345;137386.345;137386.346;137386.346;137386.346;137386.346;137386.346;137386.346;137386.346;137386.346;137386.346;137386.346;137386.346;137386.346;137386.346;137386.346;137386.346;137386.346;137386.346;137386.346;137386.346;137386.346;137386.346;137386.346;137386.346;137386.346;137386.346;137386.346;137386.346;137386.346;137386.346;137386.346;137386.346;137386.346;137386.346;137386.346;137386.346;137386.347;137386.347;137386.347;137386.347;137386.347;137386.347;137386.347;137386.347;137386.347;137386.347
DE,1,500,10,11,120030,random,120030,135753.88872689268,140457.3736973483,4703.484970455611,True,308.0000561302872,104.62662566699964,-436.567 -243.741;472.401 163.822;-151.409 -476.524;-120.104 -82.456;-64.651 495.803;185.191 -456.955;-353.201 261.015;157.897 50.130;230.731 394.933;449.643 -218.681,nan;nan;nan;nan;nan;nan;nan;nan;nan;nan;nan;nan;nan;nan;nan;nan;nan;nan;nan;nan;130670.644;131216.884;132494.784;133038.111;133303.263;133318.706;135068.225;135284.456;135460.562;135460.562;135487.756;135487.756;135494.857;135540.522;135633.383;135633.383;135650.944;135656.612;135680.305;135686.326;135703.898;135711.623;135715.235;135720.437;135724.430;135728.771;135731.083;135733.297;135734.712;135737.148;135738.996;135740.213;135741.163;135742.456;135745.475;135746.296;135747.820;135749.907;135750.455;135751.318;135751.536;135751.837;135752.050;135752.548;135752.827;135753.080;135753.152;135753.224;135753.251;135753.324;135753.352;135753.428;135753.462;135753.474;135753.518;135753.529;135753.552;135753.568;135753.584;135753.616;135753.633;135753.653;135753.681;135753.701;135753.708;135753.715;135753.725;135753.733;135753.738;135753.745;135753.747;135753.750;135753.755;135753.756;135753.760;135753.762;135753.764;135753.766;135753.770;135753.771;135753.773;135753.775;135753.778;135753.779;135753.780;135753.781;135753.782;135753.782;135753.783;135753.783;135753.784;135753.784;135753.784;135753.785;135753.785;135753.785;135753.785;135753.786;135753.786;135753.786;135753.787;135753.787;135753.787;135753.788;135753.788;135753.788;135753.788;135753.789;135753.790;135753.791;135753.792;135753.793;135753.795;135753.796;135753.796;135753.797;135753.798;135753.800;135753.801;135753.802;135753.803;135753.804;135753.804;135753.805;135753.805;135753.806;135753.806;135753.807;135753.808;135753.809;135753.810;135753.813;135753.814;135753.816;135753.817;135753.818;135753.819;135753.819;135753.820;135753.822;135753.823;135753.824;135753.825;135753.827;135753.827;135753.828;135753.828;135753.829;135753.830;135753.835;135753.842;135753.851;135753.855;135753.859;135753.862;135753.868;135753.870;135753.872;135753.875;135753.877;135753.880;135753.882;135753.883;135753.884;135753.885;135753.886;135753.886;135753.887;135753.887;135753.888;135753.888;135753.888;135753.888;135753.888;135753.888;135753.888;135753.888;135753.889;135753.889;135753.889
DE,1,500,10,19,120030,random,120030,136169.39333014112,140457.3736973483,4287.980367207172,True,308.0000220871772,120.1208247200002,-474.872 156.515;-130.705 137.370;499.753 15.703;-289.624 -222.825;-233.537 442.109;32.296 -212.573;-102.965 -489.283;249.672 425.832;191.360 71.829;361.861 -280.581,nan;nan;nan;nan;nan;nan;nan;nan;nan;nan;nan;nan;nan;nan;nan;nan;nan;nan;nan;nan;nan;nan;nan;nan;nan;nan;nan;nan;nan;nan;nan;nan;nan;nan;135351.050;135624.518;135650.843;135744.162;135838.422;135849.410;135882.615;135903.910;135915.327;135929.158;135956.437;135966.329;135978.669;135995.304;136003.682;136009.421;136012.668;136021.300;136028.160;136037.282;136042.685;136050.504;136057.042;136063.300;136074.524;136085.141;136093.231;136099.348;136103.778;136113.667;136126.840;136143.537;136147.979;136153.059;136154.759;136157.230;136160.578;136161.989;136163.037;136163.756;136164.325;136165.250;136166.011;136166.350;136166.940;136167.286;136167.550;136167.838;136167.915;136168.139;136168.342;136168.479;136168.588;136168.678;136168.771;136168.860;136168.953;136169.005;136169.070;136169.113;136169.127;136169.143;136169.174;136169.218;136169.233;136169.249;136169.271;136169.278;136169.288;136169.297;136169.304;136169.315;136169.320;136169.328;136169.330;136169.332;136169.333;136169.335;136169.336;136169.337;136169.338;136169.340;136169.342;136169.343;136169.345;136169.347;136169.348;136169.349;136169.350;136169.351;136169.351;136169.352;136169.354;136169.355;136169.356;136169.357;136169.358;136169.359;136169.360;136169.361;136169.362;136169.363;136169.363;136169.365;136169.365;136169.366;136169.368;136169.369;136169.370;136169.371;136169.372;136169.372;136169.373;136169.373;136169.373;136169.374;136169.375;136169.376;136169.377;136169.378;136169.379;136169.380;136169.381;136169.382;136169.383;136169.384;136169.384;136169.385;136169.385;136169.385;136169.385;136169.386;136169.386;136169.386;136169.386;136169.387;136169.387;136169.387;136169.387;136169.387;136169.388;136169.389;136169.391;136169.391;136169.392;136169.392;136169.392;136169.392;136169.392;136169.392;136169.392;136169.393;136169.393;136169.393;136169.393;136169.393;136169.393;136169.393;136169.393;136169.393;136169.393;136169.393;136169.393;136169.393;136169.393;136169.393
DE,1,500,10,27,120030,random,120030,138050.47098270405,140457.3736973483,2406.9027146442386,True,308.1093622831309,250.2041831460001,347.905 -359.113;161.921 83.350;475.454 -21.308;16.911 -209.802;-273.084 418.838;-162.001 -473.028;349.306 357.750;-349.782 -190.185;29.650 476.136;-488.238 107.813,nan;nan;nan;nan;nan;nan;nan;nan;nan;nan;nan;nan;nan;nan;nan;nan;nan;nan;nan;nan;nan;nan;nan;nan;nan;nan;nan;nan;nan;nan;nan;nan;135508.998;135829.029;137363.144;137576.879;137576.879;137576.879;137635.302;137640.977;137660.674;137704.323;137704.323;137760.499;137765.243;137899.566;137910.041;137921.327;137924.097;137926.927;137931.000;137934.872;137937.727;137939.640;137941.462;137941.722;137942.646;137943.274;137943.638;137944.253;137944.442;137944.934;137945.458;137945.853;137946.555;137994.458;137994.778;137995.820;137996.230;137996.633;137997.093;137997.640;137998.122;137998.355;137998.692;137998.960;137999.187;137999.416;137999.627;137999.816;138048.161;138048.703;138048.835;138049.049;138049.154;138049.350;138049.423;138049.486;138049.556;138049.615;138049.710;138049.782;138049.836;138049.877;138049.906;138049.940;138049.986;138050.040;138050.061;138050.092;138050.108;138050.119;138050.131;138050.173;138050.204;138050.226;138050.250;138050.258;138050.279;138050.294;138050.299;138050.304;138050.322;138050.338;138050.343;138050.348;138050.353;138050.360;138050.367;138050.377;138050.378;138050.383;138050.389;138050.396;138050.401;138050.407;138050.409;138050.415;138050.419;138050.422;138050.430;138050.435;138050.437;138050.440;138050.443;138050.445;138050.447;138050.449;138050.449;138050.450;138050.451;138050.451;138050.453;138050.454;138050.455;138050.456;138050.457;138050.458;138050.459;138050.460;138050.462;138050.463;138050.464;138050.465;138050.466;138050.467;138050.467;138050.467;138050.468;138050.468;138050.468;138050.469;138050.469;138050.469;138050.469;138050.469;138050.469;138050.469;138050.470;138050.470;138050.470;138050.470;138050.470;138050.470;138050.470;138050.470;138050.470;138050.470;138050.470;138050.470;138050.470;138050.470;138050.470;138050.470;138050.470;138050.470;138050.470;138050.470;138050.470;138050.470;138050.470;138050.470;138050.470;138050.471;138050.471;138050.471;138050.471;138050.471;138050.471;138050.471
SLSQP,1,500,10,5,120030,random,120030,136825.79848415882,140457.3736973483,3631.5752131894697,True,310.25645473018443,448.09484130200053,-407.648 288.265;-19.759 -205.154;326.909 377.911;106.650 -488.491;495.255 46.609;133.809 121.887;-174.087 74.109;364.101 -315.095;-213.484 -449.945;-492.522 -79.062,135713.911;135713.911;136752.513;136759.913;136759.913;136759.913;136759.913;136759.913;136759.913;136759.913;136759.913;136759.913;136759.913;136759.913;136759.913;136759.913;136759.913;136759.913;136759.913;136759.913;136759.913;136759.913;136759.913;136759.913;136759.913;136759.913;136759.913;136759.913;136759.913;136759.913;136759.913;136759.913;136759.913;136759.913;136759.913;136759.913;136759.913;136759.913;136759.913;136759.913;136759.913;136759.913;136759.913;136759.913;136759.913;136759.913;136759.913;136759.913;136759.913;136759.913;136759.913;136759.913;136759.913;136759.913;136759.913;136759.913;136759.913;136759.913;136759.913;136759.913;136759.913;136759.913;136759.913;136759.913;136759.913;136759.913;136759.913;136759.913;136759.913;136759.913;136759.913;136759.913;136759.913;136759.913;136759.913;136759.913;136759.913;136759.913;136759.913;136759.913;136759.913;136759.913;136759.913;136759.913;136759.913;136759.913;136759.913;136759.913;136759.913;136759.913;136759.913;136759.913;136759.913;136759.913;136825.798;136825.798;136825.798;136825.798;136825.798;136825.798;136825.798;136825.798;136825.798;136825.798;136825.798;136825.798;136825.798;136825.798;136825.798;136825.798;136825.798;136825.798;136825.798;136825.798;136825.798;136825.798;136825.798;136825.798;136825.798;136825.798;136825.798;136825.798;136825.798;136825.798;136825.798;136825.798;136825.798;136825.798;136825.798;136825.798;136825.798;136825.798;136825.798;136825.798;136825.798;136825.798;136825.798;136825.798;136825.798;136825.798;136825.798;136825.798;136825.798;136825.798;136825.798;136825.798;136825.798;136825.798;136825.798;136825.798;136825.798;136825.798;136825.798;136825.798;136825.798;136825.798;136825.798;136825.798;136825.798;136825.798;136825.798;136825.798;136825.798;136825.798;136825.798;136825.798;136825.798;136825.798;136825.798;136825.798;136825.798;136825.798;136825.798;136825.798;136825.798;136825.798;136825.798;136825.798;136825.798;136825.798;136825.798;136825.798;136825.798;136825.798;136825.798;136825.798;136825.798;136825.798;136825.798;136825.798;136825.798;136825.798;136825.798;136825.798;136825.798;136825.798;136825.798;136825.798;136825.798;136825.798
SLSQP,1,500,10,13,120030,random,120030,138234.67796119105,140457.3736973483,2222.695736157242,True,313.3702127396172,463.7738711139991,301.615 -381.170;316.860 377.102;482.050 -119.310;3.777 470.442;139.971 118.430;-341.692 -362.420;-329.795 373.537;-179.658 60.557;-26.116 -384.982;-492.918 -81.569,133705.868;133705.868;134134.275;134134.275;134134.275;135164.600;135164.743;135164.743;135164.743;135164.743;135164.743;135164.743;135164.743;135164.743;135164.743;135164.743;135164.743;135164.743;135164.743;135164.743;135164.743;135164.743;135164.743;135164.743;135164.743;135164.743;135164.743;135164.743;135164.743;135802.066;135802.066;135850.548;135850.548;135850.548;135850.548;137242.323;137286.231;137292.811;137310.172;137310.172;137310.172;137310.172;137310.172;137584.272;137643.938;137643.938;137956.339;138234.678;138234.678;138234.678;138234.678;138234.678;138234.678;138234.678;138234.678;138234.678;138234.678;138234.678;138234.678;138234.678;138234.678;138234.678;138234.678;138234.678;138234.678;138234.678;138234.678;138234.678;138234.678;138234.678;138234.678;138234.678;138234.678;138234.678;138234.678;138234.678;138234.678;138234.678;138234.678;138234.678;138234.678;138234.678;138234.678;138234.678;138234.678;138234.678;138234.678;138234.678;138234.678;138234.678;138234.678;138234.678;138234.678;138234.678;138234.678;138234.678;138234.678;138234.678;138234.678;138234.678;138234.678;138234.678;138234.678;138234.678;138234.678;138234.678;138234.678;138234.678;138234.678;138234.678;138234.678;138234.678;138234.678;138234.678;138234.678;138234.678;138234.678;138234.678;138234.678;138234.678;138234.678;138234.678;138234.678;138234.678;138234.678;138234.678;138234.678;138234.678;138234.678;138234.678;138234.678;138234.678;138234.678;138234.678;138234.678;138234.678;138234.678;138234.678;138234.678;138234.678;138234.678;138234.678;138234.678;138234.678;138234.678;138234.678;138234.678;138234.678;138234.678;138234.678;138234.678;138234.678;138234.678;138234.678;138234.678;138234.678;138234.678;138234.678;138234.678;138234.678;138234.678;138234.678;138234.678;138234.678;138234.678;138234.678;138234.678;138234.678;138234.678;138234.678;138234.678;138234.678;138234.678;138234.678;138234.678;138234.678;138234.678;138234.678;138234.678;138234.678;138234.678;138234.678;138234.678;138234.678;138234.678;138234.678;138234.678;138234.678;138234.678;138234.678;138234.678;138234.678;138234.678;138234.678;138234.678;138234.678;138234.678;138234.678;138234.678;138234.678
SLSQP,1,500,10,21,120030,random,120030,137420.10203381782,140457.3736973483,3037.271663530468,True,309.11564635335014,462.60525677700025,165.881 -43.382;-440.356 226.946;48.111 242.692;490.059 -65.781;-262.860 -420.425;359.717 331.255;41.742 -367.790;352.715 -354.288;-174.566 464.897;-241.572 -11.208,nan;133869.635;133869.635;133869.635;134204.936;135530.609;135530.609;136217.733;136217.733;136217.733;136217.733;136217.733;136217.733;136217.733;136217.733;136217.733;136217.733;136217.733;136217.733;136217.733;136217.733;136217.733;136217.733;136217.733;136217.733;136217.733;136217.733;136217.733;136217.733;136399.804;136532.362;136532.362;136532.362;136835.239;136835.239;136835.239;136835.239;136835.239;136835.239;136835.239;136835.239;136835.239;136835.239;136835.239;136835.239;136835.239;136835.239;136835.239;136835.239;136835.239;136835.239;136835.239;136835.239;136835.239;136835.239;136835.239;136835.239;136835.239;136835.239;136835.239;136835.239;136835.239;136835.239;136835.239;136835.239;136835.239;136835.239;136835.239;136835.239;136835.239;136835.239;136835.239;136835.239;136835.239;136835.239;136835.239;136835.239;136835.239;136835.239;136835.239;136835.239;136835.239;136835.239;136835.239;136835.239;136835.239;136835.239;137340.336;137368.466;137420.102;137420.102;137420.102;137420.102;137420.102;137420.102;137420.102;137420.102;137420.102;137420.102;137420.102;137420.102;137420.102;137420.102;137420.102;137420.102;137420.102;137420.102;137420.102;137420.102;137420.102;137420.102;137420.102;137420.102;137420.102;137420.102;137420.102;137420.102;137420.102;137420.102;137420.102;137420.102;137420.102;137420.102;137420.102;137420.102;137420.102;137420.102;137420.102;137420.102;137420.102;137420.102;137420.102;137420.102;137420.102;137420.102;137420.102;137420.102;137420.102;137420.102;137420.102;137420.102;137420.102;137420.102;137420.102;137420.102;137420.102;137420.102;137420.102;137420.102;137420.102;137420.102;137420.102;137420.102;137420.102;137420.102;137420.102;137420.102;137420.102;137420.102;137420.102;137420.102;137420.102;137420.102;137420.102;137420.102;137420.102;137420.102;137420.102;137420.102;137420.102;137420.102;137420.102;137420.102;137420.102;137420.102;137420.102;137420.102;137420.102;137420.102;137420.102;137420.102;137420.102;137420.102;137420.102;137420.102;137420.102;137420.102;137420.102;137420.102;137420.102;137420.102;137420.102;137420.102;137420.102;137420.102;137420.102;137420.102;137420.102;137420.102;137420.102
SLSQP,1,500,10,29,120030,random,120030,138361.73132446164,140457.3736973483,2095.6423728866503,True,310.97846448108635,319.106277762,-268.834 415.759;351.372 335.916;188.989 -34.468;351.366 -354.469;498.876 26.688;-132.566 104.727;40.560 -344.101;-446.427 152.466;41.617 462.353;-467.771 -176.359,132469.025;132520.197;132520.197;133000.437;136337.282;136946.487;136946.487;136946.487;136946.487;136946.487;136946.487;136946.487;136946.487;136946.487;136946.487;136946.487;136946.487;136946.487;136946.487;136946.487;136946.487;136946.487;136946.487;136946.487;136946.487;136946.487;136946.487;136946.487;136946.487;136946.487;136946.487;136946.487;136946.487;136946.487;136946.487;136946.487;136946.487;136946.487;136946.487;136946.487;136946.487;136946.487;136946.487;136946.487;136946.487;136946.487;136946.487;136946.487;136946.487;136946.487;136946.487;136946.487;136946.487;136946.487;136946.487;136946.487;136946.487;136946.487;136946.487;136946.487;136946.487;136946.487;136946.487;136946.487;136946.487;136946.487;136946.487;136946.487;136946.487;136946.487;136946.487;136946.487;136946.487;136946.487;136946.487;136946.487;136946.487;136946.487;136946.487;136946.487;136946.487;136946.487;136946.487;136946.487;136946.487;136946.487;136946.487;136946.487;136946.487;136946.487;136946.487;136946.487;136946.487;136946.487;136946.487;136946.487;136946.487;136946.487;138360.459;138361.731;138361.731;138361.731;138361.731;138361.731;138361.731;138361.731;138361.731;138361.731;138361.731;138361.731;138361.731;138361.731;138361.731;138361.731;138361.731;138361.731;138361.731;138361.731;138361.731;138361.731;138361.731;138361.731;138361.731;138361.731;138361.731;138361.731;138361.731;138361.731;138361.731;138361.731;138361.731;138361.731;138361.731;138361.731;138361.731;138361.731;138361.731;138361.731;138361.731;138361.731;138361.731;138361.731;138361.731;138361.731;138361.731;138361.731;138361.731;138361.731;138361.731;138361.731;138361.731;138361.731;138361.731;138361.731;138361.731;138361.731;138361.731;138361.731;138361.731;138361.731;138361.731;138361.731;138361.731;138361.731;138361.731;138361.731;138361.731;138361.731;138361.731;138361.731;138361.731;138361.731;138361.731;138361.731;138361.731;138361.731;138361.731;138361.731;138361.731;138361.731;138361.731;138361.731;138361.731;138361.731;138361.731;138361.731;138361.731;138361.731;138361.731;138361.731;138361.731;138361.731;138361.731;138361.731;138361.731;138361.731;138361.731;138361.731;138361.731;138361.731
