Algorithm,Dataset,Radius,Turbines,Seed,Budget,Init,Calls,Objective,Ideal,WakeLoss,Feasible,MinSpacing,Seconds,Coordinates,Curve,Iters
LXNR,1,1000,15,5,6030,random,6030,198247.06301188975,210686.06054602243,12438.997534132679,True,308.00447750884484,2.9667898220000097,42.721 444.880;244.152 677.886;-396.109 632.905;109.590 -202.764;-79.965 746.415;846.113 531.931;-244.732 -75.643;-195.602 -874.834;777.125 -26.645;975.303 210.714;88.163 -622.367;543.315 424.207;-365.466 296.020;-315.397 946.990;18.615 107.308,nan;nan;nan;nan;nan;nan;nan;nan;nan;nan;nan;nan;nan;nan;nan;nan;nan;nan;nan;nan;nan;nan;nan;nan;nan;nan;nan;nan;nan;nan;nan;nan;nan;nan;nan;nan;nan;nan;nan;nan;nan;nan;nan;nan;nan;nan;nan;nan;nan;nan;nan;nan;nan;nan;nan;nan;nan;nan;nan;nan;nan;nan;nan;nan;nan;nan;nan;nan;nan;nan;nan;nan;nan;nan;nan;nan;nan;nan;nan;nan;nan;nan;nan;nan;nan;nan;nan;nan;nan;nan;nan;nan;nan;nan;nan;nan;nan;nan;nan;nan;nan;nan;nan;nan;nan;nan;nan;nan;nan;nan;nan;nan;nan;nan;nan;nan;195380.625;195380.625;197983.304;197987.780;197987.780;198003.046;198003.046;198003.046;198007.526;198007.526;198007.526;198023.939;198047.277;198047.277;198074.326;198144.982;198144.982;198144.982;198163.946;198163.946;198171.801;198175.294;198175.294;198175.567;198183.984;198183.984;198191.675;198195.962;198195.962;198201.015;198204.581;198204.581;198211.862;198212.974;198212.974;198214.835;198217.712;198217.712;198219.464;198220.460;198220.460;198221.119;198222.141;198222.141;198222.788;198223.776;198224.264;198225.612;198226.415;198226.415;198226.649;198226.879;198226.879;198227.136;198227.370;198228.293;198228.425;198228.552;198229.298;198229.381;198230.744;198231.199;198231.276;198231.313;198231.771;198231.792;198231.845;198231.849;198231.889;198231.920;198232.860;198233.953;198233.968;198235.288;198237.328;198237.342;198246.289;198246.294;198246.302;198246.663;198247.055;198247.058;198247.058;198247.060;198247.063,134
LXNR,1,1000,15,17,6030,random,6030,205042.45384123616,210686.06054602243,5643.606704786274,True,317.72881107253005,2.918605767000031,-13.424 -574.170;255.581 -785.340;133.098 356.083;486.786 -92.134;-4.674 69.778;728.045 -674.475;-537.389 -225.152;166.118 848.670;-481.180 494.820;-705.390 -672.392;369.553 -450.464;-736.566 177.249;-162.769 609.114;-370.813 -682.641;-286.337 947.881,nan;nan;nan;nan;nan;nan;nan;nan;nan;nan;nan;nan;nan;nan;nan;nan;nan;nan;nan;nan;nan;nan;nan;nan;nan;nan;nan;nan;nan;nan;nan;nan;nan;nan;nan;nan;nan;nan;nan;nan;nan;nan;nan;nan;nan;nan;nan;nan;nan;nan;nan;nan;nan;nan;nan;nan;nan;nan;nan;nan;nan;nan;nan;nan;nan;nan;nan;nan;nan;nan;nan;nan;nan;nan;nan;nan;nan;nan;nan;nan;nan;nan;nan;nan;nan;nan;nan;nan;nan;nan;nan;nan;198401.852;198401.852;198630.474;200411.891;200411.891;200411.891;200411.891;200411.891;201738.138;201738.138;201757.148;202816.594;203403.648;203403.648;204132.622;204190.370;204813.525;204813.525;204813.525;204813.525;204813.525;204848.505;204856.822;204912.361;204912.361;204941.782;204941.782;204941.782;204941.782;204975.027;204975.027;204975.944;204987.922;204987.922;204987.922;204987.922;204987.922;204987.922;204987.922;204989.145;204989.145;204989.897;204990.884;204990.884;204991.972;204991.972;204992.468;204995.013;204997.277;204997.277;204999.901;205009.073;205013.488;205013.618;205014.709;205014.709;205015.299;205016.474;205019.543;205021.459;205021.850;205021.850;205023.954;205024.326;205024.326;205028.682;205028.953;205033.258;205033.522;205033.771;205036.881;205037.040;205037.206;205037.523;205037.665;205037.736;205037.736;205037.805;205037.853;205038.065;205038.143;205038.179;205038.814;205039.929;205040.713;205041.005;205041.302;205041.580;205041.580;205041.944;205041.954;205041.954;205042.168;205042.172;205042.253;205042.312;205042.316;205042.316;205042.402;205042.406;205042.406;205042.428;205042.430;205042.431;205042.443;205042.452;205042.452;205042.453;205042.454,134
LXNR,1,1000,15,29,6030,random,6030,200931.1098550014,210686.06054602243,9754.950691021018,True,318.74573625109565,2.902914764000002,-677.142 735.852;-248.200 448.415;-706.733 394.775;-181.223 25.314;404.027 -146.997;90.961 204.271;-383.123 -837.283;63.689 -251.952;-114.817 892.084;706.499 699.236;-915.239 -198.482;-470.824 -391.818;251.393 -551.117;786.881 101.251;-483.022 127.862,nan;nan;nan;nan;nan;nan;nan;nan;nan;nan;nan;nan;nan;nan;nan;nan;nan;nan;nan;nan;nan;nan;nan;nan;nan;nan;nan;nan;nan;nan;nan;nan;nan;nan;nan;nan;nan;nan;nan;nan;nan;nan;nan;nan;nan;nan;nan;nan;nan;nan;nan;nan;nan;nan;nan;nan;nan;nan;nan;nan;nan;nan;nan;nan;nan;nan;nan;nan;nan;nan;nan;nan;nan;nan;nan;nan;nan;nan;nan;nan;nan;nan;nan;nan;nan;nan;nan;nan;nan;nan;nan;nan;nan;nan;nan;nan;nan;198302.330;198302.330;198302.330;198302.330;198670.943;198670.943;198670.943;198670.943;198670.943;198670.943;198670.943;198670.943;198670.943;198670.943;198756.951;198756.951;198756.951;198756.951;198756.951;198756.951;198756.951;198756.951;198792.186;198792.186;198793.865;198839.183;198839.183;199240.939;199240.939;199708.977;200327.686;200636.984;200636.984;200670.499;200675.783;200675.783;200685.637;200690.933;200690.933;200732.199;200744.919;200744.919;200751.993;200758.319;200766.854;200770.877;200776.408;200784.670;200808.476;200826.589;200842.702;200850.588;200853.957;200861.978;200863.506;200864.939;200865.297;200867.111;200868.158;200868.158;200869.005;200869.739;200870.021;200870.711;200871.194;200871.194;200871.597;200871.992;200871.992;200872.299;200872.509;200874.121;200876.532;200878.361;200888.663;200888.718;200895.809;200927.749;200927.832;200927.922;200927.922;200927.990;200928.636;200928.636;200928.678;200928.708;200929.202;200929.503;200929.528;200930.430;200930.808;200930.816;200930.873;200930.884;200930.894;200931.030;200931.064;200931.068;200931.098;200931.103;200931.107;200931.107;200931.108;200931.110,134
LXREP,1,1000,15,11,6030,random,6030,203035.45692082174,210686.06054602243,7650.603625200689,True,311.5709576288723,3.187567571000045,454.351 208.105;-199.118 868.762;-711.456 248.284;373.294 723.653;-202.463 -284.595;-355.064 -781.454;727.645 -28.035;-741.576 -117.483;162.086 -437.350;-402.177 449.408;842.881 291.314;71.696 574.574;679.016 663.568;-320.344 62.554;-701.591 -694.063,nan;nan;nan;nan;nan;nan;nan;nan;nan;nan;nan;nan;nan;nan;nan;nan;nan;nan;nan;nan;nan;nan;nan;nan;nan;nan;nan;nan;nan;nan;nan;nan;nan;nan;nan;nan;nan;nan;nan;nan;nan;nan;nan;nan;nan;nan;nan;nan;nan;nan;nan;nan;nan;nan;nan;nan;nan;nan;nan;nan;nan;nan;nan;nan;nan;nan;nan;nan;nan;nan;nan;nan;nan;nan;nan;nan;nan;nan;nan;nan;200686.060;200686.060;200686.060;200686.060;200686.060;200747.127;200747.127;200747.127;200747.127;200907.074;200907.074;200907.074;200907.074;200907.074;200907.074;200908.248;200908.248;200908.248;200908.248;201344.958;201344.958;201410.071;201410.071;201410.071;201410.071;201410.071;201410.071;201410.071;201825.024;202557.475;202557.475;202557.475;202564.754;202564.754;202624.542;202624.542;202624.542;202680.180;202680.180;202698.273;202767.078;202770.722;202852.529;202882.883;202895.566;202895.566;202897.799;202897.799;202897.799;202911.319;202931.928;202939.115;202939.115;202939.115;202941.135;202953.310;202961.206;202962.421;202964.963;202968.418;203001.009;203001.920;203001.920;203001.920;203002.223;203003.065;203004.343;203006.538;203009.188;203012.104;203014.293;203019.468;203021.136;203022.330;203023.068;203023.904;203024.969;203028.251;203029.062;203029.410;203030.577;203030.834;203031.396;203031.714;203032.306;203032.576;203032.815;203033.076;203033.559;203033.817;203033.939;203034.023;203034.150;203034.217;203034.698;203034.757;203034.845;203034.897;203034.961;203034.989;203035.034;203035.066;203035.220;203035.239;203035.258;203035.276;203035.284;203035.296;203035.307;203035.317;203035.322;203035.329;203035.333;203035.338;203035.341;203035.347;203035.350;203035.352;203035.354;203035.455;203035.457,200
LXREP,1,1000,15,23,6030,random,6030,201270.98910553765,210686.06054602243,9415.071440484782,True,311.6171630775815,3.3010214130000577,-89.166 119.862;-391.500 29.843;-896.155 -379.185;35.696 -231.924;-831.186 -58.664;119.737 387.235;-248.187 -703.080;-9.212 -908.437;-274.991 -294.753;525.995 385.324;380.240 694.882;-597.724 -272.550;58.332 -594.893;-666.952 -642.796;819.445 490.170,nan;nan;nan;nan;nan;nan;nan;nan;nan;nan;nan;nan;nan;nan;nan;nan;nan;nan;nan;nan;nan;nan;nan;nan;nan;nan;nan;nan;nan;nan;nan;nan;nan;nan;nan;nan;nan;nan;nan;nan;nan;nan;nan;nan;nan;nan;nan;nan;nan;nan;nan;nan;nan;nan;nan;nan;nan;nan;nan;nan;nan;nan;nan;nan;nan;nan;nan;nan;nan;nan;nan;nan;nan;nan;nan;nan;nan;nan;nan;nan;nan;nan;nan;nan;nan;nan;nan;nan;nan;nan;nan;nan;nan;nan;nan;nan;nan;nan;nan;nan;nan;nan;nan;nan;nan;nan;nan;nan;nan;196556.146;196556.146;196556.146;196556.146;197085.079;197130.103;199932.819;199932.819;200522.828;200569.804;200569.804;200569.804;200612.085;200735.174;200735.174;200872.332;200940.914;201006.131;201012.470;201021.964;201021.964;201046.540;201061.788;201085.486;201143.037;201144.782;201144.782;201145.365;201160.642;201163.336;201169.417;201179.856;201185.467;201191.742;201194.417;201197.276;201200.996;201203.416;201207.889;201213.026;201217.084;201219.452;201221.290;201222.496;201223.913;201225.730;201227.626;201228.277;201229.083;201229.396;201229.862;201230.505;201231.318;201231.663;201231.663;201232.498;201232.718;201232.822;201232.942;201233.502;201233.816;201233.940;201234.111;201234.910;201235.019;201235.129;201235.284;201235.363;201235.660;201235.718;201235.780;201236.315;201236.357;201253.622;201253.663;201253.689;201253.708;201253.728;201263.875;201263.888;201263.903;201263.912;201265.220;201270.948;201270.958;201270.963;201270.967;201270.975;201270.981;201270.984;201270.988;201270.989,200
LXU,1,1000,15,5,6030,random,6030,201438.8717345666,210686.06054602243,9247.188811455824,True,311.84935633482485,2.8985749409999926,21.330 -524.899;-115.498 378.429;-650.122 728.195;-302.327 -684.840;-311.619 675.618;-142.188 55.895;-496.510 -230.207;595.030 -673.009;802.060 354.026;-163.729 -273.895;104.848 -905.500;201.404 880.689;774.355 -2.210;-627.909 383.665;562.608 742.272,nan;nan;nan;nan;nan;nan;nan;nan;nan;nan;nan;nan;nan;nan;nan;nan;nan;nan;nan;nan;nan;nan;nan;nan;nan;nan;nan;nan;nan;nan;nan;nan;nan;nan;nan;nan;nan;nan;nan;nan;nan;nan;nan;nan;nan;nan;nan;nan;nan;nan;nan;nan;nan;nan;nan;nan;nan;nan;nan;nan;nan;nan;nan;nan;nan;nan;nan;nan;nan;nan;nan;nan;nan;nan;nan;nan;nan;nan;nan;nan;nan;nan;nan;nan;nan;nan;nan;nan;nan;nan;nan;nan;nan;nan;198107.103;198591.208;198591.208;198591.208;199663.042;199663.042;199663.042;199663.042;199663.042;200179.205;200179.205;200179.205;200179.205;200223.345;200223.345;201062.705;201062.705;201067.393;201067.393;201067.393;201067.393;201067.393;201067.393;201067.393;201067.393;201106.546;201106.546;201106.629;201106.629;201106.773;201106.773;201106.773;201317.116;201344.844;201393.413;201393.413;201393.413;201425.191;201425.191;201425.191;201425.191;201425.359;201425.359;201425.780;201425.780;201426.401;201428.910;201428.910;201431.096;201431.096;201431.096;201431.429;201431.770;201432.321;201432.321;201434.981;201434.981;201435.370;201435.370;201435.371;201435.371;201435.371;201435.371;201435.371;201435.589;201435.952;201435.952;201435.952;201436.525;201436.525;201436.842;201437.023;201437.231;201437.370;201437.482;201437.492;201437.673;201437.955;201437.955;201438.486;201438.486;201438.548;201438.553;201438.581;201438.623;201438.688;201438.688;201438.763;201438.763;201438.773;201438.783;201438.794;201438.803;201438.803;201438.817;201438.838;201438.838;201438.838;201438.841;201438.853;201438.853;201438.854;201438.858;201438.866;201438.866;201438.872;201438.872,100
LXU,1,1000,15,17,6030,random,6030,203078.1694578458,210686.06054602243,7607.891088176635,True,325.5174373029565,2.8066305270000385,0.748 -826.030;345.886 -722.901;-192.193 105.959;364.243 -13.481;29.175 366.154;594.002 -506.650;-648.676 -284.033;444.914 791.491;-484.624 248.948;-367.004 -698.224;133.854 -454.607;-965.651 243.736;-226.647 666.812;-302.566 -356.186;-59.525 997.434,nan;nan;nan;nan;nan;nan;nan;nan;nan;nan;nan;nan;nan;nan;nan;nan;nan;nan;nan;nan;nan;nan;nan;nan;nan;nan;nan;nan;nan;nan;nan;nan;nan;nan;nan;nan;nan;nan;nan;nan;nan;nan;nan;nan;nan;nan;nan;nan;nan;nan;nan;nan;nan;nan;nan;nan;nan;nan;nan;nan;nan;nan;nan;nan;nan;nan;nan;nan;nan;nan;nan;nan;nan;nan;nan;nan;nan;nan;nan;nan;nan;202313.726;202313.726;202313.726;202313.726;202313.726;202313.726;202477.549;202477.549;202592.145;202592.145;202592.145;202592.145;202651.453;202651.453;202651.453;202651.453;202760.430;202760.430;202760.430;202760.430;202760.430;202760.430;202760.430;202760.430;202760.430;202760.430;202760.430;202760.430;202823.018;202823.018;202829.098;202829.098;202881.768;202881.768;202882.581;202882.581;202923.767;202923.767;202923.767;202923.767;202966.748;202967.226;202985.231;202985.231;202986.805;202986.805;202986.805;202990.215;202990.692;202990.692;202996.818;202996.818;202996.818;202999.292;203027.407;203032.144;203032.618;203060.040;203060.040;203063.711;203068.084;203068.084;203068.084;203068.363;203069.727;203069.727;203071.342;203071.342;203071.513;203072.475;203072.650;203072.650;203072.783;203072.783;203072.888;203073.244;203073.958;203073.958;203074.717;203074.717;203075.921;203075.921;203077.145;203077.145;203077.346;203077.346;203077.463;203077.463;203077.635;203077.635;203077.652;203077.731;203077.762;203077.787;203077.829;203077.829;203077.829;203077.862;203078.015;203078.015;203078.046;203078.046;203078.072;203078.072;203078.093;203078.093;203078.111;203078.111;203078.131;203078.131;203078.131;203078.134;203078.134;203078.137;203078.167;203078.167;203078.167;203078.169;203078.169;203078.169,100
LXU,1,1000,15,29,6030,random,6030,202146.482566987,210686.06054602243,8539.577979035443,True,310.52467654123103,2.851401557000031,-486.395 351.259;-154.383 -830.917;276.906 758.585;408.267 -720.829;267.994 -284.561;-479.015 -619.729;-59.957 -213.409;492.135 534.750;-51.491 873.143;-655.182 19.566;578.491 169.796;-141.913 479.250;95.596 245.312;-302.394 -0.584;633.729 -384.708,nan;nan;nan;nan;nan;nan;nan;nan;nan;nan;nan;nan;nan;nan;nan;nan;nan;nan;nan;nan;nan;nan;nan;nan;nan;nan;nan;nan;nan;nan;nan;nan;nan;nan;nan;nan;nan;nan;nan;nan;nan;nan;nan;nan;nan;nan;nan;nan;nan;nan;nan;nan;nan;nan;nan;nan;nan;nan;nan;nan;nan;nan;nan;nan;nan;nan;nan;nan;nan;nan;nan;nan;nan;nan;nan;nan;nan;nan;nan;nan;nan;nan;nan;nan;nan;nan;nan;nan;nan;nan;nan;200207.954;200207.954;200207.954;200207.954;200207.954;200207.954;200207.954;200207.954;200207.954;200207.954;200207.954;200207.954;200208.095;200772.778;201005.431;201005.431;201204.318;201204.318;201204.318;201204.318;201204.318;201204.318;201204.318;201204.318;201213.711;201213.711;201214.895;201214.895;201222.978;201222.978;201228.372;201254.728;201755.917;201755.917;201759.965;201759.965;201785.069;201785.069;201787.993;201838.930;201838.930;201856.436;201856.436;201856.436;201856.455;201860.515;201867.348;201867.348;201875.079;201875.079;201880.850;201880.850;201887.132;201889.953;201889.953;201893.589;201896.818;201896.818;201900.772;201900.772;201910.791;201910.791;201910.791;201911.737;201912.071;201912.770;201919.290;201919.290;201928.357;201928.357;201937.169;201937.169;201937.169;201937.383;201937.834;201937.834;201938.188;201938.188;201941.361;201941.361;201942.764;201942.764;201946.522;201946.522;201950.180;201950.180;201956.374;201956.374;201961.912;201961.912;201968.701;201968.701;201976.296;201976.296;201981.659;201981.659;201986.956;201986.956;201996.008;201996.008;202029.739;202029.739;202046.642;202046.642;202082.622;202082.622;202082.622;202082.625;202146.483;202146.483,100
LXC025,1,1000,15,11,6030,random,6030,205488.73207705858,210686.06054602243,5197.328468963853,True,320.1375633174064,2.815180856999973,459.949 869.460;-980.409 -106.654;-695.667 -453.959;-617.053 -101.893;170.451 664.479;840.434 213.900;453.624 -337.329;-309.001 -14.763;-126.454 -649.888;89.281 178.427;776.970 -440.729;-949.887 275.639;501.101 271.609;-247.761 758.092;78.995 -993.107,nan;nan;nan;nan;nan;nan;nan;nan;nan;nan;nan;nan;nan;nan;nan;nan;nan;nan;nan;nan;nan;nan;nan;nan;nan;nan;nan;nan;nan;nan;nan;nan;nan;nan;nan;nan;nan;nan;nan;nan;nan;nan;nan;nan;nan;nan;nan;nan;nan;nan;nan;nan;nan;nan;nan;nan;nan;nan;nan;nan;nan;nan;nan;nan;nan;nan;nan;nan;nan;nan;nan;nan;nan;nan;nan;nan;nan;nan;nan;nan;nan;nan;nan;nan;nan;nan;nan;nan;nan;nan;nan;nan;nan;nan;nan;nan;nan;nan;nan;203837.578;203837.578;205003.191;205003.191;205003.191;205003.191;205003.191;205003.191;205003.191;205003.191;205003.191;205071.574;205071.574;205113.604;205113.604;205234.801;205234.801;205325.945;205325.945;205327.885;205327.885;205327.885;205368.142;205378.483;205380.130;205417.452;205417.452;205456.633;205456.633;205473.476;205473.476;205473.476;205473.476;205473.476;205473.476;205473.476;205473.476;205473.528;205473.528;205475.587;205475.587;205475.764;205475.764;205477.407;205477.407;205478.644;205478.644;205480.409;205480.409;205482.467;205482.467;205483.554;205483.554;205484.203;205484.203;205484.724;205484.724;205485.187;205485.187;205485.810;205485.810;205486.136;205486.136;205486.226;205486.226;205486.465;205487.834;205487.834;205487.834;205487.931;205487.931;205488.046;205488.046;205488.109;205488.109;205488.133;205488.133;205488.158;205488.158;205488.180;205488.180;205488.215;205488.215;205488.235;205488.706;205488.706;205488.706;205488.712;205488.712;205488.716;205488.716;205488.722;205488.722;205488.725;205488.725;205488.728;205488.728;205488.729;205488.729;205488.731;205488.731;205488.732,100
LXC025,1,1000,15,23,6030,random,6030,203025.80499056567,210686.06054602243,7660.255555456766,True,311.0306959273161,2.8472405190000245,-97.821 471.575;-760.245 647.273;-269.771 -672.074;185.055 776.696;-639.006 -736.818;-193.917 -370.435;-571.933 -182.852;-358.119 122.704;511.209 -364.439;-915.513 356.591;278.838 82.018;-485.723 420.573;509.634 351.164;-677.824 129.395;198.665 -509.556,nan;nan;nan;nan;nan;nan;nan;nan;nan;nan;nan;nan;nan;nan;nan;nan;nan;nan;nan;nan;nan;nan;nan;nan;nan;nan;nan;nan;nan;nan;nan;nan;nan;nan;nan;nan;nan;nan;nan;nan;nan;nan;nan;nan;nan;nan;nan;nan;nan;nan;nan;nan;nan;nan;nan;nan;nan;nan;nan;nan;nan;nan;nan;nan;nan;nan;nan;nan;nan;nan;nan;nan;nan;nan;nan;nan;nan;nan;nan;nan;nan;nan;nan;nan;nan;nan;nan;nan;nan;nan;nan;nan;nan;nan;nan;nan;nan;nan;nan;nan;200604.155;202711.136;202711.136;202711.136;202711.136;202711.136;202711.136;202745.231;202745.231;202745.231;202745.231;202844.110;202844.110;202844.110;202844.110;202844.110;202844.110;202876.959;202876.959;202876.959;202876.959;202876.959;202994.769;202994.769;202994.769;202994.769;202994.769;202994.769;202994.769;202994.769;202994.769;202994.769;202994.769;202994.769;202994.769;202994.769;202994.769;202994.769;203008.796;203009.533;203012.274;203012.274;203014.024;203014.024;203015.722;203015.722;203017.333;203017.333;203018.367;203018.367;203019.712;203019.712;203021.207;203021.207;203022.180;203022.180;203023.273;203023.273;203023.662;203024.299;203024.299;203024.299;203024.716;203024.716;203025.009;203025.009;203025.172;203025.172;203025.359;203025.359;203025.433;203025.433;203025.536;203025.536;203025.593;203025.593;203025.640;203025.700;203025.700;203025.700;203025.711;203025.711;203025.739;203025.739;203025.760;203025.760;203025.772;203025.782;203025.782;203025.782;203025.790;203025.790;203025.796;203025.800;203025.800;203025.800;203025.802;203025.802;203025.804;203025.804;203025.805,100
LXC05,1,1000,15,5,6030,random,6030,201563.05036160353,210686.06054602243,9123.010184418905,True,314.06521539516785,2.826532207000014,953.844 4.999;-365.344 423.966;405.676 354.662;-31.543 167.069;-525.082 68.376;134.271 515.399;-342.278 -592.500;-609.756 726.537;-761.951 -463.409;654.879 755.726;-116.105 705.001;-71.110 -271.622;644.341 125.745;716.006 440.972;176.975 -73.410,nan;nan;nan;nan;nan;nan;nan;nan;nan;nan;nan;nan;nan;nan;nan;nan;nan;nan;nan;nan;nan;nan;nan;nan;nan;nan;nan;nan;nan;nan;nan;nan;nan;nan;nan;nan;nan;nan;nan;nan;nan;nan;nan;nan;nan;nan;nan;nan;nan;nan;nan;nan;nan;nan;nan;nan;nan;nan;nan;nan;nan;nan;nan;nan;nan;nan;nan;nan;nan;nan;nan;nan;nan;nan;nan;nan;nan;nan;nan;nan;nan;nan;nan;nan;nan;nan;nan;nan;nan;nan;nan;nan;nan;nan;nan;nan;nan;nan;nan;nan;nan;nan;nan;nan;nan;nan;nan;nan;nan;nan;nan;nan;nan;nan;nan;nan;201006.502;201057.842;201124.876;201309.963;201383.868;201383.868;201383.868;201398.287;201398.287;201409.900;201414.979;201414.979;201414.979;201438.372;201452.190;201452.190;201452.190;201453.552;201458.359;201458.359;201477.517;201477.517;201483.393;201484.620;201494.126;201494.126;201499.295;201499.295;201527.339;201527.339;201529.017;201529.872;201531.679;201531.679;201533.320;201533.320;201534.235;201540.488;201540.488;201540.488;201541.741;201541.741;201542.467;201543.263;201543.425;201543.425;201543.718;201543.718;201544.288;201551.961;201551.961;201551.961;201552.157;201555.316;201555.316;201558.362;201558.362;201558.362;201558.478;201559.117;201559.117;201561.111;201561.111;201561.111;201561.163;201561.163;201561.192;201561.192;201561.218;201561.713;201561.713;201562.363;201562.363;201562.749;201562.749;201563.005;201563.005;201563.005;201563.009;201563.046;201563.046;201563.046;201563.049;201563.049;201563.050,100
LXC05,1,1000,15,17,6030,random,6030,202536.02927531308,210686.06054602243,8150.031270709354,True,317.5973070462074,2.911275587000091,-232.174 -820.145;365.067 -915.680;-27.423 -61.185;516.140 87.945;228.788 223.210;805.335 -581.336;-408.468 -33.975;112.412 748.999;-683.554 303.230;-759.568 -288.764;181.809 -603.691;-862.776 15.511;-448.076 592.686;-271.215 -424.763;440.395 897.320,nan;nan;nan;nan;nan;nan;nan;nan;nan;nan;nan;nan;nan;nan;nan;nan;nan;nan;nan;nan;nan;nan;nan;nan;nan;nan;nan;nan;nan;nan;nan;nan;nan;nan;nan;nan;nan;nan;nan;nan;nan;nan;nan;nan;nan;nan;nan;nan;nan;nan;nan;nan;nan;nan;nan;nan;nan;nan;nan;nan;nan;nan;nan;nan;nan;nan;nan;nan;nan;nan;nan;nan;nan;nan;nan;nan;nan;nan;nan;nan;nan;nan;nan;nan;nan;nan;nan;nan;nan;nan;nan;nan;nan;nan;nan;nan;nan;nan;nan;nan;199980.873;200527.289;202103.064;202109.218;202109.218;202214.388;202214.388;202218.320;202364.711;202383.644;202383.644;202383.644;202383.644;202383.644;202383.644;202433.487;202433.487;202433.487;202433.487;202434.624;202434.624;202449.250;202449.250;202449.250;202471.771;202471.771;202483.165;202488.257;202488.257;202512.518;202512.518;202512.580;202512.580;202512.580;202512.580;202512.580;202518.090;202518.090;202518.090;202518.090;202518.090;202519.796;202523.510;202524.053;202524.559;202524.751;202527.480;202527.480;202529.040;202529.040;202530.512;202530.512;202531.309;202531.316;202531.992;202532.148;202532.745;202532.745;202533.279;202533.279;202533.902;202533.918;202534.137;202534.695;202534.695;202534.883;202534.883;202534.886;202534.967;202535.013;202535.102;202535.102;202535.193;202535.193;202535.277;202535.290;202535.357;202535.357;202535.405;202535.424;202535.440;202535.440;202535.457;202535.486;202535.486;202535.593;202535.593;202535.769;202535.769;202535.895;202535.895;202535.999;202535.999;202535.999;202536.003;202536.003;202536.007;202536.027;202536.027;202536.027;202536.029,100
LXC05,1,1000,15,29,6030,random,6030,206018.6115974356,210686.06054602243,4667.448948586825,True,325.7357956096737,2.816914386999997,-166.791 -296.085;-65.456 875.091;-347.102 -589.085;372.299 -28.161;-367.658 16.569;-585.354 356.658;-763.989 639.762;896.569 -385.233;507.272 299.993;96.160 -631.629;821.033 212.483;564.393 764.213;-768.443 -290.030;507.575 -419.756;154.087 616.653,nan;nan;nan;nan;nan;nan;nan;nan;nan;nan;nan;nan;nan;nan;nan;nan;nan;nan;nan;nan;nan;nan;nan;nan;nan;nan;nan;nan;nan;nan;nan;nan;nan;nan;nan;nan;nan;nan;nan;nan;nan;nan;nan;nan;nan;nan;nan;nan;nan;nan;nan;nan;nan;nan;nan;nan;nan;nan;nan;nan;nan;nan;nan;nan;nan;nan;nan;nan;nan;nan;nan;nan;nan;nan;nan;201571.820;201571.820;203357.994;203357.994;203357.994;203357.994;204935.748;204935.748;204935.748;204935.748;204935.748;204935.748;204942.510;204942.510;205096.197;205096.197;205096.197;205096.197;205096.197;205096.197;205096.197;205096.197;205096.197;205096.197;205096.197;205096.197;205096.197;205096.197;205096.197;205329.482;205425.056;205425.056;205825.849;205825.849;205825.849;205825.849;205825.849;205825.849;205825.849;205825.849;205825.849;205915.015;205915.015;205915.015;205915.015;205927.544;205927.544;205970.176;205970.176;205970.176;205970.176;205970.176;205971.113;205971.113;205971.530;205971.530;205972.597;205972.597;205972.597;205977.820;205978.011;205984.927;205984.927;205987.204;205987.204;205989.919;205990.108;205992.857;205993.942;206005.532;206005.532;206007.800;206007.800;206008.766;206008.984;206009.982;206012.938;206012.938;206013.461;206013.890;206014.407;206014.407;206014.758;206014.801;206014.801;206015.116;206017.184;206017.184;206017.184;206017.493;206017.937;206017.937;206017.937;206018.073;206018.073;206018.190;206018.190;206018.249;206018.249;206018.324;206018.324;206018.343;206018.344;206018.375;206018.468;206018.468;206018.468;206018.479;206018.520;206018.520;206018.520;206018.529;206018.583;206018.583;206018.583;206018.588;206018.588;206018.592;206018.592;206018.597;206018.601;206018.601;206018.601;206018.601;206018.612;206018.612,100
LXC2,1,1000,15,11,6030,random,6030,205654.45805532465,210686.06054602243,5031.602490697784,True,317.65737459144776,2.9645172619999585,237.960 204.066;-872.776 372.020;-194.189 -80.120;-631.381 165.538;538.019 472.097;-371.542 -411.941;752.452 -493.870;-207.059 -827.986;-780.036 -621.040;-590.233 700.331;814.026 168.570;-367.605 389.611;423.086 790.170;-100.242 951.170;-31.892 -419.205,nan;nan;nan;nan;nan;nan;nan;nan;nan;nan;nan;nan;nan;nan;nan;nan;nan;nan;nan;nan;nan;nan;nan;nan;nan;nan;nan;nan;nan;nan;nan;nan;nan;nan;nan;nan;nan;nan;nan;nan;nan;nan;nan;nan;nan;nan;nan;nan;nan;nan;nan;nan;nan;nan;nan;nan;nan;nan;nan;nan;nan;nan;nan;nan;nan;nan;nan;nan;nan;nan;nan;nan;nan;204735.731;204735.731;204735.731;204735.731;204735.731;204735.731;204735.731;204735.731;205031.748;205031.748;205031.748;205031.748;205031.748;205031.748;205031.748;205031.748;205031.748;205031.748;205031.748;205031.748;205031.748;205031.748;205089.055;205089.055;205089.055;205089.055;205089.055;205089.392;205229.858;205274.304;205297.800;205368.048;205368.048;205392.613;205446.282;205446.282;205478.059;205478.059;205496.315;205496.315;205496.315;205496.315;205497.081;205497.081;205498.102;205498.102;205498.102;205499.897;205507.950;205507.950;205508.640;205515.654;205515.654;205520.035;205520.035;205520.035;205520.035;205527.810;205527.810;205531.984;205531.984;205534.326;205534.685;205536.511;205539.979;205540.317;205540.428;205540.428;205541.035;205541.432;205543.763;205543.763;205561.716;205561.716;205561.716;205562.702;205562.702;205563.633;205563.633;205564.148;205573.019;205573.019;205646.916;205646.916;205646.916;205647.286;205653.172;205653.172;205653.172;205653.402;205653.402;205653.499;205653.529;205653.622;205653.622;205653.714;205654.043;205654.043;205654.169;205654.169;205654.169;205654.183;205654.200;205654.202;205654.202;205654.223;205654.315;205654.315;205654.315;205654.325;205654.353;205654.353;205654.353;205654.358;205654.358;205654.363;205654.363;205654.368;205654.368;205654.372;205654.374;205654.374;205654.380;205654.380;205654.409;205654.409;205654.458;205654.458,100
LXC2,1,1000,15,23,6030,random,6030,200618.75079569267,210686.06054602243,10067.309750329761,True,308.00198962385934,2.8910228859999734,632.038 266.252;102.879 -504.291;606.633 684.749;-105.392 758.205;18.431 69.698;-515.829 -838.308;352.424 -735.470;328.764 540.814;347.692 102.396;700.647 -420.774;967.404 174.178;-494.668 718.800;556.613 -123.917;-102.492 -897.988;-554.062 -466.651,nan;nan;nan;nan;nan;nan;nan;nan;nan;nan;nan;nan;nan;nan;nan;nan;nan;nan;nan;nan;nan;nan;nan;nan;nan;nan;nan;nan;nan;nan;nan;nan;nan;nan;nan;nan;nan;nan;nan;nan;nan;nan;nan;nan;nan;nan;nan;nan;nan;nan;nan;nan;nan;nan;nan;nan;nan;nan;nan;nan;nan;nan;nan;nan;nan;nan;nan;nan;nan;nan;nan;nan;nan;nan;nan;nan;nan;nan;nan;nan;nan;nan;nan;nan;nan;nan;nan;nan;nan;nan;nan;nan;nan;nan;nan;nan;nan;nan;nan;nan;nan;nan;nan;197573.452;197573.452;198306.495;198306.495;198688.845;198688.845;198688.845;198688.845;199086.194;199984.375;199984.375;199984.375;199984.375;200000.685;200081.693;200145.079;200145.101;200312.011;200312.011;200379.675;200379.675;200392.978;200392.978;200406.243;200444.608;200444.608;200444.608;200456.919;200458.602;200458.602;200459.453;200469.123;200469.123;200477.377;200510.685;200510.685;200510.685;200513.956;200513.956;200517.761;200519.403;200524.636;200524.738;200527.468;200529.849;200530.991;200553.396;200553.396;200553.396;200554.690;200555.521;200555.626;200556.809;200556.986;200556.986;200557.357;200557.357;200557.671;200557.671;200558.459;200559.216;200559.216;200561.575;200561.575;200583.727;200583.727;200583.727;200583.916;200583.916;200584.086;200584.203;200584.203;200584.507;200584.507;200584.507;200584.561;200611.510;200611.510;200611.510;200611.545;200616.163;200616.163;200616.163;200616.184;200616.184;200616.192;200616.650;200616.650;200618.641;200618.641;200618.641;200618.649;200618.744;200618.744;200618.744;200618.748;200618.748;200618.751,100
LXNR,2,1000,15,5,6030,random,6030,101431.39337206741,109730.67592026998,8299.282548202566,True,313.3953775185278,3.049486348999949,45.267 435.158;252.459 672.886;-397.020 629.029;104.907 -199.032;-77.619 739.452;849.481 527.606;-242.416 -78.675;-197.764 -874.327;768.729 -30.902;976.335 215.140;79.216 -624.128;552.029 414.496;-367.938 298.800;-320.697 945.163;23.152 103.512,nan;nan;nan;nan;nan;nan;nan;nan;nan;nan;nan;nan;nan;nan;nan;nan;nan;nan;nan;nan;nan;nan;nan;nan;nan;nan;nan;nan;nan;nan;nan;nan;nan;nan;nan;nan;nan;nan;nan;nan;nan;nan;nan;nan;nan;nan;nan;nan;nan;nan;nan;nan;nan;nan;nan;nan;nan;nan;nan;nan;nan;nan;nan;nan;nan;nan;nan;nan;nan;nan;nan;nan;nan;nan;nan;nan;nan;nan;nan;nan;nan;nan;nan;nan;nan;nan;nan;nan;nan;nan;nan;nan;nan;nan;nan;nan;nan;nan;nan;nan;nan;nan;nan;nan;nan;nan;nan;nan;nan;nan;nan;nan;nan;nan;nan;nan;100852.073;100852.073;100852.073;100852.282;101185.299;101185.299;101185.299;101185.299;101195.039;101325.201;101325.201;101325.201;101325.201;101332.471;101332.471;101334.853;101334.853;101365.119;101406.241;101406.241;101406.241;101406.614;101406.614;101409.645;101410.554;101410.554;101412.511;101412.905;101412.905;101413.355;101413.856;101413.856;101415.282;101416.761;101416.761;101417.450;101418.784;101418.784;101419.550;101420.003;101423.519;101423.978;101424.338;101424.765;101424.999;101425.251;101425.251;101425.293;101425.302;101425.302;101425.421;101425.637;101425.750;101425.950;101426.015;101426.631;101426.697;101427.117;101427.117;101427.142;101427.350;101427.464;101427.748;101427.769;101428.318;101428.342;101429.874;101429.874;101429.885;101429.892;101429.894;101429.904;101429.906;101429.906;101429.924;101429.924;101429.952;101429.953;101429.954;101429.974;101430.097;101430.098;101430.605;101431.319;101431.393,134
LXNR,2,1000,15,17,6030,random,6030,103467.07776198791,109730.67592026998,6263.598158282068,True,315.5304384229034,2.9793164379999553,47.477 -584.431;259.467 -827.498;-27.431 386.355;498.766 -119.780;-16.188 39.731;699.063 -688.765;-522.086 -293.093;205.563 857.495;-524.907 442.739;-766.817 -586.041;383.127 -471.724;-784.377 93.371;-246.078 634.091;-438.247 -754.683;-272.050 948.551,nan;nan;nan;nan;nan;nan;nan;nan;nan;nan;nan;nan;nan;nan;nan;nan;nan;nan;nan;nan;nan;nan;nan;nan;nan;nan;nan;nan;nan;nan;nan;nan;nan;nan;nan;nan;nan;nan;nan;nan;nan;nan;nan;nan;nan;nan;nan;nan;nan;nan;nan;nan;nan;nan;nan;nan;nan;nan;nan;nan;nan;nan;nan;nan;nan;nan;nan;nan;nan;nan;nan;nan;nan;nan;nan;nan;nan;nan;nan;nan;nan;nan;nan;nan;nan;nan;nan;nan;nan;nan;nan;nan;101305.202;102309.377;102309.377;102333.946;102364.449;102364.449;102364.449;102364.449;102396.160;102396.160;102396.160;102396.160;102396.247;102396.247;102469.087;102469.087;102469.087;102493.514;102591.963;102592.632;102636.222;103071.341;103071.341;103071.341;103071.341;103167.289;103188.034;103188.034;103188.034;103316.445;103326.905;103363.159;103363.159;103377.453;103377.453;103377.453;103377.748;103379.221;103380.480;103380.480;103380.760;103385.105;103390.528;103390.528;103411.526;103415.004;103415.004;103420.408;103433.581;103433.581;103436.738;103441.151;103443.511;103444.977;103446.094;103446.094;103447.604;103448.527;103448.527;103448.777;103449.234;103449.234;103451.542;103452.222;103456.163;103459.533;103459.791;103459.791;103460.025;103460.125;103462.893;103462.988;103463.105;103463.105;103463.222;103463.340;103463.340;103463.451;103463.516;103463.516;103463.579;103463.657;103463.657;103463.882;103463.915;103464.401;103464.745;103464.761;103464.761;103464.910;103464.923;103465.258;103465.268;103465.275;103465.349;103465.768;103465.776;103465.776;103465.779;103465.780;103465.780;103465.781;103465.784;103465.789;103465.974;103465.990;103466.397;103467.077;103467.078,134
LXNR,2,1000,15,29,6030,random,6030,102275.49980207304,109730.67592026998,7455.176118196934,True,313.3056282568639,2.9158812340000395,-678.913 714.659;-252.499 424.187;-700.897 389.009;-166.168 63.741;380.005 -219.169;138.264 174.209;-375.682 -815.386;45.221 -189.066;-107.740 886.822;711.407 698.372;-903.664 -193.721;-403.943 -389.175;274.599 -525.563;780.327 95.435;-514.464 137.209,nan;nan;nan;nan;nan;nan;nan;nan;nan;nan;nan;nan;nan;nan;nan;nan;nan;nan;nan;nan;nan;nan;nan;nan;nan;nan;nan;nan;nan;nan;nan;nan;nan;nan;nan;nan;nan;nan;nan;nan;nan;nan;nan;nan;nan;nan;nan;nan;nan;nan;nan;nan;nan;nan;nan;nan;nan;nan;nan;nan;nan;nan;nan;nan;nan;nan;nan;nan;nan;nan;nan;nan;nan;nan;nan;nan;nan;nan;nan;nan;nan;nan;nan;nan;nan;nan;nan;nan;nan;nan;nan;nan;nan;nan;nan;nan;nan;100679.436;100679.436;100679.436;100679.436;100679.436;101469.502;101469.502;101469.502;101682.449;101682.449;101682.449;101682.449;101682.449;101682.449;101689.636;101689.636;101858.912;101858.912;101858.912;102002.927;102007.604;102007.604;102007.604;102007.604;102007.643;102008.309;102068.091;102129.517;102129.517;102130.562;102130.562;102191.656;102193.751;102201.491;102204.777;102204.777;102205.283;102206.838;102210.029;102214.257;102217.914;102218.200;102222.064;102224.721;102225.494;102227.020;102229.930;102229.930;102231.264;102233.177;102247.073;102248.367;102249.572;102253.364;102257.704;102258.534;102258.534;102258.993;102259.932;102259.932;102261.808;102262.372;102262.893;102263.224;102263.469;102263.469;102263.640;102263.844;102263.844;102263.956;102264.075;102264.543;102265.358;102265.502;102265.564;102265.591;102265.646;102265.646;102265.693;102265.850;102266.563;102266.581;102267.230;102267.230;102269.149;102269.166;102270.614;102274.555;102274.563;102274.652;102274.664;102274.667;102274.683;102274.772;102274.776;102275.453;102275.490;102275.493;102275.493;102275.497;102275.498;102275.498;102275.498;102275.500,134
LXREP,2,1000,15,11,6030,random,6030,102771.78342426228,109730.67592026998,6958.892496007698,True,310.267996318983,3.1440681880000056,453.137 220.621;-182.094 925.057;-705.676 295.228;326.720 764.185;-225.703 -281.089;-301.931 -914.708;716.088 -87.332;-760.806 -127.802;92.866 -407.311;-402.700 400.293;842.289 343.614;11.400 502.839;611.533 551.021;-331.159 17.424;-748.184 -630.194,nan;nan;nan;nan;nan;nan;nan;nan;nan;nan;nan;nan;nan;nan;nan;nan;nan;nan;nan;nan;nan;nan;nan;nan;nan;nan;nan;nan;nan;nan;nan;nan;nan;nan;nan;nan;nan;nan;nan;nan;nan;nan;nan;nan;nan;nan;nan;nan;nan;nan;nan;nan;nan;nan;nan;nan;nan;nan;nan;nan;nan;nan;nan;nan;nan;nan;nan;nan;nan;nan;nan;nan;nan;nan;nan;nan;nan;nan;nan;nan;100725.268;100725.268;100725.268;101439.919;101439.919;101439.919;101439.919;101439.919;101439.919;101439.919;101439.919;101843.095;101843.095;102303.281;102303.281;102303.281;102303.281;102303.281;102303.281;102303.281;102303.281;102303.281;102303.281;102605.679;102605.679;102605.679;102605.679;102605.679;102605.679;102605.679;102605.679;102605.679;102605.679;102605.679;102605.679;102605.679;102605.679;102605.679;102605.679;102605.679;102605.679;102605.679;102605.679;102610.698;102610.698;102620.748;102622.571;102632.194;102632.194;102717.277;102717.277;102717.277;102724.056;102726.679;102726.831;102727.054;102727.054;102727.413;102727.413;102727.413;102727.413;102727.413;102727.413;102729.288;102730.159;102731.518;102733.440;102734.641;102736.071;102736.546;102739.263;102761.802;102761.840;102762.234;102762.443;102762.477;102762.884;102764.844;102765.138;102765.386;102765.710;102765.969;102766.238;102767.126;102767.222;102767.343;102767.466;102767.546;102767.694;102767.774;102767.880;102767.970;102768.021;102768.058;102768.090;102768.103;102768.140;102768.287;102768.302;102768.338;102768.373;102768.385;102768.398;102768.406;102768.416;102769.032;102769.043;102771.633;102771.643;102771.647;102771.650;102771.654;102771.656;102771.659;102771.775;102771.778;102771.780;102771.781;102771.782;102771.783;102771.783,200
LXREP,2,1000,15,23,6030,random,6030,99583.49552741233,109730.67592026998,10147.180392857641,True,313.8716878729038,3.2784047970000074,-108.374 93.116;-421.178 31.515;-920.302 -391.127;53.153 -261.903;-847.458 -85.825;108.826 382.724;-232.105 -675.360;-20.312 -927.257;-269.131 -344.665;496.621 360.035;350.685 676.568;-582.625 -320.713;98.001 -607.649;-657.947 -627.032;845.114 488.794,nan;nan;nan;nan;nan;nan;nan;nan;nan;nan;nan;nan;nan;nan;nan;nan;nan;nan;nan;nan;nan;nan;nan;nan;nan;nan;nan;nan;nan;nan;nan;nan;nan;nan;nan;nan;nan;nan;nan;nan;nan;nan;nan;nan;nan;nan;nan;nan;nan;nan;nan;nan;nan;nan;nan;nan;nan;nan;nan;nan;nan;nan;nan;nan;nan;nan;nan;nan;nan;nan;nan;nan;nan;nan;nan;nan;nan;nan;nan;nan;nan;nan;nan;nan;nan;nan;nan;nan;nan;nan;nan;nan;nan;nan;nan;nan;nan;nan;nan;nan;nan;nan;nan;nan;nan;nan;nan;nan;nan;96655.601;96655.601;96655.601;96994.072;96994.072;97383.892;97914.815;97914.815;98362.964;98650.951;98900.007;98900.007;98900.007;98900.007;98936.982;98936.982;99312.707;99312.707;99312.707;99492.904;99492.904;99492.904;99495.008;99495.008;99495.714;99495.714;99495.714;99495.714;99501.267;99503.050;99503.050;99503.548;99506.742;99558.494;99560.501;99565.057;99565.057;99567.162;99567.336;99568.382;99569.942;99571.703;99572.330;99574.181;99574.744;99575.762;99576.200;99576.454;99577.617;99577.887;99578.554;99578.913;99580.381;99580.479;99580.922;99581.210;99581.533;99581.614;99581.699;99581.778;99581.845;99581.923;99581.962;99582.117;99582.449;99582.502;99582.688;99582.723;99582.821;99582.884;99582.927;99583.234;99583.252;99583.273;99583.291;99583.305;99583.316;99583.331;99583.345;99583.355;99583.362;99583.370;99583.398;99583.403;99583.410;99583.413;99583.416;99583.420;99583.422;99583.424;99583.425;99583.496,200
LXU,2,1000,15,5,6030,random,6030,103123.75844895703,109730.67592026998,6606.917471312947,True,313.7140148344316,2.786154824999926,9.152 -516.387;-84.708 432.044;-660.108 712.414;-277.749 -711.913;-286.419 730.149;-162.468 128.120;-528.537 -194.465;618.301 -644.434;792.667 339.516;-157.088 -219.160;87.680 -941.510;175.185 840.519;729.696 10.316;-682.952 353.458;516.992 728.832,nan;nan;nan;nan;nan;nan;nan;nan;nan;nan;nan;nan;nan;nan;nan;nan;nan;nan;nan;nan;nan;nan;nan;nan;nan;nan;nan;nan;nan;nan;nan;nan;nan;nan;nan;nan;nan;nan;nan;nan;nan;nan;nan;nan;nan;nan;nan;nan;nan;nan;nan;nan;nan;nan;nan;nan;nan;nan;nan;nan;nan;nan;nan;nan;nan;nan;nan;nan;nan;nan;nan;nan;nan;nan;nan;nan;nan;nan;nan;nan;nan;nan;nan;nan;nan;nan;nan;nan;nan;nan;nan;nan;nan;nan;101546.630;102498.501;102498.501;102498.501;102498.501;102498.501;102498.501;102498.501;102498.501;102588.990;102807.427;102807.427;102807.427;102807.427;102807.427;102882.836;102882.836;102882.836;102882.836;102898.276;102898.276;102936.613;102936.613;102936.613;102936.613;102936.613;102936.613;102936.944;102936.944;102939.971;102987.154;102988.270;102988.270;102988.270;102992.815;102992.815;102995.948;102997.710;103003.846;103005.051;103007.073;103009.455;103011.739;103011.739;103014.312;103018.655;103018.655;103019.546;103020.484;103020.603;103022.511;103024.716;103024.716;103039.931;103039.931;103042.964;103042.964;103042.964;103043.372;103043.634;103043.829;103044.512;103044.512;103045.360;103045.360;103045.933;103045.933;103045.933;103046.181;103046.181;103046.399;103046.440;103046.512;103046.701;103046.701;103047.334;103047.334;103048.252;103048.252;103083.637;103083.637;103088.580;103088.580;103090.796;103090.796;103094.072;103094.072;103097.432;103097.432;103099.803;103099.803;103105.275;103105.275;103114.149;103114.149;103122.231;103122.231;103122.231;103122.234;103123.357;103123.357;103123.421;103123.421;103123.758;103123.758;103123.758;103123.758,100
LXU,2,1000,15,17,6030,random,6030,103235.43999960196,109730.67592026998,6495.235920668012,True,309.6579379295442,2.855524112000012,23.058 -879.632;449.224 -727.699;10.239 86.104;371.747 -43.096;66.149 390.672;756.450 -343.204;-802.913 -162.064;349.138 723.171;-546.601 152.785;-368.923 -756.572;171.090 -490.861;-968.155 192.006;-283.919 637.430;-165.093 -257.510;79.684 903.752,nan;nan;nan;nan;nan;nan;nan;nan;nan;nan;nan;nan;nan;nan;nan;nan;nan;nan;nan;nan;nan;nan;nan;nan;nan;nan;nan;nan;nan;nan;nan;nan;nan;nan;nan;nan;nan;nan;nan;nan;nan;nan;nan;nan;nan;nan;nan;nan;nan;nan;nan;nan;nan;nan;nan;nan;nan;nan;nan;nan;nan;nan;nan;nan;nan;nan;nan;nan;nan;nan;nan;nan;nan;nan;nan;nan;nan;nan;nan;nan;nan;102051.798;102051.798;102051.798;102175.516;102175.516;102175.516;102411.642;102411.642;102411.642;102411.642;102481.868;102945.683;102946.360;102946.360;102946.360;102946.360;103021.050;103021.050;103021.050;103021.050;103021.050;103021.050;103064.599;103064.599;103064.599;103064.599;103064.599;103064.599;103064.599;103064.599;103064.795;103064.795;103144.958;103144.958;103144.958;103144.958;103144.958;103144.958;103144.958;103144.958;103144.958;103144.958;103144.958;103144.958;103187.338;103187.338;103187.666;103187.666;103188.207;103207.986;103208.202;103208.202;103208.914;103208.914;103209.287;103209.302;103211.655;103211.655;103213.176;103214.048;103215.159;103216.156;103220.337;103220.337;103224.126;103224.126;103227.577;103227.577;103227.577;103228.419;103228.836;103228.836;103230.220;103230.220;103230.373;103230.686;103230.928;103230.928;103231.323;103231.323;103232.821;103232.821;103234.645;103234.645;103234.887;103234.887;103234.887;103234.948;103234.949;103235.000;103235.030;103235.042;103235.126;103235.126;103235.126;103235.142;103235.142;103235.155;103235.159;103235.175;103235.191;103235.191;103235.201;103235.201;103235.225;103235.225;103235.268;103235.268;103235.385;103235.385;103235.417;103235.417;103235.437;103235.437;103235.437;103235.438;103235.439;103235.439;103235.439;103235.440,100
LXU,2,1000,15,29,6030,random,6030,101574.7384831499,109730.67592026998,8155.937437120083,True,317.90717387507254,2.8355295119999937,-519.037 324.713;-150.870 -822.826;278.165 756.300;406.155 -731.601;310.628 -305.114;-465.054 -614.616;-54.635 -226.965;455.239 492.274;-47.280 868.692;-670.937 -0.549;565.365 183.167;-127.792 475.812;97.507 237.628;-307.244 30.132;631.462 -367.575,nan;nan;nan;nan;nan;nan;nan;nan;nan;nan;nan;nan;nan;nan;nan;nan;nan;nan;nan;nan;nan;nan;nan;nan;nan;nan;nan;nan;nan;nan;nan;nan;nan;nan;nan;nan;nan;nan;nan;nan;nan;nan;nan;nan;nan;nan;nan;nan;nan;nan;nan;nan;nan;nan;nan;nan;nan;nan;nan;nan;nan;nan;nan;nan;nan;nan;nan;nan;nan;nan;nan;nan;nan;nan;nan;nan;nan;nan;nan;nan;nan;nan;nan;nan;nan;nan;nan;nan;nan;nan;nan;99514.556;99514.556;99514.556;99514.556;99514.556;99514.556;99514.556;99514.556;99514.556;99514.556;99514.556;99514.556;99514.556;100228.088;100295.306;100295.306;100784.719;100784.719;100784.719;100784.719;100794.607;100794.607;100819.908;100819.908;100838.568;100838.568;101119.461;101210.411;101373.679;101373.679;101436.134;101436.134;101467.290;101485.289;101490.164;101490.164;101508.858;101508.858;101509.199;101535.238;101535.238;101541.305;101544.074;101544.074;101544.307;101546.107;101546.107;101550.555;101552.401;101552.598;101552.998;101554.852;101556.863;101556.863;101557.748;101557.939;101558.781;101558.810;101559.024;101560.125;101563.006;101563.006;101565.864;101565.864;101568.455;101568.455;101570.746;101570.746;101571.188;101571.188;101571.492;101571.492;101571.492;101571.647;101571.973;101571.973;101572.841;101572.841;101573.373;101573.373;101573.424;101573.424;101573.679;101573.679;101573.679;101573.724;101573.929;101573.929;101573.929;101573.952;101573.960;101573.970;101573.975;101573.978;101574.084;101574.084;101574.193;101574.193;101574.371;101574.371;101574.591;101574.591;101574.734;101574.734;101574.734;101574.736;101574.736;101574.737;101574.737;101574.738,100
LXC025,2,1000,15,11,6030,random,6030,102750.11183162149,109730.67592026998,6980.564088648491,True,316.9502726983028,3.035732832000008,439.216 829.948;-995.621 -92.638;-685.321 -447.246;-620.405 -116.813;169.882 642.119;836.992 234.132;498.854 -286.577;-291.466 2.293;-136.700 -650.984;88.556 178.157;797.580 -392.502;-894.226 272.738;517.267 312.475;-235.355 744.593;36.557 -993.412,nan;nan;nan;nan;nan;nan;nan;nan;nan;nan;nan;nan;nan;nan;nan;nan;nan;nan;nan;nan;nan;nan;nan;nan;nan;nan;nan;nan;nan;nan;nan;nan;nan;nan;nan;nan;nan;nan;nan;nan;nan;nan;nan;nan;nan;nan;nan;nan;nan;nan;nan;nan;nan;nan;nan;nan;nan;nan;nan;nan;nan;nan;nan;nan;nan;nan;nan;nan;nan;nan;nan;nan;nan;nan;nan;nan;nan;nan;nan;nan;nan;nan;nan;nan;nan;nan;nan;nan;nan;nan;nan;nan;nan;nan;nan;nan;nan;nan;nan;101432.144;101909.144;101909.144;101909.144;101909.144;101909.144;101909.144;101909.144;101924.356;101924.356;101924.356;101924.356;101924.356;101924.356;101924.356;101924.356;101924.356;101930.069;102057.785;102214.591;102463.312;102465.424;102465.424;102467.525;102509.029;102509.029;102509.029;102509.029;102516.695;102536.038;102536.038;102536.038;102536.038;102536.038;102536.038;102549.763;102549.763;102558.664;102558.664;102590.947;102594.575;102594.575;102594.575;102594.575;102594.575;102595.473;102595.473;102597.077;102597.077;102598.869;102598.869;102599.227;102599.743;102599.900;102599.900;102746.518;102746.518;102746.970;102746.970;102747.229;102747.229;102747.468;102747.468;102747.689;102747.689;102747.872;102749.293;102749.293;102749.293;102749.387;102749.387;102749.476;102749.476;102749.531;102749.531;102749.569;102749.569;102749.594;102749.594;102749.615;102749.615;102749.624;102749.624;102749.638;102750.082;102750.082;102750.082;102750.090;102750.090;102750.096;102750.096;102750.103;102750.103;102750.106;102750.106;102750.108;102750.108;102750.110;102750.110;102750.111;102750.111;102750.112,100
LXC025,2,1000,15,23,6030,random,6030,102014.43378753647,109730.67592026998,7716.242132733503,True,315.6705571921383,3.106034736999959,-98.871 464.738;-752.152 651.295;-269.933 -677.651;144.904 780.669;-662.200 -744.945;-226.260 -365.016;-575.335 -198.877;-348.813 81.587;530.463 -380.512;-930.240 322.060;282.710 68.149;-535.031 394.335;520.957 344.598;-678.962 104.294;178.509 -511.517,nan;nan;nan;nan;nan;nan;nan;nan;nan;nan;nan;nan;nan;nan;nan;nan;nan;nan;nan;nan;nan;nan;nan;nan;nan;nan;nan;nan;nan;nan;nan;nan;nan;nan;nan;nan;nan;nan;nan;nan;nan;nan;nan;nan;nan;nan;nan;nan;nan;nan;nan;nan;nan;nan;nan;nan;nan;nan;nan;nan;nan;nan;nan;nan;nan;nan;nan;nan;nan;nan;nan;nan;nan;nan;nan;nan;nan;nan;nan;nan;nan;nan;nan;nan;nan;nan;nan;nan;nan;nan;nan;nan;nan;nan;nan;nan;nan;nan;nan;nan;101100.740;101100.740;101100.740;101100.740;101100.740;101100.740;101100.740;101204.722;101204.722;101204.722;101204.722;101204.722;101770.740;101770.740;101770.740;101770.740;101770.740;101770.740;101770.740;101770.740;101805.260;101805.260;101850.121;101850.121;101874.536;101885.633;101885.633;101938.322;101938.322;101938.322;101938.322;101957.671;101957.671;101957.671;101997.651;101997.651;102004.685;102004.685;102008.099;102008.099;102008.099;102008.099;102008.099;102008.729;102009.301;102009.301;102009.301;102009.339;102010.750;102010.750;102010.949;102010.949;102011.582;102011.582;102012.396;102012.396;102012.882;102012.882;102013.282;102013.511;102013.546;102013.546;102013.748;102013.748;102013.917;102013.917;102014.018;102014.018;102014.121;102014.121;102014.205;102014.205;102014.255;102014.255;102014.292;102014.292;102014.331;102014.361;102014.361;102014.361;102014.384;102014.384;102014.397;102014.397;102014.408;102014.408;102014.414;102014.419;102014.419;102014.419;102014.424;102014.424;102014.427;102014.430;102014.430;102014.430;102014.432;102014.432;102014.433;102014.433;102014.434,100
LXC05,2,1000,15,5,6030,random,6030,99914.84698682709,109730.67592026998,9815.828933442885,True,308.00634521675477,2.9707273249999844,939.310 8.344;-382.919 424.567;400.419 353.819;-23.794 189.039;-540.459 58.280;125.925 503.410;-351.471 -581.959;-611.098 724.403;-761.869 -473.467;651.031 755.014;-130.249 676.468;-78.962 -264.173;638.749 112.443;703.833 451.568;160.619 -60.524,nan;nan;nan;nan;nan;nan;nan;nan;nan;nan;nan;nan;nan;nan;nan;nan;nan;nan;nan;nan;nan;nan;nan;nan;nan;nan;nan;nan;nan;nan;nan;nan;nan;nan;nan;nan;nan;nan;nan;nan;nan;nan;nan;nan;nan;nan;nan;nan;nan;nan;nan;nan;nan;nan;nan;nan;nan;nan;nan;nan;nan;nan;nan;nan;nan;nan;nan;nan;nan;nan;nan;nan;nan;nan;nan;nan;nan;nan;nan;nan;nan;nan;nan;nan;nan;nan;nan;nan;nan;nan;nan;nan;nan;nan;nan;nan;nan;nan;nan;nan;nan;nan;nan;nan;nan;nan;nan;nan;nan;nan;nan;nan;nan;nan;nan;nan;99624.637;99624.637;99624.637;99624.637;99624.637;99624.637;99624.637;99624.637;99674.210;99674.210;99674.210;99675.651;99675.651;99690.998;99690.998;99728.381;99728.381;99781.683;99781.683;99781.683;99860.770;99860.770;99866.893;99867.730;99871.949;99875.450;99875.834;99875.834;99878.660;99879.767;99880.832;99881.513;99882.886;99884.312;99884.312;99884.312;99885.341;99885.517;99885.865;99885.865;99886.645;99886.645;99887.094;99887.428;99887.428;99887.428;99887.736;99887.736;99888.044;99892.287;99892.287;99892.287;99892.450;99894.208;99894.208;99898.174;99898.174;99906.438;99906.438;99908.040;99908.040;99912.175;99912.175;99912.175;99912.198;99912.198;99912.215;99912.215;99912.234;99913.245;99913.245;99914.551;99914.551;99914.551;99914.558;99914.793;99914.793;99914.793;99914.795;99914.843;99914.843;99914.843;99914.845;99914.845;99914.847,100
LXC05,2,1000,15,17,6030,random,6030,102644.1982940553,109730.67592026998,7086.477626214677,True,312.25002252053514,2.986052330000007,-276.844 -778.093;362.391 -863.567;26.960 -29.154;552.096 91.078;229.660 208.359;759.320 -586.644;-436.927 -42.766;122.051 737.282;-643.875 269.988;-723.238 -309.196;159.453 -578.876;-878.256 2.091;-495.092 582.601;-276.348 -441.693;391.838 918.783,nan;nan;nan;nan;nan;nan;nan;nan;nan;nan;nan;nan;nan;nan;nan;nan;nan;nan;nan;nan;nan;nan;nan;nan;nan;nan;nan;nan;nan;nan;nan;nan;nan;nan;nan;nan;nan;nan;nan;nan;nan;nan;nan;nan;nan;nan;nan;nan;nan;nan;nan;nan;nan;nan;nan;nan;nan;nan;nan;nan;nan;nan;nan;nan;nan;nan;nan;nan;nan;nan;nan;nan;nan;nan;nan;nan;nan;nan;nan;nan;nan;nan;nan;nan;nan;nan;nan;nan;nan;nan;nan;nan;nan;nan;nan;nan;nan;nan;nan;nan;100749.259;101406.928;102054.238;102054.238;102054.238;102054.238;102054.238;102054.238;102054.238;102054.367;102054.367;102054.367;102054.367;102064.676;102064.676;102064.676;102064.676;102064.676;102246.936;102246.936;102246.936;102246.936;102246.936;102246.936;102246.936;102248.322;102248.322;102248.322;102248.322;102248.672;102269.907;102271.634;102345.547;102345.547;102630.853;102631.140;102633.669;102634.824;102634.824;102634.827;102634.827;102635.382;102635.788;102635.788;102637.576;102637.576;102638.634;102639.252;102639.315;102639.315;102639.681;102639.681;102640.415;102642.147;102642.147;102642.288;102642.610;102642.610;102642.860;102642.860;102643.060;102643.064;102643.169;102643.371;102643.371;102643.566;102643.566;102643.573;102643.618;102643.648;102643.669;102643.669;102643.714;102643.714;102643.747;102643.753;102643.768;102643.768;102643.800;102643.809;102643.819;102643.819;102643.832;102643.848;102643.848;102643.909;102643.909;102644.008;102644.008;102644.079;102644.079;102644.137;102644.137;102644.137;102644.138;102644.173;102644.173;102644.186;102644.186;102644.198;102644.198,100
LXC05,2,1000,15,29,6030,random,6030,102901.75417296962,109730.67592026998,6828.921747300352,True,348.75082342836976,2.775761827999986,-68.250 -245.522;-4.496 935.807;-493.991 -512.412;379.120 -95.651;-398.893 -77.811;-574.725 275.350;-700.763 613.420;842.805 -302.044;416.135 288.386;16.773 -630.223;873.802 316.894;668.317 743.798;-815.109 -224.808;500.426 -478.790;217.761 667.052,nan;nan;nan;nan;nan;nan;nan;nan;nan;nan;nan;nan;nan;nan;nan;nan;nan;nan;nan;nan;nan;nan;nan;nan;nan;nan;nan;nan;nan;nan;nan;nan;nan;nan;nan;nan;nan;nan;nan;nan;nan;nan;nan;nan;nan;nan;nan;nan;nan;nan;nan;nan;nan;nan;nan;nan;nan;nan;nan;nan;nan;nan;nan;nan;nan;nan;nan;nan;nan;nan;nan;nan;nan;nan;nan;101603.842;101603.842;101936.046;101936.046;102558.502;102558.502;102619.096;102619.096;102619.096;102619.096;102619.096;102619.096;102691.430;102691.430;102691.430;102691.430;102691.430;102691.430;102691.430;102691.430;102691.430;102691.430;102691.430;102691.430;102691.430;102691.430;102691.430;102691.430;102691.430;102691.430;102691.430;102691.430;102743.150;102743.150;102743.150;102743.150;102743.150;102743.150;102743.150;102743.150;102743.150;102743.150;102743.150;102743.150;102743.150;102743.150;102743.150;102743.150;102743.150;102785.989;102785.989;102832.781;102858.984;102858.984;102861.788;102874.112;102874.112;102881.177;102881.177;102884.774;102884.774;102888.899;102888.899;102890.659;102891.019;102891.752;102892.370;102893.307;102893.818;102894.294;102894.525;102894.945;102894.945;102895.533;102895.752;102896.133;102896.133;102896.967;102896.967;102897.296;102897.458;102897.663;102897.744;102897.946;102898.114;102898.114;102898.725;102898.725;102898.725;102898.912;102900.322;102900.322;102900.322;102900.437;102900.437;102900.526;102900.526;102900.587;102900.587;102900.630;102900.630;102900.649;102900.856;102900.856;102900.951;102900.951;102900.951;102900.967;102900.982;102900.982;102900.982;102900.989;102901.044;102901.044;102901.144;102901.144;102901.192;102901.192;102901.362;102901.362;102901.711;102901.711;102901.711;102901.713;102901.754;102901.754,100
LXC2,2,1000,15,11,6030,random,6030,103315.9370971072,109730.67592026998,6414.73882316277,True,317.68500106138004,2.91246631599995,315.445 190.116;-898.892 434.293;-199.202 -72.920;-660.043 89.764;622.241 462.896;-343.982 -444.853;783.861 -466.648;-202.337 -829.102;-715.843 -693.053;-568.566 652.346;748.423 171.345;-276.872 327.459;433.864 735.502;-115.421 958.181;-21.183 -466.890,nan;nan;nan;nan;nan;nan;nan;nan;nan;nan;nan;nan;nan;nan;nan;nan;nan;nan;nan;nan;nan;nan;nan;nan;nan;nan;nan;nan;nan;nan;nan;nan;nan;nan;nan;nan;nan;nan;nan;nan;nan;nan;nan;nan;nan;nan;nan;nan;nan;nan;nan;nan;nan;nan;nan;nan;nan;nan;nan;nan;nan;nan;nan;nan;nan;nan;nan;nan;nan;nan;nan;nan;nan;101914.890;101914.890;101914.890;101914.890;101914.890;101914.890;101914.890;101914.890;102043.219;102043.219;102043.219;102043.219;102043.219;102043.219;102043.219;102043.219;102043.219;102043.219;102043.219;102043.219;102043.219;102058.496;102058.496;102070.637;102378.867;102378.867;102378.867;102378.867;102727.856;102727.856;102727.856;102727.856;102728.185;102728.185;102841.771;102841.771;102846.849;102846.849;103010.451;103010.451;103010.451;103224.255;103225.072;103225.072;103225.072;103225.072;103225.072;103225.072;103225.072;103225.072;103225.077;103225.077;103225.077;103225.077;103225.077;103236.343;103272.196;103272.196;103272.196;103283.118;103284.203;103288.796;103288.796;103288.796;103289.288;103293.067;103293.105;103293.937;103299.222;103299.222;103299.222;103300.758;103308.904;103308.904;103308.904;103309.803;103309.803;103310.564;103311.456;103311.456;103311.456;103311.925;103311.925;103312.410;103313.987;103313.987;103313.987;103314.221;103314.221;103314.385;103315.203;103315.203;103315.214;103315.322;103315.322;103315.432;103315.432;103315.484;103315.715;103315.715;103315.719;103315.753;103315.774;103315.787;103315.787;103315.816;103315.816;103315.825;103315.828;103315.841;103315.914;103315.914;103315.914;103315.920;103315.920;103315.921;103315.921;103315.926;103315.931;103315.931;103315.931;103315.934;103315.934;103315.935;103315.935;103315.935;103315.937;103315.937,100
LXC2,2,1000,15,23,6030,random,6030,102459.06259433941,109730.67592026998,7271.613325930564,True,318.1163990163861,2.853431666000006,655.377 306.270;64.933 -496.671;622.878 622.722;-154.514 834.773;-22.979 34.487;-525.995 -823.320;368.247 -709.968;323.760 473.696;325.022 146.476;732.061 -398.641;957.235 157.202;-523.681 710.698;475.228 -181.025;-155.914 -841.994;-530.111 -473.605,nan;nan;nan;nan;nan;nan;nan;nan;nan;nan;nan;nan;nan;nan;nan;nan;nan;nan;nan;nan;nan;nan;nan;nan;nan;nan;nan;nan;nan;nan;nan;nan;nan;nan;nan;nan;nan;nan;nan;nan;nan;nan;nan;nan;nan;nan;nan;nan;nan;nan;nan;nan;nan;nan;nan;nan;nan;nan;nan;nan;nan;nan;nan;nan;nan;nan;nan;nan;nan;nan;nan;nan;nan;nan;nan;nan;nan;nan;nan;nan;nan;nan;nan;nan;nan;nan;nan;nan;nan;nan;nan;nan;nan;nan;nan;nan;nan;nan;nan;nan;nan;nan;nan;99525.554;99525.554;100458.781;100490.440;100995.841;100995.841;101467.270;101467.270;101666.792;101666.792;101666.792;101666.792;101666.792;101731.430;101888.807;101907.599;101907.911;101966.231;101966.231;101966.231;101966.231;101966.231;101976.174;101976.174;101977.235;101977.845;101980.975;102094.859;102094.859;102096.901;102096.901;102110.552;102110.552;102242.603;102315.223;102315.223;102316.390;102319.963;102420.528;102420.528;102420.528;102422.639;102422.661;102423.445;102426.307;102426.307;102427.713;102427.713;102427.713;102428.708;102428.708;102429.315;102432.534;102432.534;102432.534;102432.866;102433.227;102433.227;102433.227;102433.558;102433.558;102433.749;102434.784;102434.784;102434.784;102434.933;102434.933;102435.028;102435.028;102435.103;102435.199;102435.199;102436.362;102436.362;102436.362;102436.387;102436.422;102436.422;102436.531;102436.531;102437.252;102437.252;102440.459;102440.459;102450.500;102450.500;102452.326;102452.326;102456.513;102456.513;102458.869;102458.869;102459.060;102459.060;102459.060;102459.062;102459.062;102459.063,100
LXNR,1,750,12,5,6030,random,6030,161027.70055228716,168548.84843681793,7521.147884530772,True,314.30012891213795,2.4033175970000684,-568.234 -469.331;-256.549 -601.676;274.598 -142.838;528.819 -329.850;-336.419 -215.298;519.098 538.668;35.943 65.658;218.187 708.584;58.864 -371.406;370.433 240.184;-413.213 464.829;-257.059 187.865,nan;nan;nan;nan;nan;nan;nan;nan;nan;nan;nan;nan;nan;nan;nan;nan;nan;nan;nan;nan;nan;nan;nan;nan;nan;nan;nan;nan;nan;nan;nan;nan;nan;nan;nan;nan;nan;nan;nan;nan;nan;nan;nan;nan;nan;nan;nan;nan;nan;nan;nan;nan;nan;nan;nan;nan;nan;nan;nan;nan;nan;nan;nan;nan;nan;nan;nan;nan;nan;nan;nan;nan;nan;nan;nan;nan;nan;nan;nan;nan;nan;nan;nan;nan;nan;nan;nan;nan;nan;nan;nan;nan;nan;nan;nan;nan;nan;nan;nan;nan;nan;nan;nan;nan;nan;nan;nan;nan;nan;159074.112;159074.112;159074.112;159074.112;159074.112;159074.112;159081.754;159280.756;159280.756;159867.111;160064.975;160064.975;160153.074;160230.759;160230.759;160848.413;160905.894;160905.894;160906.337;160916.859;160916.859;160916.859;160924.141;160924.141;160932.010;160944.838;160944.838;160960.745;160965.865;160965.865;160967.269;160972.523;160972.523;160978.344;160981.240;160981.240;160983.850;160984.876;160984.876;160985.515;160986.613;160986.613;160987.431;160988.322;160988.665;160989.679;160990.808;160994.011;160997.159;160997.899;160997.899;160998.185;160999.025;160999.025;160999.416;160999.513;160999.544;160999.823;160999.913;160999.913;161000.005;161000.119;161000.172;161000.240;161000.302;161000.302;161000.319;161000.359;161000.359;161000.397;161000.416;161000.431;161000.457;161000.491;161000.514;161000.540;161000.622;161000.895;161001.390;161002.037;161003.784;161006.730;161006.738;161012.093;161012.097;161012.100;161027.419;161027.422;161027.424;161027.424;161027.699;161027.701,134
LXNR,1,750,12,17,6030,random,6030,163920.09139316634,168548.84843681793,4628.757043651596,True,317.12223989147833,2.429069539000011,282.870 546.539;570.516 -252.950;-676.093 308.371;277.999 -647.961;-409.616 -628.203;246.669 -224.610;9.540 -479.153;-287.860 446.425;388.394 232.294;-94.681 -178.334;-416.882 46.919;52.710 202.245,nan;nan;nan;nan;nan;nan;nan;nan;nan;nan;nan;nan;nan;nan;nan;nan;nan;nan;nan;nan;nan;nan;nan;nan;nan;nan;nan;nan;nan;nan;nan;nan;nan;nan;nan;nan;nan;nan;nan;nan;nan;nan;nan;nan;nan;nan;nan;nan;nan;nan;nan;nan;nan;nan;nan;nan;nan;nan;nan;nan;nan;nan;nan;nan;nan;nan;nan;nan;nan;nan;nan;nan;nan;nan;nan;nan;nan;nan;nan;nan;nan;nan;nan;nan;nan;nan;nan;nan;nan;157892.866;157892.866;158648.134;158648.134;159763.560;159848.277;159848.277;160092.560;162518.951;162518.951;162518.951;162597.797;162597.797;162954.260;163429.697;163534.197;163534.197;163534.197;163534.197;163534.197;163534.197;163535.266;163540.191;163553.251;163553.944;163622.788;163622.788;163631.022;163631.022;163668.360;163672.201;163673.939;163748.535;163756.508;163756.508;163837.176;163837.176;163838.048;163871.895;163875.667;163875.667;163875.667;163889.556;163889.556;163889.556;163890.888;163890.888;163896.222;163898.001;163898.001;163898.001;163899.867;163902.097;163903.996;163905.547;163905.547;163907.576;163908.791;163908.791;163909.464;163910.660;163910.660;163910.901;163911.108;163911.108;163911.742;163912.013;163912.013;163912.110;163912.523;163912.523;163912.804;163913.074;163913.074;163914.407;163914.638;163914.638;163915.027;163915.147;163915.147;163915.196;163915.260;163915.292;163915.339;163915.387;163915.387;163915.415;163915.462;163915.462;163915.478;163915.484;163915.490;163915.506;163915.517;163915.538;163915.557;163915.569;163915.597;163915.606;163915.684;163915.684;163915.689;163915.711;163915.895;163916.260;163916.264;163917.372;163917.373;163917.376;163920.089;163920.090;163920.091,134
LXNR,1,750,12,29,6030,random,6030,161901.4098861513,168548.84843681793,6647.438550666644,True,308.00094838729916,2.3617015899999387,-394.224 -498.793;-573.314 145.687;4.933 -655.407;98.427 -247.875;-639.026 -284.415;-403.684 414.475;286.075 -517.689;235.932 704.589;362.517 383.948;-211.489 -250.857;-58.737 557.669;-217.160 103.145,nan;nan;nan;nan;nan;nan;nan;nan;nan;nan;nan;nan;nan;nan;nan;nan;nan;nan;nan;nan;nan;nan;nan;nan;nan;nan;nan;nan;nan;nan;nan;nan;nan;nan;nan;nan;nan;nan;nan;nan;nan;nan;nan;nan;nan;nan;nan;nan;nan;nan;nan;nan;nan;nan;nan;nan;nan;nan;nan;nan;nan;nan;nan;nan;nan;nan;nan;nan;nan;nan;nan;nan;nan;nan;nan;nan;nan;nan;nan;nan;nan;nan;nan;nan;nan;158973.454;158973.454;158973.454;158973.454;158973.454;158973.454;158973.454;158973.454;158973.454;158973.454;158973.454;158973.454;159101.286;159101.286;159101.286;159101.286;159222.812;160975.513;160975.513;160975.513;160975.513;160975.513;160975.513;160975.513;160976.458;160977.725;160977.725;160977.725;160977.725;160977.725;161031.601;161152.958;161152.958;161152.958;161167.836;161212.808;161220.791;161275.605;161275.605;161317.955;161320.456;161582.306;161748.782;161770.140;161770.140;161784.635;161841.342;161841.342;161841.342;161841.342;161843.628;161846.724;161852.558;161852.558;161855.149;161857.916;161857.916;161858.013;161862.308;161862.308;161866.723;161869.747;161869.747;161872.340;161874.538;161874.538;161876.548;161877.673;161877.673;161878.736;161880.342;161880.400;161889.749;161890.021;161890.090;161890.462;161890.794;161890.889;161891.266;161892.374;161893.089;161893.352;161893.548;161893.548;161894.489;161894.644;161895.524;161895.615;161895.708;161896.397;161896.479;161896.541;161896.541;161896.571;161896.774;161897.252;161899.550;161899.580;161900.324;161901.008;161901.030;161901.030;161901.243;161901.251;161901.335;161901.341;161901.347;161901.347;161901.398;161901.402;161901.402;161901.402;161901.404;161901.404;161901.405;161901.410,134
LXREP,1,750,12,11,6030,random,6030,160373.64763030503,168548.84843681793,8175.200806512905,True,312.7856604829185,2.585720250999998,-306.303 -61.669;245.890 114.424;-685.575 -183.596;511.763 -244.331;295.060 -676.858;-228.761 -697.954;-413.361 259.566;655.477 244.883;-30.983 278.204;283.597 433.148;-378.797 583.153;-337.335 -404.617,nan;nan;nan;nan;nan;nan;nan;nan;nan;nan;nan;nan;nan;nan;nan;nan;nan;nan;nan;nan;nan;nan;nan;nan;nan;nan;nan;nan;nan;nan;nan;nan;nan;nan;nan;nan;nan;nan;nan;nan;nan;nan;nan;nan;nan;nan;nan;nan;nan;nan;nan;nan;nan;nan;nan;nan;nan;nan;nan;nan;nan;nan;nan;nan;nan;nan;nan;nan;nan;nan;nan;nan;nan;nan;nan;nan;nan;nan;nan;nan;nan;nan;nan;nan;nan;nan;nan;nan;nan;nan;nan;nan;nan;nan;nan;nan;nan;nan;nan;153760.222;153760.222;153760.222;153760.222;153760.222;153760.222;153760.222;153760.222;154073.685;154073.685;154622.866;154793.912;155371.494;155371.494;156044.128;156901.273;156943.736;157904.868;158011.104;158011.104;158011.104;158023.253;158023.253;158023.253;158023.253;158039.633;158190.824;158190.824;159161.143;159187.316;159240.050;159265.626;159281.219;159287.338;159297.832;159305.638;159319.672;159328.414;159335.857;159344.409;159354.342;159358.243;159361.252;159363.666;159367.745;159370.212;159444.902;159447.081;159448.213;159455.449;159473.218;159937.628;159939.190;159944.566;159945.907;159946.784;159947.759;159948.519;159949.552;159950.100;159950.766;159951.334;159951.666;159952.072;159952.237;159952.524;159952.741;159953.059;159954.151;159954.347;159954.457;160216.321;160216.394;160234.963;160235.071;160235.137;160235.262;160235.328;160235.406;160236.127;160285.872;160333.146;160333.172;160357.835;160357.850;160358.842;160358.864;160359.672;160361.413;160361.418;160361.428;160362.779;160362.785;160364.689;160367.704;160367.707;160367.710;160367.713;160367.715;160372.294;160372.296;160373.648,200
LXREP,1,750,12,23,6030,random,6030,161784.27551103017,168548.84843681793,6764.572925787768,True,312.8768432879824,2.4892563890000474,672.392 -324.734;261.380 -29.191;384.358 263.042;350.713 -442.523;-141.447 -260.002;-537.771 304.744;737.001 131.775;-441.975 -427.332;159.218 -700.153;26.409 373.832;-79.360 67.286;444.782 570.029,nan;nan;nan;nan;nan;nan;nan;nan;nan;nan;nan;nan;nan;nan;nan;nan;nan;nan;nan;nan;nan;nan;nan;nan;nan;nan;nan;nan;nan;nan;nan;nan;nan;nan;nan;nan;nan;nan;nan;nan;nan;nan;nan;nan;nan;nan;nan;nan;nan;nan;nan;nan;nan;nan;nan;nan;nan;nan;nan;nan;nan;nan;nan;nan;nan;nan;nan;nan;nan;nan;nan;nan;nan;nan;nan;nan;nan;nan;nan;nan;nan;nan;nan;nan;nan;nan;nan;nan;nan;nan;nan;nan;nan;nan;nan;nan;nan;nan;nan;nan;nan;nan;158193.695;158193.695;158450.198;159873.909;159873.909;159873.909;159873.909;159961.850;160423.658;160423.658;160477.867;160493.251;160493.251;160493.251;160520.573;160586.000;160586.000;160588.982;160599.674;160641.484;160668.782;160721.514;160723.361;160742.047;160751.138;160755.412;160758.711;160776.483;160781.096;160782.354;160788.446;160794.066;160801.684;160805.363;160812.607;160816.273;160820.287;160821.277;160823.801;160827.473;160829.742;160831.333;160833.360;160834.024;160837.152;161175.795;161177.713;161205.564;161206.832;161207.880;161209.577;161210.634;161211.517;161212.006;161212.710;161213.118;161214.073;161214.311;161215.731;161216.657;161217.258;161218.546;161218.722;161219.002;161219.264;161219.441;161219.856;161219.920;161266.920;161283.558;161283.645;161319.994;161320.081;161320.144;161320.187;161321.115;161321.140;161321.174;161321.197;161321.238;161321.257;161321.283;161321.298;161327.924;161327.938;161327.949;161327.954;161329.682;161329.688;161329.695;161329.699;161770.127;161770.129;161770.133;161770.136;161770.138;161770.139;161770.140;161784.276,200
LXU,1,750,12,5,6030,random,6030,160007.61313154854,168548.84843681793,8541.235305269394,True,308.7434865856597,2.310697796999989,239.453 -438.679;-78.052 44.919;321.606 569.972;145.330 -735.785;-162.254 -561.749;532.545 -336.753;605.552 442.131;238.658 25.705;-671.790 -322.636;524.109 144.323;-441.942 123.294;84.243 331.846,nan;nan;nan;nan;nan;nan;nan;nan;nan;nan;nan;nan;nan;nan;nan;nan;nan;nan;nan;nan;nan;nan;nan;nan;nan;nan;nan;nan;nan;nan;nan;nan;nan;nan;nan;nan;nan;nan;nan;nan;nan;nan;nan;nan;nan;nan;nan;nan;nan;nan;nan;nan;nan;nan;nan;nan;nan;nan;nan;nan;nan;nan;nan;nan;nan;nan;nan;nan;nan;nan;nan;nan;nan;nan;nan;nan;nan;nan;nan;nan;nan;nan;nan;nan;nan;nan;nan;nan;nan;nan;nan;nan;nan;nan;nan;nan;nan;nan;nan;nan;nan;nan;nan;nan;nan;nan;nan;nan;nan;nan;nan;nan;nan;nan;nan;nan;nan;nan;nan;nan;nan;nan;nan;nan;nan;159892.469;159892.469;159894.468;159894.468;159894.468;159894.468;159918.052;159918.052;159919.231;159925.642;159925.642;159928.860;159930.852;159933.583;159934.713;159938.627;159989.284;159989.284;159992.252;159992.908;159992.908;159994.870;160000.161;160000.161;160001.002;160001.737;160001.737;160002.735;160002.735;160003.302;160003.740;160003.764;160003.949;160004.037;160004.037;160004.487;160005.323;160005.323;160005.471;160005.552;160006.269;160006.269;160006.415;160006.467;160006.628;160006.628;160006.769;160006.769;160006.769;160006.832;160006.832;160006.851;160006.851;160006.897;160006.959;160006.959;160007.008;160007.008;160007.078;160007.078;160007.215;160007.215;160007.484;160007.484;160007.598;160007.598;160007.598;160007.604;160007.604;160007.607;160007.607;160007.610;160007.611;160007.612;160007.612;160007.613,100
LXU,1,750,12,17,6030,random,6030,160075.48347578142,168548.84843681793,8473.36496103651,True,313.2991121988642,2.359760231999985,177.773 550.885;503.101 -99.804;-699.432 255.342;395.393 -399.901;-289.050 -687.978;177.388 -153.558;31.982 -431.071;-154.963 410.017;459.173 372.584;-210.384 -230.368;-440.040 21.389;154.289 185.112,nan;nan;nan;nan;nan;nan;nan;nan;nan;nan;nan;nan;nan;nan;nan;nan;nan;nan;nan;nan;nan;nan;nan;nan;nan;nan;nan;nan;nan;nan;nan;nan;nan;nan;nan;nan;nan;nan;nan;nan;nan;nan;nan;nan;nan;nan;nan;nan;nan;nan;nan;nan;nan;nan;nan;nan;nan;nan;nan;nan;nan;nan;nan;nan;nan;nan;nan;nan;nan;nan;nan;nan;nan;nan;nan;nan;nan;nan;nan;nan;nan;nan;nan;nan;nan;nan;nan;nan;nan;nan;nan;nan;nan;nan;nan;157254.156;157254.156;158660.065;158660.065;158660.065;158660.065;159109.097;159109.097;159175.657;159175.657;159207.787;159207.787;159262.658;159262.658;159365.099;159365.099;159365.099;159704.196;159780.258;159780.258;159877.429;159901.755;159901.755;159901.755;159911.224;159911.224;159911.224;159911.224;159923.551;159923.551;159923.551;159923.551;159932.403;159953.024;159954.799;159969.099;159971.605;159971.605;159973.196;159980.831;159987.900;159995.523;160006.221;160006.221;160016.485;160016.485;160023.974;160023.974;160029.849;160029.849;160029.849;160032.395;160041.741;160041.741;160048.072;160048.072;160048.877;160048.877;160049.145;160049.145;160049.250;160050.116;160051.584;160051.584;160052.247;160052.247;160054.229;160054.229;160056.411;160056.411;160059.186;160059.186;160065.988;160065.988;160071.972;160071.972;160071.972;160072.093;160073.450;160073.450;160073.450;160073.530;160073.590;160073.590;160073.645;160073.645;160073.649;160073.659;160073.767;160073.767;160074.900;160074.900;160074.900;160074.910;160075.076;160075.076;160075.417;160075.417;160075.417;160075.421;160075.421;160075.425;160075.477;160075.477;160075.483;160075.483,100
LXU,1,750,12,29,6030,random,6030,161765.18651312176,168548.84843681793,6783.661923696171,True,323.29722321235954,2.330958973999941,22.396 30.021;-366.286 647.996;-430.167 -56.203;-274.021 237.580;-619.254 -372.347;-49.018 585.854;253.664 -228.999;352.774 647.383;287.133 298.326;232.437 -559.648;-617.746 425.312;-120.512 -625.063,nan;nan;nan;nan;nan;nan;nan;nan;nan;nan;nan;nan;nan;nan;nan;nan;nan;nan;nan;nan;nan;nan;nan;nan;nan;nan;nan;nan;nan;nan;nan;nan;nan;nan;nan;nan;nan;nan;nan;nan;nan;nan;nan;nan;nan;nan;nan;nan;nan;nan;nan;nan;nan;nan;nan;nan;nan;nan;nan;nan;nan;nan;nan;nan;nan;nan;nan;nan;nan;nan;nan;nan;nan;nan;nan;nan;nan;nan;nan;nan;nan;nan;nan;nan;nan;nan;nan;nan;nan;nan;nan;nan;nan;nan;nan;nan;nan;nan;nan;nan;nan;nan;nan;nan;161410.010;161410.010;161627.706;161662.596;161662.596;161663.297;161663.297;161663.297;161663.297;161663.297;161663.297;161663.297;161663.297;161670.284;161670.284;161674.116;161674.116;161680.016;161680.016;161686.706;161686.706;161692.073;161703.495;161703.495;161705.717;161712.146;161722.024;161730.240;161730.240;161730.240;161730.240;161732.356;161732.356;161736.581;161737.781;161742.275;161743.104;161743.104;161743.104;161745.949;161745.949;161747.390;161747.439;161749.991;161749.991;161749.991;161753.598;161753.914;161754.630;161757.426;161757.426;161759.347;161759.347;161761.647;161761.647;161762.084;161762.084;161762.084;161762.318;161762.797;161762.797;161762.908;161762.908;161762.954;161763.002;161763.152;161763.152;161763.554;161763.554;161763.784;161763.784;161763.816;161763.824;161763.824;161763.857;161763.865;161763.865;161763.886;161763.886;161763.904;161763.904;161764.454;161764.454;161764.892;161764.892;161765.067;161765.067;161765.074;161765.074;161765.075;161765.076;161765.171;161765.171;161765.185;161765.185;161765.185;161765.187,100
LXC025,1,750,12,11,6030,random,6030,161743.61481352182,168548.84843681793,6805.23362329611,True,314.0630816450006,2.3997574070000383,299.750 474.379;55.815 -473.591;-337.479 143.936;611.747 -382.536;-253.127 -584.051;-602.760 -362.539;-48.514 536.419;-223.064 -196.012;-628.757 400.608;-365.496 583.222;77.685 187.640;351.220 -207.146,nan;nan;nan;nan;nan;nan;nan;nan;nan;nan;nan;nan;nan;nan;nan;nan;nan;nan;nan;nan;nan;nan;nan;nan;nan;nan;nan;nan;nan;nan;nan;nan;nan;nan;nan;nan;nan;nan;nan;nan;nan;nan;nan;nan;nan;nan;nan;nan;nan;nan;nan;nan;nan;nan;nan;nan;nan;nan;nan;nan;nan;nan;nan;nan;nan;nan;nan;nan;nan;nan;nan;nan;nan;nan;nan;nan;nan;nan;nan;nan;nan;nan;nan;nan;nan;nan;nan;nan;nan;nan;nan;nan;nan;nan;nan;nan;nan;nan;nan;161132.521;161132.521;161145.260;161253.063;161253.063;161253.063;161253.063;161253.063;161253.063;161253.063;161253.063;161253.063;161253.063;161253.063;161253.063;161253.063;161253.063;161369.497;161369.497;161419.640;161419.640;161472.871;161472.871;161514.431;161566.199;161596.250;161596.250;161596.250;161596.250;161604.314;161604.314;161657.421;161657.421;161670.852;161670.852;161672.045;161672.045;161723.371;161723.371;161725.393;161725.393;161729.962;161729.962;161731.317;161734.260;161734.260;161734.260;161735.479;161735.479;161737.641;161737.641;161739.493;161739.493;161740.201;161740.201;161741.057;161741.057;161741.583;161741.583;161742.043;161742.043;161742.488;161742.488;161742.847;161742.847;161743.019;161743.019;161743.115;161743.115;161743.227;161743.227;161743.332;161743.332;161743.387;161743.387;161743.446;161743.446;161743.478;161743.478;161743.504;161743.504;161743.543;161743.543;161743.564;161743.564;161743.571;161743.571;161743.582;161743.599;161743.599;161743.599;161743.603;161743.603;161743.609;161743.609;161743.610;161743.610;161743.613;161743.613;161743.614;161743.614;161743.615,100
LXC025,1,750,12,23,6030,random,6030,162471.4383114247,168548.84843681793,6077.410125393246,True,311.1916458591484,2.2976311999999552,153.932 525.458;-333.575 -195.806;601.351 431.313;670.137 -2.506;388.789 -135.485;-641.249 79.902;69.882 -579.747;-456.618 -555.362;46.845 -205.353;-314.174 369.184;526.095 -470.388;109.806 112.095,nan;nan;nan;nan;nan;nan;nan;nan;nan;nan;nan;nan;nan;nan;nan;nan;nan;nan;nan;nan;nan;nan;nan;nan;nan;nan;nan;nan;nan;nan;nan;nan;nan;nan;nan;nan;nan;nan;nan;nan;nan;nan;nan;nan;nan;nan;nan;nan;nan;nan;nan;nan;nan;nan;nan;nan;nan;nan;nan;nan;nan;nan;nan;nan;nan;nan;nan;nan;nan;nan;nan;nan;nan;nan;nan;nan;nan;nan;nan;nan;nan;nan;nan;nan;nan;159944.473;159944.473;159944.473;159944.473;159944.473;160333.488;160333.488;161359.251;161359.251;161359.251;161799.075;161799.075;161799.075;162051.945;162075.624;162075.624;162075.624;162162.805;162212.853;162212.853;162243.197;162243.197;162243.197;162317.699;162317.699;162317.699;162317.699;162324.933;162326.237;162326.237;162372.569;162372.569;162372.569;162372.569;162374.393;162374.393;162413.308;162413.308;162413.308;162413.308;162413.308;162431.986;162431.986;162431.986;162431.986;162436.135;162436.735;162442.744;162442.744;162448.793;162448.793;162451.040;162451.040;162454.123;162454.123;162454.707;162456.107;162459.406;162461.593;162462.836;162462.836;162464.781;162464.781;162466.197;162466.197;162467.644;162467.644;162468.021;162468.021;162468.763;162468.763;162469.331;162469.331;162469.938;162469.938;162470.305;162470.305;162470.456;162470.456;162470.715;162470.715;162470.868;162470.868;162470.970;162471.118;162471.118;162471.118;162471.210;162471.210;162471.255;162471.275;162471.301;162471.301;162471.344;162471.344;162471.364;162471.364;162471.385;162471.385;162471.408;162471.408;162471.418;162471.418;162471.424;162471.424;162471.428;162471.428;162471.431;162471.431;162471.436;162471.436;162471.436;162471.436;162471.437;162471.437;162471.438,100
LXC05,1,750,12,5,6030,random,6030,156311.0855295895,168548.84843681793,12237.762907228433,True,308.0010917377196,2.3598930199999586,-265.023 -695.649;-520.347 -193.416;-350.589 454.878;454.556 -445.346;-206.187 -382.821;528.416 532.001;468.525 213.827;94.181 44.094;479.328 -138.343;151.002 -537.648;-240.154 -15.331;68.330 380.505,nan;nan;nan;nan;nan;nan;nan;nan;nan;nan;nan;nan;nan;nan;nan;nan;nan;nan;nan;nan;nan;nan;nan;nan;nan;nan;nan;nan;nan;nan;nan;nan;nan;nan;nan;nan;nan;nan;nan;nan;nan;nan;nan;nan;nan;nan;nan;nan;nan;nan;nan;nan;nan;nan;nan;nan;nan;nan;nan;nan;nan;nan;nan;nan;nan;nan;nan;nan;nan;nan;nan;nan;nan;nan;nan;nan;nan;nan;nan;nan;nan;nan;nan;nan;nan;nan;nan;nan;nan;nan;nan;nan;nan;nan;152391.196;154510.042;154510.042;154510.042;154510.042;155181.371;155181.371;155181.371;155181.371;155281.233;155281.233;155535.172;155535.172;155535.172;155535.172;155535.172;155535.172;156136.287;156136.287;156173.059;156173.059;156176.911;156176.911;156205.308;156205.308;156205.308;156205.308;156205.308;156205.308;156205.308;156226.511;156226.511;156226.511;156227.876;156240.642;156247.075;156247.075;156247.075;156248.586;156248.908;156248.908;156248.908;156256.137;156257.593;156260.287;156270.753;156270.753;156270.753;156276.962;156276.962;156281.746;156281.746;156284.031;156284.031;156286.527;156286.527;156288.629;156288.629;156290.271;156290.271;156291.914;156291.914;156292.554;156293.456;156293.456;156293.456;156294.031;156294.070;156294.320;156294.370;156294.625;156294.625;156294.927;156295.973;156295.973;156296.513;156296.513;156297.009;156297.009;156297.009;156297.155;156298.414;156298.414;156299.489;156299.489;156299.489;156299.514;156299.900;156299.900;156302.862;156302.862;156304.956;156304.956;156310.470;156310.470;156310.470;156310.478;156310.478;156310.485;156310.655;156310.655;156310.809;156310.809;156311.082;156311.082;156311.082;156311.086,100
LXC05,1,750,12,17,6030,random,6030,160706.33242826062,168548.84843681793,7842.516008557315,True,309.0608125920756,2.323025234999932,-274.101 -284.208;-298.934 350.337;65.228 -161.846;-490.147 96.617;110.906 -654.755;-569.564 -453.956;546.202 275.772;-692.711 -136.806;-182.680 28.594;-198.590 -598.214;420.564 -193.812;291.672 97.160,nan;nan;nan;nan;nan;nan;nan;nan;nan;nan;nan;nan;nan;nan;nan;nan;nan;nan;nan;nan;nan;nan;nan;nan;nan;nan;nan;nan;nan;nan;nan;nan;nan;nan;nan;nan;nan;nan;nan;nan;nan;nan;nan;nan;nan;nan;nan;nan;nan;nan;nan;nan;nan;nan;nan;nan;nan;nan;nan;nan;nan;nan;nan;nan;nan;nan;nan;nan;nan;nan;nan;nan;nan;nan;nan;nan;nan;nan;nan;nan;nan;nan;nan;nan;nan;nan;nan;nan;nan;nan;nan;nan;nan;nan;nan;nan;nan;nan;nan;nan;nan;nan;nan;nan;nan;nan;nan;nan;nan;nan;nan;nan;nan;nan;nan;nan;nan;nan;nan;nan;nan;nan;nan;160393.819;160393.819;160393.819;160450.909;160452.894;160507.253;160507.253;160549.322;160549.322;160595.553;160596.562;160602.665;160641.739;160655.062;160659.596;160661.259;160661.259;160666.007;160666.176;160671.209;160673.134;160673.655;160674.201;160675.720;160681.733;160681.733;160681.733;160683.078;160683.078;160684.301;160684.301;160685.097;160688.476;160688.476;160688.555;160689.094;160689.854;160689.854;160689.854;160690.058;160690.058;160690.131;160690.131;160690.297;160690.729;160690.729;160690.923;160690.923;160691.569;160691.569;160691.778;160691.778;160693.351;160693.351;160695.342;160695.342;160695.342;160695.367;160698.153;160698.153;160698.444;160698.444;160700.998;160700.998;160702.129;160702.129;160702.129;160702.134;160702.718;160702.718;160704.809;160704.809;160705.307;160705.307;160706.332;160706.332;160706.332;160706.332,100
LXC05,1,750,12,29,6030,random,6030,161771.73033909473,168548.84843681793,6777.1180977232,True,309.79981827653734,2.3824653049999824,-708.387 101.364;387.710 112.624;-195.981 -356.687;42.574 631.506;-135.583 -7.250;-335.554 235.864;113.647 -511.275;-455.299 -124.159;-501.637 535.527;-267.039 -658.228;117.363 275.698;626.879 -166.659,nan;nan;nan;nan;nan;nan;nan;nan;nan;nan;nan;nan;nan;nan;nan;nan;nan;nan;nan;nan;nan;nan;nan;nan;nan;nan;nan;nan;nan;nan;nan;nan;nan;nan;nan;nan;nan;nan;nan;nan;nan;nan;nan;nan;nan;nan;nan;nan;nan;nan;nan;nan;nan;nan;nan;nan;nan;nan;nan;nan;nan;nan;nan;nan;nan;nan;nan;nan;nan;nan;nan;nan;nan;nan;nan;nan;nan;nan;nan;nan;nan;nan;nan;nan;nan;nan;nan;nan;nan;nan;nan;nan;nan;nan;nan;nan;nan;nan;nan;nan;nan;nan;nan;nan;nan;nan;nan;nan;nan;159334.728;159334.728;159334.728;160013.961;160561.880;161085.731;161085.731;161221.034;161230.632;161230.632;161230.632;161257.025;161257.025;161263.769;161263.769;161350.188;161406.628;161591.087;161593.717;161632.439;161633.074;161641.810;161660.851;161660.851;161660.851;161667.050;161667.050;161678.175;161693.381;161693.381;161741.846;161741.846;161741.846;161755.637;161755.637;161757.678;161757.678;161759.512;161760.687;161760.794;161760.977;161762.829;161764.209;161764.209;161764.209;161765.154;161765.154;161765.471;161765.694;161766.083;161766.083;161766.613;161766.613;161766.959;161766.959;161767.266;161767.936;161767.936;161767.936;161768.050;161768.050;161768.246;161769.341;161769.341;161769.341;161769.388;161770.040;161770.040;161770.654;161770.654;161770.654;161770.686;161770.708;161770.718;161770.718;161770.734;161770.972;161770.972;161771.013;161771.013;161771.454;161771.454;161771.557;161771.557;161771.724;161771.724;161771.724;161771.727;161771.727;161771.729;161771.729;161771.730,100
LXC2,1,750,12,11,6030,random,6030,163454.93309914492,168548.84843681793,5093.91533767301,True,333.8629261671638,2.359386931999893,-301.982 598.774;319.943 -37.219;-32.578 -294.301;240.302 -520.608;-61.903 -662.512;-407.304 -458.000;-133.986 253.414;742.329 -19.518;-692.498 173.456;492.668 321.110;112.853 729.325;-382.418 -52.176,nan;nan;nan;nan;nan;nan;nan;nan;nan;nan;nan;nan;nan;nan;nan;nan;nan;nan;nan;nan;nan;nan;nan;nan;nan;nan;nan;nan;nan;nan;nan;nan;nan;nan;nan;nan;nan;nan;nan;nan;nan;nan;nan;nan;nan;nan;nan;nan;nan;nan;nan;nan;nan;nan;nan;nan;nan;nan;nan;nan;nan;nan;nan;nan;nan;nan;nan;nan;nan;nan;nan;nan;nan;nan;nan;nan;nan;nan;nan;nan;nan;nan;nan;nan;nan;nan;nan;nan;nan;160386.347;160386.347;160398.072;160398.072;160653.765;161565.146;161583.647;161583.647;161583.647;162125.150;162125.150;162436.865;162436.865;162701.482;162826.108;162826.108;162964.375;162964.375;162964.375;162964.375;162978.312;162978.312;163153.235;163153.235;163153.235;163323.832;163324.970;163324.970;163324.970;163324.970;163324.970;163334.487;163342.626;163342.626;163342.626;163353.931;163358.819;163358.819;163358.819;163367.478;163376.091;163376.091;163388.950;163388.950;163395.214;163395.214;163402.433;163402.433;163403.022;163403.022;163404.104;163405.242;163441.958;163441.958;163441.958;163443.683;163444.200;163444.200;163445.352;163445.454;163445.683;163446.088;163449.081;163449.081;163449.081;163449.443;163449.583;163449.731;163450.496;163450.496;163452.504;163452.504;163452.504;163452.720;163453.334;163453.334;163453.375;163453.433;163453.797;163453.797;163454.486;163454.486;163454.530;163454.537;163454.537;163454.569;163454.667;163454.667;163454.667;163454.680;163454.745;163454.745;163454.745;163454.763;163454.848;163454.848;163454.848;163454.854;163454.854;163454.858;163454.858;163454.861;163454.907;163454.907;163454.907;163454.909;163454.928;163454.928;163454.928;163454.929;163454.933;163454.933,100
LXC2,1,750,12,23,6030,random,6030,165273.37753508522,168548.84843681793,3275.4709017327114,True,329.71600527545286,2.397523670999931,209.383 -161.823;-127.839 -397.207;706.659 -94.259;-166.111 515.672;-715.819 -36.561;-30.228 117.917;-352.027 -0.661;174.994 -627.927;492.986 -345.370;-534.592 466.222;-542.720 -394.465;280.712 408.202,nan;nan;nan;nan;nan;nan;nan;nan;nan;nan;nan;nan;nan;nan;nan;nan;nan;nan;nan;nan;nan;nan;nan;nan;nan;nan;nan;nan;nan;nan;nan;nan;nan;nan;nan;nan;nan;nan;nan;nan;nan;nan;nan;nan;nan;nan;nan;nan;nan;nan;nan;nan;nan;nan;nan;nan;nan;nan;nan;nan;nan;nan;nan;nan;nan;nan;nan;nan;nan;nan;nan;nan;nan;nan;nan;nan;nan;nan;nan;nan;nan;nan;nan;nan;nan;nan;nan;nan;nan;161396.075;161396.075;161680.484;161680.484;161935.469;161935.469;161935.469;162588.702;162588.702;163622.266;163622.266;164071.555;164071.555;164071.555;164071.555;164713.860;164862.784;164862.784;164862.784;164907.990;164907.990;164916.057;164916.057;164939.003;164939.003;164939.003;164939.674;164943.947;164979.261;164979.261;165016.213;165016.213;165016.612;165035.047;165067.423;165078.192;165126.046;165132.887;165150.127;165152.361;165155.456;165156.857;165158.592;165159.397;165159.397;165161.889;165161.889;165161.889;165162.008;165163.360;165164.114;165164.781;165164.781;165165.946;165166.324;165166.687;165167.201;165167.201;165167.277;165167.277;165170.115;165170.115;165177.290;165177.290;165183.723;165183.723;165184.841;165184.841;165220.274;165220.274;165220.274;165220.500;165220.500;165220.657;165220.657;165220.750;165222.764;165222.764;165222.764;165268.804;165268.804;165268.841;165268.841;165268.878;165268.878;165268.903;165269.137;165269.137;165269.354;165269.354;165269.354;165269.360;165269.386;165269.386;165269.488;165269.488;165269.965;165269.965;165270.897;165270.897;165272.942;165272.942;165272.942;165272.945;165272.945;165272.946;165273.376;165273.376;165273.376;165273.377;165273.377;165273.378,100
LXNR,2,750,12,5,6030,random,6030,80857.02957124102,87784.54073621597,6927.51116497496,True,312.30773179006945,2.470101459000034,-568.970 -466.687;-243.569 -579.701;289.284 -141.196;541.522 -330.573;-315.766 -230.789;518.018 540.287;48.260 62.758;214.626 704.221;59.268 -363.612;366.994 239.410;-423.284 452.280;-247.978 193.816,nan;nan;nan;nan;nan;nan;nan;nan;nan;nan;nan;nan;nan;nan;nan;nan;nan;nan;nan;nan;nan;nan;nan;nan;nan;nan;nan;nan;nan;nan;nan;nan;nan;nan;nan;nan;nan;nan;nan;nan;nan;nan;nan;nan;nan;nan;nan;nan;nan;nan;nan;nan;nan;nan;nan;nan;nan;nan;nan;nan;nan;nan;nan;nan;nan;nan;nan;nan;nan;nan;nan;nan;nan;nan;nan;nan;nan;nan;nan;nan;nan;nan;nan;nan;nan;nan;nan;nan;nan;nan;nan;nan;nan;nan;nan;nan;nan;nan;nan;nan;nan;nan;nan;nan;nan;nan;nan;nan;nan;80147.291;80147.291;80147.291;80150.354;80446.064;80446.064;80446.064;80446.064;80446.455;80514.623;80514.623;80514.623;80514.623;80516.236;80552.882;80559.725;80623.483;80623.483;80623.483;80626.385;80630.812;80635.058;80742.023;80759.442;80764.574;80801.848;80807.081;80809.279;80811.746;80814.006;80817.542;80819.101;80819.101;80820.971;80822.512;80822.512;80825.178;80828.203;80828.203;80828.578;80829.650;80829.894;80832.375;80832.375;80832.375;80832.633;80832.804;80833.532;80833.968;80835.167;80838.346;80840.839;80841.014;80841.014;80841.176;80841.360;80841.959;80842.126;80842.185;80842.269;80842.349;80842.409;80842.409;80842.471;80842.496;80842.506;80842.532;80842.575;80842.575;80842.611;80842.639;80842.685;80842.714;80842.733;80842.733;80842.740;80842.782;80842.866;80843.003;80843.247;80843.824;80844.806;80844.810;80846.595;80846.598;80846.600;80851.726;80854.222;80854.222;80856.872;80857.029;80857.030,134
LXNR,2,750,12,17,6030,random,6030,81627.25718693441,87784.54073621597,6157.283549281565,True,318.8320560728601,2.4561220690000027,280.352 521.760;619.946 -265.924;-619.796 250.085;282.275 -694.739;-402.111 -624.562;255.202 -292.904;-59.642 -498.491;-272.980 472.976;433.044 217.740;-83.535 -180.556;-382.111 -41.862;83.814 146.835,nan;nan;nan;nan;nan;nan;nan;nan;nan;nan;nan;nan;nan;nan;nan;nan;nan;nan;nan;nan;nan;nan;nan;nan;nan;nan;nan;nan;nan;nan;nan;nan;nan;nan;nan;nan;nan;nan;nan;nan;nan;nan;nan;nan;nan;nan;nan;nan;nan;nan;nan;nan;nan;nan;nan;nan;nan;nan;nan;nan;nan;nan;nan;nan;nan;nan;nan;nan;nan;nan;nan;nan;nan;nan;nan;nan;nan;nan;nan;nan;nan;nan;nan;nan;nan;nan;nan;nan;nan;79570.235;79570.235;79570.235;80007.613;80007.613;80143.534;80143.534;80522.138;80522.138;80522.138;81020.712;81020.712;81020.712;81020.712;81020.712;81020.712;81075.785;81075.785;81075.785;81123.472;81140.478;81140.478;81140.478;81362.754;81433.691;81433.691;81433.691;81433.691;81433.691;81433.691;81433.691;81446.529;81446.529;81446.529;81446.529;81446.529;81446.927;81453.327;81455.307;81458.385;81459.649;81462.477;81473.797;81473.797;81577.598;81579.005;81586.140;81591.515;81592.468;81592.468;81595.037;81601.368;81602.638;81604.662;81606.300;81606.300;81610.099;81610.268;81610.268;81610.857;81611.781;81611.781;81612.917;81613.444;81613.555;81613.955;81614.296;81616.512;81616.874;81617.139;81617.139;81618.675;81618.880;81618.880;81619.121;81619.225;81619.428;81619.542;81619.638;81619.638;81619.671;81619.749;81619.749;81619.767;81619.830;81619.830;81619.867;81619.903;81619.941;81619.979;81619.995;81619.995;81620.026;81620.036;81620.226;81620.303;81620.312;81620.589;81620.596;81621.083;81621.083;81621.087;81621.213;81622.268;81624.320;81624.323;81625.054;81625.055;81625.057;81625.420;81625.422;81627.257,134
LXNR,2,750,12,29,6030,random,6030,80818.97801475666,87784.54073621597,6965.562721459311,True,308.00117059658953,2.5422053070000175,-382.734 -503.419;-579.642 154.719;-1.898 -672.840;146.743 -236.935;-626.000 -292.317;-434.382 426.315;283.288 -522.631;263.591 691.628;360.628 333.181;-203.352 -245.053;-60.795 562.395;-193.867 79.710,nan;nan;nan;nan;nan;nan;nan;nan;nan;nan;nan;nan;nan;nan;nan;nan;nan;nan;nan;nan;nan;nan;nan;nan;nan;nan;nan;nan;nan;nan;nan;nan;nan;nan;nan;nan;nan;nan;nan;nan;nan;nan;nan;nan;nan;nan;nan;nan;nan;nan;nan;nan;nan;nan;nan;nan;nan;nan;nan;nan;nan;nan;nan;nan;nan;nan;nan;nan;nan;nan;nan;nan;nan;nan;nan;nan;nan;nan;nan;nan;nan;nan;nan;nan;nan;79583.295;79583.295;79583.295;79583.295;79583.295;79583.295;79583.295;79583.295;79583.295;79583.295;79583.295;79583.295;79583.295;79583.295;79595.804;79932.354;80186.078;80186.078;80186.078;80186.078;80194.699;80194.699;80194.699;80194.699;80194.699;80196.040;80210.299;80210.299;80210.299;80210.299;80223.303;80223.303;80223.634;80276.341;80276.341;80276.341;80276.341;80276.341;80280.212;80280.212;80280.212;80281.960;80289.549;80294.517;80304.575;80429.173;80435.136;80437.450;80578.835;80583.320;80583.320;80647.014;80650.760;80652.534;80657.052;80684.981;80684.981;80725.931;80726.942;80726.942;80737.249;80738.975;80738.975;80739.863;80740.903;80740.903;80742.564;80745.344;80762.786;80763.383;80781.008;80784.181;80790.934;80791.264;80810.733;80811.236;80811.609;80812.175;80812.462;80812.642;80812.642;80812.779;80812.964;80813.341;80814.576;80814.663;80814.663;80814.709;80814.973;80815.923;80817.857;80817.889;80817.889;80817.919;80817.984;80818.723;80818.732;80818.754;80818.754;80818.764;80818.773;80818.773;80818.778;80818.785;80818.785;80818.790;80818.800;80818.872;80818.919;80818.921;80818.921;80818.923;80818.926;80818.930;80818.940;80818.978,134
LXREP,2,750,12,11,6030,random,6030,82273.06910029371,87784.54073621597,5511.471635922266,True,311.41103105733856,2.4690580239999917,-340.176 -75.452;267.683 67.112;-634.484 -277.934;429.299 -282.989;292.024 -657.987;-277.475 -696.442;-383.415 232.942;598.660 284.650;-67.225 290.934;292.714 425.976;-404.718 571.160;-316.966 -386.195,nan;nan;nan;nan;nan;nan;nan;nan;nan;nan;nan;nan;nan;nan;nan;nan;nan;nan;nan;nan;nan;nan;nan;nan;nan;nan;nan;nan;nan;nan;nan;nan;nan;nan;nan;nan;nan;nan;nan;nan;nan;nan;nan;nan;nan;nan;nan;nan;nan;nan;nan;nan;nan;nan;nan;nan;nan;nan;nan;nan;nan;nan;nan;nan;nan;nan;nan;nan;nan;nan;nan;nan;nan;nan;nan;nan;nan;nan;nan;nan;nan;nan;nan;nan;nan;nan;nan;nan;nan;nan;nan;nan;nan;nan;nan;nan;nan;nan;nan;81468.934;81468.934;81468.934;81468.934;81468.934;81468.934;81468.934;81468.934;81468.934;81468.934;81468.934;81468.934;81468.934;81468.934;81468.934;81468.934;81468.934;81693.028;81693.028;81908.991;81909.429;81909.429;82058.343;82078.908;82141.508;82176.407;82176.407;82176.407;82176.407;82186.335;82189.557;82189.557;82193.808;82193.820;82193.820;82218.798;82223.513;82226.280;82228.687;82231.809;82235.438;82237.745;82238.473;82240.667;82242.514;82247.167;82248.514;82249.929;82250.835;82251.615;82252.276;82253.024;82253.615;82254.156;82254.815;82255.316;82255.602;82255.942;82256.264;82256.525;82256.890;82257.139;82257.891;82258.016;82258.181;82258.317;82258.479;82258.566;82258.658;82258.689;82261.284;82261.339;82261.472;82261.518;82261.566;82261.847;82266.779;82266.797;82266.814;82269.888;82270.231;82270.239;82270.249;82270.805;82270.813;82270.826;82270.834;82270.840;82270.846;82270.850;82270.853;82270.855;82270.858;82270.861;82270.864;82270.864;82270.867;82270.868;82270.869;82270.970;82271.840;82273.069,200
LXREP,2,750,12,23,6030,random,6030,81846.16230509937,87784.54073621597,5938.378431116609,True,311.05628892799456,2.6659942819999287,678.932 -305.096;335.258 -73.878;373.373 287.109;367.266 -418.104;-84.062 -252.596;-544.419 290.633;707.806 95.677;-449.251 -387.267;166.383 -721.702;-0.885 354.424;-106.717 57.635;473.295 581.710,nan;nan;nan;nan;nan;nan;nan;nan;nan;nan;nan;nan;nan;nan;nan;nan;nan;nan;nan;nan;nan;nan;nan;nan;nan;nan;nan;nan;nan;nan;nan;nan;nan;nan;nan;nan;nan;nan;nan;nan;nan;nan;nan;nan;nan;nan;nan;nan;nan;nan;nan;nan;nan;nan;nan;nan;nan;nan;nan;nan;nan;nan;nan;nan;nan;nan;nan;nan;nan;nan;nan;nan;nan;nan;nan;nan;nan;nan;nan;nan;nan;nan;nan;nan;nan;nan;nan;nan;nan;nan;nan;nan;nan;nan;nan;nan;nan;nan;nan;nan;nan;nan;80971.630;80971.630;80971.630;81153.946;81153.946;81153.946;81153.946;81153.946;81222.594;81377.848;81377.848;81377.848;81377.848;81377.848;81377.890;81379.886;81438.321;81438.321;81438.321;81438.321;81488.068;81516.766;81571.750;81668.645;81668.645;81668.645;81668.645;81679.997;81713.453;81713.453;81716.888;81721.628;81725.523;81726.127;81726.127;81727.066;81728.834;81730.663;81731.528;81735.047;81736.269;81739.130;81740.729;81742.970;81744.722;81753.139;81754.138;81755.525;81758.082;81758.445;81758.934;81759.592;81759.785;81760.528;81760.890;81762.900;81765.501;81765.733;81766.534;81832.858;81833.081;81834.275;81834.407;81834.482;81834.535;81834.691;81834.780;81834.880;81835.102;81835.259;81835.294;81837.357;81837.867;81839.840;81842.719;81844.793;81844.803;81844.822;81844.833;81844.840;81844.849;81844.858;81844.865;81844.872;81844.881;81844.885;81845.340;81845.345;81845.722;81845.803;81845.806;81845.809;81845.995;81846.051;81846.160;81846.161;81846.161;81846.162;81846.162,200
LXU,2,750,12,5,6030,random,6030,81118.00580778084,87784.54073621597,6666.53492843514,True,309.0145538785198,2.487509957000043,227.783 -436.595;-73.129 48.353;310.189 571.650;142.655 -736.308;-159.829 -557.814;537.110 -328.947;604.651 441.694;234.902 23.724;-665.912 -318.294;531.556 139.848;-447.867 121.394;80.068 335.882,nan;nan;nan;nan;nan;nan;nan;nan;nan;nan;nan;nan;nan;nan;nan;nan;nan;nan;nan;nan;nan;nan;nan;nan;nan;nan;nan;nan;nan;nan;nan;nan;nan;nan;nan;nan;nan;nan;nan;nan;nan;nan;nan;nan;nan;nan;nan;nan;nan;nan;nan;nan;nan;nan;nan;nan;nan;nan;nan;nan;nan;nan;nan;nan;nan;nan;nan;nan;nan;nan;nan;nan;nan;nan;nan;nan;nan;nan;nan;nan;nan;nan;nan;nan;nan;nan;nan;nan;nan;nan;nan;nan;nan;nan;nan;nan;nan;nan;nan;nan;nan;nan;nan;nan;nan;nan;nan;nan;nan;nan;nan;nan;nan;nan;nan;nan;nan;nan;nan;nan;nan;nan;nan;nan;nan;80377.179;80377.179;80377.179;80377.179;80377.179;80385.559;80679.392;80679.392;80685.876;80685.876;81072.512;81072.512;81072.512;81095.479;81096.097;81098.696;81099.212;81101.194;81105.243;81105.243;81108.525;81108.525;81108.525;81109.299;81111.509;81111.509;81112.606;81112.606;81113.222;81113.293;81114.065;81114.065;81114.582;81114.582;81115.112;81115.112;81115.169;81115.268;81115.408;81115.408;81115.469;81115.564;81115.799;81115.799;81115.811;81115.857;81115.979;81115.979;81116.163;81116.163;81116.540;81116.540;81116.914;81116.914;81117.438;81117.438;81117.814;81117.814;81117.951;81117.951;81117.959;81117.959;81117.959;81117.969;81117.984;81117.984;81117.990;81117.990;81117.990;81117.994;81118.003;81118.003;81118.003;81118.005;81118.005;81118.006,100
LXU,2,750,12,17,6030,random,6030,80678.34653049559,87784.54073621597,7106.194205720385,True,315.0251450051058,2.3859667039999977,170.663 546.722;514.868 -61.996;-701.403 265.582;428.918 -410.920;-304.187 -682.793;172.898 -128.791;37.482 -435.845;-149.981 388.454;497.938 384.781;-189.901 -204.801;-432.351 6.001;148.951 185.323,nan;nan;nan;nan;nan;nan;nan;nan;nan;nan;nan;nan;nan;nan;nan;nan;nan;nan;nan;nan;nan;nan;nan;nan;nan;nan;nan;nan;nan;nan;nan;nan;nan;nan;nan;nan;nan;nan;nan;nan;nan;nan;nan;nan;nan;nan;nan;nan;nan;nan;nan;nan;nan;nan;nan;nan;nan;nan;nan;nan;nan;nan;nan;nan;nan;nan;nan;nan;nan;nan;nan;nan;nan;nan;nan;nan;nan;nan;nan;nan;nan;nan;nan;nan;nan;nan;nan;nan;nan;nan;nan;nan;nan;nan;nan;79353.072;79353.072;79837.308;79837.308;79837.308;79837.308;79837.308;79837.308;79837.308;79837.308;79837.308;79837.308;79918.684;79918.684;79918.684;80226.843;80226.843;80226.843;80228.338;80228.338;80244.903;80244.903;80244.903;80292.345;80312.193;80342.928;80347.548;80477.840;80477.840;80536.316;80546.596;80586.411;80609.757;80611.378;80611.378;80615.318;80616.397;80632.648;80634.383;80636.708;80641.064;80641.970;80648.578;80648.578;80648.578;80650.624;80654.464;80654.464;80659.018;80659.018;80661.984;80661.984;80663.461;80663.467;80664.086;80664.234;80664.234;80664.844;80665.212;80665.402;80666.085;80666.085;80667.486;80667.486;80668.804;80668.804;80669.764;80669.764;80671.501;80671.501;80672.133;80672.133;80672.722;80672.722;80675.582;80675.582;80677.419;80677.419;80677.419;80677.461;80677.484;80677.494;80677.539;80677.539;80678.259;80678.259;80678.267;80678.276;80678.276;80678.276;80678.277;80678.282;80678.285;80678.286;80678.289;80678.291;80678.303;80678.303;80678.319;80678.319;80678.338;80678.338;80678.345;80678.345;80678.347;80678.347,100
LXU,2,750,12,29,6030,random,6030,81655.31260648897,87784.54073621597,6129.228129727009,True,320.8724669939961,2.4498398910000105,25.068 33.415;-365.511 650.370;-445.246 -43.531;-281.557 255.394;-603.720 -375.305;-49.594 594.195;243.360 -228.637;352.157 630.079;283.950 309.057;230.292 -552.376;-616.256 427.467;-125.810 -614.074,nan;nan;nan;nan;nan;nan;nan;nan;nan;nan;nan;nan;nan;nan;nan;nan;nan;nan;nan;nan;nan;nan;nan;nan;nan;nan;nan;nan;nan;nan;nan;nan;nan;nan;nan;nan;nan;nan;nan;nan;nan;nan;nan;nan;nan;nan;nan;nan;nan;nan;nan;nan;nan;nan;nan;nan;nan;nan;nan;nan;nan;nan;nan;nan;nan;nan;nan;nan;nan;nan;nan;nan;nan;nan;nan;nan;nan;nan;nan;nan;nan;nan;nan;nan;nan;nan;nan;nan;nan;nan;nan;nan;nan;nan;nan;nan;nan;nan;nan;nan;nan;nan;nan;nan;80381.155;80552.775;80874.071;81251.672;81251.672;81253.133;81253.133;81267.329;81267.329;81545.182;81545.182;81545.182;81545.182;81545.182;81545.182;81545.182;81545.182;81545.182;81545.182;81545.182;81545.182;81593.636;81593.636;81642.237;81642.237;81645.082;81645.082;81645.822;81647.759;81647.759;81647.759;81647.817;81647.817;81648.229;81648.229;81648.413;81648.413;81648.453;81648.453;81649.133;81649.133;81649.133;81649.133;81649.195;81649.978;81649.978;81650.154;81650.154;81650.598;81651.053;81651.053;81651.053;81651.438;81651.588;81651.628;81651.780;81651.839;81651.853;81652.003;81652.084;81652.122;81652.549;81652.549;81652.935;81652.935;81653.513;81653.513;81654.007;81654.007;81654.502;81654.502;81655.016;81655.016;81655.016;81655.037;81655.051;81655.051;81655.051;81655.070;81655.135;81655.135;81655.218;81655.218;81655.243;81655.243;81655.271;81655.271;81655.279;81655.279;81655.303;81655.303;81655.308;81655.308;81655.311;81655.311;81655.313;81655.313,100
LXC025,2,750,12,11,6030,random,6030,81293.2121257523,87784.54073621597,6491.328610463679,True,332.79436154679485,2.380229987000007,306.592 488.608;67.243 -454.663;-317.006 124.769;592.738 -422.238;-248.118 -560.961;-539.819 -354.346;-40.834 514.517;-233.676 -201.734;-659.542 356.208;-407.764 593.841;86.472 158.866;334.099 -194.816,nan;nan;nan;nan;nan;nan;nan;nan;nan;nan;nan;nan;nan;nan;nan;nan;nan;nan;nan;nan;nan;nan;nan;nan;nan;nan;nan;nan;nan;nan;nan;nan;nan;nan;nan;nan;nan;nan;nan;nan;nan;nan;nan;nan;nan;nan;nan;nan;nan;nan;nan;nan;nan;nan;nan;nan;nan;nan;nan;nan;nan;nan;nan;nan;nan;nan;nan;nan;nan;nan;nan;nan;nan;nan;nan;nan;nan;nan;nan;nan;nan;nan;nan;nan;nan;nan;nan;nan;nan;nan;nan;nan;nan;nan;nan;nan;nan;nan;nan;80086.368;80086.368;80086.368;80086.368;80110.561;80110.561;80110.561;80162.903;80180.369;80240.742;80240.742;80303.180;80549.577;80549.577;80549.577;80549.577;80549.577;80761.728;80761.728;81105.847;81216.470;81216.470;81216.470;81216.470;81216.470;81216.470;81216.470;81216.470;81216.470;81258.389;81258.389;81265.935;81265.935;81273.911;81273.911;81279.448;81279.448;81281.677;81281.677;81283.912;81283.912;81285.917;81285.917;81287.436;81287.436;81288.531;81288.531;81289.390;81289.390;81290.683;81290.683;81291.003;81291.003;81291.247;81291.247;81291.506;81291.506;81291.740;81291.740;81292.170;81292.170;81292.390;81292.390;81292.556;81292.556;81292.780;81292.780;81292.926;81292.926;81292.980;81292.980;81293.026;81293.026;81293.086;81293.086;81293.107;81293.107;81293.125;81293.125;81293.137;81293.137;81293.159;81293.159;81293.174;81293.174;81293.186;81293.186;81293.192;81293.201;81293.201;81293.201;81293.203;81293.203;81293.207;81293.207;81293.208;81293.208;81293.209;81293.209;81293.211;81293.211;81293.212,100
LXC025,2,750,12,23,6030,random,6030,82193.09206108577,87784.54073621597,5591.448675130203,True,310.87734842417433,2.393899251999983,175.147 584.978;-335.415 -190.478;599.320 444.241;652.878 76.182;450.279 -186.196;-741.782 108.944;117.067 -664.601;-409.849 -566.084;52.594 -270.108;-313.487 453.757;578.168 -477.725;137.837 28.854,nan;nan;nan;nan;nan;nan;nan;nan;nan;nan;nan;nan;nan;nan;nan;nan;nan;nan;nan;nan;nan;nan;nan;nan;nan;nan;nan;nan;nan;nan;nan;nan;nan;nan;nan;nan;nan;nan;nan;nan;nan;nan;nan;nan;nan;nan;nan;nan;nan;nan;nan;nan;nan;nan;nan;nan;nan;nan;nan;nan;nan;nan;nan;nan;nan;nan;nan;nan;nan;nan;nan;nan;nan;nan;nan;nan;nan;nan;nan;nan;nan;nan;nan;nan;nan;81113.052;81113.052;81113.052;81113.052;81113.052;81113.052;81113.052;81113.052;81113.052;81113.052;81646.772;81646.772;81646.772;81646.772;81646.772;81646.772;81646.772;81860.390;81860.390;81860.390;81929.684;81929.684;81977.642;81977.642;81977.642;81977.642;81977.642;81977.642;81978.218;81978.218;81978.218;81978.218;81978.218;81978.218;81978.218;81978.218;81978.218;82022.017;82022.017;82181.658;82181.658;82181.658;82181.658;82181.658;82181.658;82184.065;82184.653;82184.653;82184.653;82184.653;82184.653;82185.353;82186.118;82186.436;82186.436;82186.436;82186.596;82187.553;82187.666;82188.891;82188.891;82189.910;82189.910;82190.393;82190.393;82190.828;82190.828;82191.436;82191.436;82192.002;82192.002;82192.241;82192.241;82192.457;82192.457;82192.618;82192.618;82192.750;82192.750;82192.764;82192.764;82192.811;82192.811;82192.904;82192.925;82192.952;82192.952;82192.991;82192.991;82193.011;82193.011;82193.024;82193.024;82193.045;82193.045;82193.056;82193.056;82193.068;82193.068;82193.074;82193.074;82193.080;82193.080;82193.085;82193.085;82193.086;82193.086;82193.088;82193.088;82193.089;82193.089;82193.091;82193.091;82193.091;82193.091;82193.092,100
LXC05,2,750,12,5,6030,random,6030,81348.1952249118,87784.54073621597,6436.345511304171,True,319.57036600668846,2.4028718980000576,-257.039 -695.107;-540.357 -192.032;-347.759 454.606;451.499 -471.860;-267.812 -373.044;523.303 505.778;499.328 174.063;106.920 48.539;510.207 -145.322;107.182 -503.305;-239.024 -9.321;79.109 372.241,nan;nan;nan;nan;nan;nan;nan;nan;nan;nan;nan;nan;nan;nan;nan;nan;nan;nan;nan;nan;nan;nan;nan;nan;nan;nan;nan;nan;nan;nan;nan;nan;nan;nan;nan;nan;nan;nan;nan;nan;nan;nan;nan;nan;nan;nan;nan;nan;nan;nan;nan;nan;nan;nan;nan;nan;nan;nan;nan;nan;nan;nan;nan;nan;nan;nan;nan;nan;nan;nan;nan;nan;nan;nan;nan;nan;nan;nan;nan;nan;nan;nan;nan;nan;nan;nan;nan;nan;nan;nan;nan;nan;nan;nan;80176.062;80176.062;80176.062;80176.062;80176.062;80184.459;80184.459;80184.459;80184.459;80184.459;80184.459;80184.459;80184.459;80186.671;81198.993;81198.993;81198.993;81198.993;81198.993;81198.993;81226.170;81227.463;81227.463;81227.463;81236.655;81302.294;81302.294;81302.294;81302.294;81302.702;81302.702;81311.300;81311.300;81311.804;81314.741;81314.741;81317.341;81323.579;81323.579;81324.063;81330.030;81330.030;81332.746;81333.968;81335.885;81335.885;81338.867;81338.867;81339.524;81341.138;81341.526;81341.526;81342.893;81342.893;81343.788;81343.788;81344.409;81344.409;81344.806;81344.806;81345.360;81345.360;81346.000;81346.224;81346.235;81346.235;81346.446;81346.690;81346.690;81346.936;81346.936;81346.936;81347.030;81347.545;81347.545;81347.808;81347.808;81348.039;81348.039;81348.039;81348.064;81348.064;81348.103;81348.103;81348.125;81348.125;81348.136;81348.136;81348.153;81348.153;81348.159;81348.159;81348.163;81348.163;81348.171;81348.171;81348.176;81348.176;81348.179;81348.183;81348.183;81348.185;81348.185;81348.190;81348.190;81348.195;81348.195,100
LXC05,2,750,12,17,6030,random,6030,79870.70289429068,87784.54073621597,7913.837841925299,True,308.0049484336161,2.4257074250000414,-274.004 -283.960;-299.345 349.836;71.731 -163.785;-499.339 93.633;122.211 -634.343;-576.221 -457.128;544.731 271.803;-701.470 -144.223;-192.039 16.199;-199.955 -592.958;434.351 -195.235;290.835 97.436,nan;nan;nan;nan;nan;nan;nan;nan;nan;nan;nan;nan;nan;nan;nan;nan;nan;nan;nan;nan;nan;nan;nan;nan;nan;nan;nan;nan;nan;nan;nan;nan;nan;nan;nan;nan;nan;nan;nan;nan;nan;nan;nan;nan;nan;nan;nan;nan;nan;nan;nan;nan;nan;nan;nan;nan;nan;nan;nan;nan;nan;nan;nan;nan;nan;nan;nan;nan;nan;nan;nan;nan;nan;nan;nan;nan;nan;nan;nan;nan;nan;nan;nan;nan;nan;nan;nan;nan;nan;nan;nan;nan;nan;nan;nan;nan;nan;nan;nan;nan;nan;nan;nan;nan;nan;nan;nan;nan;nan;nan;nan;nan;nan;nan;nan;nan;nan;nan;nan;nan;nan;nan;nan;78143.750;78143.750;79016.518;79016.518;79016.518;79820.234;79820.234;79820.234;79820.234;79821.104;79822.181;79823.824;79823.824;79826.975;79826.975;79829.478;79829.478;79832.524;79832.645;79835.546;79836.320;79838.222;79838.527;79839.405;79842.544;79842.544;79842.544;79843.220;79843.220;79844.314;79844.314;79844.969;79847.156;79847.156;79849.493;79849.493;79850.517;79850.517;79854.183;79854.183;79854.183;79854.377;79854.377;79854.550;79861.761;79861.761;79864.375;79864.375;79864.375;79864.479;79865.867;79865.867;79866.193;79866.193;79867.021;79867.021;79867.021;79867.049;79867.049;79867.062;79868.696;79868.696;79868.696;79868.707;79869.135;79869.135;79869.135;79869.140;79869.341;79869.341;79870.118;79870.118;79870.303;79870.303;79870.702;79870.702;79870.702;79870.703,100
LXC05,2,750,12,29,6030,random,6030,81741.46798353626,87784.54073621597,6043.072752679713,True,310.87773772400215,2.3661355159999857,-693.142 96.289;390.015 127.933;-187.432 -322.610;34.428 624.738;-108.756 -21.852;-326.495 234.300;103.877 -513.548;-446.796 -147.465;-518.820 541.521;-275.983 -660.076;93.102 267.596;627.764 -156.028,nan;nan;nan;nan;nan;nan;nan;nan;nan;nan;nan;nan;nan;nan;nan;nan;nan;nan;nan;nan;nan;nan;nan;nan;nan;nan;nan;nan;nan;nan;nan;nan;nan;nan;nan;nan;nan;nan;nan;nan;nan;nan;nan;nan;nan;nan;nan;nan;nan;nan;nan;nan;nan;nan;nan;nan;nan;nan;nan;nan;nan;nan;nan;nan;nan;nan;nan;nan;nan;nan;nan;nan;nan;nan;nan;nan;nan;nan;nan;nan;nan;nan;nan;nan;nan;nan;nan;nan;nan;nan;nan;nan;nan;nan;nan;nan;nan;nan;nan;nan;nan;nan;nan;nan;nan;nan;nan;nan;nan;79613.088;79613.088;79828.737;80189.618;80296.714;80930.089;81045.142;81045.142;81045.142;81515.721;81515.721;81611.889;81611.889;81698.583;81698.583;81710.294;81710.294;81720.179;81720.179;81720.179;81720.297;81720.297;81720.818;81722.977;81723.015;81723.015;81723.106;81723.106;81723.959;81723.959;81724.379;81725.993;81726.711;81728.070;81733.055;81733.055;81734.397;81734.397;81734.397;81735.339;81735.427;81735.990;81736.105;81736.717;81737.683;81737.683;81737.683;81738.032;81738.032;81738.294;81738.294;81738.505;81738.505;81738.670;81738.670;81738.772;81739.186;81739.186;81739.186;81739.298;81739.298;81739.349;81740.043;81740.043;81740.043;81740.075;81740.467;81740.467;81740.841;81740.841;81740.841;81740.850;81740.863;81740.863;81740.863;81740.875;81741.019;81741.019;81741.043;81741.043;81741.305;81741.305;81741.366;81741.366;81741.465;81741.465;81741.465;81741.466;81741.466;81741.467;81741.467;81741.468,100
LXC2,2,750,12,11,6030,random,6030,82405.93310242095,87784.54073621597,5378.607633795022,True,317.9326639499962,2.4010023619999856,-379.910 573.141;159.417 -5.821;-104.018 -241.058;311.254 -445.355;-203.424 -594.068;-533.913 -443.635;-69.673 356.274;663.090 -62.239;-693.596 284.890;297.804 280.413;148.327 731.141;-322.370 15.927,nan;nan;nan;nan;nan;nan;nan;nan;nan;nan;nan;nan;nan;nan;nan;nan;nan;nan;nan;nan;nan;nan;nan;nan;nan;nan;nan;nan;nan;nan;nan;nan;nan;nan;nan;nan;nan;nan;nan;nan;nan;nan;nan;nan;nan;nan;nan;nan;nan;nan;nan;nan;nan;nan;nan;nan;nan;nan;nan;nan;nan;nan;nan;nan;nan;nan;nan;nan;nan;nan;nan;nan;nan;nan;nan;nan;nan;nan;nan;nan;nan;nan;nan;nan;nan;nan;nan;nan;nan;80425.040;80479.915;80479.915;80899.854;81525.482;81525.482;81525.482;81525.482;81722.483;81722.483;81722.483;81722.483;82330.376;82330.376;82330.376;82330.376;82330.376;82330.376;82338.497;82338.497;82338.497;82338.497;82338.497;82338.497;82339.092;82339.092;82339.092;82339.092;82339.092;82339.812;82345.049;82345.049;82345.049;82345.049;82345.502;82349.454;82367.792;82367.792;82372.824;82372.824;82374.461;82375.916;82377.573;82378.061;82378.139;82380.593;82380.593;82381.587;82383.172;82383.869;82386.636;82386.636;82386.636;82388.010;82388.010;82389.371;82390.369;82390.369;82395.611;82395.611;82395.611;82395.992;82395.992;82396.428;82396.962;82396.962;82397.438;82397.438;82400.417;82400.417;82401.218;82401.218;82401.218;82401.383;82401.953;82401.953;82403.393;82403.393;82404.201;82404.201;82405.078;82405.078;82405.130;82405.130;82405.287;82405.287;82405.464;82405.464;82405.464;82405.481;82405.587;82405.587;82405.587;82405.597;82405.619;82405.619;82405.889;82405.889;82405.889;82405.892;82405.892;82405.893;82405.893;82405.896;82405.896;82405.897;82405.908;82405.908;82405.927;82405.927;82405.933;82405.933,100
LXC2,2,750,12,23,6030,random,6030,80619.59244263331,87784.54073621597,7164.948293582667,True,321.88454692634235,2.4683764060000613,182.590 -194.555;-161.388 -372.141;665.813 -125.295;-111.478 526.340;-737.349 -60.178;-43.516 121.474;-368.369 -29.439;182.026 -531.623;484.128 -391.002;-487.688 466.764;-550.175 -332.888;282.599 381.209,nan;nan;nan;nan;nan;nan;nan;nan;nan;nan;nan;nan;nan;nan;nan;nan;nan;nan;nan;nan;nan;nan;nan;nan;nan;nan;nan;nan;nan;nan;nan;nan;nan;nan;nan;nan;nan;nan;nan;nan;nan;nan;nan;nan;nan;nan;nan;nan;nan;nan;nan;nan;nan;nan;nan;nan;nan;nan;nan;nan;nan;nan;nan;nan;nan;nan;nan;nan;nan;nan;nan;nan;nan;nan;nan;nan;nan;nan;nan;nan;nan;nan;nan;nan;nan;nan;nan;nan;nan;78674.089;78674.089;78674.089;78674.089;78674.089;78674.089;78674.089;78674.089;78674.089;78961.691;79294.801;79513.232;79848.053;79848.053;79848.053;79848.053;79899.698;79899.698;80055.470;80055.470;80122.542;80122.542;80122.542;80122.542;80238.737;80238.737;80333.923;80333.923;80344.246;80344.246;80344.246;80344.246;80354.454;80354.454;80359.056;80359.056;80359.056;80407.664;80409.730;80420.688;80421.660;80421.660;80421.660;80425.408;80427.528;80429.426;80429.426;80433.160;80433.160;80437.008;80446.499;80446.499;80496.235;80496.235;80498.324;80498.324;80608.574;80608.574;80608.574;80609.656;80609.656;80610.202;80611.574;80611.574;80612.502;80612.502;80614.790;80614.790;80614.790;80615.046;80615.046;80615.338;80616.377;80616.377;80616.377;80616.533;80616.832;80616.832;80617.374;80617.374;80617.374;80617.425;80617.425;80617.486;80617.486;80617.522;80617.636;80617.636;80617.817;80617.817;80618.392;80618.392;80618.392;80618.411;80618.560;80618.560;80618.560;80618.564;80618.589;80618.589;80618.736;80618.736;80618.949;80618.949;80619.589;80619.589;80619.589;80619.591;80619.591;80619.592;80619.592;80619.592,100
LXNR,1,1000,10,5,6030,random,6030,138979.93625096825,140457.3736973483,1477.437446380034,True,370.08417664679354,2.014382176999902,-61.563 900.607;521.009 99.626;-185.602 183.178;-698.811 -715.306;190.675 266.485;-2.030 -452.491;-616.711 167.854;-399.066 493.103;179.219 -920.423;-971.841 -219.558,nan;nan;nan;nan;nan;nan;nan;nan;nan;nan;nan;nan;nan;nan;nan;nan;nan;nan;nan;nan;nan;nan;nan;nan;nan;137095.200;137095.200;137095.200;137095.200;137095.200;137095.200;137095.200;137095.200;137095.200;137095.200;137095.200;137095.200;137095.200;137095.200;137095.200;137095.200;137095.200;137095.200;137095.200;137095.200;137095.200;137095.200;137095.200;137095.200;137095.200;137095.200;137095.200;137095.200;137095.200;137095.200;137095.200;137095.200;137095.200;137095.200;137095.200;137928.168;137928.168;137928.168;137928.168;137928.168;137928.168;138094.441;138094.441;138094.441;138094.441;138094.441;138094.441;138094.441;138094.441;138094.441;138354.602;138354.602;138354.602;138354.602;138463.286;138604.627;138604.627;138604.627;138604.627;138874.171;138874.171;138874.171;138874.171;138874.171;138874.171;138874.171;138878.446;138878.446;138878.446;138878.446;138878.446;138878.446;138878.446;138878.446;138878.446;138878.446;138878.446;138907.254;138907.254;138907.254;138907.254;138907.254;138907.254;138907.254;138907.454;138919.869;138919.869;138919.869;138919.869;138920.402;138923.383;138923.383;138923.383;138924.567;138932.330;138932.330;138936.052;138945.231;138945.231;138945.231;138949.482;138949.482;138950.605;138953.664;138953.664;138954.728;138955.851;138956.466;138957.800;138961.150;138961.150;138962.817;138964.457;138969.951;138970.799;138971.819;138971.819;138972.601;138972.640;138972.640;138972.927;138973.391;138973.709;138974.037;138974.214;138974.214;138974.453;138974.712;138974.712;138974.712;138974.985;138974.985;138975.081;138975.204;138975.635;138975.700;138975.774;138976.000;138976.805;138976.836;138978.036;138978.082;138978.105;138978.105;138978.883;138978.904;138979.779;138979.789;138979.804;138979.804;138979.811;138979.824;138979.824;138979.833;138979.840;138979.851;138979.854;138979.860;138979.863;138979.866;138979.868;138979.868;138979.871;138979.874;138979.875;138979.889;138979.890;138979.896;138979.897;138979.909;138979.909;138979.935;138979.936;138979.936;138979.936;138979.936,134
LXNR,1,1000,10,17,6030,random,6030,139570.87112729528,140457.3736973483,886.5025700530095,True,381.3020127205666,2.0643748979999827,825.078 -369.050;-623.031 -591.849;586.932 529.465;101.504 194.293;-108.329 -124.080;435.484 -899.670;-381.125 211.980;-592.751 724.164;302.841 -456.904;289.372 904.355,nan;nan;nan;nan;nan;nan;nan;137373.341;137373.341;137373.341;137373.341;137373.341;137373.341;137373.341;137373.341;137373.341;137373.341;137373.341;137373.341;137373.341;137373.341;137373.341;137373.341;137373.341;137373.341;137373.341;137373.341;137373.341;137373.341;137373.341;137900.808;137900.808;137900.808;137900.808;137900.808;137977.979;137977.979;137977.979;137977.979;137977.979;137977.979;137977.979;137977.979;137977.979;137977.979;137977.979;137977.979;137977.979;137977.979;137977.979;137977.979;138161.941;138161.941;138161.941;138161.941;138161.941;138161.941;138161.941;138161.941;138161.941;138161.941;138161.941;138161.941;138161.941;138161.941;138240.639;138628.236;138628.236;138628.236;138628.236;138628.236;138628.236;138628.236;138678.034;138678.034;138678.034;138678.034;138678.034;138678.034;138689.339;139219.724;139219.724;139219.724;139265.302;139265.302;139265.302;139265.302;139432.264;139432.264;139432.264;139432.264;139432.264;139432.264;139504.444;139514.013;139514.013;139514.013;139514.013;139514.013;139514.013;139514.013;139514.013;139514.039;139514.039;139514.039;139514.039;139514.039;139516.357;139521.170;139521.425;139521.425;139521.425;139525.014;139525.014;139528.876;139528.876;139528.876;139528.973;139529.732;139531.380;139532.313;139533.532;139533.532;139535.012;139538.772;139559.120;139559.120;139559.922;139561.512;139561.512;139561.817;139562.134;139562.134;139563.115;139563.519;139563.625;139563.671;139563.989;139563.989;139564.740;139565.139;139565.711;139566.154;139566.560;139567.169;139567.404;139567.533;139567.740;139568.203;139568.419;139568.762;139568.946;139569.013;139569.013;139569.115;139569.181;139569.532;139569.567;139569.653;139569.653;139569.689;139569.885;139569.885;139569.904;139569.972;139570.053;139570.077;139570.101;139570.114;139570.128;139570.145;139570.145;139570.153;139570.217;139570.415;139570.682;139570.686;139570.686;139570.689;139570.691;139570.695;139570.718;139570.721;139570.735;139570.748;139570.750;139570.772;139570.794;139570.795;139570.833;139570.837;139570.837;139570.860;139570.860;139570.861;139570.861;139570.861;139570.861;139570.867;139570.867;139570.871,134
LXNR,1,1000,10,29,6030,random,6030,139179.4184730071,140457.3736973483,1277.955224341189,True,355.2245572991249,1.9984974770000008,-291.461 -339.896;61.577 -414.016;139.037 48.626;-600.555 551.896;384.102 -850.437;-706.916 -599.922;605.460 -210.232;-480.689 217.506;884.419 -464.734;604.342 575.597,nan;nan;nan;nan;nan;nan;nan;nan;nan;nan;nan;nan;136515.152;136515.152;136539.323;136539.323;136539.323;136563.786;136563.786;137151.002;137151.002;137151.002;137151.002;137151.002;137151.002;137151.002;137151.002;137151.002;137151.002;137151.002;137151.002;137151.002;137151.002;137151.002;137151.002;137151.002;137151.002;137151.002;137151.002;137151.002;137151.002;137151.002;137151.002;137151.002;137151.002;137151.002;137151.002;137151.002;137151.002;137151.002;137151.002;137151.002;137563.715;137563.715;137563.715;137563.715;137563.715;137563.715;137563.715;137563.715;137563.715;137980.823;137980.823;137980.823;137980.823;137980.823;137980.823;137980.823;137980.823;137980.823;137980.823;137980.823;137980.823;138167.419;138167.419;138167.419;138173.567;138173.567;138272.313;138272.313;138786.539;138786.539;138786.539;138786.539;138786.539;138786.539;138786.539;138786.539;138786.539;138786.539;138786.539;138786.539;138786.539;138786.539;138786.539;138786.539;138786.539;138786.539;138788.132;138788.132;138788.132;138893.933;138893.933;138893.933;138995.823;138995.823;138995.823;139013.326;139013.326;139020.970;139052.723;139052.723;139054.904;139055.650;139086.467;139123.021;139123.021;139123.558;139123.558;139123.687;139123.687;139124.913;139132.044;139132.044;139132.710;139132.710;139134.107;139136.102;139139.267;139139.267;139154.626;139159.151;139159.151;139161.711;139162.850;139166.613;139167.543;139169.446;139169.446;139170.768;139170.939;139172.889;139172.889;139172.889;139172.889;139173.501;139174.140;139174.140;139174.752;139175.467;139175.467;139175.625;139175.873;139175.873;139176.068;139176.245;139176.997;139177.101;139177.621;139177.727;139177.869;139177.955;139178.259;139178.350;139178.414;139178.563;139178.609;139178.670;139178.670;139178.709;139178.771;139178.771;139179.034;139179.060;139179.060;139179.078;139179.087;139179.186;139179.202;139179.213;139179.213;139179.221;139179.246;139179.246;139179.251;139179.253;139179.259;139179.274;139179.277;139179.338;139179.340;139179.342;139179.374;139179.375;139179.375;139179.392;139179.393;139179.394;139179.418;139179.418;139179.418,134
LXREP,1,1000,10,11,6030,random,6030,139406.2347102863,140457.3736973483,1051.138987061975,True,378.7822326864058,2.04090764700004,-223.610 -403.982;303.615 -270.945;-176.561 273.633;540.346 101.569;-518.918 -43.215;-972.374 137.102;76.552 555.430;319.009 936.175;-707.022 458.222;99.083 -802.682,nan;nan;nan;nan;nan;nan;nan;nan;nan;nan;nan;nan;nan;nan;nan;nan;nan;nan;nan;nan;nan;nan;136530.989;136530.989;136530.989;136530.989;136530.989;136530.989;136530.989;136530.989;136530.989;136530.989;136530.989;136530.989;136530.989;136530.989;136530.989;136530.989;136530.989;136530.989;136530.989;136530.989;136530.989;136530.989;136530.989;136530.989;136530.989;136530.989;136530.989;136530.989;136530.989;136530.989;136530.989;136530.989;136530.989;136899.483;136899.483;136899.483;136899.483;136899.483;136899.483;136899.483;136899.483;136957.282;136957.282;136957.282;136957.282;136957.282;136974.177;136974.177;136974.177;136974.177;136974.177;137030.337;137036.891;137036.891;137036.891;137036.891;137036.891;137059.625;137059.625;137059.625;137059.625;137059.625;137059.625;137059.625;137059.625;137059.625;137059.625;137354.673;137821.592;137821.592;137821.592;137845.750;137866.481;137866.481;137893.007;137913.843;137913.843;138281.221;138808.830;138808.830;138808.830;139178.368;139178.368;139204.280;139206.616;139206.616;139206.616;139228.886;139243.318;139243.318;139288.655;139288.655;139288.655;139290.030;139290.030;139290.079;139290.079;139297.217;139298.422;139298.908;139299.011;139303.725;139304.724;139338.686;139341.533;139351.533;139352.546;139353.074;139353.638;139357.815;139359.383;139360.039;139361.724;139361.836;139362.240;139363.397;139364.054;139364.781;139365.525;139369.564;139370.093;139370.351;139371.053;139371.167;139371.509;139371.846;139372.661;139375.767;139375.773;139376.014;139376.849;139377.066;139379.394;139383.502;139383.637;139384.930;139385.028;139385.128;139395.278;139404.955;139405.000;139405.042;139405.079;139405.106;139405.191;139405.215;139405.235;139405.365;139405.733;139405.757;139405.768;139405.781;139405.892;139405.898;139405.910;139405.999;139406.006;139406.010;139406.015;139406.024;139406.091;139406.093;139406.095;139406.102;139406.103;139406.170;139406.171;139406.172;139406.189;139406.199;139406.200;139406.200;139406.201;139406.206;139406.206;139406.206;139406.207;139406.235;139406.235,200
LXREP,1,1000,10,23,6030,random,6030,139371.14664179797,140457.3736973483,1086.22705555032,True,351.62021270831696,2.122779080999976,-925.348 199.017;-351.014 858.263;300.396 -638.265;-75.677 426.890;-187.585 -981.661;457.500 -212.415;-436.507 -201.912;-716.428 -608.558;659.293 75.537;309.207 302.404,nan;nan;nan;nan;nan;nan;nan;nan;nan;nan;nan;nan;nan;nan;nan;nan;nan;nan;nan;nan;nan;nan;nan;nan;nan;nan;nan;nan;nan;nan;nan;nan;nan;nan;nan;nan;nan;nan;nan;nan;nan;nan;nan;nan;nan;nan;nan;nan;nan;136426.958;136426.958;136426.958;136426.958;136426.958;136426.958;136426.958;136426.958;136426.958;136426.958;136426.958;136426.958;136426.958;136426.958;136426.958;136426.958;136426.958;136426.958;136426.958;137580.482;137580.482;137580.482;137669.563;137669.563;137669.563;137669.563;137669.563;138229.388;138229.388;139134.029;139134.029;139134.029;139134.029;139134.029;139134.029;139134.029;139134.029;139134.029;139134.029;139134.029;139134.029;139150.152;139255.230;139255.230;139255.230;139255.230;139255.230;139255.230;139255.230;139255.230;139255.230;139255.230;139255.230;139255.230;139255.230;139255.230;139255.230;139255.230;139255.230;139282.098;139282.098;139282.098;139282.098;139282.098;139282.098;139282.098;139282.098;139307.972;139307.972;139307.972;139335.506;139335.506;139339.763;139339.763;139341.131;139341.131;139341.345;139343.373;139344.299;139344.807;139345.725;139345.725;139347.897;139348.716;139350.349;139351.536;139352.658;139353.660;139354.351;139354.995;139355.527;139356.081;139356.610;139356.919;139357.042;139357.329;139357.773;139358.872;139359.047;139359.318;139359.598;139359.804;139360.968;139361.018;139361.148;139364.794;139365.102;139365.163;139365.219;139365.745;139367.052;139367.131;139367.175;139368.009;139368.029;139368.062;139368.107;139368.136;139368.186;139368.419;139368.667;139368.794;139368.797;139369.322;139369.415;139369.423;139369.455;139369.474;139369.481;139369.517;139369.521;139369.524;139369.527;139369.530;139369.532;139369.534;139369.535;139369.536;139369.568;139369.568;139369.569;139369.570;139369.585;139369.585;139369.636;139369.854;139370.421;139370.421;139371.068;139371.146;139371.146;139371.147,200
LXU,1,1000,10,5,6030,random,6030,139810.08004822666,140457.3736973483,647.2936491216242,True,338.38788434124376,1.944147869999938,-9.771 599.561;448.481 174.646;629.816 647.787;-479.624 460.823;208.567 858.085;221.423 -257.343;920.895 -339.159;-843.256 393.764;-208.403 29.020;-449.569 -766.303,nan;nan;nan;nan;nan;nan;nan;nan;nan;nan;nan;nan;nan;nan;nan;nan;nan;134763.025;134763.025;134763.025;134763.025;134763.025;134763.025;136825.287;136825.287;137226.619;137226.619;137226.619;137226.619;137226.619;137226.619;137226.619;137226.619;137226.619;137226.619;137226.619;137226.619;137226.619;137226.619;137226.619;137226.619;137226.619;137226.619;137226.619;137226.619;137226.619;137226.619;137230.983;137230.983;137237.760;137237.760;137237.760;137237.760;137245.809;137245.809;137245.809;137245.809;137245.809;137245.809;137245.809;137245.809;137263.434;137263.434;137326.011;137326.011;137326.011;137326.011;137326.011;137326.011;138108.078;138108.078;138819.283;138819.283;139123.904;139123.904;139123.904;139123.904;139128.124;139128.124;139130.850;139130.850;139722.238;139722.238;139722.598;139722.598;139722.598;139722.598;139742.301;139742.301;139742.301;139742.301;139742.301;139742.301;139742.814;139742.814;139742.814;139742.814;139748.773;139748.773;139750.501;139750.501;139780.291;139780.291;139804.456;139804.456;139804.456;139804.456;139804.456;139804.456;139804.456;139804.456;139804.900;139804.900;139804.900;139804.900;139804.900;139804.900;139805.019;139805.019;139805.019;139805.019;139805.019;139805.019;139805.019;139805.019;139805.026;139805.352;139805.449;139805.449;139805.656;139805.656;139806.174;139806.174;139806.191;139806.466;139806.524;139807.002;139807.002;139807.187;139807.187;139807.523;139807.549;139807.717;139807.992;139807.992;139808.268;139808.268;139808.431;139808.431;139808.728;139808.728;139809.027;139809.027;139809.090;139809.090;139809.090;139809.142;139809.179;139809.179;139809.179;139809.200;139809.239;139809.239;139809.258;139809.271;139809.342;139809.342;139809.466;139809.466;139809.527;139809.527;139809.627;139809.627;139809.798;139809.798;139809.948;139809.948;139810.020;139810.020;139810.020;139810.024;139810.027;139810.027;139810.031;139810.031;139810.034;139810.034;139810.069;139810.069;139810.072;139810.072;139810.076;139810.076;139810.077;139810.077;139810.078;139810.078;139810.080;139810.080;139810.080;139810.080,100
LXU,1,1000,10,17,6030,random,6030,139394.4642212253,140457.3736973483,1062.9094761229935,True,310.2910713929452,2.1117083340000136,876.107 223.629;-8.288 999.950;-10.518 -219.233;-503.756 -245.370;-721.341 584.045;-880.496 -312.959;542.101 -88.420;-313.492 943.994;369.361 543.931;-336.074 236.913,nan;nan;nan;136416.309;136416.309;136416.309;136416.309;136597.156;136597.156;136597.156;136597.156;137144.053;137144.053;137144.053;137144.053;137144.053;137144.053;137144.053;137144.053;137144.053;137144.053;137144.053;137144.053;137144.053;137144.053;137144.053;137144.053;137144.053;137144.053;137144.053;137144.053;137144.053;137144.053;137144.053;137144.053;137144.053;137144.053;137144.053;137144.053;137144.053;137144.053;137144.053;137144.053;137144.053;137144.053;137605.620;137605.620;137605.620;137605.620;137605.620;137605.620;137605.620;137605.620;137836.747;137836.747;137836.747;137836.747;137836.747;137836.747;137851.831;137851.831;137851.831;137851.831;138090.551;138090.551;138091.350;138091.350;138721.815;138721.815;138722.206;138722.206;138722.206;138722.206;138722.206;138722.206;138809.624;138809.624;138809.624;138809.624;138809.624;138809.624;138809.624;138809.624;138809.624;138809.624;138809.959;138809.959;138809.959;138809.959;139192.242;139192.242;139192.242;139192.242;139192.242;139192.242;139238.085;139238.085;139238.085;139238.085;139238.085;139238.085;139238.085;139238.085;139238.085;139238.085;139260.688;139260.688;139260.688;139269.367;139335.151;139335.151;139335.151;139335.151;139342.260;139342.260;139367.458;139367.458;139367.921;139367.921;139375.775;139375.775;139376.931;139380.462;139380.831;139380.831;139381.614;139382.434;139383.345;139383.345;139383.352;139385.539;139386.798;139386.866;139387.910;139387.910;139388.075;139388.691;139388.871;139389.001;139389.631;139389.631;139390.382;139390.382;139390.433;139390.848;139390.848;139391.046;139391.199;139391.317;139391.468;139391.536;139392.095;139392.095;139392.545;139392.545;139392.545;139392.667;139392.667;139392.748;139392.752;139392.784;139392.784;139392.829;139392.891;139392.891;139392.923;139392.923;139392.965;139392.965;139393.085;139393.085;139393.085;139393.091;139393.101;139393.101;139393.101;139393.109;139393.120;139393.120;139393.149;139393.149;139393.215;139393.215;139393.314;139393.314;139393.443;139393.443;139393.589;139393.589;139393.878;139393.878;139394.076;139394.076;139394.202;139394.202;139394.333;139394.333;139394.382;139394.382;139394.464;139394.464,100
LXU,1,1000,10,29,6030,random,6030,138520.57652822102,140457.3736973483,1936.7971691272687,True,344.8646069750497,1.942174270999999,-221.075 -259.107;-330.277 436.825;825.514 -564.380;-531.772 -600.611;393.323 -864.385;-15.901 207.339;181.871 622.449;183.749 -184.245;441.996 848.869;-0.115 -786.018,nan;nan;nan;nan;nan;nan;nan;nan;nan;nan;nan;nan;nan;nan;nan;nan;nan;nan;nan;nan;nan;136572.625;136572.625;136572.625;136572.625;136572.625;136572.625;136572.625;136572.625;136572.625;136572.625;136830.597;136830.597;136830.597;136830.597;136830.597;136830.597;136830.597;136830.597;137116.480;137116.480;137116.480;137116.480;137116.480;137116.480;137116.480;137116.480;137329.487;137329.487;137329.487;137329.487;137329.487;137329.487;137329.487;137329.487;137517.295;137517.295;137517.295;137517.295;137517.295;137517.295;137802.314;137802.314;137802.314;137802.314;137802.314;137802.314;137802.314;137802.314;137802.314;137802.314;137802.314;137802.314;137802.314;137802.314;137960.155;137960.155;138184.321;138184.321;138184.321;138184.321;138184.321;138184.321;138198.040;138198.040;138198.040;138198.040;138217.469;138217.469;138222.893;138222.893;138298.828;138298.828;138299.012;138299.012;138299.012;138299.012;138299.012;138299.012;138299.012;138299.012;138299.012;138299.012;138299.012;138299.012;138332.427;138332.427;138377.360;138377.360;138377.360;138377.360;138452.095;138452.095;138452.931;138452.931;138464.004;138464.004;138465.889;138465.889;138467.791;138467.791;138469.218;138475.644;138479.560;138479.560;138490.353;138490.353;138490.413;138490.413;138490.413;138493.969;138493.969;138499.087;138499.087;138499.571;138505.577;138505.577;138505.577;138506.588;138510.063;138510.063;138510.859;138511.612;138511.715;138512.261;138512.261;138512.838;138513.164;138513.482;138514.418;138514.418;138515.440;138515.440;138516.663;138516.663;138517.691;138517.691;138519.603;138519.603;138519.603;138519.658;138519.658;138519.658;138519.722;138519.736;138519.747;138519.781;138519.802;138519.843;138520.405;138520.405;138520.405;138520.423;138520.423;138520.442;138520.449;138520.459;138520.485;138520.485;138520.485;138520.488;138520.488;138520.495;138520.500;138520.502;138520.511;138520.511;138520.531;138520.531;138520.555;138520.555;138520.571;138520.571;138520.571;138520.573;138520.576;138520.576;138520.576;138520.576;138520.576;138520.577,100
LXC025,1,1000,10,11,6030,random,6030,139532.106277802,140457.3736973483,925.2674195462896,True,371.69336660145035,2.123472450999998,-612.400 39.087;231.277 65.158;859.523 -401.308;-80.417 -861.752;-790.104 593.669;-878.961 -476.879;44.448 476.427;658.826 35.610;228.497 863.346;-375.169 -247.055,nan;nan;nan;nan;nan;nan;nan;nan;nan;nan;nan;nan;nan;nan;nan;nan;nan;nan;nan;nan;nan;nan;nan;nan;nan;nan;nan;nan;nan;134726.647;134726.647;134726.647;134726.647;137147.004;137147.004;137147.004;137147.004;137147.004;137147.004;137147.004;137147.004;137147.004;137147.004;137147.004;137147.004;137147.004;137147.004;137147.004;137147.004;137612.483;137612.483;137612.483;137612.483;137612.483;137612.483;137612.483;137612.483;137744.311;137744.311;137744.311;137744.311;137812.937;137812.937;137812.937;137812.937;137812.937;137812.937;137812.937;137812.937;137812.937;137812.937;137812.937;137812.937;137812.937;137812.937;137812.937;137812.937;137812.937;137812.937;137812.937;137812.937;139441.579;139441.579;139441.579;139441.579;139441.579;139441.579;139441.579;139441.579;139441.579;139441.579;139441.579;139441.579;139441.579;139441.579;139441.579;139441.579;139441.579;139441.579;139441.579;139441.579;139441.579;139441.579;139441.579;139441.579;139441.579;139441.579;139441.579;139490.992;139500.705;139500.705;139503.739;139503.739;139503.739;139518.531;139521.948;139521.948;139521.948;139521.948;139521.948;139522.229;139522.891;139522.891;139522.891;139525.943;139525.943;139526.232;139526.232;139527.807;139527.807;139528.331;139528.331;139529.285;139529.285;139530.191;139530.191;139530.356;139530.356;139530.566;139530.566;139530.918;139530.918;139531.166;139531.166;139531.218;139531.218;139531.309;139531.309;139531.395;139531.395;139531.542;139531.542;139531.714;139531.714;139531.788;139531.788;139531.882;139531.882;139531.929;139531.929;139531.976;139531.976;139531.985;139532.003;139532.029;139532.029;139532.048;139532.048;139532.061;139532.061;139532.075;139532.075;139532.082;139532.082;139532.088;139532.088;139532.093;139532.093;139532.096;139532.096;139532.099;139532.099;139532.101;139532.101;139532.102;139532.102;139532.103;139532.103;139532.104;139532.104;139532.104;139532.104;139532.105;139532.105;139532.106;139532.106;139532.106;139532.106;139532.106;139532.106;139532.106,100
LXC025,1,1000,10,23,6030,random,6030,139428.50384475008,140457.3736973483,1028.8698525982036,True,359.6773352473062,2.0646827410000697,-707.594 -486.859;267.579 -682.214;-303.311 688.181;-19.530 999.809;-527.126 -70.977;259.696 492.260;564.407 -411.153;587.978 796.509;-284.228 -889.678;-1.993 -444.099,nan;nan;nan;nan;nan;nan;nan;nan;nan;nan;nan;nan;nan;nan;nan;nan;nan;nan;nan;nan;nan;nan;nan;nan;nan;132722.873;132722.873;132722.873;132722.873;132722.873;132722.873;132722.873;132722.873;132722.873;132722.873;134217.863;134217.863;134217.863;134217.863;137255.954;137255.954;137255.954;137255.954;137255.954;137255.954;137255.954;137255.954;137255.954;137255.954;137255.954;137255.954;137255.954;137255.954;137255.954;137255.954;137255.954;137255.954;137478.768;137478.768;137478.768;137478.768;137478.768;137478.768;137478.768;137478.768;137478.768;137478.768;137478.768;137478.768;137701.601;137701.601;137701.601;137701.601;137863.363;137863.363;137863.363;137863.363;137863.363;137863.363;137863.363;137863.363;137863.363;137863.363;137863.363;137863.363;138068.533;138068.533;138068.533;138068.533;138068.533;138202.763;138202.763;138581.958;138581.958;138712.570;138712.570;138801.336;138801.336;139009.467;139041.937;139041.937;139191.058;139191.058;139191.058;139329.054;139404.631;139404.631;139404.631;139404.631;139404.631;139404.631;139404.631;139404.631;139404.631;139404.631;139404.752;139404.752;139405.063;139407.181;139407.181;139416.524;139416.535;139418.516;139419.508;139420.503;139420.569;139422.735;139422.735;139423.221;139423.221;139424.115;139424.115;139424.789;139425.140;139425.435;139425.435;139426.135;139426.135;139426.287;139426.287;139426.821;139426.821;139427.138;139427.138;139427.404;139427.404;139427.590;139427.590;139427.765;139427.787;139427.866;139427.866;139427.897;139427.897;139428.124;139428.124;139428.192;139428.192;139428.278;139428.278;139428.318;139428.375;139428.375;139428.375;139428.408;139428.408;139428.408;139428.420;139428.420;139428.456;139428.456;139428.456;139428.472;139428.472;139428.479;139428.488;139428.488;139428.488;139428.491;139428.495;139428.495;139428.495;139428.498;139428.498;139428.499;139428.499;139428.501;139428.501;139428.501;139428.501;139428.502;139428.502;139428.503;139428.503;139428.503;139428.503;139428.504;139428.504;139428.504;139428.504;139428.504,100
LXC05,1,1000,10,5,6030,random,6030,139753.85898459808,140457.3736973483,703.5147127502132,True,364.27666791756144,2.1112384219999285,460.071 -754.745;-142.842 -871.393;-490.233 102.958;445.217 542.608;94.460 -277.764;-196.014 909.834;-853.053 70.416;-609.762 -734.148;916.369 -275.488;232.822 122.078,nan;nan;nan;nan;nan;nan;nan;nan;nan;nan;nan;nan;nan;nan;nan;nan;nan;nan;nan;nan;nan;nan;nan;nan;nan;nan;nan;nan;nan;nan;nan;134430.992;134430.992;134430.992;134430.992;134430.992;134430.992;134430.992;134430.992;134430.992;134430.992;134430.992;134430.992;134430.992;134430.992;134430.992;134430.992;134430.992;134430.992;134430.992;134430.992;136279.902;136279.902;136279.902;136279.902;136279.902;136279.902;136279.902;136279.902;138011.431;138011.431;138011.431;138011.431;138011.431;138011.431;138132.547;138132.547;138354.170;138354.170;138354.170;138354.170;138354.170;138354.170;138595.108;138595.108;138595.108;138595.108;139040.432;139040.432;139040.432;139040.432;139040.432;139040.432;139040.432;139040.432;139040.432;139040.432;139040.432;139040.432;139064.087;139064.087;139069.667;139089.591;139210.392;139344.180;139344.180;139652.110;139652.157;139652.157;139652.157;139652.157;139652.157;139652.157;139652.157;139652.157;139652.222;139661.979;139661.979;139661.979;139661.979;139675.440;139675.440;139708.648;139708.648;139708.648;139708.930;139721.436;139721.436;139721.436;139721.436;139724.492;139724.492;139724.957;139726.283;139737.521;139737.521;139738.814;139739.349;139739.682;139739.682;139741.049;139742.503;139742.503;139743.896;139743.896;139743.896;139744.197;139744.197;139744.457;139744.581;139744.638;139744.638;139744.969;139744.991;139752.327;139752.371;139752.489;139752.553;139752.696;139752.696;139752.769;139752.793;139752.897;139753.043;139753.043;139753.103;139753.103;139753.164;139753.164;139753.164;139753.210;139753.326;139753.326;139753.326;139753.337;139753.395;139753.395;139753.474;139753.474;139753.474;139753.489;139753.504;139753.504;139753.511;139753.511;139753.683;139753.683;139753.683;139753.686;139753.703;139753.703;139753.707;139753.707;139753.818;139753.818;139753.818;139753.820;139753.820;139753.821;139753.843;139753.843;139753.843;139753.843;139753.854;139753.854;139753.859;139753.859;139753.859;139753.859;139753.859;139753.859,100
LXC05,1,1000,10,17,6030,random,6030,138678.1083986922,140457.3736973483,1779.2652986561006,True,365.9408932209879,1.9915840500000286,949.379 -191.757;-127.927 45.003;-449.502 596.682;-204.453 -777.724;187.514 322.800;527.446 -848.031;-493.858 42.297;-61.482 722.266;-687.501 -671.604;560.490 820.012,nan;nan;nan;nan;nan;nan;nan;nan;nan;nan;nan;135500.411;135500.411;135500.411;135500.411;135500.411;135500.411;135500.411;135500.411;135500.411;135500.411;135500.411;135500.411;135500.411;135500.411;135500.411;135500.411;138046.449;138046.449;138046.449;138046.449;138046.449;138046.449;138046.449;138046.449;138046.449;138046.449;138046.449;138046.449;138046.449;138046.449;138046.449;138046.449;138046.449;138046.449;138046.449;138046.449;138126.317;138126.317;138165.639;138165.639;138165.639;138165.639;138165.639;138165.639;138165.639;138165.639;138165.639;138165.639;138165.639;138165.639;138165.639;138165.639;138175.988;138175.988;138399.729;138399.729;138399.770;138399.770;138399.770;138399.770;138399.770;138399.770;138399.770;138399.770;138401.132;138401.132;138401.132;138401.132;138415.013;138415.013;138415.013;138415.013;138415.013;138415.013;138415.013;138415.013;138415.013;138415.013;138415.013;138415.013;138415.013;138415.013;138415.013;138415.013;138415.013;138415.013;138416.471;138416.471;138434.999;138434.999;138434.999;138581.032;138581.032;138581.032;138583.116;138583.116;138587.079;138587.079;138587.079;138587.079;138587.079;138587.079;138593.092;138593.092;138593.092;138608.689;138608.689;138612.012;138612.262;138617.221;138617.221;138625.847;138625.847;138626.506;138629.573;138629.573;138630.678;138635.102;138635.102;138638.666;138651.630;138651.630;138651.630;138652.909;138652.963;138654.985;138654.985;138657.478;138657.478;138659.290;138659.290;138659.528;138659.528;138659.836;138660.617;138660.617;138660.617;138661.206;138661.206;138661.553;138662.109;138662.109;138663.036;138663.036;138663.655;138663.655;138664.618;138664.618;138664.618;138664.730;138664.730;138664.843;138665.349;138665.349;138665.349;138665.403;138665.812;138665.812;138667.533;138667.533;138668.043;138668.043;138668.831;138668.831;138668.831;138668.851;138669.230;138669.230;138669.580;138669.580;138670.368;138670.368;138672.799;138672.799;138673.566;138673.566;138673.766;138673.766;138675.157;138675.157;138675.157;138675.158;138676.629;138676.629;138678.090;138678.090;138678.090;138678.090;138678.108;138678.108,100
LXC05,1,1000,10,29,6030,random,6030,139669.51117074277,140457.3736973483,787.8625266055169,True,411.8279528175088,2.08566146499993,-118.496 775.598;-263.708 285.984;493.209 -742.878;-530.036 790.984;78.570 -935.710;910.899 154.518;255.604 -402.244;-879.147 186.573;-530.430 -329.889;483.597 432.863,nan;nan;nan;nan;nan;nan;nan;nan;nan;nan;nan;nan;nan;nan;nan;nan;nan;nan;nan;nan;nan;nan;nan;nan;nan;nan;nan;nan;nan;nan;nan;nan;nan;nan;nan;nan;nan;nan;nan;nan;nan;nan;nan;nan;nan;nan;nan;nan;nan;nan;nan;nan;nan;nan;nan;nan;nan;nan;nan;nan;nan;nan;nan;136762.513;136762.513;137189.119;137189.119;137870.583;137870.583;137870.583;137870.583;138236.445;138236.445;138564.545;138564.545;139220.537;139220.537;139388.884;139388.884;139388.884;139388.884;139457.148;139457.148;139492.025;139492.025;139492.025;139492.025;139492.025;139492.025;139492.025;139492.025;139492.025;139492.025;139492.025;139492.025;139492.025;139496.970;139562.547;139562.547;139564.033;139564.033;139567.760;139567.760;139568.193;139568.193;139581.695;139581.695;139581.695;139588.180;139588.180;139601.966;139610.170;139610.170;139610.170;139617.067;139617.067;139625.199;139625.199;139630.752;139631.615;139634.414;139634.414;139638.016;139639.863;139664.862;139664.862;139664.862;139665.094;139665.094;139665.189;139665.189;139665.227;139665.885;139665.904;139665.904;139665.976;139666.694;139666.694;139667.016;139667.157;139667.359;139667.402;139667.424;139667.576;139667.765;139667.951;139667.955;139668.647;139668.647;139668.647;139668.802;139668.802;139668.924;139668.924;139669.009;139669.009;139669.072;139669.072;139669.115;139669.176;139669.176;139669.176;139669.205;139669.210;139669.235;139669.235;139669.246;139669.246;139669.261;139669.265;139669.271;139669.384;139669.384;139669.384;139669.393;139669.393;139669.395;139669.409;139669.409;139669.455;139669.455;139669.456;139669.456;139669.456;139669.457;139669.473;139669.473;139669.482;139669.482;139669.490;139669.490;139669.507;139669.507;139669.507;139669.507;139669.507;139669.508;139669.511;139669.511;139669.511;139669.511,100
LXC2,1,1000,10,11,6030,random,6030,138896.76467861334,140457.3736973483,1560.6090187349473,True,312.8993928859674,1.9999778630000264,-869.707 430.469;460.471 530.070;555.948 -364.452;27.904 567.068;186.264 108.301;-860.052 -488.844;394.347 -694.876;565.287 824.892;-83.998 -458.376;-294.224 -144.800,nan;132540.629;132540.629;132540.629;132540.629;132540.629;132540.629;132540.629;132540.629;132540.629;132540.629;132540.629;132540.629;135804.739;135804.739;135804.739;135804.739;135804.739;135804.739;135804.739;135804.739;135804.739;135804.739;135804.739;135804.739;135804.739;135804.739;135804.739;135804.739;135804.739;135804.739;135804.739;135804.739;135804.739;135804.739;135804.739;135804.739;136329.373;136329.373;136329.373;136329.373;136329.373;136329.373;136329.373;136329.373;136329.373;136329.373;136329.373;136329.373;137862.984;137862.984;137862.984;137862.984;137862.984;137862.984;137862.984;137862.984;137862.984;137862.984;137862.984;137862.984;137862.984;137862.984;137862.984;137862.984;137862.984;137862.984;137862.984;137862.984;137862.984;137862.984;137862.984;137862.984;137862.984;137862.984;137862.984;137862.984;137862.984;137862.984;137947.758;137947.758;137947.758;137947.758;138067.492;138067.492;138347.279;138347.279;138347.279;138347.279;138370.310;138370.310;138379.945;138379.945;138379.945;138379.945;138379.945;138410.879;138492.488;138492.488;138492.488;138492.488;138492.490;138492.490;138492.490;138697.878;138697.878;138697.878;138697.944;138697.944;138757.970;138757.970;138757.970;138757.970;138758.372;138799.778;138799.778;138799.778;138806.521;138821.012;138821.012;138821.012;138841.897;138841.897;138842.339;138852.866;138852.993;138858.246;138858.246;138869.669;138869.669;138869.669;138870.466;138872.180;138874.505;138874.505;138874.505;138876.219;138876.852;138877.745;138877.745;138878.878;138878.878;138878.878;138879.312;138879.312;138879.400;138879.449;138880.657;138880.657;138892.256;138892.256;138892.256;138892.505;138892.937;138892.937;138893.435;138893.435;138893.811;138893.811;138893.811;138893.919;138893.967;138893.967;138893.967;138894.046;138894.182;138894.182;138894.182;138894.238;138894.337;138894.337;138894.598;138894.598;138895.621;138895.621;138895.988;138895.988;138895.988;138895.999;138896.501;138896.501;138896.644;138896.644;138896.699;138896.699;138896.711;138896.711;138896.756;138896.756;138896.756;138896.759;138896.759;138896.760;138896.760;138896.761;138896.761;138896.761;138896.764;138896.764;138896.764;138896.765,100
LXC2,1,1000,10,23,6030,random,6030,139250.79397789342,140457.3736973483,1206.579719454865,True,352.5511609706256,2.123574860999952,-46.855 -375.686;463.480 -201.594;-895.113 445.840;-683.369 111.661;171.124 362.845;682.661 450.245;-348.380 221.544;-893.556 -322.265;-690.294 -717.368;-510.787 743.672,nan;nan;nan;nan;nan;nan;nan;nan;nan;nan;nan;nan;nan;nan;nan;nan;nan;nan;nan;nan;nan;nan;nan;nan;nan;nan;nan;nan;nan;nan;nan;nan;nan;nan;nan;nan;nan;nan;nan;nan;nan;nan;nan;nan;nan;nan;nan;nan;nan;nan;nan;136378.054;136378.054;136379.400;136379.400;136379.400;136379.400;136379.400;136379.400;138114.483;138114.483;138114.483;138114.483;138114.483;138114.483;138114.483;138114.483;138114.483;138114.483;138114.483;138114.483;138114.483;138114.483;138114.483;138114.483;138114.483;138114.483;138114.483;138114.483;138274.972;138274.972;138281.296;138281.296;138281.296;138281.296;138281.296;138281.296;138289.590;138289.590;138441.300;138441.300;138441.300;138441.300;138803.250;138803.250;138803.250;138806.382;139054.202;139054.202;139054.202;139153.442;139157.839;139157.839;139198.718;139198.718;139208.727;139208.727;139208.727;139208.727;139208.727;139208.727;139236.010;139236.010;139236.010;139236.010;139236.151;139236.151;139236.156;139236.156;139236.410;139236.410;139238.442;139238.442;139238.442;139238.442;139238.840;139238.840;139239.708;139242.433;139242.963;139242.970;139242.970;139244.911;139244.911;139244.911;139245.352;139245.855;139245.935;139245.935;139246.191;139246.191;139246.196;139246.702;139247.556;139247.556;139247.932;139248.050;139248.050;139248.233;139249.002;139249.002;139249.371;139249.371;139249.371;139249.476;139249.567;139249.567;139249.571;139249.644;139249.644;139249.708;139250.115;139250.115;139250.296;139250.296;139250.362;139250.362;139250.578;139250.578;139250.578;139250.594;139250.594;139250.608;139250.632;139250.632;139250.680;139250.680;139250.766;139250.766;139250.766;139250.772;139250.775;139250.775;139250.787;139250.787;139250.787;139250.788;139250.791;139250.791;139250.792;139250.792;139250.792;139250.793;139250.793;139250.793;139250.793;139250.794;139250.794;139250.794;139250.794;139250.794,100
LXNR,1,500,10,5,6030,random,6030,128150.09497228883,140457.3736973483,12307.278725059456,False,295.14759918530274,2.203827550000028,-231.382 14.481;372.757 240.525;-259.480 -365.745;67.570 -460.529;7.782 197.442;-477.427 -148.534;-8.282 499.919;-375.815 286.912;324.000 -277.380;49.682 -106.646,nan;nan;nan;nan;nan;nan;nan;nan;nan;nan;nan;nan;nan;nan;nan;nan;nan;nan;nan;nan;nan;nan;nan;nan;nan;nan;nan;nan;nan;nan;nan;nan;nan;nan;nan;nan;nan;nan;nan;nan;nan;nan;nan;nan;nan;nan;nan;nan;nan;nan;nan;nan;nan;nan;nan;nan;nan;nan;nan;nan;nan;nan;nan;nan;nan;nan;nan;nan;nan;nan;nan;nan;nan;nan;nan;nan;nan;nan;nan;nan;nan;nan;nan;nan;nan;nan;nan;nan;nan;nan;nan;nan;nan;nan;nan;nan;nan;nan;nan;nan;nan;nan;nan;nan;nan;nan;nan;nan;nan;nan;nan;nan;nan;nan;nan;nan;nan;nan;nan;nan;nan;nan;nan;nan;nan;nan;nan;nan;nan;nan;nan;nan;nan;nan;nan;nan;nan;nan;nan;nan;nan;nan;nan;nan;nan;nan;nan;nan;nan;nan;nan;nan;nan;nan;nan;nan;nan;nan;nan;nan;nan;nan;nan;nan;nan;nan;nan;nan;nan;nan;nan;nan;nan;nan;nan;nan;nan;nan;nan;nan;nan;nan;nan;nan;nan;nan;nan;nan;nan;nan;nan;nan;nan;nan;nan;nan;nan;nan;nan;nan;nan,134
LXNR,1,500,10,17,6030,random,6030,133455.29332283614,140457.3736973483,7002.080374512152,True,308.6439086627412,2.2879649139999856,274.289 -332.847;-120.208 149.157;430.784 19.978;263.875 362.024;-262.140 -265.107;-46.132 -493.259;-438.305 50.963;-41.589 462.676;30.410 -123.860;-339.750 366.096,nan;nan;nan;nan;nan;nan;nan;nan;nan;nan;nan;nan;nan;nan;nan;nan;nan;nan;nan;nan;nan;nan;nan;nan;nan;nan;nan;nan;nan;nan;nan;nan;nan;nan;nan;nan;nan;nan;nan;nan;nan;nan;nan;nan;nan;nan;nan;nan;nan;nan;nan;nan;nan;nan;nan;nan;nan;nan;nan;nan;nan;nan;nan;nan;nan;nan;nan;nan;nan;nan;nan;nan;nan;nan;nan;nan;nan;nan;nan;nan;nan;nan;nan;nan;nan;nan;nan;nan;nan;nan;nan;nan;nan;nan;nan;nan;nan;nan;nan;nan;nan;nan;nan;132999.572;132999.572;132999.572;132999.572;132999.572;132999.572;133041.701;133041.701;133041.701;133129.318;133129.318;133157.646;133157.646;133157.646;133157.646;133202.138;133237.333;133237.333;133260.119;133278.763;133291.795;133298.474;133303.355;133303.355;133315.421;133322.009;133326.188;133333.553;133336.840;133336.840;133345.426;133348.556;133348.942;133352.282;133353.286;133353.286;133354.141;133365.545;133373.560;133420.195;133420.816;133420.816;133422.700;133423.687;133426.095;133426.951;133434.445;133439.162;133440.113;133444.691;133444.691;133445.154;133445.387;133445.387;133445.763;133446.140;133446.140;133446.480;133446.765;133447.391;133448.447;133448.642;133448.642;133448.732;133448.825;133448.825;133448.918;133449.003;133449.003;133449.027;133449.410;133450.050;133450.950;133450.983;133451.229;133453.366;133453.379;133453.379;133453.956;133453.976;133453.976;133454.369;133454.378;133455.118;133455.127;133455.130;133455.130;133455.172;133455.175;133455.175;133455.236;133455.238;133455.238;133455.291;133455.292;133455.292;133455.292;133455.293,134
LXNR,1,500,10,29,6030,random,6030,131848.78136122026,140457.3736973483,8608.59233612803,False,276.9187333555652,2.165669487999935,-215.576 -281.969;-116.944 44.433;75.714 -356.832;159.550 -37.984;-408.827 -10.376;436.302 236.888;443.037 -138.640;-295.084 403.643;-22.232 321.658;224.928 446.541,nan;nan;nan;nan;nan;nan;nan;nan;nan;nan;nan;nan;nan;nan;nan;nan;nan;nan;nan;nan;nan;nan;nan;nan;nan;nan;nan;nan;nan;nan;nan;nan;nan;nan;nan;nan;nan;nan;nan;nan;nan;nan;nan;nan;nan;nan;nan;nan;nan;nan;nan;nan;nan;nan;nan;nan;nan;nan;nan;nan;nan;nan;nan;nan;nan;nan;nan;nan;nan;nan;nan;nan;nan;nan;nan;nan;nan;nan;nan;nan;nan;nan;nan;nan;nan;nan;nan;nan;nan;nan;nan;nan;nan;nan;nan;nan;nan;nan;nan;nan;nan;nan;nan;nan;nan;nan;nan;nan;nan;nan;nan;nan;nan;nan;nan;nan;nan;nan;nan;nan;nan;nan;nan;nan;nan;nan;nan;nan;nan;nan;nan;nan;nan;nan;nan;nan;nan;nan;nan;nan;nan;nan;nan;nan;nan;nan;nan;nan;nan;nan;nan;nan;nan;nan;nan;nan;nan;nan;nan;nan;nan;nan;nan;nan;nan;nan;nan;nan;nan;nan;nan;nan;nan;nan;nan;nan;nan;nan;nan;nan;nan;nan;nan;nan;nan;nan;nan;nan;nan;nan;nan;nan;nan;nan;nan;nan;nan;nan;nan;nan;nan,134
LXREP,1,500,10,11,6030,random,6030,130203.34479988288,140457.3736973483,10254.02889746541,True,308.5375980227371,2.1177698689999715,-379.558 296.676;-167.117 0.225;14.202 289.159;423.204 11.977;398.541 -301.933;-430.873 -175.996;144.647 -477.243;335.355 316.239;-143.062 -350.014;125.083 -122.961,nan;nan;nan;nan;nan;nan;nan;nan;nan;nan;nan;nan;nan;nan;nan;nan;nan;nan;nan;nan;nan;nan;nan;nan;nan;nan;nan;nan;nan;nan;nan;nan;nan;nan;nan;nan;nan;nan;nan;nan;nan;nan;nan;nan;nan;nan;nan;nan;nan;nan;nan;nan;nan;nan;nan;nan;nan;nan;nan;nan;nan;nan;nan;nan;nan;nan;nan;nan;nan;nan;nan;nan;nan;nan;nan;nan;nan;nan;nan;nan;nan;nan;nan;nan;nan;nan;nan;nan;nan;nan;nan;nan;nan;nan;nan;nan;nan;nan;nan;nan;nan;nan;nan;nan;nan;nan;nan;nan;nan;nan;nan;nan;nan;nan;nan;nan;nan;nan;nan;nan;nan;nan;nan;nan;nan;129246.610;129271.952;129318.857;129930.750;129930.750;129983.783;129989.343;129998.424;130003.945;130013.880;130037.948;130041.545;130051.475;130060.458;130098.302;130100.394;130100.403;130103.477;130109.610;130112.300;130115.279;130118.183;130121.517;130123.972;130124.980;130175.024;130189.563;130191.235;130192.367;130192.728;130193.180;130193.591;130194.157;130194.547;130194.946;130196.389;130196.813;130197.418;130197.579;130197.911;130198.152;130198.343;130198.545;130198.635;130199.196;130199.547;130200.893;130202.066;130202.130;130202.473;130202.556;130202.626;130202.679;130202.759;130202.790;130202.828;130202.890;130203.018;130203.037;130203.054;130203.118;130203.127;130203.136;130203.291;130203.300;130203.311;130203.318;130203.323;130203.328;130203.332;130203.335;130203.337;130203.339;130203.341;130203.343;130203.345,200
LXREP,1,500,10,23,6030,random,6030,129009.68216489839,140457.3736973483,11447.691532449899,False,270.32184893376603,2.3279051790000267,-498.316 -37.832;-394.799 273.911;499.109 25.764;-226.508 -30.180;274.158 -413.150;-33.879 -497.910;-338.967 -325.916;-24.258 -227.759;231.240 -93.182;-105.306 243.645,nan;nan;nan;nan;nan;nan;nan;nan;nan;nan;nan;nan;nan;nan;nan;nan;nan;nan;nan;nan;nan;nan;nan;nan;nan;nan;nan;nan;nan;nan;nan;nan;nan;nan;nan;nan;nan;nan;nan;nan;nan;nan;nan;nan;nan;nan;nan;nan;nan;nan;nan;nan;nan;nan;nan;nan;nan;nan;nan;nan;nan;nan;nan;nan;nan;nan;nan;nan;nan;nan;nan;nan;nan;nan;nan;nan;nan;nan;nan;nan;nan;nan;nan;nan;nan;nan;nan;nan;nan;nan;nan;nan;nan;nan;nan;nan;nan;nan;nan;nan;nan;nan;nan;nan;nan;nan;nan;nan;nan;nan;nan;nan;nan;nan;nan;nan;nan;nan;nan;nan;nan;nan;nan;nan;nan;nan;nan;nan;nan;nan;nan;nan;nan;nan;nan;nan;nan;nan;nan;nan;nan;nan;nan;nan;nan;nan;nan;nan;nan;nan;nan;nan;nan;nan;nan;nan;nan;nan;nan;nan;nan;nan;nan;nan;nan;nan;nan;nan;nan;nan;nan;nan;nan;nan;nan;nan;nan;nan;nan;nan;nan;nan;nan;nan;nan;nan;nan;nan;nan;nan;nan;nan;nan;nan;nan;nan;nan;nan;nan;nan;nan,200
LXU,1,500,10,5,6030,random,6030,126263.43849009323,140457.3736973483,14193.935207255054,True,308.00012262375554,2.1653722419999895,172.588 -91.330;75.944 201.753;-159.713 -397.633;375.324 290.770;-433.033 -122.849;-144.349 -13.539;-1.068 499.970;472.951 -161.225;179.867 -429.815;-236.136 288.845,nan;nan;nan;nan;nan;nan;nan;nan;nan;nan;nan;nan;nan;nan;nan;nan;nan;nan;nan;nan;nan;nan;nan;nan;nan;nan;nan;nan;nan;nan;nan;nan;nan;nan;nan;nan;nan;nan;nan;nan;nan;nan;nan;nan;nan;nan;nan;nan;nan;nan;nan;nan;nan;nan;nan;nan;nan;nan;nan;nan;nan;nan;nan;nan;nan;nan;nan;nan;nan;nan;nan;nan;nan;nan;nan;nan;nan;nan;nan;nan;nan;nan;nan;nan;nan;nan;nan;nan;nan;nan;nan;nan;nan;nan;nan;nan;nan;nan;nan;nan;nan;nan;nan;nan;nan;nan;nan;nan;nan;nan;nan;nan;nan;nan;nan;nan;nan;nan;nan;nan;nan;nan;nan;nan;nan;nan;nan;nan;nan;nan;nan;nan;nan;nan;nan;nan;nan;nan;nan;nan;nan;nan;nan;nan;nan;nan;nan;nan;nan;nan;nan;nan;nan;126248.959;126249.449;126249.449;126250.645;126251.020;126251.020;126251.358;126251.497;126252.256;126252.256;126252.410;126252.523;126252.529;126252.646;126252.900;126252.900;126253.079;126253.079;126253.336;126253.336;126253.768;126253.768;126254.685;126254.685;126255.307;126255.307;126256.344;126256.344;126257.979;126257.979;126260.531;126260.531;126263.022;126263.022;126263.022;126263.034;126263.286;126263.286;126263.286;126263.291;126263.359;126263.359;126263.359;126263.361;126263.437;126263.437;126263.437;126263.438,100
LXU,1,500,10,17,6030,random,6030,128546.82548847413,140457.3736973483,11910.548208874156,True,308.00839607726294,2.123636863999991,167.927 -470.942;-88.622 153.121;-399.186 -296.963;141.885 445.950;-198.101 442.593;203.005 38.111;-141.621 -478.873;-367.296 17.223;494.961 -60.025;-43.632 -167.359,nan;nan;nan;nan;nan;nan;nan;nan;nan;nan;nan;nan;nan;nan;nan;nan;nan;nan;nan;nan;nan;nan;nan;nan;nan;nan;nan;nan;nan;nan;nan;nan;nan;nan;nan;nan;nan;nan;nan;nan;nan;nan;nan;nan;nan;nan;nan;nan;nan;nan;nan;nan;nan;nan;nan;nan;nan;nan;nan;nan;nan;nan;nan;nan;nan;nan;nan;nan;nan;nan;nan;nan;nan;nan;nan;nan;nan;nan;nan;nan;nan;nan;nan;nan;nan;nan;nan;nan;nan;nan;nan;nan;nan;nan;nan;nan;nan;nan;nan;nan;nan;nan;nan;nan;nan;nan;nan;nan;nan;nan;nan;nan;nan;nan;nan;nan;nan;nan;nan;nan;nan;nan;nan;nan;nan;nan;nan;nan;nan;nan;nan;nan;nan;nan;nan;nan;nan;128405.178;128405.178;128406.948;128415.423;128420.619;128420.619;128422.740;128426.489;128436.224;128436.224;128438.781;128439.060;128441.624;128441.624;128442.949;128442.949;128442.949;128443.712;128443.777;128445.143;128447.151;128447.151;128448.492;128448.492;128448.492;128448.936;128451.372;128451.372;128452.221;128452.221;128452.971;128452.971;128453.780;128453.780;128456.885;128456.885;128462.489;128462.489;128462.489;128462.535;128467.326;128467.326;128472.446;128472.446;128481.717;128481.717;128496.471;128496.471;128515.822;128515.822;128537.252;128537.252;128544.589;128544.589;128544.589;128544.596;128544.596;128544.602;128546.821;128546.821;128546.821;128546.824;128546.824;128546.825,100
LXU,1,500,10,29,6030,random,6030,129775.69766950121,140457.3736973483,10681.676027847076,False,292.1510302171024,2.285312828999963,-314.180 -221.103;-374.981 231.943;-156.578 -474.851;274.662 -51.362;67.271 -270.863;-119.405 1.204;364.475 -341.068;-118.147 400.769;354.793 352.309;105.674 199.692,nan;nan;nan;nan;nan;nan;nan;nan;nan;nan;nan;nan;nan;nan;nan;nan;nan;nan;nan;nan;nan;nan;nan;nan;nan;nan;nan;nan;nan;nan;nan;nan;nan;nan;nan;nan;nan;nan;nan;nan;nan;nan;nan;nan;nan;nan;nan;nan;nan;nan;nan;nan;nan;nan;nan;nan;nan;nan;nan;nan;nan;nan;nan;nan;nan;nan;nan;nan;nan;nan;nan;nan;nan;nan;nan;nan;nan;nan;nan;nan;nan;nan;nan;nan;nan;nan;nan;nan;nan;nan;nan;nan;nan;nan;nan;nan;nan;nan;nan;nan;nan;nan;nan;nan;nan;nan;nan;nan;nan;nan;nan;nan;nan;nan;nan;nan;nan;nan;nan;nan;nan;nan;nan;nan;nan;nan;nan;nan;nan;nan;nan;nan;nan;nan;nan;nan;nan;nan;nan;nan;nan;nan;nan;nan;nan;nan;nan;nan;nan;nan;nan;nan;nan;nan;nan;nan;nan;nan;nan;nan;nan;nan;nan;nan;nan;nan;nan;nan;nan;nan;nan;nan;nan;nan;nan;nan;nan;nan;nan;nan;nan;nan;nan;nan;nan;nan;nan;nan;nan;nan;nan;nan;nan;nan;nan;nan;nan;nan;nan;nan;nan,100
LXC025,1,500,10,11,6030,random,6030,130147.98481219543,140457.3736973483,10309.38888515286,False,304.3282961028263,2.247779084000058,-466.571 132.321;194.686 41.862;434.049 -241.755;-125.278 -477.450;-141.747 309.011;-332.428 -251.159;-133.610 2.596;468.470 174.744;161.718 386.690;60.560 -234.549,nan;nan;nan;nan;nan;nan;nan;nan;nan;nan;nan;nan;nan;nan;nan;nan;nan;nan;nan;nan;nan;nan;nan;nan;nan;nan;nan;nan;nan;nan;nan;nan;nan;nan;nan;nan;nan;nan;nan;nan;nan;nan;nan;nan;nan;nan;nan;nan;nan;nan;nan;nan;nan;nan;nan;nan;nan;nan;nan;nan;nan;nan;nan;nan;nan;nan;nan;nan;nan;nan;nan;nan;nan;nan;nan;nan;nan;nan;nan;nan;nan;nan;nan;nan;nan;nan;nan;nan;nan;nan;nan;nan;nan;nan;nan;nan;nan;nan;nan;nan;nan;nan;nan;nan;nan;nan;nan;nan;nan;nan;nan;nan;nan;nan;nan;nan;nan;nan;nan;nan;nan;nan;nan;nan;nan;nan;nan;nan;nan;nan;nan;nan;nan;nan;nan;nan;nan;nan;nan;nan;nan;nan;nan;nan;nan;nan;nan;nan;nan;nan;nan;nan;nan;nan;nan;nan;nan;nan;nan;nan;nan;nan;nan;nan;nan;nan;nan;nan;nan;nan;nan;nan;nan;nan;nan;nan;nan;nan;nan;nan;nan;nan;nan;nan;nan;nan;nan;nan;nan;nan;nan;nan;nan;nan;nan;nan;nan;nan;nan;nan;nan,100
LXC025,1,500,10,23,6030,random,6030,134013.21382606163,140457.3736973483,6444.159871286654,False,264.6126255467085,2.2008075679999592,-230.202 -194.976;-484.730 -122.623;471.466 -142.944;288.738 261.200;128.438 -282.654;-110.971 -452.737;-356.841 122.183;209.465 -14.591;-76.614 38.162;-307.989 393.749,nan;nan;nan;nan;nan;nan;nan;nan;nan;nan;nan;nan;nan;nan;nan;nan;nan;nan;nan;nan;nan;nan;nan;nan;nan;nan;nan;nan;nan;nan;nan;nan;nan;nan;nan;nan;nan;nan;nan;nan;nan;nan;nan;nan;nan;nan;nan;nan;nan;nan;nan;nan;nan;nan;nan;nan;nan;nan;nan;nan;nan;nan;nan;nan;nan;nan;nan;nan;nan;nan;nan;nan;nan;nan;nan;nan;nan;nan;nan;nan;nan;nan;nan;nan;nan;nan;nan;nan;nan;nan;nan;nan;nan;nan;nan;nan;nan;nan;nan;nan;nan;nan;nan;nan;nan;nan;nan;nan;nan;nan;nan;nan;nan;nan;nan;nan;nan;nan;nan;nan;nan;nan;nan;nan;nan;nan;nan;nan;nan;nan;nan;nan;nan;nan;nan;nan;nan;nan;nan;nan;nan;nan;nan;nan;nan;nan;nan;nan;nan;nan;nan;nan;nan;nan;nan;nan;nan;nan;nan;nan;nan;nan;nan;nan;nan;nan;nan;nan;nan;nan;nan;nan;nan;nan;nan;nan;nan;nan;nan;nan;nan;nan;nan;nan;nan;nan;nan;nan;nan;nan;nan;nan;nan;nan;nan;nan;nan;nan;nan;nan;nan,100
LXC05,1,500,10,5,6030,random,6030,129198.91926791283,140457.3736973483,11258.454429435456,False,222.6579891664971,2.1471799009999586,-90.224 234.618;-52.290 -161.239;156.520 -63.923;-263.176 -89.799;-495.308 -68.249;342.043 -292.524;-148.903 476.511;50.005 -418.709;233.941 436.234;-254.049 -404.340,nan;nan;nan;nan;nan;nan;nan;nan;nan;nan;nan;nan;nan;nan;nan;nan;nan;nan;nan;nan;nan;nan;nan;nan;nan;nan;nan;nan;nan;nan;nan;nan;nan;nan;nan;nan;nan;nan;nan;nan;nan;nan;nan;nan;nan;nan;nan;nan;nan;nan;nan;nan;nan;nan;nan;nan;nan;nan;nan;nan;nan;nan;nan;nan;nan;nan;nan;nan;nan;nan;nan;nan;nan;nan;nan;nan;nan;nan;nan;nan;nan;nan;nan;nan;nan;nan;nan;nan;nan;nan;nan;nan;nan;nan;nan;nan;nan;nan;nan;nan;nan;nan;nan;nan;nan;nan;nan;nan;nan;nan;nan;nan;nan;nan;nan;nan;nan;nan;nan;nan;nan;nan;nan;nan;nan;nan;nan;nan;nan;nan;nan;nan;nan;nan;nan;nan;nan;nan;nan;nan;nan;nan;nan;nan;nan;nan;nan;nan;nan;nan;nan;nan;nan;nan;nan;nan;nan;nan;nan;nan;nan;nan;nan;nan;nan;nan;nan;nan;nan;nan;nan;nan;nan;nan;nan;nan;nan;nan;nan;nan;nan;nan;nan;nan;nan;nan;nan;nan;nan;nan;nan;nan;nan;nan;nan;nan;nan;nan;nan;nan;nan,100
LXC05,1,500,10,17,6030,random,6030,129874.56126116142,140457.3736973483,10582.812436186869,False,274.1090255079215,2.167636550999987,433.724 -27.792;-379.353 -97.544;-313.884 389.200;271.321 296.543;65.428 -166.942;7.312 -461.261;-473.767 159.792;-22.525 416.883;-315.774 -385.733;-4.458 126.241,nan;nan;nan;nan;nan;nan;nan;nan;nan;nan;nan;nan;nan;nan;nan;nan;nan;nan;nan;nan;nan;nan;nan;nan;nan;nan;nan;nan;nan;nan;nan;nan;nan;nan;nan;nan;nan;nan;nan;nan;nan;nan;nan;nan;nan;nan;nan;nan;nan;nan;nan;nan;nan;nan;nan;nan;nan;nan;nan;nan;nan;nan;nan;nan;nan;nan;nan;nan;nan;nan;nan;nan;nan;nan;nan;nan;nan;nan;nan;nan;nan;nan;nan;nan;nan;nan;nan;nan;nan;nan;nan;nan;nan;nan;nan;nan;nan;nan;nan;nan;nan;nan;nan;nan;nan;nan;nan;nan;nan;nan;nan;nan;nan;nan;nan;nan;nan;nan;nan;nan;nan;nan;nan;nan;nan;nan;nan;nan;nan;nan;nan;nan;nan;nan;nan;nan;nan;nan;nan;nan;nan;nan;nan;nan;nan;nan;nan;nan;nan;nan;nan;nan;nan;nan;nan;nan;nan;nan;nan;nan;nan;nan;nan;nan;nan;nan;nan;nan;nan;nan;nan;nan;nan;nan;nan;nan;nan;nan;nan;nan;nan;nan;nan;nan;nan;nan;nan;nan;nan;nan;nan;nan;nan;nan;nan;nan;nan;nan;nan;nan;nan,100
LXC05,1,500,10,29,6030,random,6030,133921.98439547568,140457.3736973483,6535.3893018726085,True,308.00029546174983,2.0780028899999934,24.361 -356.123;-335.401 236.713;-310.832 -347.789;329.655 2.824;-444.494 -55.359;-131.974 -87.481;331.903 -372.926;58.369 155.622;79.492 477.389;358.901 343.301,nan;nan;nan;nan;nan;nan;nan;nan;nan;nan;nan;nan;nan;nan;nan;nan;nan;nan;nan;nan;nan;nan;nan;nan;nan;nan;nan;nan;nan;nan;nan;nan;nan;nan;nan;nan;nan;nan;nan;nan;nan;nan;nan;nan;nan;nan;nan;nan;nan;nan;nan;nan;nan;nan;nan;nan;nan;nan;nan;nan;nan;nan;nan;nan;nan;nan;nan;nan;nan;nan;nan;nan;nan;nan;nan;nan;nan;nan;nan;nan;nan;nan;nan;nan;nan;nan;nan;nan;nan;nan;nan;nan;nan;nan;nan;nan;nan;nan;nan;nan;nan;nan;nan;nan;nan;nan;nan;nan;nan;nan;nan;nan;nan;nan;nan;nan;nan;nan;nan;nan;nan;nan;nan;nan;nan;nan;nan;nan;nan;nan;nan;nan;nan;132004.978;132004.978;132005.407;132057.732;132057.732;133904.770;133904.770;133905.918;133906.447;133908.639;133908.639;133910.688;133910.688;133911.807;133911.861;133913.004;133914.263;133914.263;133915.029;133915.123;133916.819;133916.819;133916.819;133917.264;133917.264;133917.685;133918.089;133918.089;133918.089;133918.338;133919.213;133919.213;133919.213;133919.381;133919.381;133919.464;133920.075;133920.075;133921.576;133921.576;133921.576;133921.624;133921.625;133921.658;133921.658;133921.687;133921.784;133921.784;133921.786;133921.804;133921.804;133921.818;133921.909;133921.909;133921.963;133921.963;133921.972;133921.972;133921.980;133921.980;133921.980;133921.982;133921.982;133921.982;133921.983;133921.983;133921.983;133921.984,100
LXC2,1,500,10,11,6030,random,6030,131066.35099099646,140457.3736973483,9391.022706351825,True,308.6002056408526,2.1040499300000874,155.361 -6.761;-459.161 -11.690;432.092 -147.910;-103.217 167.724;-378.182 320.326;-76.528 476.556;-125.272 -140.087;191.757 308.701;-382.147 -318.072;227.808 -417.403,nan;nan;nan;nan;nan;nan;nan;nan;nan;nan;nan;nan;nan;nan;nan;nan;nan;nan;nan;nan;nan;nan;nan;nan;nan;nan;nan;nan;nan;nan;nan;nan;nan;nan;nan;nan;nan;nan;nan;nan;nan;nan;nan;nan;nan;nan;nan;nan;nan;nan;nan;nan;nan;nan;nan;nan;nan;nan;nan;nan;nan;nan;nan;nan;nan;nan;nan;nan;nan;nan;nan;nan;nan;nan;nan;nan;nan;nan;nan;nan;nan;nan;nan;nan;nan;nan;nan;nan;nan;nan;nan;nan;nan;nan;nan;nan;nan;nan;nan;nan;nan;nan;nan;nan;nan;nan;nan;nan;nan;nan;nan;nan;nan;nan;nan;nan;nan;nan;nan;nan;nan;nan;nan;nan;nan;nan;nan;nan;nan;nan;nan;nan;nan;nan;nan;nan;nan;nan;nan;130836.527;130839.870;130841.575;130888.347;130889.093;130892.755;130960.616;130960.616;130960.616;130962.430;130968.699;130968.699;130968.699;130969.724;130969.724;130970.736;130970.982;130971.591;130975.022;130975.022;130979.429;130979.429;130983.085;130983.085;130983.085;130983.247;130983.247;130983.352;130983.601;130983.601;130984.073;130984.073;130984.271;130984.271;130984.271;130984.343;130984.527;130984.527;130984.527;130984.563;130984.563;130984.601;130984.654;130984.654;130984.839;130984.839;130985.659;130985.659;130988.853;130988.853;130989.084;130989.084;130991.739;130991.739;130991.739;130991.744;131020.845;131020.845;131037.387;131037.387;131066.351;131066.351,100
LXC2,1,500,10,23,6030,random,6030,123854.70615386877,140457.3736973483,16602.667543479518,False,239.6088327283102,2.159806546000027,-396.571 -114.040;-311.059 386.695;-326.335 -366.931;-65.303 201.104;456.327 -77.936;-87.472 -385.817;-362.161 137.371;-55.129 496.866;-79.007 -51.905;179.738 -325.465,nan;nan;nan;nan;nan;nan;nan;nan;nan;nan;nan;nan;nan;nan;nan;nan;nan;nan;nan;nan;nan;nan;nan;nan;nan;nan;nan;nan;nan;nan;nan;nan;nan;nan;nan;nan;nan;nan;nan;nan;nan;nan;nan;nan;nan;nan;nan;nan;nan;nan;nan;nan;nan;nan;nan;nan;nan;nan;nan;nan;nan;nan;nan;nan;nan;nan;nan;nan;nan;nan;nan;nan;nan;nan;nan;nan;nan;nan;nan;nan;nan;nan;nan;nan;nan;nan;nan;nan;nan;nan;nan;nan;nan;nan;nan;nan;nan;nan;nan;nan;nan;nan;nan;nan;nan;nan;nan;nan;nan;nan;nan;nan;nan;nan;nan;nan;nan;nan;nan;nan;nan;nan;nan;nan;nan;nan;nan;nan;nan;nan;nan;nan;nan;nan;nan;nan;nan;nan;nan;nan;nan;nan;nan;nan;nan;nan;nan;nan;nan;nan;nan;nan;nan;nan;nan;nan;nan;nan;nan;nan;nan;nan;nan;nan;nan;nan;nan;nan;nan;nan;nan;nan;nan;nan;nan;nan;nan;nan;nan;nan;nan;nan;nan;nan;nan;nan;nan;nan;nan;nan;nan;nan;nan;nan;nan;nan;nan;nan;nan;nan;nan,100
LXNR,2,1000,10,5,6030,random,6030,71370.36123789383,73153.78394684664,1783.422708952814,True,333.1363043024102,2.0060732350000308,-338.975 940.596;606.746 -345.623;232.622 765.681;-994.270 51.125;715.505 306.950;-433.054 -793.364;-845.883 349.388;-576.549 666.877;61.077 -534.010;-927.137 -365.638,nan;nan;nan;nan;nan;nan;nan;nan;nan;nan;nan;nan;nan;nan;nan;nan;nan;nan;nan;nan;nan;nan;nan;nan;nan;69174.815;69174.815;69174.815;69174.815;69174.815;69174.815;69174.815;69174.815;69174.815;69174.815;69174.815;69722.440;69722.440;69722.440;69722.440;69722.440;69722.440;69722.440;69722.440;69722.440;70372.464;70372.464;70372.464;70372.464;70372.464;70372.464;70372.464;70372.464;70372.464;70372.464;70372.464;70372.464;70372.464;70372.464;70372.464;70372.464;70372.464;70372.464;70372.464;70372.464;70372.464;70372.464;70372.464;70372.464;70372.464;70372.464;70372.464;70372.464;70626.205;70626.205;70654.430;70654.430;70654.430;70654.430;70654.430;70654.430;70654.430;70654.430;70654.430;70654.430;70654.430;70654.430;70690.372;70802.089;70802.089;70802.089;70802.089;70802.089;70802.089;70864.571;70864.571;70864.571;70864.571;70864.571;70864.571;70864.571;70864.798;70864.798;70916.859;70977.916;70978.114;70978.114;70980.585;71032.406;71121.244;71221.569;71221.569;71237.128;71237.128;71240.656;71252.352;71252.352;71252.352;71262.716;71265.687;71270.666;71270.666;71275.036;71275.036;71281.494;71284.870;71287.163;71288.374;71292.729;71292.729;71294.862;71298.561;71298.561;71301.227;71303.687;71311.282;71313.996;71315.546;71315.546;71316.374;71318.094;71318.115;71319.198;71319.635;71322.956;71330.093;71330.566;71335.893;71339.479;71339.790;71339.790;71340.069;71340.249;71341.023;71341.284;71342.455;71342.455;71349.987;71350.072;71354.150;71354.243;71354.335;71355.463;71356.498;71356.543;71356.543;71356.585;71356.613;71356.613;71356.640;71356.670;71356.847;71356.864;71356.880;71356.880;71356.893;71356.899;71356.916;71356.930;71356.969;71356.969;71356.973;71356.977;71357.092;71357.417;71357.420;71358.445;71359.048;71359.049;71361.256;71366.694;71366.696;71368.868;71368.869;71370.360;71370.360;71370.361;71370.361;71370.361;71370.361;71370.361,134
LXNR,2,1000,10,17,6030,random,6030,71184.46969634606,73153.78394684664,1969.3142505005817,True,334.1754749877067,1.965575715,749.533 -58.658;-633.921 -625.183;350.254 486.212;-221.315 504.085;-142.635 -56.381;-191.308 -769.787;-880.254 362.582;-626.572 764.307;-120.722 -389.837;44.411 999.013,nan;nan;nan;nan;nan;nan;nan;68988.677;68988.677;68988.677;68988.677;68988.677;68988.677;68988.677;68988.677;68988.677;68988.677;68988.677;69126.285;69126.285;69126.285;69126.285;69126.285;69126.285;69126.285;69126.285;69293.161;69293.161;69430.440;69430.440;69740.043;69740.043;69740.043;69740.043;69753.295;69753.295;69753.295;69753.295;69753.295;69753.295;69753.295;69753.295;69753.295;69753.295;69753.295;69753.295;69753.295;69753.295;69753.295;69753.295;69753.295;69753.295;69753.295;69753.295;70056.457;70056.457;70056.457;70056.457;70056.457;70056.457;70056.457;70056.457;70056.457;70056.457;70249.781;70249.781;70249.781;70249.781;70249.781;70348.631;70348.631;70348.631;70348.631;70392.845;70392.845;70697.535;70697.535;70697.535;70697.535;70786.064;70786.064;70786.064;70831.597;70831.597;70831.597;70831.597;70831.597;70831.597;70831.597;70831.597;70831.597;70879.698;70879.698;71064.815;71064.815;71064.815;71064.815;71135.964;71135.964;71135.964;71135.964;71135.964;71135.964;71135.964;71135.964;71135.964;71135.964;71135.964;71135.964;71135.964;71135.964;71136.097;71136.097;71136.097;71144.548;71144.548;71144.548;71144.548;71145.217;71145.217;71145.217;71145.217;71145.217;71145.323;71145.323;71147.181;71147.181;71150.326;71153.291;71153.291;71154.105;71156.636;71156.636;71157.870;71159.567;71159.567;71159.991;71167.298;71167.298;71167.793;71168.569;71170.435;71171.855;71172.577;71173.432;71174.929;71175.383;71175.383;71175.934;71176.360;71176.360;71177.861;71178.015;71178.015;71178.556;71180.362;71180.362;71180.476;71180.745;71180.745;71180.863;71180.951;71180.951;71181.019;71181.097;71181.114;71181.192;71181.596;71181.995;71182.025;71182.099;71182.099;71182.137;71183.664;71184.291;71184.303;71184.308;71184.308;71184.316;71184.324;71184.326;71184.331;71184.337;71184.337;71184.360;71184.365;71184.421;71184.446;71184.448;71184.448;71184.452;71184.454;71184.454;71184.462;71184.463;71184.463;71184.463;71184.464;71184.464;71184.465;71184.470,134
LXNR,2,1000,10,29,6030,random,6030,70936.62204326797,73153.78394684664,2217.1619035786716,True,346.12522588824424,1.97801495300007,-483.195 -671.250;244.694 -505.631;354.814 146.032;-615.739 458.487;114.036 -928.356;-953.610 -283.312;865.431 -283.404;-399.601 146.719;685.069 -665.615;462.689 474.918,nan;nan;nan;nan;nan;nan;nan;nan;nan;nan;nan;nan;67919.068;67919.068;68418.583;68418.583;68418.583;68458.493;68458.493;68857.565;68857.565;68857.565;68857.565;68857.565;68857.565;68857.565;68857.565;68957.381;68957.381;68957.381;68957.381;68957.381;68957.381;69321.455;69321.455;69321.455;69321.455;69321.455;69321.455;69321.455;69321.455;69321.455;69321.455;69321.455;69321.455;69321.455;69321.455;69321.455;69321.455;69321.455;69321.455;69321.455;69321.455;69321.455;69321.455;69321.455;69321.455;69321.455;69478.334;69478.334;69478.334;69478.334;69478.334;69478.334;69542.213;69542.213;69587.651;69587.651;69587.651;69587.651;69587.651;69738.069;69738.069;69738.069;69738.069;69793.155;69877.101;70273.611;70273.611;70273.611;70427.521;70465.753;70465.753;70553.239;70602.254;70624.155;70624.155;70759.018;70759.018;70759.018;70759.018;70759.018;70759.018;70760.791;70760.791;70835.334;70835.334;70835.334;70835.334;70835.334;70835.334;70835.334;70836.825;70847.268;70847.268;70847.356;70847.434;70847.434;70847.434;70847.504;70847.504;70847.504;70848.624;70848.624;70848.624;70851.684;70851.684;70869.322;70869.322;70871.934;70871.934;70872.141;70878.505;70878.505;70878.519;70882.197;70882.197;70887.905;70907.722;70907.722;70908.707;70908.707;70909.917;70911.064;70911.954;70911.954;70913.393;70916.831;70916.831;70917.364;70918.184;70918.184;70919.188;70919.825;70925.575;70926.550;70927.169;70927.169;70927.744;70928.933;70928.933;70929.870;70930.112;70931.205;70931.858;70932.004;70932.421;70932.539;70932.678;70932.678;70932.806;70933.199;70933.979;70934.055;70934.929;70935.433;70935.556;70935.668;70935.668;70935.684;70935.715;70935.715;70935.830;70935.858;70935.858;70935.974;70935.982;70935.982;70936.042;70936.085;70936.103;70936.110;70936.151;70936.151;70936.156;70936.173;70936.200;70936.354;70936.356;70936.461;70936.462;70936.463;70936.599;70936.601;70936.602;70936.602;70936.602;70936.603;70936.603;70936.622;70936.622,134
LXREP,2,1000,10,11,6030,random,6030,71682.43152133303,73153.78394684664,1471.3524255136144,True,365.7855587598374,2.0577041410000447,614.850 -787.708;58.153 -351.207;111.757 256.456;506.534 -51.718;-927.237 -86.688;-850.595 270.978;703.729 705.033;135.492 984.920;-661.355 698.914;-45.502 -998.913,nan;nan;nan;nan;nan;nan;nan;nan;nan;nan;nan;nan;nan;nan;nan;nan;nan;nan;nan;nan;nan;nan;69668.479;69668.479;69711.288;69711.288;69711.288;69711.288;69711.288;69711.288;69711.288;69711.288;69711.288;69711.288;69711.288;69711.288;69711.288;69711.288;69711.288;69711.288;69711.288;69711.288;69711.288;69711.288;69853.304;69853.304;69853.304;69853.304;69853.304;69853.304;69853.304;69853.304;69853.304;69853.304;69853.304;69853.304;69853.304;69853.304;69853.304;69853.304;69853.304;69853.304;69853.304;69853.304;69853.304;69853.304;70691.186;70691.186;70691.186;70691.186;70691.186;70691.186;70691.186;70691.186;70691.186;70691.186;70691.186;70691.186;70691.186;70691.186;70691.186;70754.894;70754.894;70810.655;70810.655;70810.655;70810.655;70984.794;71038.793;71038.793;71038.793;71178.627;71227.939;71269.657;71337.567;71337.567;71337.567;71337.567;71371.509;71448.442;71524.410;71606.293;71608.692;71642.935;71642.935;71642.935;71642.935;71642.935;71642.935;71651.091;71651.091;71651.091;71651.091;71651.091;71651.091;71651.091;71651.091;71651.172;71651.172;71653.229;71653.229;71653.229;71653.229;71654.515;71654.850;71657.371;71659.731;71661.484;71661.484;71663.378;71665.322;71666.056;71668.871;71669.815;71670.597;71671.188;71672.510;71673.444;71673.969;71675.169;71675.839;71676.679;71677.116;71677.375;71677.865;71677.865;71678.133;71678.583;71678.967;71679.095;71679.361;71679.588;71679.714;71679.864;71680.032;71680.169;71680.316;71680.480;71681.090;71681.164;71681.216;71681.301;71681.466;71681.589;71681.632;71681.768;71681.808;71681.835;71681.854;71681.937;71681.961;71681.982;71682.004;71682.013;71682.049;71682.064;71682.075;71682.079;71682.083;71682.087;71682.092;71682.104;71682.133;71682.138;71682.141;71682.150;71682.153;71682.195;71682.197;71682.360;71682.366;71682.367;71682.368;71682.368;71682.369;71682.374;71682.375;71682.375;71682.375;71682.431;71682.432,200
LXREP,2,1000,10,23,6030,random,6030,71413.4386881848,73153.78394684664,1740.3452586618369,True,373.8441679487611,2.072682633999989,-868.428 491.016;-186.280 962.639;479.952 -662.495;-260.287 596.193;-53.936 -998.211;585.745 -212.804;-582.180 -60.246;-482.639 -657.707;668.611 487.630;254.838 174.692,nan;nan;nan;nan;nan;nan;nan;nan;nan;nan;nan;nan;nan;nan;nan;nan;nan;nan;nan;nan;nan;nan;nan;nan;nan;nan;nan;nan;nan;nan;nan;nan;nan;nan;nan;nan;nan;nan;nan;nan;nan;nan;nan;nan;nan;nan;nan;nan;nan;68040.133;68040.133;68040.133;68040.133;68040.133;68040.133;68040.133;68040.133;68040.133;68040.133;68040.133;68040.133;68040.133;68040.133;68040.133;68040.133;68040.133;68040.133;68040.133;69364.544;70264.813;70264.813;70304.720;70315.173;70315.173;70315.173;70315.173;70315.173;70315.173;70315.173;70315.173;70360.169;70360.169;70360.169;70360.169;70483.737;70498.858;70498.858;70498.858;70498.858;70554.062;70652.904;70863.194;70863.194;70948.986;70948.986;71062.795;71062.795;71062.795;71062.795;71131.510;71131.510;71177.420;71177.420;71177.586;71177.586;71206.163;71207.844;71207.844;71207.844;71207.844;71207.844;71208.132;71208.132;71211.484;71211.484;71213.101;71213.292;71213.292;71240.282;71240.282;71246.925;71253.475;71253.475;71259.417;71259.417;71259.417;71259.417;71262.693;71262.693;71274.565;71275.378;71276.589;71278.345;71281.319;71283.715;71285.257;71287.100;71292.153;71292.966;71303.201;71320.494;71321.028;71366.831;71367.477;71369.468;71369.766;71370.297;71370.674;71371.165;71373.219;71373.746;71374.912;71375.017;71375.217;71381.332;71381.435;71381.468;71381.510;71381.604;71381.643;71381.675;71381.729;71381.822;71381.846;71381.846;71381.875;71381.917;71381.944;71382.159;71382.496;71382.655;71382.673;71382.681;71382.696;71382.706;71382.726;71382.770;71382.788;71382.793;71382.822;71382.829;71382.834;71382.858;71382.939;71382.942;71382.945;71382.947;71382.948;71382.950;71383.332;71383.812;71383.813;71413.155;71413.159;71413.162;71413.375;71413.375;71413.438;71413.438;71413.438;71413.439,200
LXU,2,1000,10,5,6030,random,6030,71214.62613287882,73153.78394684664,1939.1578139678168,True,317.18289863174624,1.9417880559999503,-276.664 666.438;654.674 401.227;523.580 841.406;-613.050 250.295;111.166 992.596;428.603 -761.010;863.531 -18.478;-851.824 459.082;-276.991 -43.954;-304.140 -567.576,nan;nan;nan;nan;nan;nan;nan;nan;nan;nan;nan;nan;nan;nan;nan;nan;nan;69701.703;69701.703;69701.703;69701.703;69701.703;69701.703;69752.164;69752.164;69990.148;69990.148;69990.148;69990.148;70091.005;70091.005;70091.005;70091.005;70091.005;70091.005;70091.005;70091.005;70091.005;70091.005;70091.005;70091.005;70091.005;70091.005;70091.005;70091.005;70091.005;70091.005;70228.658;70228.658;70228.658;70228.658;70228.658;70228.658;70228.658;70228.658;70228.658;70228.658;70228.658;70228.658;70228.658;70228.658;70228.658;70228.658;70228.658;70228.658;70228.658;70228.658;70228.658;70228.658;70228.738;70228.738;70228.738;70228.738;70299.188;70299.188;70611.058;70611.058;70611.058;70611.058;70674.633;70674.633;70674.633;70674.633;70766.312;70766.312;70766.898;70766.898;70784.561;70784.561;70784.561;70784.561;70784.561;70784.561;70784.561;70784.561;70784.893;70794.272;70853.026;70853.026;70853.026;70853.026;71012.998;71012.998;71013.290;71013.290;71013.290;71013.290;71020.706;71020.706;71020.706;71020.706;71047.641;71047.641;71063.570;71114.409;71114.409;71114.409;71126.590;71137.344;71137.344;71137.344;71168.162;71168.162;71168.162;71195.492;71195.526;71195.526;71195.526;71195.526;71196.888;71196.920;71199.184;71199.184;71202.112;71202.112;71203.317;71203.872;71204.194;71204.892;71207.017;71207.017;71207.713;71207.713;71208.991;71208.991;71209.311;71209.349;71210.445;71210.445;71211.448;71211.448;71211.448;71211.636;71211.903;71211.903;71211.903;71212.087;71212.207;71212.233;71212.414;71212.414;71212.608;71212.608;71212.618;71212.670;71212.956;71212.956;71213.271;71213.271;71213.539;71213.539;71213.932;71213.932;71213.932;71213.951;71214.433;71214.433;71214.433;71214.443;71214.443;71214.451;71214.511;71214.511;71214.601;71214.601;71214.601;71214.603;71214.613;71214.613;71214.619;71214.619;71214.622;71214.622;71214.623;71214.623;71214.624;71214.624;71214.626;71214.626;71214.626;71214.626,100
LXU,2,1000,10,17,6030,random,6030,71417.91098230108,73153.78394684664,1735.8729645455605,True,405.71093264826425,1.9278138930000068,971.437 5.597;-708.167 671.236;-478.617 284.766;-378.185 907.273;-991.671 125.377;91.101 7.975;-605.248 -764.223;499.978 659.988;310.577 -764.569;-523.103 -345.553,nan;nan;nan;69669.261;69669.261;69669.261;69669.261;69669.872;69669.872;69669.872;69669.872;69669.872;69669.872;69669.872;69669.872;69669.872;69669.872;69669.872;69669.872;69669.872;69669.872;69669.872;69669.872;69669.872;69669.872;69669.872;69669.872;69898.717;69898.717;69898.717;69898.717;69898.717;69898.717;69898.717;69898.717;69898.717;69898.717;69898.717;69898.717;69898.717;69898.717;69898.717;69898.717;70620.727;70620.727;70620.727;70620.727;70620.727;70620.727;70620.727;70620.727;70620.727;70620.727;70620.727;70620.727;70620.727;70620.727;70620.727;70620.727;70620.727;70620.727;70664.333;70664.333;70664.333;70664.333;70664.333;70664.333;70664.333;70664.333;70664.333;70664.333;70664.333;70664.333;70664.333;70664.333;70706.549;70706.549;70706.549;70706.549;70707.221;70707.221;71185.119;71185.119;71193.249;71193.249;71193.253;71193.253;71280.645;71280.645;71280.645;71280.645;71280.645;71280.645;71280.645;71280.645;71280.645;71280.645;71280.645;71280.645;71280.645;71280.645;71280.645;71280.645;71280.645;71280.645;71280.645;71280.645;71280.645;71280.645;71396.214;71396.214;71396.214;71396.214;71396.214;71396.214;71396.214;71396.214;71397.244;71397.244;71397.469;71397.469;71397.469;71400.749;71401.206;71401.206;71402.311;71402.311;71403.091;71403.091;71403.091;71403.091;71404.924;71404.924;71405.288;71407.659;71409.923;71409.923;71410.933;71411.231;71412.010;71412.010;71412.956;71412.956;71412.956;71413.481;71413.588;71413.588;71413.762;71413.777;71414.261;71414.261;71415.039;71415.039;71416.208;71416.208;71416.208;71416.286;71416.286;71416.414;71416.463;71416.463;71416.472;71416.547;71416.665;71416.665;71416.754;71416.754;71416.836;71416.836;71416.923;71416.923;71417.094;71417.094;71417.416;71417.416;71417.416;71417.420;71417.572;71417.572;71417.661;71417.661;71417.661;71417.667;71417.670;71417.671;71417.677;71417.677;71417.764;71417.764;71417.806;71417.806;71417.806;71417.806;71417.807;71417.807;71417.832;71417.832;71417.848;71417.848;71417.911;71417.911,100
LXU,2,1000,10,29,6030,random,6030,71102.81702316178,73153.78394684664,2050.9669236848567,True,329.5261595118444,2.039263656000003,-269.968 -293.065;-307.268 468.435;727.830 -540.561;-451.749 -567.916;393.197 -912.951;2.182 195.738;223.485 629.756;167.657 -135.925;445.904 892.387;-83.667 -841.938,nan;nan;nan;nan;nan;nan;nan;nan;nan;nan;nan;nan;nan;nan;nan;nan;nan;nan;nan;nan;nan;68089.458;68089.458;68089.458;68089.458;68089.458;68089.458;68089.458;68089.458;68089.458;68089.458;70142.240;70142.240;70142.240;70142.240;70142.240;70142.240;70142.240;70142.240;70236.254;70236.254;70236.254;70236.254;70236.254;70236.254;70236.254;70236.254;70236.254;70236.254;70236.254;70236.254;70236.254;70236.254;70236.254;70236.254;70242.186;70242.186;70242.186;70242.186;70242.186;70242.186;70458.320;70458.320;70458.320;70458.320;70458.320;70458.320;70458.320;70458.320;70458.320;70458.320;70458.320;70458.320;70458.320;70458.320;70458.320;70458.320;70458.320;70458.320;70458.320;70458.320;70458.320;70458.320;70458.320;70458.320;70458.320;70458.320;70756.052;70756.052;71002.956;71002.956;71002.956;71002.956;71002.956;71002.956;71002.956;71002.956;71002.956;71002.956;71050.657;71050.657;71050.657;71050.657;71051.599;71051.599;71051.599;71051.599;71051.599;71051.599;71051.599;71051.599;71051.970;71051.970;71052.297;71052.297;71052.297;71052.297;71063.293;71063.293;71063.293;71063.293;71063.293;71073.478;71078.810;71078.810;71078.810;71078.810;71079.968;71080.533;71084.901;71086.910;71086.910;71087.229;71088.896;71088.896;71090.135;71090.443;71092.432;71092.536;71093.020;71093.480;71095.007;71095.007;71098.417;71098.417;71099.428;71099.428;71099.754;71099.865;71100.747;71100.747;71101.450;71101.450;71101.882;71101.882;71102.092;71102.092;71102.186;71102.197;71102.197;71102.253;71102.281;71102.351;71102.429;71102.456;71102.504;71102.515;71102.515;71102.559;71102.559;71102.584;71102.597;71102.597;71102.629;71102.629;71102.688;71102.688;71102.719;71102.719;71102.756;71102.756;71102.766;71102.766;71102.775;71102.775;71102.775;71102.777;71102.788;71102.788;71102.798;71102.798;71102.798;71102.800;71102.800;71102.801;71102.802;71102.802;71102.813;71102.813;71102.817;71102.817,100
LXC025,2,1000,10,11,6030,random,6030,71413.32799780936,73153.78394684664,1740.4559490372776,True,351.7453436989573,1.9401133620000337,-817.834 79.916;512.706 402.181;726.876 -503.188;-147.738 -988.780;-311.714 818.372;-707.376 -704.415;-29.231 -232.254;932.625 62.456;482.282 821.264;-115.721 -638.495,nan;nan;nan;nan;nan;nan;nan;nan;nan;nan;nan;nan;nan;nan;nan;nan;nan;nan;nan;nan;nan;nan;nan;nan;nan;nan;nan;nan;nan;69953.710;69953.710;69953.710;69953.710;70011.654;70011.654;70011.654;70011.654;70011.654;70011.654;70011.654;70011.654;70011.654;70011.654;70011.654;70011.654;70011.654;70011.654;70011.654;70011.654;70011.654;70011.654;70011.654;70011.654;70011.654;70011.654;70011.654;70011.654;70684.337;70684.337;70684.337;70684.337;70684.337;70684.337;70684.337;70684.337;70684.337;70684.337;70684.337;70684.337;70684.337;70684.337;70684.337;70684.337;70741.638;70741.638;70862.307;70862.307;70862.307;70862.307;70958.217;70958.217;70958.217;70958.217;70958.217;70958.217;70958.217;70958.217;70958.217;71055.671;71078.245;71078.245;71135.495;71135.495;71135.495;71135.495;71135.495;71135.495;71135.495;71210.934;71210.934;71210.934;71210.934;71210.934;71210.934;71210.934;71210.934;71210.934;71210.934;71227.624;71227.624;71227.624;71242.201;71242.201;71244.012;71255.966;71287.491;71287.491;71287.491;71287.491;71287.491;71370.991;71370.991;71378.812;71378.812;71378.812;71378.812;71402.043;71402.043;71402.540;71403.642;71404.585;71404.585;71405.391;71406.535;71407.495;71407.495;71409.418;71409.418;71409.418;71409.418;71409.418;71409.418;71410.318;71410.318;71411.090;71411.090;71411.540;71411.540;71411.953;71411.953;71412.151;71412.151;71412.335;71412.335;71412.561;71412.561;71412.801;71412.801;71412.913;71412.913;71412.995;71412.995;71413.062;71413.062;71413.155;71413.155;71413.200;71413.200;71413.231;71413.231;71413.256;71413.256;71413.274;71413.274;71413.287;71413.287;71413.300;71413.300;71413.305;71413.305;71413.312;71413.312;71413.317;71413.317;71413.321;71413.321;71413.323;71413.323;71413.324;71413.324;71413.325;71413.325;71413.326;71413.326;71413.327;71413.327;71413.328;71413.328;71413.328;71413.328;71413.328,100
LXC025,2,1000,10,23,6030,random,6030,71349.91776723646,73153.78394684664,1803.8661796101806,True,380.0817271653064,2.0502526039999793,-522.874 -746.201;888.680 -366.650;-198.677 245.355;-418.193 805.815;-789.220 -345.357;403.260 506.419;693.633 61.038;374.318 885.397;575.386 -726.345;96.537 -944.807,nan;nan;nan;nan;nan;nan;nan;nan;nan;nan;nan;nan;nan;nan;nan;nan;nan;nan;nan;nan;nan;nan;nan;nan;nan;69815.696;69815.696;69815.696;69815.696;69815.696;69815.696;69815.696;69815.696;69815.696;69815.696;69815.696;69815.696;69815.696;69815.696;69815.696;69815.696;69815.696;69815.696;69815.696;69815.696;69815.696;69815.696;69815.696;69815.696;69815.696;69815.696;69815.696;69815.696;69815.696;69815.696;69815.696;69815.696;69815.696;69815.696;69815.696;69815.696;69815.696;69815.696;70208.743;70208.743;70208.743;70208.743;70208.743;70208.743;70208.743;70208.743;70266.841;70266.841;70266.841;70266.841;70266.841;70266.841;70293.381;70293.381;70293.381;70293.381;70327.902;70327.902;70427.227;70427.227;70708.447;70746.024;70746.024;70746.024;70746.024;70746.024;70746.024;70844.353;70974.077;71184.109;71184.109;71184.109;71184.109;71212.150;71212.150;71212.150;71212.150;71212.150;71212.150;71248.956;71248.956;71248.956;71248.956;71248.956;71252.571;71267.379;71267.379;71276.709;71276.709;71284.642;71286.561;71298.971;71298.971;71305.286;71305.286;71311.631;71311.631;71321.964;71321.964;71327.948;71327.948;71331.401;71331.401;71334.572;71334.572;71336.051;71336.051;71338.809;71338.809;71340.592;71340.592;71342.296;71342.296;71344.184;71344.184;71345.236;71345.236;71346.028;71346.028;71346.888;71346.888;71347.587;71347.587;71348.066;71348.066;71348.303;71348.303;71348.582;71348.582;71348.815;71348.815;71348.925;71348.925;71349.059;71349.059;71349.198;71349.326;71349.326;71349.326;71349.376;71349.376;71349.401;71349.401;71349.425;71349.807;71349.807;71349.807;71349.818;71349.818;71349.826;71349.879;71349.879;71349.879;71349.886;71349.904;71349.904;71349.904;71349.908;71349.908;71349.909;71349.909;71349.912;71349.912;71349.915;71349.915;71349.915;71349.915;71349.916;71349.916;71349.917;71349.917;71349.917;71349.917;71349.917;71349.917;71349.918,100
LXC05,2,1000,10,5,6030,random,6030,70426.86194193893,73153.78394684664,2726.922004907712,True,361.7512189536544,1.9860222190000059,395.114 -916.704;-106.977 -880.331;-235.365 -15.903;587.406 703.069;226.474 -245.597;-267.711 591.379;-878.289 -207.693;-627.140 -483.653;660.877 -513.349;87.066 520.686,nan;nan;nan;nan;nan;nan;nan;nan;nan;nan;nan;nan;nan;nan;nan;nan;nan;nan;nan;nan;nan;nan;nan;nan;nan;nan;nan;nan;nan;nan;nan;69017.411;69017.411;69017.411;69017.411;69017.411;69017.411;69017.411;69017.411;69017.411;69017.411;69017.411;69017.411;69017.411;69017.411;69017.411;69017.411;69017.411;69017.411;69017.411;69017.411;69457.623;69457.623;69457.623;69457.623;69457.623;69457.623;69716.766;69716.766;69861.952;69861.952;69861.952;69861.952;69861.952;69861.952;69861.952;69861.952;70356.028;70356.028;70356.028;70356.028;70356.028;70356.028;70356.028;70356.028;70356.028;70356.028;70356.028;70356.028;70356.028;70356.028;70356.028;70356.028;70356.028;70356.028;70356.028;70356.028;70356.028;70356.028;70381.160;70381.160;70381.160;70381.160;70381.160;70381.160;70381.160;70381.160;70381.350;70381.350;70381.350;70381.350;70381.795;70381.795;70381.973;70381.973;70382.334;70382.334;70394.652;70394.652;70394.652;70394.652;70394.652;70394.652;70394.652;70394.652;70394.652;70394.652;70394.652;70394.652;70401.605;70401.605;70401.605;70401.605;70401.605;70401.605;70407.046;70407.046;70407.210;70407.210;70407.210;70407.210;70408.303;70408.303;70410.116;70410.868;70411.408;70413.665;70413.665;70416.199;70416.199;70417.573;70419.541;70419.541;70419.541;70420.187;70420.187;70420.549;70422.636;70422.636;70424.156;70424.156;70424.156;70424.356;70424.356;70424.529;70424.828;70424.856;70425.273;70425.273;70425.273;70425.390;70425.850;70425.850;70425.850;70425.939;70425.939;70426.031;70426.503;70426.503;70426.503;70426.523;70426.523;70426.546;70426.547;70426.563;70426.621;70426.621;70426.621;70426.638;70426.664;70426.664;70426.673;70426.673;70426.820;70426.820;70426.820;70426.827;70426.827;70426.829;70426.858;70426.858;70426.858;70426.859;70426.859;70426.860;70426.860;70426.861;70426.861;70426.861;70426.861;70426.862,100
LXC05,2,1000,10,17,6030,random,6030,70785.88704943894,73153.78394684664,2367.8968974076997,True,402.4695152869704,2.08631758599995,870.225 394.465;-204.350 -248.700;-830.385 555.451;319.181 -87.913;-410.348 420.256;161.386 -886.322;-655.460 -99.156;-384.198 849.498;-685.626 -555.314;177.117 288.650,nan;nan;nan;nan;nan;nan;nan;nan;nan;nan;nan;68988.906;68988.906;68988.906;68988.906;68988.906;68988.906;68988.906;68988.906;68988.906;68988.906;68988.906;68988.906;68988.906;68988.906;68988.906;68988.906;69440.318;69440.318;69540.172;69540.172;69540.172;69540.172;69540.172;69540.172;69540.172;69540.172;70123.815;70123.815;70123.815;70123.815;70123.815;70123.815;70123.815;70123.815;70123.815;70123.815;70123.815;70123.815;70123.815;70123.815;70123.815;70123.815;70123.815;70123.815;70123.815;70123.815;70123.815;70123.815;70123.815;70123.815;70123.815;70123.815;70154.008;70154.008;70154.008;70154.008;70174.419;70174.419;70174.419;70174.419;70174.419;70174.419;70174.504;70174.504;70174.504;70174.504;70246.252;70246.252;70308.237;70308.237;70308.237;70308.237;70318.290;70318.290;70597.107;70597.107;70597.107;70597.107;70597.107;70597.107;70597.107;70597.107;70598.759;70598.759;70598.759;70598.759;70598.759;70598.759;70605.637;70605.637;70605.637;70605.637;70605.637;70605.637;70605.637;70694.067;70707.398;70707.398;70707.398;70707.398;70707.398;70707.398;70707.398;70712.268;70712.268;70712.268;70735.027;70735.027;70740.254;70740.254;70741.367;70746.884;70746.884;70754.120;70754.322;70758.638;70760.828;70760.828;70763.080;70763.080;70763.080;70765.881;70765.881;70767.609;70767.676;70770.426;70770.426;70771.022;70774.646;70774.646;70774.646;70774.820;70774.820;70775.136;70775.343;70775.416;70775.565;70776.044;70776.044;70776.502;70777.489;70777.489;70778.964;70778.964;70779.937;70779.937;70781.460;70781.460;70781.460;70781.573;70781.573;70781.665;70782.444;70782.444;70782.444;70782.502;70783.112;70783.112;70785.698;70785.698;70785.759;70785.759;70785.817;70785.817;70785.817;70785.826;70785.826;70785.839;70785.839;70785.851;70785.851;70785.855;70785.855;70785.861;70785.861;70785.863;70785.869;70785.869;70785.869;70785.870;70785.870;70785.872;70785.872;70785.872;70785.886;70785.886;70785.886;70785.887;70785.887;70785.887,100
LXC05,2,1000,10,29,6030,random,6030,71364.27767075023,73153.78394684664,1789.5062760964065,True,439.2046985193275,2.1484589699999788,-172.806 360.585;-431.518 -232.853;467.551 -577.729;-490.685 843.381;-191.047 -954.107;951.340 48.303;29.385 -368.270;-785.460 98.028;-713.216 -569.820;496.908 574.686,nan;nan;nan;nan;nan;nan;nan;nan;nan;nan;nan;nan;nan;nan;nan;nan;nan;nan;nan;nan;nan;nan;nan;nan;nan;nan;nan;nan;nan;nan;nan;nan;nan;nan;nan;nan;nan;nan;nan;nan;nan;nan;nan;nan;nan;nan;nan;nan;nan;nan;nan;nan;nan;nan;nan;nan;nan;nan;nan;nan;nan;nan;nan;68496.011;68496.011;69412.296;69412.296;69774.147;69774.147;69774.147;69774.147;69843.175;69843.175;70036.556;70036.556;70089.152;70574.713;70574.713;70574.713;70574.713;70574.713;70615.522;70615.522;70711.144;70711.144;70744.372;70744.372;70816.944;70816.944;70834.293;71012.767;71012.767;71012.767;71148.917;71148.917;71164.739;71164.739;71256.485;71256.485;71256.485;71256.485;71256.485;71256.485;71257.042;71257.042;71257.042;71257.042;71315.510;71315.510;71315.510;71315.510;71315.773;71315.773;71315.773;71315.773;71315.934;71315.934;71315.934;71315.934;71316.033;71324.353;71324.353;71328.238;71329.443;71329.443;71344.985;71344.985;71345.834;71347.869;71347.943;71349.623;71349.623;71351.636;71352.430;71352.430;71356.281;71356.281;71359.093;71359.093;71359.093;71360.124;71361.194;71361.194;71361.194;71361.230;71361.394;71361.490;71361.491;71361.767;71361.907;71362.079;71362.249;71362.251;71362.613;71362.613;71362.613;71362.736;71363.004;71363.004;71363.612;71363.612;71363.612;71363.662;71363.662;71363.712;71363.712;71363.751;71363.751;71363.774;71364.007;71364.007;71364.007;71364.026;71364.026;71364.047;71364.057;71364.057;71364.104;71364.104;71364.205;71364.205;71364.207;71364.208;71364.208;71364.210;71364.247;71364.247;71364.247;71364.249;71364.263;71364.263;71364.270;71364.270;71364.270;71364.271;71364.271;71364.271;71364.277;71364.277;71364.277;71364.278,100
LXC2,2,1000,10,11,6030,random,6030,71037.27236792349,73153.78394684664,2116.5115789231495,True,347.953923143139,2.1345085440000275,-861.509 422.831;478.304 480.134;565.635 -366.488;32.345 631.927;268.741 165.895;-848.989 -467.675;492.443 -757.081;513.686 826.284;-123.183 -549.482;-312.698 -126.023,nan;69626.938;69626.938;69626.938;69626.938;69626.938;69626.938;69626.938;69626.938;69626.938;69626.938;69626.938;69626.938;69904.897;69904.897;69904.897;69904.897;69904.897;69904.897;69904.897;69904.897;69904.897;69904.897;69904.897;69904.897;69904.897;69904.897;69904.897;69904.897;69904.897;69904.897;69904.897;69904.897;69904.897;69904.897;69904.897;69904.897;70201.894;70201.894;70201.894;70201.894;70201.894;70201.894;70201.894;70201.894;70201.894;70201.894;70201.894;70201.894;70201.894;70201.894;70201.894;70201.894;70201.894;70201.894;70201.894;70201.894;70201.894;70201.894;70201.894;70201.894;70201.894;70201.894;70201.894;70201.894;70201.894;70201.894;70201.894;70201.894;70201.894;70201.894;70304.692;70304.692;70304.692;70304.692;70304.692;70304.692;70304.692;70304.692;70304.757;70304.757;70304.757;70304.757;70467.707;70467.707;70467.707;70467.707;70506.255;70506.255;70506.255;70506.255;70700.645;70700.645;70700.645;70700.645;70700.645;70700.645;70768.925;70768.925;70774.346;70774.346;70774.458;70774.458;70779.659;70779.659;70779.659;70779.659;70795.165;70800.706;70800.706;70800.706;70800.706;70816.088;70816.088;70849.483;70882.076;70883.298;70940.484;70940.484;70940.484;70948.762;70948.762;70948.762;70948.875;70948.875;70949.415;70950.880;70954.737;70954.737;70954.737;70960.200;70978.467;70978.467;70980.609;70980.935;70992.616;70992.616;70992.616;70994.216;70995.219;70995.770;70997.887;70997.887;71000.552;71000.552;71002.680;71002.680;71013.689;71013.689;71016.138;71016.138;71016.138;71016.254;71017.820;71017.820;71017.820;71017.937;71034.371;71034.371;71034.371;71034.467;71036.332;71036.332;71036.332;71036.385;71036.385;71036.430;71036.430;71036.452;71036.452;71036.479;71036.479;71036.500;71036.500;71036.510;71036.542;71036.542;71036.542;71036.551;71036.551;71036.556;71036.634;71036.634;71036.666;71036.666;71036.902;71036.902;71037.099;71037.099;71037.099;71037.100;71037.100;71037.101;71037.271;71037.271;71037.271;71037.272;71037.272;71037.272;71037.272;71037.272,100
LXC2,2,1000,10,23,6030,random,6030,70603.61837987625,73153.78394684664,2550.1655669703905,True,325.5297536317293,2.0943920180000077,-71.583 -205.933;865.003 -452.906;-805.668 558.469;-529.337 -70.713;234.244 646.440;523.986 191.570;-203.625 192.168;-745.460 -318.388;-713.997 -657.536;-417.575 437.514,nan;nan;nan;nan;nan;nan;nan;nan;nan;nan;nan;nan;nan;nan;nan;nan;nan;nan;nan;nan;nan;nan;nan;nan;nan;nan;nan;nan;nan;nan;nan;nan;nan;nan;nan;nan;nan;nan;nan;nan;nan;nan;nan;nan;nan;nan;nan;nan;nan;nan;nan;68727.799;68727.799;68727.799;68727.799;68727.799;68727.799;69107.079;69107.079;69107.079;69107.079;69107.079;69107.079;69576.260;69576.260;69576.260;69576.260;69576.260;69576.260;69576.260;69576.260;69576.260;69576.260;69576.260;69576.260;69576.260;69576.260;69607.146;69607.146;69607.146;69607.146;69607.146;69607.146;69607.146;69607.146;69607.146;69607.146;69607.146;69607.146;69607.146;69696.255;69937.604;69937.604;69937.604;69937.604;69937.604;69937.604;69957.222;69957.222;70018.081;70044.650;70166.812;70166.812;70176.450;70176.450;70176.450;70176.450;70176.450;70176.450;70179.497;70179.497;70179.497;70179.497;70181.025;70181.025;70185.342;70185.342;70185.342;70185.342;70186.126;70186.126;70190.505;70193.041;70193.717;70194.319;70329.946;70329.946;70419.746;70419.746;70433.466;70436.254;70436.254;70437.792;70437.946;70586.607;70586.952;70587.012;70587.012;70589.804;70589.804;70590.504;70590.504;70591.526;70591.550;70592.555;70592.603;70593.789;70593.789;70594.557;70599.480;70599.480;70599.480;70599.731;70600.840;70600.840;70600.840;70600.907;70601.427;70601.427;70601.427;70601.562;70601.564;70601.601;70601.680;70601.681;70602.405;70602.405;70602.405;70602.436;70602.602;70602.602;70602.602;70602.629;70602.643;70602.647;70602.809;70602.809;70603.117;70603.117;70603.117;70603.129;70603.129;70603.134;70603.146;70603.146;70603.225;70603.225;70603.499;70603.499;70603.549;70603.549;70603.549;70603.551;70603.597;70603.597;70603.597;70603.598;70603.601;70603.601;70603.618;70603.618,100
LXNR,2,500,10,5,6030,random,6030,64674.36379124906,73153.78394684664,8479.420155597581,False,295.14759918530274,2.340556351000032,-231.382 14.481;372.757 240.525;-259.480 -365.745;67.570 -460.529;7.782 197.442;-477.427 -148.534;-8.282 499.919;-375.815 286.912;324.000 -277.380;49.682 -106.646,nan;nan;nan;nan;nan;nan;nan;nan;nan;nan;nan;nan;nan;nan;nan;nan;nan;nan;nan;nan;nan;nan;nan;nan;nan;nan;nan;nan;nan;nan;nan;nan;nan;nan;nan;nan;nan;nan;nan;nan;nan;nan;nan;nan;nan;nan;nan;nan;nan;nan;nan;nan;nan;nan;nan;nan;nan;nan;nan;nan;nan;nan;nan;nan;nan;nan;nan;nan;nan;nan;nan;nan;nan;nan;nan;nan;nan;nan;nan;nan;nan;nan;nan;nan;nan;nan;nan;nan;nan;nan;nan;nan;nan;nan;nan;nan;nan;nan;nan;nan;nan;nan;nan;nan;nan;nan;nan;nan;nan;nan;nan;nan;nan;nan;nan;nan;nan;nan;nan;nan;nan;nan;nan;nan;nan;nan;nan;nan;nan;nan;nan;nan;nan;nan;nan;nan;nan;nan;nan;nan;nan;nan;nan;nan;nan;nan;nan;nan;nan;nan;nan;nan;nan;nan;nan;nan;nan;nan;nan;nan;nan;nan;nan;nan;nan;nan;nan;nan;nan;nan;nan;nan;nan;nan;nan;nan;nan;nan;nan;nan;nan;nan;nan;nan;nan;nan;nan;nan;nan;nan;nan;nan;nan;nan;nan;nan;nan;nan;nan;nan;nan,134
LXNR,2,500,10,17,6030,random,6030,65894.48023776474,73153.78394684664,7259.303709081898,True,309.8174084435332,2.1266225759999315,281.200 -338.777;-104.097 148.484;431.088 21.245;269.998 354.284;-260.069 -248.036;-42.357 -498.202;-424.847 48.496;-40.550 451.714;39.256 -132.988;-349.171 356.830,nan;nan;nan;nan;nan;nan;nan;nan;nan;nan;nan;nan;nan;nan;nan;nan;nan;nan;nan;nan;nan;nan;nan;nan;nan;nan;nan;nan;nan;nan;nan;nan;nan;nan;nan;nan;nan;nan;nan;nan;nan;nan;nan;nan;nan;nan;nan;nan;nan;nan;nan;nan;nan;nan;nan;nan;nan;nan;nan;nan;nan;nan;nan;nan;nan;nan;nan;nan;nan;nan;nan;nan;nan;nan;nan;nan;nan;nan;nan;nan;nan;nan;nan;nan;nan;nan;nan;nan;nan;nan;nan;nan;nan;nan;nan;nan;nan;nan;nan;nan;nan;nan;nan;65098.324;65098.324;65098.324;65098.324;65098.324;65098.324;65243.336;65243.336;65243.336;65469.321;65469.321;65469.321;65469.321;65469.321;65473.031;65473.031;65495.284;65495.284;65714.296;65714.296;65714.296;65720.392;65724.009;65724.167;65728.043;65728.569;65728.569;65729.328;65729.328;65729.328;65732.402;65734.356;65734.356;65736.279;65740.448;65740.448;65740.790;65742.462;65745.819;65747.666;65765.242;65772.674;65774.082;65775.166;65780.115;65781.250;65865.557;65865.557;65866.771;65866.962;65867.359;65867.887;65875.206;65875.206;65879.963;65880.240;65880.240;65880.467;65880.778;65883.184;65883.283;65884.042;65884.739;65884.867;65884.976;65885.236;65885.314;65885.351;65885.351;65885.388;65885.425;65885.960;65885.990;65886.014;65886.029;65886.717;65886.728;65888.594;65888.751;65890.515;65890.515;65890.523;65890.530;65890.530;65890.535;65890.593;65891.383;65891.446;65891.450;65893.390;65893.393;65893.395;65893.395;65894.169;65894.170;65894.170;65894.171;65894.480,134
LXNR,2,500,10,29,6030,random,6030,63891.99716863281,73153.78394684664,9261.786778213827,False,276.9187333555652,2.2761247329999605,-215.576 -281.969;-116.944 44.433;75.714 -356.832;159.550 -37.984;-408.827 -10.376;436.302 236.888;443.037 -138.640;-295.084 403.643;-22.232 321.658;224.928 446.541,nan;nan;nan;nan;nan;nan;nan;nan;nan;nan;nan;nan;nan;nan;nan;nan;nan;nan;nan;nan;nan;nan;nan;nan;nan;nan;nan;nan;nan;nan;nan;nan;nan;nan;nan;nan;nan;nan;nan;nan;nan;nan;nan;nan;nan;nan;nan;nan;nan;nan;nan;nan;nan;nan;nan;nan;nan;nan;nan;nan;nan;nan;nan;nan;nan;nan;nan;nan;nan;nan;nan;nan;nan;nan;nan;nan;nan;nan;nan;nan;nan;nan;nan;nan;nan;nan;nan;nan;nan;nan;nan;nan;nan;nan;nan;nan;nan;nan;nan;nan;nan;nan;nan;nan;nan;nan;nan;nan;nan;nan;nan;nan;nan;nan;nan;nan;nan;nan;nan;nan;nan;nan;nan;nan;nan;nan;nan;nan;nan;nan;nan;nan;nan;nan;nan;nan;nan;nan;nan;nan;nan;nan;nan;nan;nan;nan;nan;nan;nan;nan;nan;nan;nan;nan;nan;nan;nan;nan;nan;nan;nan;nan;nan;nan;nan;nan;nan;nan;nan;nan;nan;nan;nan;nan;nan;nan;nan;nan;nan;nan;nan;nan;nan;nan;nan;nan;nan;nan;nan;nan;nan;nan;nan;nan;nan;nan;nan;nan;nan;nan;nan,134
LXREP,2,500,10,11,6030,random,6030,65398.49355392338,73153.78394684664,7755.290392923263,True,310.23393874856316,2.235023264000006,-388.625 295.189;-172.695 -9.030;17.840 289.992;429.904 20.439;404.317 -293.825;-436.839 -175.181;148.384 -469.164;339.507 317.621;-150.573 -348.325;122.479 -115.053,nan;nan;nan;nan;nan;nan;nan;nan;nan;nan;nan;nan;nan;nan;nan;nan;nan;nan;nan;nan;nan;nan;nan;nan;nan;nan;nan;nan;nan;nan;nan;nan;nan;nan;nan;nan;nan;nan;nan;nan;nan;nan;nan;nan;nan;nan;nan;nan;nan;nan;nan;nan;nan;nan;nan;nan;nan;nan;nan;nan;nan;nan;nan;nan;nan;nan;nan;nan;nan;nan;nan;nan;nan;nan;nan;nan;nan;nan;nan;nan;nan;nan;nan;nan;nan;nan;nan;nan;nan;nan;nan;nan;nan;nan;nan;nan;nan;nan;nan;nan;nan;nan;nan;nan;nan;nan;nan;nan;nan;nan;nan;nan;nan;nan;nan;nan;nan;nan;nan;nan;nan;nan;nan;nan;nan;64714.279;64718.218;65097.557;65178.739;65186.842;65193.837;65196.861;65204.669;65332.205;65337.615;65340.323;65341.953;65341.988;65343.698;65345.165;65346.915;65347.978;65350.688;65354.595;65356.031;65358.313;65359.006;65359.556;65360.147;65360.511;65362.007;65362.543;65363.405;65364.162;65364.525;65367.518;65378.872;65385.202;65385.355;65385.610;65386.573;65386.901;65388.495;65389.864;65390.061;65390.481;65390.596;65390.684;65391.663;65393.248;65393.313;65393.374;65394.631;65397.160;65397.744;65397.770;65397.808;65397.825;65397.852;65397.879;65397.897;65397.932;65398.113;65398.121;65398.129;65398.159;65398.166;65398.380;65398.384;65398.387;65398.458;65398.471;65398.474;65398.475;65398.477;65398.488;65398.490;65398.491;65398.492;65398.493;65398.494,200
LXREP,2,500,10,23,6030,random,6030,63160.9185449969,73153.78394684664,9992.86540184974,False,270.32184893376603,2.3624649480000244,-498.316 -37.832;-394.799 273.911;499.109 25.764;-226.508 -30.180;274.158 -413.150;-33.879 -497.910;-338.967 -325.916;-24.258 -227.759;231.240 -93.182;-105.306 243.645,nan;nan;nan;nan;nan;nan;nan;nan;nan;nan;nan;nan;nan;nan;nan;nan;nan;nan;nan;nan;nan;nan;nan;nan;nan;nan;nan;nan;nan;nan;nan;nan;nan;nan;nan;nan;nan;nan;nan;nan;nan;nan;nan;nan;nan;nan;nan;nan;nan;nan;nan;nan;nan;nan;nan;nan;nan;nan;nan;nan;nan;nan;nan;nan;nan;nan;nan;nan;nan;nan;nan;nan;nan;nan;nan;nan;nan;nan;nan;nan;nan;nan;nan;nan;nan;nan;nan;nan;nan;nan;nan;nan;nan;nan;nan;nan;nan;nan;nan;nan;nan;nan;nan;nan;nan;nan;nan;nan;nan;nan;nan;nan;nan;nan;nan;nan;nan;nan;nan;nan;nan;nan;nan;nan;nan;nan;nan;nan;nan;nan;nan;nan;nan;nan;nan;nan;nan;nan;nan;nan;nan;nan;nan;nan;nan;nan;nan;nan;nan;nan;nan;nan;nan;nan;nan;nan;nan;nan;nan;nan;nan;nan;nan;nan;nan;nan;nan;nan;nan;nan;nan;nan;nan;nan;nan;nan;nan;nan;nan;nan;nan;nan;nan;nan;nan;nan;nan;nan;nan;nan;nan;nan;nan;nan;nan;nan;nan;nan;nan;nan;nan,200
LXU,2,500,10,5,6030,random,6030,64154.48665110991,73153.78394684664,8999.297295736731,True,308.0001237018133,2.2105605410000635,172.682 -91.104;76.155 201.463;-160.478 -397.387;375.950 290.465;-432.828 -122.711;-144.659 -13.978;-1.051 499.998;472.814 -160.954;180.192 -429.875;-236.063 288.423,nan;nan;nan;nan;nan;nan;nan;nan;nan;nan;nan;nan;nan;nan;nan;nan;nan;nan;nan;nan;nan;nan;nan;nan;nan;nan;nan;nan;nan;nan;nan;nan;nan;nan;nan;nan;nan;nan;nan;nan;nan;nan;nan;nan;nan;nan;nan;nan;nan;nan;nan;nan;nan;nan;nan;nan;nan;nan;nan;nan;nan;nan;nan;nan;nan;nan;nan;nan;nan;nan;nan;nan;nan;nan;nan;nan;nan;nan;nan;nan;nan;nan;nan;nan;nan;nan;nan;nan;nan;nan;nan;nan;nan;nan;nan;nan;nan;nan;nan;nan;nan;nan;nan;nan;nan;nan;nan;nan;nan;nan;nan;nan;nan;nan;nan;nan;nan;nan;nan;nan;nan;nan;nan;nan;nan;nan;nan;nan;nan;nan;nan;nan;nan;nan;nan;nan;nan;nan;nan;nan;nan;nan;nan;nan;nan;nan;nan;nan;nan;nan;nan;nan;nan;64145.688;64146.401;64146.401;64146.649;64147.864;64147.864;64147.864;64148.118;64148.558;64148.558;64148.816;64148.816;64149.880;64149.880;64150.950;64150.950;64151.541;64151.541;64151.689;64151.689;64151.814;64151.814;64151.965;64151.965;64152.398;64152.398;64153.007;64153.007;64154.168;64154.168;64154.168;64154.177;64154.177;64154.187;64154.386;64154.386;64154.425;64154.425;64154.455;64154.455;64154.468;64154.468;64154.468;64154.471;64154.471;64154.471;64154.487;64154.487,100
LXU,2,500,10,17,6030,random,6030,65399.73847014749,73153.78394684664,7754.045476699153,True,309.2035636649562,2.100434297999982,170.284 -470.086;-87.038 151.248;-398.219 -295.181;143.035 443.636;-200.309 439.501;201.677 40.568;-142.834 -479.125;-365.788 14.653;495.117 -59.161;-45.380 -163.787,nan;nan;nan;nan;nan;nan;nan;nan;nan;nan;nan;nan;nan;nan;nan;nan;nan;nan;nan;nan;nan;nan;nan;nan;nan;nan;nan;nan;nan;nan;nan;nan;nan;nan;nan;nan;nan;nan;nan;nan;nan;nan;nan;nan;nan;nan;nan;nan;nan;nan;nan;nan;nan;nan;nan;nan;nan;nan;nan;nan;nan;nan;nan;nan;nan;nan;nan;nan;nan;nan;nan;nan;nan;nan;nan;nan;nan;nan;nan;nan;nan;nan;nan;nan;nan;nan;nan;nan;nan;nan;nan;nan;nan;nan;nan;nan;nan;nan;nan;nan;nan;nan;nan;nan;nan;nan;nan;nan;nan;nan;nan;nan;nan;nan;nan;nan;nan;nan;nan;nan;nan;nan;nan;nan;nan;nan;nan;nan;nan;nan;nan;nan;nan;nan;nan;nan;nan;65376.610;65376.610;65378.212;65378.466;65382.941;65382.941;65384.533;65384.678;65385.921;65386.503;65389.933;65389.933;65389.933;65391.072;65391.843;65391.843;65393.200;65393.200;65393.200;65393.604;65395.313;65395.313;65395.953;65395.953;65395.953;65396.126;65396.296;65396.300;65396.377;65396.499;65396.680;65396.680;65396.909;65396.909;65397.026;65397.026;65397.125;65397.125;65397.125;65397.158;65397.246;65397.246;65397.370;65397.370;65397.655;65397.655;65398.080;65398.080;65398.647;65398.647;65399.281;65399.281;65399.589;65399.589;65399.732;65399.732;65399.732;65399.733;65399.735;65399.735;65399.737;65399.737;65399.738;65399.738,100
LXU,2,500,10,29,6030,random,6030,64669.17582913694,73153.78394684664,8484.6081177097,False,292.1510302171024,2.287469783000006,-314.180 -221.103;-374.981 231.943;-156.578 -474.851;274.662 -51.362;67.271 -270.863;-119.405 1.204;364.475 -341.068;-118.147 400.769;354.793 352.309;105.674 199.692,nan;nan;nan;nan;nan;nan;nan;nan;nan;nan;nan;nan;nan;nan;nan;nan;nan;nan;nan;nan;nan;nan;nan;nan;nan;nan;nan;nan;nan;nan;nan;nan;nan;nan;nan;nan;nan;nan;nan;nan;nan;nan;nan;nan;nan;nan;nan;nan;nan;nan;nan;nan;nan;nan;nan;nan;nan;nan;nan;nan;nan;nan;nan;nan;nan;nan;nan;nan;nan;nan;nan;nan;nan;nan;nan;nan;nan;nan;nan;nan;nan;nan;nan;nan;nan;nan;nan;nan;nan;nan;nan;nan;nan;nan;nan;nan;nan;nan;nan;nan;nan;nan;nan;nan;nan;nan;nan;nan;nan;nan;nan;nan;nan;nan;nan;nan;nan;nan;nan;nan;nan;nan;nan;nan;nan;nan;nan;nan;nan;nan;nan;nan;nan;nan;nan;nan;nan;nan;nan;nan;nan;nan;nan;nan;nan;nan;nan;nan;nan;nan;nan;nan;nan;nan;nan;nan;nan;nan;nan;nan;nan;nan;nan;nan;nan;nan;nan;nan;nan;nan;nan;nan;nan;nan;nan;nan;nan;nan;nan;nan;nan;nan;nan;nan;nan;nan;nan;nan;nan;nan;nan;nan;nan;nan;nan;nan;nan;nan;nan;nan;nan,100
LXC025,2,500,10,11,6030,random,6030,64758.18221256112,73153.78394684664,8395.60173428552,False,304.3282961028263,2.149697210999989,-466.571 132.321;194.686 41.862;434.049 -241.755;-125.278 -477.450;-141.747 309.011;-332.428 -251.159;-133.610 2.596;468.470 174.744;161.718 386.690;60.560 -234.549,nan;nan;nan;nan;nan;nan;nan;nan;nan;nan;nan;nan;nan;nan;nan;nan;nan;nan;nan;nan;nan;nan;nan;nan;nan;nan;nan;nan;nan;nan;nan;nan;nan;nan;nan;nan;nan;nan;nan;nan;nan;nan;nan;nan;nan;nan;nan;nan;nan;nan;nan;nan;nan;nan;nan;nan;nan;nan;nan;nan;nan;nan;nan;nan;nan;nan;nan;nan;nan;nan;nan;nan;nan;nan;nan;nan;nan;nan;nan;nan;nan;nan;nan;nan;nan;nan;nan;nan;nan;nan;nan;nan;nan;nan;nan;nan;nan;nan;nan;nan;nan;nan;nan;nan;nan;nan;nan;nan;nan;nan;nan;nan;nan;nan;nan;nan;nan;nan;nan;nan;nan;nan;nan;nan;nan;nan;nan;nan;nan;nan;nan;nan;nan;nan;nan;nan;nan;nan;nan;nan;nan;nan;nan;nan;nan;nan;nan;nan;nan;nan;nan;nan;nan;nan;nan;nan;nan;nan;nan;nan;nan;nan;nan;nan;nan;nan;nan;nan;nan;nan;nan;nan;nan;nan;nan;nan;nan;nan;nan;nan;nan;nan;nan;nan;nan;nan;nan;nan;nan;nan;nan;nan;nan;nan;nan;nan;nan;nan;nan;nan;nan,100
LXC025,2,500,10,23,6030,random,6030,64021.277992705815,73153.78394684664,9132.505954140826,False,264.6126255467085,2.3878901799999994,-230.202 -194.976;-484.730 -122.623;471.466 -142.944;288.738 261.200;128.438 -282.654;-110.971 -452.737;-356.841 122.183;209.465 -14.591;-76.614 38.162;-307.989 393.749,nan;nan;nan;nan;nan;nan;nan;nan;nan;nan;nan;nan;nan;nan;nan;nan;nan;nan;nan;nan;nan;nan;nan;nan;nan;nan;nan;nan;nan;nan;nan;nan;nan;nan;nan;nan;nan;nan;nan;nan;nan;nan;nan;nan;nan;nan;nan;nan;nan;nan;nan;nan;nan;nan;nan;nan;nan;nan;nan;nan;nan;nan;nan;nan;nan;nan;nan;nan;nan;nan;nan;nan;nan;nan;nan;nan;nan;nan;nan;nan;nan;nan;nan;nan;nan;nan;nan;nan;nan;nan;nan;nan;nan;nan;nan;nan;nan;nan;nan;nan;nan;nan;nan;nan;nan;nan;nan;nan;nan;nan;nan;nan;nan;nan;nan;nan;nan;nan;nan;nan;nan;nan;nan;nan;nan;nan;nan;nan;nan;nan;nan;nan;nan;nan;nan;nan;nan;nan;nan;nan;nan;nan;nan;nan;nan;nan;nan;nan;nan;nan;nan;nan;nan;nan;nan;nan;nan;nan;nan;nan;nan;nan;nan;nan;nan;nan;nan;nan;nan;nan;nan;nan;nan;nan;nan;nan;nan;nan;nan;nan;nan;nan;nan;nan;nan;nan;nan;nan;nan;nan;nan;nan;nan;nan;nan;nan;nan;nan;nan;nan;nan,100
LXC05,2,500,10,5,6030,random,6030,63527.5580202954,73153.78394684664,9626.22592655124,False,222.6579891664971,2.2561457840000685,-90.224 234.618;-52.290 -161.239;156.520 -63.923;-263.176 -89.799;-495.308 -68.249;342.043 -292.524;-148.903 476.511;50.005 -418.709;233.941 436.234;-254.049 -404.340,nan;nan;nan;nan;nan;nan;nan;nan;nan;nan;nan;nan;nan;nan;nan;nan;nan;nan;nan;nan;nan;nan;nan;nan;nan;nan;nan;nan;nan;nan;nan;nan;nan;nan;nan;nan;nan;nan;nan;nan;nan;nan;nan;nan;nan;nan;nan;nan;nan;nan;nan;nan;nan;nan;nan;nan;nan;nan;nan;nan;nan;nan;nan;nan;nan;nan;nan;nan;nan;nan;nan;nan;nan;nan;nan;nan;nan;nan;nan;nan;nan;nan;nan;nan;nan;nan;nan;nan;nan;nan;nan;nan;nan;nan;nan;nan;nan;nan;nan;nan;nan;nan;nan;nan;nan;nan;nan;nan;nan;nan;nan;nan;nan;nan;nan;nan;nan;nan;nan;nan;nan;nan;nan;nan;nan;nan;nan;nan;nan;nan;nan;nan;nan;nan;nan;nan;nan;nan;nan;nan;nan;nan;nan;nan;nan;nan;nan;nan;nan;nan;nan;nan;nan;nan;nan;nan;nan;nan;nan;nan;nan;nan;nan;nan;nan;nan;nan;nan;nan;nan;nan;nan;nan;nan;nan;nan;nan;nan;nan;nan;nan;nan;nan;nan;nan;nan;nan;nan;nan;nan;nan;nan;nan;nan;nan;nan;nan;nan;nan;nan;nan,100
LXC05,2,500,10,17,6030,random,6030,65196.691772181526,73153.78394684664,7957.092174665115,False,274.1090255079215,2.218163331000028,433.724 -27.792;-379.353 -97.544;-313.884 389.200;271.321 296.543;65.428 -166.942;7.312 -461.261;-473.767 159.792;-22.525 416.883;-315.774 -385.733;-4.458 126.241,nan;nan;nan;nan;nan;nan;nan;nan;nan;nan;nan;nan;nan;nan;nan;nan;nan;nan;nan;nan;nan;nan;nan;nan;nan;nan;nan;nan;nan;nan;nan;nan;nan;nan;nan;nan;nan;nan;nan;nan;nan;nan;nan;nan;nan;nan;nan;nan;nan;nan;nan;nan;nan;nan;nan;nan;nan;nan;nan;nan;nan;nan;nan;nan;nan;nan;nan;nan;nan;nan;nan;nan;nan;nan;nan;nan;nan;nan;nan;nan;nan;nan;nan;nan;nan;nan;nan;nan;nan;nan;nan;nan;nan;nan;nan;nan;nan;nan;nan;nan;nan;nan;nan;nan;nan;nan;nan;nan;nan;nan;nan;nan;nan;nan;nan;nan;nan;nan;nan;nan;nan;nan;nan;nan;nan;nan;nan;nan;nan;nan;nan;nan;nan;nan;nan;nan;nan;nan;nan;nan;nan;nan;nan;nan;nan;nan;nan;nan;nan;nan;nan;nan;nan;nan;nan;nan;nan;nan;nan;nan;nan;nan;nan;nan;nan;nan;nan;nan;nan;nan;nan;nan;nan;nan;nan;nan;nan;nan;nan;nan;nan;nan;nan;nan;nan;nan;nan;nan;nan;nan;nan;nan;nan;nan;nan;nan;nan;nan;nan;nan;nan,100
LXC05,2,500,10,29,6030,random,6030,64992.03420698009,73153.78394684664,8161.749739866551,True,308.2744427980135,2.1481513619999077,25.005 -358.543;-338.859 236.785;-313.020 -348.274;330.894 -0.597;-446.104 -52.233;-131.674 -86.223;333.076 -371.948;60.195 158.344;78.914 479.564;361.440 341.015,nan;nan;nan;nan;nan;nan;nan;nan;nan;nan;nan;nan;nan;nan;nan;nan;nan;nan;nan;nan;nan;nan;nan;nan;nan;nan;nan;nan;nan;nan;nan;nan;nan;nan;nan;nan;nan;nan;nan;nan;nan;nan;nan;nan;nan;nan;nan;nan;nan;nan;nan;nan;nan;nan;nan;nan;nan;nan;nan;nan;nan;nan;nan;nan;nan;nan;nan;nan;nan;nan;nan;nan;nan;nan;nan;nan;nan;nan;nan;nan;nan;nan;nan;nan;nan;nan;nan;nan;nan;nan;nan;nan;nan;nan;nan;nan;nan;nan;nan;nan;nan;nan;nan;nan;nan;nan;nan;nan;nan;nan;nan;nan;nan;nan;nan;nan;nan;nan;nan;nan;nan;nan;nan;nan;nan;nan;nan;nan;nan;nan;nan;nan;nan;64860.696;64860.696;64862.805;64906.338;64907.085;64909.060;64911.409;64911.409;64918.049;64918.049;64918.049;64920.375;64928.437;64928.437;64928.437;64980.618;64986.105;64986.105;64986.105;64986.877;64986.877;64987.214;64987.245;64987.771;64987.771;64988.140;64988.194;64988.353;64988.353;64988.640;64988.959;64988.959;64988.959;64989.027;64989.027;64989.075;64989.555;64989.555;64990.688;64990.688;64990.688;64990.717;64990.764;64990.764;64990.956;64990.956;64991.429;64991.429;64991.439;64991.448;64991.448;64991.455;64991.629;64991.629;64991.725;64991.725;64991.808;64991.808;64991.993;64991.993;64991.993;64991.995;64991.995;64991.996;64992.033;64992.033;64992.033;64992.034,100
LXC2,2,500,10,11,6030,random,6030,66097.57385019225,73153.78394684664,7056.210096654395,True,308.02727608416996,2.1789536620000263,156.227 -7.116;-459.128 -13.798;430.420 -150.425;-102.751 167.445;-378.675 321.810;-75.743 474.286;-125.178 -140.694;191.568 305.781;-384.073 -313.450;225.399 -414.409,nan;nan;nan;nan;nan;nan;nan;nan;nan;nan;nan;nan;nan;nan;nan;nan;nan;nan;nan;nan;nan;nan;nan;nan;nan;nan;nan;nan;nan;nan;nan;nan;nan;nan;nan;nan;nan;nan;nan;nan;nan;nan;nan;nan;nan;nan;nan;nan;nan;nan;nan;nan;nan;nan;nan;nan;nan;nan;nan;nan;nan;nan;nan;nan;nan;nan;nan;nan;nan;nan;nan;nan;nan;nan;nan;nan;nan;nan;nan;nan;nan;nan;nan;nan;nan;nan;nan;nan;nan;nan;nan;nan;nan;nan;nan;nan;nan;nan;nan;nan;nan;nan;nan;nan;nan;nan;nan;nan;nan;nan;nan;nan;nan;nan;nan;nan;nan;nan;nan;nan;nan;nan;nan;nan;nan;nan;nan;nan;nan;nan;nan;nan;nan;nan;nan;nan;nan;nan;nan;65639.399;65643.423;65746.864;65961.622;65961.627;65963.563;65963.563;65965.251;65965.251;65966.310;65968.335;65968.335;66037.130;66037.130;66037.130;66037.382;66037.813;66037.813;66039.134;66039.134;66090.678;66090.678;66092.611;66092.611;66095.611;66095.611;66095.611;66095.690;66095.878;66095.878;66095.878;66095.946;66095.946;66095.992;66097.118;66097.118;66097.201;66097.201;66097.201;66097.222;66097.222;66097.240;66097.324;66097.324;66097.357;66097.357;66097.366;66097.366;66097.402;66097.402;66097.402;66097.404;66097.408;66097.408;66097.408;66097.410;66097.434;66097.434;66097.458;66097.458;66097.574;66097.574,100
LXC2,2,500,10,23,6030,random,6030,64512.45282692257,73153.78394684664,8641.33111992407,False,239.6088327283102,2.156550925000033,-396.571 -114.040;-311.059 386.695;-326.335 -366.931;-65.303 201.104;456.327 -77.936;-87.472 -385.817;-362.161 137.371;-55.129 496.866;-79.007 -51.905;179.738 -325.465,nan;nan;nan;nan;nan;nan;nan;nan;nan;nan;nan;nan;nan;nan;nan;nan;nan;nan;nan;nan;nan;nan;nan;nan;nan;nan;nan;nan;nan;nan;nan;nan;nan;nan;nan;nan;nan;nan;nan;nan;nan;nan;nan;nan;nan;nan;nan;nan;nan;nan;nan;nan;nan;nan;nan;nan;nan;nan;nan;nan;nan;nan;nan;nan;nan;nan;nan;nan;nan;nan;nan;nan;nan;nan;nan;nan;nan;nan;nan;nan;nan;nan;nan;nan;nan;nan;nan;nan;nan;nan;nan;nan;nan;nan;nan;nan;nan;nan;nan;nan;nan;nan;nan;nan;nan;nan;nan;nan;nan;nan;nan;nan;nan;nan;nan;nan;nan;nan;nan;nan;nan;nan;nan;nan;nan;nan;nan;nan;nan;nan;nan;nan;nan;nan;nan;nan;nan;nan;nan;nan;nan;nan;nan;nan;nan;nan;nan;nan;nan;nan;nan;nan;nan;nan;nan;nan;nan;nan;nan;nan;nan;nan;nan;nan;nan;nan;nan;nan;nan;nan;nan;nan;nan;nan;nan;nan;nan;nan;nan;nan;nan;nan;nan;nan;nan;nan;nan;nan;nan;nan;nan;nan;nan;nan;nan;nan;nan;nan;nan;nan;nan,100
LXNR,1,750,8,5,6030,random,6030,111842.08623533264,112365.89895787863,523.8127225459903,True,323.05763996653405,1.7892315729999382,-321.233 -106.474;-691.823 55.865;662.526 273.690;-540.003 -427.203;361.040 420.629;43.296 362.276;-533.320 458.380;370.226 -448.871,nan;nan;nan;nan;nan;nan;nan;nan;nan;nan;nan;nan;nan;nan;nan;109352.623;109352.623;109352.623;109352.623;109352.623;109352.623;109352.623;109352.623;109352.623;109352.623;109352.623;109352.623;109352.623;109352.623;109352.623;109352.623;109352.623;109352.623;109352.623;109352.623;109352.623;109352.623;109629.714;109629.714;109629.714;109629.714;110919.028;110919.028;110919.028;110919.028;110919.028;110919.028;110919.028;110919.028;110919.028;110919.028;110919.028;110919.028;110919.028;110919.028;110919.028;110919.028;110919.028;110919.028;110919.028;110919.028;111401.448;111401.448;111401.448;111420.221;111420.221;111420.221;111420.221;111420.221;111420.221;111420.221;111420.221;111420.221;111613.609;111613.609;111613.609;111613.609;111613.609;111614.034;111614.034;111614.034;111614.034;111761.662;111761.662;111761.662;111761.662;111761.662;111761.662;111761.662;111761.662;111820.890;111820.890;111820.890;111820.890;111820.890;111820.890;111820.890;111820.890;111820.890;111820.890;111820.890;111820.890;111820.890;111820.890;111820.890;111820.890;111820.920;111820.920;111820.920;111820.920;111820.920;111821.442;111821.442;111821.442;111821.442;111821.442;111821.442;111821.983;111822.796;111823.884;111823.884;111823.884;111823.884;111824.412;111825.163;111826.133;111826.133;111826.874;111828.239;111828.239;111828.898;111829.530;111829.530;111830.169;111831.374;111831.990;111832.234;111832.262;111832.902;111834.270;111834.472;111834.472;111834.718;111835.257;111835.257;111835.429;111835.558;111835.875;111836.519;111836.616;111836.616;111836.670;111836.721;111837.185;111837.233;111837.290;111837.359;111837.379;111837.397;111837.877;111837.903;111837.924;111838.752;111838.769;111838.779;111839.685;111841.505;111841.513;111841.513;111841.518;111841.523;111841.523;111841.620;111841.626;111841.993;111842.037;111842.041;111842.058;111842.061;111842.063;111842.072;111842.074;111842.075;111842.076;111842.081;111842.082;111842.082;111842.083;111842.083;111842.083;111842.083;111842.083;111842.083;111842.084;111842.084;111842.085;111842.085;111842.085;111842.085;111842.086;111842.086,134
LXNR,1,750,8,17,6030,random,6030,111556.21112671199,112365.89895787863,809.6878311666369,True,359.54956883971863,1.7670391379999728,-578.831 -170.013;341.634 590.004;-341.426 -667.603;-705.648 166.429;44.084 -642.401;275.494 -4.211;703.065 -37.960;-163.229 -193.056,nan;nan;nan;nan;nan;nan;nan;nan;nan;nan;nan;nan;nan;nan;nan;nan;nan;nan;nan;nan;nan;nan;nan;nan;nan;nan;nan;nan;nan;nan;nan;nan;nan;nan;nan;nan;nan;nan;nan;nan;110076.201;110076.201;110076.201;110076.201;110076.201;110076.201;110076.201;110109.038;110109.038;110109.038;111141.147;111141.614;111141.614;111141.614;111174.714;111174.714;111174.714;111174.714;111174.714;111174.714;111174.714;111174.714;111174.714;111174.714;111174.714;111174.714;111174.714;111174.714;111174.714;111174.714;111174.714;111174.714;111174.714;111174.714;111174.714;111174.714;111211.208;111211.208;111215.916;111243.228;111243.228;111243.228;111245.644;111245.644;111408.539;111408.539;111408.539;111408.539;111408.539;111408.539;111408.539;111419.349;111419.349;111419.927;111422.915;111441.497;111457.486;111457.486;111479.529;111479.529;111479.529;111483.959;111493.674;111498.749;111498.749;111498.749;111498.749;111498.749;111533.814;111533.814;111533.814;111537.946;111537.948;111537.948;111538.043;111538.043;111539.310;111539.310;111539.329;111539.431;111539.520;111542.897;111543.310;111543.310;111543.310;111543.310;111544.649;111544.726;111544.769;111544.769;111545.272;111545.985;111545.985;111545.985;111545.985;111546.084;111546.084;111546.245;111546.317;111546.317;111546.402;111546.482;111547.023;111547.311;111548.003;111548.185;111548.687;111548.687;111548.953;111549.106;111549.106;111549.248;111549.351;111549.351;111549.455;111549.563;111549.766;111550.659;111550.730;111551.101;111551.170;111551.220;111551.220;111551.266;111551.306;111551.317;111551.333;111551.352;111551.439;111551.563;111551.573;111551.590;111551.601;111552.026;111552.026;111552.033;111552.036;111552.036;111552.038;111552.042;111552.057;111552.101;111552.103;111552.215;111552.304;111552.535;111552.737;111553.188;111553.937;111555.724;111555.725;111555.725;111555.725;111556.156;111556.156;111556.156;111556.157;111556.157;111556.157;111556.211;111556.211,134
LXNR,1,750,8,29,6030,random,6030,111362.8700126499,112365.89895787863,1003.0289452287252,True,329.4265415610828,1.763589292000006,308.556 -336.600;-318.595 -606.651;-125.083 338.496;-663.283 -350.077;-310.771 610.602;-637.534 236.619;508.484 430.590;87.212 -79.550,nan;nan;nan;107680.008;107680.008;107680.008;107680.008;107680.008;107680.008;107680.008;107680.008;107680.008;108514.247;108514.247;108514.247;108514.247;108514.247;108514.247;108514.247;108514.247;109571.266;109571.266;109571.266;109571.266;109571.266;109571.266;109571.266;109571.266;109571.266;109571.266;109571.266;109571.266;109571.266;109571.266;109571.266;109571.266;109571.266;109571.266;109571.266;109571.266;109571.266;109571.266;109571.266;109571.266;109571.266;109571.266;109571.266;109571.266;109571.266;109571.266;109571.266;109571.266;109571.266;109571.266;109571.266;109571.266;109571.266;109657.554;109657.554;109657.554;109657.554;109657.554;109657.554;109702.631;109702.631;109702.631;109702.631;109702.631;109702.631;109859.763;109859.763;110611.791;111034.497;111034.497;111034.497;111034.497;111034.497;111034.497;111034.497;111034.497;111034.497;111035.499;111035.499;111035.499;111035.499;111066.685;111066.685;111066.685;111066.685;111066.685;111066.685;111071.131;111071.131;111071.131;111071.131;111071.131;111071.131;111169.350;111169.350;111213.156;111261.085;111261.085;111261.085;111261.085;111269.656;111269.947;111275.645;111275.645;111275.645;111275.645;111275.645;111275.645;111275.645;111275.645;111275.871;111279.005;111279.005;111279.005;111279.005;111279.005;111279.098;111279.863;111279.863;111280.646;111283.066;111339.581;111339.581;111341.686;111344.044;111344.044;111345.954;111348.517;111348.517;111349.324;111350.703;111350.984;111352.439;111353.140;111355.107;111355.893;111356.416;111356.416;111356.785;111357.180;111357.180;111358.059;111358.998;111359.239;111359.421;111359.575;111359.575;111359.680;111359.715;111360.005;111360.543;111360.695;111360.695;111360.832;111360.917;111361.201;111362.407;111362.489;111362.489;111362.489;111362.515;111362.515;111362.543;111362.557;111362.557;111362.634;111362.653;111362.653;111362.667;111362.674;111362.701;111362.768;111362.772;111362.772;111362.777;111362.781;111362.802;111362.814;111362.818;111362.831;111362.847;111362.849;111362.849;111362.851;111362.852;111362.852;111362.857;111362.858;111362.865;111362.865;111362.866;111362.867;111362.867;111362.867;111362.868;111362.870;111362.870,134
LXREP,1,750,8,11,6030,random,6030,111738.7840518138,112365.89895787863,627.1149060648313,True,346.01601642013486,1.7892588680000472,108.003 333.503;339.626 -192.851;-581.136 -376.180;653.597 -338.279;107.397 -657.866;-134.897 -152.895;-360.057 159.120;487.136 207.315,nan;nan;nan;nan;nan;nan;nan;nan;nan;nan;nan;nan;nan;nan;nan;nan;nan;nan;nan;nan;nan;nan;nan;nan;nan;nan;nan;nan;nan;110265.873;110265.873;110265.873;110265.873;110265.873;110265.873;110265.873;110265.873;110265.873;110265.873;110265.873;110265.873;110265.873;110265.873;110265.873;110265.873;110265.873;110265.873;110265.873;110265.873;110281.233;110281.233;110281.233;110281.233;110281.233;110281.233;110281.233;110281.233;110281.233;110281.233;110281.233;110281.233;110281.233;110281.233;110281.233;110281.233;110281.233;110281.233;110281.233;110362.810;110362.810;110362.810;110362.810;110362.810;110362.810;110362.810;110362.810;110362.810;110362.810;110362.810;110983.641;110983.641;110983.641;110983.641;110983.641;110983.641;110983.641;111009.889;111009.889;111009.889;111009.889;111218.723;111349.577;111394.720;111394.720;111603.225;111653.353;111653.353;111662.134;111662.134;111662.134;111662.134;111662.134;111662.134;111680.068;111680.068;111680.068;111680.068;111680.068;111707.757;111707.757;111707.757;111707.757;111707.757;111707.757;111708.408;111708.408;111708.408;111708.777;111709.177;111709.177;111709.177;111720.272;111720.272;111720.272;111720.272;111720.272;111720.895;111721.669;111722.625;111723.078;111724.440;111725.297;111725.722;111726.044;111726.559;111727.193;111727.618;111728.018;111728.433;111728.957;111730.065;111730.232;111730.509;111730.974;111731.168;111731.334;111731.390;111731.546;111731.701;111731.939;111732.015;111732.562;111732.832;111732.875;111732.913;111732.997;111733.049;111733.136;111733.184;111733.230;111733.297;111733.316;111733.340;111733.362;111733.955;111734.278;111734.286;111734.768;111734.775;111734.785;111734.792;111734.991;111735.740;111735.746;111736.102;111736.200;111736.208;111736.471;111736.474;111736.512;111736.514;111737.205;111737.248;111737.250;111738.024;111738.025;111738.521;111738.521;111738.780;111738.780;111738.781;111738.781;111738.781;111738.782;111738.782;111738.782;111738.782;111738.783;111738.783;111738.784;111738.784,200
LXREP,1,750,8,23,6030,random,6030,111843.21538061323,112365.89895787863,522.6835772654013,True,333.6120077281127,1.8194253130000106,202.976 310.010;-329.515 201.761;687.019 -158.015;535.858 287.939;66.954 -147.526;-700.066 262.333;-339.799 -667.312;-553.681 -239.648,nan;nan;nan;107226.697;107226.697;107226.697;107226.697;107226.697;107226.697;107226.697;107226.697;107226.697;107226.697;109533.950;109533.950;109533.950;109533.950;109533.950;109533.950;109533.950;109533.950;109533.950;109533.950;109533.950;109533.950;109533.950;109533.950;109533.950;109533.950;109533.950;109533.950;109533.950;109533.950;109533.950;109533.950;109533.950;109533.950;109533.950;109533.950;109533.950;109533.950;109533.950;109533.950;109533.950;109533.950;109533.950;109533.950;109533.950;109533.950;109533.950;109533.950;109533.950;109533.950;109533.950;109533.950;109533.950;109533.950;109965.884;110553.594;110553.594;110553.594;110553.594;110553.594;110553.594;110553.594;110553.594;110553.594;110553.594;110553.594;110553.594;110553.594;110553.594;110553.594;110553.594;110553.594;110553.594;110553.594;110553.594;110553.594;110553.594;110553.594;110553.594;110553.594;110553.594;110553.594;110553.594;110553.594;110553.594;110553.594;111232.036;111712.377;111712.377;111712.398;111712.398;111712.398;111712.398;111712.398;111712.398;111712.398;111712.398;111712.398;111712.521;111712.521;111712.521;111713.254;111741.682;111741.682;111741.682;111741.719;111741.719;111741.719;111776.586;111789.374;111789.428;111820.083;111824.271;111824.271;111824.271;111826.391;111826.579;111827.696;111828.768;111830.333;111830.333;111830.333;111830.333;111830.805;111831.598;111832.321;111832.980;111833.363;111834.625;111834.644;111835.040;111835.384;111835.831;111836.310;111836.441;111836.734;111837.156;111837.430;111837.583;111837.622;111837.777;111838.119;111838.737;111840.294;111840.359;111840.468;111840.899;111840.970;111841.044;111841.093;111841.169;111841.802;111841.833;111841.851;111841.928;111842.006;111842.025;111842.081;111842.111;111842.124;111842.176;111842.190;111842.285;111842.522;111842.616;111842.720;111842.727;111842.995;111843.015;111843.052;111843.053;111843.087;111843.091;111843.103;111843.105;111843.122;111843.124;111843.125;111843.127;111843.129;111843.132;111843.140;111843.211;111843.211;111843.212;111843.213;111843.213;111843.214;111843.214;111843.214;111843.214;111843.215;111843.215;111843.215;111843.215;111843.215;111843.215;111843.215,200
LXU,1,750,8,5,6030,random,6030,111593.45122992022,112365.89895787863,772.4477279584098,True,406.64668251476314,1.7502450300000874,-628.888 -388.055;-632.304 363.834;-90.061 433.112;-87.273 -434.656;154.632 -105.442;546.308 44.457;270.818 620.536;-363.104 -7.846,nan;nan;nan;nan;nan;nan;nan;nan;nan;nan;nan;nan;nan;nan;nan;nan;nan;nan;nan;nan;nan;nan;nan;nan;nan;107875.073;107875.073;109600.609;109600.609;109600.609;109600.609;109600.609;109600.609;109600.609;109600.609;109600.609;109600.609;110060.123;110060.123;110060.123;110060.123;110127.805;110127.805;110127.805;110127.805;110250.343;110250.343;110250.343;110250.343;110251.128;110251.128;110251.128;110251.128;110251.128;110251.128;110251.128;110251.128;110251.128;110251.128;110251.128;110251.128;110251.128;110251.128;110251.128;110251.128;110251.128;110251.128;110351.666;110351.666;111004.430;111004.430;111004.430;111004.430;111004.430;111004.430;111004.430;111004.430;111128.386;111128.386;111128.386;111128.386;111161.597;111161.597;111161.597;111244.802;111244.802;111244.802;111272.166;111272.166;111300.977;111300.977;111301.001;111301.001;111301.001;111301.001;111406.991;111406.991;111475.586;111475.586;111495.423;111495.423;111517.370;111517.370;111517.694;111517.694;111520.659;111520.659;111530.521;111571.461;111571.461;111571.461;111571.461;111571.461;111573.704;111573.704;111573.775;111573.775;111574.614;111575.578;111575.788;111575.788;111576.109;111579.208;111579.496;111579.531;111581.525;111581.525;111581.601;111582.021;111582.506;111583.862;111584.766;111585.013;111587.009;111587.009;111588.934;111588.934;111588.934;111589.477;111590.086;111590.086;111590.904;111590.904;111590.904;111591.192;111592.058;111592.058;111592.505;111592.505;111592.753;111592.753;111592.753;111592.876;111592.876;111592.913;111592.914;111592.948;111592.948;111592.999;111593.087;111593.087;111593.140;111593.140;111593.159;111593.160;111593.173;111593.174;111593.190;111593.190;111593.221;111593.221;111593.223;111593.233;111593.233;111593.237;111593.302;111593.302;111593.335;111593.335;111593.360;111593.360;111593.399;111593.399;111593.433;111593.433;111593.448;111593.448;111593.448;111593.448;111593.448;111593.448;111593.448;111593.449;111593.449;111593.449;111593.450;111593.450;111593.451;111593.451;111593.451;111593.451,100
LXU,1,750,8,17,6030,random,6030,111249.91354930069,112365.89895787863,1115.985408577937,True,389.79952956423796,1.7242782350000425,-54.743 618.864;541.499 486.785;111.384 82.930;-363.830 -562.552;-540.055 58.863;-66.223 -310.812;345.269 -265.472;317.536 -679.304,nan;nan;nan;nan;nan;105181.510;105181.510;105181.510;105181.510;105181.510;105181.510;105181.510;105181.510;105181.510;105181.510;108149.510;108149.510;108946.930;108946.930;108946.930;108946.930;108946.930;108946.930;108946.930;108946.930;108946.930;108946.930;108946.930;108946.930;108946.930;108946.930;108946.930;108946.930;108946.930;108946.930;109120.985;109120.985;109120.985;109120.985;109120.985;109120.985;109120.985;109120.985;109930.775;109930.775;109930.775;109930.775;109930.775;109930.775;109930.775;109930.775;109930.775;109930.775;109930.775;109930.775;109930.775;109930.775;109930.775;109930.775;110520.002;110520.002;110543.461;110543.461;110543.461;110543.461;110908.759;110908.759;110909.128;110909.128;110909.128;110909.128;110909.128;110909.128;110909.128;110909.128;110909.128;110909.128;110910.947;110910.947;110910.947;110910.947;110913.242;110913.242;110913.242;110913.242;111057.396;111057.396;111057.396;111057.396;111076.887;111076.887;111076.887;111076.887;111076.887;111193.674;111202.166;111202.166;111202.166;111202.166;111202.166;111202.166;111226.315;111226.315;111226.315;111226.315;111226.315;111226.315;111226.315;111226.315;111226.315;111226.315;111229.445;111229.445;111229.635;111229.635;111229.635;111229.635;111229.635;111229.635;111229.751;111229.751;111229.751;111233.426;111237.235;111237.235;111237.965;111237.965;111237.965;111238.225;111240.132;111240.132;111240.296;111240.296;111240.319;111240.319;111240.617;111240.617;111241.600;111241.600;111241.803;111242.016;111242.066;111242.066;111242.538;111242.538;111243.125;111243.125;111243.322;111243.506;111243.650;111243.750;111244.466;111244.466;111245.103;111245.103;111246.184;111246.184;111246.747;111246.747;111246.747;111246.790;111246.790;111246.837;111247.665;111247.665;111247.665;111247.707;111248.172;111248.172;111248.320;111248.320;111248.442;111248.442;111248.792;111248.792;111248.792;111248.797;111248.862;111248.862;111248.883;111248.883;111248.892;111248.892;111248.904;111248.904;111248.927;111248.927;111249.116;111249.116;111249.287;111249.287;111249.456;111249.456;111249.617;111249.617;111249.754;111249.754;111249.831;111249.831;111249.914;111249.914,100
LXU,1,750,8,29,6030,random,6030,111331.41962252432,112365.89895787863,1034.4793353543064,True,379.064367810129,1.7285320019999517,-38.940 -421.878;546.021 260.857;-648.860 375.903;-39.079 320.920;-399.571 -538.645;536.769 -262.456;-311.236 656.558;134.253 -44.838,nan;nan;nan;nan;nan;nan;nan;nan;nan;nan;nan;nan;nan;nan;nan;nan;nan;nan;nan;nan;nan;nan;nan;nan;nan;108375.002;108375.002;108375.002;108375.002;108375.002;108375.002;108375.002;108375.002;108609.734;108609.734;108609.734;108609.734;108609.734;108609.734;108609.734;108609.734;108609.734;108609.734;108609.734;108609.734;108609.734;108609.734;108609.734;108609.734;108609.734;108609.734;109365.409;109365.409;109442.132;109442.132;109442.132;109442.132;109442.132;109442.132;109442.132;109442.132;109442.132;109442.132;109981.226;109981.226;110123.357;110123.357;110123.357;110123.357;110123.357;110123.357;110123.357;110123.357;110123.357;110123.357;110123.357;110123.357;110153.760;110153.760;110452.953;110452.953;111240.923;111240.923;111240.923;111240.923;111240.923;111240.923;111240.923;111240.923;111240.923;111240.923;111240.923;111240.923;111240.923;111240.923;111240.923;111240.923;111240.923;111240.923;111244.293;111244.293;111248.736;111248.736;111249.029;111249.029;111249.029;111249.029;111249.231;111249.231;111249.231;111249.231;111285.911;111298.728;111298.728;111298.728;111302.162;111302.162;111304.147;111308.302;111308.428;111308.428;111310.827;111310.827;111311.431;111312.329;111312.329;111312.757;111312.757;111315.787;111315.787;111317.022;111317.022;111318.739;111320.025;111320.409;111323.139;111323.139;111326.607;111326.607;111326.610;111327.130;111327.130;111327.831;111327.875;111327.875;111327.875;111328.124;111328.172;111328.263;111328.841;111328.841;111329.075;111329.075;111329.147;111329.220;111329.220;111329.385;111329.497;111329.497;111329.533;111329.533;111329.634;111329.634;111329.729;111329.729;111329.895;111329.895;111330.072;111330.072;111330.389;111330.389;111330.840;111330.840;111331.140;111331.140;111331.140;111331.148;111331.152;111331.155;111331.233;111331.233;111331.270;111331.270;111331.299;111331.299;111331.299;111331.300;111331.300;111331.301;111331.303;111331.303;111331.304;111331.304;111331.343;111331.343;111331.360;111331.360;111331.395;111331.395;111331.420;111331.420,100
LXC025,1,750,8,11,6030,random,6030,111641.95541908038,112365.89895787863,723.9435387982521,True,413.357483702492,1.734422362000032,176.370 -379.379;-288.275 468.212;-84.884 15.381;675.643 -114.316;-281.453 -365.048;-547.575 48.590;223.039 594.420;541.030 330.325,nan;nan;nan;nan;nan;nan;nan;nan;nan;nan;nan;nan;nan;nan;nan;nan;nan;nan;nan;nan;nan;nan;nan;nan;nan;108911.492;108911.492;108911.492;108911.492;108911.492;108911.492;108911.492;108911.492;108911.492;108911.492;108911.492;108911.492;108911.492;108911.492;108911.492;108911.492;108911.492;108911.492;108911.492;108911.492;108911.492;108911.492;109370.579;109370.579;109370.579;109370.579;109370.579;109370.579;109370.579;109370.579;109370.579;109370.579;109370.579;109370.579;111306.099;111306.099;111306.099;111306.099;111378.358;111378.358;111378.358;111378.358;111378.358;111378.358;111378.358;111378.358;111378.358;111378.358;111378.358;111378.358;111378.358;111378.358;111422.486;111422.486;111422.486;111422.486;111422.486;111422.486;111422.486;111422.486;111422.486;111422.486;111422.486;111422.486;111422.486;111539.097;111539.097;111574.061;111574.061;111574.061;111574.061;111574.061;111574.061;111574.061;111574.061;111574.061;111574.061;111600.910;111600.910;111600.910;111600.910;111600.910;111600.910;111600.910;111600.910;111627.222;111627.222;111635.088;111635.088;111635.088;111635.088;111635.088;111635.088;111635.088;111635.088;111635.088;111635.088;111635.088;111635.088;111635.088;111635.088;111635.088;111635.089;111635.940;111636.462;111636.462;111636.462;111636.862;111637.021;111637.708;111637.708;111638.486;111638.486;111639.000;111639.000;111639.457;111639.457;111639.846;111639.846;111640.114;111640.114;111640.415;111640.415;111640.587;111640.587;111640.700;111640.700;111640.825;111640.825;111640.917;111641.620;111641.620;111641.661;111641.673;111641.673;111641.703;111641.703;111641.732;111641.732;111641.753;111641.827;111641.827;111641.827;111641.836;111641.925;111641.925;111641.925;111641.933;111641.933;111641.940;111641.940;111641.943;111641.943;111641.946;111641.946;111641.949;111641.949;111641.950;111641.950;111641.951;111641.952;111641.952;111641.952;111641.953;111641.953;111641.954;111641.954;111641.955;111641.955;111641.955;111641.955;111641.955;111641.955;111641.955;111641.955;111641.955,100
LXC025,1,750,8,23,6030,random,6030,110983.3609034135,112365.89895787863,1382.538054465127,True,321.2787392502554,1.7844679380000343,60.608 212.104;-669.243 -30.507;366.266 332.743;589.825 80.911;27.077 -309.685;-282.003 33.715;575.277 -474.035;-82.256 -611.788,nan;nan;nan;nan;nan;nan;nan;nan;nan;nan;nan;nan;nan;nan;nan;nan;nan;nan;nan;nan;nan;nan;nan;nan;nan;nan;nan;nan;nan;nan;nan;nan;nan;nan;nan;nan;nan;nan;nan;nan;nan;nan;nan;nan;nan;nan;nan;nan;nan;nan;nan;nan;nan;nan;nan;nan;nan;109471.987;109471.987;109471.987;109471.987;110131.237;110131.237;110131.237;110131.237;110131.237;110131.237;110131.237;110131.237;110131.237;110131.237;110131.237;110131.237;110131.237;110131.237;110131.237;110131.237;110131.237;110131.237;110131.237;110131.237;110831.161;110831.161;110831.161;110831.161;110831.161;110831.161;110831.161;110831.161;110831.161;110831.161;110831.161;110831.161;110831.161;110831.161;110831.161;110831.161;110831.161;110831.161;110831.174;110831.174;110831.174;110831.174;110831.174;110831.174;110831.174;110831.174;110831.174;110831.174;110831.174;110844.246;110844.246;110844.246;110844.246;110861.671;110861.671;110869.946;110869.946;110898.918;110898.918;110913.609;110913.609;110913.609;110913.609;110922.851;110922.851;110971.862;110971.862;110972.690;110974.089;110974.089;110974.997;110974.997;110974.997;110975.805;110975.961;110977.140;110977.140;110978.931;110978.931;110979.918;110980.054;110980.561;110980.599;110981.090;110981.090;110981.596;110981.596;110982.076;110982.076;110982.343;110982.343;110982.565;110982.565;110982.676;110982.676;110982.778;110982.778;110982.881;110982.881;110982.962;110982.962;110982.993;110982.993;110983.056;110983.090;110983.091;110983.091;110983.120;110983.120;110983.146;110983.172;110983.172;110983.181;110983.192;110983.192;110983.203;110983.203;110983.215;110983.333;110983.333;110983.333;110983.339;110983.339;110983.342;110983.354;110983.354;110983.354;110983.356;110983.356;110983.357;110983.357;110983.359;110983.359;110983.360;110983.360;110983.360;110983.360;110983.361;110983.361;110983.361,100
LXC05,1,750,8,5,6030,random,6030,111795.14050317086,112365.89895787863,570.7584547077713,True,344.2983152590398,1.761060374000067,-115.093 -666.352;-111.584 676.824;-457.534 311.289;240.362 -288.348;105.206 138.454;652.666 -368.846;448.970 119.284;-318.327 -84.094,nan;nan;nan;nan;nan;nan;nan;nan;nan;nan;nan;nan;nan;nan;nan;nan;nan;109392.532;109392.532;109392.532;109392.532;109392.532;109392.532;109392.532;109392.532;109392.532;109392.532;109392.532;109392.532;109392.532;109392.532;109392.532;109392.532;109392.532;109392.532;109392.532;109392.532;109392.532;109392.532;109392.532;109392.532;110170.966;110170.966;110170.966;110170.966;110170.966;110170.966;110170.966;110170.966;111223.196;111223.196;111223.196;111223.196;111223.196;111223.196;111376.872;111376.872;111376.872;111376.872;111376.872;111376.872;111522.807;111522.807;111522.807;111522.807;111522.807;111522.807;111522.807;111522.807;111565.555;111565.555;111567.112;111567.112;111567.112;111567.112;111569.102;111569.102;111569.102;111569.102;111569.102;111569.102;111569.102;111569.102;111569.102;111569.102;111569.102;111569.102;111569.102;111569.102;111569.102;111569.102;111593.465;111593.465;111593.465;111593.465;111593.465;111593.465;111593.465;111593.465;111626.368;111626.368;111626.368;111649.016;111649.016;111720.790;111720.790;111720.790;111720.790;111720.790;111720.790;111748.829;111748.829;111748.829;111749.890;111749.890;111749.890;111752.478;111752.478;111755.308;111763.778;111766.546;111766.546;111787.035;111787.117;111788.346;111788.346;111788.531;111788.723;111788.908;111789.017;111790.198;111790.198;111790.666;111791.430;111791.430;111791.430;111792.041;111792.513;111792.513;111792.696;111792.723;111792.958;111792.958;111792.958;111793.053;111793.053;111793.091;111793.113;111793.232;111793.626;111793.626;111793.924;111793.924;111794.437;111794.437;111794.437;111794.463;111794.468;111794.499;111794.511;111794.511;111794.511;111794.530;111794.561;111794.561;111794.612;111794.612;111794.713;111794.713;111794.769;111794.769;111794.855;111794.855;111794.896;111794.896;111795.040;111795.040;111795.090;111795.090;111795.098;111795.098;111795.124;111795.124;111795.127;111795.127;111795.127;111795.128;111795.135;111795.135;111795.140;111795.140;111795.140;111795.140;111795.140;111795.140;111795.140;111795.140;111795.140;111795.140;111795.140;111795.141,100
LXC05,1,750,8,17,6030,random,6030,111851.10424850966,112365.89895787863,514.7947093689727,True,352.1588168162975,1.7217503550000401,-488.298 546.557;685.001 88.105;140.239 607.413;-483.184 -270.660;536.542 407.442;-692.225 176.586;533.957 -351.586;129.353 -284.761,nan;nan;nan;nan;nan;107650.056;107650.056;107650.056;107650.056;107650.056;107650.056;109959.511;109959.511;109959.511;109959.511;109959.511;109959.511;109959.511;109959.511;109959.511;109959.511;109959.511;109959.511;109959.511;109959.511;109959.511;109959.511;110294.384;110294.384;110294.384;110294.384;110294.384;110294.384;110294.384;110294.384;110294.384;110294.384;110294.384;110294.384;110294.384;110294.384;110309.749;110309.749;110309.749;110309.749;110309.749;110309.749;110309.749;110309.749;110342.451;110342.451;110342.451;110342.451;110342.451;110342.451;110342.451;110342.451;110342.451;110342.451;110342.451;110342.451;110350.929;110350.929;110351.210;110351.210;111071.726;111071.726;111071.726;111071.726;111071.726;111071.726;111071.726;111071.726;111083.645;111083.645;111083.645;111085.709;111085.709;111085.709;111085.709;111085.709;111085.709;111085.709;111590.350;111590.350;111590.350;111590.350;111590.350;111590.350;111590.350;111590.350;111792.997;111792.997;111792.997;111792.997;111792.997;111792.997;111792.997;111792.997;111792.997;111792.997;111792.997;111792.997;111793.668;111818.334;111828.715;111828.715;111828.715;111828.715;111828.715;111828.715;111829.252;111829.252;111831.583;111845.078;111845.078;111845.078;111845.078;111845.078;111845.078;111845.078;111845.078;111845.773;111846.409;111846.409;111846.421;111846.421;111847.112;111847.112;111847.135;111847.203;111847.737;111848.010;111848.010;111848.895;111848.895;111848.966;111848.966;111849.300;111849.427;111849.632;111849.632;111849.892;111849.892;111850.011;111850.011;111850.140;111850.140;111850.287;111850.514;111850.514;111850.695;111850.695;111850.861;111850.861;111850.861;111850.919;111850.919;111850.951;111851.009;111851.009;111851.009;111851.030;111851.030;111851.039;111851.039;111851.044;111851.046;111851.051;111851.051;111851.056;111851.056;111851.060;111851.065;111851.065;111851.065;111851.068;111851.095;111851.095;111851.095;111851.096;111851.096;111851.097;111851.097;111851.098;111851.100;111851.100;111851.100;111851.100;111851.103;111851.103;111851.103;111851.103;111851.103;111851.104;111851.104;111851.104;111851.104;111851.104;111851.104;111851.104,100
LXC05,1,750,8,29,6030,random,6030,111056.46274969412,112365.89895787863,1309.436208184503,True,356.71755906392195,1.856388708000054,-80.745 -100.675;-142.039 -727.427;-468.750 491.351;-706.945 -247.765;300.125 -302.249;726.977 66.302;-228.487 224.009;586.945 433.480,nan;nan;nan;nan;nan;nan;nan;nan;nan;nan;nan;nan;nan;nan;nan;nan;nan;nan;nan;nan;nan;nan;nan;nan;nan;nan;nan;nan;nan;nan;nan;nan;nan;nan;nan;nan;nan;nan;nan;nan;nan;nan;nan;nan;nan;nan;nan;109070.362;109070.362;109070.362;109070.362;109154.208;109154.208;109154.208;109154.208;109154.208;109154.208;109154.208;109154.208;109154.208;109154.208;109154.208;109154.208;109154.208;109154.208;109154.208;109154.208;109154.208;109154.208;109154.208;109154.208;109414.432;109414.432;109414.432;109414.432;109414.432;109414.432;109414.432;110834.156;110834.156;110834.156;110834.156;110834.156;110834.156;110834.156;110847.443;110847.443;110847.443;110847.443;110861.014;110861.014;110861.014;110861.014;110861.014;110861.014;110873.232;110873.232;110899.302;110899.302;110937.302;110938.014;110938.014;110938.014;110985.326;111001.562;111010.514;111010.514;111010.514;111010.514;111010.514;111013.186;111030.963;111030.963;111030.963;111030.963;111030.963;111030.963;111030.963;111030.963;111030.963;111032.695;111033.745;111033.745;111035.477;111036.432;111036.432;111041.170;111045.325;111045.325;111045.325;111048.375;111048.375;111049.897;111049.897;111049.897;111049.897;111050.048;111050.740;111050.740;111050.898;111051.893;111051.893;111052.405;111053.159;111053.257;111054.117;111054.117;111054.117;111054.548;111054.548;111054.867;111054.867;111055.071;111055.071;111055.335;111055.335;111055.475;111055.475;111055.552;111055.552;111055.635;111055.801;111055.801;111055.856;111055.856;111055.856;111055.918;111056.004;111056.004;111056.004;111056.030;111056.054;111056.054;111056.248;111056.248;111056.248;111056.260;111056.260;111056.268;111056.268;111056.275;111056.275;111056.280;111056.307;111056.307;111056.307;111056.310;111056.344;111056.344;111056.455;111056.455;111056.457;111056.457;111056.462;111056.462;111056.462;111056.462;111056.462;111056.463;111056.463;111056.463,100
LXC2,1,750,8,11,6030,random,6030,111285.57077493814,112365.89895787863,1080.3281829404877,True,350.24854876540934,1.8646275419999938,-656.025 -236.165;686.354 -1.627;302.647 673.160;502.202 -544.645;-360.674 184.460;-558.623 473.406;161.729 241.366;-3.510 -361.271,nan;nan;nan;nan;nan;nan;nan;nan;nan;nan;nan;nan;nan;nan;nan;nan;nan;nan;nan;nan;nan;nan;nan;nan;nan;nan;nan;nan;nan;nan;nan;nan;nan;nan;nan;nan;nan;nan;nan;110438.592;110438.592;110438.592;110438.592;110438.592;110438.592;110438.592;110438.592;110438.592;110438.592;110438.592;110438.592;110496.629;110496.629;110496.629;110496.629;110496.629;110496.629;110534.695;110534.695;110534.695;110534.695;110534.695;110534.695;110534.695;110534.695;110534.695;110534.695;110534.695;110534.695;110534.695;110534.695;110534.695;110534.695;110534.942;110534.942;110534.942;110534.942;110534.942;110534.942;110534.942;110534.942;110534.942;110538.558;110538.558;110697.942;110697.942;110920.823;111011.663;111052.778;111052.778;111052.778;111060.522;111072.430;111086.939;111110.295;111110.295;111122.695;111169.122;111169.122;111174.193;111174.193;111177.621;111177.621;111177.621;111192.052;111192.052;111192.548;111192.548;111192.548;111194.321;111194.321;111194.321;111194.321;111194.321;111198.553;111200.268;111200.268;111211.254;111211.254;111232.571;111232.571;111234.014;111235.631;111236.917;111236.917;111236.959;111240.033;111245.573;111245.573;111264.952;111264.952;111264.952;111267.175;111267.175;111268.794;111279.154;111279.154;111279.154;111279.767;111280.253;111280.349;111280.987;111280.987;111280.987;111281.382;111281.780;111281.780;111282.179;111282.179;111282.179;111282.410;111282.491;111282.566;111284.389;111284.389;111284.389;111284.488;111284.702;111284.702;111284.702;111284.752;111284.752;111284.810;111284.959;111284.959;111284.959;111284.991;111285.223;111285.223;111285.242;111285.242;111285.242;111285.257;111285.257;111285.265;111285.265;111285.266;111285.270;111285.274;111285.299;111285.299;111285.350;111285.350;111285.455;111285.455;111285.455;111285.458;111285.541;111285.541;111285.543;111285.543;111285.543;111285.544;111285.561;111285.561;111285.563;111285.563;111285.563;111285.563;111285.571;111285.571,100
LXC2,1,750,8,23,6030,random,6030,111837.68612105033,112365.89895787863,528.2128368283011,True,335.4168424203458,1.7582631569999876,107.371 -588.548;-264.426 -651.281;-266.102 388.536;-79.746 -160.398;376.695 406.491;138.070 695.299;-519.434 168.701;589.453 -206.592,nan;nan;nan;nan;nan;nan;nan;nan;nan;nan;nan;nan;nan;nan;nan;nan;nan;nan;nan;nan;nan;108695.811;108695.811;108695.811;108695.811;108695.811;108695.811;108695.811;108695.811;108695.811;108695.811;108695.811;108695.811;108695.811;108695.811;108695.811;108695.811;108695.811;108695.811;108695.811;108695.811;110964.689;110964.689;110964.689;110964.689;110964.689;110964.689;110964.689;110964.689;110964.689;110964.689;110964.689;110964.689;110964.689;110964.689;110964.689;110964.689;110964.689;110964.689;110964.689;110964.689;110964.689;110964.689;110964.689;110964.689;110964.689;110964.689;110964.689;110964.689;110964.689;110964.689;110988.496;110988.496;110988.496;110988.496;110988.496;110988.496;110988.496;110988.496;110988.496;111444.707;111444.707;111444.707;111444.707;111444.707;111444.707;111444.707;111444.707;111444.707;111444.707;111444.707;111481.184;111481.184;111485.041;111532.684;111532.684;111532.684;111532.684;111532.684;111532.684;111532.684;111552.073;111552.073;111552.073;111552.073;111552.073;111596.922;111596.922;111596.922;111596.922;111612.999;111612.999;111691.416;111691.485;111799.277;111815.415;111815.415;111816.466;111817.362;111817.362;111819.791;111820.510;111821.064;111821.064;111822.502;111822.502;111823.756;111824.592;111824.592;111826.606;111826.606;111826.606;111827.253;111829.914;111829.914;111831.065;111831.065;111831.065;111831.209;111831.209;111831.617;111831.617;111831.764;111832.615;111832.615;111832.615;111832.742;111832.742;111832.829;111832.829;111832.948;111833.374;111833.374;111833.374;111833.459;111833.565;111833.565;111834.200;111834.200;111836.564;111836.564;111836.988;111836.988;111836.988;111837.005;111837.005;111837.020;111837.305;111837.305;111837.407;111837.407;111837.407;111837.411;111837.428;111837.428;111837.428;111837.430;111837.430;111837.432;111837.520;111837.520;111837.675;111837.675;111837.675;111837.676;111837.678;111837.678;111837.678;111837.679;111837.679;111837.679;111837.679;111837.679;111837.679;111837.680;111837.685;111837.685;111837.685;111837.685;111837.686;111837.686,100
LXNR,2,750,8,5,6030,random,6030,57280.59096254345,58523.02715747732,1242.4361949338709,True,366.49368180195364,1.7544898940000166,-217.649 255.159;-501.946 -470.674;583.683 258.048;-704.288 -54.245;-11.131 749.917;346.521 -254.257;-463.164 527.262;16.167 -749.652,nan;nan;nan;nan;nan;nan;nan;nan;nan;nan;nan;nan;nan;nan;nan;54786.913;54786.913;54786.913;55817.859;55817.859;55817.859;55817.859;56290.338;56290.338;56290.338;56290.338;56290.338;56290.338;56290.338;56290.338;56290.338;56290.338;56290.338;56290.338;56290.338;56290.338;56290.338;56290.338;56290.338;56290.338;56290.338;56364.911;56364.911;56364.911;56364.911;56364.911;56416.589;56416.589;56416.589;56416.589;56416.589;56416.589;56416.589;56416.589;56416.589;56416.589;56416.589;56416.589;56416.589;56417.687;56417.687;56417.687;56417.687;56491.086;56491.086;56491.086;56491.086;56491.086;56491.086;56491.086;56491.086;56491.086;56491.086;56491.086;56491.086;56491.086;56491.086;56491.086;56566.061;56566.061;56566.061;56566.061;56566.061;56566.061;56566.061;56566.061;56566.061;56566.061;56566.061;56663.352;56663.352;56663.352;56663.352;56767.248;56767.248;56768.511;56775.072;56777.043;56777.043;56821.576;56821.576;56821.576;56828.187;56933.387;56933.387;57068.021;57184.122;57184.974;57186.948;57193.079;57193.079;57193.226;57193.226;57206.565;57206.565;57228.552;57265.034;57265.285;57266.673;57268.410;57270.525;57270.525;57270.525;57271.337;57272.189;57273.006;57273.009;57273.009;57273.009;57273.826;57273.826;57273.826;57273.939;57274.290;57274.290;57274.356;57274.356;57275.058;57275.058;57275.433;57275.573;57275.573;57276.452;57276.705;57276.705;57277.013;57277.319;57278.296;57278.615;57278.819;57278.819;57278.819;57278.939;57278.939;57279.024;57279.123;57279.123;57279.169;57279.214;57279.265;57279.368;57279.425;57279.904;57279.936;57279.965;57279.994;57280.014;57280.038;57280.041;57280.230;57280.246;57280.246;57280.280;57280.288;57280.474;57280.496;57280.503;57280.503;57280.507;57280.513;57280.535;57280.538;57280.541;57280.541;57280.543;57280.544;57280.574;57280.584;57280.585;57280.587;57280.588;57280.589;57280.589;57280.589;57280.590;57280.590;57280.590;57280.590;57280.590;57280.591;57280.591,134
LXNR,2,750,8,17,6030,random,6030,57083.937785823255,58523.02715747732,1439.0893716540668,True,427.3026347396032,1.808132179999916,-714.758 -128.091;448.827 543.361;-362.560 -617.166;-617.954 408.609;291.926 -646.556;218.797 183.259;642.953 -271.030;-62.391 -269.931,nan;nan;nan;nan;nan;nan;nan;nan;nan;nan;nan;nan;nan;nan;nan;nan;nan;nan;nan;nan;nan;nan;nan;nan;nan;nan;nan;nan;nan;nan;nan;nan;nan;nan;nan;nan;nan;nan;nan;nan;55809.757;55809.757;55809.757;55809.757;55809.757;55809.757;55809.757;55809.757;55809.757;55809.757;55809.757;55809.757;55809.757;55809.757;55809.757;55809.757;55908.243;55950.610;55950.610;55950.610;56033.541;56033.541;56033.541;56033.541;56033.541;56168.362;56243.874;56243.874;56243.874;56243.874;56243.874;56291.017;56557.889;56557.889;56557.889;56557.889;56557.889;56557.889;56559.246;56605.703;56605.703;56605.703;56605.703;56605.703;56605.703;56605.703;56615.288;56657.760;56657.760;56657.760;56657.760;56756.567;56756.936;56756.936;56756.936;56769.135;56769.135;56824.636;56824.636;56824.636;56825.200;56838.992;56838.992;56949.731;56949.731;56949.731;57012.261;57012.261;57012.261;57012.261;57012.392;57012.392;57012.395;57012.395;57012.395;57012.395;57012.757;57012.757;57017.031;57048.031;57048.031;57050.675;57057.737;57066.124;57066.124;57066.141;57066.412;57066.819;57066.872;57066.901;57068.873;57069.782;57069.782;57070.578;57071.757;57071.757;57072.828;57073.972;57073.972;57074.406;57075.386;57075.386;57075.992;57076.692;57076.692;57076.855;57077.271;57077.451;57077.827;57078.043;57078.043;57078.216;57078.429;57078.429;57078.527;57080.466;57080.466;57080.541;57080.596;57080.596;57080.643;57080.695;57080.808;57080.976;57080.998;57080.998;57081.015;57081.046;57081.063;57081.304;57081.314;57081.341;57081.347;57081.374;57081.508;57081.520;57081.529;57081.681;57081.686;57081.693;57081.693;57081.868;57081.870;57082.049;57082.214;57082.216;57082.423;57082.889;57083.644;57083.644;57083.645;57083.646;57083.646;57083.840;57083.840;57083.883;57083.937;57083.937;57083.937;57083.938;57083.938,134
LXNR,2,750,8,29,6030,random,6030,56895.249924651296,58523.02715747732,1627.7772328260253,True,392.7240601833679,1.8527507590000596,-23.230 -748.838;560.532 -498.163;-425.780 -615.423;-315.724 -9.589;-39.954 721.536;-500.596 418.508;309.835 208.140;57.501 -131.799,nan;nan;nan;55019.193;55019.193;55019.193;55019.193;55019.193;55019.193;55019.193;55019.193;55019.193;55412.092;55608.606;55608.606;55608.606;55608.606;55608.606;55608.606;55608.606;55608.606;55608.606;55608.606;55608.606;55608.606;55608.606;55608.606;55608.606;56227.718;56227.718;56323.020;56323.020;56323.020;56323.020;56323.020;56323.020;56323.020;56323.020;56323.020;56364.907;56364.907;56364.907;56364.907;56364.907;56413.783;56413.783;56413.783;56413.783;56413.783;56413.783;56413.783;56413.783;56413.783;56413.783;56413.783;56413.783;56413.783;56414.009;56414.009;56414.009;56414.009;56414.009;56414.009;56414.009;56414.009;56414.009;56414.009;56414.009;56414.009;56414.009;56414.009;56414.009;56414.009;56414.009;56414.009;56414.009;56414.009;56414.009;56414.009;56414.009;56414.009;56414.009;56414.009;56414.009;56414.009;56414.009;56414.009;56414.009;56414.009;56436.596;56656.552;56656.552;56656.552;56665.213;56848.838;56848.838;56848.838;56874.056;56874.056;56874.056;56874.056;56874.056;56874.056;56874.056;56874.056;56874.056;56874.056;56874.056;56874.056;56874.056;56874.056;56874.056;56874.056;56874.056;56874.056;56874.056;56874.056;56874.160;56875.701;56875.701;56876.060;56876.060;56876.452;56876.452;56876.452;56876.490;56876.490;56876.768;56877.613;56877.613;56878.755;56881.558;56881.558;56881.558;56884.092;56884.092;56885.593;56886.482;56886.482;56888.531;56889.233;56889.233;56890.265;56890.904;56890.904;56891.194;56891.693;56891.693;56892.163;56892.616;56892.616;56892.963;56892.977;56893.018;56893.544;56893.670;56893.670;56893.824;56893.853;56893.853;56893.927;56894.019;56894.098;56894.181;56894.587;56894.762;56894.789;56894.927;56894.927;56894.952;56894.966;56894.966;56894.991;56895.006;56895.006;56895.076;56895.089;56895.089;56895.164;56895.168;56895.168;56895.169;56895.172;56895.174;56895.220;56895.221;56895.232;56895.236;56895.238;56895.238;56895.241;56895.242;56895.242;56895.243;56895.244;56895.244;56895.244;56895.245;56895.249;56895.250;56895.250,134
LXREP,2,750,8,11,6030,random,6030,57068.759216309394,58523.02715747732,1454.2679411679273,True,327.84885503014266,1.8405166790000749,-464.034 499.783;289.953 234.802;-300.071 -58.071;439.806 -365.637;238.418 -648.593;-367.704 -415.377;-647.521 228.090;196.126 723.761,nan;nan;nan;nan;nan;nan;nan;nan;nan;nan;nan;nan;nan;nan;nan;nan;nan;nan;nan;nan;nan;nan;nan;nan;nan;nan;nan;nan;nan;54947.670;54947.670;54947.670;54947.670;54947.670;54947.670;54947.670;55005.956;55005.956;55005.956;55005.956;55005.956;55005.956;55005.956;55005.956;55005.956;55005.956;55005.956;55005.956;55005.956;55005.956;55005.956;55005.956;55005.956;55005.956;55005.956;55005.956;55005.956;55339.159;55357.604;55357.604;55357.604;55357.604;55598.483;55598.483;55598.483;55598.483;55598.483;55598.483;55637.986;55637.986;55637.986;55674.075;55674.075;55674.075;55674.075;55674.075;55674.075;56340.784;56688.930;56700.060;56700.060;56700.060;56700.060;56700.060;56700.060;56700.060;56700.060;56700.060;56704.136;56710.725;56710.725;56769.152;56771.396;56771.396;56771.396;56812.854;56812.854;56860.834;56860.834;56860.834;56860.834;56860.834;56897.507;56972.761;56972.761;56973.305;56973.305;56973.305;56973.305;56973.305;56973.305;56973.305;56973.305;56973.305;56977.064;56977.064;56977.064;56977.064;56977.064;56978.840;56982.108;56985.315;56985.315;56986.270;56987.186;56988.154;56989.724;56990.651;56992.474;56992.851;56992.851;56994.339;56994.339;56994.804;56995.752;56996.747;56997.528;56998.137;56998.699;56999.351;57000.071;57000.466;57000.653;57001.419;57001.732;57002.228;57002.516;57002.733;57003.047;57003.172;57003.391;57003.516;57003.664;57004.098;57004.284;57004.417;57004.488;57004.739;57005.229;57005.346;57005.380;57010.285;57010.335;57067.331;57067.842;57068.124;57068.147;57068.186;57068.205;57068.222;57068.238;57068.259;57068.278;57068.300;57068.394;57068.404;57068.415;57068.422;57068.476;57068.547;57068.553;57068.558;57068.561;57068.563;57068.565;57068.567;57068.743;57068.745;57068.747;57068.748;57068.749;57068.749;57068.750;57068.751;57068.751;57068.752;57068.752;57068.757;57068.758;57068.759;57068.759,200
LXREP,2,750,8,23,6030,random,6030,55790.0191867865,58523.02715747732,2733.007970690822,True,336.1674472123001,1.9106115869999485,117.968 390.976;-366.802 181.917;748.862 -21.215;506.512 267.859;85.881 -68.541;-732.812 151.823;-342.218 -649.976;-408.421 -320.392,nan;nan;nan;54307.111;54307.111;55008.399;55008.399;55008.399;55008.399;55008.399;55008.399;55008.399;55008.399;55008.399;55008.399;55008.399;55008.399;55008.399;55008.399;55008.399;55008.399;55008.399;55438.598;55438.598;55438.598;55438.598;55438.598;55438.598;55438.598;55438.598;55438.598;55438.598;55438.598;55438.598;55438.598;55438.598;55438.598;55438.598;55438.598;55438.598;55438.598;55438.598;55438.598;55438.598;55438.598;55438.598;55438.598;55438.598;55438.598;55438.598;55438.598;55438.598;55438.598;55438.598;55438.598;55438.598;55439.140;55439.140;55439.140;55439.140;55439.140;55439.140;55439.140;55439.140;55439.140;55439.140;55439.140;55439.140;55439.140;55439.140;55439.140;55439.140;55439.140;55439.140;55439.140;55439.140;55439.140;55439.140;55439.140;55439.140;55439.140;55439.140;55439.140;55439.140;55439.140;55439.140;55439.140;55439.140;55439.140;55439.140;55439.140;55439.140;55439.694;55439.694;55439.694;55439.694;55439.694;55439.694;55439.694;55439.694;55500.386;55500.428;55500.428;55500.428;55500.428;55500.428;55500.537;55500.537;55501.287;55507.276;55558.884;55689.866;55692.601;55692.601;55693.892;55693.892;55705.134;55709.943;55718.503;55727.181;55730.923;55737.774;55739.962;55748.418;55754.532;55761.806;55762.607;55765.536;55768.573;55768.977;55769.188;55769.188;55769.188;55770.347;55770.347;55771.800;55771.991;55773.473;55774.823;55776.003;55777.616;55777.986;55778.115;55778.658;55779.330;55780.219;55780.235;55780.235;55780.723;55780.756;55780.949;55781.166;55781.415;55781.432;55781.432;55781.563;55781.563;55781.573;55781.615;55781.666;55781.751;55781.801;55782.319;55782.678;55782.713;55782.809;55783.087;55783.143;55783.168;55783.229;55783.531;55783.565;55783.585;55783.738;55784.387;55785.386;55786.752;55788.148;55788.429;55789.529;55789.537;55789.541;55789.591;55789.596;55789.598;55789.655;55789.720;55789.805;55789.806;55789.808;55789.809;55789.811;55789.813;55789.886;55790.016;55790.017;55790.017;55790.018;55790.018;55790.019;55790.019,200
LXU,2,750,8,5,6030,random,6030,56723.2408296926,58523.02715747732,1799.786327784721,True,361.7023243619548,1.8090451189999612,-603.379 -398.940;-424.384 238.980;-100.443 512.912;-164.867 -529.683;165.379 220.969;538.070 -120.184;301.786 686.547;-356.805 -116.353,nan;nan;nan;nan;nan;nan;nan;nan;nan;nan;nan;nan;nan;nan;nan;nan;nan;nan;nan;nan;nan;nan;nan;nan;nan;54781.757;54781.757;54859.861;54859.861;55358.880;55358.880;55358.880;55358.880;55358.880;55358.880;55358.880;55358.880;55358.880;55358.880;55358.880;55358.880;55358.880;55358.880;55358.880;55358.880;55673.641;55673.641;55673.641;55673.641;55673.641;55673.641;55673.641;55673.641;55673.641;55673.641;55673.641;55673.641;55673.641;55673.641;55673.641;55673.641;55673.641;55673.641;55673.641;55673.641;56154.722;56154.722;56154.722;56154.722;56154.722;56154.722;56154.722;56154.722;56154.722;56154.722;56154.722;56154.722;56279.776;56279.776;56377.294;56377.294;56377.294;56377.294;56377.294;56377.294;56456.502;56456.502;56484.695;56484.695;56484.695;56484.695;56484.821;56484.821;56484.821;56484.821;56484.821;56484.821;56598.228;56598.228;56598.228;56598.228;56598.426;56598.426;56598.426;56598.426;56600.056;56636.238;56636.238;56636.238;56640.468;56640.468;56680.994;56680.994;56680.994;56680.994;56680.994;56680.994;56680.994;56680.994;56680.994;56702.343;56702.397;56702.397;56707.256;56707.314;56708.003;56708.003;56708.901;56708.901;56709.027;56709.189;56711.105;56711.799;56711.918;56713.159;56713.159;56714.329;56715.885;56715.885;56716.825;56716.825;56717.486;56717.515;56717.515;56718.298;56719.035;56719.035;56719.364;56719.439;56720.740;56720.740;56720.740;56721.006;56721.061;56721.133;56721.280;56721.280;56721.445;56721.445;56722.497;56722.497;56722.610;56722.610;56722.613;56722.645;56722.981;56722.981;56722.981;56723.002;56723.017;56723.024;56723.059;56723.059;56723.105;56723.105;56723.105;56723.112;56723.143;56723.143;56723.162;56723.162;56723.180;56723.180;56723.201;56723.201;56723.210;56723.210;56723.228;56723.228;56723.229;56723.229;56723.239;56723.239;56723.239;56723.240;56723.240;56723.240;56723.240;56723.241;56723.241;56723.241,100
LXU,2,750,8,17,6030,random,6030,57061.9387494267,58523.02715747732,1461.088408050622,True,427.87515322080264,1.8614372179999918,-62.612 746.456;483.535 561.599;83.381 110.074;-176.011 -726.138;-370.612 340.470;-239.287 -284.676;445.992 -117.060;380.015 -640.370,nan;nan;nan;nan;nan;55482.281;55482.281;55482.281;55482.281;55482.281;55482.281;55482.281;55482.281;55482.281;55482.281;55570.158;55570.158;56038.710;56038.710;56038.710;56038.710;56038.710;56038.710;56038.710;56038.710;56038.710;56038.710;56038.710;56038.710;56038.710;56038.710;56038.710;56038.710;56038.710;56038.710;56066.447;56066.447;56066.447;56066.447;56066.447;56066.447;56066.447;56066.447;56066.447;56066.447;56066.447;56066.447;56066.447;56066.447;56066.447;56066.447;56066.447;56066.447;56066.447;56066.447;56066.447;56066.447;56066.447;56066.447;56088.905;56088.905;56088.905;56088.905;56088.905;56088.905;56088.905;56088.905;56091.396;56091.396;56108.679;56108.679;56278.741;56278.741;56446.564;56446.564;56585.948;56585.948;56585.948;56585.948;56585.948;56585.948;56586.874;56586.874;56595.240;56595.240;56595.473;56595.473;56636.627;56636.627;56656.424;56656.424;56656.424;56656.424;56769.916;56769.916;56828.807;56828.807;56856.695;56856.695;56856.695;56856.695;56856.695;56856.695;56900.940;56900.940;56900.940;56900.940;56901.969;56901.969;56901.969;56901.969;56914.684;56917.415;56925.317;56925.317;56928.832;56928.832;56929.941;56931.179;56931.283;56937.577;56943.719;56943.719;56943.719;56949.079;57049.047;57049.047;57049.047;57052.853;57053.769;57053.769;57054.873;57054.873;57055.107;57056.040;57057.477;57057.477;57057.477;57057.919;57057.919;57058.443;57058.636;57058.976;57058.985;57059.663;57060.084;57060.084;57060.257;57060.277;57060.429;57060.597;57061.047;57061.047;57061.047;57061.056;57061.191;57061.191;57061.302;57061.302;57061.569;57061.569;57061.569;57061.625;57061.631;57061.654;57061.672;57061.672;57061.687;57061.687;57061.714;57061.714;57061.754;57061.754;57061.816;57061.816;57061.862;57061.862;57061.896;57061.896;57061.896;57061.902;57061.902;57061.904;57061.905;57061.906;57061.908;57061.908;57061.919;57061.919;57061.930;57061.930;57061.936;57061.936;57061.937;57061.937;57061.937;57061.937;57061.938;57061.938;57061.939;57061.939,100
LXU,2,750,8,29,6030,random,6030,56608.99879003532,58523.02715747732,1914.0283674419989,True,318.2905662079222,1.8356893100000207,-311.193 -302.887;709.608 15.657;-611.970 371.910;-44.854 213.617;-490.462 -565.892;505.107 -421.939;-336.224 670.407;98.700 -94.604,nan;nan;nan;nan;nan;nan;nan;nan;nan;nan;nan;nan;nan;nan;nan;nan;nan;nan;nan;nan;nan;nan;nan;nan;nan;55306.119;55306.119;55306.119;55306.119;55306.119;55306.119;55306.119;55306.119;55306.119;55306.119;55306.119;55306.119;55306.119;55306.119;55306.119;55306.119;55306.119;55306.119;55306.119;55306.119;55306.119;55306.119;55306.119;55306.119;55306.119;55306.119;55619.544;55619.544;55675.125;55675.125;55675.125;55675.125;55675.125;55675.125;55675.125;55675.125;55675.125;55675.125;56027.214;56027.214;56027.214;56027.214;56027.214;56027.214;56027.214;56027.214;56027.214;56027.214;56027.214;56027.214;56027.214;56027.214;56134.413;56134.413;56134.413;56134.413;56134.413;56134.413;56300.071;56300.071;56300.071;56300.071;56300.071;56300.071;56330.528;56330.528;56438.455;56438.455;56438.455;56438.455;56438.455;56438.455;56440.892;56440.892;56440.892;56440.892;56498.879;56498.879;56513.991;56513.991;56513.991;56513.991;56515.098;56515.098;56516.222;56519.741;56525.861;56525.861;56527.900;56527.900;56531.705;56531.705;56532.495;56532.495;56532.685;56566.429;56569.094;56569.094;56569.782;56577.341;56579.775;56579.775;56581.291;56582.459;56583.100;56585.216;56585.216;56587.771;56590.760;56590.760;56591.711;56592.956;56594.208;56594.208;56594.211;56594.983;56594.983;56595.929;56596.397;56596.397;56597.193;56597.193;56600.193;56600.193;56604.251;56604.251;56604.251;56604.411;56604.427;56604.568;56604.568;56604.743;56605.184;56605.184;56605.379;56605.379;56605.541;56605.541;56605.611;56605.611;56605.690;56605.690;56605.865;56605.865;56606.084;56606.084;56606.424;56606.424;56606.975;56606.975;56607.456;56607.456;56607.860;56607.860;56608.306;56608.306;56608.580;56608.580;56608.829;56608.829;56608.829;56608.830;56608.978;56608.978;56608.978;56608.979;56608.988;56608.988;56608.989;56608.989;56608.995;56608.995;56608.996;56608.996;56608.999;56608.999,100
LXC025,2,750,8,11,6030,random,6030,56856.77950558755,58523.02715747732,1666.2476518897747,True,343.0165759863843,1.8608900589999848,72.246 -261.481;-511.600 545.725;-77.551 47.098;570.595 -486.731;-248.961 -610.252;-708.022 247.327;78.035 711.781;577.024 326.624,nan;nan;nan;nan;nan;nan;nan;nan;nan;nan;nan;nan;nan;nan;nan;nan;nan;nan;nan;nan;nan;nan;nan;nan;nan;55616.590;55616.590;55616.590;55616.590;55616.590;55616.590;55616.590;55616.590;55616.590;55616.590;55616.590;55616.590;55616.590;55616.590;55616.590;55616.590;55616.590;55616.590;55616.590;55616.590;55616.590;55616.590;55616.590;55616.590;55616.590;55616.590;55616.590;55616.590;55616.590;55616.590;55616.590;55616.590;55616.590;55616.590;55616.590;55616.590;55616.590;55616.590;55616.590;55616.590;56122.917;56122.917;56122.917;56122.917;56122.917;56122.917;56122.917;56122.917;56494.209;56494.209;56494.209;56494.209;56644.822;56644.822;56672.118;56672.118;56673.967;56673.967;56680.043;56680.043;56680.043;56680.043;56680.043;56680.043;56680.043;56680.043;56680.043;56680.043;56684.434;56684.434;56684.434;56684.434;56684.434;56684.434;56684.434;56746.333;56746.333;56746.333;56746.333;56746.333;56746.333;56747.327;56829.602;56829.602;56829.602;56829.602;56829.602;56829.602;56845.005;56845.005;56847.972;56847.972;56847.972;56847.972;56847.972;56847.972;56848.867;56848.867;56848.867;56848.867;56848.867;56848.867;56849.478;56849.478;56849.478;56849.478;56849.633;56851.154;56851.154;56851.638;56851.910;56852.585;56852.585;56853.653;56853.653;56854.557;56854.557;56855.084;56855.174;56855.338;56855.338;56855.638;56855.647;56855.799;56855.799;56855.903;56855.903;56856.056;56856.128;56856.167;56856.167;56856.273;56856.320;56856.392;56856.392;56856.467;56856.467;56856.505;56856.505;56856.539;56856.636;56856.636;56856.636;56856.642;56856.642;56856.662;56856.662;56856.675;56856.675;56856.689;56856.689;56856.694;56856.694;56856.699;56856.699;56856.704;56856.705;56856.710;56856.732;56856.732;56856.733;56856.733;56856.733;56856.735;56856.735;56856.736;56856.767;56856.767;56856.767;56856.767;56856.767;56856.768;56856.779;56856.779;56856.779;56856.780,100
LXC025,2,750,8,23,6030,random,6030,56783.690294775704,58523.02715747732,1739.336862701617,True,374.7006669241079,1.8697941269999774,-84.411 294.855;-626.241 -188.749;254.519 656.660;672.972 228.360;142.185 -422.076;-261.730 -56.684;495.322 -547.357;-81.400 -731.420,nan;nan;nan;nan;nan;nan;nan;nan;nan;nan;nan;nan;nan;nan;nan;nan;nan;nan;nan;nan;nan;nan;nan;nan;nan;nan;nan;nan;nan;nan;nan;nan;nan;nan;nan;nan;nan;nan;nan;nan;nan;nan;nan;nan;nan;nan;nan;nan;nan;nan;nan;nan;nan;nan;nan;nan;nan;55229.443;55229.443;55229.443;55229.443;55229.443;55229.443;55229.443;55229.443;55229.443;55229.443;55229.443;55229.443;55229.443;55229.443;55229.443;55229.443;55229.443;55229.443;55229.443;55315.303;55315.303;55377.283;55377.283;55377.283;55548.501;55548.501;55916.643;55916.643;55916.643;55952.474;56107.199;56500.957;56500.957;56500.957;56500.957;56500.957;56500.957;56500.957;56500.957;56500.957;56560.380;56560.380;56560.419;56560.419;56662.806;56662.806;56662.806;56662.806;56662.806;56683.299;56683.299;56683.299;56683.299;56683.299;56683.299;56685.259;56685.259;56688.966;56688.966;56696.563;56696.563;56696.901;56698.429;56726.618;56726.618;56726.618;56727.345;56727.345;56727.345;56732.355;56732.355;56734.569;56736.534;56736.534;56736.534;56777.961;56777.961;56778.625;56778.625;56779.851;56779.851;56780.505;56780.505;56780.505;56780.910;56781.127;56781.127;56781.488;56781.488;56781.824;56781.824;56782.032;56782.066;56782.373;56782.832;56782.832;56782.832;56782.957;56782.957;56783.123;56783.123;56783.237;56783.237;56783.297;56783.297;56783.348;56783.348;56783.398;56783.433;56783.435;56783.435;56783.463;56783.463;56783.479;56783.505;56783.505;56783.513;56783.528;56783.528;56783.538;56783.538;56783.548;56783.665;56783.665;56783.665;56783.669;56783.669;56783.672;56783.684;56783.684;56783.684;56783.686;56783.686;56783.687;56783.687;56783.688;56783.688;56783.689;56783.689;56783.689;56783.689;56783.690;56783.690;56783.690,100
LXC05,2,750,8,5,6030,random,6030,57115.10912491516,58523.02715747732,1407.9180325621637,True,366.8311290946115,1.7209963770000059,-353.559 -604.383;66.669 668.100;-613.050 368.957;382.938 -604.131;237.989 -15.066;739.949 11.309;278.825 368.843;-582.989 -129.839,nan;nan;nan;nan;nan;nan;nan;nan;nan;nan;nan;nan;nan;nan;nan;nan;nan;55914.783;55914.783;55914.783;55914.783;55914.783;55914.783;55914.783;55914.783;55914.783;55914.783;55914.783;55914.783;55914.783;55914.783;55914.783;55914.783;55914.783;55914.783;55914.783;55914.783;55914.783;55914.783;55914.783;55914.783;55914.783;55914.783;55914.783;55914.783;55914.783;55914.783;55914.783;55914.783;55914.783;55914.783;55914.783;55914.783;55914.783;55914.783;55958.664;55958.664;55958.664;55958.664;55976.824;55976.824;55976.824;55976.824;56165.409;56165.409;56483.583;56483.583;56483.583;56483.583;56541.941;56541.941;56541.941;56541.941;56597.930;56597.930;56597.930;56597.930;56597.930;56597.930;56597.930;56597.930;56597.930;56597.930;56597.930;56597.930;56597.930;56597.930;56597.930;56597.930;56597.930;56597.930;56597.930;56597.930;56600.128;56600.128;56600.128;56600.151;56600.151;56663.417;56663.417;56879.661;57059.651;57059.651;57059.651;57059.651;57059.651;57059.651;57059.651;57063.706;57063.706;57063.706;57063.706;57064.582;57089.407;57089.407;57089.407;57089.407;57089.407;57089.407;57095.420;57095.420;57095.420;57095.420;57095.420;57098.355;57098.355;57100.922;57101.604;57103.191;57103.498;57106.109;57106.109;57106.584;57108.773;57108.773;57108.773;57109.332;57109.613;57110.800;57111.251;57111.367;57112.116;57112.121;57112.121;57112.705;57112.705;57113.007;57113.007;57113.378;57113.806;57113.806;57113.806;57113.993;57114.246;57114.246;57114.246;57114.336;57114.398;57114.407;57114.434;57114.456;57114.456;57114.500;57114.870;57114.870;57114.870;57114.905;57114.915;57114.919;57114.919;57114.930;57114.933;57114.943;57114.960;57114.960;57115.006;57115.006;57115.036;57115.036;57115.041;57115.041;57115.059;57115.059;57115.098;57115.098;57115.098;57115.100;57115.100;57115.102;57115.108;57115.108;57115.108;57115.108;57115.108;57115.108;57115.108;57115.109;57115.109;57115.109;57115.109;57115.109,100
LXC05,2,750,8,17,6030,random,6030,56837.6435879009,58523.02715747732,1685.383569576421,True,317.9531492890197,1.724577613000065,-284.754 436.704;633.337 -335.802;139.631 173.780;-544.593 -336.411;440.609 510.268;-577.142 100.992;420.039 -581.060;492.865 -50.563,nan;nan;nan;nan;nan;54472.067;54472.067;54472.067;54472.067;54472.067;54472.067;54489.343;54489.343;54489.343;54489.343;54489.343;54489.343;54489.343;54489.343;54489.343;54489.343;54489.343;54489.343;54489.343;54489.343;54489.343;54489.343;55596.793;55596.793;55596.793;55596.793;55596.793;55596.793;55689.072;55689.072;55689.072;55689.072;55689.072;55689.072;55689.072;55689.072;55689.072;55689.072;56268.736;56268.736;56268.736;56268.736;56268.736;56268.736;56268.736;56268.736;56268.736;56268.736;56268.736;56268.736;56268.736;56268.736;56268.736;56268.736;56268.736;56268.736;56268.736;56268.736;56268.948;56268.948;56268.948;56268.948;56268.948;56268.948;56268.948;56268.948;56268.948;56268.948;56268.948;56268.948;56268.948;56268.948;56268.948;56268.948;56268.948;56268.948;56268.948;56268.948;56268.948;56268.948;56268.948;56268.948;56268.948;56268.948;56394.330;56394.330;56400.672;56400.672;56686.282;56686.282;56686.282;56686.282;56686.282;56686.282;56688.308;56688.308;56691.111;56691.111;56691.268;56691.268;56691.268;56752.272;56752.272;56752.272;56765.869;56810.268;56813.543;56813.543;56816.332;56816.332;56817.485;56817.485;56817.980;56817.980;56822.840;56822.840;56822.840;56822.840;56822.840;56822.840;56824.053;56824.053;56824.511;56826.499;56826.573;56827.936;56828.543;56828.543;56828.656;56829.877;56829.877;56831.112;56831.112;56832.064;56832.349;56832.974;56832.974;56833.717;56833.717;56834.116;56834.116;56834.537;56834.537;56834.729;56835.247;56835.247;56835.894;56835.894;56836.289;56836.289;56836.289;56836.390;56836.390;56836.504;56837.286;56837.286;56837.286;56837.326;56837.326;56837.377;56837.377;56837.409;56837.409;56837.443;56837.443;56837.454;56837.454;56837.475;56837.492;56837.497;56837.497;56837.505;56837.611;56837.611;56837.611;56837.615;56837.615;56837.619;56837.619;56837.622;56837.629;56837.629;56837.629;56837.631;56837.641;56837.641;56837.642;56837.642;56837.642;56837.642;56837.643;56837.643;56837.643;56837.643;56837.643;56837.644,100
LXC05,2,750,8,29,6030,random,6030,57083.737411355265,58523.02715747732,1439.2897461220564,True,366.321064194405,1.7392017890000488,34.916 -180.337;-192.791 -716.432;-421.560 614.309;-727.217 -176.095;431.619 -471.200;578.508 121.731;-327.788 260.193;541.430 500.008,nan;nan;nan;nan;nan;nan;nan;nan;nan;nan;nan;nan;nan;nan;nan;nan;nan;nan;nan;nan;nan;nan;nan;nan;nan;nan;nan;nan;nan;nan;nan;nan;nan;nan;nan;nan;nan;nan;nan;nan;nan;nan;nan;nan;nan;nan;nan;56337.350;56337.350;56337.350;56337.350;56425.973;56425.973;56425.973;56425.973;56425.973;56425.973;56425.973;56425.973;56425.973;56425.973;56425.973;56425.973;56425.973;56425.973;56503.750;56503.750;56503.750;56503.750;56503.750;56503.750;56503.750;56503.750;56503.750;56503.750;56721.478;56721.478;56736.641;56736.641;56736.641;56736.641;56736.641;56736.641;56770.044;56770.044;56770.044;56770.044;56880.626;56880.626;56880.626;56880.626;56880.626;56880.626;56959.597;56959.597;57047.304;57047.304;57047.304;57047.304;57047.304;57047.304;57047.304;57047.304;57047.304;57047.304;57047.329;57047.329;57047.329;57047.329;57047.329;57047.329;57047.329;57047.329;57047.408;57052.654;57052.654;57052.654;57057.530;57057.560;57058.798;57063.324;57065.253;57065.253;57065.253;57066.926;57066.950;57066.950;57068.148;57069.772;57069.772;57070.800;57070.800;57072.066;57075.198;57075.198;57075.198;57076.806;57076.806;57078.026;57078.026;57078.934;57080.011;57080.011;57080.011;57080.442;57080.608;57080.914;57081.763;57081.763;57081.763;57082.067;57082.067;57082.235;57082.235;57082.435;57082.435;57082.521;57082.656;57082.656;57082.656;57082.704;57083.304;57083.304;57083.474;57083.474;57083.474;57083.512;57083.621;57083.621;57083.621;57083.630;57083.699;57083.699;57083.707;57083.707;57083.707;57083.716;57083.716;57083.724;57083.724;57083.727;57083.727;57083.729;57083.730;57083.732;57083.732;57083.732;57083.732;57083.734;57083.734;57083.735;57083.735;57083.736;57083.737;57083.737;57083.737;57083.737;57083.737;57083.737;57083.737;57083.737,100
LXC2,2,750,8,11,6030,random,6030,56878.09306970596,58523.02715747732,1644.934087771362,True,398.450100903242,1.7691485620000549,-609.581 304.713;611.041 -414.026;255.263 534.875;224.502 -164.919;-459.636 -164.592;-383.094 642.768;443.962 167.646;22.240 -546.642,nan;nan;nan;nan;nan;nan;nan;nan;nan;nan;nan;nan;nan;nan;nan;nan;nan;nan;nan;nan;nan;nan;nan;nan;nan;nan;nan;nan;nan;nan;nan;nan;nan;nan;nan;nan;nan;nan;nan;55643.749;55643.749;55841.242;55841.242;55841.242;55841.242;55841.242;55841.242;55841.242;55841.242;55841.242;55841.242;55990.359;55990.359;56083.290;56083.290;56083.290;56083.290;56083.290;56083.290;56083.290;56083.290;56476.011;56476.011;56476.011;56476.011;56476.011;56476.011;56523.567;56523.567;56523.567;56523.567;56523.567;56523.567;56523.567;56523.567;56523.567;56523.567;56523.567;56523.567;56523.567;56523.567;56648.251;56648.251;56648.251;56648.251;56648.251;56648.251;56648.251;56648.251;56648.251;56648.251;56648.251;56648.251;56649.169;56649.169;56649.169;56649.169;56650.039;56650.039;56654.195;56654.195;56655.885;56655.885;56675.899;56675.899;56675.899;56675.899;56693.021;56693.021;56698.456;56698.456;56778.621;56822.423;56822.423;56822.423;56822.423;56822.423;56822.423;56822.423;56823.643;56825.158;56825.450;56828.931;56830.844;56834.287;56838.532;56838.532;56854.856;56854.856;56854.856;56856.709;56859.404;56859.404;56859.404;56860.732;56862.682;56862.682;56863.464;56863.464;56864.782;56864.782;56866.376;56866.376;56866.376;56866.873;56866.873;56867.356;56869.067;56869.067;56869.067;56869.213;56869.732;56869.732;56869.732;56869.918;56870.133;56870.133;56870.959;56870.959;56873.922;56873.922;56873.922;56873.962;56877.174;56877.174;56877.174;56877.195;56877.344;56877.344;56877.417;56877.417;56877.607;56877.607;56877.607;56877.622;56877.696;56877.696;56877.879;56877.879;56877.940;56877.940;56877.940;56877.942;56877.948;56877.948;56877.948;56877.949;56877.961;56877.961;56877.964;56877.964;56878.002;56878.002;56878.084;56878.084;56878.093;56878.093;56878.093;56878.093;56878.093;56878.093,100
LXC2,2,750,8,23,6030,random,6030,56862.000413587,58523.02715747732,1661.0267438903247,True,331.0466819287014,1.7172666589999608,350.628 -649.731;-316.193 -647.507;-128.416 379.365;86.389 -87.936;356.772 208.012;87.103 630.650;-553.394 -21.613;396.490 -242.068,nan;nan;nan;nan;nan;nan;nan;nan;nan;nan;nan;nan;nan;nan;nan;nan;nan;nan;nan;nan;nan;55216.842;55216.842;55216.842;55216.842;55216.842;55216.842;55216.842;55216.842;55216.842;55216.842;55216.842;55216.842;55216.842;55216.842;55216.842;55216.842;55216.842;55216.842;55216.842;55216.842;55948.551;55948.551;55948.551;55948.551;55948.551;55948.551;55999.063;55999.063;55999.063;55999.063;55999.063;55999.063;55999.063;55999.063;55999.063;55999.063;55999.063;55999.063;56049.161;56049.161;56293.085;56293.085;56293.085;56293.085;56368.280;56368.280;56368.280;56368.280;56368.280;56368.280;56368.280;56368.280;56660.517;56660.517;56660.517;56660.517;56660.517;56660.517;56660.517;56660.517;56660.517;56660.517;56660.517;56660.517;56710.820;56710.820;56710.820;56710.820;56710.820;56710.820;56710.820;56710.820;56712.006;56712.006;56712.006;56712.006;56712.006;56712.006;56712.006;56712.006;56712.006;56712.006;56774.230;56774.230;56781.578;56781.578;56784.416;56784.416;56784.416;56784.416;56786.896;56786.896;56786.896;56793.168;56793.339;56793.339;56796.998;56796.998;56797.328;56797.328;56797.821;56821.330;56821.330;56821.330;56821.330;56821.330;56822.799;56824.576;56824.576;56825.204;56829.669;56829.669;56829.669;56831.143;56831.143;56832.465;56832.465;56833.203;56833.203;56834.588;56843.554;56843.554;56848.517;56848.517;56848.517;56849.010;56849.010;56849.255;56849.652;56849.652;56852.304;56852.304;56852.304;56852.599;56854.303;56854.303;56854.303;56854.365;56854.525;56854.525;56854.731;56854.731;56854.731;56854.780;56854.997;56854.997;56857.581;56857.581;56859.751;56859.751;56861.879;56861.879;56861.879;56861.891;56861.891;56861.897;56861.897;56861.906;56861.906;56861.911;56861.911;56861.914;56861.914;56861.916;56861.920;56861.920;56861.920;56861.922;56861.922;56861.923;56861.923;56861.924;56861.924;56861.925;56861.971;56861.971;56861.975;56861.975;56862.000;56862.000,100
LXNR,1,500,6,5,6030,random,6030,83921.76891950227,84274.42421840897,352.6552989066986,True,412.382652105533,1.5901392989999295,-268.736 -421.453;-271.293 419.623;-463.229 -54.264;3.612 -111.799;208.203 332.928;429.261 -199.437,nan;nan;nan;nan;nan;nan;nan;nan;nan;nan;nan;nan;nan;nan;nan;nan;nan;nan;nan;nan;nan;nan;nan;nan;nan;nan;nan;nan;nan;nan;nan;nan;nan;nan;nan;nan;nan;nan;nan;nan;nan;nan;nan;nan;nan;nan;nan;nan;nan;nan;nan;nan;nan;nan;nan;82800.278;82800.278;82800.278;82920.563;82920.563;82920.563;82920.563;82920.563;82950.979;82950.979;83065.576;83548.483;83548.483;83570.882;83570.882;83590.160;83590.160;83590.160;83590.160;83590.160;83614.033;83620.182;83620.182;83620.182;83620.182;83620.182;83620.182;83777.267;83777.267;83847.747;83892.990;83892.990;83892.990;83892.990;83892.990;83892.990;83892.990;83892.990;83892.990;83892.990;83892.990;83892.990;83892.990;83892.990;83892.990;83892.990;83892.990;83906.087;83906.087;83906.087;83906.087;83906.087;83906.087;83906.593;83918.961;83918.961;83918.982;83919.631;83919.631;83919.631;83919.631;83919.694;83919.837;83920.280;83920.280;83920.280;83920.549;83920.549;83920.587;83920.587;83920.601;83920.601;83920.610;83920.610;83920.683;83920.683;83920.683;83920.691;83920.703;83920.851;83920.851;83920.948;83920.948;83920.994;83921.045;83921.114;83921.114;83921.155;83921.159;83921.167;83921.173;83921.192;83921.192;83921.192;83921.192;83921.192;83921.192;83921.192;83921.193;83921.201;83921.220;83921.220;83921.228;83921.241;83921.241;83921.257;83921.267;83921.267;83921.272;83921.274;83921.274;83921.278;83921.281;83921.281;83921.285;83921.285;83921.287;83921.295;83921.297;83921.298;83921.310;83921.333;83921.437;83921.528;83921.529;83921.624;83921.736;83921.737;83921.737;83921.738;83921.738;83921.752;83921.760;83921.760;83921.760;83921.760;83921.761;83921.761;83921.769;83921.769;83921.769;83921.769;83921.769;83921.769;83921.769;83921.769,134
LXNR,1,500,6,17,6030,random,6030,83845.88576047042,84274.42421840897,428.5384579385427,True,338.1601716429952,1.554785264999964,22.796 402.622;31.034 -466.262;377.180 327.078;-250.740 -279.298;-462.645 55.210;222.384 -20.562,nan;nan;nan;nan;nan;nan;nan;nan;80140.205;80140.205;80140.205;80140.205;81244.569;81244.569;81244.569;81244.569;81244.569;81244.569;81244.569;81244.569;81244.569;81244.569;81244.569;81244.569;81244.569;81244.569;82535.246;82535.246;82535.246;82535.246;82535.246;82535.246;82535.246;82535.246;82535.246;82535.246;82535.246;82535.246;82698.049;82698.049;82778.309;82778.309;82832.836;82832.836;82832.836;82832.836;82832.836;82832.836;82832.836;82832.836;82832.836;82832.836;82832.836;82832.836;82834.139;82834.139;82834.139;82834.139;82834.139;82834.139;82834.139;82834.139;82834.139;82834.139;82834.139;82901.891;82901.891;83038.883;83255.040;83255.040;83255.040;83255.040;83255.040;83255.040;83255.040;83255.040;83255.040;83255.040;83255.040;83460.945;83460.945;83460.945;83662.356;83754.667;83754.667;83754.667;83759.195;83759.195;83759.195;83759.195;83789.790;83790.374;83790.374;83790.374;83805.858;83805.858;83805.858;83806.923;83806.923;83806.923;83806.923;83834.943;83835.316;83835.469;83835.469;83835.840;83835.840;83839.815;83839.815;83839.815;83839.967;83839.972;83839.972;83839.972;83840.006;83840.006;83840.079;83840.079;83840.525;83842.940;83842.940;83842.940;83842.940;83842.940;83842.940;83842.954;83842.954;83842.954;83842.954;83842.954;83842.965;83842.965;83842.965;83842.965;83842.965;83842.966;83842.966;83842.966;83842.966;83842.966;83843.083;83843.084;83843.090;83843.167;83843.167;83843.331;83843.397;83843.402;83843.447;83843.447;83843.447;83843.471;83843.530;83843.530;83843.580;83843.618;83843.618;83843.683;83843.719;83843.719;83843.734;83843.789;83843.846;83843.856;83843.866;83843.866;83843.868;83843.877;83843.877;83843.882;83843.883;83843.886;83843.888;83843.898;83843.904;83843.914;83843.916;83843.974;83844.021;83844.226;83845.849;83845.850;83845.851;83845.851;83845.852;83845.852;83845.852;83845.853;83845.853;83845.853;83845.856;83845.856;83845.874;83845.885;83845.885;83845.885;83845.885;83845.885;83845.885;83845.886;83845.886,134
LXNR,1,500,6,29,6030,random,6030,83903.25943531856,84274.42421840897,371.1647830904112,True,339.26479320091624,1.5695854980000377,-395.600 244.512;443.634 68.521;-179.513 -251.285;79.358 140.114;267.699 422.299;275.383 -416.810,nan;nan;nan;nan;nan;nan;nan;nan;nan;nan;nan;nan;nan;nan;nan;nan;nan;nan;nan;nan;nan;nan;nan;nan;nan;nan;nan;nan;nan;nan;82532.345;82532.345;82532.345;82966.448;82966.448;82966.448;82966.448;82966.448;82966.448;82966.448;82966.448;82966.448;82966.448;82966.448;82966.448;82966.448;82966.448;83014.086;83014.086;83014.086;83014.086;83014.086;83014.086;83014.086;83014.086;83014.086;83014.086;83014.086;83014.086;83014.086;83405.303;83405.303;83405.303;83450.267;83450.267;83450.267;83465.812;83465.812;83474.335;83474.335;83698.900;83698.900;83698.900;83742.239;83742.239;83742.239;83742.239;83742.239;83778.963;83778.963;83778.963;83778.963;83819.142;83819.935;83827.717;83827.722;83827.722;83827.722;83827.722;83828.833;83828.833;83828.882;83828.882;83828.882;83828.882;83828.882;83842.605;83842.605;83842.605;83843.225;83845.510;83845.510;83846.509;83846.509;83846.509;83846.832;83846.832;83857.913;83857.913;83860.270;83878.050;83878.050;83878.050;83878.050;83878.050;83878.636;83878.828;83878.828;83880.568;83881.692;83882.620;83883.937;83884.739;83884.739;83886.390;83887.153;83887.153;83887.581;83888.093;83900.744;83901.417;83902.130;83902.130;83902.202;83902.509;83902.509;83902.523;83902.523;83902.538;83902.599;83902.614;83902.631;83902.631;83902.655;83902.676;83902.702;83902.772;83902.772;83902.838;83902.838;83902.852;83902.905;83902.916;83902.916;83902.970;83902.988;83902.988;83903.073;83903.092;83903.092;83903.099;83903.105;83903.105;83903.114;83903.121;83903.121;83903.130;83903.133;83903.133;83903.139;83903.141;83903.159;83903.163;83903.165;83903.165;83903.181;83903.183;83903.228;83903.230;83903.231;83903.231;83903.241;83903.242;83903.244;83903.245;83903.245;83903.245;83903.246;83903.246;83903.247;83903.247;83903.250;83903.250;83903.250;83903.250;83903.251;83903.251;83903.251;83903.256;83903.259;83903.259,134
LXREP,1,500,6,11,6030,random,6030,83811.70718484634,84274.42421840897,462.7170335626288,True,353.45579534144036,1.6224345640000593,377.522 -288.834;70.554 487.795;-120.246 -115.547;-468.907 -173.566;-344.792 232.806;198.981 111.205,nan;nan;nan;nan;nan;nan;nan;nan;nan;nan;nan;nan;nan;nan;nan;nan;nan;nan;nan;nan;nan;nan;nan;nan;nan;nan;nan;nan;nan;nan;nan;nan;nan;nan;nan;nan;nan;nan;nan;nan;nan;nan;nan;nan;nan;78674.121;78674.121;78674.121;78674.121;78674.121;78674.121;78674.121;78674.121;78674.121;78674.121;78674.121;78674.121;78674.121;79238.476;79238.476;79238.476;79238.476;79238.476;79238.476;79238.476;79326.313;79326.313;79326.313;79326.313;79326.313;80565.909;80565.909;80565.909;80565.909;80565.909;80565.909;80565.909;83117.810;83117.810;83117.810;83117.810;83606.821;83624.832;83647.774;83682.379;83698.373;83698.373;83698.373;83698.373;83786.216;83786.216;83786.216;83787.400;83787.400;83787.400;83788.148;83788.148;83788.526;83788.526;83788.526;83788.526;83788.768;83788.768;83789.881;83789.881;83790.127;83790.362;83791.376;83795.735;83796.131;83796.131;83796.841;83796.841;83799.210;83801.335;83801.418;83801.418;83801.418;83801.421;83801.421;83801.421;83801.421;83802.055;83802.137;83802.320;83802.689;83803.288;83803.971;83806.995;83807.463;83807.928;83808.423;83808.501;83808.835;83809.002;83809.450;83809.517;83809.721;83809.881;83810.190;83810.248;83810.391;83810.450;83810.584;83810.602;83810.721;83810.813;83810.883;83810.985;83811.032;83811.068;83811.097;83811.144;83811.166;83811.179;83811.238;83811.289;83811.310;83811.343;83811.353;83811.367;83811.384;83811.399;83811.401;83811.416;83811.431;83811.439;83811.447;83811.449;83811.455;83811.459;83811.478;83811.570;83811.573;83811.577;83811.579;83811.583;83811.585;83811.587;83811.590;83811.592;83811.593;83811.593;83811.596;83811.610;83811.616;83811.628;83811.657;83811.657;83811.658;83811.658;83811.658;83811.658;83811.681;83811.682;83811.682;83811.682;83811.707;83811.707;83811.707;83811.707,200
LXREP,1,500,6,23,6030,random,6030,83885.90822860716,84274.42421840897,388.5159898018028,True,376.12302178537146,1.5726912490000586,481.982 -73.958;-477.807 146.961;338.736 366.946;81.154 -335.919;-295.710 -363.719;-108.219 77.150,nan;nan;nan;nan;nan;nan;nan;nan;nan;nan;nan;nan;nan;nan;nan;nan;nan;nan;nan;nan;nan;nan;nan;nan;nan;nan;nan;nan;nan;nan;nan;nan;nan;81828.958;81849.959;81849.959;81849.959;81849.959;82107.335;82107.335;82107.335;82107.335;82107.335;82107.335;82107.335;82129.567;82129.567;82129.567;82129.567;82129.567;82129.567;82129.567;82129.567;82129.567;82129.567;82129.567;82178.115;82178.115;82210.997;82210.997;82210.997;82210.997;82210.997;82210.997;82210.997;82210.997;82210.997;82210.997;82248.038;82248.038;82673.884;83260.034;83260.034;83260.034;83260.034;83260.034;83260.034;83260.034;83260.034;83260.034;83260.034;83310.783;83310.783;83374.690;83374.690;83374.690;83534.241;83670.432;83670.432;83751.387;83751.387;83803.579;83803.579;83803.579;83803.579;83818.951;83818.951;83818.951;83818.972;83818.972;83832.790;83832.790;83851.975;83852.773;83855.234;83855.234;83855.234;83855.234;83855.883;83855.975;83857.181;83857.181;83857.181;83857.764;83859.572;83860.064;83860.417;83862.784;83863.078;83864.489;83866.062;83867.352;83868.164;83868.851;83869.429;83870.107;83871.053;83871.341;83871.839;83872.677;83872.920;83873.447;83873.713;83873.802;83874.233;83874.685;83876.870;83877.199;83877.494;83877.650;83877.948;83878.106;83878.971;83879.167;83881.103;83881.214;83881.401;83881.471;83881.506;83881.548;83881.611;83882.524;83882.593;83882.634;83882.688;83882.720;83882.740;83882.770;83882.789;83882.810;83882.870;83882.972;83882.989;83883.000;83883.430;83883.443;83883.521;83883.537;83883.719;83883.934;83883.938;83883.939;83883.943;83883.946;83883.970;83883.973;83883.974;83884.010;83884.036;83884.037;83884.038;83884.039;83884.040;83884.040;83884.308;83884.459;83884.460;83884.460;83884.461;83884.633;83884.633;83884.648;83884.677;83884.678;83885.745;83885.745;83885.745;83885.810;83885.908;83885.908;83885.908,200
LXU,1,500,6,5,6030,random,6030,83808.7755629949,84274.42421840897,465.648655414072,True,358.48586833869103,1.5565237799999068,-275.042 -417.268;-278.288 338.356;-50.459 61.579;129.102 -356.143;337.589 198.287;467.829 -166.091,nan;nan;nan;nan;nan;nan;nan;nan;nan;nan;nan;nan;nan;nan;nan;nan;nan;82463.272;82463.272;82649.367;82649.367;82649.367;82649.367;82649.367;82649.367;82649.367;82649.367;82649.367;82649.367;82649.367;82649.367;82649.367;82649.367;82649.367;82649.367;82649.367;82649.367;82649.367;82649.367;82649.367;82649.367;82649.367;82649.367;82717.938;82717.938;82717.938;82717.938;82717.938;82717.938;82717.938;82717.938;82717.938;82717.938;82717.938;82717.938;82717.938;82717.938;82717.938;82717.938;82717.938;82717.938;82717.938;82717.938;82717.938;82717.938;82717.938;82717.938;82717.938;82717.938;82717.938;82717.938;82717.938;82717.938;82717.938;82717.938;82717.938;82717.938;82717.938;83143.859;83441.932;83441.932;83441.932;83441.932;83441.932;83487.403;83487.403;83487.403;83740.174;83740.174;83740.174;83740.174;83741.452;83741.452;83741.652;83741.652;83741.652;83741.652;83746.011;83746.011;83750.912;83750.912;83765.960;83765.960;83773.681;83773.681;83774.286;83774.286;83774.575;83774.575;83787.350;83787.486;83788.270;83788.270;83788.928;83802.534;83802.556;83802.556;83802.998;83802.998;83802.998;83802.998;83803.425;83803.425;83803.425;83804.686;83804.752;83805.529;83805.529;83805.529;83805.684;83806.009;83806.221;83806.221;83806.497;83806.497;83807.070;83807.070;83807.070;83807.235;83807.235;83807.428;83807.475;83807.573;83807.668;83807.677;83807.865;83807.865;83807.896;83807.948;83807.978;83807.999;83807.999;83808.057;83808.069;83808.119;83808.228;83808.228;83808.393;83808.393;83808.537;83808.537;83808.630;83808.630;83808.630;83808.639;83808.647;83808.647;83808.663;83808.663;83808.703;83808.703;83808.703;83808.707;83808.711;83808.711;83808.712;83808.713;83808.713;83808.714;83808.721;83808.721;83808.729;83808.729;83808.736;83808.736;83808.750;83808.750;83808.767;83808.767;83808.767;83808.768;83808.768;83808.768;83808.768;83808.768;83808.768;83808.768;83808.771;83808.771;83808.776;83808.776,100
LXU,1,500,6,17,6030,random,6030,83852.95496487647,84274.42421840897,421.46925353250117,True,325.87461234823553,1.5228930159998981,-278.801 -179.055;-99.961 489.895;408.635 -163.266;-454.138 199.066;87.768 -106.358;211.252 268.534,nan;nan;nan;nan;nan;nan;nan;nan;nan;nan;nan;79065.838;79065.838;79065.838;79065.838;79065.838;79065.838;79065.838;79065.838;79065.838;79065.838;79184.684;79184.684;83615.134;83615.134;83615.134;83615.134;83615.134;83615.134;83615.134;83615.134;83615.134;83615.134;83615.134;83615.134;83615.134;83615.134;83615.134;83615.134;83615.134;83615.134;83615.134;83648.266;83648.266;83648.266;83648.730;83648.730;83648.730;83648.730;83648.730;83648.730;83648.910;83648.910;83648.910;83648.910;83648.910;83648.910;83675.945;83675.945;83675.945;83675.945;83675.945;83675.945;83675.945;83675.945;83675.945;83675.945;83675.945;83675.945;83675.945;83675.945;83675.945;83675.945;83713.422;83713.422;83796.894;83796.894;83796.894;83796.894;83797.252;83797.252;83797.252;83797.252;83798.870;83798.870;83799.938;83799.938;83799.938;83799.938;83799.938;83799.938;83799.938;83799.938;83822.835;83822.835;83822.835;83822.835;83822.955;83822.955;83822.955;83822.955;83822.955;83822.955;83822.955;83822.955;83849.672;83849.672;83849.672;83849.672;83849.874;83849.874;83849.874;83849.874;83849.898;83849.898;83849.999;83849.999;83849.999;83849.999;83850.177;83850.177;83850.218;83850.218;83850.218;83850.218;83850.218;83850.218;83850.420;83850.420;83850.892;83851.051;83851.541;83851.541;83851.883;83851.883;83851.883;83851.925;83852.189;83852.189;83852.305;83852.309;83852.390;83852.390;83852.398;83852.420;83852.442;83852.455;83852.524;83852.524;83852.536;83852.563;83852.600;83852.600;83852.600;83852.600;83852.600;83852.628;83852.656;83852.656;83852.699;83852.699;83852.770;83852.770;83852.846;83852.846;83852.865;83852.865;83852.918;83852.918;83852.933;83852.933;83852.941;83852.941;83852.945;83852.945;83852.947;83852.947;83852.948;83852.948;83852.948;83852.950;83852.950;83852.950;83852.950;83852.950;83852.950;83852.951;83852.951;83852.951;83852.951;83852.951;83852.952;83852.952;83852.953;83852.953;83852.953;83852.953;83852.954;83852.954;83852.955;83852.955,100
LXU,1,500,6,29,6030,random,6030,83004.1138439694,84274.42421840897,1270.310374439563,True,352.59934260989576,1.580681142000003,144.688 477.108;416.523 158.364;-469.658 -145.448;34.797 -191.973;-286.972 347.785;-192.674 -461.386,nan;nan;nan;nan;nan;nan;nan;81916.342;81916.342;81916.342;81916.342;81916.342;81916.342;81916.342;81916.342;81916.342;81916.342;81916.342;81916.342;81916.342;81916.342;81916.342;81916.342;82452.511;82452.511;82452.511;82452.511;82452.511;82452.511;82452.511;82452.511;82452.511;82452.511;82452.511;82452.511;82452.511;82452.511;82452.511;82452.511;82452.511;82452.511;82452.511;82452.511;82452.511;82452.511;82452.511;82452.511;82452.511;82452.511;82452.511;82452.511;82452.742;82452.742;82452.742;82452.742;82508.015;82508.015;82508.015;82508.015;82554.791;82554.791;82554.791;82554.791;82554.942;82554.942;82554.942;82554.942;82554.942;82554.942;82678.894;82678.894;82681.868;82681.868;82681.868;82809.001;82809.001;82809.001;82809.001;82809.001;82809.668;82809.668;82809.769;82809.769;82822.728;82822.728;82822.728;82822.728;82862.658;82862.658;82868.910;82868.910;82903.157;82903.157;82903.157;82903.157;82903.982;82903.982;82926.140;82926.140;82927.704;82927.704;82934.831;82934.831;82935.175;82936.322;82937.738;82940.042;82956.150;82956.150;82960.914;82960.914;82962.006;82967.080;82967.080;82967.080;82984.863;82984.863;82990.349;82990.349;82994.260;82994.260;82994.361;82995.317;82995.317;82995.317;82995.430;82995.430;82996.892;82997.966;82999.873;82999.873;82999.873;82999.873;82999.873;82999.873;82999.873;82999.873;83000.366;83000.366;83000.753;83000.753;83001.567;83001.567;83002.296;83002.296;83002.603;83002.603;83003.016;83003.016;83003.509;83003.509;83003.586;83003.586;83003.586;83003.640;83003.718;83003.718;83003.718;83003.764;83003.815;83003.815;83003.877;83003.877;83003.877;83003.916;83003.958;83003.959;83003.998;83003.998;83004.040;83004.040;83004.058;83004.058;83004.063;83004.063;83004.067;83004.073;83004.079;83004.079;83004.085;83004.085;83004.085;83004.090;83004.091;83004.092;83004.092;83004.093;83004.093;83004.094;83004.095;83004.095;83004.100;83004.100;83004.104;83004.104;83004.108;83004.108;83004.111;83004.111;83004.114;83004.114,100
LXC025,1,500,6,11,6030,random,6030,83672.26386082105,84274.42421840897,602.1603575879126,True,329.1247246553486,1.5521641810000801,-124.713 -439.693;315.362 -357.071;-56.311 370.915;166.008 40.604;-477.893 -146.709;489.681 100.262,nan;nan;nan;nan;nan;nan;nan;nan;nan;nan;nan;nan;nan;nan;nan;nan;nan;nan;nan;nan;nan;nan;nan;nan;nan;nan;nan;nan;nan;nan;nan;nan;nan;nan;nan;79776.395;79776.395;79776.395;79776.395;79776.395;79776.395;79776.395;79776.395;81669.030;81669.030;81669.030;81669.030;82743.793;82743.793;82743.793;82743.793;82966.382;82966.382;83471.476;83471.476;83471.476;83471.476;83471.476;83471.476;83500.235;83500.235;83500.235;83500.235;83500.235;83500.235;83500.235;83500.235;83533.527;83533.527;83533.527;83533.527;83533.527;83533.527;83533.527;83533.527;83536.579;83536.579;83536.579;83536.579;83536.579;83536.579;83536.579;83536.579;83536.579;83536.579;83536.579;83536.579;83536.579;83536.579;83552.033;83552.033;83552.033;83589.976;83589.976;83589.976;83592.866;83592.866;83599.987;83599.987;83599.987;83599.987;83651.554;83651.554;83651.554;83651.554;83651.554;83651.554;83651.554;83659.610;83659.615;83659.615;83660.135;83660.135;83660.792;83660.792;83660.792;83660.792;83661.087;83661.853;83662.092;83662.215;83662.347;83664.393;83664.393;83666.880;83666.880;83667.821;83667.821;83668.308;83668.388;83669.296;83669.296;83669.717;83669.717;83670.024;83670.052;83670.611;83670.611;83670.968;83670.968;83671.236;83671.382;83671.432;83671.432;83671.551;83671.551;83671.626;83671.626;83671.729;83671.729;83671.863;83671.863;83671.947;83671.947;83672.004;83672.004;83672.063;83672.063;83672.102;83672.145;83672.145;83672.150;83672.158;83672.158;83672.171;83672.171;83672.183;83672.183;83672.189;83672.189;83672.196;83672.196;83672.201;83672.202;83672.206;83672.206;83672.210;83672.210;83672.212;83672.248;83672.248;83672.248;83672.250;83672.250;83672.251;83672.262;83672.262;83672.262;83672.262;83672.262;83672.263;83672.263;83672.263;83672.263;83672.263;83672.263;83672.264;83672.264;83672.264;83672.264;83672.264,100
LXC025,1,500,6,23,6030,random,6030,83865.9992667393,84274.42421840897,408.42495166967274,True,358.33952228418985,1.563028698999915,-73.810 -494.522;-69.826 480.255;96.358 27.945;360.164 -284.586;-462.916 188.965;-309.301 -224.427,nan;nan;nan;nan;nan;nan;nan;nan;nan;nan;nan;nan;nan;nan;nan;nan;nan;nan;nan;nan;nan;nan;nan;nan;nan;nan;nan;nan;nan;nan;nan;nan;nan;nan;nan;nan;nan;nan;nan;nan;nan;nan;nan;nan;nan;nan;nan;nan;nan;nan;nan;nan;nan;nan;nan;nan;nan;nan;nan;nan;nan;nan;nan;nan;nan;nan;nan;nan;nan;nan;nan;80104.991;81188.036;81188.036;81188.036;81188.036;81413.762;81457.490;81457.490;82012.793;82012.793;82627.594;82627.594;82923.085;82923.085;82923.085;82923.085;83001.889;83001.889;83360.631;83360.631;83360.631;83360.631;83765.038;83765.038;83804.462;83804.462;83804.462;83804.462;83820.836;83820.836;83820.836;83820.836;83820.836;83827.084;83827.084;83827.084;83861.747;83861.747;83861.747;83861.747;83862.768;83862.768;83862.768;83862.768;83862.768;83863.032;83863.032;83863.219;83863.595;83864.049;83864.049;83864.049;83864.049;83864.049;83864.049;83864.577;83864.577;83864.577;83864.577;83864.860;83864.860;83865.004;83865.004;83865.043;83865.043;83865.366;83865.366;83865.485;83865.527;83865.626;83865.626;83865.752;83865.752;83865.783;83865.824;83865.848;83865.848;83865.857;83865.870;83865.916;83865.916;83865.919;83865.919;83865.924;83865.961;83865.961;83865.961;83865.962;83865.965;83865.981;83865.981;83865.983;83865.984;83865.990;83865.990;83865.990;83865.991;83865.995;83865.996;83865.996;83865.997;83865.997;83865.997;83865.997;83865.997;83865.997;83865.997;83865.998;83865.998;83865.998;83865.998;83865.998;83865.998;83865.998;83865.998;83865.998;83865.998;83865.999;83865.999;83865.999;83865.999;83865.999;83865.999;83865.999;83865.999;83865.999;83865.999;83865.999;83865.999;83865.999,100
LXC05,1,500,6,5,6030,random,6030,83883.3147697207,84274.42421840897,391.1094486882648,True,407.29250148960966,1.578055897000013,-278.456 -387.443;-273.452 415.942;-91.568 17.406;145.412 -313.845;336.670 369.624;487.085 -74.850,nan;nan;nan;nan;nan;nan;nan;nan;nan;nan;nan;nan;nan;nan;nan;nan;nan;nan;nan;nan;nan;nan;nan;nan;nan;nan;nan;nan;nan;nan;nan;nan;nan;nan;nan;nan;nan;nan;nan;nan;nan;nan;nan;nan;nan;nan;nan;nan;nan;nan;nan;nan;nan;nan;nan;80208.135;80208.135;80208.135;80208.135;80208.135;80208.135;80521.193;80521.193;80521.193;80521.193;83560.236;83560.236;83560.236;83560.236;83560.236;83560.236;83560.236;83560.236;83560.236;83560.236;83560.236;83560.236;83560.281;83560.281;83621.479;83621.479;83621.479;83621.479;83621.479;83718.344;83718.344;83718.344;83746.215;83746.215;83746.215;83778.806;83778.806;83778.806;83845.978;83845.978;83845.978;83845.978;83845.978;83845.978;83846.162;83846.162;83846.162;83846.162;83846.162;83846.162;83847.966;83847.966;83847.966;83847.966;83847.966;83851.616;83863.064;83863.064;83863.064;83863.064;83863.064;83864.775;83864.775;83864.775;83865.162;83865.581;83865.584;83866.423;83866.483;83867.619;83869.209;83869.209;83869.363;83870.124;83870.124;83870.601;83870.601;83870.860;83871.106;83871.235;83877.130;83877.130;83877.130;83877.329;83877.329;83877.469;83877.469;83877.605;83877.605;83877.720;83878.445;83878.445;83878.445;83878.505;83878.525;83878.547;83878.547;83878.610;83878.669;83878.669;83878.688;83878.696;83880.101;83880.101;83880.805;83880.805;83881.365;83881.365;83882.925;83882.925;83882.925;83882.932;83882.932;83882.935;83882.953;83882.953;83882.953;83882.956;83882.956;83882.959;83883.019;83883.019;83883.019;83883.020;83883.020;83883.021;83883.109;83883.109;83883.227;83883.227;83883.227;83883.228;83883.306;83883.306;83883.306;83883.306;83883.306;83883.307;83883.315;83883.315;83883.315;83883.315;83883.315;83883.315;83883.315;83883.315,100
LXC05,1,500,6,17,6030,random,6030,83443.50597303979,84274.42421840897,830.9182453691756,True,323.1281197359591,1.5382122490000256,22.147 357.084;-386.816 -316.781;474.981 155.445;304.340 -349.031;-357.065 163.669;161.203 -59.335,nan;nan;nan;nan;nan;nan;nan;nan;nan;nan;nan;nan;nan;nan;nan;nan;nan;nan;nan;nan;nan;nan;nan;nan;nan;nan;nan;nan;nan;nan;nan;nan;nan;nan;nan;nan;nan;nan;nan;nan;nan;nan;nan;nan;nan;nan;nan;nan;nan;83113.445;83113.445;83113.445;83113.445;83113.445;83113.445;83113.445;83113.445;83113.445;83113.445;83113.445;83113.445;83113.445;83113.445;83113.445;83113.445;83113.445;83113.445;83113.445;83113.445;83113.445;83113.445;83113.445;83113.445;83235.789;83235.789;83235.789;83235.789;83235.789;83235.789;83339.206;83339.206;83343.030;83343.030;83343.030;83343.030;83404.924;83404.924;83404.924;83404.924;83405.288;83405.288;83405.288;83405.288;83405.288;83405.288;83405.288;83405.288;83405.288;83405.288;83406.028;83406.028;83406.028;83406.229;83406.229;83406.229;83407.865;83407.865;83411.438;83411.438;83411.946;83414.812;83414.845;83421.050;83421.050;83421.050;83421.050;83429.657;83429.657;83429.657;83430.870;83430.870;83430.870;83432.869;83433.366;83434.139;83434.724;83435.620;83436.183;83437.455;83437.455;83438.365;83438.402;83439.542;83439.926;83439.951;83440.156;83440.479;83440.479;83440.876;83440.876;83441.446;83441.446;83441.742;83442.330;83442.330;83442.330;83442.580;83442.580;83442.760;83442.760;83442.862;83442.877;83443.004;83443.030;83443.090;83443.115;83443.136;83443.144;83443.193;83443.193;83443.255;83443.268;83443.276;83443.276;83443.289;83443.289;83443.304;83443.315;83443.320;83443.320;83443.331;83443.336;83443.343;83443.397;83443.397;83443.470;83443.470;83443.471;83443.473;83443.474;83443.476;83443.476;83443.479;83443.502;83443.502;83443.502;83443.503;83443.503;83443.504;83443.504;83443.504;83443.505;83443.505;83443.505;83443.505;83443.505;83443.505;83443.506;83443.506;83443.506;83443.506,100
LXC05,1,500,6,29,6030,random,6030,83814.1766726945,84274.42421840897,460.247545714461,True,364.9431332593046,1.5662358749998475,-50.031 407.829;482.132 -89.739;-298.712 -121.431;140.849 39.525;-424.730 230.840;-57.930 -492.158,nan;nan;nan;nan;nan;nan;nan;nan;nan;nan;nan;nan;nan;nan;nan;nan;nan;nan;nan;nan;nan;83137.333;83137.333;83137.333;83137.333;83137.333;83137.333;83137.333;83137.333;83161.588;83161.588;83161.588;83161.588;83161.588;83161.588;83161.588;83161.588;83161.588;83161.588;83161.588;83161.588;83473.096;83473.096;83473.096;83473.096;83473.096;83473.096;83473.096;83473.096;83473.096;83473.096;83473.096;83473.096;83473.096;83473.096;83473.096;83473.096;83473.096;83473.096;83544.917;83544.917;83544.917;83544.917;83544.917;83544.917;83655.778;83655.778;83655.778;83655.778;83655.778;83655.778;83655.778;83655.778;83707.657;83707.657;83707.657;83707.657;83707.657;83707.657;83707.657;83707.657;83707.657;83707.657;83788.789;83788.789;83788.789;83788.789;83788.789;83788.789;83788.789;83788.789;83788.789;83788.789;83788.789;83788.789;83788.789;83788.789;83788.789;83788.789;83792.015;83792.015;83792.015;83792.015;83792.015;83792.015;83792.015;83792.015;83792.024;83793.209;83795.048;83795.323;83795.917;83795.917;83795.917;83795.917;83796.174;83798.929;83799.117;83800.871;83801.070;83801.629;83802.270;83802.925;83803.197;83803.218;83804.304;83804.304;83804.304;83804.846;83805.129;83805.348;83808.927;83808.927;83808.927;83809.340;83809.340;83809.480;83811.702;83811.702;83811.702;83811.784;83811.784;83811.887;83812.827;83812.827;83813.676;83813.676;83813.676;83813.739;83813.855;83813.855;83813.873;83813.888;83813.888;83813.928;83813.928;83813.961;83813.961;83813.994;83813.994;83814.002;83814.022;83814.022;83814.034;83814.034;83814.063;83814.063;83814.063;83814.070;83814.070;83814.075;83814.078;83814.078;83814.080;83814.083;83814.083;83814.086;83814.086;83814.087;83814.087;83814.089;83814.089;83814.090;83814.098;83814.098;83814.111;83814.111;83814.111;83814.111;83814.156;83814.156;83814.156;83814.156;83814.170;83814.170;83814.177;83814.177;83814.177;83814.177;83814.177;83814.177,100
LXC2,1,500,6,11,6030,random,6030,83804.83885876331,84274.42421840897,469.5853596456582,True,356.4576293983753,1.6034049429999868,433.026 241.774;297.835 -170.050;-358.332 205.762;-232.954 -147.137;89.596 123.629;-60.265 447.054,nan;nan;nan;nan;nan;nan;nan;nan;nan;nan;nan;nan;nan;nan;nan;nan;nan;nan;nan;nan;nan;nan;nan;nan;nan;nan;nan;nan;nan;nan;nan;nan;nan;nan;nan;nan;nan;nan;nan;nan;nan;nan;nan;81792.698;81792.698;81792.698;81792.698;81792.698;81792.698;81792.698;81792.698;81792.698;81792.698;82334.479;82334.479;82334.479;82334.479;82659.812;82659.812;82659.812;82659.812;83247.797;83247.797;83247.797;83247.797;83247.797;83247.797;83247.797;83247.797;83247.797;83247.797;83247.797;83247.797;83247.797;83247.797;83247.797;83247.797;83247.797;83247.797;83247.797;83274.433;83362.815;83362.815;83362.815;83362.815;83362.815;83362.815;83369.597;83369.597;83369.597;83369.597;83416.291;83416.291;83416.291;83445.552;83445.552;83569.240;83629.853;83629.853;83653.498;83653.498;83654.593;83654.593;83654.593;83654.593;83654.593;83710.886;83710.925;83710.925;83710.925;83710.925;83712.488;83712.488;83712.488;83712.488;83729.823;83729.823;83732.966;83732.966;83732.966;83739.705;83741.737;83777.993;83795.100;83795.718;83797.001;83797.001;83797.001;83797.582;83797.648;83798.327;83798.327;83798.460;83798.460;83798.856;83800.210;83800.210;83801.217;83801.217;83801.217;83801.450;83801.968;83801.968;83802.360;83802.360;83802.360;83802.416;83802.437;83802.552;83802.552;83802.601;83802.627;83802.654;83802.806;83802.806;83802.908;83802.908;83802.908;83802.931;83803.193;83803.193;83803.423;83803.423;83803.983;83803.983;83804.440;83804.440;83804.440;83804.445;83804.753;83804.753;83804.760;83804.760;83804.760;83804.763;83804.763;83804.767;83804.767;83804.769;83804.769;83804.770;83804.805;83804.805;83804.805;83804.805;83804.811;83804.811;83804.817;83804.817;83804.831;83804.831;83804.831;83804.831;83804.834;83804.834;83804.834;83804.835;83804.835;83804.835;83804.839;83804.839,100
LXC2,1,500,6,23,6030,random,6030,83893.93150486921,84274.42421840897,380.4927135397593,True,395.2091791827172,1.5846161799997844,467.517 98.523;95.141 440.958;-336.176 295.308;-76.271 -3.102;105.742 -488.687;-495.580 -66.329,nan;nan;nan;nan;nan;nan;nan;nan;nan;nan;nan;nan;nan;nan;nan;nan;nan;nan;nan;nan;nan;nan;nan;nan;nan;nan;nan;nan;nan;nan;nan;nan;nan;nan;nan;nan;nan;nan;nan;nan;nan;nan;nan;nan;nan;nan;nan;nan;nan;nan;nan;nan;nan;nan;nan;82332.036;82332.036;83550.124;83550.124;83550.124;83550.124;83550.124;83550.124;83550.124;83550.124;83550.124;83550.124;83550.124;83550.124;83588.700;83588.700;83588.700;83588.700;83612.232;83612.232;83713.656;83713.656;83714.035;83714.035;83714.035;83714.035;83714.155;83714.155;83714.155;83714.155;83792.266;83792.266;83832.982;83832.982;83832.982;83832.982;83881.321;83881.321;83881.321;83881.321;83881.332;83881.332;83883.410;83883.410;83883.410;83886.171;83886.171;83886.171;83886.171;83886.171;83886.270;83886.270;83886.270;83886.270;83886.478;83886.478;83887.743;83887.759;83887.759;83887.759;83887.860;83887.860;83887.860;83888.975;83888.975;83888.975;83889.934;83889.934;83890.102;83890.646;83890.646;83891.156;83891.156;83891.579;83892.385;83892.385;83892.385;83892.695;83892.831;83892.831;83893.136;83893.136;83893.308;83893.360;83893.360;83893.523;83893.523;83893.569;83893.680;83893.680;83893.760;83893.760;83893.760;83893.792;83893.821;83893.821;83893.821;83893.821;83893.830;83893.833;83893.833;83893.844;83893.844;83893.870;83893.870;83893.883;83893.893;83893.894;83893.894;83893.898;83893.898;83893.898;83893.899;83893.902;83893.909;83893.909;83893.909;83893.912;83893.912;83893.915;83893.915;83893.915;83893.915;83893.916;83893.916;83893.917;83893.922;83893.922;83893.925;83893.925;83893.928;83893.928;83893.928;83893.928;83893.929;83893.929;83893.929;83893.929;83893.929;83893.929;83893.929;83893.929;83893.930;83893.930;83893.932;83893.932,100
LXNR,2,500,6,5,6030,random,6030,42649.96948745317,43892.27036810799,1242.3008806548169,True,324.0070717750806,1.5978625049999664,-180.733 -453.428;-193.144 459.616;-251.631 140.931;-43.287 -160.006;335.959 309.933;427.196 -257.522,nan;nan;nan;nan;nan;nan;nan;nan;nan;nan;nan;nan;nan;nan;nan;nan;nan;nan;nan;nan;nan;nan;nan;nan;nan;nan;nan;nan;nan;nan;nan;nan;nan;nan;nan;nan;nan;nan;nan;nan;nan;nan;nan;nan;nan;nan;nan;nan;nan;nan;nan;nan;nan;nan;nan;41112.541;41112.541;41867.150;41867.150;41867.150;41867.150;41867.150;41867.150;42067.518;42067.518;42067.518;42071.248;42105.577;42105.577;42105.577;42126.152;42126.152;42446.133;42446.133;42446.133;42446.133;42446.133;42446.133;42446.133;42446.133;42446.133;42446.133;42446.133;42446.133;42446.133;42446.133;42446.133;42446.133;42446.340;42446.340;42446.340;42446.340;42446.340;42446.340;42446.340;42446.340;42446.340;42463.205;42463.205;42472.345;42472.345;42472.345;42472.345;42472.345;42472.345;42472.345;42472.345;42472.781;42473.947;42493.050;42493.050;42493.321;42498.972;42565.540;42565.540;42565.540;42572.471;42572.471;42575.871;42579.800;42579.800;42611.035;42621.086;42621.086;42622.823;42622.823;42622.823;42623.998;42625.695;42625.695;42626.814;42627.205;42627.205;42628.610;42629.554;42629.554;42630.168;42631.013;42631.700;42632.604;42634.075;42635.360;42637.243;42637.586;42638.031;42638.374;42638.977;42638.977;42639.306;42639.766;42640.445;42642.087;42642.208;42645.412;42645.473;42645.495;42645.495;42645.548;42645.617;42645.661;42645.987;42646.614;42646.911;42646.944;42646.964;42647.231;42647.242;42647.252;42647.252;42647.271;42647.285;42647.285;42647.297;42647.306;42647.306;42647.313;42647.317;42647.322;42647.324;42647.324;42647.324;42647.326;42647.329;42647.329;42647.330;42647.331;42647.331;42647.333;42647.339;42647.353;42647.365;42647.366;42647.428;42647.529;42647.530;42647.890;42648.225;42648.225;42649.277;42649.969;42649.969,134
LXNR,2,500,6,17,6030,random,6030,42738.20201534517,43892.27036810799,1154.0683527628207,True,380.83981170860505,1.5665010220000113,-150.334 392.948;-226.885 -318.068;339.998 240.089;185.745 -464.090;-460.206 28.269;468.045 -118.580,nan;nan;nan;nan;nan;nan;nan;nan;40947.407;40947.407;40947.407;40947.407;41007.387;41007.387;41007.387;41007.387;41007.387;41007.387;41007.387;41007.387;41007.387;41007.387;41007.387;41007.387;41007.387;41007.387;41007.387;41007.387;41007.387;41007.387;42147.495;42147.495;42147.495;42147.495;42147.495;42147.495;42147.495;42147.495;42147.495;42147.495;42147.495;42147.495;42249.688;42249.688;42249.688;42249.688;42249.688;42249.688;42249.688;42249.688;42249.688;42249.688;42249.688;42249.688;42249.688;42249.688;42249.688;42249.688;42249.688;42249.688;42249.688;42249.688;42249.688;42249.688;42249.688;42249.688;42283.282;42283.282;42283.282;42283.282;42283.282;42283.282;42305.075;42308.601;42308.601;42426.057;42426.057;42426.057;42443.057;42443.057;42494.827;42494.827;42494.827;42494.827;42500.736;42500.736;42500.736;42500.736;42500.736;42500.736;42547.569;42547.816;42554.474;42554.474;42625.118;42625.118;42625.118;42625.118;42625.118;42638.987;42638.987;42650.243;42650.243;42650.243;42650.243;42651.584;42665.204;42665.204;42665.204;42665.204;42675.623;42675.623;42675.623;42679.566;42679.566;42681.515;42690.846;42690.846;42693.945;42697.406;42697.406;42701.097;42706.832;42706.832;42708.164;42709.233;42710.189;42711.138;42712.025;42712.789;42712.813;42713.664;42713.664;42715.259;42716.440;42717.644;42718.564;42719.637;42719.637;42719.761;42720.140;42720.140;42720.742;42721.010;42721.444;42721.604;42721.876;42722.082;42722.332;42722.420;42723.274;42723.851;42724.020;42724.020;42724.964;42725.015;42725.015;42726.294;42726.345;42729.092;42734.106;42734.153;42737.628;42737.651;42737.677;42737.677;42737.704;42737.729;42737.729;42737.745;42737.756;42737.758;42737.764;42737.823;42737.851;42737.898;42737.903;42737.972;42737.975;42737.977;42737.977;42737.980;42737.981;42737.981;42737.983;42737.984;42737.984;42737.984;42737.985;42737.985;42738.004;42738.005;42738.047;42738.073;42738.073;42738.105;42738.117;42738.118;42738.181;42738.202;42738.202,134
LXNR,2,500,6,29,6030,random,6030,42171.47045723533,43892.27036810799,1720.799910872658,True,315.9492491291268,1.6396536639999795,-163.405 317.398;341.164 205.904;-306.822 -176.365;113.035 -49.513;164.968 468.161;307.037 -374.419,nan;nan;nan;nan;nan;nan;nan;nan;nan;nan;nan;nan;nan;nan;nan;nan;nan;nan;nan;nan;nan;nan;nan;nan;nan;nan;nan;nan;nan;nan;40520.891;40520.891;40520.891;40571.701;41457.189;41457.189;41457.189;41457.189;41457.189;41457.189;41457.189;41457.189;41457.189;41457.189;41457.189;41457.189;41457.189;41672.417;41672.417;41672.417;41672.417;41672.417;41830.924;41830.924;41830.924;41830.924;41830.924;41830.924;41830.924;41830.924;42018.346;42018.346;42018.346;42018.346;42018.346;42018.346;42018.346;42018.346;42018.346;42018.346;42018.346;42018.346;42018.346;42018.346;42018.346;42018.346;42018.346;42018.346;42018.346;42018.346;42018.346;42018.346;42018.346;42018.346;42018.445;42018.531;42018.531;42018.531;42018.531;42080.116;42085.784;42090.502;42090.502;42102.328;42102.328;42102.328;42102.328;42102.328;42102.328;42102.328;42102.328;42102.328;42104.244;42134.358;42134.358;42134.358;42134.358;42134.358;42134.358;42134.358;42136.251;42136.251;42136.251;42136.251;42136.251;42137.314;42137.314;42137.314;42145.948;42145.948;42145.948;42145.948;42145.948;42145.948;42147.436;42147.436;42148.445;42150.310;42154.550;42154.550;42155.085;42157.770;42157.770;42160.137;42162.251;42162.251;42163.328;42164.290;42164.290;42165.131;42166.234;42166.234;42167.316;42167.662;42168.489;42169.333;42169.961;42169.961;42170.182;42170.506;42170.506;42170.662;42170.706;42170.755;42170.934;42170.945;42170.945;42171.017;42171.090;42171.090;42171.149;42171.175;42171.175;42171.175;42171.210;42171.214;42171.279;42171.304;42171.304;42171.334;42171.343;42171.343;42171.368;42171.380;42171.380;42171.391;42171.398;42171.409;42171.417;42171.423;42171.423;42171.427;42171.431;42171.432;42171.436;42171.456;42171.456;42171.457;42171.458;42171.458;42171.459;42171.466;42171.466;42171.467;42171.468;42171.468;42171.468;42171.468;42171.469;42171.470;42171.470,134
LXREP,2,500,6,11,6030,random,6030,42224.55171575836,43892.27036810799,1667.7186523496275,True,349.90456703646356,1.6448183840000183,206.865 -393.076;316.017 386.980;-41.283 -111.194;-461.388 -187.032;-405.369 292.472;346.819 38.434,nan;nan;nan;nan;nan;nan;nan;nan;nan;nan;nan;nan;nan;nan;nan;nan;nan;nan;nan;nan;nan;nan;nan;nan;nan;nan;nan;nan;nan;nan;nan;nan;nan;nan;nan;nan;nan;nan;nan;nan;nan;nan;nan;nan;nan;41565.980;41565.980;41565.980;41565.980;41565.980;41565.980;41565.980;41565.980;41565.980;41565.980;41565.980;41565.980;41565.980;41565.980;41565.980;41565.980;41565.980;41565.980;41567.799;41567.799;41567.799;41567.799;41567.799;41567.799;41567.799;41567.799;41567.799;41567.799;41567.799;41567.799;41567.799;41567.799;41567.799;41567.799;41567.799;41567.799;41567.799;41567.799;41567.799;41567.799;41567.799;41567.799;41567.799;41567.799;41567.799;41567.799;41567.799;41567.799;41582.187;41814.534;41814.534;41824.373;41824.373;41930.241;41930.241;41930.241;41930.280;41930.280;42064.094;42093.436;42095.808;42095.808;42100.758;42100.758;42114.774;42129.026;42142.591;42142.591;42142.591;42145.689;42151.029;42156.176;42157.609;42164.832;42164.832;42168.365;42168.365;42169.564;42173.024;42176.894;42178.279;42179.825;42184.565;42190.692;42191.700;42192.625;42194.421;42197.907;42204.391;42204.922;42205.495;42206.135;42208.337;42209.594;42210.362;42210.903;42211.372;42212.780;42213.159;42213.356;42213.793;42216.768;42217.044;42217.338;42217.424;42217.631;42217.789;42218.053;42218.222;42218.641;42219.232;42220.772;42220.879;42220.995;42221.327;42221.573;42221.639;42221.668;42221.726;42221.776;42221.804;42221.825;42221.843;42221.860;42221.881;42221.891;42221.902;42221.911;42221.916;42221.929;42221.935;42222.066;42222.074;42222.154;42222.164;42222.168;42222.252;42222.253;42222.256;42222.258;42222.894;42223.383;42223.384;42223.584;42223.585;42223.641;42223.713;42223.756;42223.826;42224.068;42224.069;42224.370;42224.548;42224.548;42224.551;42224.552,200
LXREP,2,500,6,23,6030,random,6030,42499.424637756005,43892.27036810799,1392.8457303519826,True,345.98194338633454,1.6038144309998188,439.465 93.864;-490.962 93.967;180.282 406.102;291.272 -229.789;-352.177 -352.382;-153.507 -69.127,nan;nan;nan;nan;nan;nan;nan;nan;nan;nan;nan;nan;nan;nan;nan;nan;nan;nan;nan;nan;nan;nan;nan;nan;nan;nan;nan;nan;nan;nan;nan;nan;nan;40868.918;40883.083;40883.083;40883.083;40883.083;41592.314;41592.314;41592.314;41592.314;41592.314;41592.314;41592.314;41636.773;41636.773;41636.773;41636.773;41637.553;41637.553;41637.553;41637.553;41637.553;41640.674;41640.674;41640.674;41640.674;41640.674;41640.674;41640.674;41640.674;41640.674;41640.674;41640.674;41736.997;42056.005;42056.005;42056.005;42056.005;42056.603;42056.603;42056.603;42056.603;42056.603;42056.603;42056.603;42056.603;42056.603;42056.603;42056.603;42056.603;42056.603;42058.348;42058.348;42061.243;42061.243;42087.413;42087.413;42087.413;42087.413;42087.413;42087.413;42094.058;42161.971;42161.971;42207.901;42409.312;42409.312;42409.312;42413.032;42413.236;42413.236;42413.236;42413.547;42413.547;42426.571;42426.571;42436.687;42437.264;42445.333;42449.785;42449.785;42449.940;42458.358;42458.358;42458.978;42460.328;42463.939;42463.939;42463.939;42467.717;42467.717;42467.753;42470.166;42470.869;42472.921;42473.773;42474.295;42475.742;42478.094;42480.249;42481.716;42482.964;42483.760;42483.918;42484.397;42484.397;42484.849;42485.416;42486.289;42486.370;42486.676;42486.885;42487.788;42488.106;42488.595;42488.762;42489.325;42489.508;42489.725;42490.123;42490.349;42490.501;42490.702;42490.821;42490.898;42490.974;42491.025;42491.114;42491.433;42491.927;42491.954;42492.002;42492.707;42492.740;42492.948;42492.968;42492.981;42493.023;42493.173;42493.469;42493.833;42493.845;42493.851;42493.857;42493.863;42495.095;42498.728;42499.108;42499.111;42499.113;42499.114;42499.116;42499.119;42499.315;42499.317;42499.319;42499.320;42499.321;42499.322;42499.323;42499.342;42499.343;42499.343;42499.344;42499.350;42499.352;42499.372;42499.388;42499.425,200
LXU,2,500,6,5,6030,random,6030,42436.6280600052,43892.27036810799,1455.6423081027897,True,351.5380827701809,1.668038002000003,-203.938 -355.292;-362.343 331.256;-52.958 -37.827;252.888 -402.504;376.727 328.734;499.667 -1.164,nan;nan;nan;nan;nan;nan;nan;nan;nan;nan;nan;nan;nan;nan;nan;nan;nan;41995.666;41995.666;41995.666;41995.666;41995.666;41995.666;41995.666;41995.666;41995.666;41995.666;41995.666;41995.666;41995.666;41995.666;41995.666;41995.666;41995.666;41995.666;41995.666;41995.666;41995.666;41995.666;41995.666;41995.666;41995.666;41995.666;41995.666;41995.666;41995.666;41995.666;41995.666;41995.666;42107.534;42107.534;42107.534;42107.534;42107.534;42107.534;42107.534;42107.534;42107.534;42107.534;42107.534;42107.534;42107.534;42107.534;42107.534;42107.534;42107.534;42107.534;42115.555;42115.555;42142.180;42142.180;42143.003;42143.003;42143.003;42143.003;42143.003;42143.003;42143.003;42143.003;42143.003;42143.003;42288.368;42288.368;42288.368;42288.368;42298.891;42298.891;42365.849;42365.849;42365.849;42365.849;42365.849;42365.849;42365.849;42365.849;42399.044;42399.044;42399.044;42399.044;42399.185;42399.185;42401.369;42401.369;42401.369;42401.369;42402.078;42402.078;42402.078;42402.078;42402.078;42402.078;42403.654;42403.654;42406.811;42406.811;42409.357;42409.357;42409.357;42410.371;42410.371;42415.327;42416.056;42416.056;42418.243;42420.693;42421.888;42423.919;42426.857;42426.857;42428.610;42428.610;42428.932;42430.000;42430.811;42430.811;42430.817;42430.822;42430.827;42430.989;42430.996;42431.205;42431.434;42431.952;42432.320;42432.555;42433.080;42433.080;42433.308;42433.374;42433.375;42433.499;42433.499;42433.593;42434.000;42434.000;42434.045;42434.106;42434.262;42434.262;42434.284;42434.316;42434.386;42434.386;42434.455;42434.455;42434.569;42434.569;42434.678;42434.678;42434.773;42434.773;42434.773;42434.786;42434.788;42434.793;42434.822;42434.822;42434.842;42434.842;42434.893;42434.893;42434.977;42434.977;42435.050;42435.050;42435.130;42435.130;42435.245;42435.245;42435.353;42435.353;42435.479;42435.479;42435.725;42435.725;42436.113;42436.113;42436.335;42436.335;42436.628;42436.628,100
LXU,2,500,6,17,6030,random,6030,42641.35488505258,43892.27036810799,1250.9154830554107,True,344.7866773351785,1.5491885930000535,-347.052 -336.821;-317.243 385.804;423.908 265.146;-208.364 58.660;103.968 -489.071;302.176 -89.826,nan;nan;nan;nan;nan;nan;nan;nan;nan;nan;nan;40420.891;40420.891;40420.891;40420.891;40420.891;40420.891;40420.891;40420.891;40420.891;40420.891;40786.403;40786.403;40786.403;40786.403;40786.403;40786.403;41617.125;41617.125;41617.125;41617.125;41617.125;41617.125;41617.125;41617.125;41617.125;41617.125;41617.125;41617.125;41617.125;41617.125;41617.125;41617.125;41617.125;41617.125;41617.125;41617.125;41617.125;41617.125;41617.125;41617.125;41617.125;41617.125;41617.125;41617.125;41639.379;41639.379;41648.711;41648.711;41648.711;41648.711;41870.403;41870.403;41870.403;41870.403;41870.403;41870.403;42064.614;42064.614;42285.312;42285.312;42390.917;42390.917;42390.917;42390.917;42407.703;42407.703;42498.002;42498.002;42529.581;42529.581;42533.369;42533.369;42533.369;42533.369;42533.369;42533.369;42533.754;42533.754;42533.754;42533.754;42533.754;42533.754;42567.681;42567.681;42567.681;42567.681;42581.207;42581.207;42581.721;42581.721;42583.089;42583.089;42584.594;42584.594;42587.216;42587.216;42590.630;42590.630;42602.885;42602.885;42602.885;42605.013;42605.013;42605.013;42607.399;42609.000;42609.599;42617.510;42624.037;42624.037;42631.247;42631.247;42632.462;42632.584;42635.378;42635.378;42635.378;42636.869;42637.645;42637.645;42637.645;42637.645;42638.040;42638.175;42638.175;42639.000;42639.526;42639.526;42639.613;42639.617;42639.617;42639.781;42640.036;42640.075;42640.106;42640.321;42640.321;42640.406;42640.412;42640.439;42640.587;42640.587;42640.623;42640.623;42640.826;42640.826;42640.925;42640.925;42640.925;42640.958;42641.026;42641.026;42641.028;42641.063;42641.112;42641.112;42641.112;42641.122;42641.127;42641.133;42641.155;42641.155;42641.193;42641.193;42641.242;42641.242;42641.280;42641.280;42641.280;42641.285;42641.285;42641.286;42641.290;42641.290;42641.303;42641.303;42641.324;42641.324;42641.333;42641.333;42641.340;42641.340;42641.340;42641.341;42641.343;42641.343;42641.348;42641.348;42641.355;42641.355,100
LXU,2,500,6,29,6030,random,6030,42515.27984835975,43892.27036810799,1376.9905197482367,True,357.84374091827425,1.5632355300001564,18.035 495.480;430.962 8.779;-490.354 -94.056;53.246 -181.066;-243.372 188.776;-167.471 -462.733,nan;nan;nan;nan;nan;nan;nan;41739.409;41739.409;41739.409;41739.409;41739.409;41739.409;41739.409;41739.409;41739.409;41739.409;41739.409;41739.409;41739.409;41739.409;41905.629;41905.629;41905.629;41905.629;41905.629;41905.629;41905.629;41905.629;41905.629;41905.629;41905.629;41905.629;41905.629;41905.629;41905.629;41905.629;41905.629;41905.629;41905.629;41905.629;41905.629;41905.629;41905.629;41905.629;41905.629;41905.629;41905.629;41905.629;41905.629;41905.629;41905.629;41905.629;41905.629;41905.629;41905.629;41905.629;41905.629;41905.629;41944.041;41944.041;41944.041;41944.041;41951.412;41951.412;41951.412;41951.412;41979.430;41979.430;42287.086;42287.086;42287.086;42287.086;42287.086;42287.086;42287.086;42287.086;42292.715;42292.715;42293.236;42293.236;42295.701;42295.701;42295.701;42295.701;42295.701;42295.701;42321.777;42321.777;42322.496;42322.496;42322.496;42322.496;42328.708;42328.708;42333.571;42333.571;42333.571;42333.571;42335.432;42335.432;42335.432;42335.432;42346.045;42346.045;42348.960;42348.960;42357.013;42368.667;42368.667;42368.667;42376.010;42376.010;42382.903;42382.903;42387.495;42388.281;42395.135;42395.135;42397.474;42400.707;42407.283;42407.283;42410.548;42410.548;42492.298;42492.298;42492.298;42494.335;42496.790;42496.790;42497.083;42498.605;42499.322;42499.592;42500.208;42500.320;42504.064;42504.064;42505.197;42505.197;42508.121;42508.121;42510.206;42510.206;42510.206;42510.321;42510.538;42510.551;42510.949;42510.949;42511.361;42511.361;42511.361;42511.415;42512.687;42512.687;42512.687;42512.729;42512.746;42512.746;42512.752;42512.756;42512.758;42512.781;42512.821;42512.821;42512.843;42512.843;42512.884;42512.884;42512.941;42512.941;42513.042;42513.042;42513.118;42513.118;42513.193;42513.193;42513.244;42513.244;42513.277;42513.277;42513.356;42513.356;42513.459;42513.459;42513.528;42513.528;42513.709;42513.709;42513.893;42513.893;42514.249;42514.249;42514.598;42514.598;42514.949;42514.949;42515.280;42515.280,100
LXC025,2,500,6,11,6030,random,6030,42398.16466857927,43892.27036810799,1494.1056995287145,True,315.47467827803456,1.581017404000022,-126.845 -483.635;331.747 -340.682;-188.627 462.509;-163.438 27.584;-369.237 -211.520;379.151 80.349,nan;nan;nan;nan;nan;nan;nan;nan;nan;nan;nan;nan;nan;nan;nan;nan;nan;nan;nan;nan;nan;nan;nan;nan;nan;nan;nan;nan;nan;nan;nan;nan;nan;nan;nan;41559.422;41559.422;41559.422;41559.422;41559.422;41559.422;41559.422;41559.422;41559.422;41559.422;41559.422;41559.422;41559.422;41559.422;41559.422;41559.422;41559.422;41559.422;41559.422;41559.422;41721.328;41721.328;41721.328;41721.328;41721.328;41721.328;42060.240;42060.240;42060.240;42060.240;42060.240;42060.240;42060.240;42060.240;42060.240;42060.240;42060.240;42060.240;42060.240;42060.240;42150.110;42150.110;42150.110;42150.110;42150.110;42275.270;42275.270;42275.270;42275.270;42275.270;42275.270;42275.270;42275.270;42275.270;42275.270;42275.270;42275.270;42275.270;42327.513;42327.513;42327.513;42327.513;42327.513;42327.513;42327.513;42327.513;42337.483;42337.483;42337.483;42337.483;42337.483;42337.483;42337.483;42337.483;42337.483;42337.483;42337.483;42337.483;42343.701;42343.701;42343.701;42348.616;42349.643;42358.903;42358.903;42358.903;42358.903;42364.375;42364.375;42370.378;42370.378;42371.333;42371.368;42372.867;42373.024;42375.310;42375.310;42392.305;42392.305;42393.060;42393.060;42394.048;42394.048;42394.894;42394.894;42395.578;42395.995;42396.067;42396.138;42396.580;42396.580;42396.799;42396.799;42397.102;42397.102;42397.260;42397.260;42397.489;42397.489;42397.581;42397.581;42397.753;42397.753;42397.835;42397.859;42397.879;42397.880;42397.936;42397.936;42397.963;42397.963;42398.001;42398.001;42398.020;42398.020;42398.028;42398.028;42398.039;42398.040;42398.056;42398.056;42398.066;42398.066;42398.069;42398.137;42398.137;42398.137;42398.141;42398.141;42398.143;42398.161;42398.161;42398.161;42398.162;42398.162;42398.163;42398.163;42398.163;42398.163;42398.164;42398.164;42398.164;42398.164;42398.164;42398.164;42398.165,100
LXC025,2,500,6,23,6030,random,6030,42380.995884945194,43892.27036810799,1511.2744831627933,True,322.46230955885096,1.683728149999979,70.598 -494.990;-88.827 417.607;84.706 76.190;320.900 -284.914;-370.246 107.998;-362.230 -214.365,nan;nan;nan;nan;nan;nan;nan;nan;nan;nan;nan;nan;nan;nan;nan;nan;nan;nan;nan;nan;nan;nan;nan;nan;nan;nan;nan;nan;nan;nan;nan;nan;nan;nan;nan;nan;nan;nan;nan;nan;nan;nan;nan;nan;nan;nan;nan;nan;nan;nan;nan;nan;nan;nan;nan;nan;nan;nan;nan;nan;nan;nan;nan;nan;nan;nan;nan;nan;nan;nan;nan;41855.323;42117.527;42117.527;42117.527;42117.527;42117.527;42117.527;42117.527;42117.527;42117.527;42117.527;42117.527;42177.237;42177.237;42177.237;42177.237;42177.237;42177.237;42177.237;42177.237;42177.237;42177.237;42217.292;42217.292;42217.292;42217.292;42217.292;42217.292;42217.292;42217.292;42217.292;42217.292;42217.292;42217.292;42217.292;42217.292;42217.292;42323.020;42323.020;42330.471;42330.471;42370.338;42370.338;42370.338;42370.338;42370.338;42370.338;42370.338;42370.338;42370.338;42370.338;42370.338;42370.338;42371.508;42371.508;42371.963;42371.963;42373.670;42374.333;42374.333;42374.333;42375.338;42375.338;42375.802;42375.802;42375.836;42375.836;42376.672;42376.672;42377.365;42377.365;42377.998;42377.998;42378.469;42378.469;42378.774;42378.774;42379.126;42380.110;42380.110;42380.110;42380.349;42380.349;42380.527;42380.527;42380.621;42380.621;42380.710;42380.710;42380.777;42380.777;42380.825;42380.825;42380.871;42380.871;42380.921;42380.921;42380.937;42380.939;42380.949;42380.949;42380.965;42380.965;42380.972;42380.972;42380.977;42380.977;42380.981;42380.981;42380.983;42380.983;42380.986;42380.986;42380.989;42380.989;42380.991;42380.991;42380.993;42380.993;42380.994;42380.994;42380.994;42380.994;42380.995;42380.995;42380.995;42380.995;42380.996;42380.996;42380.996,100
LXC05,2,500,6,5,6030,random,6030,42590.21532838624,43892.27036810799,1302.0550397217448,True,371.7080320590528,1.5859029929999906,-284.313 -284.656;-202.911 455.471;-73.919 106.863;222.058 -444.726;286.533 389.554;434.778 -47.895,nan;nan;nan;nan;nan;nan;nan;nan;nan;nan;nan;nan;nan;nan;nan;nan;nan;nan;nan;nan;nan;nan;nan;nan;nan;nan;nan;nan;nan;nan;nan;nan;nan;nan;nan;nan;nan;nan;nan;nan;nan;nan;nan;nan;nan;nan;nan;nan;nan;nan;nan;nan;nan;nan;nan;41271.171;41271.171;41271.171;41271.171;41271.171;41271.171;41632.886;41632.886;41632.886;41632.886;42092.525;42092.525;42092.525;42092.525;42092.525;42092.525;42092.525;42092.525;42092.525;42092.525;42092.525;42092.525;42258.227;42258.227;42258.227;42258.227;42267.289;42267.289;42267.289;42267.289;42381.891;42381.891;42381.891;42490.053;42490.053;42490.053;42490.053;42536.684;42536.684;42536.684;42550.175;42550.175;42550.175;42550.175;42554.447;42554.447;42558.156;42558.156;42558.723;42558.723;42561.046;42561.046;42561.046;42561.046;42561.046;42561.046;42561.960;42561.960;42562.897;42565.155;42566.606;42566.606;42566.606;42566.606;42566.606;42570.149;42570.310;42572.931;42572.931;42575.514;42578.452;42578.452;42578.452;42580.052;42580.052;42580.052;42580.818;42580.818;42580.818;42580.985;42581.444;42581.885;42581.885;42582.131;42582.131;42582.415;42582.415;42583.092;42583.092;42583.458;42583.458;42583.889;42583.889;42584.215;42584.251;42584.365;42584.365;42584.527;42584.587;42584.651;42584.713;42584.765;42586.377;42586.377;42587.232;42587.232;42587.913;42587.913;42589.802;42589.802;42589.802;42589.830;42589.830;42589.855;42589.877;42589.878;42589.878;42589.889;42589.889;42589.897;42589.973;42589.973;42589.973;42589.978;42589.978;42589.981;42590.100;42590.100;42590.100;42590.102;42590.102;42590.104;42590.165;42590.165;42590.206;42590.206;42590.206;42590.206;42590.214;42590.214;42590.214;42590.215;42590.215;42590.215;42590.215;42590.215,100
LXC05,2,500,6,17,6030,random,6030,42374.13118937003,43892.27036810799,1518.1391787379544,True,351.5482601248107,1.6672685409998849,21.451 382.994;-384.155 -320.017;464.190 185.814;245.644 -422.038;-219.728 105.303;95.919 -103.968,nan;nan;nan;nan;nan;nan;nan;nan;nan;nan;nan;nan;nan;nan;nan;nan;nan;nan;nan;nan;nan;nan;nan;nan;nan;nan;nan;nan;nan;nan;nan;nan;nan;nan;nan;nan;nan;nan;nan;nan;nan;nan;nan;nan;nan;nan;nan;nan;nan;41291.835;41291.835;41618.783;41618.783;41657.031;41657.031;41657.031;41657.031;41657.031;41657.031;41657.031;41657.031;41734.056;41734.056;41734.056;41734.056;41734.056;41734.056;41734.056;41734.056;41734.056;41734.056;41734.056;41734.056;41896.388;41896.388;41989.863;41989.863;41989.863;41989.863;42003.853;42003.853;42003.853;42003.853;42115.592;42115.592;42115.592;42115.592;42115.592;42145.522;42145.522;42145.522;42188.879;42220.637;42220.637;42220.637;42224.013;42347.224;42347.224;42347.224;42348.980;42348.980;42348.980;42348.980;42356.788;42356.788;42361.250;42361.250;42361.747;42361.747;42362.406;42362.406;42362.630;42362.630;42362.630;42362.630;42362.630;42362.630;42362.630;42365.086;42365.338;42365.338;42366.334;42366.334;42366.429;42367.142;42368.760;42368.760;42368.915;42369.381;42369.645;42370.598;42370.790;42371.280;42371.589;42371.683;42371.687;42372.728;42372.728;42373.060;42373.060;42373.060;42373.060;42373.060;42373.081;42373.194;42373.194;42373.458;42373.578;42373.578;42373.578;42373.646;42373.646;42373.724;42373.738;42373.806;42373.809;42373.849;42373.874;42373.896;42373.896;42373.944;42373.950;42373.950;42373.971;42373.975;42373.978;42373.987;42374.050;42374.050;42374.050;42374.051;42374.057;42374.061;42374.067;42374.074;42374.087;42374.087;42374.087;42374.090;42374.092;42374.094;42374.094;42374.098;42374.103;42374.103;42374.103;42374.104;42374.111;42374.111;42374.114;42374.114;42374.116;42374.116;42374.118;42374.118;42374.118;42374.119;42374.121;42374.121;42374.131;42374.131,100
LXC05,2,500,6,29,6030,random,6030,42492.00012059947,43892.27036810799,1400.270247508517,True,346.5701409906971,1.571105469000031,23.618 475.342;492.107 -88.463;-333.617 -47.554;139.498 140.045;-395.781 293.395;-136.396 -478.827,nan;nan;nan;nan;nan;nan;nan;nan;nan;nan;nan;nan;nan;nan;nan;nan;nan;nan;nan;nan;nan;40895.931;40895.931;40895.931;40895.931;40895.931;40895.931;40895.931;40895.931;41252.527;41252.527;41252.527;41252.527;41252.527;41252.527;41252.527;41252.527;41252.527;41252.527;41252.527;41252.527;41311.060;41311.060;41311.060;41311.060;41439.998;41439.998;41439.998;41439.998;41439.998;41439.998;41439.998;41439.998;41850.732;41850.732;41850.732;41850.732;41850.732;41850.732;41850.732;41850.732;41899.906;41899.906;41984.441;41984.441;41984.441;41984.441;41985.599;41985.599;42006.278;42006.278;42338.494;42338.494;42338.494;42338.494;42338.494;42338.494;42417.500;42417.500;42417.500;42417.500;42417.500;42417.500;42417.500;42417.500;42417.500;42417.500;42417.500;42417.500;42417.500;42417.500;42417.500;42417.500;42417.500;42417.500;42417.500;42417.500;42417.500;42417.500;42417.500;42417.500;42419.905;42419.905;42419.905;42426.718;42426.718;42426.718;42426.718;42439.704;42439.704;42439.704;42442.730;42446.620;42446.620;42446.740;42446.762;42451.923;42451.974;42456.317;42456.668;42457.144;42458.736;42460.763;42461.642;42465.264;42470.346;42470.346;42470.346;42472.011;42473.331;42473.458;42473.458;42476.623;42476.623;42478.671;42478.671;42479.112;42484.443;42484.443;42484.443;42484.878;42490.297;42490.297;42490.342;42490.702;42490.711;42490.848;42490.848;42491.004;42491.124;42491.204;42491.241;42491.304;42491.304;42491.407;42491.407;42491.524;42491.524;42491.633;42491.633;42491.673;42491.739;42491.739;42491.781;42491.781;42491.876;42491.876;42491.876;42491.897;42491.897;42491.919;42491.930;42491.931;42491.936;42491.943;42491.943;42491.949;42491.949;42491.954;42491.954;42491.958;42491.958;42491.961;42491.985;42491.985;42491.985;42491.987;42491.987;42491.988;42491.988;42491.989;42491.989;42491.990;42491.997;42491.997;42492.000;42492.000;42492.000;42492.000;42492.000;42492.000,100
LXC2,2,500,6,11,6030,random,6030,41897.38063928956,43892.27036810799,1994.8897288184307,True,328.1330243974656,1.5680198239999754,393.610 152.508;272.671 -207.922;-335.094 192.130;-137.098 -224.667;34.321 173.525;-104.596 470.801,nan;nan;nan;nan;nan;nan;nan;nan;nan;nan;nan;nan;nan;nan;nan;nan;nan;nan;nan;nan;nan;nan;nan;nan;nan;nan;nan;nan;nan;nan;nan;nan;nan;nan;nan;nan;nan;nan;nan;nan;nan;nan;nan;41143.989;41143.989;41143.989;41143.989;41143.989;41143.989;41143.989;41143.989;41143.989;41143.989;41188.605;41188.605;41188.605;41188.605;41206.138;41206.138;41206.138;41206.138;41206.138;41206.138;41206.138;41206.138;41230.284;41230.284;41230.284;41230.284;41230.284;41230.284;41230.284;41230.284;41230.284;41230.284;41230.284;41230.284;41230.284;41230.284;41230.284;41230.284;41340.473;41371.041;41519.234;41519.234;41519.234;41519.234;41524.355;41524.355;41524.355;41524.355;41524.355;41524.355;41524.355;41524.355;41524.355;41524.355;41563.544;41563.544;41563.544;41563.544;41563.544;41563.544;41563.544;41563.544;41567.903;41567.903;41567.903;41567.903;41567.903;41567.903;41567.903;41567.903;41573.289;41573.289;41581.509;41586.185;41586.185;41587.716;41592.445;41595.239;41596.953;41604.519;41605.905;41605.905;41608.592;41609.926;41609.926;41612.425;41619.634;41619.634;41624.185;41624.185;41660.297;41660.297;41660.297;41662.158;41829.349;41829.349;41829.349;41830.583;41839.617;41839.617;41839.617;41839.919;41839.919;41884.354;41884.354;41884.775;41884.775;41885.101;41886.992;41886.992;41886.992;41887.295;41887.295;41887.430;41887.430;41887.580;41887.599;41887.707;41890.172;41890.172;41890.172;41890.233;41890.713;41890.713;41892.599;41892.599;41892.599;41892.620;41892.675;41892.675;41894.633;41894.633;41896.183;41896.183;41896.183;41896.193;41896.193;41896.202;41896.774;41896.774;41896.775;41896.778;41896.877;41896.877;41896.936;41896.936;41897.130;41897.130;41897.370;41897.370;41897.370;41897.371;41897.371;41897.372;41897.372;41897.372;41897.381;41897.381,100
LXC2,2,500,6,23,6030,random,6030,42560.08439965636,43892.27036810799,1332.185968451624,True,378.19746636185863,1.6203268809999827,430.600 -162.527;244.660 429.504;-435.395 232.232;-90.258 77.590;-2.019 -499.864;-412.071 -283.191,nan;nan;nan;nan;nan;nan;nan;nan;nan;nan;nan;nan;nan;nan;nan;nan;nan;nan;nan;nan;nan;nan;nan;nan;nan;nan;nan;nan;nan;nan;nan;nan;nan;nan;nan;nan;nan;nan;nan;nan;nan;nan;nan;nan;nan;nan;nan;nan;nan;nan;nan;nan;nan;nan;nan;41079.375;41079.375;41221.770;41221.770;41345.097;41345.097;41419.998;41419.998;42070.689;42070.689;42243.737;42243.737;42243.737;42243.737;42254.721;42254.721;42332.823;42332.823;42332.823;42332.823;42401.635;42401.635;42454.269;42454.269;42454.269;42454.269;42458.729;42458.729;42464.295;42464.295;42465.692;42465.692;42465.692;42465.692;42467.582;42467.582;42467.771;42467.771;42471.425;42471.425;42471.597;42471.597;42473.931;42473.931;42477.220;42477.220;42477.220;42492.568;42492.568;42497.947;42498.559;42502.501;42502.501;42502.501;42502.501;42502.501;42504.092;42506.477;42511.249;42511.249;42511.769;42520.169;42525.468;42525.468;42530.705;42532.580;42538.555;42538.555;42542.790;42542.790;42542.790;42545.822;42545.822;42547.368;42547.368;42547.368;42547.828;42547.888;42547.888;42548.860;42551.813;42551.813;42552.557;42552.557;42552.557;42553.212;42553.212;42553.647;42553.810;42554.281;42554.281;42554.387;42558.021;42558.021;42558.021;42558.204;42558.628;42558.628;42558.628;42558.727;42558.727;42558.839;42559.082;42559.082;42559.082;42559.126;42559.165;42559.166;42559.433;42559.433;42559.791;42559.791;42559.803;42559.808;42559.840;42559.840;42559.840;42559.856;42559.856;42559.863;42559.863;42559.866;42559.884;42559.884;42559.884;42559.885;42559.977;42559.977;42560.027;42560.027;42560.076;42560.076;42560.080;42560.080;42560.080;42560.081;42560.081;42560.082;42560.082;42560.082;42560.082;42560.082;42560.082;42560.083;42560.084;42560.084,100
