Algorithm,Dataset,Radius,Turbines,Seed,Budget,Init,Calls,Objective,Ideal,WakeLoss,Feasible,MinSpacing,Seconds,Coordinates,Curve,Spacing,SMin
SLSQP,1,1000,15,2,6030,random,6030,206242.74970613618,210686.06054602243,4443.310839886253,True,462.0127658805022,5.590823413999715,-411.224 -911.531;647.212 164.831;-628.543 -230.271;209.971 494.743;-888.089 459.363;645.196 -764.017;783.277 621.357;943.937 -309.144;-558.999 827.825;294.702 -461.408;-101.114 969.072;-314.534 146.541;415.706 909.161;109.543 -954.937;130.828 -29.435,nan;nan;nan;nan;nan;nan;nan;nan;nan;nan;nan;nan;nan;nan;nan;nan;nan;nan;nan;nan;nan;nan;nan;nan;nan;nan;nan;nan;nan;nan;nan;nan;nan;nan;nan;nan;nan;nan;nan;nan;nan;nan;nan;nan;nan;nan;nan;nan;nan;nan;nan;nan;nan;nan;nan;nan;nan;nan;nan;nan;nan;nan;nan;nan;nan;nan;nan;nan;nan;nan;nan;nan;nan;nan;nan;nan;nan;nan;nan;nan;nan;nan;nan;nan;nan;nan;nan;nan;nan;nan;nan;nan;nan;nan;nan;nan;nan;nan;204909.918;204966.288;204966.288;204966.288;204996.860;205011.553;205019.670;205019.670;205032.424;205032.424;205032.424;205032.424;205032.424;205032.424;205032.424;205032.424;205032.424;205032.424;206015.841;206198.981;206223.882;206229.051;206229.063;206229.063;206229.063;206229.063;206229.063;206229.063;206229.063;206229.063;206242.750;206242.750;206242.750;206242.750;206242.750;206242.750;206242.750;206242.750;206242.750;206242.750;206242.750;206242.750;206242.750;206242.750;206242.750;206242.750;206242.750;206242.750;206242.750;206242.750;206242.750;206242.750;206242.750;206242.750;206242.750;206242.750;206242.750;206242.750;206242.750;206242.750;206242.750;206242.750;206242.750;206242.750;206242.750;206242.750;206242.750;206242.750;206242.750;206242.750;206242.750;206242.750;206242.750;206242.750;206242.750;206242.750;206242.750;206242.750;206242.750;206242.750;206242.750;206242.750;206242.750;206242.750;206242.750;206242.750;206242.750;206242.750;206242.750;206242.750;206242.750;206242.750;206242.750;206242.750;206242.750;206242.750;206242.750;206242.750;206242.750;206242.750;206242.750;206242.750;206242.750,6D,462.0
PSOBV,1,1000,15,12,6030,random,6030,202279.62826852337,210686.06054602243,8406.432277499058,True,462.31300466892236,4.3405754200002775,-567.666 -4.978;-109.201 104.721;564.053 306.697;-977.356 209.638;313.964 -82.133;93.156 -979.189;121.030 515.093;-946.202 -290.749;800.673 -217.343;330.704 -580.105;467.684 842.492;-189.767 960.019;-375.098 -870.787;-287.994 -376.081;-391.413 491.081,nan;nan;nan;nan;nan;nan;nan;nan;nan;nan;nan;nan;nan;nan;nan;nan;nan;nan;nan;nan;nan;nan;nan;nan;nan;nan;nan;nan;nan;nan;nan;nan;nan;nan;nan;nan;nan;nan;nan;nan;nan;nan;nan;nan;nan;nan;nan;nan;nan;nan;nan;nan;nan;nan;nan;nan;nan;nan;nan;nan;nan;nan;nan;nan;nan;nan;nan;nan;nan;nan;nan;nan;nan;nan;nan;nan;nan;nan;nan;nan;nan;nan;nan;nan;nan;nan;nan;nan;nan;nan;nan;nan;nan;nan;nan;nan;nan;nan;nan;nan;nan;nan;nan;nan;nan;nan;nan;nan;nan;nan;nan;nan;nan;nan;nan;nan;nan;nan;nan;nan;nan;nan;nan;nan;nan;nan;nan;nan;nan;nan;nan;nan;nan;nan;nan;nan;nan;nan;nan;nan;nan;nan;nan;nan;nan;nan;nan;nan;nan;201956.056;201956.056;201992.219;201992.219;202028.015;202028.015;202036.186;202038.264;202046.342;202048.402;202056.389;202058.431;202066.327;202066.327;202074.115;202074.115;202081.796;202081.796;202120.045;202120.045;202126.988;202126.988;202133.852;202133.852;202140.637;202140.637;202147.346;202147.346;202153.978;202153.978;202160.535;202160.535;202164.185;202166.568;202170.218;202172.545;202176.196;202202.719;202206.376;202208.516;202212.174;202214.260;202217.918;202219.952;202260.303;202265.977;202268.202;202271.677;202275.226;202275.667;202279.216;202279.628,6D,462.0
SSABV,1,1000,15,22,6030,random,6030,204588.72331971314,210686.06054602243,6097.33722630929,True,462.284423410394,3.4981483359997583,-700.311 -301.518;194.156 -94.779;422.026 331.668;726.157 684.435;-440.014 648.459;-47.426 356.831;808.811 -440.037;-228.298 -318.741;543.387 -836.752;-406.673 -787.047;-55.845 914.525;149.572 -594.643;-872.574 315.425;-455.216 96.464;958.408 246.266,nan;nan;nan;nan;nan;nan;nan;nan;nan;nan;nan;nan;nan;nan;nan;nan;nan;nan;nan;nan;nan;nan;nan;nan;nan;nan;nan;nan;nan;nan;nan;nan;nan;nan;nan;nan;nan;nan;nan;nan;nan;nan;nan;nan;nan;nan;nan;nan;nan;nan;nan;nan;nan;nan;nan;nan;nan;nan;nan;nan;nan;nan;nan;nan;nan;nan;nan;nan;nan;nan;nan;nan;nan;nan;nan;nan;nan;nan;nan;nan;nan;nan;nan;nan;nan;nan;nan;nan;nan;nan;nan;nan;nan;nan;nan;nan;nan;nan;nan;nan;nan;nan;nan;nan;nan;nan;nan;nan;nan;nan;nan;nan;nan;nan;nan;nan;nan;nan;nan;nan;nan;nan;nan;nan;nan;nan;nan;nan;nan;nan;nan;nan;nan;nan;nan;nan;nan;nan;nan;nan;nan;nan;nan;nan;nan;nan;nan;nan;nan;nan;nan;nan;nan;nan;nan;nan;nan;nan;203328.640;204083.182;204083.182;204108.367;204179.715;204204.904;204224.137;204249.326;204249.326;204272.611;204272.611;204295.651;204295.651;204352.100;204352.100;204390.234;204390.234;204390.706;204406.262;204406.745;204420.822;204421.301;204434.961;204435.434;204439.280;204459.340;204470.704;204490.783;204490.783;204510.168;204510.168;204518.240;204518.240;204541.735;204541.735;204578.603;204578.603;204580.764;204581.199;204583.363;204586.531;204588.723;204588.723,6D,462.0
BVNS,1,1000,15,2,6030,random,6030,206172.6009982664,210686.06054602243,4513.459547756036,True,463.2633851962605,2.940168142999937,448.102 892.998;493.963 350.865;-488.566 200.819;-813.635 -510.239;-982.935 42.474;-110.872 528.955;-284.944 -315.277;-468.288 -871.948;658.591 -751.779;30.883 87.912;445.245 -120.514;-441.800 885.556;213.549 -528.944;886.187 73.618;14.538 -980.218,nan;nan;nan;nan;nan;nan;nan;nan;nan;nan;nan;nan;nan;nan;nan;nan;nan;nan;nan;nan;nan;nan;nan;nan;nan;nan;nan;nan;nan;nan;nan;nan;nan;nan;nan;nan;nan;nan;nan;nan;nan;nan;nan;nan;nan;nan;nan;nan;nan;nan;nan;nan;nan;nan;nan;nan;nan;nan;nan;nan;nan;nan;nan;nan;nan;nan;nan;nan;nan;nan;nan;nan;nan;nan;nan;nan;nan;nan;nan;nan;nan;nan;nan;nan;nan;nan;nan;nan;nan;nan;nan;nan;nan;nan;nan;nan;nan;nan;nan;nan;nan;nan;nan;nan;nan;nan;nan;nan;nan;nan;nan;nan;nan;nan;nan;nan;nan;nan;nan;nan;nan;nan;nan;nan;nan;nan;nan;nan;nan;nan;nan;nan;nan;nan;nan;nan;nan;nan;nan;nan;nan;nan;nan;nan;nan;202138.121;202138.121;202317.016;202317.016;202430.339;202430.339;202621.087;202621.087;202621.087;202872.204;202877.160;202914.343;202919.197;202935.770;202940.580;202979.440;202984.249;203016.305;203021.112;203021.112;203480.737;203480.737;203491.249;203491.249;204610.852;204610.852;204625.600;204625.600;204637.392;204637.392;204642.395;204642.395;204642.395;204642.395;204750.548;204899.012;205007.167;205036.529;205166.957;205166.957;205201.741;205201.741;205226.268;205230.329;205255.112;205268.100;205292.883;205294.114;205318.897;205318.897;205331.569;205331.569;205335.892;205337.485;205341.807;206172.601,6D,462.0
PSOC,1,1000,15,12,6030,random,6030,201513.6338922698,210686.06054602243,9172.426653752627,False,453.8947481933715,3.0080275979998987,-579.989 16.154;-130.796 89.746;554.407 315.817;-965.752 256.291;279.157 -112.701;131.520 -981.246;125.977 475.566;-921.067 -344.070;719.654 -282.467;348.721 -569.712;431.782 826.164;-191.631 973.724;-490.454 -865.119;-429.079 -411.920;-344.497 519.377,nan;nan;nan;nan;nan;nan;nan;nan;nan;nan;nan;nan;nan;nan;nan;nan;nan;nan;nan;nan;nan;nan;nan;nan;nan;nan;nan;nan;nan;nan;nan;nan;nan;nan;nan;nan;nan;nan;nan;nan;nan;nan;nan;nan;nan;nan;nan;nan;nan;nan;nan;nan;nan;nan;nan;nan;nan;nan;nan;nan;nan;nan;nan;nan;nan;nan;nan;nan;nan;nan;nan;nan;nan;nan;nan;nan;nan;nan;nan;nan;nan;nan;nan;nan;nan;nan;nan;nan;nan;nan;nan;nan;nan;nan;nan;nan;nan;nan;nan;nan;nan;nan;nan;nan;nan;nan;nan;nan;nan;nan;nan;nan;nan;nan;nan;nan;nan;nan;nan;nan;nan;nan;nan;nan;nan;nan;nan;nan;nan;nan;nan;nan;nan;nan;nan;nan;nan;nan;nan;nan;nan;nan;nan;nan;nan;nan;nan;nan;nan;nan;nan;nan;nan;nan;nan;nan;nan;nan;nan;nan;nan;nan;nan;nan;nan;nan;nan;nan;nan;nan;nan;nan;nan;nan;nan;nan;nan;nan;nan;nan;nan;nan;nan;nan;nan;nan;nan;nan;nan;nan;nan;nan;nan;nan;nan;nan;nan;nan;nan;nan;nan,6D,462.0
SSA,1,1000,15,22,6030,random,6030,202964.92977271808,210686.06054602243,7721.13077330435,False,446.25645662791436,3.1223256790008236,-885.560 310.452;-510.328 779.855;29.078 136.980;-84.355 578.884;679.209 -710.872;217.087 -723.157;-87.410 -304.646;401.162 679.985;70.164 997.535;-237.168 -786.621;795.559 445.984;413.923 -308.704;868.562 -195.773;-730.840 -196.019;-426.177 281.135,nan;nan;nan;nan;nan;nan;nan;nan;nan;nan;nan;nan;nan;nan;nan;nan;nan;nan;nan;nan;nan;nan;nan;nan;nan;nan;nan;nan;nan;nan;nan;nan;nan;nan;nan;nan;nan;nan;nan;nan;nan;nan;nan;nan;nan;nan;nan;nan;nan;nan;nan;nan;nan;nan;nan;nan;nan;nan;nan;nan;nan;nan;nan;nan;nan;nan;nan;nan;nan;nan;nan;nan;nan;nan;nan;nan;nan;nan;nan;nan;nan;nan;nan;nan;nan;nan;nan;nan;nan;nan;nan;nan;nan;nan;nan;nan;nan;nan;nan;nan;nan;nan;nan;nan;nan;nan;nan;nan;nan;nan;nan;nan;nan;nan;nan;nan;nan;nan;nan;nan;nan;nan;nan;nan;nan;nan;nan;nan;nan;nan;nan;nan;nan;nan;nan;nan;nan;nan;nan;nan;nan;nan;nan;nan;nan;nan;nan;nan;nan;nan;nan;nan;nan;nan;nan;nan;nan;nan;nan;nan;nan;nan;nan;nan;nan;nan;nan;nan;nan;nan;nan;nan;nan;nan;nan;nan;nan;nan;nan;nan;nan;nan;nan;nan;nan;nan;nan;nan;nan;nan;nan;nan;nan;nan;nan;nan;nan;nan;nan;nan;nan,6D,462.0
DE,1,1000,15,2,6030,random,6030,203777.9073868054,210686.06054602243,6908.153159217036,False,145.44846429918525,4.390529828000581,-436.708 349.494;376.274 480.035;-295.240 -302.460;-565.210 -33.592;-759.738 -484.706;260.444 -307.633;310.767 350.173;598.687 -75.530;797.813 422.908;-6.454 -344.793;-326.684 -724.514;-316.506 694.281;-123.162 942.381;772.169 -519.491;-22.349 -763.606,nan;nan;nan;nan;nan;nan;nan;nan;nan;nan;nan;nan;nan;nan;nan;nan;nan;nan;nan;nan;nan;nan;nan;nan;nan;nan;nan;nan;nan;nan;nan;nan;nan;nan;nan;nan;nan;nan;nan;nan;nan;nan;nan;nan;nan;nan;nan;nan;nan;nan;nan;nan;nan;nan;nan;nan;nan;nan;nan;nan;nan;nan;nan;nan;nan;nan;nan;nan;nan;nan;nan;nan;nan;nan;nan;nan;nan;nan;nan;nan;nan;nan;nan;nan;nan;nan;nan;nan;nan;nan;nan;nan;nan;nan;nan;nan;nan;nan;nan;nan;nan;nan;nan;nan;nan;nan;nan;nan;nan;nan;nan;nan;nan;nan;nan;nan;nan;nan;nan;nan;nan;nan;nan;nan;nan;nan;nan;nan;nan;nan;nan;nan;nan;nan;nan;nan;nan;nan;nan;nan;nan;nan;nan;nan;nan;nan;nan;nan;nan;nan;nan;nan;nan;nan;nan;nan;nan;nan;nan;nan;nan;nan;nan;nan;nan;nan;nan;nan;nan;nan;nan;nan;nan;nan;nan;nan;nan;nan;nan;nan;nan;nan;nan;nan;nan;nan;nan;nan;nan;nan;nan;nan;nan;nan;nan;nan;nan;nan;nan;nan;nan,6D,462.0
SLSQP,1,1000,15,12,6030,random,6030,205629.4867487395,210686.06054602243,5056.573797282937,True,392.1506795974496,4.974714819999463,910.927 -167.501;217.092 243.908;-964.025 32.500;-488.286 825.965;341.339 880.881;-90.039 975.215;614.179 206.888;-20.583 -452.390;-301.098 -947.803;450.019 -379.673;-473.037 -360.095;780.492 -597.869;160.787 -833.104;-556.042 439.713;-163.336 -9.608,nan;nan;nan;nan;nan;nan;203986.506;203986.506;204534.531;204631.936;204635.349;204657.082;204710.641;204711.860;204728.967;204803.534;204804.372;204804.708;204805.431;204805.569;204805.575;204805.597;204825.833;204827.629;204827.637;204827.648;204827.648;204827.661;204827.676;204827.685;205083.400;205083.400;205083.400;205083.400;205083.400;205083.400;205083.400;205114.214;205114.214;205142.643;205142.643;205142.643;205142.643;205629.487;205629.487;205629.487;205629.487;205629.487;205629.487;205629.487;205629.487;205629.487;205629.487;205629.487;205629.487;205629.487;205629.487;205629.487;205629.487;205629.487;205629.487;205629.487;205629.487;205629.487;205629.487;205629.487;205629.487;205629.487;205629.487;205629.487;205629.487;205629.487;205629.487;205629.487;205629.487;205629.487;205629.487;205629.487;205629.487;205629.487;205629.487;205629.487;205629.487;205629.487;205629.487;205629.487;205629.487;205629.487;205629.487;205629.487;205629.487;205629.487;205629.487;205629.487;205629.487;205629.487;205629.487;205629.487;205629.487;205629.487;205629.487;205629.487;205629.487;205629.487;205629.487;205629.487;205629.487;205629.487;205629.487;205629.487;205629.487;205629.487;205629.487;205629.487;205629.487;205629.487;205629.487;205629.487;205629.487;205629.487;205629.487;205629.487;205629.487;205629.487;205629.487;205629.487;205629.487;205629.487;205629.487;205629.487;205629.487;205629.487;205629.487;205629.487;205629.487;205629.487;205629.487;205629.487;205629.487;205629.487;205629.487;205629.487;205629.487;205629.487;205629.487;205629.487;205629.487;205629.487;205629.487;205629.487;205629.487;205629.487;205629.487;205629.487;205629.487;205629.487;205629.487;205629.487;205629.487;205629.487;205629.487;205629.487;205629.487;205629.487;205629.487;205629.487;205629.487;205629.487;205629.487;205629.487;205629.487;205629.487;205629.487;205629.487;205629.487;205629.487;205629.487;205629.487;205629.487;205629.487;205629.487;205629.487;205629.487;205629.487;205629.487;205629.487;205629.487;205629.487;205629.487;205629.487;205629.487;205629.487;205629.487;205629.487;205629.487;205629.487;205629.487;205629.487;205629.487;205629.487;205629.487,5D,385.0
PSOBV,1,1000,15,22,6030,random,6030,207393.31759063504,210686.06054602243,3292.7429553873953,True,391.1353762848272,3.420734404000541,693.090 703.705;446.644 -245.980;82.246 232.804;-860.450 -220.439;-142.406 926.531;-736.590 563.194;-983.209 169.382;-183.741 -579.086;-725.329 -587.493;-319.732 276.953;309.721 -623.650;939.076 -258.407;-461.189 -180.845;-460.925 -885.199;335.521 542.643,nan;nan;nan;nan;nan;nan;nan;nan;nan;nan;nan;nan;nan;nan;nan;nan;nan;nan;nan;nan;nan;nan;nan;nan;nan;nan;nan;nan;nan;nan;nan;nan;nan;nan;nan;nan;nan;nan;nan;nan;nan;nan;nan;nan;nan;nan;nan;nan;nan;nan;nan;nan;nan;nan;nan;nan;nan;nan;nan;nan;nan;nan;nan;nan;nan;nan;nan;nan;nan;nan;nan;nan;nan;nan;nan;nan;nan;nan;nan;nan;nan;nan;nan;nan;nan;nan;nan;nan;nan;nan;nan;nan;nan;nan;nan;nan;nan;nan;nan;nan;nan;nan;nan;nan;nan;nan;nan;205141.004;205141.004;205329.071;205329.071;205404.548;205404.548;205458.227;205458.227;205501.622;205501.622;205520.439;205524.815;205544.776;205544.776;205577.175;205577.175;205602.809;205602.809;205610.300;205610.697;205648.159;205663.001;205700.696;205700.696;205713.929;205719.267;205732.733;205773.750;205810.795;205810.795;205832.913;205832.913;205841.324;205853.508;205861.915;205867.602;205901.593;205901.593;205925.673;205925.673;205962.381;205962.381;205970.776;205970.776;205972.512;205972.512;206167.680;206167.680;206167.680;206171.355;206183.065;206183.065;206183.065;206190.864;206200.383;206245.424;206255.028;206255.028;206265.832;206265.832;206265.832;206271.719;206290.915;206301.704;206321.132;206324.860;206324.860;207007.937;207027.148;207028.372;207028.372;207041.781;207041.781;207041.781;207053.182;207056.664;207068.007;207068.007;207069.045;207073.811;207074.849;207088.267;207101.144;207101.144;207101.144;207101.144;207106.252;207369.025;207374.134;207382.421;207384.139;207388.520;207390.236;207393.318,5D,385.0
RSDVNS,1,1000,15,2,6030,random,6030,205468.44492169816,210686.06054602243,5217.615624324273,True,394.9272314786831,3.1414459750003516,-358.446 927.311;428.453 -432.436;172.364 -952.146;157.142 984.490;-261.697 362.796;935.782 -329.825;700.778 -8.766;291.361 -26.896;-719.534 572.701;-705.932 -397.247;146.048 450.703;803.082 573.744;-276.282 -168.217;-368.770 -902.760;-26.294 -473.951,nan;nan;nan;nan;nan;nan;nan;nan;nan;nan;nan;nan;nan;nan;nan;nan;nan;nan;nan;nan;nan;nan;nan;nan;nan;nan;nan;nan;nan;nan;nan;nan;nan;nan;nan;nan;nan;nan;nan;nan;nan;nan;nan;nan;nan;nan;nan;nan;nan;nan;nan;nan;nan;nan;nan;nan;nan;nan;nan;nan;nan;nan;nan;nan;nan;nan;nan;nan;nan;nan;nan;nan;nan;nan;nan;nan;nan;nan;nan;nan;nan;nan;nan;nan;nan;nan;nan;nan;nan;nan;nan;nan;nan;nan;nan;nan;nan;nan;nan;nan;nan;nan;nan;nan;nan;nan;nan;nan;nan;nan;nan;nan;nan;nan;nan;nan;nan;nan;nan;nan;nan;nan;nan;nan;nan;nan;nan;201170.859;202492.301;202540.445;202584.348;203012.401;203231.599;203681.844;203741.072;203817.870;203873.141;203882.797;203948.332;203956.471;204011.514;204012.702;204080.236;204080.236;204102.050;204126.071;204147.874;204167.949;204189.741;204204.290;204210.679;204233.588;204239.920;204260.865;204271.351;204309.679;204315.824;204818.074;204824.219;204835.454;204841.643;204841.643;204841.643;204846.812;204863.572;204871.641;204935.269;204948.508;204961.927;205034.330;205034.330;205096.791;205096.791;205115.239;205115.239;205131.937;205172.414;205232.339;205272.884;205272.884;205286.737;205315.966;205331.094;205331.094;205344.261;205373.879;205394.491;205394.491;205407.421;205407.421;205419.916;205419.916;205419.916;205419.916;205448.335;205448.335;205460.743;205460.743;205468.445;205468.445;205468.445,5D,385.0
BVNS,1,1000,15,12,6030,random,6030,205017.28755229033,210686.06054602243,5668.772993732098,True,393.67732571942867,2.6865518459999294,992.417 -98.550;438.123 361.579;-917.749 -39.187;-446.795 893.355;578.599 815.368;157.582 973.674;572.155 -69.784;40.128 -416.368;-161.032 -915.050;442.455 -491.693;-346.924 -213.744;831.147 -554.146;238.409 -883.611;-412.171 393.816;72.712 12.991,nan;nan;nan;nan;nan;nan;nan;nan;nan;nan;nan;nan;nan;nan;nan;nan;nan;nan;nan;nan;nan;nan;nan;nan;nan;nan;nan;nan;nan;nan;nan;nan;nan;nan;nan;nan;nan;nan;nan;nan;nan;nan;nan;nan;nan;nan;nan;nan;nan;nan;nan;nan;nan;nan;nan;nan;nan;nan;nan;nan;nan;nan;nan;nan;nan;nan;nan;nan;nan;nan;nan;nan;nan;nan;nan;nan;nan;nan;nan;nan;200810.763;201869.268;201871.195;202308.063;202688.930;203125.795;203125.795;203738.199;203738.199;204353.825;204353.825;204505.895;204505.895;204570.698;204631.747;204650.957;204692.498;204712.006;204715.314;204757.906;204762.356;204773.340;204780.215;204791.199;204801.015;204811.999;204811.999;204820.694;204820.694;204820.694;204820.694;204838.621;204838.903;204856.819;204856.819;204864.263;204864.520;204871.963;204871.963;204875.007;204875.007;204876.892;204877.472;204888.268;204890.547;204892.433;204892.433;204895.231;204895.231;204895.231;204896.134;204896.134;204896.146;204905.573;204909.468;204918.115;204920.767;204930.194;204930.194;204932.064;204932.064;204932.064;204932.064;204935.754;204944.484;204948.173;204951.907;204955.596;204955.596;204956.999;204958.720;204960.118;204961.348;204962.743;204963.913;204965.306;204966.085;204967.477;204967.477;204968.251;204975.895;204976.668;204977.104;204977.874;204977.874;204978.184;204978.184;204992.319;204992.319;204992.319;204992.319;204994.626;204998.440;205000.747;205002.084;205004.390;205006.244;205008.548;205008.548;205010.361;205010.361;205011.054;205011.895;205012.587;205013.155;205013.847;205014.233;205014.924;205014.924;205015.383;205015.383;205015.839;205015.839;205016.292;205016.292;205016.675;205016.701;205017.084;205017.084;205017.183;205017.288,5D,385.0
PSOC,1,1000,15,22,6030,random,6030,206717.30603076157,210686.06054602243,3968.7545152608654,True,395.87928401434897,3.0061344240002654,704.263 694.372;533.387 -153.215;63.597 24.669;-847.079 -228.359;-136.954 794.087;-730.457 492.372;-985.805 148.490;-149.750 -551.921;-714.165 -618.409;-320.364 201.078;250.925 -488.979;955.947 -221.242;-451.203 -226.663;-404.674 -866.342;333.391 526.866,nan;nan;nan;nan;nan;nan;nan;nan;nan;nan;nan;nan;nan;nan;nan;nan;nan;nan;nan;nan;nan;nan;nan;nan;nan;nan;nan;nan;nan;nan;nan;nan;nan;nan;nan;nan;nan;nan;nan;nan;nan;nan;nan;nan;nan;nan;nan;nan;nan;nan;nan;nan;nan;nan;nan;nan;nan;nan;nan;nan;nan;nan;nan;nan;nan;nan;nan;nan;nan;nan;nan;nan;nan;nan;nan;nan;nan;nan;nan;nan;nan;nan;nan;nan;nan;nan;nan;nan;nan;nan;nan;nan;nan;nan;nan;nan;nan;nan;nan;nan;nan;nan;nan;nan;202338.498;203513.944;204200.490;204200.490;204200.490;204200.490;204200.490;204200.490;204205.091;204205.091;204246.815;204246.815;204246.815;204246.815;204246.815;204710.823;204710.823;204710.823;204741.128;204741.128;204741.128;204741.128;204741.128;204741.128;204741.128;204741.128;204741.128;204741.128;204741.128;204741.128;204743.203;204743.203;204743.203;204743.203;204743.203;204743.290;204743.290;204743.290;204743.290;204758.563;204936.611;204936.611;204936.611;204936.611;204936.611;204936.611;204936.611;204936.611;204936.611;204936.611;204936.611;204936.611;204936.611;204936.611;204936.611;204936.611;204936.611;204936.611;204974.687;204974.687;204974.687;205356.607;205546.866;205546.866;205546.866;205546.866;205546.866;205564.774;205564.774;205564.774;205564.774;205611.345;205611.345;205982.579;205982.579;205982.579;205989.216;205989.216;205989.216;205989.216;205989.216;205989.216;206093.249;206146.826;206146.826;206146.826;206334.437;206334.437;206334.437;206680.678;206680.678;206680.678;206680.678;206686.293;206686.293;206717.306;206717.306,5D,385.0
LXSSA,1,1000,15,2,6030,random,6030,204097.96133820683,210686.06054602243,6588.099207815598,True,402.360042515733,2.8357466449997446,757.966 266.394;-304.832 248.539;78.853 -74.290;-791.667 -203.005;-711.562 271.258;-326.968 865.877;-321.056 -824.721;104.103 -504.641;177.443 766.685;671.701 -677.535;160.719 336.619;904.284 -160.192;-462.093 -441.619;507.668 -231.257;-683.192 678.799,nan;nan;nan;nan;nan;nan;nan;nan;nan;nan;nan;nan;nan;nan;nan;nan;nan;nan;nan;nan;nan;nan;nan;nan;nan;nan;nan;nan;nan;nan;nan;nan;nan;nan;nan;nan;nan;nan;nan;nan;nan;nan;nan;nan;nan;nan;nan;nan;nan;nan;nan;nan;nan;nan;nan;nan;nan;nan;nan;nan;nan;nan;nan;nan;nan;nan;nan;nan;nan;nan;nan;nan;nan;nan;nan;nan;nan;nan;nan;nan;nan;nan;nan;nan;nan;nan;nan;nan;nan;nan;nan;nan;nan;nan;nan;nan;nan;nan;nan;nan;202271.398;202271.398;202271.398;202271.398;203110.483;203110.483;203110.483;203303.883;203303.883;203303.883;203303.883;203329.558;203329.558;203826.848;203826.848;203854.165;203854.165;203855.454;203878.584;203913.031;203935.942;203935.942;203954.638;203961.325;203961.455;203968.387;203981.092;203981.092;204004.937;204010.362;204012.548;204012.548;204026.046;204050.014;204050.014;204057.528;204058.731;204066.957;204066.957;204067.904;204069.051;204069.051;204071.747;204072.219;204073.934;204074.870;204076.772;204081.697;204081.697;204081.697;204082.545;204090.091;204090.091;204090.686;204090.686;204091.840;204091.840;204091.840;204092.400;204093.521;204093.521;204093.521;204093.841;204093.996;204094.245;204094.649;204094.649;204094.724;204094.787;204094.820;204094.918;204095.565;204095.565;204096.708;204096.708;204096.727;204096.785;204096.785;204096.807;204097.622;204097.622;204097.622;204097.645;204097.655;204097.660;204097.660;204097.671;204097.783;204097.783;204097.787;204097.789;204097.940;204097.940;204097.940;204097.941;204097.941;204097.945;204097.945;204097.946;204097.961;204097.961,5D,385.0
DE,1,1000,15,12,6030,random,6030,199267.46488399708,210686.06054602243,11418.595662025356,False,223.0262143424233,4.124808131999998,-594.616 -118.602;-824.546 -294.946;229.015 209.778;437.888 287.961;162.819 780.715;-716.762 282.381;-424.489 205.914;118.519 -575.584;-465.879 -440.766;-51.308 73.745;-605.926 790.732;342.021 -331.648;468.053 -635.771;360.094 585.816;823.659 -350.254,nan;nan;nan;nan;nan;nan;nan;nan;nan;nan;nan;nan;nan;nan;nan;nan;nan;nan;nan;nan;nan;nan;nan;nan;nan;nan;nan;nan;nan;nan;nan;nan;nan;nan;nan;nan;nan;nan;nan;nan;nan;nan;nan;nan;nan;nan;nan;nan;nan;nan;nan;nan;nan;nan;nan;nan;nan;nan;nan;nan;nan;nan;nan;nan;nan;nan;nan;nan;nan;nan;nan;nan;nan;nan;nan;nan;nan;nan;nan;nan;nan;nan;nan;nan;nan;nan;nan;nan;nan;nan;nan;nan;nan;nan;nan;nan;nan;nan;nan;nan;nan;nan;nan;nan;nan;nan;nan;nan;nan;nan;nan;nan;nan;nan;nan;nan;nan;nan;nan;nan;nan;nan;nan;nan;nan;nan;nan;nan;nan;nan;nan;nan;nan;nan;nan;nan;nan;nan;nan;nan;nan;nan;nan;nan;nan;nan;nan;nan;nan;nan;nan;nan;nan;nan;nan;nan;nan;nan;nan;nan;nan;nan;nan;nan;nan;nan;nan;nan;nan;nan;nan;nan;nan;nan;nan;nan;nan;nan;nan;nan;nan;nan;nan;nan;nan;nan;nan;nan;nan;nan;nan;nan;nan;nan;nan;nan;nan;nan;nan;nan;nan,5D,385.0
SLSQP,2,1000,15,22,6030,random,6030,104680.8737412125,109730.67592026998,5049.802179057471,True,462.2994616859519,5.977393793999909,-235.153 970.317;351.155 936.163;758.304 651.888;395.979 193.298;726.428 -686.163;-697.280 -716.766;212.527 -964.867;-179.092 -383.568;916.798 217.607;361.088 -396.400;-975.563 217.913;-962.616 -263.977;-619.213 616.721;-224.384 99.770;61.401 553.688,nan;nan;nan;nan;nan;nan;nan;nan;nan;nan;nan;nan;nan;nan;nan;nan;nan;102831.848;102841.668;103034.238;103041.902;103041.902;103041.902;103041.902;103041.902;103041.902;103041.902;103041.902;103041.902;103041.902;103041.902;103041.902;103041.902;103041.902;103041.902;103041.902;103041.902;103041.902;103041.902;103041.902;103041.902;103041.902;103041.902;103041.902;103041.902;103041.902;103041.902;103041.902;103041.902;103041.902;103041.902;103041.902;103041.902;104201.337;104201.337;104201.337;104201.337;104201.337;104201.337;104201.337;104201.337;104201.337;104201.337;104201.337;104201.337;104201.337;104469.959;104596.911;104598.083;104599.655;104601.924;104601.924;104602.035;104602.091;104602.238;104602.287;104602.300;104602.300;104602.301;104602.301;104602.302;104602.302;104602.303;104602.324;104602.324;104602.360;104602.360;104603.594;104603.658;104603.889;104603.889;104603.889;104604.020;104604.060;104604.082;104604.131;104604.131;104604.171;104604.177;104604.183;104604.186;104604.186;104604.188;104604.190;104604.192;104604.192;104604.192;104604.193;104604.194;104604.212;104604.212;104604.236;104604.261;104605.433;104607.103;104608.620;104608.620;104608.642;104608.659;104608.671;104608.671;104608.678;104608.684;104608.684;104608.696;104608.711;104608.721;104608.721;104608.729;104608.738;104608.748;104608.748;104608.759;104608.781;104608.806;104609.017;104609.017;104609.017;104609.017;104609.017;104609.017;104609.017;104680.874;104680.874;104680.874;104680.874;104680.874;104680.874;104680.874;104680.874;104680.874;104680.874;104680.874;104680.874;104680.874;104680.874;104680.874;104680.874;104680.874;104680.874;104680.874;104680.874;104680.874;104680.874;104680.874;104680.874;104680.874;104680.874;104680.874;104680.874;104680.874;104680.874;104680.874;104680.874;104680.874;104680.874;104680.874;104680.874;104680.874;104680.874;104680.874;104680.874;104680.874;104680.874;104680.874;104680.874;104680.874;104680.874;104680.874;104680.874;104680.874;104680.874;104680.874;104680.874;104680.874;104680.874;104680.874;104680.874;104680.874;104680.874;104680.874,6D,462.0
SSABV,2,1000,15,2,6030,random,6030,103834.80319554578,109730.67592026998,5895.872724724191,True,462.08683867971524,3.9547001680002722,-380.539 917.511;51.985 733.275;-303.243 429.602;-282.328 -678.910;787.063 -387.270;-622.018 51.249;-796.105 -604.216;32.140 59.237;-861.482 487.742;873.113 483.693;530.094 -788.566;510.192 820.405;537.250 129.812;992.637 37.332;316.107 -321.756,nan;nan;nan;nan;nan;nan;nan;nan;nan;nan;nan;nan;nan;nan;nan;nan;nan;nan;nan;nan;nan;nan;nan;nan;nan;nan;nan;nan;nan;nan;nan;nan;nan;nan;nan;nan;nan;nan;nan;nan;nan;nan;nan;nan;nan;nan;nan;nan;nan;nan;nan;nan;nan;nan;nan;nan;nan;nan;nan;nan;nan;nan;nan;nan;nan;nan;nan;nan;nan;nan;nan;nan;nan;nan;nan;nan;nan;nan;nan;nan;nan;nan;nan;nan;nan;nan;nan;nan;nan;nan;nan;nan;nan;nan;nan;nan;nan;nan;nan;nan;nan;nan;nan;nan;nan;nan;nan;nan;nan;nan;nan;nan;nan;nan;nan;nan;nan;nan;nan;nan;nan;nan;nan;nan;nan;nan;nan;nan;nan;nan;nan;nan;nan;nan;nan;nan;nan;nan;nan;nan;nan;nan;nan;nan;nan;nan;nan;nan;nan;nan;nan;nan;nan;nan;nan;nan;nan;nan;nan;nan;nan;nan;102431.821;102826.509;102826.509;103119.074;103119.074;103141.854;103281.562;103304.397;103426.618;103529.940;103529.940;103561.056;103561.056;103583.730;103583.730;103584.046;103598.684;103599.000;103636.027;103636.347;103642.855;103643.171;103651.206;103651.523;103682.891;103683.210;103683.210;103704.492;103704.492;103704.492;103708.223;103708.223;103781.134;103790.078;103790.078;103810.489;103810.489;103814.074;103834.803,6D,462.0
RSDVNS,2,1000,15,12,6030,random,6030,105062.38756078348,109730.67592026998,4668.288359486498,True,463.2116593870877,2.9755629279998175,-268.517 -162.381;-543.672 210.252;-313.151 -677.602;585.848 -685.206;456.460 474.570;134.810 119.406;-772.004 -362.141;928.818 -368.505;108.502 -970.976;-162.354 606.950;163.495 -365.896;138.472 961.713;726.029 89.132;-645.804 750.551;-994.185 72.636,nan;nan;nan;nan;nan;nan;nan;nan;nan;nan;nan;nan;nan;nan;nan;nan;nan;nan;nan;nan;nan;nan;nan;nan;nan;nan;nan;nan;nan;nan;nan;nan;nan;nan;nan;nan;nan;nan;nan;nan;nan;nan;nan;nan;nan;nan;nan;nan;nan;nan;nan;nan;nan;nan;nan;nan;nan;nan;nan;nan;nan;nan;nan;nan;nan;nan;nan;nan;nan;nan;nan;nan;nan;nan;nan;nan;nan;nan;nan;nan;nan;nan;nan;nan;nan;nan;nan;nan;nan;nan;nan;nan;nan;nan;nan;nan;nan;nan;nan;nan;nan;nan;nan;nan;nan;nan;nan;nan;nan;nan;nan;nan;nan;nan;nan;nan;nan;nan;nan;nan;nan;nan;nan;nan;nan;nan;nan;nan;nan;nan;nan;nan;nan;nan;nan;nan;nan;nan;nan;nan;nan;nan;nan;nan;nan;nan;nan;nan;nan;nan;nan;nan;nan;nan;nan;nan;nan;nan;nan;nan;nan;103091.973;103138.509;103315.810;103502.003;103768.659;103814.128;103814.128;103965.332;103982.721;104028.216;104028.216;104416.261;104416.261;104416.261;104416.261;104450.063;104469.907;104469.907;104591.994;104591.994;104591.994;104591.994;104745.382;104745.382;104832.695;104832.695;104914.910;104914.910;104960.444;104976.563;104994.446;105011.006;105011.006;105037.134;105037.134;105037.134;105045.824;105048.587;105057.267;105062.388,6D,462.0
BVNS,2,1000,15,22,6030,random,6030,104356.60212752165,109730.67592026998,5374.073792748328,True,462.88123746831087,2.8636762950000048,563.226 -519.319;103.765 -463.156;-503.463 -212.492;-765.012 -610.667;951.763 -170.051;-307.775 -753.120;-978.592 -194.565;-561.694 819.327;-80.489 -1.635;-470.845 251.788;557.610 506.360;298.474 -919.868;-68.484 525.250;-949.392 298.653;181.841 918.831,nan;nan;nan;nan;nan;nan;nan;nan;nan;nan;nan;nan;nan;nan;nan;nan;nan;nan;nan;nan;nan;nan;nan;nan;nan;nan;nan;nan;nan;nan;nan;nan;nan;nan;nan;nan;nan;nan;nan;nan;nan;nan;nan;nan;nan;nan;nan;nan;nan;nan;nan;nan;nan;nan;nan;nan;nan;nan;nan;nan;nan;nan;nan;nan;nan;nan;nan;nan;nan;nan;nan;nan;nan;nan;nan;nan;nan;nan;nan;nan;nan;nan;nan;nan;nan;nan;nan;nan;nan;nan;nan;nan;nan;nan;nan;nan;nan;nan;nan;nan;nan;nan;nan;nan;nan;nan;nan;nan;nan;nan;nan;nan;nan;nan;nan;nan;nan;nan;nan;nan;nan;nan;nan;nan;nan;nan;nan;nan;nan;nan;nan;nan;103323.093;103662.501;103662.501;103685.754;103756.316;103808.874;103838.441;103877.290;103903.249;103969.176;103969.176;104024.718;104024.718;104030.786;104044.101;104049.354;104063.550;104117.378;104134.472;104188.299;104188.299;104190.581;104190.631;104192.619;104194.088;104196.087;104196.087;104206.814;104206.814;104208.179;104208.179;104208.179;104208.179;104241.704;104241.704;104260.095;104260.095;104273.835;104273.835;104300.901;104300.901;104301.105;104304.650;104304.814;104304.814;104304.814;104304.885;104304.885;104304.885;104319.113;104327.800;104331.417;104331.417;104334.976;104334.976;104336.954;104336.994;104339.908;104339.908;104341.890;104346.192;104348.174;104348.174;104349.098;104349.659;104353.158;104353.158;104356.602;104356.602,6D,462.0
SSA,2,1000,15,2,6030,random,6030,102619.00005083374,109730.67592026998,7111.675869436236,False,431.02315595485743,3.0535516740001185,-623.597 747.028;-98.454 -616.543;796.438 -505.326;289.540 227.820;17.585 991.037;20.988 -181.182;483.979 785.315;-932.220 361.886;336.924 -546.047;-159.504 290.710;-413.814 -910.361;-420.328 -318.642;-571.649 103.365;714.668 54.201;-769.450 -630.091,nan;nan;nan;nan;nan;nan;nan;nan;nan;nan;nan;nan;nan;nan;nan;nan;nan;nan;nan;nan;nan;nan;nan;nan;nan;nan;nan;nan;nan;nan;nan;nan;nan;nan;nan;nan;nan;nan;nan;nan;nan;nan;nan;nan;nan;nan;nan;nan;nan;nan;nan;nan;nan;nan;nan;nan;nan;nan;nan;nan;nan;nan;nan;nan;nan;nan;nan;nan;nan;nan;nan;nan;nan;nan;nan;nan;nan;nan;nan;nan;nan;nan;nan;nan;nan;nan;nan;nan;nan;nan;nan;nan;nan;nan;nan;nan;nan;nan;nan;nan;nan;nan;nan;nan;nan;nan;nan;nan;nan;nan;nan;nan;nan;nan;nan;nan;nan;nan;nan;nan;nan;nan;nan;nan;nan;nan;nan;nan;nan;nan;nan;nan;nan;nan;nan;nan;nan;nan;nan;nan;nan;nan;nan;nan;nan;nan;nan;nan;nan;nan;nan;nan;nan;nan;nan;nan;nan;nan;nan;nan;nan;nan;nan;nan;nan;nan;nan;nan;nan;nan;nan;nan;nan;nan;nan;nan;nan;nan;nan;nan;nan;nan;nan;nan;nan;nan;nan;nan;nan;nan;nan;nan;nan;nan;nan;nan;nan;nan;nan;nan;nan,6D,462.0
LXSSA,2,1000,15,12,6030,random,6030,102579.15050097888,109730.67592026998,7151.525419291094,False,431.9062289142409,3.0069419710007423,578.462 547.237;78.897 -298.295;-343.576 933.431;-725.129 683.891;-460.620 -342.280;-866.154 137.265;889.977 -50.120;35.726 149.976;482.015 104.272;-406.747 116.101;216.950 934.154;221.857 -767.765;-144.516 550.131;-281.515 -760.761;591.480 -472.478,nan;nan;nan;nan;nan;nan;nan;nan;nan;nan;nan;nan;nan;nan;nan;nan;nan;nan;nan;nan;nan;nan;nan;nan;nan;nan;nan;nan;nan;nan;nan;nan;nan;nan;nan;nan;nan;nan;nan;nan;nan;nan;nan;nan;nan;nan;nan;nan;nan;nan;nan;nan;nan;nan;nan;nan;nan;nan;nan;nan;nan;nan;nan;nan;nan;nan;nan;nan;nan;nan;nan;nan;nan;nan;nan;nan;nan;nan;nan;nan;nan;nan;nan;nan;nan;nan;nan;nan;nan;nan;nan;nan;nan;nan;nan;nan;nan;nan;nan;nan;nan;nan;nan;nan;nan;nan;nan;nan;nan;nan;nan;nan;nan;nan;nan;nan;nan;nan;nan;nan;nan;nan;nan;nan;nan;nan;nan;nan;nan;nan;nan;nan;nan;nan;nan;nan;nan;nan;nan;nan;nan;nan;nan;nan;nan;nan;nan;nan;nan;nan;nan;nan;nan;nan;nan;nan;nan;nan;nan;nan;nan;nan;nan;nan;nan;nan;nan;nan;nan;nan;nan;nan;nan;nan;nan;nan;nan;nan;nan;nan;nan;nan;nan;nan;nan;nan;nan;nan;nan;nan;nan;nan;nan;nan;nan;nan;nan;nan;nan;nan;nan,6D,462.0
DE,2,1000,15,22,6030,random,6030,100069.1698949998,109730.67592026998,9661.50602527018,False,166.12112816607444,3.320447927000714,-810.295 53.939;510.563 -313.434;233.537 -604.344;-519.981 -384.064;121.468 -18.488;-511.601 -618.027;-220.582 256.871;763.765 228.561;947.690 -133.295;-470.137 533.253;75.670 141.195;384.246 403.164;735.492 -589.141;-200.803 -218.918;-10.335 584.559,nan;nan;nan;nan;nan;nan;nan;nan;nan;nan;nan;nan;nan;nan;nan;nan;nan;nan;nan;nan;nan;nan;nan;nan;nan;nan;nan;nan;nan;nan;nan;nan;nan;nan;nan;nan;nan;nan;nan;nan;nan;nan;nan;nan;nan;nan;nan;nan;nan;nan;nan;nan;nan;nan;nan;nan;nan;nan;nan;nan;nan;nan;nan;nan;nan;nan;nan;nan;nan;nan;nan;nan;nan;nan;nan;nan;nan;nan;nan;nan;nan;nan;nan;nan;nan;nan;nan;nan;nan;nan;nan;nan;nan;nan;nan;nan;nan;nan;nan;nan;nan;nan;nan;nan;nan;nan;nan;nan;nan;nan;nan;nan;nan;nan;nan;nan;nan;nan;nan;nan;nan;nan;nan;nan;nan;nan;nan;nan;nan;nan;nan;nan;nan;nan;nan;nan;nan;nan;nan;nan;nan;nan;nan;nan;nan;nan;nan;nan;nan;nan;nan;nan;nan;nan;nan;nan;nan;nan;nan;nan;nan;nan;nan;nan;nan;nan;nan;nan;nan;nan;nan;nan;nan;nan;nan;nan;nan;nan;nan;nan;nan;nan;nan;nan;nan;nan;nan;nan;nan;nan;nan;nan;nan;nan;nan;nan;nan;nan;nan;nan;nan,6D,462.0
PSOBV,2,1000,15,2,6030,random,6030,104543.56762158821,109730.67592026998,5187.108298681764,True,417.3237772341081,2.8016221260004386,870.226 -356.547;561.724 823.893;-984.775 -105.218;-403.148 -911.142;-710.146 674.691;-540.278 -516.992;58.635 190.226;-221.562 -148.258;302.423 -299.328;-554.144 215.211;664.552 99.623;-236.809 963.366;253.124 -961.802;611.362 -724.484;-63.725 -615.416,nan;nan;nan;nan;nan;nan;nan;nan;nan;nan;nan;nan;nan;nan;nan;nan;nan;nan;nan;nan;nan;nan;nan;nan;nan;nan;nan;nan;nan;nan;nan;nan;nan;nan;nan;nan;nan;nan;nan;nan;nan;nan;nan;nan;nan;nan;nan;nan;nan;nan;nan;nan;nan;nan;nan;nan;nan;nan;nan;nan;nan;nan;nan;nan;nan;nan;nan;nan;nan;101606.703;101945.579;102089.818;102298.748;102298.748;102298.748;102298.748;102461.256;102461.256;102461.256;102461.256;102461.256;102461.256;102605.556;102605.556;102605.556;102605.556;102605.556;102605.556;102712.372;102712.372;102749.133;102838.053;102838.053;102939.759;102939.759;103042.362;103042.362;103042.362;103042.362;103042.362;103056.574;103169.514;103300.926;103366.887;103368.229;103433.591;103433.591;103521.607;103521.607;103581.310;103581.310;103613.095;103631.207;103655.129;103676.893;103725.648;103725.648;103727.261;103756.632;103761.207;103792.881;103845.799;103906.265;103916.485;103972.017;103981.594;104075.683;104085.745;104185.903;104187.312;104215.298;104217.626;104231.062;104232.990;104234.585;104234.585;104234.585;104256.248;104264.393;104286.051;104286.051;104303.008;104303.008;104303.337;104310.358;104356.221;104364.219;104364.564;104365.960;104366.362;104366.362;104378.618;104378.618;104378.781;104390.142;104390.571;104390.571;104390.571;104390.571;104403.318;104428.699;104441.670;104441.670;104451.934;104451.934;104464.030;104464.030;104470.467;104470.467;104476.126;104476.126;104476.126;104476.963;104476.963;104485.911;104485.911;104494.586;104494.586;104495.388;104495.388;104495.388;104501.253;104502.567;104508.415;104508.415;104513.350;104513.350;104519.104;104519.104;104521.699;104522.583;104528.893;104528.893;104533.713;104533.713;104538.425;104538.425;104541.020;104541.020;104541.952;104543.568,5D,385.0
SSABV,2,1000,15,12,6030,random,6030,104493.3484815813,109730.67592026998,5237.327438688677,True,388.87399065754,2.766363118999834,600.257 -338.684;932.688 349.385;-629.061 529.358;-666.053 -34.900;662.202 -749.090;-599.713 -734.511;-180.697 454.364;693.982 699.821;452.976 48.764;-199.413 65.941;88.531 -299.414;200.298 -942.101;-400.877 -349.826;242.038 753.473;-283.145 957.915,nan;nan;nan;nan;nan;nan;nan;nan;nan;nan;nan;nan;nan;nan;nan;nan;nan;nan;nan;nan;nan;nan;nan;nan;nan;nan;nan;nan;nan;nan;nan;nan;nan;nan;nan;nan;nan;nan;nan;nan;nan;nan;nan;nan;nan;nan;nan;nan;nan;nan;nan;nan;nan;nan;nan;nan;nan;nan;nan;nan;102041.312;102547.236;102547.236;102667.436;102742.016;102742.016;102742.016;102742.016;102797.195;102797.935;102799.401;102801.601;102803.290;102804.160;102805.755;102806.543;102807.428;102808.059;102808.536;102808.739;102809.065;102809.222;102809.327;102809.391;102809.455;102809.541;102809.579;102809.621;102809.653;102809.670;102809.685;102809.698;102809.720;102809.726;102809.735;102809.740;102809.745;102809.748;102809.750;102809.751;102809.752;102841.083;102992.822;103024.101;103143.357;103174.586;103177.160;103208.234;103221.949;103313.296;103473.224;103473.224;103487.988;103487.988;103914.775;104016.327;104016.327;104016.327;104027.652;104027.652;104027.652;104189.155;104189.155;104203.991;104237.464;104245.774;104251.907;104255.410;104260.634;104264.243;104264.243;104264.243;104264.243;104302.870;104302.870;104339.323;104339.323;104350.542;104350.542;104361.395;104361.395;104367.190;104367.190;104370.096;104372.675;104375.581;104376.322;104379.228;104379.228;104379.228;104381.872;104381.872;104383.392;104383.392;104383.392;104392.027;104392.027;104398.738;104398.738;104400.043;104400.727;104402.031;104402.598;104403.902;104404.251;104405.556;104405.711;104414.166;104414.166;104422.474;104422.474;104427.972;104428.105;104434.705;104441.085;104447.686;104447.686;104453.192;104453.192;104461.369;104461.369;104465.836;104465.836;104473.875;104473.875;104475.464;104476.073;104477.668;104478.723;104480.318;104480.885;104482.486;104486.346;104487.949;104488.467;104490.077;104490.278;104491.888;104491.888;104493.348;104493.348,5D,385.0
RSDVNS,2,1000,15,22,6030,random,6030,104575.46310413504,109730.67592026998,5155.212816134939,True,389.9822755830043,2.9640804939999725,-124.501 -583.914;701.814 368.865;382.796 26.947;600.076 -774.644;-370.495 -919.821;-479.026 83.182;45.532 443.293;-557.419 -560.289;-99.345 -168.892;-302.215 698.955;114.789 -954.299;-44.417 991.574;935.168 -169.288;-737.407 553.711;324.409 759.495,nan;nan;nan;nan;nan;nan;nan;nan;nan;nan;nan;nan;nan;nan;nan;nan;nan;nan;nan;nan;nan;nan;nan;nan;nan;nan;nan;nan;nan;nan;nan;nan;nan;nan;nan;nan;nan;nan;nan;nan;nan;nan;nan;nan;nan;nan;nan;nan;nan;nan;nan;nan;nan;nan;nan;nan;nan;nan;nan;nan;nan;nan;nan;nan;nan;nan;nan;nan;nan;nan;nan;nan;nan;nan;nan;nan;nan;nan;nan;nan;nan;nan;nan;nan;nan;nan;nan;nan;nan;nan;nan;nan;nan;nan;nan;nan;nan;nan;nan;nan;nan;nan;nan;nan;nan;nan;nan;nan;nan;nan;nan;nan;nan;nan;nan;nan;nan;nan;nan;nan;nan;nan;nan;nan;nan;nan;nan;nan;nan;nan;nan;nan;nan;nan;nan;101774.422;102011.316;102011.316;102267.202;102267.202;102492.724;102543.158;102721.188;102754.593;102941.996;102941.996;103321.572;103321.572;103397.300;103428.990;103429.476;103589.632;103589.632;103706.006;103706.006;103814.075;103865.269;103865.269;103950.430;103950.430;103991.277;103991.277;103991.277;103991.277;104109.352;104109.352;104119.672;104119.672;104165.408;104165.408;104250.554;104250.554;104306.934;104306.934;104335.701;104335.701;104335.701;104335.701;104370.439;104370.439;104469.988;104469.988;104490.516;104490.516;104514.739;104514.739;104534.223;104534.223;104535.757;104535.757;104535.757;104535.757;104535.757;104555.370;104555.370;104558.755;104570.738;104574.113;104574.113;104574.779;104575.463,5D,385.0
PSOC,2,1000,15,2,6030,random,6030,103833.59493212031,109730.67592026998,5897.080988149668,True,414.234668282569,2.8373024979991897,885.730 -366.611;535.264 797.579;-923.671 -49.253;-450.589 -891.744;-689.285 717.647;-535.248 -465.182;76.857 200.290;-220.617 -120.958;243.876 -349.598;-475.348 279.609;551.198 -14.586;-56.970 831.379;253.737 -963.964;599.900 -730.074;-71.765 -617.853,nan;nan;nan;nan;nan;nan;nan;nan;nan;nan;nan;nan;nan;nan;nan;nan;nan;nan;nan;nan;nan;nan;nan;nan;nan;nan;nan;nan;nan;nan;nan;nan;nan;nan;nan;nan;nan;nan;nan;nan;nan;nan;nan;nan;nan;nan;nan;nan;nan;nan;nan;nan;nan;nan;nan;nan;nan;nan;nan;nan;nan;nan;nan;nan;nan;nan;nan;nan;nan;101606.703;101945.579;102089.818;102298.748;102298.748;102298.748;102298.748;102461.256;102461.256;102461.256;102461.256;102461.256;102461.256;102605.556;102605.556;102605.556;102605.556;102605.556;102605.556;102712.372;102712.372;102749.133;102838.053;102838.053;102939.759;102939.759;103042.362;103042.362;103042.362;103042.362;103042.362;103056.574;103056.574;103070.980;103070.980;103070.980;103070.980;103070.980;103070.980;103070.980;103070.980;103070.980;103070.980;103071.317;103086.878;103096.802;103096.802;103123.018;103134.302;103134.302;103134.302;103134.302;103141.426;103141.426;103233.234;103233.234;103233.234;103233.234;103408.883;103408.883;103408.883;103408.883;103408.883;103408.883;103408.883;103408.883;103498.823;103498.823;103498.823;103498.823;103498.823;103498.823;103498.823;103498.823;103498.823;103498.823;103498.823;103498.823;103498.823;103498.823;103703.314;103703.314;103703.314;103703.314;103703.314;103703.314;103703.314;103703.314;103703.314;103717.880;103717.880;103717.880;103717.880;103717.880;103720.983;103745.333;103745.333;103751.819;103751.819;103751.819;103751.819;103751.819;103756.753;103756.753;103756.753;103756.753;103761.688;103761.688;103774.140;103774.140;103825.704;103825.704;103825.704;103825.704;103825.704;103827.971;103833.595;103833.595;103833.595;103833.595;103833.595;103833.595;103833.595;103833.595;103833.595;103833.595;103833.595;103833.595;103833.595;103833.595;103833.595;103833.595,5D,385.0
SSA,2,1000,15,12,6030,random,6030,103895.19092465565,109730.67592026998,5835.48499561433,True,391.902356499857,2.8968256320004,-84.324 42.011;-635.136 -739.061;54.458 790.070;131.223 -425.447;-379.578 580.821;-634.834 179.391;716.135 -222.461;501.660 -553.367;-790.398 611.208;-4.127 -946.445;-665.821 -269.348;-247.946 -550.244;471.788 760.167;176.832 399.191;944.908 108.169,nan;nan;nan;nan;nan;nan;nan;nan;nan;nan;nan;nan;nan;nan;nan;nan;nan;nan;nan;nan;nan;nan;nan;nan;nan;nan;nan;nan;nan;nan;nan;nan;nan;nan;nan;nan;nan;nan;nan;nan;nan;nan;nan;nan;nan;nan;nan;nan;nan;nan;nan;nan;nan;nan;nan;nan;nan;nan;nan;nan;nan;nan;nan;nan;nan;nan;nan;nan;nan;nan;nan;nan;nan;nan;nan;nan;nan;nan;nan;nan;nan;nan;nan;nan;nan;nan;nan;nan;nan;nan;nan;nan;nan;nan;nan;nan;nan;nan;nan;nan;nan;103543.035;103543.035;103543.035;103543.035;103543.035;103543.035;103543.035;103543.035;103543.035;103718.543;103718.543;103718.543;103718.543;103718.543;103718.543;103718.543;103718.543;103718.543;103718.543;103718.543;103718.543;103808.622;103821.665;103821.665;103821.665;103821.665;103855.193;103855.193;103877.725;103877.725;103877.725;103877.725;103877.725;103877.725;103878.441;103878.441;103881.099;103883.005;103886.587;103886.587;103886.663;103886.663;103886.663;103886.663;103886.663;103886.916;103887.591;103888.773;103889.391;103890.035;103890.650;103891.283;103891.695;103892.174;103892.675;103893.044;103893.211;103893.398;103893.647;103893.860;103894.046;103894.225;103894.322;103894.379;103894.529;103894.585;103894.678;103894.777;103894.833;103894.871;103894.899;103894.938;103894.964;103894.998;103895.027;103895.049;103895.078;103895.093;103895.105;103895.118;103895.132;103895.139;103895.148;103895.152;103895.156;103895.162;103895.165;103895.169;103895.173;103895.176;103895.179;103895.181;103895.184;103895.185;103895.187;103895.188;103895.188;103895.189;103895.190;103895.191,5D,385.0
LXSSA,2,1000,15,22,6030,random,6030,102849.74152170458,109730.67592026998,6880.934398565398,True,385.00039013370235,4.2229170420005175,161.095 -980.205;501.723 699.448;340.127 313.685;-3.967 138.355;564.532 -495.641;-194.793 -196.096;790.075 443.412;116.204 790.626;-841.435 -95.376;-223.247 972.280;-511.162 -773.123;-814.704 529.025;208.003 -321.782;569.874 -107.424;-161.929 -584.040,nan;nan;nan;nan;nan;nan;nan;nan;nan;nan;nan;nan;nan;nan;nan;nan;nan;nan;nan;nan;nan;nan;nan;nan;nan;nan;nan;nan;nan;nan;nan;nan;nan;nan;nan;nan;nan;nan;nan;nan;nan;nan;nan;nan;nan;nan;nan;nan;nan;nan;nan;nan;nan;nan;nan;nan;nan;nan;nan;nan;nan;nan;nan;nan;nan;nan;nan;nan;nan;nan;nan;nan;nan;nan;nan;nan;nan;nan;nan;nan;nan;nan;nan;nan;nan;nan;nan;nan;nan;nan;nan;nan;nan;nan;nan;nan;nan;nan;nan;nan;nan;nan;nan;nan;nan;nan;nan;nan;nan;nan;nan;nan;nan;nan;nan;nan;nan;nan;nan;nan;nan;nan;nan;nan;nan;nan;nan;nan;nan;nan;nan;nan;nan;nan;nan;nan;nan;nan;nan;nan;nan;nan;nan;nan;nan;nan;nan;nan;nan;102836.934;102836.934;102840.558;102840.558;102840.558;102840.995;102841.754;102841.754;102841.754;102842.017;102847.906;102847.906;102847.906;102848.023;102848.023;102848.170;102848.508;102848.508;102848.880;102848.880;102848.880;102848.934;102848.934;102848.989;102848.989;102849.005;102849.025;102849.027;102849.032;102849.047;102849.111;102849.111;102849.179;102849.179;102849.229;102849.229;102849.534;102849.534;102849.641;102849.641;102849.641;102849.645;102849.720;102849.720;102849.720;102849.722;102849.722;102849.724;102849.725;102849.725;102849.742;102849.742,5D,385.0
SLSQP,1,750,12,2,6030,random,6030,163791.97099430434,168548.84843681793,4756.8774425135925,True,462.36794916163524,5.02328026000032,549.727 -508.230;148.982 731.768;-200.370 -216.400;-384.890 643.505;-693.120 281.167;-384.221 -641.784;744.590 -88.930;-133.216 253.890;-708.575 -245.203;290.051 58.179;98.374 -615.796;641.432 370.538,nan;nan;nan;nan;nan;nan;nan;nan;nan;nan;nan;nan;nan;nan;nan;nan;nan;nan;nan;nan;nan;nan;nan;nan;nan;nan;nan;nan;nan;nan;nan;nan;nan;nan;nan;nan;nan;nan;nan;nan;nan;nan;nan;nan;nan;nan;nan;nan;nan;nan;nan;nan;nan;nan;nan;nan;nan;nan;nan;nan;nan;nan;nan;nan;nan;nan;nan;nan;nan;nan;nan;nan;nan;nan;nan;nan;nan;nan;nan;nan;nan;nan;nan;nan;nan;nan;nan;nan;nan;nan;nan;nan;nan;nan;nan;nan;nan;nan;nan;nan;nan;nan;nan;nan;nan;nan;nan;nan;nan;nan;nan;nan;nan;nan;nan;nan;nan;nan;nan;nan;nan;nan;nan;nan;nan;nan;nan;nan;nan;nan;nan;nan;161516.726;161516.726;161516.726;161516.726;161516.726;161516.726;161516.726;161516.726;161516.726;161516.726;161516.726;161516.726;161516.726;161516.726;161516.726;161516.726;161516.726;161516.726;161516.726;161516.726;161516.726;161516.726;161516.726;161516.726;161516.726;161516.726;161516.726;161516.726;161516.726;161516.726;161516.726;161516.726;161516.726;163360.808;163784.637;163784.637;163784.821;163784.821;163784.821;163784.821;163791.971;163791.971;163791.971;163791.971;163791.971;163791.971;163791.971;163791.971;163791.971;163791.971;163791.971;163791.971;163791.971;163791.971;163791.971;163791.971;163791.971;163791.971;163791.971;163791.971;163791.971;163791.971;163791.971;163791.971;163791.971;163791.971;163791.971;163791.971;163791.971,6D,462.0
PSOBV,1,750,12,12,6030,random,6030,163341.40135347313,168548.84843681793,5207.4470833447995,True,462.0771934130496,2.797200576999785,172.594 -727.382;-714.530 226.323;568.150 -485.077;-286.886 -678.458;128.343 246.038;-280.541 -7.126;-217.084 633.476;-642.978 -380.757;265.766 699.166;113.715 -251.501;607.190 385.554;747.267 -58.351,nan;nan;nan;nan;nan;nan;nan;nan;nan;nan;nan;nan;nan;nan;nan;nan;nan;nan;nan;nan;nan;nan;nan;nan;nan;nan;nan;nan;nan;nan;nan;nan;nan;nan;nan;nan;nan;nan;nan;nan;nan;nan;nan;nan;nan;nan;nan;nan;nan;nan;nan;nan;nan;nan;nan;nan;nan;nan;nan;nan;nan;nan;nan;nan;nan;nan;nan;nan;nan;nan;nan;nan;nan;nan;nan;nan;nan;nan;nan;nan;nan;nan;nan;nan;nan;nan;nan;nan;nan;nan;nan;nan;nan;nan;nan;nan;nan;nan;nan;nan;nan;nan;nan;nan;nan;nan;nan;nan;nan;nan;nan;nan;nan;nan;nan;nan;nan;nan;nan;nan;nan;nan;nan;nan;nan;nan;nan;nan;nan;nan;nan;nan;nan;nan;nan;nan;nan;nan;nan;nan;nan;nan;nan;nan;nan;nan;nan;161791.400;162055.773;162345.421;162347.461;162379.402;162388.536;162390.552;162392.150;162395.189;162406.064;162409.675;162441.299;162442.895;162444.910;162448.474;162449.983;162451.994;162453.460;162455.470;162455.470;162456.378;162474.321;162474.321;162474.716;162988.977;162988.977;162989.101;162997.043;162998.150;162998.150;163292.011;163292.130;163292.130;163292.239;163292.338;163292.338;163292.431;163295.868;163301.710;163305.150;163305.634;163314.295;163314.396;163314.396;163323.421;163323.421;163323.519;163332.426;163332.426;163332.521;163333.009;163341.311;163341.401;163341.401,6D,462.0
SSABV,1,750,12,22,6030,random,6030,160689.46187454983,168548.84843681793,7859.386562268104,False,439.60139428035296,2.5979714140003125,691.548 -213.437;235.163 -326.710;-437.921 605.872;-315.961 -22.873;629.593 407.316;-731.267 157.406;178.436 728.446;84.425 -744.772;-74.215 349.895;301.109 107.917;-683.125 -301.533;-263.907 -469.750,nan;nan;nan;nan;nan;nan;nan;nan;nan;nan;nan;nan;nan;nan;nan;nan;nan;nan;nan;nan;nan;nan;nan;nan;nan;nan;nan;nan;nan;nan;nan;nan;nan;nan;nan;nan;nan;nan;nan;nan;nan;nan;nan;nan;nan;nan;nan;nan;nan;nan;nan;nan;nan;nan;nan;nan;nan;nan;nan;nan;nan;nan;nan;nan;nan;nan;nan;nan;nan;nan;nan;nan;nan;nan;nan;nan;nan;nan;nan;nan;nan;nan;nan;nan;nan;nan;nan;nan;nan;nan;nan;nan;nan;nan;nan;nan;nan;nan;nan;nan;nan;nan;nan;nan;nan;nan;nan;nan;nan;nan;nan;nan;nan;nan;nan;nan;nan;nan;nan;nan;nan;nan;nan;nan;nan;nan;nan;nan;nan;nan;nan;nan;nan;nan;nan;nan;nan;nan;nan;nan;nan;nan;nan;nan;nan;nan;nan;nan;nan;nan;nan;nan;nan;nan;nan;nan;nan;nan;nan;nan;nan;nan;nan;nan;nan;nan;nan;nan;nan;nan;nan;nan;nan;nan;nan;nan;nan;nan;nan;nan;nan;nan;nan;nan;nan;nan;nan;nan;nan;nan;nan;nan;nan;nan;nan;nan;nan;nan;nan;nan;nan,6D,462.0
BVNS,1,750,12,2,6030,random,6030,164251.65345085683,168548.84843681793,4297.194985961105,True,463.2793034504655,2.313011729000209,-728.010 173.243;-373.482 -645.831;-682.041 -300.261;101.681 -691.135;266.860 -100.395;-217.145 -188.411;440.456 485.631;-431.552 601.129;731.250 0.013;584.280 -462.580;-49.284 247.569;36.371 742.964,nan;nan;nan;nan;nan;nan;nan;nan;nan;nan;nan;nan;nan;nan;nan;nan;nan;nan;nan;nan;nan;nan;nan;nan;nan;nan;nan;nan;nan;nan;nan;nan;nan;nan;nan;nan;nan;nan;nan;nan;nan;nan;nan;nan;nan;nan;nan;nan;nan;nan;nan;nan;nan;nan;nan;nan;nan;nan;nan;nan;nan;nan;nan;nan;nan;nan;nan;nan;nan;nan;nan;nan;nan;nan;nan;nan;nan;nan;nan;nan;nan;nan;nan;nan;nan;nan;nan;nan;nan;nan;nan;nan;nan;nan;nan;nan;nan;nan;nan;nan;nan;nan;nan;nan;nan;nan;nan;nan;nan;nan;nan;nan;nan;nan;nan;nan;nan;nan;nan;nan;nan;nan;nan;nan;nan;nan;nan;nan;nan;nan;nan;nan;nan;nan;nan;nan;nan;nan;nan;nan;nan;nan;nan;nan;nan;nan;nan;nan;nan;nan;nan;nan;nan;nan;nan;nan;nan;nan;-2474193869868.357;-2474193869713.295;-2474193869382.017;-2474193869287.386;-2474193869243.835;-2474193869243.835;-2474193869210.590;-2474193869210.590;163719.575;163733.908;163757.725;163952.817;163952.817;163970.996;163985.125;163985.125;163991.823;164030.767;164030.767;164054.510;164054.510;164059.017;164074.167;164074.167;164074.167;164076.621;164087.374;164087.374;164089.669;164143.175;164150.924;164157.158;164165.173;164165.173;164170.562;164184.964;164184.964;164184.964;164211.370;164243.786;164243.786;164247.594;164251.653,6D,462.0
PSOC,1,750,12,12,6030,random,6030,160874.27234502352,168548.84843681793,7674.5760917944135,True,462.0719057842263,2.524331564000022,170.541 -725.270;-720.361 207.709;568.400 -489.160;-288.572 -665.190;107.222 209.241;-302.904 -10.848;-191.386 713.947;-630.299 -350.372;276.078 678.062;127.046 -253.135;637.712 389.434;745.038 -60.001,nan;nan;nan;nan;nan;nan;nan;nan;nan;nan;nan;nan;nan;nan;nan;nan;nan;nan;nan;nan;nan;nan;nan;nan;nan;nan;nan;nan;nan;nan;nan;nan;nan;nan;nan;nan;nan;nan;nan;nan;nan;nan;nan;nan;nan;nan;nan;nan;nan;nan;nan;nan;nan;nan;nan;nan;nan;nan;nan;nan;nan;nan;nan;nan;nan;nan;nan;nan;nan;nan;nan;nan;nan;nan;nan;nan;nan;nan;nan;nan;nan;nan;nan;nan;nan;nan;nan;nan;nan;nan;nan;nan;nan;nan;nan;nan;nan;nan;nan;nan;nan;nan;nan;nan;nan;nan;nan;nan;nan;nan;nan;nan;nan;nan;nan;nan;nan;nan;nan;nan;nan;nan;nan;nan;nan;nan;nan;nan;nan;nan;nan;nan;nan;nan;nan;nan;nan;nan;nan;nan;nan;nan;nan;nan;nan;nan;nan;nan;nan;nan;nan;nan;nan;nan;nan;nan;nan;nan;nan;nan;nan;nan;nan;nan;nan;nan;nan;nan;nan;nan;nan;nan;nan;nan;nan;nan;nan;nan;nan;nan;nan;nan;nan;160845.528;160855.027;160855.027;160860.576;160860.576;160860.576;160860.576;160864.683;160872.449;160872.449;160872.449;160872.449;160872.449;160873.716;160873.716;160874.216;160874.216;160874.272,6D,462.0
SSA,1,750,12,22,6030,random,6030,159366.26010978193,168548.84843681793,9182.588327036006,False,444.7816499968145,2.6137819839996155,-115.142 737.555;-517.285 541.886;-307.334 -593.477;2.062 286.336;452.192 -555.571;367.216 9.776;-303.472 -53.547;58.420 -323.281;325.243 662.010;-717.308 144.619;-685.372 -304.564;661.717 353.030,nan;nan;nan;nan;nan;nan;nan;nan;nan;nan;nan;nan;nan;nan;nan;nan;nan;nan;nan;nan;nan;nan;nan;nan;nan;nan;nan;nan;nan;nan;nan;nan;nan;nan;nan;nan;nan;nan;nan;nan;nan;nan;nan;nan;nan;nan;nan;nan;nan;nan;nan;nan;nan;nan;nan;nan;nan;nan;nan;nan;nan;nan;nan;nan;nan;nan;nan;nan;nan;nan;nan;nan;nan;nan;nan;nan;nan;nan;nan;nan;nan;nan;nan;nan;nan;nan;nan;nan;nan;nan;nan;nan;nan;nan;nan;nan;nan;nan;nan;nan;nan;nan;nan;nan;nan;nan;nan;nan;nan;nan;nan;nan;nan;nan;nan;nan;nan;nan;nan;nan;nan;nan;nan;nan;nan;nan;nan;nan;nan;nan;nan;nan;nan;nan;nan;nan;nan;nan;nan;nan;nan;nan;nan;nan;nan;nan;nan;nan;nan;nan;nan;nan;nan;nan;nan;nan;nan;nan;nan;nan;nan;nan;nan;nan;nan;nan;nan;nan;nan;nan;nan;nan;nan;nan;nan;nan;nan;nan;nan;nan;nan;nan;nan;nan;nan;nan;nan;nan;nan;nan;nan;nan;nan;nan;nan;nan;nan;nan;nan;nan;nan,6D,462.0
DE,1,750,12,2,6030,random,6030,155153.5956850809,168548.84843681793,13395.252751737047,False,205.95215335467392,3.2886778470001445,-196.172 95.755;374.130 -77.606;-297.285 -365.424;-270.056 -569.568;377.773 -647.532;-561.272 400.001;51.040 -165.504;-244.407 594.023;354.692 509.901;715.447 124.847;-18.137 525.728;268.762 232.190,nan;nan;nan;nan;nan;nan;nan;nan;nan;nan;nan;nan;nan;nan;nan;nan;nan;nan;nan;nan;nan;nan;nan;nan;nan;nan;nan;nan;nan;nan;nan;nan;nan;nan;nan;nan;nan;nan;nan;nan;nan;nan;nan;nan;nan;nan;nan;nan;nan;nan;nan;nan;nan;nan;nan;nan;nan;nan;nan;nan;nan;nan;nan;nan;nan;nan;nan;nan;nan;nan;nan;nan;nan;nan;nan;nan;nan;nan;nan;nan;nan;nan;nan;nan;nan;nan;nan;nan;nan;nan;nan;nan;nan;nan;nan;nan;nan;nan;nan;nan;nan;nan;nan;nan;nan;nan;nan;nan;nan;nan;nan;nan;nan;nan;nan;nan;nan;nan;nan;nan;nan;nan;nan;nan;nan;nan;nan;nan;nan;nan;nan;nan;nan;nan;nan;nan;nan;nan;nan;nan;nan;nan;nan;nan;nan;nan;nan;nan;nan;nan;nan;nan;nan;nan;nan;nan;nan;nan;nan;nan;nan;nan;nan;nan;nan;nan;nan;nan;nan;nan;nan;nan;nan;nan;nan;nan;nan;nan;nan;nan;nan;nan;nan;nan;nan;nan;nan;nan;nan;nan;nan;nan;nan;nan;nan;nan;nan;nan;nan;nan;nan,6D,462.0
SLSQP,1,750,12,12,6030,random,6030,163113.14459707972,168548.84843681793,5435.703839738213,True,388.8741639692761,5.358645997000167,-83.258 254.969;-744.931 -40.107;58.778 -747.433;-149.766 734.329;-169.752 -431.725;644.293 361.843;325.976 -413.056;238.738 485.763;-305.332 -64.259;-572.473 -484.233;736.757 -120.101;-525.422 283.938,nan;nan;nan;nan;nan;nan;nan;nan;161052.223;161052.223;161052.223;161052.223;161052.223;161052.223;161052.223;161125.164;161125.164;161125.267;161141.822;161141.822;161141.822;161141.822;161141.841;161141.868;161141.896;161141.923;161141.923;161141.942;161141.962;161141.983;161142.004;161142.027;161142.048;161142.048;161142.070;161142.088;161142.115;161142.139;161142.161;161142.184;161142.184;161142.327;161142.370;161142.370;161142.497;161142.580;161142.580;161142.580;161142.936;161142.936;161142.936;161142.936;161142.936;161142.936;161169.431;161171.989;161171.989;161171.989;161171.989;161171.989;161171.989;161171.989;161171.989;161171.989;161171.989;161171.989;161171.989;161171.989;161982.120;161982.151;161982.182;161982.212;161982.212;161982.212;161982.212;161982.212;162142.353;162142.353;162142.355;162142.356;162142.361;162143.539;162143.539;162143.539;162143.539;162143.539;162194.814;162194.814;162194.814;162194.814;162194.814;162194.814;162194.814;162194.814;162194.814;162194.814;162194.814;162194.814;162194.814;162194.814;162194.814;162194.814;162194.814;162194.814;162194.814;162194.814;162194.814;162194.814;162194.814;162194.814;162194.814;162194.814;162194.814;162194.814;162194.814;162194.814;162194.814;162340.542;162343.952;162343.952;162343.952;162343.952;162343.952;162343.952;162343.952;162343.952;162343.952;162343.952;162343.952;162343.952;162343.952;162343.952;162343.952;162343.952;162343.952;162343.952;162343.952;162343.952;162343.952;162343.952;162343.952;162343.952;162343.952;162343.952;162343.952;162343.952;162343.952;163086.219;163086.219;163086.219;163086.219;163086.219;163086.219;163086.219;163086.219;163086.219;163086.219;163099.831;163099.831;163099.831;163099.831;163111.267;163112.032;163112.032;163112.032;163112.032;163112.032;163112.032;163112.032;163112.032;163112.032;163112.032;163112.032;163112.032;163112.032;163112.032;163112.032;163112.032;163112.032;163112.032;163112.032;163112.032;163112.032;163112.032;163112.032;163112.032;163112.032;163112.032;163112.032;163112.032;163112.032;163112.032;163113.145;163113.145;163113.145;163113.145;163113.145;163113.145;163113.145;163113.145;163113.145,5D,385.0
PSOBV,1,750,12,22,6030,random,6030,165189.3040832489,168548.84843681793,3359.544353569043,True,388.4384024806504,3.27785164099987,-380.391 -443.439;249.204 -159.817;-204.577 -85.727;-616.334 316.657;745.137 84.034;-67.486 382.166;443.873 581.819;-742.785 -100.596;-329.391 673.295;538.309 -521.647;56.831 -627.710;69.236 745.748,nan;nan;nan;nan;nan;nan;nan;nan;nan;nan;nan;nan;nan;nan;nan;nan;nan;nan;nan;nan;nan;nan;nan;nan;nan;nan;nan;nan;nan;nan;nan;nan;nan;nan;nan;nan;nan;nan;nan;nan;nan;nan;nan;nan;nan;nan;nan;nan;nan;nan;nan;nan;nan;nan;nan;nan;nan;nan;nan;nan;nan;nan;nan;nan;nan;nan;nan;nan;163453.193;163453.193;163453.193;163765.696;163765.696;163765.696;163765.696;163765.696;163765.696;163765.696;163765.696;163767.895;163949.953;163949.953;163949.953;163949.953;164378.198;164378.198;164378.198;164378.198;164378.198;164378.198;164378.198;164378.198;164424.042;164432.587;164432.587;164696.395;164696.395;164696.395;164696.395;164696.395;164696.395;164740.430;164760.965;164804.737;164852.880;164860.461;164860.461;164888.571;164888.571;164893.384;164946.758;164946.758;164946.758;164954.651;164968.113;164976.000;164976.000;165019.171;165033.788;165033.788;165035.935;165045.663;165045.663;165068.130;165068.130;165081.154;165081.154;165084.815;165086.980;165086.980;165088.407;165088.705;165101.536;165101.536;165101.689;165122.149;165122.149;165122.149;165127.979;165127.979;165128.708;165132.420;165132.420;165132.420;165137.878;165137.878;165140.697;165143.773;165145.265;165148.053;165149.883;165149.883;165150.706;165150.902;165151.805;165157.179;165157.179;165157.990;165159.048;165159.048;165159.844;165159.844;165160.275;165163.788;165163.788;165169.053;165169.053;165171.905;165172.362;165174.726;165175.184;165175.623;165175.623;165175.623;165175.623;165177.252;165178.540;165180.169;165180.169;165180.169;165180.385;165182.123;165183.847;165183.847;165183.847;165183.847;165185.658;165186.515;165186.854;165187.709;165187.709;165188.521;165188.521;165189.218;165189.304;165189.304;165189.304;165189.304;165189.304;165189.304;165189.304,5D,385.0
RSDVNS,1,750,12,2,6030,random,6030,165273.30081117965,168548.84843681793,3275.5476256382826,True,393.83445497810914,2.6694371989997308,-278.730 -204.667;-444.679 272.294;-129.161 -700.788;358.698 137.890;238.530 -237.163;428.059 -607.924;97.716 567.642;-503.594 -555.517;527.721 517.539;-285.868 691.814;-699.871 -138.256;718.581 -206.261,nan;nan;nan;nan;nan;nan;nan;nan;nan;nan;nan;nan;nan;nan;nan;nan;nan;nan;nan;nan;nan;nan;nan;nan;nan;nan;nan;nan;nan;nan;nan;nan;nan;nan;nan;nan;nan;nan;nan;nan;nan;nan;nan;nan;nan;nan;nan;nan;nan;nan;nan;nan;nan;nan;nan;nan;nan;nan;nan;nan;nan;nan;nan;nan;nan;nan;nan;nan;nan;nan;nan;nan;nan;nan;nan;nan;nan;nan;nan;nan;nan;nan;nan;nan;nan;nan;nan;nan;nan;nan;nan;nan;nan;nan;nan;nan;nan;nan;nan;nan;nan;nan;nan;nan;nan;nan;nan;nan;nan;nan;nan;nan;nan;nan;nan;nan;nan;nan;nan;nan;nan;nan;nan;nan;nan;nan;nan;nan;nan;nan;nan;nan;nan;nan;nan;nan;nan;nan;nan;nan;nan;nan;nan;nan;nan;nan;nan;nan;nan;161756.413;162327.817;162826.314;162826.314;162977.908;163090.462;163090.462;163158.394;163158.394;163214.979;163270.789;163277.099;163333.046;163404.397;163404.397;163437.619;163462.107;163494.989;163537.707;163544.651;163585.068;163602.274;163609.099;163690.845;163690.845;163715.579;163729.252;163729.252;164018.257;164018.257;165168.803;165194.265;165194.265;165194.265;165194.514;165208.764;165208.999;165221.270;165221.270;165229.405;165229.405;165246.195;165246.195;165246.195;165248.107;165248.107;165263.182;165263.182;165265.023;165272.013;165272.013;165273.301,5D,385.0
BVNS,1,750,12,12,6030,random,6030,161951.98801550557,168548.84843681793,6596.860421312362,True,385.15081965317245,2.5786831860004895,-91.582 -744.123;-548.591 468.312;291.019 -689.388;-262.245 -259.346;-744.814 86.432;-448.883 -600.328;108.607 474.025;-687.410 -296.824;327.361 -8.550;-102.666 92.160;704.615 158.667;115.190 -337.317,nan;nan;nan;nan;nan;nan;nan;nan;nan;nan;nan;nan;nan;nan;nan;nan;nan;nan;nan;nan;nan;nan;nan;nan;nan;nan;nan;nan;nan;nan;nan;nan;nan;nan;nan;nan;nan;nan;nan;nan;nan;nan;nan;nan;nan;nan;nan;nan;nan;nan;nan;nan;nan;nan;nan;nan;nan;nan;nan;nan;nan;nan;nan;nan;nan;nan;nan;nan;nan;nan;nan;nan;nan;nan;nan;nan;nan;nan;nan;nan;nan;nan;nan;nan;nan;nan;nan;nan;nan;nan;nan;nan;nan;nan;nan;nan;nan;nan;nan;nan;nan;nan;nan;nan;nan;nan;nan;nan;nan;nan;nan;nan;nan;nan;nan;nan;nan;nan;nan;nan;nan;nan;nan;nan;nan;nan;nan;nan;nan;nan;nan;nan;nan;nan;nan;nan;nan;nan;nan;nan;nan;nan;nan;nan;nan;161289.400;161292.738;161340.902;161344.239;161380.114;161384.059;161387.403;161388.082;161392.081;161395.424;161396.057;161399.400;161409.255;161797.962;161810.116;161810.116;161828.008;161831.337;161831.337;161834.647;161834.748;161837.938;161841.210;161841.210;161844.463;161847.698;161847.698;161850.915;161851.021;161854.113;161857.294;161857.294;161860.456;161863.601;161863.601;161866.728;161866.840;161869.838;161872.930;161872.930;161876.005;161925.873;161925.873;161928.700;161928.981;161937.106;161939.900;161939.900;161942.093;161944.872;161944.872;161945.453;161947.319;161949.818;161950.398;161951.988,5D,385.0
PSOC,1,750,12,22,6030,random,6030,165538.58079178366,168548.84843681793,3010.2676450342697,True,387.77199530927277,2.438956527999835,-381.415 -487.975;330.105 -169.937;-208.057 -141.111;-587.776 298.407;746.420 40.723;-37.037 343.854;437.506 561.025;-717.704 -89.470;-320.479 677.066;544.587 -495.644;74.749 -730.131;87.311 743.277,nan;nan;nan;nan;nan;nan;nan;nan;nan;nan;nan;nan;nan;nan;nan;nan;nan;nan;nan;nan;nan;nan;nan;nan;nan;nan;nan;nan;nan;nan;nan;nan;nan;nan;nan;nan;nan;nan;nan;nan;nan;nan;nan;nan;nan;nan;nan;nan;nan;nan;nan;nan;nan;nan;nan;nan;nan;nan;nan;nan;nan;nan;nan;nan;nan;nan;nan;nan;163453.193;163453.193;163453.193;163765.696;163765.696;163765.696;163765.696;163765.696;163765.696;163765.696;163765.696;163767.895;163949.953;163949.953;163949.953;163949.953;164378.198;164378.198;164378.198;164378.198;164378.198;164378.198;164378.198;164378.198;164424.042;164432.587;164432.587;164696.395;164696.395;164696.395;164696.395;164696.395;164696.395;164696.395;164696.395;164696.395;164696.395;164696.395;164696.395;164804.719;164804.719;164819.742;164819.742;164819.742;164819.742;164819.742;164819.742;164819.742;164819.742;164828.760;164828.760;164828.760;164828.760;164849.106;164849.106;164905.303;164905.303;164905.303;164915.212;164915.212;164915.212;164937.617;164968.863;164968.863;164968.863;164968.863;164968.863;164968.863;164968.863;164968.863;165012.505;165012.505;165012.505;165012.505;165012.505;165012.505;165012.505;165012.505;165015.994;165015.994;165015.994;165015.994;165015.994;165036.066;165128.578;165128.578;165128.578;165128.578;165173.830;165181.746;165181.746;165181.746;165181.746;165181.746;165181.746;165181.746;165181.746;165181.746;165181.746;165183.603;165183.603;165183.603;165193.248;165193.248;165193.248;165193.472;165228.062;165236.236;165236.236;165236.236;165236.236;165236.236;165236.236;165236.236;165236.236;165236.236;165236.372;165236.372;165238.928;165238.928;165238.928;165238.928;165238.928;165239.196;165239.196;165239.465;165239.465;165474.144;165478.978;165478.978;165538.581;165538.581;165538.581,5D,385.0
LXSSA,1,750,12,2,6030,random,6030,161003.79238099649,168548.84843681793,7545.056055821449,False,378.46275034082373,2.5158213449994946,-411.798 -584.930;16.021 223.227;-553.198 -228.998;201.439 -126.885;259.374 570.692;-346.691 103.032;-435.730 482.240;-107.672 682.170;689.032 53.205;609.777 427.682;-731.660 157.261;575.040 -313.863,nan;nan;nan;nan;nan;nan;nan;nan;nan;nan;nan;nan;nan;nan;nan;nan;nan;nan;nan;nan;nan;nan;nan;nan;nan;nan;nan;nan;nan;nan;nan;nan;nan;nan;nan;nan;nan;nan;nan;nan;nan;nan;nan;nan;nan;nan;nan;nan;nan;nan;nan;nan;nan;nan;nan;nan;nan;nan;nan;nan;nan;nan;nan;nan;nan;nan;nan;nan;nan;nan;nan;nan;nan;nan;nan;nan;nan;nan;nan;nan;nan;nan;nan;nan;nan;nan;nan;nan;nan;nan;nan;nan;nan;nan;nan;nan;nan;nan;nan;nan;nan;nan;nan;nan;nan;nan;nan;nan;nan;nan;nan;nan;nan;nan;nan;nan;nan;nan;nan;nan;nan;nan;nan;nan;nan;nan;nan;nan;nan;nan;nan;nan;nan;nan;nan;nan;nan;nan;nan;nan;nan;nan;nan;nan;nan;nan;nan;nan;nan;nan;nan;nan;nan;nan;nan;nan;nan;nan;nan;nan;nan;nan;nan;nan;nan;nan;nan;nan;nan;nan;nan;nan;nan;nan;nan;nan;nan;nan;nan;nan;nan;nan;nan;nan;nan;nan;nan;nan;nan;nan;nan;nan;nan;nan;nan;nan;nan;nan;nan;nan;nan,5D,385.0
DE,1,750,12,12,6030,random,6030,159103.8172601354,168548.84843681793,9445.031176682533,False,158.11391570874434,3.9850873079994926,334.418 -603.593;460.052 144.334;198.348 659.297;241.639 -40.455;-496.276 342.431;-406.308 -58.163;-507.590 -537.490;-215.532 -602.088;2.382 -343.715;-11.345 354.438;119.705 265.974;551.023 -373.366,nan;nan;nan;nan;nan;nan;nan;nan;nan;nan;nan;nan;nan;nan;nan;nan;nan;nan;nan;nan;nan;nan;nan;nan;nan;nan;nan;nan;nan;nan;nan;nan;nan;nan;nan;nan;nan;nan;nan;nan;nan;nan;nan;nan;nan;nan;nan;nan;nan;nan;nan;nan;nan;nan;nan;nan;nan;nan;nan;nan;nan;nan;nan;nan;nan;nan;nan;nan;nan;nan;nan;nan;nan;nan;nan;nan;nan;nan;nan;nan;nan;nan;nan;nan;nan;nan;nan;nan;nan;nan;nan;nan;nan;nan;nan;nan;nan;nan;nan;nan;nan;nan;nan;nan;nan;nan;nan;nan;nan;nan;nan;nan;nan;nan;nan;nan;nan;nan;nan;nan;nan;nan;nan;nan;nan;nan;nan;nan;nan;nan;nan;nan;nan;nan;nan;nan;nan;nan;nan;nan;nan;nan;nan;nan;nan;nan;nan;nan;nan;nan;nan;nan;nan;nan;nan;nan;nan;nan;nan;nan;nan;nan;nan;nan;nan;nan;nan;nan;nan;nan;nan;nan;nan;nan;nan;nan;nan;nan;nan;nan;nan;nan;nan;nan;nan;nan;nan;nan;nan;nan;nan;nan;nan;nan;nan;nan;nan;nan;nan;nan;nan,5D,385.0
SLSQP,2,750,12,22,6030,random,6030,82885.7012523586,87784.54073621597,4898.839483857373,True,462.001222579131,5.254798133000804,703.636 120.494;-738.999 127.973;-673.784 -329.402;-516.711 542.919;-131.402 257.687;67.073 718.388;-175.171 -729.228;668.022 -340.828;234.684 -505.157;-206.476 -262.877;516.174 544.025;230.981 -36.301,nan;nan;nan;nan;nan;nan;nan;nan;nan;nan;nan;nan;nan;nan;nan;nan;nan;nan;nan;nan;nan;nan;nan;nan;nan;nan;nan;nan;nan;nan;nan;nan;nan;nan;nan;nan;nan;nan;nan;nan;nan;nan;nan;nan;nan;nan;nan;nan;nan;nan;nan;nan;nan;nan;nan;nan;nan;nan;nan;nan;nan;nan;nan;nan;nan;nan;nan;nan;nan;nan;nan;nan;nan;nan;nan;nan;nan;nan;nan;nan;nan;nan;nan;nan;nan;nan;nan;nan;nan;nan;nan;nan;nan;nan;nan;nan;nan;nan;nan;nan;nan;nan;82885.618;82885.620;82885.626;82885.630;82885.639;82885.639;82885.647;82885.656;82885.659;82885.665;82885.669;82885.678;82885.678;82885.686;82885.695;82885.701;82885.701;82885.701;82885.701;82885.701;82885.701;82885.701;82885.701;82885.701;82885.701;82885.701;82885.701;82885.701;82885.701;82885.701;82885.701;82885.701;82885.701;82885.701;82885.701;82885.701;82885.701;82885.701;82885.701;82885.701;82885.701;82885.701;82885.701;82885.701;82885.701;82885.701;82885.701;82885.701;82885.701;82885.701;82885.701;82885.701;82885.701;82885.701;82885.701;82885.701;82885.701;82885.701;82885.701;82885.701;82885.701;82885.701;82885.701;82885.701;82885.701;82885.701;82885.701;82885.701;82885.701;82885.701;82885.701;82885.701;82885.701;82885.701;82885.701;82885.701;82885.701;82885.701;82885.701;82885.701;82885.701;82885.701;82885.701;82885.701;82885.701;82885.701;82885.701;82885.701;82885.701;82885.701;82885.701;82885.701;82885.701;82885.701;82885.701;82885.701;82885.701;82885.701;82885.701,6D,462.0
SSABV,2,750,12,2,6030,random,6030,82493.95744804178,87784.54073621597,5290.583288174195,False,413.2922633375689,2.974522595000053,-740.713 54.954;-279.697 5.502;-277.232 483.277;-15.784 -356.881;-547.627 -367.517;216.002 716.243;750.000 -1.421;140.113 259.029;443.134 -600.779;353.602 -137.900;600.435 441.837;-217.337 -717.695,nan;nan;nan;nan;nan;nan;nan;nan;nan;nan;nan;nan;nan;nan;nan;nan;nan;nan;nan;nan;nan;nan;nan;nan;nan;nan;nan;nan;nan;nan;nan;nan;nan;nan;nan;nan;nan;nan;nan;nan;nan;nan;nan;nan;nan;nan;nan;nan;nan;nan;nan;nan;nan;nan;nan;nan;nan;nan;nan;nan;nan;nan;nan;nan;nan;nan;nan;nan;nan;nan;nan;nan;nan;nan;nan;nan;nan;nan;nan;nan;nan;nan;nan;nan;nan;nan;nan;nan;nan;nan;nan;nan;nan;nan;nan;nan;nan;nan;nan;nan;nan;nan;nan;nan;nan;nan;nan;nan;nan;nan;nan;nan;nan;nan;nan;nan;nan;nan;nan;nan;nan;nan;nan;nan;nan;nan;nan;nan;nan;nan;nan;nan;nan;nan;nan;nan;nan;nan;nan;nan;nan;nan;nan;nan;nan;nan;nan;nan;nan;nan;nan;nan;nan;nan;nan;nan;nan;nan;nan;nan;nan;nan;nan;nan;nan;nan;nan;nan;nan;nan;nan;nan;nan;nan;nan;nan;nan;nan;nan;nan;nan;nan;nan;nan;nan;nan;nan;nan;nan;nan;nan;nan;nan;nan;nan;nan;nan;nan;nan;nan;nan,6D,462.0
RSDVNS,2,750,12,12,6030,random,6030,82445.11805909983,87784.54073621597,5339.422677116148,False,458.37160168251864,2.655172766999385,-13.743 288.643;287.640 -61.633;-683.160 -309.077;719.455 114.436;-285.567 -80.989;-149.137 -526.317;-408.305 577.949;304.638 -670.200;-690.035 210.778;485.735 532.640;69.067 742.768;648.419 -352.255,nan;nan;nan;nan;nan;nan;nan;nan;nan;nan;nan;nan;nan;nan;nan;nan;nan;nan;nan;nan;nan;nan;nan;nan;nan;nan;nan;nan;nan;nan;nan;nan;nan;nan;nan;nan;nan;nan;nan;nan;nan;nan;nan;nan;nan;nan;nan;nan;nan;nan;nan;nan;nan;nan;nan;nan;nan;nan;nan;nan;nan;nan;nan;nan;nan;nan;nan;nan;nan;nan;nan;nan;nan;nan;nan;nan;nan;nan;nan;nan;nan;nan;nan;nan;nan;nan;nan;nan;nan;nan;nan;nan;nan;nan;nan;nan;nan;nan;nan;nan;nan;nan;nan;nan;nan;nan;nan;nan;nan;nan;nan;nan;nan;nan;nan;nan;nan;nan;nan;nan;nan;nan;nan;nan;nan;nan;nan;nan;nan;nan;nan;nan;nan;nan;nan;nan;nan;nan;nan;nan;nan;nan;nan;nan;nan;nan;nan;nan;nan;nan;nan;nan;nan;nan;nan;nan;nan;nan;nan;nan;nan;nan;nan;nan;nan;nan;nan;nan;nan;nan;nan;nan;nan;nan;nan;nan;nan;nan;nan;nan;nan;nan;nan;nan;nan;nan;nan;nan;nan;nan;nan;nan;nan;nan;nan;nan;nan;nan;nan;nan;nan,6D,462.0
BVNS,2,750,12,22,6030,random,6030,82285.1954053544,87784.54073621597,5499.345330861572,False,448.1769973905254,2.601237036999919,253.222 -123.328;749.575 -20.280;-314.689 10.969;-736.300 -141.040;595.165 -452.387;216.158 715.899;485.462 346.508;-638.607 365.760;28.892 301.795;-126.627 -409.373;216.563 -714.978;-265.278 696.315,nan;nan;nan;nan;nan;nan;nan;nan;nan;nan;nan;nan;nan;nan;nan;nan;nan;nan;nan;nan;nan;nan;nan;nan;nan;nan;nan;nan;nan;nan;nan;nan;nan;nan;nan;nan;nan;nan;nan;nan;nan;nan;nan;nan;nan;nan;nan;nan;nan;nan;nan;nan;nan;nan;nan;nan;nan;nan;nan;nan;nan;nan;nan;nan;nan;nan;nan;nan;nan;nan;nan;nan;nan;nan;nan;nan;nan;nan;nan;nan;nan;nan;nan;nan;nan;nan;nan;nan;nan;nan;nan;nan;nan;nan;nan;nan;nan;nan;nan;nan;nan;nan;nan;nan;nan;nan;nan;nan;nan;nan;nan;nan;nan;nan;nan;nan;nan;nan;nan;nan;nan;nan;nan;nan;nan;nan;nan;nan;nan;nan;nan;nan;nan;nan;nan;nan;nan;nan;nan;nan;nan;nan;nan;nan;nan;nan;nan;nan;nan;nan;nan;nan;nan;nan;nan;nan;nan;nan;nan;nan;nan;nan;nan;nan;nan;nan;nan;nan;nan;nan;nan;nan;nan;nan;nan;nan;nan;nan;nan;nan;nan;nan;nan;nan;nan;nan;nan;nan;nan;nan;nan;nan;nan;nan;nan;nan;nan;nan;nan;nan;nan,6D,462.0
SSA,2,750,12,2,6030,random,6030,81138.36861188637,87784.54073621597,6646.172124329605,False,308.31000361893456,2.7525581820000298,295.436 -292.360;-399.219 29.430;-724.073 -195.495;-308.214 -322.311;712.820 -26.412;315.932 608.912;-219.725 443.064;18.205 96.320;644.511 363.012;-638.495 393.477;-5.115 -627.560;-468.439 -585.717,nan;nan;nan;nan;nan;nan;nan;nan;nan;nan;nan;nan;nan;nan;nan;nan;nan;nan;nan;nan;nan;nan;nan;nan;nan;nan;nan;nan;nan;nan;nan;nan;nan;nan;nan;nan;nan;nan;nan;nan;nan;nan;nan;nan;nan;nan;nan;nan;nan;nan;nan;nan;nan;nan;nan;nan;nan;nan;nan;nan;nan;nan;nan;nan;nan;nan;nan;nan;nan;nan;nan;nan;nan;nan;nan;nan;nan;nan;nan;nan;nan;nan;nan;nan;nan;nan;nan;nan;nan;nan;nan;nan;nan;nan;nan;nan;nan;nan;nan;nan;nan;nan;nan;nan;nan;nan;nan;nan;nan;nan;nan;nan;nan;nan;nan;nan;nan;nan;nan;nan;nan;nan;nan;nan;nan;nan;nan;nan;nan;nan;nan;nan;nan;nan;nan;nan;nan;nan;nan;nan;nan;nan;nan;nan;nan;nan;nan;nan;nan;nan;nan;nan;nan;nan;nan;nan;nan;nan;nan;nan;nan;nan;nan;nan;nan;nan;nan;nan;nan;nan;nan;nan;nan;nan;nan;nan;nan;nan;nan;nan;nan;nan;nan;nan;nan;nan;nan;nan;nan;nan;nan;nan;nan;nan;nan;nan;nan;nan;nan;nan;nan,6D,462.0
LXSSA,2,750,12,12,6030,random,6030,82197.67469564798,87784.54073621597,5586.866040567998,False,370.94435908332395,2.81757565999942,-278.110 -669.669;-86.124 683.079;372.800 -650.792;-213.329 -259.274;543.510 135.018;-706.335 -203.541;88.805 91.580;-319.477 119.724;187.338 -329.539;646.351 -279.697;350.842 543.037;-605.404 441.901,nan;nan;nan;nan;nan;nan;nan;nan;nan;nan;nan;nan;nan;nan;nan;nan;nan;nan;nan;nan;nan;nan;nan;nan;nan;nan;nan;nan;nan;nan;nan;nan;nan;nan;nan;nan;nan;nan;nan;nan;nan;nan;nan;nan;nan;nan;nan;nan;nan;nan;nan;nan;nan;nan;nan;nan;nan;nan;nan;nan;nan;nan;nan;nan;nan;nan;nan;nan;nan;nan;nan;nan;nan;nan;nan;nan;nan;nan;nan;nan;nan;nan;nan;nan;nan;nan;nan;nan;nan;nan;nan;nan;nan;nan;nan;nan;nan;nan;nan;nan;nan;nan;nan;nan;nan;nan;nan;nan;nan;nan;nan;nan;nan;nan;nan;nan;nan;nan;nan;nan;nan;nan;nan;nan;nan;nan;nan;nan;nan;nan;nan;nan;nan;nan;nan;nan;nan;nan;nan;nan;nan;nan;nan;nan;nan;nan;nan;nan;nan;nan;nan;nan;nan;nan;nan;nan;nan;nan;nan;nan;nan;nan;nan;nan;nan;nan;nan;nan;nan;nan;nan;nan;nan;nan;nan;nan;nan;nan;nan;nan;nan;nan;nan;nan;nan;nan;nan;nan;nan;nan;nan;nan;nan;nan;nan;nan;nan;nan;nan;nan;nan,6D,462.0
DE,2,750,12,22,6030,random,6030,78538.43832288905,87784.54073621597,9246.102413326924,False,227.65292170854102,2.9178793609999047,2.322 665.548;-173.946 -693.787;486.082 -263.580;267.839 -198.803;239.921 -569.522;-660.009 -225.733;-44.095 37.633;-461.273 392.746;-436.114 29.366;-183.382 -260.932;601.626 156.331;312.350 188.405,nan;nan;nan;nan;nan;nan;nan;nan;nan;nan;nan;nan;nan;nan;nan;nan;nan;nan;nan;nan;nan;nan;nan;nan;nan;nan;nan;nan;nan;nan;nan;nan;nan;nan;nan;nan;nan;nan;nan;nan;nan;nan;nan;nan;nan;nan;nan;nan;nan;nan;nan;nan;nan;nan;nan;nan;nan;nan;nan;nan;nan;nan;nan;nan;nan;nan;nan;nan;nan;nan;nan;nan;nan;nan;nan;nan;nan;nan;nan;nan;nan;nan;nan;nan;nan;nan;nan;nan;nan;nan;nan;nan;nan;nan;nan;nan;nan;nan;nan;nan;nan;nan;nan;nan;nan;nan;nan;nan;nan;nan;nan;nan;nan;nan;nan;nan;nan;nan;nan;nan;nan;nan;nan;nan;nan;nan;nan;nan;nan;nan;nan;nan;nan;nan;nan;nan;nan;nan;nan;nan;nan;nan;nan;nan;nan;nan;nan;nan;nan;nan;nan;nan;nan;nan;nan;nan;nan;nan;nan;nan;nan;nan;nan;nan;nan;nan;nan;nan;nan;nan;nan;nan;nan;nan;nan;nan;nan;nan;nan;nan;nan;nan;nan;nan;nan;nan;nan;nan;nan;nan;nan;nan;nan;nan;nan;nan;nan;nan;nan;nan;nan,6D,462.0
PSOBV,2,750,12,2,6030,random,6030,81118.04935293373,87784.54073621597,6666.491383282249,True,387.39899171039326,2.551968298000247,-710.860 227.924;-228.084 -340.075;-347.048 37.105;-61.312 -722.390;479.545 528.134;335.811 66.971;8.642 364.547;-600.302 -447.461;742.784 93.720;382.343 -644.162;160.317 -290.617;575.301 -264.305,nan;nan;nan;nan;nan;nan;nan;nan;nan;nan;nan;nan;nan;nan;nan;nan;nan;nan;nan;nan;nan;nan;nan;nan;nan;nan;nan;nan;nan;nan;nan;nan;nan;nan;nan;nan;nan;nan;nan;nan;nan;nan;nan;nan;nan;nan;nan;nan;nan;nan;nan;nan;nan;nan;nan;nan;nan;nan;nan;nan;nan;nan;nan;nan;nan;nan;nan;nan;nan;nan;nan;nan;nan;nan;nan;nan;nan;nan;nan;nan;nan;nan;nan;nan;nan;nan;nan;nan;nan;nan;nan;nan;nan;nan;nan;nan;nan;nan;nan;nan;nan;nan;nan;nan;nan;nan;nan;nan;nan;nan;80437.240;80437.240;80514.504;80522.885;80573.799;80603.411;80604.713;80611.689;80620.479;80620.479;80627.637;80634.679;80634.679;80641.572;80641.608;80648.501;80655.314;80655.314;80662.131;80668.866;80668.866;80685.766;80685.766;80689.420;80691.043;80692.968;80817.563;80817.563;80821.638;80840.075;80840.075;80843.910;80845.532;80847.652;80851.303;80851.303;80854.864;80857.299;80857.584;80860.281;80867.897;80868.884;80875.540;80875.540;80884.028;80886.460;80886.689;80889.328;80891.023;80891.945;80894.541;80894.541;80896.972;80899.386;80899.386;80901.778;80903.473;80904.130;80906.684;80906.684;80908.985;80911.246;80911.510;80943.181;81072.562;81072.562;81075.020;81075.020;81076.917;81078.779;81078.779;81096.680;81097.072;81098.945;81101.192;81101.192;81102.953;81103.343;81104.077;81106.734;81107.124;81107.780;81108.306;81110.415;81113.018;81113.406;81113.996;81116.578;81116.965;81117.480;81118.049,5D,385.0
SSABV,2,750,12,12,6030,random,6030,82642.21688169475,87784.54073621597,5142.3238545212225,True,385.83486647863975,2.637045145999764,-627.501 100.685;-106.817 -12.247;189.500 -687.549;-640.348 -386.724;272.681 -309.094;705.708 248.784;-157.778 427.794;731.118 -149.648;356.643 84.399;64.517 745.874;386.519 481.983;-128.555 -433.411,nan;nan;nan;nan;nan;nan;nan;nan;nan;nan;nan;nan;nan;nan;nan;nan;nan;nan;nan;nan;nan;nan;nan;nan;nan;nan;nan;nan;nan;nan;nan;nan;nan;nan;nan;nan;nan;nan;nan;nan;nan;nan;nan;nan;nan;nan;nan;nan;nan;nan;nan;nan;nan;nan;nan;nan;nan;nan;nan;nan;nan;nan;nan;nan;nan;nan;nan;nan;nan;nan;nan;nan;nan;nan;nan;nan;nan;nan;nan;nan;nan;nan;nan;nan;nan;nan;nan;nan;nan;nan;nan;nan;nan;nan;nan;nan;nan;nan;nan;nan;nan;nan;nan;nan;nan;nan;nan;nan;nan;nan;nan;nan;nan;nan;nan;nan;nan;nan;nan;nan;nan;nan;80934.532;81123.240;81422.505;81611.267;81750.282;81750.282;81895.240;81895.240;81939.719;82002.172;82011.313;82041.302;82067.809;82084.350;82111.424;82137.932;82137.932;82163.228;82163.228;82206.706;82224.916;82224.916;82240.258;82240.258;82245.864;82267.358;82267.358;82290.635;82307.153;82307.153;82316.671;82494.155;82494.155;82503.646;82503.646;82527.003;82527.003;82527.003;82538.294;82546.158;82546.158;82546.224;82550.579;82559.625;82559.665;82561.851;82561.887;82564.568;82564.568;82566.692;82566.692;82566.692;82576.382;82586.607;82596.297;82601.941;82601.941;82602.068;82605.558;82606.780;82607.143;82608.520;82608.520;82609.877;82611.094;82611.099;82611.147;82611.152;82611.152;82611.152;82637.179;82637.179;82638.605;82640.007;82640.007;82640.496;82641.082;82641.728;82642.217,5D,385.0
RSDVNS,2,750,12,22,6030,random,6030,83223.97393090704,87784.54073621597,4560.566805308932,True,387.39224257787856,2.5637652599998546,-201.036 -107.353;633.113 -68.239;498.711 -516.243;-562.556 -357.846;-104.474 350.580;-479.890 515.573;-138.227 736.499;665.249 345.823;206.288 95.428;-665.607 101.659;298.740 534.665;46.315 -708.509,nan;nan;nan;nan;nan;nan;nan;nan;nan;nan;nan;nan;nan;nan;nan;nan;nan;nan;nan;nan;nan;nan;nan;nan;nan;nan;nan;nan;nan;nan;nan;nan;nan;nan;nan;nan;nan;nan;nan;nan;nan;nan;nan;nan;nan;nan;nan;nan;nan;nan;nan;nan;nan;nan;nan;nan;nan;nan;nan;nan;nan;nan;nan;nan;nan;nan;nan;nan;nan;nan;nan;nan;nan;nan;nan;nan;nan;nan;nan;nan;nan;nan;nan;nan;nan;nan;nan;nan;nan;nan;nan;nan;nan;nan;nan;nan;nan;nan;nan;nan;nan;nan;nan;nan;nan;nan;nan;nan;nan;nan;nan;nan;nan;nan;nan;nan;nan;nan;nan;nan;nan;nan;nan;nan;nan;nan;nan;nan;nan;80988.751;81033.133;81356.396;81587.471;81998.108;82230.075;82242.049;82281.098;82508.254;82508.254;82520.560;82574.272;82574.272;82579.494;82579.494;82642.688;82642.688;82654.130;82654.130;82654.430;82692.595;82694.586;82712.196;82713.931;82733.503;82736.308;82741.738;82753.353;82753.353;82823.384;82840.497;82858.766;82858.951;82858.951;82858.951;82875.364;82989.173;83005.540;83028.247;83028.247;83030.708;83041.895;83044.356;83053.290;83055.246;83057.696;83092.893;83092.893;83101.651;83101.651;83107.885;83109.733;83109.733;83110.667;83110.667;83114.400;83114.903;83156.623;83157.452;83157.452;83160.855;83201.682;83201.682;83214.979;83215.252;83215.587;83215.860;83221.796;83221.796;83223.720;83223.720;83223.974,5D,385.0
PSOC,2,750,12,2,6030,random,6030,82217.54661378247,87784.54073621597,5566.994122433505,True,388.6375449366939,2.6393054780000966,-689.226 273.746;-222.058 -340.297;-367.358 40.602;-64.050 -695.624;484.337 519.783;322.939 76.554;56.194 708.557;-604.150 -421.096;739.813 108.678;388.921 -606.170;161.745 -279.192;614.591 -265.210,nan;nan;nan;nan;nan;nan;nan;nan;nan;nan;nan;nan;nan;nan;nan;nan;nan;nan;nan;nan;nan;nan;nan;nan;nan;nan;nan;nan;nan;nan;nan;nan;nan;nan;nan;nan;nan;nan;nan;nan;nan;nan;nan;nan;nan;nan;nan;nan;nan;nan;nan;nan;nan;nan;nan;nan;nan;nan;nan;nan;nan;nan;nan;nan;nan;nan;nan;nan;nan;nan;nan;nan;nan;nan;nan;nan;nan;nan;nan;nan;nan;nan;nan;nan;nan;nan;nan;nan;nan;nan;nan;nan;nan;nan;nan;nan;nan;nan;nan;nan;nan;nan;nan;nan;nan;nan;nan;nan;nan;nan;nan;nan;nan;80349.454;80656.542;80656.542;80656.542;80663.103;80742.195;80742.195;80816.787;80816.787;80852.586;80852.586;80852.586;80852.586;80852.586;80882.165;80882.165;80882.165;80919.650;80919.650;80919.650;80919.650;80919.650;80924.244;80938.012;80938.012;80938.012;81078.756;81078.756;81078.756;81078.756;81078.756;81227.530;81248.818;81248.818;81248.818;81248.818;81248.818;81248.818;81704.520;81704.520;81704.520;81704.520;81704.520;81704.520;81704.520;81704.520;81738.740;81738.740;81738.740;81738.740;81756.922;81756.922;81756.922;81756.922;81761.061;81761.061;81761.061;81774.599;81774.599;81775.676;81775.676;81777.594;81777.594;81777.594;81782.648;81789.638;81789.638;81789.638;81789.638;81798.906;81798.906;81889.799;81889.799;81967.718;81967.718;81967.718;81967.718;81969.238;81969.238;81970.443;81971.593;82217.547;82217.547;82217.547;82217.547;82217.547;82217.547;82217.547,5D,385.0
SSA,2,750,12,12,6030,random,6030,81973.75509004362,87784.54073621597,5810.785646172357,True,385.20644296502314,2.4946072820002883,-204.512 -714.187;-589.540 367.520;8.756 -393.083;367.080 625.177;-207.223 481.548;-638.728 -384.640;-716.340 -1.557;593.566 -375.773;328.417 -667.033;263.435 -98.446;190.606 282.772;-129.771 41.296,nan;nan;nan;nan;nan;nan;nan;nan;nan;nan;nan;nan;nan;nan;nan;nan;nan;nan;nan;nan;nan;nan;nan;nan;nan;nan;nan;nan;nan;nan;nan;nan;nan;nan;nan;nan;nan;nan;nan;nan;nan;nan;nan;nan;nan;nan;nan;nan;nan;nan;nan;nan;nan;nan;nan;nan;nan;nan;nan;nan;nan;nan;nan;nan;nan;nan;nan;nan;nan;nan;nan;nan;nan;nan;nan;nan;nan;nan;nan;nan;nan;nan;nan;nan;nan;nan;nan;nan;nan;nan;nan;nan;nan;nan;nan;nan;nan;nan;nan;nan;nan;nan;nan;nan;nan;nan;nan;nan;nan;nan;nan;nan;nan;nan;nan;nan;nan;nan;nan;nan;nan;nan;nan;nan;nan;81852.567;81852.567;81858.044;81861.675;81861.675;81909.972;81913.598;81933.538;81934.594;81945.669;81946.200;81951.567;81955.460;81956.862;81958.015;81959.368;81960.056;81963.193;81965.061;81965.061;81965.553;81965.962;81966.880;81967.502;81968.237;81968.605;81969.193;81969.760;81970.321;81970.717;81971.023;81971.335;81971.596;81971.786;81972.054;81972.335;81972.494;81972.683;81972.791;81972.943;81973.039;81973.123;81973.189;81973.245;81973.319;81973.382;81973.436;81973.487;81973.514;81973.565;81973.615;81973.623;81973.638;81973.653;81973.669;81973.679;81973.691;81973.699;81973.709;81973.715;81973.720;81973.723;81973.729;81973.736;81973.739;81973.742;81973.745;81973.747;81973.749;81973.751;81973.751;81973.752;81973.753;81973.754;81973.755;81973.755,5D,385.0
LXSSA,2,750,12,22,6030,random,6030,81121.41406427292,87784.54073621597,6663.126671943057,False,364.6176376925233,3.52795882800001,81.017 124.806;-369.753 288.824;480.966 -567.197;394.534 312.448;-183.571 -159.041;118.154 -394.758;-419.468 -448.269;-245.942 643.073;730.192 170.042;-114.674 -700.449;-555.498 -47.515;331.911 672.507,nan;nan;nan;nan;nan;nan;nan;nan;nan;nan;nan;nan;nan;nan;nan;nan;nan;nan;nan;nan;nan;nan;nan;nan;nan;nan;nan;nan;nan;nan;nan;nan;nan;nan;nan;nan;nan;nan;nan;nan;nan;nan;nan;nan;nan;nan;nan;nan;nan;nan;nan;nan;nan;nan;nan;nan;nan;nan;nan;nan;nan;nan;nan;nan;nan;nan;nan;nan;nan;nan;nan;nan;nan;nan;nan;nan;nan;nan;nan;nan;nan;nan;nan;nan;nan;nan;nan;nan;nan;nan;nan;nan;nan;nan;nan;nan;nan;nan;nan;nan;nan;nan;nan;nan;nan;nan;nan;nan;nan;nan;nan;nan;nan;nan;nan;nan;nan;nan;nan;nan;nan;nan;nan;nan;nan;nan;nan;nan;nan;nan;nan;nan;nan;nan;nan;nan;nan;nan;nan;nan;nan;nan;nan;nan;nan;nan;nan;nan;nan;nan;nan;nan;nan;nan;nan;nan;nan;nan;nan;nan;nan;nan;nan;nan;nan;nan;nan;nan;nan;nan;nan;nan;nan;nan;nan;nan;nan;nan;nan;nan;nan;nan;nan;nan;nan;nan;nan;nan;nan;nan;nan;nan;nan;nan;nan;nan;nan;nan;nan;nan;nan,5D,385.0
SLSQP,1,1000,10,2,6030,random,6030,139545.81905111118,140457.3736973483,911.554646237113,True,470.61959979534475,4.571516460000566,-31.843 992.479;-172.635 -984.986;-378.145 503.978;-10.627 -543.130;616.856 787.064;405.427 -914.054;998.955 -34.916;589.041 -427.981;-998.486 41.466;-654.663 -322.575,nan;nan;nan;137415.046;137415.046;137457.827;137457.827;137579.753;137669.851;137968.954;138262.153;138276.834;138309.578;138328.467;138332.656;138332.656;138332.656;138332.656;138332.656;138332.656;138332.656;138332.656;138332.656;138332.656;138778.770;138778.770;138779.319;138779.319;138779.319;138779.319;138779.319;138779.319;138779.319;138779.319;138779.319;138779.319;138779.319;138779.319;138779.319;138779.319;138779.319;138779.319;138779.319;138779.319;139256.078;139256.078;139256.078;139256.078;139256.078;139256.078;139278.333;139278.333;139278.333;139278.333;139278.333;139278.333;139278.333;139278.333;139278.333;139278.333;139278.333;139278.333;139278.333;139278.333;139278.333;139278.333;139278.333;139278.333;139278.333;139278.333;139278.333;139278.333;139278.333;139278.333;139278.333;139327.615;139350.032;139529.204;139529.207;139531.245;139531.245;139531.245;139531.245;139531.245;139531.245;139531.245;139531.245;139531.245;139531.245;139531.245;139531.245;139531.245;139531.245;139531.271;139545.178;139545.526;139545.819;139545.819;139545.819;139545.819;139545.819;139545.819;139545.819;139545.819;139545.819;139545.819;139545.819;139545.819;139545.819;139545.819;139545.819;139545.819;139545.819;139545.819;139545.819;139545.819;139545.819;139545.819;139545.819;139545.819;139545.819;139545.819;139545.819;139545.819;139545.819;139545.819;139545.819;139545.819;139545.819;139545.819;139545.819;139545.819;139545.819;139545.819;139545.819;139545.819;139545.819;139545.819;139545.819;139545.819;139545.819;139545.819;139545.819;139545.819;139545.819;139545.819;139545.819;139545.819;139545.819;139545.819;139545.819;139545.819;139545.819;139545.819;139545.819;139545.819;139545.819;139545.819;139545.819;139545.819;139545.819;139545.819;139545.819;139545.819;139545.819;139545.819;139545.819;139545.819;139545.819;139545.819;139545.819;139545.819;139545.819;139545.819;139545.819;139545.819;139545.819;139545.819;139545.819;139545.819;139545.819;139545.819;139545.819;139545.819;139545.819;139545.819;139545.819;139545.819;139545.819;139545.819;139545.819;139545.819;139545.819;139545.819;139545.819;139545.819;139545.819;139545.819;139545.819;139545.819;139545.819,6D,462.0
PSOBV,1,1000,10,12,6030,random,6030,139910.63336457446,140457.3736973483,546.7403327738284,True,479.46467093717143,2.76547839199975,-125.165 991.581;-155.903 -268.128;292.140 218.682;487.202 -457.427;-886.716 -461.059;751.146 505.945;978.578 34.170;-400.052 -916.159;-409.637 485.888;-672.387 84.829,nan;nan;nan;nan;nan;nan;nan;nan;nan;nan;nan;nan;nan;nan;nan;nan;nan;nan;nan;nan;nan;nan;nan;nan;nan;nan;nan;nan;nan;nan;nan;nan;nan;nan;nan;nan;nan;nan;nan;137300.883;137300.883;137300.883;137569.505;137569.505;138128.221;138128.221;138128.221;138128.221;138128.221;138128.221;138128.221;138128.221;138128.221;138128.221;138128.221;138128.221;138128.221;138128.221;138128.221;138128.221;138128.221;138128.221;138128.221;138130.417;138366.787;138547.288;138547.288;138547.288;138838.713;138838.713;138838.713;138838.713;138838.713;138838.713;138838.713;138838.713;139679.345;139679.345;139679.345;139679.345;139679.345;139679.345;139679.345;139679.345;139679.345;139679.345;139679.345;139679.345;139679.345;139679.345;139679.345;139692.073;139692.073;139721.414;139721.414;139732.188;139732.188;139732.188;139732.188;139732.188;139732.188;139790.901;139793.980;139800.606;139809.497;139811.241;139813.683;139817.858;139819.602;139821.855;139821.855;139824.165;139825.837;139825.837;139828.758;139829.401;139834.581;139836.519;139840.639;139841.315;139841.547;139842.226;139855.460;139856.812;139856.812;139857.454;139857.454;139859.312;139883.687;139885.545;139885.868;139886.601;139888.174;139888.533;139888.884;139889.114;139889.172;139889.390;139889.668;139889.804;139889.846;139889.983;139890.190;139890.249;139890.249;139890.249;139891.175;139891.571;139891.982;139892.377;139893.000;139893.502;139893.907;139894.296;139894.779;139894.887;139894.902;139895.013;139895.111;139895.196;139895.196;139895.567;139895.639;139895.639;139895.701;139895.749;139895.782;139895.783;139895.783;139895.783;139896.252;139896.253;139896.646;139896.660;139896.971;139896.972;139896.972;139909.363;139909.427;139909.488;139909.488;139909.545;139909.598;139909.598;139909.598;139909.832;139909.917;139910.116;139910.185;139910.270;139910.390;139910.403;139910.454;139910.537;139910.550;139910.582;139910.582;139910.584;139910.609;139910.633;139910.633,6D,462.0
SSABV,1,1000,10,22,6030,random,6030,138536.38533381297,140457.3736973483,1920.988363535318,True,476.050455593177,2.183458450999751,-51.848 950.380;490.885 -871.224;129.908 464.586;641.228 765.902;-533.372 -38.969;434.523 -188.239;-745.061 472.156;630.434 245.631;-281.296 -930.723;-76.133 -177.701,nan;nan;nan;nan;nan;nan;nan;nan;nan;nan;nan;nan;nan;nan;nan;nan;nan;nan;nan;nan;nan;nan;nan;nan;nan;nan;nan;nan;nan;nan;nan;nan;nan;nan;nan;nan;nan;nan;nan;nan;nan;nan;nan;nan;nan;nan;nan;nan;nan;136322.976;136322.976;136322.976;137358.699;137358.699;137900.709;137900.709;137918.431;137937.748;137937.748;137937.748;138227.023;138227.023;138232.643;138237.651;138258.003;138258.786;138263.785;138267.097;138268.318;138268.318;138268.873;138269.916;138271.137;138271.941;138272.606;138273.395;138273.662;138273.941;138274.260;138274.515;138274.708;138274.799;138274.916;138275.042;138275.063;138275.086;138275.101;138275.110;138275.138;138275.149;138275.166;138275.171;138275.176;138275.177;138275.182;138275.182;138275.183;138275.184;138275.184;138275.185;138275.185;138275.185;138287.550;138291.715;138303.101;138303.101;138316.213;138328.602;138361.075;138361.075;138367.860;138367.860;138390.896;138401.559;138403.754;138409.579;138412.727;138414.924;138414.924;138417.991;138426.720;138440.494;138440.494;138441.886;138450.606;138450.606;138453.342;138454.212;138465.832;138467.241;138468.102;138469.054;138469.140;138471.467;138472.306;138472.458;138472.919;138474.277;138474.430;138475.736;138476.878;138477.815;138477.980;138478.572;138479.676;138480.921;138481.088;138481.661;138482.729;138482.898;138483.974;138484.898;138484.898;138485.083;138485.993;138486.899;138486.899;138487.099;138489.339;138489.505;138489.636;138490.526;138490.701;138492.867;138492.867;138492.867;138493.081;138498.949;138510.272;138511.172;138511.172;138523.671;138523.671;138524.075;138524.623;138524.658;138525.061;138525.451;138525.451;138525.801;138526.230;138526.230;138526.589;138529.976;138531.603;138531.962;138531.962;138532.175;138532.368;138532.539;138533.965;138534.136;138534.348;138534.348;138534.610;138535.133;138535.403;138535.508;138535.600;138535.869;138536.385,6D,462.0
BVNS,1,1000,10,2,6030,random,6030,139131.22894779363,140457.3736973483,1326.14474955466,True,463.9455899887734,2.009863380999377,-344.290 556.538;-10.817 -851.746;393.371 512.722;-1.969 12.124;233.941 948.414;609.196 -788.337;962.500 4.393;266.726 -401.965;-906.404 413.345;-500.317 29.142,nan;nan;nan;nan;nan;nan;nan;nan;nan;nan;nan;nan;nan;nan;nan;nan;nan;nan;nan;nan;nan;nan;nan;nan;nan;nan;nan;nan;nan;nan;nan;nan;nan;nan;nan;nan;nan;nan;nan;nan;nan;nan;nan;nan;nan;134915.449;135862.587;136288.795;136288.795;136353.105;136353.333;136393.861;136393.861;136398.177;136398.627;136403.030;136407.524;136411.402;136415.829;136419.706;136423.061;136426.539;136426.854;136447.515;136787.236;136814.209;136829.254;136829.254;137644.679;137673.592;137680.610;137708.241;137708.241;137721.935;137734.142;137738.993;137739.855;137739.855;137748.269;138114.798;138122.472;138130.846;138131.311;138140.778;138145.033;138149.906;138150.395;138152.008;138152.008;138152.008;138152.141;138152.141;138158.730;138161.824;138169.887;138169.887;138170.632;138170.632;138170.696;138172.947;138173.000;138175.230;138176.766;138176.863;138180.744;138181.112;138181.434;138181.570;138181.800;138183.326;138187.269;138187.269;138187.269;138188.377;138189.401;138189.446;138190.529;138191.289;138193.247;138193.291;138193.861;138194.207;138194.648;138195.812;138195.966;138196.147;138196.306;138196.371;138196.487;138197.244;138199.186;138199.186;138199.201;138199.201;138199.201;138199.201;138199.201;138199.201;138199.201;138199.201;138199.201;138199.201;138199.201;138199.201;138199.201;138494.897;138539.868;138559.774;138585.100;138633.431;138653.162;138657.714;138658.322;138662.823;138694.538;138699.232;138700.444;138703.499;138710.758;138749.509;138793.676;138859.069;138859.069;139018.363;139034.837;139034.837;139082.775;139083.908;139099.602;139100.740;139100.740;139102.111;139102.679;139104.050;139105.839;139108.166;139108.166;139108.589;139110.498;139112.361;139112.361;139113.298;139114.196;139114.196;139122.206;139122.206;139123.120;139124.535;139124.535;139125.445;139126.088;139126.950;139126.950;139127.700;139128.319;139128.896;139128.896;139129.789;139130.672;139131.229;139131.229,6D,462.0
PSOC,1,1000,10,12,6030,random,6030,139905.4447347811,140457.3736973483,551.9289625671809,True,473.3545848938383,2.364281504000246,-24.019 970.550;-52.119 -383.641;194.111 174.198;490.988 -478.338;-890.618 -447.313;756.966 527.949;954.916 -25.633;-384.616 -824.235;-418.370 527.326;-680.493 -23.153,nan;nan;nan;nan;nan;nan;nan;nan;nan;nan;nan;nan;nan;nan;nan;nan;nan;nan;nan;nan;nan;nan;nan;nan;nan;nan;nan;nan;nan;nan;nan;nan;nan;nan;nan;nan;nan;nan;nan;137300.883;137300.883;137300.883;137569.505;137569.505;138128.221;138128.221;138128.221;138128.221;138128.221;138128.221;138128.221;138128.221;138128.221;138128.221;138128.221;138128.221;138128.221;138128.221;138128.221;138128.221;138128.221;138128.221;138128.221;138130.417;138366.787;138547.288;138547.288;138547.288;138838.713;138838.713;138838.713;138838.713;138838.713;138838.713;138838.713;138838.713;139679.345;139679.345;139679.345;139679.345;139679.345;139679.345;139679.345;139679.345;139679.345;139679.345;139679.345;139679.345;139679.345;139679.345;139679.345;139692.073;139692.073;139721.414;139721.414;139732.188;139732.188;139732.188;139732.188;139732.188;139732.188;139732.188;139753.804;139753.804;139753.804;139753.804;139753.804;139765.398;139765.398;139765.398;139765.398;139765.398;139765.398;139765.398;139796.789;139806.565;139806.565;139806.565;139814.916;139814.916;139822.560;139822.560;139822.560;139822.560;139836.391;139836.391;139836.391;139836.391;139854.391;139854.391;139875.415;139875.415;139875.415;139875.415;139875.415;139875.862;139875.862;139875.862;139875.862;139875.862;139875.862;139875.862;139876.306;139876.306;139876.306;139876.324;139876.324;139876.950;139877.205;139877.205;139877.431;139880.566;139880.566;139880.566;139880.566;139880.566;139880.566;139880.615;139880.615;139880.615;139881.261;139881.261;139881.261;139881.261;139881.856;139900.073;139900.073;139901.506;139901.506;139901.506;139901.506;139901.506;139901.506;139901.879;139901.879;139901.879;139901.879;139901.879;139901.879;139902.059;139902.059;139902.059;139902.059;139902.059;139902.291;139903.688;139903.688;139903.688;139904.522;139904.522;139904.522;139904.522;139904.522;139904.522;139904.522;139904.522;139904.522;139904.941;139905.445;139905.445;139905.445,6D,462.0
SSA,1,1000,10,22,6030,random,6030,139759.35105927012,140457.3736973483,698.0226380781678,True,474.6653078908354,2.1499833470006706,-244.344 726.248;571.354 -794.012;108.100 408.301;937.069 349.109;-776.562 -110.077;293.713 -179.816;532.886 621.475;937.056 -340.446;-241.611 -180.062;-503.011 -604.422,nan;nan;nan;nan;nan;nan;nan;nan;nan;nan;nan;nan;nan;nan;nan;nan;nan;nan;nan;nan;nan;nan;nan;nan;nan;nan;nan;nan;nan;nan;nan;nan;nan;nan;nan;nan;nan;nan;nan;nan;nan;nan;nan;nan;nan;nan;nan;nan;nan;nan;nan;nan;nan;nan;nan;nan;nan;nan;nan;nan;nan;nan;nan;nan;nan;nan;nan;nan;nan;nan;nan;nan;nan;nan;nan;nan;nan;nan;nan;nan;nan;nan;138056.039;138056.039;138056.039;138056.039;138056.039;138056.039;138056.039;138056.039;138056.039;138056.039;138056.039;138056.039;138056.039;138056.039;138056.039;138056.039;138056.039;139435.686;139435.686;139435.686;139436.505;139436.505;139436.505;139436.505;139436.505;139737.303;139737.303;139737.303;139737.303;139737.303;139737.303;139737.303;139737.303;139737.303;139737.303;139737.303;139737.303;139737.303;139737.303;139737.303;139737.303;139737.303;139737.303;139750.260;139750.260;139750.381;139750.381;139753.278;139754.097;139754.515;139754.578;139754.578;139755.293;139756.274;139756.606;139756.606;139756.997;139757.338;139757.608;139757.608;139757.608;139757.763;139758.017;139758.216;139758.233;139758.302;139758.466;139758.584;139758.635;139758.680;139758.719;139758.787;139758.876;139758.934;139758.984;139759.011;139759.044;139759.075;139759.115;139759.150;139759.176;139759.195;139759.219;139759.235;139759.252;139759.266;139759.279;139759.290;139759.295;139759.302;139759.308;139759.317;139759.321;139759.324;139759.326;139759.330;139759.333;139759.335;139759.338;139759.340;139759.342;139759.344;139759.345;139759.345;139759.346;139759.347;139759.347;139759.348;139759.348;139759.349;139759.349;139759.350;139759.350;139759.350;139759.350;139759.351;139759.351;139759.351;139759.351,6D,462.0
DE,1,1000,10,2,6030,random,6030,138505.11531955167,140457.3736973483,1952.258377796621,True,467.39704929965313,3.321817144999841,-784.692 -98.635;902.589 138.908;584.401 -690.628;-580.227 601.745;-353.445 169.336;238.373 226.020;102.206 -854.896;370.290 915.330;-508.757 -586.630;-143.275 -295.282,nan;nan;nan;nan;nan;nan;nan;nan;nan;nan;nan;nan;nan;nan;nan;nan;nan;nan;nan;nan;nan;nan;nan;nan;nan;nan;nan;nan;nan;nan;nan;nan;nan;nan;nan;nan;nan;nan;nan;nan;nan;nan;nan;nan;nan;nan;nan;nan;nan;nan;nan;nan;nan;nan;nan;nan;nan;nan;nan;nan;nan;nan;nan;nan;nan;nan;nan;nan;nan;nan;nan;nan;nan;nan;nan;nan;nan;nan;nan;nan;nan;nan;nan;nan;nan;nan;nan;nan;nan;nan;nan;nan;nan;nan;nan;nan;nan;nan;nan;nan;nan;nan;nan;nan;nan;nan;nan;nan;nan;nan;nan;nan;nan;nan;nan;nan;nan;nan;nan;nan;nan;nan;nan;nan;nan;nan;nan;nan;nan;nan;nan;nan;nan;nan;nan;nan;nan;nan;nan;nan;nan;nan;nan;nan;nan;nan;nan;nan;nan;nan;nan;nan;nan;nan;nan;nan;nan;nan;nan;nan;nan;nan;nan;nan;nan;nan;nan;nan;nan;nan;nan;nan;nan;nan;137702.948;137702.948;137702.948;137702.948;138075.394;138075.394;138075.394;138075.394;138075.394;138075.394;138075.394;138075.394;138075.394;138075.394;138075.394;138075.394;138075.394;138075.394;138075.394;138166.025;138166.025;138166.025;138166.025;138166.025;138505.115;138505.115;138505.115,6D,462.0
SLSQP,1,1000,10,12,6030,random,6030,138874.03428323835,140457.3736973483,1583.3394141099416,True,385.4844725237342,4.547739775000082,-414.310 273.488;-850.967 -448.858;248.748 -827.861;101.731 981.290;-104.712 -994.211;608.794 439.416;595.085 -658.600;-548.838 660.552;-459.580 -380.856;-590.421 -804.078,nan;135611.962;136744.063;137486.611;137486.611;137486.611;137486.611;137486.611;137486.611;137486.611;137486.611;137486.611;137486.611;137486.611;137486.611;137486.611;137486.611;137486.611;137486.611;137486.611;137486.611;137486.611;137486.611;137486.611;137486.611;137486.611;137486.611;137486.611;137486.611;137486.611;137486.611;137486.611;137486.611;137486.611;137486.611;137486.611;137486.611;137486.611;137486.611;137486.611;137486.611;137486.611;137486.611;137486.611;137486.611;137486.611;137486.611;137486.611;137486.611;137486.611;137486.611;137486.611;137486.611;137486.611;137486.611;138425.721;138472.013;138490.992;138494.176;138495.057;138535.671;138535.671;138535.677;138535.683;138535.687;138535.694;138535.703;138535.715;138535.727;138535.732;138535.735;138535.739;138535.743;138535.744;138535.744;138535.744;138535.744;138535.744;138535.744;138535.744;138535.744;138535.744;138536.118;138536.118;138536.118;138536.118;138536.118;138536.118;138536.118;138536.928;138537.349;138537.506;138538.029;138538.210;138538.239;138538.264;138539.443;138539.443;138539.443;138539.443;138542.857;138545.242;138545.242;138545.242;138545.242;138545.242;138545.242;138545.242;138545.242;138545.242;138545.242;138545.242;138545.242;138545.242;138545.242;138545.242;138545.242;138545.242;138545.242;138545.242;138545.242;138545.242;138545.242;138545.242;138545.242;138545.242;138545.242;138841.834;138842.504;138842.711;138842.711;138842.711;138842.711;138842.711;138842.711;138842.711;138842.711;138842.711;138844.291;138845.843;138846.378;138847.020;138847.073;138847.137;138847.145;138847.155;138847.163;138847.172;138847.185;138847.189;138847.196;138847.201;138847.204;138847.208;138847.208;138847.208;138864.622;138864.622;138864.622;138864.622;138864.622;138864.622;138864.622;138864.622;138864.622;138864.622;138864.622;138864.622;138864.622;138864.622;138864.622;138864.622;138864.622;138874.034;138874.034;138874.034;138874.034;138874.034;138874.034;138874.034;138874.034;138874.034;138874.034;138874.034;138874.034;138874.034;138874.034;138874.034;138874.034;138874.034;138874.034;138874.034;138874.034;138874.034;138874.034;138874.034;138874.034;138874.034;138874.034;138874.034;138874.034,5D,385.0
PSOBV,1,1000,10,22,6030,random,6030,139679.1266173448,140457.3736973483,778.2470800034935,True,442.1874493524524,2.662879169000007,285.511 807.834;-659.068 725.546;-665.190 -677.915;-388.231 290.181;682.759 106.511;-126.316 -727.933;-227.965 823.934;686.970 -722.714;43.869 -265.030;-855.328 -24.779,nan;nan;nan;nan;nan;nan;nan;nan;nan;nan;nan;nan;nan;nan;nan;nan;nan;nan;nan;nan;nan;nan;nan;nan;nan;nan;nan;nan;nan;nan;nan;nan;nan;nan;nan;nan;nan;nan;nan;nan;137580.926;137580.926;137670.432;137670.432;137670.432;137670.432;137670.432;137670.432;137670.432;137966.484;138197.661;138197.661;138214.819;138214.819;138214.819;138214.819;138815.385;138815.385;138815.385;138815.385;138815.385;138815.385;138815.385;138815.385;138815.385;138815.385;138815.385;138815.385;138815.385;138815.385;138815.385;138815.385;138815.385;138815.385;138815.385;138815.385;138815.385;138815.385;138815.385;139159.981;139159.981;139159.981;139159.981;139159.981;139159.981;139159.981;139159.981;139304.927;139304.927;139304.927;139304.927;139304.927;139304.927;139304.927;139304.927;139304.927;139304.927;139341.666;139341.666;139341.666;139350.751;139391.564;139412.207;139450.135;139450.135;139471.292;139471.292;139480.580;139480.580;139513.222;139526.229;139526.229;139527.871;139527.871;139532.281;139551.716;139551.716;139552.583;139554.105;139554.105;139554.949;139556.438;139556.522;139557.259;139558.715;139559.514;139560.939;139560.939;139566.354;139567.132;139568.475;139568.475;139568.813;139572.027;139574.177;139585.344;139585.344;139588.705;139591.980;139595.173;139595.173;139596.463;139597.588;139598.668;139598.668;139599.173;139600.446;139600.446;139613.412;139613.905;139638.426;139638.426;139638.591;139638.591;139639.112;139642.454;139642.454;139642.965;139643.886;139644.382;139644.507;139648.477;139648.987;139652.291;139652.291;139652.818;139653.318;139653.318;139653.794;139654.052;139654.566;139669.679;139669.679;139670.335;139671.688;139671.841;139671.841;139671.989;139672.279;139672.423;139672.423;139672.710;139672.851;139672.851;139672.851;139673.173;139673.583;139673.816;139673.893;139674.270;139674.503;139674.733;139675.628;139676.293;139676.523;139676.752;139677.643;139677.871;139678.013;139678.984;139679.127,5D,385.0
RSDVNS,1,1000,10,2,6030,random,6030,139469.0321941493,140457.3736973483,988.3415031989862,True,471.1346678684874,2.2269158580002113,-437.080 -819.393;796.990 -603.415;132.785 -48.357;292.898 -627.463;636.106 768.376;647.225 -156.718;-31.292 544.351;-695.148 -105.620;-478.064 745.313;941.965 335.708,nan;nan;nan;nan;nan;nan;nan;nan;nan;nan;nan;nan;nan;nan;nan;nan;nan;nan;nan;nan;nan;nan;nan;nan;nan;nan;nan;nan;nan;nan;nan;nan;nan;nan;137560.830;137560.830;137560.830;137560.830;137560.830;137560.830;137560.830;137560.830;137560.830;137560.830;137560.830;137560.830;137560.830;137560.830;137560.830;137560.830;137560.830;137560.830;137560.830;137560.830;137560.830;137560.830;137560.830;137560.830;137560.830;137560.830;137560.830;137560.830;137560.830;137560.830;137560.830;137560.830;137560.830;137560.830;137560.830;137560.830;137560.830;137560.830;137560.830;137560.830;137560.830;137560.830;137560.830;137560.830;137560.830;137560.830;137560.830;137560.830;137560.830;137560.830;137560.830;137560.830;137560.830;137560.830;137560.830;137560.830;137560.830;137560.830;137560.830;137560.830;137560.830;137560.830;137560.830;137560.830;137560.830;137560.830;138458.002;138479.811;138563.291;138585.093;138608.644;138705.688;138705.688;138981.864;138991.400;139010.410;139043.935;139084.347;139104.014;139119.206;139120.380;139152.840;139154.253;139154.253;139154.475;139182.301;139182.301;139191.268;139281.748;139365.472;139389.923;139398.745;139407.792;139409.116;139412.578;139416.369;139425.251;139425.500;139425.500;139427.452;139427.688;139427.688;139428.143;139435.280;139435.280;139440.821;139442.544;139442.544;139443.984;139443.989;139444.769;139444.769;139445.258;139446.976;139447.277;139448.659;139448.960;139453.957;139453.963;139457.766;139458.065;139458.354;139458.361;139458.525;139461.252;139461.260;139461.342;139461.754;139462.424;139462.425;139462.425;139462.463;139462.820;139462.858;139463.189;139464.724;139465.011;139465.050;139465.093;139465.298;139465.583;139465.622;139465.814;139465.853;139465.896;139466.696;139466.776;139466.980;139467.264;139467.302;139467.303;139467.305;139467.508;139467.697;139468.018;139468.018;139468.157;139468.195;139468.237;139468.440;139468.721;139468.759;139468.951;139468.986;139468.990;139468.990;139469.032,5D,385.0
BVNS,1,1000,10,12,6030,random,6030,138357.09074889036,140457.3736973483,2100.282948457927,True,389.2432807714838,1.9716515700001764,57.582 995.549;887.780 -97.909;96.378 -428.868;-261.032 -965.050;451.830 -163.568;-590.674 -285.619;690.522 -519.771;275.909 -774.236;-568.421 800.066;47.712 128.616,nan;nan;nan;nan;nan;nan;nan;nan;nan;nan;nan;nan;nan;nan;nan;nan;nan;nan;nan;nan;nan;nan;nan;134734.365;135299.129;136034.113;136513.264;136547.116;136845.525;137026.102;137110.735;137226.297;137380.400;137465.228;137485.956;137508.958;137508.958;137661.703;137681.948;137681.948;137697.910;137741.186;137741.186;137780.124;137783.965;137783.965;137849.253;137876.150;138057.969;138057.969;138065.867;138070.197;138073.275;138077.598;138121.335;138127.781;138127.781;138151.318;138154.905;138157.441;138161.032;138164.041;138166.076;138167.000;138172.961;138175.025;138182.073;138182.073;138184.170;138184.170;138187.876;138201.074;138202.428;138230.840;138234.506;138234.506;138236.165;138238.094;138238.988;138239.540;138242.099;138243.505;138244.650;138245.166;138247.670;138247.860;138247.860;138249.227;138250.559;138250.719;138250.719;138250.851;138250.851;138253.258;138254.353;138255.335;138268.043;138269.023;138269.023;138269.671;138269.916;138270.381;138271.703;138272.342;138272.581;138273.046;138274.350;138275.677;138276.335;138276.966;138278.110;138278.298;138278.941;138279.571;138280.700;138280.873;138282.155;138282.786;138283.247;138283.413;138284.035;138284.649;138284.649;138285.255;138285.854;138286.445;138286.445;138286.499;138286.546;138286.588;138286.588;138286.623;138286.653;138286.653;138293.376;138294.268;138300.438;138301.581;138302.065;138302.698;138302.698;138303.167;138303.729;138304.198;138304.198;138304.677;138305.304;138305.780;138305.780;138306.072;138306.641;138306.714;138307.334;138307.627;138307.880;138307.950;138308.567;138308.859;138309.109;138309.485;138309.789;138310.081;138310.328;138310.700;138311.000;138311.293;138311.844;138311.905;138312.202;138312.494;138313.042;138313.100;138314.851;138315.144;138325.056;138325.348;138325.639;138325.928;138325.928;138326.215;138326.500;138326.784;138326.784;138327.066;138327.345;138327.624;138327.624;138327.900;138328.175;138328.448;138328.448;138328.719;138328.989;138329.065;138329.065;138336.529;138342.979;138343.451;138350.305;138357.091;138357.091,5D,385.0
PSOC,1,1000,10,22,6030,random,6030,139700.7515284157,140457.3736973483,756.6221689325757,True,404.58519642957293,2.0578039830006674,277.612 603.774;-632.067 740.746;-621.029 -625.375;-387.909 216.324;620.778 200.090;-137.596 -722.588;-228.937 706.451;619.313 -723.693;39.955 -244.107;-894.672 59.571,nan;nan;nan;nan;nan;nan;nan;nan;nan;nan;nan;nan;nan;nan;nan;nan;nan;nan;nan;nan;nan;nan;nan;nan;nan;nan;nan;nan;nan;nan;nan;nan;nan;nan;nan;nan;nan;nan;nan;nan;137580.926;137580.926;137670.432;137670.432;137670.432;137670.432;137670.432;137670.432;137670.432;137966.484;138197.661;138197.661;138214.819;138214.819;138214.819;138214.819;138815.385;138815.385;138815.385;138815.385;138815.385;138815.385;138815.385;138815.385;138815.385;138815.385;138815.385;138815.385;138815.385;138815.385;138815.385;138815.385;138815.385;138815.385;138815.385;138815.385;138815.385;138815.385;138815.385;139159.981;139159.981;139159.981;139159.981;139159.981;139159.981;139159.981;139159.981;139304.927;139304.927;139304.927;139304.927;139304.927;139304.927;139304.927;139304.927;139304.927;139304.927;139341.666;139341.666;139341.666;139350.751;139350.751;139350.751;139350.751;139350.751;139350.751;139350.751;139350.751;139352.094;139353.200;139353.200;139353.200;139353.443;139353.443;139381.027;139381.186;139381.246;139381.246;139381.246;139381.585;139477.212;139489.793;139489.793;139489.793;139537.167;139537.167;139537.167;139537.167;139537.167;139556.214;139556.214;139556.214;139579.493;139579.493;139581.224;139581.224;139581.224;139584.493;139585.010;139585.010;139595.859;139625.887;139625.887;139625.887;139625.887;139625.887;139625.887;139625.887;139625.887;139625.887;139625.887;139625.887;139625.887;139625.887;139634.679;139634.679;139634.679;139634.679;139634.679;139634.679;139634.679;139634.679;139656.054;139672.332;139672.332;139672.332;139672.332;139672.332;139672.332;139672.332;139672.332;139672.332;139672.332;139676.219;139676.219;139676.219;139676.219;139676.219;139677.563;139677.563;139679.301;139679.301;139679.301;139679.301;139679.301;139679.301;139699.869;139699.869;139699.869;139699.869;139699.869;139699.869;139699.869;139699.869;139699.869;139699.869;139699.869;139699.869;139700.752;139700.752;139700.752,5D,385.0
LXSSA,1,1000,10,2,6030,random,6030,139622.6379824855,140457.3736973483,834.7357148627925,True,475.8287838116042,2.0894050919996516,190.315 -213.648;-62.238 451.077;-790.170 -340.769;270.647 962.633;-509.130 282.485;905.231 -126.608;-43.156 -675.096;-512.568 -752.979;-287.785 -155.082;498.502 391.160,nan;nan;nan;nan;nan;nan;nan;nan;nan;nan;nan;nan;nan;nan;nan;nan;nan;nan;nan;nan;nan;nan;nan;nan;nan;nan;nan;nan;nan;nan;nan;nan;nan;nan;nan;nan;nan;nan;nan;nan;nan;nan;nan;nan;nan;nan;nan;nan;nan;nan;nan;nan;nan;nan;nan;nan;nan;nan;nan;nan;nan;136357.852;136357.852;136357.852;136357.852;138975.577;138975.577;138975.577;138975.577;138975.577;138975.577;139116.687;139116.687;139234.447;139234.447;139234.447;139234.447;139234.447;139234.447;139239.089;139239.089;139239.089;139239.089;139239.089;139239.089;139239.089;139401.369;139437.144;139513.652;139513.652;139513.652;139576.336;139576.336;139576.336;139576.336;139579.284;139579.284;139583.158;139583.158;139583.158;139583.158;139584.732;139584.732;139585.254;139585.254;139585.277;139585.277;139585.277;139587.174;139588.423;139588.423;139592.423;139592.423;139592.829;139597.012;139597.180;139599.127;139599.127;139601.346;139601.921;139602.864;139602.982;139605.260;139605.260;139606.748;139609.897;139609.897;139609.986;139611.634;139612.630;139612.739;139614.795;139614.795;139614.795;139615.634;139615.634;139616.237;139616.568;139616.688;139617.425;139617.425;139617.425;139617.772;139619.307;139619.307;139619.307;139619.505;139619.754;139619.754;139620.667;139620.667;139621.136;139621.136;139621.812;139621.812;139622.087;139622.087;139622.208;139622.208;139622.298;139622.298;139622.350;139622.350;139622.350;139622.379;139622.405;139622.405;139622.405;139622.417;139622.417;139622.423;139622.427;139622.428;139622.440;139622.440;139622.508;139622.508;139622.536;139622.536;139622.536;139622.539;139622.539;139622.540;139622.597;139622.597;139622.628;139622.628;139622.628;139622.629;139622.629;139622.629;139622.630;139622.630;139622.630;139622.631;139622.631;139622.631;139622.636;139622.636;139622.638;139622.638,5D,385.0
DE,1,1000,10,12,6030,random,6030,137010.6788113718,140457.3736973483,3446.694885976496,True,388.05351897624746,3.125730400000066,606.533 -25.353;-702.398 -653.146;260.369 397.401;-903.145 317.825;35.463 -545.196;630.034 -559.104;-588.142 642.895;-983.296 -124.656;670.145 357.451;-169.121 162.259,nan;nan;nan;nan;nan;nan;nan;nan;nan;nan;nan;nan;nan;nan;nan;nan;nan;nan;nan;nan;nan;nan;nan;nan;nan;nan;nan;nan;nan;nan;nan;nan;nan;nan;nan;nan;nan;nan;nan;nan;nan;nan;nan;nan;nan;nan;nan;nan;nan;nan;nan;nan;nan;nan;nan;nan;nan;nan;nan;nan;nan;nan;nan;nan;nan;nan;nan;nan;nan;nan;nan;nan;nan;nan;nan;nan;nan;nan;nan;nan;nan;nan;nan;nan;nan;nan;nan;nan;nan;nan;nan;nan;nan;nan;nan;nan;nan;nan;nan;nan;nan;nan;nan;nan;nan;nan;nan;nan;nan;nan;nan;nan;nan;nan;nan;nan;nan;nan;nan;nan;nan;nan;nan;nan;nan;nan;nan;135551.222;135551.222;135551.222;135551.222;135551.222;135551.222;135551.222;135551.222;135551.222;135551.222;135551.222;135551.222;135551.222;135551.222;135551.222;135551.222;135551.222;135551.222;135551.222;135551.222;135551.222;135551.222;135551.222;135551.222;135551.222;135551.222;135551.222;135551.222;135551.222;135551.222;137010.679;137010.679;137010.679;137010.679;137010.679;137010.679;137010.679;137010.679;137010.679;137010.679;137010.679;137010.679;137010.679;137010.679;137010.679;137010.679;137010.679;137010.679;137010.679;137010.679;137010.679;137010.679;137010.679;137010.679;137010.679;137010.679;137010.679;137010.679;137010.679;137010.679;137010.679;137010.679;137010.679;137010.679;137010.679;137010.679;137010.679;137010.679;137010.679;137010.679;137010.679;137010.679;137010.679;137010.679,5D,385.0
SLSQP,2,1000,10,22,6030,random,6030,71011.39221331003,73153.78394684664,2142.391733536613,True,468.22311020304386,4.9112453699999605,-632.131 20.581;-943.224 -329.354;851.034 -332.535;414.054 718.743;558.271 100.938;-866.964 493.450;-271.024 326.471;154.537 -196.739;244.287 -745.968;-197.914 947.944,nan;nan;nan;70492.567;70650.454;70905.816;70906.035;70906.035;70906.035;70909.755;70911.149;70911.831;70911.986;70912.016;70917.979;70920.924;70921.597;70955.091;70995.434;70995.485;70995.533;70995.627;70995.712;70995.808;70995.808;70995.808;70995.808;70995.808;70995.808;70995.808;70995.808;70995.808;71011.392;71011.392;71011.392;71011.392;71011.392;71011.392;71011.392;71011.392;71011.392;71011.392;71011.392;71011.392;71011.392;71011.392;71011.392;71011.392;71011.392;71011.392;71011.392;71011.392;71011.392;71011.392;71011.392;71011.392;71011.392;71011.392;71011.392;71011.392;71011.392;71011.392;71011.392;71011.392;71011.392;71011.392;71011.392;71011.392;71011.392;71011.392;71011.392;71011.392;71011.392;71011.392;71011.392;71011.392;71011.392;71011.392;71011.392;71011.392;71011.392;71011.392;71011.392;71011.392;71011.392;71011.392;71011.392;71011.392;71011.392;71011.392;71011.392;71011.392;71011.392;71011.392;71011.392;71011.392;71011.392;71011.392;71011.392;71011.392;71011.392;71011.392;71011.392;71011.392;71011.392;71011.392;71011.392;71011.392;71011.392;71011.392;71011.392;71011.392;71011.392;71011.392;71011.392;71011.392;71011.392;71011.392;71011.392;71011.392;71011.392;71011.392;71011.392;71011.392;71011.392;71011.392;71011.392;71011.392;71011.392;71011.392;71011.392;71011.392;71011.392;71011.392;71011.392;71011.392;71011.392;71011.392;71011.392;71011.392;71011.392;71011.392;71011.392;71011.392;71011.392;71011.392;71011.392;71011.392;71011.392;71011.392;71011.392;71011.392;71011.392;71011.392;71011.392;71011.392;71011.392;71011.392;71011.392;71011.392;71011.392;71011.392;71011.392;71011.392;71011.392;71011.392;71011.392;71011.392;71011.392;71011.392;71011.392;71011.392;71011.392;71011.392;71011.392;71011.392;71011.392;71011.392;71011.392;71011.392;71011.392;71011.392;71011.392;71011.392;71011.392;71011.392;71011.392;71011.392;71011.392;71011.392;71011.392;71011.392;71011.392;71011.392;71011.392;71011.392;71011.392;71011.392;71011.392;71011.392;71011.392,6D,462.0
SSABV,2,1000,10,2,6030,random,6030,71477.6075088968,73153.78394684664,1676.1764379498345,True,507.72568673324355,2.7798511130004044,-709.542 466.990;234.883 -441.339;-69.930 527.579;601.981 -792.088;599.043 -27.276;9.988 -999.532;-234.994 -20.226;857.327 514.401;-930.231 -366.107;195.341 967.617,nan;nan;nan;nan;nan;nan;nan;nan;nan;nan;nan;nan;nan;nan;nan;nan;nan;nan;nan;nan;nan;nan;nan;nan;nan;nan;nan;nan;nan;nan;nan;nan;nan;nan;nan;nan;nan;nan;nan;nan;nan;nan;nan;nan;nan;70276.044;70722.863;70897.433;70897.433;70930.891;70930.891;70947.881;71104.369;71104.369;71147.319;71147.319;71168.130;71168.130;71192.516;71206.851;71206.851;71206.851;71206.851;71208.591;71210.580;71213.054;71215.010;71216.855;71218.887;71220.149;71220.975;71221.324;71222.053;71222.579;71223.107;71223.385;71223.630;71223.916;71224.104;71224.175;71224.309;71224.367;71224.452;71224.472;71224.535;71224.555;71224.569;71224.585;71224.599;71224.608;71224.616;71224.621;71224.623;71224.625;71224.627;71224.629;71224.630;71224.631;71224.631;71224.631;71224.632;71235.102;71246.294;71257.030;71257.030;71370.000;71396.423;71396.423;71396.423;71400.257;71401.532;71401.532;71401.532;71406.173;71407.291;71409.270;71410.387;71411.416;71411.416;71412.464;71413.532;71413.532;71414.085;71416.596;71418.063;71418.616;71418.639;71418.953;71419.464;71424.502;71424.767;71441.895;71441.931;71442.199;71442.499;71442.793;71445.512;71445.773;71446.058;71446.337;71446.346;71446.611;71449.542;71449.806;71449.808;71450.066;71450.079;71450.333;71450.333;71450.527;71450.527;71452.556;71452.556;71453.331;71453.524;71454.294;71454.769;71454.961;71456.591;71456.676;71457.361;71457.603;71472.167;71472.253;71473.784;71474.025;71474.261;71474.359;71474.492;71474.719;71474.942;71475.052;71475.160;71475.374;71475.584;71475.705;71475.705;71475.815;71475.821;71475.821;71475.821;71476.627;71476.735;71476.962;71477.069;71477.176;71477.283;71477.286;71477.286;71477.392;71477.395;71477.396;71477.500;71477.502;71477.607;71477.608;71477.608;71477.608;71477.608;71477.608;71477.608,6D,462.0
RSDVNS,2,1000,10,12,6030,random,6030,71385.53651421604,73153.78394684664,1768.2474326305964,True,476.92013529532096,2.1394687259999046,888.801 -353.801;94.564 980.271;-636.961 -756.861;69.718 434.422;-682.113 687.004;480.816 700.517;-259.120 -33.103;172.629 -982.879;-950.000 -262.822;224.512 -265.654,nan;nan;nan;nan;nan;nan;nan;nan;nan;nan;nan;nan;nan;nan;nan;nan;nan;nan;nan;nan;nan;nan;nan;nan;nan;nan;nan;nan;nan;nan;nan;nan;nan;nan;nan;nan;nan;nan;nan;nan;nan;nan;nan;nan;nan;nan;nan;nan;nan;nan;nan;nan;nan;nan;nan;nan;nan;nan;nan;nan;nan;nan;nan;nan;nan;nan;nan;nan;nan;nan;nan;nan;nan;nan;nan;nan;nan;nan;nan;nan;nan;nan;nan;nan;nan;nan;nan;nan;nan;nan;nan;nan;nan;nan;nan;nan;nan;nan;nan;nan;nan;nan;nan;69868.693;70208.379;70329.971;70577.371;70726.153;70792.115;70842.333;70945.665;70995.700;71039.343;71039.343;71072.530;71177.745;71188.213;71189.033;71199.569;71199.569;71213.286;71236.323;71236.323;71236.323;71241.673;71241.673;71241.673;71257.484;71282.158;71283.524;71286.045;71288.065;71290.047;71290.047;71291.360;71291.568;71293.513;71293.513;71293.513;71294.116;71294.932;71295.650;71296.130;71297.086;71298.033;71298.201;71298.636;71299.140;71299.886;71300.390;71300.463;71300.463;71301.659;71301.743;71302.013;71302.360;71302.703;71303.278;71303.515;71303.814;71303.947;71304.163;71304.219;71304.690;71305.158;71305.158;71305.192;71305.192;71305.226;71305.226;71305.226;71305.226;71305.226;71305.226;71305.226;71305.226;71305.226;71305.226;71305.226;71305.226;71305.226;71305.226;71305.226;71305.226;71305.226;71305.226;71305.226;71305.226;71305.226;71305.226;71305.226;71305.226;71305.226;71317.920;71342.673;71365.654;71365.654;71375.292;71377.012;71385.537;71385.537,6D,462.0
BVNS,2,1000,10,22,6030,random,6030,71403.996285993,73153.78394684664,1749.7876608536462,True,491.0099434226422,2.0724020329998893,-468.023 30.250;-987.984 -153.679;860.741 -134.433;322.585 817.032;475.408 276.073;-871.789 489.242;-239.603 464.893;154.601 -133.331;276.251 -729.866;-228.704 972.170,nan;nan;nan;nan;nan;nan;nan;nan;nan;nan;nan;nan;nan;nan;nan;nan;nan;nan;nan;nan;nan;nan;nan;nan;nan;nan;nan;nan;nan;nan;nan;nan;nan;nan;nan;nan;nan;69513.033;69970.836;70366.352;70366.352;70496.280;70616.626;70674.748;70674.748;70805.127;70824.848;70883.229;70883.229;70883.229;70954.029;70954.029;71014.232;71015.351;71086.274;71087.401;71087.401;71100.192;71106.516;71109.605;71109.823;71116.008;71119.078;71119.475;71120.302;71120.906;71126.704;71127.100;71127.100;71127.100;71130.805;71135.165;71135.165;71138.445;71141.274;71141.299;71143.029;71144.643;71145.395;71146.383;71147.359;71148.902;71149.556;71153.300;71153.300;71153.953;71155.683;71159.359;71159.359;71160.017;71160.655;71160.896;71161.272;71161.513;71165.226;71165.467;71165.964;71169.444;71169.685;71171.572;71171.572;71171.806;71175.425;71175.659;71178.612;71178.846;71182.711;71182.944;71183.435;71184.703;71188.004;71188.237;71188.688;71189.288;71189.288;71192.958;71192.958;71393.074;71393.074;71393.793;71394.199;71394.199;71395.943;71396.668;71396.707;71397.432;71397.965;71397.965;71399.254;71399.375;71399.722;71400.067;71400.067;71400.067;71401.471;71401.471;71401.471;71402.516;71402.783;71402.786;71403.423;71403.631;71403.637;71403.825;71403.991;71403.996;71403.996;71403.996;71403.996;71403.996;71403.996;71403.996;71403.996;71403.996;71403.996;71403.996;71403.996;71403.996;71403.996;71403.996;71403.996;71403.996;71403.996;71403.996;71403.996;71403.996;71403.996;71403.996;71403.996;71403.996;71403.996;71403.996;71403.996;71403.996;71403.996;71403.996;71403.996;71403.996;71403.996;71403.996;71403.996;71403.996;71403.996;71403.996;71403.996;71403.996;71403.996;71403.996;71403.996;71403.996;71403.996;71403.996;71403.996;71403.996;71403.996;71403.996;71403.996;71403.996;71403.996;71403.996;71403.996,6D,462.0
SSA,2,1000,10,2,6030,random,6030,70604.3694804643,73153.78394684664,2549.414466382339,True,496.05245886071594,2.126291281999329,-82.366 915.894;-418.178 -261.085;-331.887 336.858;514.696 -400.193;999.943 10.713;286.320 -950.700;285.793 41.763;790.839 612.025;-809.282 193.010;296.313 573.138,nan;nan;nan;nan;nan;nan;nan;nan;nan;nan;nan;nan;nan;nan;nan;nan;nan;nan;nan;nan;nan;nan;nan;nan;nan;nan;nan;nan;nan;nan;nan;nan;nan;nan;nan;nan;nan;nan;nan;nan;nan;nan;nan;nan;nan;nan;nan;nan;nan;nan;nan;nan;nan;nan;nan;nan;nan;nan;nan;nan;nan;nan;nan;nan;nan;nan;nan;nan;nan;nan;nan;nan;nan;nan;nan;nan;nan;nan;nan;nan;nan;nan;nan;nan;nan;nan;nan;nan;nan;nan;69619.036;69969.197;70055.775;70055.775;70055.775;70055.775;70255.337;70272.934;70406.682;70406.682;70406.682;70406.682;70406.682;70406.682;70406.682;70472.422;70472.422;70472.422;70498.435;70498.435;70507.989;70507.989;70530.263;70530.263;70530.263;70530.263;70536.074;70536.074;70548.386;70549.408;70555.646;70560.471;70565.602;70572.654;70580.607;70580.607;70580.791;70580.791;70584.133;70587.154;70589.313;70591.087;70592.282;70593.502;70593.795;70594.591;70595.159;70596.360;70597.902;70598.874;70599.074;70599.516;70599.516;70599.932;70600.370;70601.079;70601.455;70601.517;70602.137;70602.137;70602.369;70602.381;70602.845;70603.133;70603.178;70603.217;70603.455;70603.498;70603.649;70603.750;70603.798;70603.864;70603.973;70604.000;70604.064;70604.116;70604.164;70604.199;70604.238;70604.253;70604.283;70604.284;70604.304;70604.304;70604.304;70604.306;70604.312;70604.325;70604.332;70604.339;70604.339;70604.344;70604.348;70604.354;70604.354;70604.358;70604.358;70604.359;70604.360;70604.362;70604.364;70604.365;70604.365;70604.366;70604.367;70604.367;70604.368;70604.369;70604.369;70604.369;70604.369,6D,462.0
LXSSA,2,1000,10,12,6030,random,6030,70060.17888240781,73153.78394684664,3093.6050644388306,True,497.5374545010831,2.149613734999548,-722.448 -625.729;798.003 -420.412;519.051 136.257;-256.652 -432.069;517.407 852.397;-69.909 29.093;-822.372 528.895;-136.625 600.129;-573.035 46.147;266.660 -345.965,nan;nan;nan;nan;nan;nan;nan;nan;nan;nan;nan;nan;nan;nan;nan;nan;nan;nan;nan;nan;nan;nan;nan;nan;nan;nan;nan;nan;nan;nan;nan;nan;nan;nan;nan;nan;nan;nan;nan;nan;nan;nan;nan;nan;nan;nan;nan;nan;nan;nan;nan;nan;nan;nan;nan;nan;nan;nan;nan;nan;nan;nan;nan;nan;nan;nan;nan;nan;nan;nan;nan;nan;nan;nan;nan;nan;nan;nan;nan;nan;nan;nan;nan;nan;nan;nan;nan;nan;nan;nan;nan;69673.877;69673.877;69709.135;69709.135;69709.135;69709.135;69810.250;69810.250;69877.379;69877.379;69892.026;69892.026;69914.771;69914.771;69914.771;69914.771;69914.771;69916.324;69979.027;69979.027;69979.027;69981.704;69987.713;69987.713;70039.015;70039.015;70039.015;70039.015;70039.015;70039.015;70041.604;70041.604;70041.604;70042.391;70042.391;70042.391;70042.482;70042.482;70042.726;70042.726;70042.993;70042.993;70043.193;70044.130;70045.876;70045.876;70047.653;70047.653;70048.118;70049.049;70049.196;70050.202;70050.856;70051.801;70052.036;70052.384;70053.102;70053.102;70053.181;70053.592;70054.100;70054.138;70054.821;70054.821;70056.332;70056.332;70056.974;70056.974;70057.298;70057.298;70057.421;70057.421;70057.616;70057.616;70058.326;70058.326;70058.326;70058.394;70058.394;70058.417;70058.417;70058.447;70059.230;70059.230;70059.280;70059.280;70060.052;70060.052;70060.052;70060.061;70060.114;70060.114;70060.148;70060.148;70060.148;70060.152;70060.153;70060.155;70060.172;70060.172;70060.172;70060.173;70060.173;70060.174;70060.178;70060.178;70060.178;70060.178;70060.178;70060.179,6D,462.0
DE,2,1000,10,22,6030,random,6030,69285.6804450409,73153.78394684664,3868.1035018057446,False,375.5151113769714,2.6618107030008105,-304.570 265.839;-595.390 -167.436;295.716 -281.244;887.989 294.379;67.271 157.279;-335.936 -782.781;349.237 423.810;460.602 -830.962;-838.878 288.776;-654.877 616.122,nan;nan;nan;nan;nan;nan;nan;nan;nan;nan;nan;nan;nan;nan;nan;nan;nan;nan;nan;nan;nan;nan;nan;nan;nan;nan;nan;nan;nan;nan;nan;nan;nan;nan;nan;nan;nan;nan;nan;nan;nan;nan;nan;nan;nan;nan;nan;nan;nan;nan;nan;nan;nan;nan;nan;nan;nan;nan;nan;nan;nan;nan;nan;nan;nan;nan;nan;nan;nan;nan;nan;nan;nan;nan;nan;nan;nan;nan;nan;nan;nan;nan;nan;nan;nan;nan;nan;nan;nan;nan;nan;nan;nan;nan;nan;nan;nan;nan;nan;nan;nan;nan;nan;nan;nan;nan;nan;nan;nan;nan;nan;nan;nan;nan;nan;nan;nan;nan;nan;nan;nan;nan;nan;nan;nan;nan;nan;nan;nan;nan;nan;nan;nan;nan;nan;nan;nan;nan;nan;nan;nan;nan;nan;nan;nan;nan;nan;nan;nan;nan;nan;nan;nan;nan;nan;nan;nan;nan;nan;nan;nan;nan;nan;nan;nan;nan;nan;nan;nan;nan;nan;nan;nan;nan;nan;nan;nan;nan;nan;nan;nan;nan;nan;nan;nan;nan;nan;nan;nan;nan;nan;nan;nan;nan;nan;nan;nan;nan;nan;nan;nan,6D,462.0
PSOBV,2,1000,10,2,6030,random,6030,71822.26476181654,73153.78394684664,1331.5191850301053,True,412.9370651137843,1.9572050070000842,-31.851 999.393;510.554 -808.116;551.167 653.525;-691.249 623.235;-995.059 -4.070;-678.101 -386.890;-59.503 -991.860;719.156 276.303;637.626 -408.620;133.157 96.271,nan;nan;nan;nan;nan;nan;nan;nan;nan;nan;nan;nan;nan;nan;70238.866;70238.866;70238.866;70238.866;70238.866;70238.866;70238.866;70238.866;70238.866;70238.866;70238.866;70238.866;70611.644;70855.105;70855.105;70855.105;70855.105;70855.105;70855.105;70925.743;70925.743;70925.743;70925.743;70925.743;70925.743;70925.743;70925.743;70959.482;70959.482;70959.482;71126.924;71126.924;71126.924;71126.924;71126.924;71126.924;71126.924;71126.924;71126.924;71126.924;71126.924;71126.924;71218.762;71218.762;71218.762;71218.762;71218.762;71218.762;71218.762;71218.762;71320.657;71320.657;71320.657;71320.657;71320.657;71320.657;71370.380;71370.380;71370.380;71370.380;71440.779;71440.779;71440.779;71440.779;71440.779;71440.779;71440.779;71440.779;71440.779;71440.779;71440.779;71440.779;71440.779;71440.873;71441.096;71448.651;71448.651;71467.014;71467.014;71467.014;71484.053;71484.053;71484.053;71484.053;71484.053;71484.053;71484.474;71551.438;71551.438;71564.365;71564.365;71566.953;71566.953;71572.278;71585.968;71660.853;71672.832;71675.414;71682.475;71685.057;71686.109;71688.932;71692.589;71695.419;71698.169;71704.484;71704.484;71705.455;71707.900;71707.900;71708.849;71715.197;71715.197;71715.774;71715.774;71718.842;71721.453;71722.746;71723.706;71725.221;71727.775;71730.289;71730.289;71732.763;71735.198;71737.595;71737.595;71739.028;71740.319;71741.591;71743.345;71744.620;71745.876;71748.865;71748.865;71750.104;71750.770;71752.029;71753.721;71800.416;71801.628;71802.507;71802.507;71803.166;71804.100;71804.158;71804.753;71805.613;71806.260;71807.110;71807.110;71807.949;71808.592;71809.747;71809.747;71810.389;71811.216;71811.275;71811.853;71812.468;71812.918;71813.056;71815.660;71816.260;71816.838;71816.898;71817.395;71817.845;71818.375;71819.230;71819.230;71819.352;71819.797;71820.551;71820.935;71821.051;71821.115;71821.164;71821.164;71821.199;71821.199;71821.199;71821.766;71822.044;71822.265;71822.265;71822.265,5D,385.0
SSABV,2,1000,10,12,6030,random,6030,71059.12959744617,73153.78394684664,2094.6543494004727,True,403.47352533843946,2.00667148499997,-88.116 94.806;314.238 367.317;868.084 -484.325;854.142 519.720;-522.338 288.126;-884.972 465.009;-485.558 874.031;675.001 98.270;-877.501 -120.934;-216.372 -765.848,nan;nan;nan;nan;nan;nan;nan;nan;nan;nan;nan;nan;nan;nan;nan;nan;nan;nan;nan;nan;nan;nan;nan;nan;nan;nan;nan;nan;nan;nan;nan;nan;nan;nan;nan;nan;nan;nan;nan;nan;nan;nan;nan;nan;nan;69639.869;69639.869;69672.938;69672.938;69672.938;69672.938;69672.938;69837.051;69933.398;70002.172;70002.172;70002.172;70002.172;70015.346;70022.116;70226.789;70226.789;70226.789;70226.789;70226.789;70229.119;70229.119;70230.293;70232.659;70232.739;70232.739;70233.342;70234.133;70234.860;70235.434;70235.815;70236.114;70236.354;70236.524;70236.727;70236.852;70236.940;70236.983;70237.028;70237.066;70237.105;70237.142;70237.170;70237.192;70237.204;70237.215;70237.220;70237.226;70237.230;70237.232;70237.235;70237.236;70237.237;70237.238;70237.239;70237.239;70306.826;70402.129;70547.016;70550.240;70634.172;70651.201;70669.001;70735.008;70752.047;70752.047;70787.142;70815.376;70834.753;70834.753;70850.886;70962.718;70962.718;70964.661;70978.613;70978.613;70978.613;70981.628;70986.341;70986.341;70991.692;70995.654;71000.940;71000.940;71005.261;71008.692;71011.582;71011.582;71012.998;71014.377;71014.377;71014.377;71017.744;71019.032;71021.704;71021.981;71023.289;71024.462;71025.155;71025.539;71026.232;71026.919;71027.445;71027.593;71028.119;71028.561;71029.626;71029.626;71029.983;71030.229;71030.270;71034.437;71034.661;71034.929;71039.374;71039.374;71039.599;71041.146;71041.183;71043.349;71043.349;71044.397;71044.659;71044.926;71044.926;71046.341;71046.893;71047.108;71047.658;71049.150;71051.224;71051.224;71051.559;71052.322;71052.650;71052.841;71053.173;71053.504;71053.504;71053.635;71053.760;71054.276;71054.281;71054.406;71054.526;71054.526;71054.693;71055.551;71056.411;71056.578;71057.339;71057.438;71057.731;71058.096;71058.389;71059.130,5D,385.0
RSDVNS,2,1000,10,22,6030,random,6030,71633.36717572312,73153.78394684664,1520.4167711235204,True,440.7385651150981,2.18308139400051,701.196 -347.449;-703.636 686.151;94.949 416.280;-850.662 -524.776;12.004 -532.441;-422.175 -752.842;316.559 -947.092;-774.726 -90.629;320.025 942.846;420.508 70.467,nan;nan;nan;nan;nan;nan;nan;nan;nan;nan;nan;nan;nan;nan;nan;nan;nan;nan;nan;nan;nan;nan;nan;nan;nan;nan;nan;nan;nan;nan;nan;nan;nan;nan;nan;nan;nan;nan;nan;nan;nan;nan;nan;nan;nan;nan;nan;nan;nan;nan;nan;nan;nan;nan;nan;nan;nan;nan;nan;nan;nan;nan;nan;nan;nan;nan;nan;70276.730;70276.730;70276.730;70276.730;70276.730;70276.730;70276.730;70276.730;70276.730;70276.730;70276.730;70276.730;70276.730;70276.730;70276.730;70276.730;70276.730;70276.730;70276.730;70276.730;70276.730;70276.730;70276.730;70276.730;70276.730;70276.730;70276.730;70276.730;70276.730;70276.730;70276.730;70276.730;70276.730;70402.960;70570.419;70570.419;70696.678;70742.569;70851.407;70897.223;71038.058;71074.715;71074.715;71080.177;71122.030;71179.384;71179.384;71183.253;71183.253;71196.324;71234.622;71234.622;71239.578;71366.755;71370.231;71379.036;71384.002;71384.002;71384.266;71384.266;71391.586;71393.973;71394.466;71513.088;71515.475;71517.237;71517.237;71518.798;71522.715;71522.715;71526.477;71527.754;71529.292;71529.301;71531.295;71532.540;71534.056;71534.056;71536.002;71537.217;71538.710;71538.710;71539.895;71541.367;71541.367;71544.748;71544.748;71545.875;71547.303;71549.450;71549.450;71550.550;71550.550;71562.834;71563.878;71567.688;71574.943;71576.684;71578.673;71585.711;71587.453;71589.095;71590.876;71592.469;71593.875;71594.764;71594.877;71598.475;71599.981;71603.506;71603.506;71604.918;71605.820;71612.578;71612.578;71612.709;71613.511;71616.664;71617.317;71617.392;71618.844;71621.891;71621.891;71621.973;71622.642;71622.642;71625.665;71625.665;71626.709;71628.369;71628.864;71631.293;71632.336;71633.367,5D,385.0
PSOC,2,1000,10,2,6030,random,6030,71665.2509887769,73153.78394684664,1488.5329580697435,True,385.9451879258464,2.0572283720002815,49.859 997.392;400.940 -829.026;510.684 600.395;-652.757 598.123;-975.489 -20.253;-664.924 -366.951;-64.491 -980.200;668.955 248.395;634.253 -399.918;139.107 95.537,nan;nan;nan;nan;nan;nan;nan;nan;nan;nan;nan;nan;nan;nan;70238.866;70238.866;70238.866;70238.866;70238.866;70238.866;70238.866;70238.866;70238.866;70238.866;70238.866;70238.866;70611.644;70855.105;70855.105;70855.105;70855.105;70855.105;70855.105;70925.743;70925.743;70925.743;70925.743;70925.743;70925.743;70925.743;70925.743;70959.482;70959.482;70959.482;71126.924;71126.924;71126.924;71126.924;71126.924;71126.924;71126.924;71126.924;71126.924;71126.924;71126.924;71126.924;71218.762;71218.762;71218.762;71218.762;71218.762;71218.762;71218.762;71218.762;71320.657;71320.657;71320.657;71320.657;71320.657;71320.657;71370.380;71370.380;71370.380;71370.380;71440.779;71440.779;71440.779;71440.779;71440.779;71440.779;71440.779;71440.779;71440.779;71440.779;71440.779;71440.779;71440.779;71440.873;71441.096;71448.651;71448.651;71467.014;71467.014;71467.014;71484.053;71484.053;71484.053;71484.053;71484.053;71484.053;71484.474;71484.474;71484.474;71484.727;71484.727;71484.727;71484.727;71484.727;71484.727;71484.727;71503.296;71503.296;71503.296;71503.296;71503.296;71503.296;71503.296;71503.296;71503.296;71503.296;71503.296;71504.623;71504.623;71504.623;71504.623;71504.623;71504.623;71504.623;71504.623;71504.623;71505.532;71505.532;71505.966;71506.468;71506.468;71506.468;71506.468;71506.468;71506.468;71506.468;71530.098;71603.276;71603.276;71603.802;71603.802;71603.802;71603.802;71603.802;71603.802;71603.802;71606.636;71606.636;71616.859;71616.859;71616.859;71616.859;71616.859;71616.859;71616.859;71616.859;71616.859;71616.859;71626.012;71644.489;71644.489;71644.489;71645.460;71645.460;71645.460;71645.460;71645.460;71645.460;71645.460;71645.460;71645.460;71645.473;71645.832;71647.643;71647.643;71647.643;71647.643;71648.973;71649.744;71650.913;71651.763;71663.733;71663.763;71663.763;71664.664;71664.664;71664.992;71664.992;71664.992;71664.992;71664.992;71664.992;71664.992;71665.251;71665.251;71665.251;71665.251,5D,385.0
SSA,2,1000,10,12,6030,random,6030,70959.2683323485,73153.78394684664,2194.5156144981447,True,391.57978697665783,2.2516836349996083,-357.494 633.025;-6.196 806.013;959.856 -154.046;-942.687 -254.676;-818.940 126.735;-741.898 -658.307;-313.064 -891.861;793.868 375.728;178.823 -420.708;-801.053 596.963,nan;nan;nan;nan;nan;nan;nan;nan;nan;nan;nan;nan;nan;nan;nan;nan;nan;nan;nan;nan;nan;nan;nan;nan;nan;nan;nan;nan;nan;nan;nan;nan;nan;nan;nan;nan;nan;nan;nan;nan;nan;nan;nan;nan;nan;nan;nan;nan;nan;nan;nan;nan;nan;nan;nan;nan;nan;nan;nan;nan;nan;nan;nan;nan;nan;nan;nan;nan;nan;nan;nan;nan;nan;nan;nan;nan;nan;nan;nan;nan;nan;nan;nan;nan;nan;nan;nan;nan;70601.717;70601.717;70601.717;70601.717;70601.717;70601.717;70601.717;70601.717;70601.717;70601.717;70601.717;70601.717;70601.717;70601.717;70601.717;70665.703;70665.703;70665.703;70665.703;70665.703;70665.703;70676.488;70772.127;70826.679;70826.679;70827.964;70843.565;70907.473;70907.473;70913.147;70913.147;70917.418;70927.147;70927.147;70927.147;70927.147;70927.147;70927.147;70928.180;70931.152;70933.979;70936.513;70939.041;70939.041;70942.595;70942.595;70943.359;70944.210;70946.438;70947.677;70949.124;70949.994;70951.188;70952.001;70952.992;70953.975;70954.737;70955.178;70955.577;70955.904;70956.391;70956.738;70956.987;70957.260;70957.554;70957.802;70957.886;70958.039;70958.136;70958.329;70958.379;70958.502;70958.600;70958.690;70958.771;70958.834;70958.841;70958.888;70958.939;70958.983;70959.022;70959.065;70959.103;70959.113;70959.139;70959.156;70959.173;70959.184;70959.193;70959.202;70959.213;70959.220;70959.226;70959.233;70959.237;70959.240;70959.244;70959.247;70959.251;70959.253;70959.256;70959.259;70959.261;70959.262;70959.264;70959.265;70959.266;70959.267;70959.267;70959.268;70959.268;70959.268;70959.268,5D,385.0
LXSSA,2,1000,10,22,6030,random,6030,71333.73304195722,73153.78394684664,1820.0509048894164,True,418.0600985151378,2.7252948949999336,460.949 876.203;582.951 284.396;492.811 -870.132;237.481 -185.696;-287.387 876.942;-670.626 -456.043;586.409 -462.684;4.545 -670.842;176.036 569.713;-459.258 147.857,nan;nan;nan;nan;nan;nan;nan;nan;nan;nan;nan;nan;nan;nan;nan;nan;nan;nan;nan;nan;nan;nan;nan;nan;nan;nan;nan;nan;nan;nan;nan;nan;nan;nan;nan;nan;nan;nan;nan;nan;nan;nan;nan;nan;nan;nan;nan;nan;nan;nan;nan;nan;nan;nan;nan;nan;nan;nan;nan;nan;nan;70339.852;70339.852;70339.852;70339.852;70341.388;70341.388;70341.388;70341.388;70341.388;70341.388;70341.388;70341.388;70342.258;70342.258;70618.586;70618.586;70618.586;70618.586;70618.586;70618.586;70618.586;70618.586;70654.561;70654.561;70916.892;70916.892;70916.892;70916.892;70990.066;70990.066;70990.066;70990.066;70990.571;70990.571;71125.112;71125.112;71125.112;71125.112;71270.607;71270.607;71274.136;71274.136;71274.136;71274.136;71274.136;71274.136;71274.847;71274.847;71275.995;71275.995;71276.021;71276.021;71276.540;71276.540;71278.147;71281.760;71281.760;71281.760;71286.168;71287.433;71287.433;71292.879;71292.879;71295.279;71298.387;71305.543;71305.715;71307.987;71308.085;71311.615;71315.376;71315.376;71315.376;71316.696;71317.172;71318.820;71322.792;71322.792;71324.296;71324.296;71326.080;71326.080;71327.524;71327.524;71327.524;71328.000;71329.438;71329.438;71329.952;71329.952;71329.952;71330.201;71332.205;71332.205;71332.205;71332.283;71332.291;71332.393;71332.502;71332.502;71332.653;71332.653;71332.653;71332.704;71332.875;71332.875;71333.068;71333.068;71333.068;71333.087;71333.095;71333.099;71333.132;71333.132;71333.144;71333.147;71333.307;71333.307;71333.443;71333.443;71333.546;71333.546;71333.546;71333.550;71333.602;71333.602;71333.675;71333.675;71333.675;71333.677;71333.692;71333.692;71333.720;71333.720;71333.720;71333.720;71333.728;71333.728;71333.733;71333.733,5D,385.0
SLSQP,1,500,10,2,6030,random,6030,113948.68041362557,140457.3736973483,26508.69328372272,False,83.21230667244556,5.037609178999446,5.246 -434.713;-71.878 -403.469;-372.840 96.745;-273.988 -393.054;-279.694 -150.174;-32.213 -298.257;140.407 -16.930;5.237 -113.107;293.637 80.004;-337.701 200.752,nan;nan;nan;nan;nan;nan;nan;nan;nan;nan;nan;nan;nan;nan;nan;nan;nan;nan;nan;nan;nan;nan;nan;nan;nan;nan;nan;nan;nan;nan;nan;nan;nan;nan;nan;nan;nan;nan;nan;nan;nan;nan;nan;nan;nan;nan;nan;nan;nan;nan;nan;nan;nan;nan;nan;nan;nan;nan;nan;nan;nan;nan;nan;nan;nan;nan;nan;nan;nan;nan;nan;nan;nan;nan;nan;nan;nan;nan;nan;nan;nan;nan;nan;nan;nan;nan;nan;nan;nan;nan;nan;nan;nan;nan;nan;nan;nan;nan;nan;nan;nan;nan;nan;nan;nan;nan;nan;nan;nan;nan;nan;nan;nan;nan;nan;nan;nan;nan;nan;nan;nan;nan;nan;nan;nan;nan;nan;nan;nan;nan;nan;nan;nan;nan;nan;nan;nan;nan;nan;nan;nan;nan;nan;nan;nan;nan;nan;nan;nan;nan;nan;nan;nan;nan;nan;nan;nan;nan;nan;nan;nan;nan;nan;nan;nan;nan;nan;nan;nan;nan;nan;nan;nan;nan;nan;nan;nan;nan;nan;nan;nan;nan;nan;nan;nan;nan;nan;nan;nan;nan;nan;nan;nan;nan;nan;nan;nan;nan;nan;nan;nan,6D,462.0
PSOBV,1,500,10,12,6030,random,6030,132737.19766712387,140457.3736973483,7720.176030224422,False,302.9738136097342,3.31058886000028,132.177 -87.557;-498.647 -36.435;-367.440 338.603;131.268 -482.445;-128.568 66.732;-287.335 -409.062;461.672 -191.674;465.447 182.046;-61.582 496.106;258.833 427.768,nan;nan;nan;nan;nan;nan;nan;nan;nan;nan;nan;nan;nan;nan;nan;nan;nan;nan;nan;nan;nan;nan;nan;nan;nan;nan;nan;nan;nan;nan;nan;nan;nan;nan;nan;nan;nan;nan;nan;nan;nan;nan;nan;nan;nan;nan;nan;nan;nan;nan;nan;nan;nan;nan;nan;nan;nan;nan;nan;nan;nan;nan;nan;nan;nan;nan;nan;nan;nan;nan;nan;nan;nan;nan;nan;nan;nan;nan;nan;nan;nan;nan;nan;nan;nan;nan;nan;nan;nan;nan;nan;nan;nan;nan;nan;nan;nan;nan;nan;nan;nan;nan;nan;nan;nan;nan;nan;nan;nan;nan;nan;nan;nan;nan;nan;nan;nan;nan;nan;nan;nan;nan;nan;nan;nan;nan;nan;nan;nan;nan;nan;nan;nan;nan;nan;nan;nan;nan;nan;nan;nan;nan;nan;nan;nan;nan;nan;nan;nan;nan;nan;nan;nan;nan;nan;nan;nan;nan;nan;nan;nan;nan;nan;nan;nan;nan;nan;nan;nan;nan;nan;nan;nan;nan;nan;nan;nan;nan;nan;nan;nan;nan;nan;nan;nan;nan;nan;nan;nan;nan;nan;nan;nan;nan;nan;nan;nan;nan;nan;nan;nan,6D,462.0
SSABV,1,500,10,22,6030,random,6030,133193.7854376882,140457.3736973483,7263.588259660086,False,309.2098758301633,2.2609482160005427,-372.153 -333.465;-379.079 325.862;478.040 144.722;-500.000 -1.485;-75.737 104.311;2.156 -500.000;115.202 -138.903;432.865 -250.256;239.375 438.888;-87.458 492.285,nan;nan;nan;nan;nan;nan;nan;nan;nan;nan;nan;nan;nan;nan;nan;nan;nan;nan;nan;nan;nan;nan;nan;nan;nan;nan;nan;nan;nan;nan;nan;nan;nan;nan;nan;nan;nan;nan;nan;nan;nan;nan;nan;nan;nan;nan;nan;nan;nan;nan;nan;nan;nan;nan;nan;nan;nan;nan;nan;nan;nan;nan;nan;nan;nan;nan;nan;nan;nan;nan;nan;nan;nan;nan;nan;nan;nan;nan;nan;nan;nan;nan;nan;nan;nan;nan;nan;nan;nan;nan;nan;nan;nan;nan;nan;nan;nan;nan;nan;nan;nan;nan;nan;nan;nan;nan;nan;nan;nan;nan;nan;nan;nan;nan;nan;nan;nan;nan;nan;nan;nan;nan;nan;nan;nan;nan;nan;nan;nan;nan;nan;nan;nan;nan;nan;nan;nan;nan;nan;nan;nan;nan;nan;nan;nan;nan;nan;nan;nan;nan;nan;nan;nan;nan;nan;nan;nan;nan;nan;nan;nan;nan;nan;nan;nan;nan;nan;nan;nan;nan;nan;nan;nan;nan;nan;nan;nan;nan;nan;nan;nan;nan;nan;nan;nan;nan;nan;nan;nan;nan;nan;nan;nan;nan;nan;nan;nan;nan;nan;nan;nan,6D,462.0
BVNS,1,500,10,2,6030,random,6030,133528.4272626523,140457.3736973483,6928.946434696001,False,214.09864523387276,2.206865359999938,122.434 -484.713;-115.628 -486.282;-472.840 162.370;-308.363 -393.054;-474.225 -157.205;433.412 -249.038;199.782 458.070;-19.763 11.893;471.762 165.160;-212.701 452.315,nan;nan;nan;nan;nan;nan;nan;nan;nan;nan;nan;nan;nan;nan;nan;nan;nan;nan;nan;nan;nan;nan;nan;nan;nan;nan;nan;nan;nan;nan;nan;nan;nan;nan;nan;nan;nan;nan;nan;nan;nan;nan;nan;nan;nan;nan;nan;nan;nan;nan;nan;nan;nan;nan;nan;nan;nan;nan;nan;nan;nan;nan;nan;nan;nan;nan;nan;nan;nan;nan;nan;nan;nan;nan;nan;nan;nan;nan;nan;nan;nan;nan;nan;nan;nan;nan;nan;nan;nan;nan;nan;nan;nan;nan;nan;nan;nan;nan;nan;nan;nan;nan;nan;nan;nan;nan;nan;nan;nan;nan;nan;nan;nan;nan;nan;nan;nan;nan;nan;nan;nan;nan;nan;nan;nan;nan;nan;nan;nan;nan;nan;nan;nan;nan;nan;nan;nan;nan;nan;nan;nan;nan;nan;nan;nan;nan;nan;nan;nan;nan;nan;nan;nan;nan;nan;nan;nan;nan;nan;nan;nan;nan;nan;nan;nan;nan;nan;nan;nan;nan;nan;nan;nan;nan;nan;nan;nan;nan;nan;nan;nan;nan;nan;nan;nan;nan;nan;nan;nan;nan;nan;nan;nan;nan;nan;nan;nan;nan;nan;nan;nan,6D,462.0
PSOC,1,500,10,12,6030,random,6030,135647.49836386144,140457.3736973483,4809.8753334868525,False,296.5685710271196,2.200206974000139,132.212 -72.854;-497.552 -48.468;-376.706 327.514;112.348 -486.266;-122.923 78.338;-293.230 -403.095;449.218 -219.176;472.945 158.136;-61.174 496.241;277.446 412.185,nan;nan;nan;nan;nan;nan;nan;nan;nan;nan;nan;nan;nan;nan;nan;nan;nan;nan;nan;nan;nan;nan;nan;nan;nan;nan;nan;nan;nan;nan;nan;nan;nan;nan;nan;nan;nan;nan;nan;nan;nan;nan;nan;nan;nan;nan;nan;nan;nan;nan;nan;nan;nan;nan;nan;nan;nan;nan;nan;nan;nan;nan;nan;nan;nan;nan;nan;nan;nan;nan;nan;nan;nan;nan;nan;nan;nan;nan;nan;nan;nan;nan;nan;nan;nan;nan;nan;nan;nan;nan;nan;nan;nan;nan;nan;nan;nan;nan;nan;nan;nan;nan;nan;nan;nan;nan;nan;nan;nan;nan;nan;nan;nan;nan;nan;nan;nan;nan;nan;nan;nan;nan;nan;nan;nan;nan;nan;nan;nan;nan;nan;nan;nan;nan;nan;nan;nan;nan;nan;nan;nan;nan;nan;nan;nan;nan;nan;nan;nan;nan;nan;nan;nan;nan;nan;nan;nan;nan;nan;nan;nan;nan;nan;nan;nan;nan;nan;nan;nan;nan;nan;nan;nan;nan;nan;nan;nan;nan;nan;nan;nan;nan;nan;nan;nan;nan;nan;nan;nan;nan;nan;nan;nan;nan;nan;nan;nan;nan;nan;nan;nan,6D,462.0
SSA,1,500,10,22,6030,random,6030,132549.64767349395,140457.3736973483,7907.726023854339,False,281.92108801399917,2.341077979000147,85.963 128.773;464.908 103.581;-177.537 28.539;413.706 -232.573;314.426 388.762;-443.846 -230.218;-202.382 -446.535;-17.621 499.690;156.576 -473.136;-362.002 343.570,nan;nan;nan;nan;nan;nan;nan;nan;nan;nan;nan;nan;nan;nan;nan;nan;nan;nan;nan;nan;nan;nan;nan;nan;nan;nan;nan;nan;nan;nan;nan;nan;nan;nan;nan;nan;nan;nan;nan;nan;nan;nan;nan;nan;nan;nan;nan;nan;nan;nan;nan;nan;nan;nan;nan;nan;nan;nan;nan;nan;nan;nan;nan;nan;nan;nan;nan;nan;nan;nan;nan;nan;nan;nan;nan;nan;nan;nan;nan;nan;nan;nan;nan;nan;nan;nan;nan;nan;nan;nan;nan;nan;nan;nan;nan;nan;nan;nan;nan;nan;nan;nan;nan;nan;nan;nan;nan;nan;nan;nan;nan;nan;nan;nan;nan;nan;nan;nan;nan;nan;nan;nan;nan;nan;nan;nan;nan;nan;nan;nan;nan;nan;nan;nan;nan;nan;nan;nan;nan;nan;nan;nan;nan;nan;nan;nan;nan;nan;nan;nan;nan;nan;nan;nan;nan;nan;nan;nan;nan;nan;nan;nan;nan;nan;nan;nan;nan;nan;nan;nan;nan;nan;nan;nan;nan;nan;nan;nan;nan;nan;nan;nan;nan;nan;nan;nan;nan;nan;nan;nan;nan;nan;nan;nan;nan;nan;nan;nan;nan;nan;nan,6D,462.0
DE,1,500,10,2,6030,random,6030,131934.30929799486,140457.3736973483,8523.064399353432,False,161.0008001146823,3.727738648000013,28.095 -279.620;-338.603 -309.302;163.521 86.469;-3.322 387.205;375.569 -249.844;-492.750 67.319;-274.094 -68.216;-146.636 185.874;-206.955 335.149;311.714 353.116,nan;nan;nan;nan;nan;nan;nan;nan;nan;nan;nan;nan;nan;nan;nan;nan;nan;nan;nan;nan;nan;nan;nan;nan;nan;nan;nan;nan;nan;nan;nan;nan;nan;nan;nan;nan;nan;nan;nan;nan;nan;nan;nan;nan;nan;nan;nan;nan;nan;nan;nan;nan;nan;nan;nan;nan;nan;nan;nan;nan;nan;nan;nan;nan;nan;nan;nan;nan;nan;nan;nan;nan;nan;nan;nan;nan;nan;nan;nan;nan;nan;nan;nan;nan;nan;nan;nan;nan;nan;nan;nan;nan;nan;nan;nan;nan;nan;nan;nan;nan;nan;nan;nan;nan;nan;nan;nan;nan;nan;nan;nan;nan;nan;nan;nan;nan;nan;nan;nan;nan;nan;nan;nan;nan;nan;nan;nan;nan;nan;nan;nan;nan;nan;nan;nan;nan;nan;nan;nan;nan;nan;nan;nan;nan;nan;nan;nan;nan;nan;nan;nan;nan;nan;nan;nan;nan;nan;nan;nan;nan;nan;nan;nan;nan;nan;nan;nan;nan;nan;nan;nan;nan;nan;nan;nan;nan;nan;nan;nan;nan;nan;nan;nan;nan;nan;nan;nan;nan;nan;nan;nan;nan;nan;nan;nan;nan;nan;nan;nan;nan;nan,6D,462.0
SLSQP,1,500,10,12,6030,random,6030,118770.71150959686,140457.3736973483,21686.662187751426,False,79.0754348200883,5.371592784000313,78.791 479.024;397.015 -38.017;95.064 -203.497;-80.516 -452.837;225.915 -156.784;-60.962 -102.185;362.448 -222.386;111.392 -280.868;-193.585 234.408;23.856 -81.004,nan;nan;nan;nan;nan;nan;nan;nan;nan;nan;nan;nan;nan;nan;nan;nan;nan;nan;nan;nan;nan;nan;nan;nan;nan;nan;nan;nan;nan;nan;nan;nan;nan;nan;nan;nan;nan;nan;nan;nan;nan;nan;nan;nan;nan;nan;nan;nan;nan;nan;nan;nan;nan;nan;nan;nan;nan;nan;nan;nan;nan;nan;nan;nan;nan;nan;nan;nan;nan;nan;nan;nan;nan;nan;nan;nan;nan;nan;nan;nan;nan;nan;nan;nan;nan;nan;nan;nan;nan;nan;nan;nan;nan;nan;nan;nan;nan;nan;nan;nan;nan;nan;nan;nan;nan;nan;nan;nan;nan;nan;nan;nan;nan;nan;nan;nan;nan;nan;nan;nan;nan;nan;nan;nan;nan;nan;nan;nan;nan;nan;nan;nan;nan;nan;nan;nan;nan;nan;nan;nan;nan;nan;nan;nan;nan;nan;nan;nan;nan;nan;nan;nan;nan;nan;nan;nan;nan;nan;nan;nan;nan;nan;nan;nan;nan;nan;nan;nan;nan;nan;nan;nan;nan;nan;nan;nan;nan;nan;nan;nan;nan;nan;nan;nan;nan;nan;nan;nan;nan;nan;nan;nan;nan;nan;nan;nan;nan;nan;nan;nan;nan,5D,385.0
PSOBV,1,500,10,22,6030,random,6030,131740.03726480433,140457.3736973483,8717.336432543962,False,332.8553934877009,3.0724329009999565,-356.704 -347.496;-214.364 165.214;239.681 438.214;-120.509 484.563;-54.882 -160.014;-0.433 -500.000;154.325 109.188;499.260 27.061;329.122 -314.469;-496.877 -19.673,nan;nan;nan;nan;nan;nan;nan;nan;nan;nan;nan;nan;nan;nan;nan;nan;nan;nan;nan;nan;nan;nan;nan;nan;nan;nan;nan;nan;nan;nan;nan;nan;nan;nan;nan;nan;nan;nan;nan;nan;nan;nan;nan;nan;nan;nan;nan;nan;nan;nan;nan;nan;nan;nan;nan;nan;nan;nan;nan;nan;nan;nan;nan;nan;nan;nan;nan;nan;nan;nan;nan;nan;nan;nan;nan;nan;nan;nan;nan;nan;nan;nan;nan;nan;nan;nan;nan;nan;nan;nan;nan;nan;nan;nan;nan;nan;nan;nan;nan;nan;nan;nan;nan;nan;nan;nan;nan;nan;nan;nan;nan;nan;nan;nan;nan;nan;nan;nan;nan;nan;nan;nan;nan;nan;nan;nan;nan;nan;nan;nan;nan;nan;nan;nan;nan;nan;nan;nan;nan;nan;nan;nan;nan;nan;nan;nan;nan;nan;nan;nan;nan;nan;nan;nan;nan;nan;nan;nan;nan;nan;nan;nan;nan;nan;nan;nan;nan;nan;nan;nan;nan;nan;nan;nan;nan;nan;nan;nan;nan;nan;nan;nan;nan;nan;nan;nan;nan;nan;nan;nan;nan;nan;nan;nan;nan;nan;nan;nan;nan;nan;nan,5D,385.0
RSDVNS,1,500,10,2,6030,random,6030,134538.79093316823,140457.3736973483,5918.582764180057,False,320.5333844185792,2.3838558700008434,308.084 392.059;-381.376 320.553;493.467 23.163;364.461 -341.185;-220.962 25.234;55.660 -196.752;-442.225 -232.475;-118.299 -485.564;-53.434 496.555;105.354 143.780,nan;nan;nan;nan;nan;nan;nan;nan;nan;nan;nan;nan;nan;nan;nan;nan;nan;nan;nan;nan;nan;nan;nan;nan;nan;nan;nan;nan;nan;nan;nan;nan;nan;nan;nan;nan;nan;nan;nan;nan;nan;nan;nan;nan;nan;nan;nan;nan;nan;nan;nan;nan;nan;nan;nan;nan;nan;nan;nan;nan;nan;nan;nan;nan;nan;nan;nan;nan;nan;nan;nan;nan;nan;nan;nan;nan;nan;nan;nan;nan;nan;nan;nan;nan;nan;nan;nan;nan;nan;nan;nan;nan;nan;nan;nan;nan;nan;nan;nan;nan;nan;nan;nan;nan;nan;nan;nan;nan;nan;nan;nan;nan;nan;nan;nan;nan;nan;nan;nan;nan;nan;nan;nan;nan;nan;nan;nan;nan;nan;nan;nan;nan;nan;nan;nan;nan;nan;nan;nan;nan;nan;nan;nan;nan;nan;nan;nan;nan;nan;nan;nan;nan;nan;nan;nan;nan;nan;nan;nan;nan;nan;nan;nan;nan;nan;nan;nan;nan;nan;nan;nan;nan;nan;nan;nan;nan;nan;nan;nan;nan;nan;nan;nan;nan;nan;nan;nan;nan;nan;nan;nan;nan;nan;nan;nan;nan;nan;nan;nan;nan;nan,5D,385.0
BVNS,1,500,10,12,6030,random,6030,133312.4145199073,140457.3736973483,7144.959177440993,False,333.8772090417781,2.151693970999986,142.854 479.024;447.015 223.702;-143.217 -120.684;-211.766 -452.837;186.071 -11.471;-492.993 -79.528;437.448 -241.917;136.392 -480.868;-406.085 291.439;-77.706 228.371,nan;nan;nan;nan;nan;nan;nan;nan;nan;nan;nan;nan;nan;nan;nan;nan;nan;nan;nan;nan;nan;nan;nan;nan;nan;nan;nan;nan;nan;nan;nan;nan;nan;nan;nan;nan;nan;nan;nan;nan;nan;nan;nan;nan;nan;nan;nan;nan;nan;nan;nan;nan;nan;nan;nan;nan;nan;nan;nan;nan;nan;nan;nan;nan;nan;nan;nan;nan;nan;nan;nan;nan;nan;nan;nan;nan;nan;nan;nan;nan;nan;nan;nan;nan;nan;nan;nan;nan;nan;nan;nan;nan;nan;nan;nan;nan;nan;nan;nan;nan;nan;nan;nan;nan;nan;nan;nan;nan;nan;nan;nan;nan;nan;nan;nan;nan;nan;nan;nan;nan;nan;nan;nan;nan;nan;nan;nan;nan;nan;nan;nan;nan;nan;nan;nan;nan;nan;nan;nan;nan;nan;nan;nan;nan;nan;nan;nan;nan;nan;nan;nan;nan;nan;nan;nan;nan;nan;nan;nan;nan;nan;nan;nan;nan;nan;nan;nan;nan;nan;nan;nan;nan;nan;nan;nan;nan;nan;nan;nan;nan;nan;nan;nan;nan;nan;nan;nan;nan;nan;nan;nan;nan;nan;nan;nan;nan;nan;nan;nan;nan;nan,5D,385.0
PSOC,1,500,10,22,6030,random,6030,134416.3201537389,140457.3736973483,6041.053543609392,False,329.6149464639206,2.3518165730001783,-339.644 -366.053;-271.866 188.943;243.237 436.399;-111.247 486.349;-83.344 -135.767;5.686 -499.898;100.467 137.961;483.146 63.072;384.848 -318.447;-496.991 -51.816,nan;nan;nan;nan;nan;nan;nan;nan;nan;nan;nan;nan;nan;nan;nan;nan;nan;nan;nan;nan;nan;nan;nan;nan;nan;nan;nan;nan;nan;nan;nan;nan;nan;nan;nan;nan;nan;nan;nan;nan;nan;nan;nan;nan;nan;nan;nan;nan;nan;nan;nan;nan;nan;nan;nan;nan;nan;nan;nan;nan;nan;nan;nan;nan;nan;nan;nan;nan;nan;nan;nan;nan;nan;nan;nan;nan;nan;nan;nan;nan;nan;nan;nan;nan;nan;nan;nan;nan;nan;nan;nan;nan;nan;nan;nan;nan;nan;nan;nan;nan;nan;nan;nan;nan;nan;nan;nan;nan;nan;nan;nan;nan;nan;nan;nan;nan;nan;nan;nan;nan;nan;nan;nan;nan;nan;nan;nan;nan;nan;nan;nan;nan;nan;nan;nan;nan;nan;nan;nan;nan;nan;nan;nan;nan;nan;nan;nan;nan;nan;nan;nan;nan;nan;nan;nan;nan;nan;nan;nan;nan;nan;nan;nan;nan;nan;nan;nan;nan;nan;nan;nan;nan;nan;nan;nan;nan;nan;nan;nan;nan;nan;nan;nan;nan;nan;nan;nan;nan;nan;nan;nan;nan;nan;nan;nan;nan;nan;nan;nan;nan;nan,5D,385.0
LXSSA,1,500,10,2,6030,random,6030,129260.27604071921,140457.3736973483,11197.097656629077,False,282.8149475529538,2.320872744000553,384.174 319.703;21.505 422.700;-348.693 -219.183;-311.839 104.736;-60.239 -496.238;221.864 -366.027;227.228 45.263;-21.294 -135.643;471.583 -166.176;-306.884 387.508,nan;nan;nan;nan;nan;nan;nan;nan;nan;nan;nan;nan;nan;nan;nan;nan;nan;nan;nan;nan;nan;nan;nan;nan;nan;nan;nan;nan;nan;nan;nan;nan;nan;nan;nan;nan;nan;nan;nan;nan;nan;nan;nan;nan;nan;nan;nan;nan;nan;nan;nan;nan;nan;nan;nan;nan;nan;nan;nan;nan;nan;nan;nan;nan;nan;nan;nan;nan;nan;nan;nan;nan;nan;nan;nan;nan;nan;nan;nan;nan;nan;nan;nan;nan;nan;nan;nan;nan;nan;nan;nan;nan;nan;nan;nan;nan;nan;nan;nan;nan;nan;nan;nan;nan;nan;nan;nan;nan;nan;nan;nan;nan;nan;nan;nan;nan;nan;nan;nan;nan;nan;nan;nan;nan;nan;nan;nan;nan;nan;nan;nan;nan;nan;nan;nan;nan;nan;nan;nan;nan;nan;nan;nan;nan;nan;nan;nan;nan;nan;nan;nan;nan;nan;nan;nan;nan;nan;nan;nan;nan;nan;nan;nan;nan;nan;nan;nan;nan;nan;nan;nan;nan;nan;nan;nan;nan;nan;nan;nan;nan;nan;nan;nan;nan;nan;nan;nan;nan;nan;nan;nan;nan;nan;nan;nan;nan;nan;nan;nan;nan;nan,5D,385.0
DE,1,500,10,12,6030,random,6030,126783.95289776108,140457.3736973483,13673.420799587213,False,169.8621489552811,3.2257248369996887,-75.361 218.664;-61.732 -238.196;-322.772 -180.076;148.979 430.156;192.783 -422.344;262.095 303.436;417.832 65.927;-21.855 -69.541;-329.992 209.503;336.768 -169.488,nan;nan;nan;nan;nan;nan;nan;nan;nan;nan;nan;nan;nan;nan;nan;nan;nan;nan;nan;nan;nan;nan;nan;nan;nan;nan;nan;nan;nan;nan;nan;nan;nan;nan;nan;nan;nan;nan;nan;nan;nan;nan;nan;nan;nan;nan;nan;nan;nan;nan;nan;nan;nan;nan;nan;nan;nan;nan;nan;nan;nan;nan;nan;nan;nan;nan;nan;nan;nan;nan;nan;nan;nan;nan;nan;nan;nan;nan;nan;nan;nan;nan;nan;nan;nan;nan;nan;nan;nan;nan;nan;nan;nan;nan;nan;nan;nan;nan;nan;nan;nan;nan;nan;nan;nan;nan;nan;nan;nan;nan;nan;nan;nan;nan;nan;nan;nan;nan;nan;nan;nan;nan;nan;nan;nan;nan;nan;nan;nan;nan;nan;nan;nan;nan;nan;nan;nan;nan;nan;nan;nan;nan;nan;nan;nan;nan;nan;nan;nan;nan;nan;nan;nan;nan;nan;nan;nan;nan;nan;nan;nan;nan;nan;nan;nan;nan;nan;nan;nan;nan;nan;nan;nan;nan;nan;nan;nan;nan;nan;nan;nan;nan;nan;nan;nan;nan;nan;nan;nan;nan;nan;nan;nan;nan;nan;nan;nan;nan;nan;nan;nan,5D,385.0
SLSQP,2,500,10,22,6030,random,6030,56813.61790045965,73153.78394684664,16340.166046386992,False,86.13725993359952,5.45452319099968,-366.043 138.562;-465.867 9.098;324.902 -64.091;-30.895 417.891;223.641 59.130;-425.738 243.840;-158.864 357.447;115.582 -60.415;122.500 -367.277;-114.352 439.210,nan;nan;nan;nan;nan;nan;nan;nan;nan;nan;nan;nan;nan;nan;nan;nan;nan;nan;nan;nan;nan;nan;nan;nan;nan;nan;nan;nan;nan;nan;nan;nan;nan;nan;nan;nan;nan;nan;nan;nan;nan;nan;nan;nan;nan;nan;nan;nan;nan;nan;nan;nan;nan;nan;nan;nan;nan;nan;nan;nan;nan;nan;nan;nan;nan;nan;nan;nan;nan;nan;nan;nan;nan;nan;nan;nan;nan;nan;nan;nan;nan;nan;nan;nan;nan;nan;nan;nan;nan;nan;nan;nan;nan;nan;nan;nan;nan;nan;nan;nan;nan;nan;nan;nan;nan;nan;nan;nan;nan;nan;nan;nan;nan;nan;nan;nan;nan;nan;nan;nan;nan;nan;nan;nan;nan;nan;nan;nan;nan;nan;nan;nan;nan;nan;nan;nan;nan;nan;nan;nan;nan;nan;nan;nan;nan;nan;nan;nan;nan;nan;nan;nan;nan;nan;nan;nan;nan;nan;nan;nan;nan;nan;nan;nan;nan;nan;nan;nan;nan;nan;nan;nan;nan;nan;nan;nan;nan;nan;nan;nan;nan;nan;nan;nan;nan;nan;nan;nan;nan;nan;nan;nan;nan;nan;nan;nan;nan;nan;nan;nan;nan,6D,462.0
SSABV,2,500,10,2,6030,random,6030,66886.4243959612,73153.78394684664,6267.359550885434,False,306.3356851273025,3.2432951430000685,-133.116 82.232;432.118 250.607;-165.770 -471.704;-486.501 114.984;-205.764 455.409;134.369 -67.079;473.089 -161.809;-441.299 -235.062;206.193 -455.500;155.256 475.081,nan;nan;nan;nan;nan;nan;nan;nan;nan;nan;nan;nan;nan;nan;nan;nan;nan;nan;nan;nan;nan;nan;nan;nan;nan;nan;nan;nan;nan;nan;nan;nan;nan;nan;nan;nan;nan;nan;nan;nan;nan;nan;nan;nan;nan;nan;nan;nan;nan;nan;nan;nan;nan;nan;nan;nan;nan;nan;nan;nan;nan;nan;nan;nan;nan;nan;nan;nan;nan;nan;nan;nan;nan;nan;nan;nan;nan;nan;nan;nan;nan;nan;nan;nan;nan;nan;nan;nan;nan;nan;nan;nan;nan;nan;nan;nan;nan;nan;nan;nan;nan;nan;nan;nan;nan;nan;nan;nan;nan;nan;nan;nan;nan;nan;nan;nan;nan;nan;nan;nan;nan;nan;nan;nan;nan;nan;nan;nan;nan;nan;nan;nan;nan;nan;nan;nan;nan;nan;nan;nan;nan;nan;nan;nan;nan;nan;nan;nan;nan;nan;nan;nan;nan;nan;nan;nan;nan;nan;nan;nan;nan;nan;nan;nan;nan;nan;nan;nan;nan;nan;nan;nan;nan;nan;nan;nan;nan;nan;nan;nan;nan;nan;nan;nan;nan;nan;nan;nan;nan;nan;nan;nan;nan;nan;nan;nan;nan;nan;nan;nan;nan,6D,462.0
RSDVNS,2,500,10,12,6030,random,6030,66585.18828072993,73153.78394684664,6568.595666116715,False,301.41915943666476,2.4204398619995118,499.091 7.400;-2.061 500.000;-272.540 -418.827;109.817 94.221;-367.180 339.357;359.566 347.343;-125.730 -93.850;69.621 -494.984;-496.068 -59.963;378.813 -325.420,nan;nan;nan;nan;nan;nan;nan;nan;nan;nan;nan;nan;nan;nan;nan;nan;nan;nan;nan;nan;nan;nan;nan;nan;nan;nan;nan;nan;nan;nan;nan;nan;nan;nan;nan;nan;nan;nan;nan;nan;nan;nan;nan;nan;nan;nan;nan;nan;nan;nan;nan;nan;nan;nan;nan;nan;nan;nan;nan;nan;nan;nan;nan;nan;nan;nan;nan;nan;nan;nan;nan;nan;nan;nan;nan;nan;nan;nan;nan;nan;nan;nan;nan;nan;nan;nan;nan;nan;nan;nan;nan;nan;nan;nan;nan;nan;nan;nan;nan;nan;nan;nan;nan;nan;nan;nan;nan;nan;nan;nan;nan;nan;nan;nan;nan;nan;nan;nan;nan;nan;nan;nan;nan;nan;nan;nan;nan;nan;nan;nan;nan;nan;nan;nan;nan;nan;nan;nan;nan;nan;nan;nan;nan;nan;nan;nan;nan;nan;nan;nan;nan;nan;nan;nan;nan;nan;nan;nan;nan;nan;nan;nan;nan;nan;nan;nan;nan;nan;nan;nan;nan;nan;nan;nan;nan;nan;nan;nan;nan;nan;nan;nan;nan;nan;nan;nan;nan;nan;nan;nan;nan;nan;nan;nan;nan;nan;nan;nan;nan;nan;nan,6D,462.0
BVNS,2,500,10,22,6030,random,6030,66229.94186049797,73153.78394684664,6923.842086348668,False,303.897093341177,2.271835502999238,-12.918 -139.563;-465.867 -181.527;474.902 -154.716;269.105 421.016;473.641 159.130;-450.738 215.715;6.761 163.697;-193.793 -460.415;175.625 -467.277;-176.852 467.335,nan;nan;nan;nan;nan;nan;nan;nan;nan;nan;nan;nan;nan;nan;nan;nan;nan;nan;nan;nan;nan;nan;nan;nan;nan;nan;nan;nan;nan;nan;nan;nan;nan;nan;nan;nan;nan;nan;nan;nan;nan;nan;nan;nan;nan;nan;nan;nan;nan;nan;nan;nan;nan;nan;nan;nan;nan;nan;nan;nan;nan;nan;nan;nan;nan;nan;nan;nan;nan;nan;nan;nan;nan;nan;nan;nan;nan;nan;nan;nan;nan;nan;nan;nan;nan;nan;nan;nan;nan;nan;nan;nan;nan;nan;nan;nan;nan;nan;nan;nan;nan;nan;nan;nan;nan;nan;nan;nan;nan;nan;nan;nan;nan;nan;nan;nan;nan;nan;nan;nan;nan;nan;nan;nan;nan;nan;nan;nan;nan;nan;nan;nan;nan;nan;nan;nan;nan;nan;nan;nan;nan;nan;nan;nan;nan;nan;nan;nan;nan;nan;nan;nan;nan;nan;nan;nan;nan;nan;nan;nan;nan;nan;nan;nan;nan;nan;nan;nan;nan;nan;nan;nan;nan;nan;nan;nan;nan;nan;nan;nan;nan;nan;nan;nan;nan;nan;nan;nan;nan;nan;nan;nan;nan;nan;nan;nan;nan;nan;nan;nan;nan,6D,462.0
SSA,2,500,10,2,6030,random,6030,65491.102218900225,73153.78394684664,7662.681727946416,False,203.15600836014747,2.256284407999374,326.663 -374.629;51.768 293.271;-35.954 -429.258;-392.071 -102.247;-120.643 5.842;-335.084 354.263;490.543 -96.787;-346.498 -360.471;271.598 64.367;111.979 487.300,nan;nan;nan;nan;nan;nan;nan;nan;nan;nan;nan;nan;nan;nan;nan;nan;nan;nan;nan;nan;nan;nan;nan;nan;nan;nan;nan;nan;nan;nan;nan;nan;nan;nan;nan;nan;nan;nan;nan;nan;nan;nan;nan;nan;nan;nan;nan;nan;nan;nan;nan;nan;nan;nan;nan;nan;nan;nan;nan;nan;nan;nan;nan;nan;nan;nan;nan;nan;nan;nan;nan;nan;nan;nan;nan;nan;nan;nan;nan;nan;nan;nan;nan;nan;nan;nan;nan;nan;nan;nan;nan;nan;nan;nan;nan;nan;nan;nan;nan;nan;nan;nan;nan;nan;nan;nan;nan;nan;nan;nan;nan;nan;nan;nan;nan;nan;nan;nan;nan;nan;nan;nan;nan;nan;nan;nan;nan;nan;nan;nan;nan;nan;nan;nan;nan;nan;nan;nan;nan;nan;nan;nan;nan;nan;nan;nan;nan;nan;nan;nan;nan;nan;nan;nan;nan;nan;nan;nan;nan;nan;nan;nan;nan;nan;nan;nan;nan;nan;nan;nan;nan;nan;nan;nan;nan;nan;nan;nan;nan;nan;nan;nan;nan;nan;nan;nan;nan;nan;nan;nan;nan;nan;nan;nan;nan;nan;nan;nan;nan;nan;nan,6D,462.0
LXSSA,2,500,10,12,6030,random,6030,64629.9573485767,73153.78394684664,8523.826598269938,False,131.43321596141084,2.34620047000044,173.172 -469.056;481.891 131.822;399.996 29.022;118.109 -224.856;-208.919 -292.156;-460.606 -2.685;-118.061 484.723;-348.943 356.907;-26.077 178.957;138.600 128.259,nan;nan;nan;nan;nan;nan;nan;nan;nan;nan;nan;nan;nan;nan;nan;nan;nan;nan;nan;nan;nan;nan;nan;nan;nan;nan;nan;nan;nan;nan;nan;nan;nan;nan;nan;nan;nan;nan;nan;nan;nan;nan;nan;nan;nan;nan;nan;nan;nan;nan;nan;nan;nan;nan;nan;nan;nan;nan;nan;nan;nan;nan;nan;nan;nan;nan;nan;nan;nan;nan;nan;nan;nan;nan;nan;nan;nan;nan;nan;nan;nan;nan;nan;nan;nan;nan;nan;nan;nan;nan;nan;nan;nan;nan;nan;nan;nan;nan;nan;nan;nan;nan;nan;nan;nan;nan;nan;nan;nan;nan;nan;nan;nan;nan;nan;nan;nan;nan;nan;nan;nan;nan;nan;nan;nan;nan;nan;nan;nan;nan;nan;nan;nan;nan;nan;nan;nan;nan;nan;nan;nan;nan;nan;nan;nan;nan;nan;nan;nan;nan;nan;nan;nan;nan;nan;nan;nan;nan;nan;nan;nan;nan;nan;nan;nan;nan;nan;nan;nan;nan;nan;nan;nan;nan;nan;nan;nan;nan;nan;nan;nan;nan;nan;nan;nan;nan;nan;nan;nan;nan;nan;nan;nan;nan;nan;nan;nan;nan;nan;nan;nan,6D,462.0
DE,2,500,10,22,6030,random,6030,64193.13793913081,73153.78394684664,8960.646007715834,False,120.75045749989098,2.776592642000651,-356.672 -264.822;-343.857 20.940;126.626 481.996;397.809 158.296;360.815 43.352;-195.738 340.400;-99.993 -389.829;272.223 -299.627;-83.970 -33.975;92.189 171.244,nan;nan;nan;nan;nan;nan;nan;nan;nan;nan;nan;nan;nan;nan;nan;nan;nan;nan;nan;nan;nan;nan;nan;nan;nan;nan;nan;nan;nan;nan;nan;nan;nan;nan;nan;nan;nan;nan;nan;nan;nan;nan;nan;nan;nan;nan;nan;nan;nan;nan;nan;nan;nan;nan;nan;nan;nan;nan;nan;nan;nan;nan;nan;nan;nan;nan;nan;nan;nan;nan;nan;nan;nan;nan;nan;nan;nan;nan;nan;nan;nan;nan;nan;nan;nan;nan;nan;nan;nan;nan;nan;nan;nan;nan;nan;nan;nan;nan;nan;nan;nan;nan;nan;nan;nan;nan;nan;nan;nan;nan;nan;nan;nan;nan;nan;nan;nan;nan;nan;nan;nan;nan;nan;nan;nan;nan;nan;nan;nan;nan;nan;nan;nan;nan;nan;nan;nan;nan;nan;nan;nan;nan;nan;nan;nan;nan;nan;nan;nan;nan;nan;nan;nan;nan;nan;nan;nan;nan;nan;nan;nan;nan;nan;nan;nan;nan;nan;nan;nan;nan;nan;nan;nan;nan;nan;nan;nan;nan;nan;nan;nan;nan;nan;nan;nan;nan;nan;nan;nan;nan;nan;nan;nan;nan;nan;nan;nan;nan;nan;nan;nan,6D,462.0
PSOBV,2,500,10,2,6030,random,6030,66504.25333250208,73153.78394684664,6649.530614344563,False,328.7110524669476,2.234550469000169,431.103 111.668;-85.010 139.526;85.533 -141.483;419.453 -270.535;-266.734 -418.391;-424.299 264.211;237.807 438.535;110.608 -486.649;-488.486 -105.137;-135.471 478.914,nan;nan;nan;nan;nan;nan;nan;nan;nan;nan;nan;nan;nan;nan;nan;nan;nan;nan;nan;nan;nan;nan;nan;nan;nan;nan;nan;nan;nan;nan;nan;nan;nan;nan;nan;nan;nan;nan;nan;nan;nan;nan;nan;nan;nan;nan;nan;nan;nan;nan;nan;nan;nan;nan;nan;nan;nan;nan;nan;nan;nan;nan;nan;nan;nan;nan;nan;nan;nan;nan;nan;nan;nan;nan;nan;nan;nan;nan;nan;nan;nan;nan;nan;nan;nan;nan;nan;nan;nan;nan;nan;nan;nan;nan;nan;nan;nan;nan;nan;nan;nan;nan;nan;nan;nan;nan;nan;nan;nan;nan;nan;nan;nan;nan;nan;nan;nan;nan;nan;nan;nan;nan;nan;nan;nan;nan;nan;nan;nan;nan;nan;nan;nan;nan;nan;nan;nan;nan;nan;nan;nan;nan;nan;nan;nan;nan;nan;nan;nan;nan;nan;nan;nan;nan;nan;nan;nan;nan;nan;nan;nan;nan;nan;nan;nan;nan;nan;nan;nan;nan;nan;nan;nan;nan;nan;nan;nan;nan;nan;nan;nan;nan;nan;nan;nan;nan;nan;nan;nan;nan;nan;nan;nan;nan;nan;nan;nan;nan;nan;nan;nan,5D,385.0
SSABV,2,500,10,12,6030,random,6030,67030.56777685252,73153.78394684664,6123.216169994121,False,267.2340136442155,2.183861495000201,480.407 -137.537;-261.616 -425.966;436.483 241.587;-15.518 161.001;-477.734 -147.201;243.951 -436.319;-1.475 -182.529;140.146 479.529;-484.626 119.945;-269.431 421.139,nan;nan;nan;nan;nan;nan;nan;nan;nan;nan;nan;nan;nan;nan;nan;nan;nan;nan;nan;nan;nan;nan;nan;nan;nan;nan;nan;nan;nan;nan;nan;nan;nan;nan;nan;nan;nan;nan;nan;nan;nan;nan;nan;nan;nan;nan;nan;nan;nan;nan;nan;nan;nan;nan;nan;nan;nan;nan;nan;nan;nan;nan;nan;nan;nan;nan;nan;nan;nan;nan;nan;nan;nan;nan;nan;nan;nan;nan;nan;nan;nan;nan;nan;nan;nan;nan;nan;nan;nan;nan;nan;nan;nan;nan;nan;nan;nan;nan;nan;nan;nan;nan;nan;nan;nan;nan;nan;nan;nan;nan;nan;nan;nan;nan;nan;nan;nan;nan;nan;nan;nan;nan;nan;nan;nan;nan;nan;nan;nan;nan;nan;nan;nan;nan;nan;nan;nan;nan;nan;nan;nan;nan;nan;nan;nan;nan;nan;nan;nan;nan;nan;nan;nan;nan;nan;nan;nan;nan;nan;nan;nan;nan;nan;nan;nan;nan;nan;nan;nan;nan;nan;nan;nan;nan;nan;nan;nan;nan;nan;nan;nan;nan;nan;nan;nan;nan;nan;nan;nan;nan;nan;nan;nan;nan;nan;nan;nan;nan;nan;nan;nan,5D,385.0
RSDVNS,2,500,10,22,6030,random,6030,67573.9934676138,73153.78394684664,5579.790479232848,False,334.6341545250625,2.266968003999864,-496.561 25.882;355.794 350.377;-157.732 -96.530;81.017 -487.935;9.863 497.074;210.500 -179.022;-277.837 -414.046;-339.333 365.159;499.627 13.419;63.425 154.607,nan;nan;nan;nan;nan;nan;nan;nan;nan;nan;nan;nan;nan;nan;nan;nan;nan;nan;nan;nan;nan;nan;nan;nan;nan;nan;nan;nan;nan;nan;nan;nan;nan;nan;nan;nan;nan;nan;nan;nan;nan;nan;nan;nan;nan;nan;nan;nan;nan;nan;nan;nan;nan;nan;nan;nan;nan;nan;nan;nan;nan;nan;nan;nan;nan;nan;nan;nan;nan;nan;nan;nan;nan;nan;nan;nan;nan;nan;nan;nan;nan;nan;nan;nan;nan;nan;nan;nan;nan;nan;nan;nan;nan;nan;nan;nan;nan;nan;nan;nan;nan;nan;nan;nan;nan;nan;nan;nan;nan;nan;nan;nan;nan;nan;nan;nan;nan;nan;nan;nan;nan;nan;nan;nan;nan;nan;nan;nan;nan;nan;nan;nan;nan;nan;nan;nan;nan;nan;nan;nan;nan;nan;nan;nan;nan;nan;nan;nan;nan;nan;nan;nan;nan;nan;nan;nan;nan;nan;nan;nan;nan;nan;nan;nan;nan;nan;nan;nan;nan;nan;nan;nan;nan;nan;nan;nan;nan;nan;nan;nan;nan;nan;nan;nan;nan;nan;nan;nan;nan;nan;nan;nan;nan;nan;nan;nan;nan;nan;nan;nan;nan,5D,385.0
PSOC,2,500,10,2,6030,random,6030,66704.00987630141,73153.78394684664,6449.774070545231,False,328.4580295315486,2.3135247340005662,443.309 144.943;-20.914 161.772;5.199 -165.646;420.809 -246.245;-265.493 -423.669;-398.085 233.432;193.851 460.360;110.524 -487.275;-484.756 -122.409;-144.063 478.765,nan;nan;nan;nan;nan;nan;nan;nan;nan;nan;nan;nan;nan;nan;nan;nan;nan;nan;nan;nan;nan;nan;nan;nan;nan;nan;nan;nan;nan;nan;nan;nan;nan;nan;nan;nan;nan;nan;nan;nan;nan;nan;nan;nan;nan;nan;nan;nan;nan;nan;nan;nan;nan;nan;nan;nan;nan;nan;nan;nan;nan;nan;nan;nan;nan;nan;nan;nan;nan;nan;nan;nan;nan;nan;nan;nan;nan;nan;nan;nan;nan;nan;nan;nan;nan;nan;nan;nan;nan;nan;nan;nan;nan;nan;nan;nan;nan;nan;nan;nan;nan;nan;nan;nan;nan;nan;nan;nan;nan;nan;nan;nan;nan;nan;nan;nan;nan;nan;nan;nan;nan;nan;nan;nan;nan;nan;nan;nan;nan;nan;nan;nan;nan;nan;nan;nan;nan;nan;nan;nan;nan;nan;nan;nan;nan;nan;nan;nan;nan;nan;nan;nan;nan;nan;nan;nan;nan;nan;nan;nan;nan;nan;nan;nan;nan;nan;nan;nan;nan;nan;nan;nan;nan;nan;nan;nan;nan;nan;nan;nan;nan;nan;nan;nan;nan;nan;nan;nan;nan;nan;nan;nan;nan;nan;nan;nan;nan;nan;nan;nan;nan,5D,385.0
SSA,2,500,10,12,6030,random,6030,66333.2245509731,73153.78394684664,6820.559395873541,False,321.06178170569007,2.1900217780003004,-481.053 -136.264;-213.624 -313.921;-192.890 444.423;189.263 -19.309;86.307 -492.291;164.690 469.796;-133.985 66.136;410.172 -285.936;-455.860 205.408;440.874 233.495,nan;nan;nan;nan;nan;nan;nan;nan;nan;nan;nan;nan;nan;nan;nan;nan;nan;nan;nan;nan;nan;nan;nan;nan;nan;nan;nan;nan;nan;nan;nan;nan;nan;nan;nan;nan;nan;nan;nan;nan;nan;nan;nan;nan;nan;nan;nan;nan;nan;nan;nan;nan;nan;nan;nan;nan;nan;nan;nan;nan;nan;nan;nan;nan;nan;nan;nan;nan;nan;nan;nan;nan;nan;nan;nan;nan;nan;nan;nan;nan;nan;nan;nan;nan;nan;nan;nan;nan;nan;nan;nan;nan;nan;nan;nan;nan;nan;nan;nan;nan;nan;nan;nan;nan;nan;nan;nan;nan;nan;nan;nan;nan;nan;nan;nan;nan;nan;nan;nan;nan;nan;nan;nan;nan;nan;nan;nan;nan;nan;nan;nan;nan;nan;nan;nan;nan;nan;nan;nan;nan;nan;nan;nan;nan;nan;nan;nan;nan;nan;nan;nan;nan;nan;nan;nan;nan;nan;nan;nan;nan;nan;nan;nan;nan;nan;nan;nan;nan;nan;nan;nan;nan;nan;nan;nan;nan;nan;nan;nan;nan;nan;nan;nan;nan;nan;nan;nan;nan;nan;nan;nan;nan;nan;nan;nan;nan;nan;nan;nan;nan;nan,5D,385.0
LXSSA,2,500,10,22,6030,random,6030,65470.02073763615,73153.78394684664,7683.7632092104905,False,288.0495494728731,3.1886814180006695,174.211 -35.077;-124.795 67.033;378.949 -310.444;-21.572 415.693;-307.173 378.214;-319.482 -249.040;8.955 -374.712;483.290 106.215;271.942 418.969;-491.941 89.582,nan;nan;nan;nan;nan;nan;nan;nan;nan;nan;nan;nan;nan;nan;nan;nan;nan;nan;nan;nan;nan;nan;nan;nan;nan;nan;nan;nan;nan;nan;nan;nan;nan;nan;nan;nan;nan;nan;nan;nan;nan;nan;nan;nan;nan;nan;nan;nan;nan;nan;nan;nan;nan;nan;nan;nan;nan;nan;nan;nan;nan;nan;nan;nan;nan;nan;nan;nan;nan;nan;nan;nan;nan;nan;nan;nan;nan;nan;nan;nan;nan;nan;nan;nan;nan;nan;nan;nan;nan;nan;nan;nan;nan;nan;nan;nan;nan;nan;nan;nan;nan;nan;nan;nan;nan;nan;nan;nan;nan;nan;nan;nan;nan;nan;nan;nan;nan;nan;nan;nan;nan;nan;nan;nan;nan;nan;nan;nan;nan;nan;nan;nan;nan;nan;nan;nan;nan;nan;nan;nan;nan;nan;nan;nan;nan;nan;nan;nan;nan;nan;nan;nan;nan;nan;nan;nan;nan;nan;nan;nan;nan;nan;nan;nan;nan;nan;nan;nan;nan;nan;nan;nan;nan;nan;nan;nan;nan;nan;nan;nan;nan;nan;nan;nan;nan;nan;nan;nan;nan;nan;nan;nan;nan;nan;nan;nan;nan;nan;nan;nan;nan,5D,385.0
SLSQP,1,750,8,2,6030,random,6030,111817.24428186992,112365.89895787863,548.6546760087076,True,473.648234567549,3.760862277999877,709.424 -3.229;-39.947 -699.408;-637.059 394.443;427.399 -610.152;513.028 507.862;-423.032 -28.092;-75.005 706.010;235.365 110.685,nan;nan;110128.008;110263.120;110263.464;110268.063;110272.661;110273.529;111217.586;111222.793;111234.154;111237.009;111238.672;111241.020;111241.348;111241.532;111241.532;111241.532;111241.532;111241.532;111606.403;111606.405;111606.407;111606.408;111606.408;111606.408;111606.683;111606.683;111606.683;111606.683;111606.683;111606.683;111606.683;111606.683;111628.156;111630.601;111631.900;111632.032;111632.775;111632.820;111632.915;111632.967;111633.071;111633.123;111633.133;111633.139;111633.144;111633.155;111633.161;111633.167;111633.167;111633.168;111633.169;111633.170;111633.170;111633.170;111633.170;111633.170;111633.170;111633.170;111633.170;111633.170;111633.170;111633.170;111633.170;111633.170;111633.170;111633.170;111633.170;111633.170;111633.170;111633.170;111633.300;111633.828;111633.829;111633.835;111633.842;111633.851;111633.859;111805.193;111805.762;111805.914;111806.098;111806.098;111806.098;111815.597;111815.597;111815.597;111815.597;111815.597;111815.597;111815.597;111816.090;111816.608;111816.609;111816.611;111816.613;111816.615;111816.616;111816.618;111816.619;111816.620;111816.622;111816.625;111816.636;111816.648;111816.661;111817.235;111817.235;111817.237;111817.237;111817.239;111817.240;111817.240;111817.242;111817.243;111817.244;111817.244;111817.244;111817.244;111817.244;111817.244;111817.244;111817.244;111817.244;111817.244;111817.244;111817.244;111817.244;111817.244;111817.244;111817.244;111817.244;111817.244;111817.244;111817.244;111817.244;111817.244;111817.244;111817.244;111817.244;111817.244;111817.244;111817.244;111817.244;111817.244;111817.244;111817.244;111817.244;111817.244;111817.244;111817.244;111817.244;111817.244;111817.244;111817.244;111817.244;111817.244;111817.244;111817.244;111817.244;111817.244;111817.244;111817.244;111817.244;111817.244;111817.244;111817.244;111817.244;111817.244;111817.244;111817.244;111817.244;111817.244;111817.244;111817.244;111817.244;111817.244;111817.244;111817.244;111817.244;111817.244;111817.244;111817.244;111817.244;111817.244;111817.244;111817.244;111817.244;111817.244;111817.244;111817.244;111817.244;111817.244;111817.244;111817.244;111817.244;111817.244;111817.244;111817.244;111817.244,6D,462.0
PSOBV,1,750,8,12,6030,random,6030,111960.71994231173,112365.89895787863,405.1790155669005,True,493.83429702214744,2.142037091999555,741.336 0.067;-14.080 740.625;445.448 -572.144;-54.350 -740.625;-744.379 27.522;-272.610 -176.437;-479.731 576.181;211.238 277.350,nan;nan;nan;nan;nan;nan;nan;nan;nan;nan;nan;nan;nan;nan;nan;nan;nan;nan;nan;nan;nan;nan;nan;nan;nan;nan;nan;nan;nan;nan;109464.221;109464.221;109464.221;109464.221;110076.929;110076.929;110076.929;110076.929;110076.929;110076.929;110076.929;110076.929;110076.929;110076.929;110076.929;110143.945;110756.479;110756.479;110756.479;110756.479;110756.479;110756.479;110756.479;110756.479;110756.479;110756.479;110756.479;110756.479;110756.479;110759.098;110823.961;110823.961;110823.961;110823.961;111598.048;111608.879;111642.890;111660.963;111660.963;111660.963;111660.963;111816.150;111816.150;111816.150;111816.150;111816.150;111816.150;111816.150;111816.150;111816.150;111816.150;111816.150;111816.150;111816.150;111816.150;111816.150;111816.150;111862.974;111862.974;111862.974;111862.974;111869.368;111869.368;111869.368;111869.368;111869.368;111869.368;111869.368;111883.241;111883.241;111883.355;111888.558;111893.378;111893.378;111894.453;111903.201;111905.039;111907.248;111907.248;111926.785;111928.027;111928.544;111929.583;111930.679;111931.723;111933.059;111933.059;111933.416;111934.480;111934.480;111935.166;111935.388;111935.545;111936.111;111936.111;111936.368;111936.617;111936.858;111936.858;111937.085;111937.320;111937.542;111937.768;111937.985;111938.231;111938.448;111938.621;111939.149;111939.317;111939.717;111939.934;111939.934;111940.102;111940.624;111940.652;111940.763;111940.956;111941.251;111941.509;111941.767;111942.017;111942.126;111942.126;111942.137;111942.146;111942.297;111942.443;111942.497;111942.625;111942.753;111942.812;111942.812;111942.866;111942.907;111943.035;111943.115;111943.173;111943.173;111943.173;111943.173;111943.173;111943.173;111943.173;111943.173;111943.173;111943.173;111943.173;111943.173;111943.173;111943.173;111943.173;111943.173;111943.173;111943.173;111943.281;111948.643;111950.887;111951.787;111951.787;111952.872;111954.024;111955.080;111956.160;111956.609;111957.042;111957.529;111958.437;111958.913;111959.800;111960.267;111960.720,6D,462.0
SSABV,1,750,8,22,6030,random,6030,110440.47721853513,112365.89895787863,1925.4217393434956,True,464.7352302981961,1.9987860519995593,-448.143 600.909;-83.589 -478.904;-534.547 -32.641;-24.112 92.783;364.161 -283.193;-547.099 -512.629;630.850 211.612;206.112 720.730,nan;nan;nan;nan;nan;nan;nan;nan;nan;nan;nan;nan;nan;nan;nan;nan;nan;nan;nan;nan;nan;nan;nan;nan;nan;nan;nan;nan;nan;nan;nan;nan;nan;nan;nan;nan;nan;nan;nan;nan;nan;nan;nan;nan;nan;nan;nan;nan;nan;nan;nan;nan;nan;nan;nan;nan;nan;nan;nan;nan;nan;nan;108312.992;108327.955;108332.878;108334.745;108337.002;108343.152;108349.530;108353.217;108356.270;108358.296;108360.124;108361.372;108362.094;108362.574;108363.178;108363.952;108364.271;108364.448;108364.802;108365.002;108365.187;108365.410;108365.485;108365.553;108365.594;108365.632;108365.660;108365.677;108365.701;108365.715;108365.726;108365.733;108365.739;108365.744;108365.747;108365.749;108365.752;108365.753;108365.754;109103.427;109912.917;109952.674;110021.727;110094.430;110111.206;110150.868;110187.222;110236.079;110268.203;110276.845;110277.281;110280.853;110309.857;110309.857;110329.397;110329.397;110342.496;110363.999;110363.999;110371.548;110390.836;110392.863;110398.273;110400.870;110407.653;110409.607;110416.808;110418.709;110419.807;110420.512;110420.512;110420.512;110421.057;110421.057;110421.232;110421.772;110421.938;110422.472;110422.630;110423.159;110423.682;110423.832;110424.350;110424.491;110425.004;110425.004;110426.851;110428.479;110428.959;110429.214;110429.389;110429.457;110429.525;110429.780;110431.598;110431.598;110431.851;110431.918;110432.169;110432.420;110432.484;110432.734;110432.796;110433.044;110433.105;110433.352;110433.352;110433.411;110433.657;110433.714;110433.959;110434.014;110434.258;110434.291;110435.520;110436.394;110437.262;110437.504;110438.306;110438.427;110438.460;110439.362;110439.362;110439.483;110439.510;110439.630;110439.657;110439.777;110439.804;110439.924;110440.043;110440.069;110440.189;110440.214;110440.333;110440.358;110440.477;110440.477;110440.477,6D,462.0
BVNS,1,750,8,2,6030,random,6030,111792.79320013252,112365.89895787863,573.1057577461033,True,477.7900784880568,1.8766927430006035,747.007 -57.635;47.579 -747.656;-402.211 632.489;560.412 -497.482;597.264 453.420;-168.124 -298.545;88.780 739.600;271.447 57.736,nan;nan;nan;nan;nan;nan;nan;nan;nan;nan;nan;nan;nan;nan;nan;nan;nan;nan;nan;nan;nan;nan;nan;nan;nan;nan;nan;nan;nan;nan;nan;nan;nan;nan;nan;nan;nan;nan;nan;nan;nan;nan;nan;nan;nan;110174.106;110192.677;110390.974;110418.456;110442.591;110448.699;110448.699;110469.206;110476.848;110496.547;110525.157;110526.741;110528.578;110531.064;110531.064;110532.916;110555.086;110555.086;110556.286;110557.476;110558.242;110558.974;110559.687;110575.181;110575.886;110575.886;110577.934;110602.813;110602.813;110602.880;110604.161;110605.267;110606.462;110606.462;110607.602;110608.239;110608.274;110608.277;110608.277;110610.155;110620.920;110621.539;110621.927;110622.518;110622.518;110622.830;110623.367;110623.954;110623.954;110624.256;110624.256;110629.559;110630.632;110630.827;110630.981;110630.982;110631.385;110631.538;110631.538;110631.682;110631.683;110631.683;110631.780;110632.151;110632.249;110632.249;110632.249;110632.395;110632.395;110632.395;110632.395;110632.395;110632.395;110632.395;110709.316;110733.691;111520.770;111546.768;111571.255;111587.977;111599.032;111600.089;111600.089;111681.290;111707.794;111715.318;111715.318;111717.340;111719.288;111737.196;111755.723;111756.087;111757.378;111758.314;111759.502;111759.502;111759.762;111760.347;111762.159;111762.159;111762.740;111763.201;111763.606;111763.992;111764.161;111764.563;111764.826;111765.280;111765.729;111765.979;111766.422;111766.479;111766.596;111768.337;111768.454;111790.211;111790.372;111790.432;111790.481;111790.481;111790.766;111790.845;111791.048;111791.105;111791.105;111791.115;111791.569;111792.015;111792.115;111792.170;111792.213;111792.254;111792.319;111792.329;111792.403;111792.444;111792.509;111792.554;111792.594;111792.638;111792.677;111792.715;111792.725;111792.773;111792.783;111792.793;111792.793;111792.793;111792.793;111792.793;111792.793;111792.793;111792.793;111792.793;111792.793;111792.793,6D,462.0
PSOC,1,750,8,12,6030,random,6030,111934.36410102755,112365.89895787863,431.5348568510817,True,486.1017608856562,2.070101130000694,737.003 -137.052;-47.864 738.729;370.757 -523.160;-87.361 -688.469;-743.195 -13.906;-277.192 -152.241;-518.048 541.752;170.648 218.622,nan;nan;nan;nan;nan;nan;nan;nan;nan;nan;nan;nan;nan;nan;nan;nan;nan;nan;nan;nan;nan;nan;nan;nan;nan;nan;nan;nan;nan;nan;109464.221;109464.221;109464.221;109464.221;110076.929;110076.929;110076.929;110076.929;110076.929;110076.929;110076.929;110076.929;110076.929;110076.929;110076.929;110143.945;110756.479;110756.479;110756.479;110756.479;110756.479;110756.479;110756.479;110756.479;110756.479;110756.479;110756.479;110756.479;110756.479;110759.098;110823.961;110823.961;110823.961;110823.961;111598.048;111608.879;111642.890;111660.963;111660.963;111660.963;111660.963;111816.150;111816.150;111816.150;111816.150;111816.150;111816.150;111816.150;111816.150;111816.150;111816.150;111816.150;111816.150;111816.150;111816.150;111816.150;111816.150;111862.974;111862.974;111862.974;111862.974;111869.368;111869.368;111869.368;111869.368;111869.368;111869.368;111869.368;111883.241;111883.241;111883.355;111883.355;111883.355;111883.355;111883.355;111902.916;111902.916;111902.916;111902.916;111902.916;111902.916;111902.916;111906.189;111906.189;111908.722;111908.722;111908.722;111908.722;111908.722;111908.722;111909.464;111909.464;111909.464;111909.464;111909.464;111909.464;111909.464;111909.464;111909.512;111909.512;111917.975;111919.791;111919.791;111919.791;111921.286;111921.286;111921.286;111921.617;111921.617;111921.617;111922.273;111923.573;111923.573;111924.088;111924.880;111924.880;111924.880;111925.291;111925.460;111925.460;111925.460;111925.460;111926.538;111926.538;111926.717;111927.172;111927.172;111927.172;111927.366;111927.462;111927.606;111927.606;111927.606;111927.606;111927.606;111927.606;111927.606;111928.577;111929.139;111930.863;111930.863;111930.863;111931.329;111931.329;111931.632;111931.632;111931.985;111932.478;111932.837;111932.919;111932.961;111932.961;111933.166;111933.166;111933.166;111933.310;111933.732;111934.105;111934.105;111934.105;111934.105;111934.105;111934.105;111934.105;111934.105;111934.105;111934.105;111934.146;111934.264;111934.264;111934.364,6D,462.0
SSA,1,750,8,22,6030,random,6030,111921.42972996931,112365.89895787863,444.4692279093142,True,486.48874618120425,1.903951321999557,749.758 -19.062;532.787 522.363;-84.864 614.941;-50.367 -748.307;-536.520 -518.335;143.919 -237.829;539.509 -520.989;-377.477 1.148,nan;nan;nan;nan;nan;nan;nan;nan;nan;nan;nan;nan;nan;nan;nan;nan;nan;nan;nan;nan;nan;nan;nan;nan;nan;nan;nan;nan;nan;nan;nan;nan;nan;nan;nan;nan;nan;nan;nan;nan;nan;nan;nan;nan;nan;nan;nan;nan;nan;nan;nan;nan;nan;nan;nan;nan;nan;nan;nan;nan;nan;nan;nan;nan;nan;nan;nan;nan;nan;nan;nan;nan;nan;nan;nan;nan;nan;nan;nan;nan;nan;nan;nan;110228.005;111122.491;111122.491;111470.574;111470.574;111903.104;111903.104;111903.104;111903.104;111903.104;111903.104;111903.104;111903.104;111903.104;111905.997;111907.856;111907.856;111907.856;111907.856;111907.856;111907.856;111907.856;111907.856;111907.856;111907.856;111907.856;111907.856;111907.856;111907.856;111907.856;111907.894;111907.894;111907.894;111910.283;111910.379;111910.379;111911.547;111912.721;111914.684;111915.991;111916.408;111917.311;111917.383;111917.911;111918.349;111918.736;111918.936;111919.409;111919.756;111920.104;111920.418;111920.695;111920.811;111920.811;111920.858;111920.945;111920.945;111920.953;111920.965;111920.965;111920.965;111920.989;111921.047;111921.110;111921.129;111921.157;111921.214;111921.220;111921.235;111921.264;111921.288;111921.307;111921.307;111921.318;111921.326;111921.326;111921.345;111921.360;111921.365;111921.370;111921.379;111921.390;111921.396;111921.401;111921.409;111921.412;111921.415;111921.419;111921.422;111921.424;111921.424;111921.425;111921.425;111921.426;111921.426;111921.427;111921.427;111921.428;111921.428;111921.428;111921.428;111921.428;111921.428;111921.428;111921.428;111921.429;111921.429;111921.429;111921.429;111921.429;111921.429;111921.429;111921.429;111921.429;111921.430;111921.430;111921.430;111921.430,6D,462.0
DE,1,750,8,2,6030,random,6030,106701.98966036763,112365.89895787863,5663.909297510996,False,389.9295366256406,3.1397577090001505,197.919 -539.683;593.411 -264.686;445.315 557.924;207.896 -116.904;-445.413 -433.033;531.810 120.346;-715.357 -101.673;-417.048 451.543,nan;nan;nan;nan;nan;nan;nan;nan;nan;nan;nan;nan;nan;nan;nan;nan;nan;nan;nan;nan;nan;nan;nan;nan;nan;nan;nan;nan;nan;nan;nan;nan;nan;nan;nan;nan;nan;nan;nan;nan;nan;nan;nan;nan;nan;nan;nan;nan;nan;nan;nan;nan;nan;nan;nan;nan;nan;nan;nan;nan;nan;nan;nan;nan;nan;nan;nan;nan;nan;nan;nan;nan;nan;nan;nan;nan;nan;nan;nan;nan;nan;nan;nan;nan;nan;nan;nan;nan;nan;nan;nan;nan;nan;nan;nan;nan;nan;nan;nan;nan;nan;nan;nan;nan;nan;nan;nan;nan;nan;nan;nan;nan;nan;nan;nan;nan;nan;nan;nan;nan;nan;nan;nan;nan;nan;nan;nan;nan;nan;nan;nan;nan;nan;nan;nan;nan;nan;nan;nan;nan;nan;nan;nan;nan;nan;nan;nan;nan;nan;nan;nan;nan;nan;nan;nan;nan;nan;nan;nan;nan;nan;nan;nan;nan;nan;nan;nan;nan;nan;nan;nan;nan;nan;nan;nan;nan;nan;nan;nan;nan;nan;nan;nan;nan;nan;nan;nan;nan;nan;nan;nan;nan;nan;nan;nan;nan;nan;nan;nan;nan;nan,6D,462.0
SLSQP,1,750,8,12,6030,random,6030,110429.3702935373,112365.89895787863,1936.5286643413274,True,414.7256038691708,3.771634842999447,97.347 -734.186;-422.366 619.034;481.519 -562.849;-294.890 -191.761;-678.096 273.583;-320.497 -671.757;123.517 480.839;-704.501 -256.692,nan;nan;nan;nan;nan;nan;nan;nan;110220.629;110233.918;110288.454;110289.249;110289.249;110289.249;110289.345;110293.211;110293.786;110293.786;110293.786;110293.908;110296.022;110301.956;110301.956;110301.956;110301.956;110302.446;110303.400;110303.437;110303.466;110303.553;110303.756;110304.128;110304.128;110304.128;110304.128;110304.128;110313.785;110314.177;110314.936;110315.090;110315.326;110315.326;110315.326;110315.326;110315.326;110315.326;110315.326;110315.326;110315.326;110315.326;110315.326;110315.326;110315.326;110315.326;110315.326;110315.326;110315.326;110315.326;110315.326;110315.326;110315.326;110315.326;110315.326;110315.326;110315.326;110315.326;110315.326;110315.326;110315.326;110394.730;110394.772;110394.772;110394.772;110394.772;110394.783;110394.783;110394.783;110394.783;110395.598;110395.598;110395.598;110395.598;110395.598;110395.598;110395.598;110395.598;110409.909;110411.029;110411.076;110411.125;110411.168;110411.252;110411.312;110411.312;110411.312;110417.285;110417.621;110417.621;110422.088;110422.088;110422.088;110422.088;110422.088;110422.088;110422.088;110422.088;110422.088;110422.088;110422.088;110422.088;110422.088;110422.088;110423.738;110427.768;110429.370;110429.370;110429.370;110429.370;110429.370;110429.370;110429.370;110429.370;110429.370;110429.370;110429.370;110429.370;110429.370;110429.370;110429.370;110429.370;110429.370;110429.370;110429.370;110429.370;110429.370;110429.370;110429.370;110429.370;110429.370;110429.370;110429.370;110429.370;110429.370;110429.370;110429.370;110429.370;110429.370;110429.370;110429.370;110429.370;110429.370;110429.370;110429.370;110429.370;110429.370;110429.370;110429.370;110429.370;110429.370;110429.370;110429.370;110429.370;110429.370;110429.370;110429.370;110429.370;110429.370;110429.370;110429.370;110429.370;110429.370;110429.370;110429.370;110429.370;110429.370;110429.370;110429.370;110429.370;110429.370;110429.370;110429.370;110429.370;110429.370;110429.370;110429.370;110429.370;110429.370;110429.370;110429.370;110429.370;110429.370;110429.370;110429.370;110429.370;110429.370;110429.370;110429.370;110429.370;110429.370;110429.370;110429.370,5D,385.0
PSOBV,1,750,8,22,6030,random,6030,111773.76661984537,112365.89895787863,592.1323380332615,True,398.72180868279656,2.3944026830004077,-747.990 41.906;-449.521 599.562;738.246 128.535;185.221 689.113;-83.499 256.012;-89.944 -739.550;-446.403 -368.488;95.179 -386.409,nan;nan;nan;nan;nan;109085.981;109085.981;109085.981;109085.981;109085.981;109085.981;109085.981;109085.981;109306.303;109306.303;110329.143;110329.143;110329.143;110329.143;110329.143;110329.143;110329.143;110329.143;110435.310;110435.310;110435.310;110435.310;110435.310;110435.310;110435.310;110435.310;110435.310;110435.310;110435.310;110435.310;110435.310;110435.310;110435.310;110435.310;110462.040;110462.040;110462.040;110462.040;110921.820;111325.684;111472.564;111568.167;111568.167;111568.167;111577.345;111577.345;111577.345;111577.345;111577.345;111577.345;111577.345;111577.345;111577.345;111577.345;111630.114;111672.172;111672.172;111672.172;111672.172;111676.363;111700.164;111700.164;111700.164;111700.164;111700.164;111700.164;111700.164;111700.164;111700.164;111700.824;111702.483;111702.483;111702.483;111702.483;111702.483;111702.483;111702.483;111702.483;111702.501;111702.945;111703.268;111703.504;111703.675;111710.037;111710.037;111710.037;111710.037;111710.037;111710.037;111710.037;111710.037;111710.037;111710.037;111710.037;111710.037;111711.463;111713.235;111713.235;111717.684;111719.994;111721.041;111731.013;111734.252;111736.498;111736.498;111736.878;111737.783;111738.008;111738.008;111739.403;111740.418;111741.112;111742.673;111743.042;111767.791;111767.791;111768.553;111769.699;111769.699;111770.059;111770.730;111770.739;111770.987;111770.987;111771.186;111771.722;111772.293;111772.623;111772.870;111772.873;111772.993;111772.993;111773.357;111773.545;111773.545;111773.708;111773.767;111773.767;111773.767;111773.767;111773.767;111773.767;111773.767;111773.767;111773.767;111773.767;111773.767;111773.767;111773.767;111773.767;111773.767;111773.767;111773.767;111773.767;111773.767;111773.767;111773.767;111773.767;111773.767;111773.767;111773.767;111773.767;111773.767;111773.767;111773.767;111773.767;111773.767;111773.767;111773.767;111773.767;111773.767;111773.767;111773.767;111773.767;111773.767;111773.767;111773.767;111773.767;111773.767;111773.767;111773.767;111773.767;111773.767;111773.767;111773.767;111773.767;111773.767;111773.767;111773.767;111773.767;111773.767;111773.767;111773.767;111773.767;111773.767;111773.767,5D,385.0
RSDVNS,1,750,8,2,6030,random,6030,111025.74532236773,112365.89895787863,1340.1536355108983,True,385.36971353871985,1.9091827080001167,-320.918 677.379;123.380 -79.353;-104.317 -742.217;532.784 -377.266;621.875 418.624;-358.491 -139.787;-617.446 -425.186;222.124 633.716,nan;nan;nan;nan;nan;nan;nan;nan;nan;nan;nan;nan;nan;nan;nan;nan;nan;nan;nan;nan;nan;nan;nan;nan;nan;nan;nan;nan;nan;nan;nan;nan;nan;nan;nan;nan;nan;nan;nan;nan;nan;nan;nan;nan;nan;nan;nan;nan;nan;nan;nan;nan;nan;nan;nan;nan;nan;107812.531;107812.531;107812.531;107812.531;107812.531;107812.531;107812.531;107812.531;107812.531;107812.531;107812.531;107812.531;107812.531;107812.531;107812.531;107812.531;107812.531;107812.531;107812.531;107812.531;107812.531;107812.531;107812.531;107812.531;107812.531;107812.531;107812.531;107812.531;107812.531;107812.531;107812.531;107812.531;107812.531;107812.531;107812.531;107812.531;107812.531;107812.531;107812.531;107812.531;107812.531;107812.531;107812.531;108720.267;110066.124;110138.020;110211.013;110308.452;110352.935;110383.197;110387.348;110445.406;110483.518;110503.924;110563.764;110574.111;110601.485;110642.605;110662.298;110706.406;110716.270;110757.945;110757.945;110767.352;110788.245;110815.292;110828.464;110836.344;110867.958;110871.026;110871.026;110879.620;110883.983;110899.361;110899.361;110910.396;110914.552;110919.752;110924.125;110929.328;110929.686;110933.246;110936.309;110938.816;110939.271;110939.640;110940.258;110958.751;110959.106;110959.106;110961.305;110961.476;110965.797;110965.966;110968.503;110970.410;110972.668;110974.810;110976.877;110979.002;110981.209;110983.315;110984.550;110986.732;110988.824;110989.020;110989.858;111004.929;111007.293;111008.124;111009.279;111009.448;111010.581;111010.985;111011.216;111012.324;111012.727;111014.861;111016.938;111019.047;111019.444;111019.849;111020.939;111021.132;111021.306;111021.306;111021.306;111021.416;111021.445;111021.643;111021.738;111021.738;111022.254;111022.777;111022.960;111023.167;111023.571;111023.754;111024.022;111024.425;111025.043;111025.088;111025.707;111025.745,5D,385.0
BVNS,1,750,8,12,6030,random,6030,111530.0079784261,112365.89895787863,835.8909794525243,True,389.6840413041577,1.7859015780004484,74.825 -738.263;-581.403 473.000;441.019 -605.013;-187.245 -306.221;-747.158 59.478;-318.805 -677.672;109.779 573.634;-588.972 -350.730,nan;nan;nan;nan;nan;nan;nan;nan;nan;nan;nan;nan;nan;nan;nan;nan;nan;nan;nan;nan;nan;nan;nan;nan;nan;nan;nan;nan;nan;nan;nan;nan;nan;110314.897;111123.576;111175.583;111211.264;111255.910;111262.022;111268.008;111273.874;111279.660;111279.660;111281.903;111284.146;111286.351;111414.672;111433.402;111434.713;111436.717;111443.329;111443.329;111443.949;111444.558;111449.636;111466.360;111475.812;111476.099;111476.399;111479.189;111479.189;111480.257;111480.257;111480.862;111481.167;111481.167;111482.552;111482.988;111483.288;111483.434;111483.636;111483.761;111483.910;111484.058;111484.206;111484.270;111484.368;111484.437;111484.517;111484.591;111484.664;111484.736;111484.801;111484.950;111485.015;111485.088;111485.161;111485.310;111485.310;111485.383;111485.514;111485.594;111485.667;111485.739;111485.870;111485.949;111486.021;111486.093;111486.154;111486.301;111486.361;111486.433;111486.580;111486.580;111486.652;111486.724;111486.851;111486.997;111487.074;111487.146;111487.218;111487.343;111487.420;111487.492;111487.563;111487.619;111487.764;111487.819;111487.890;111487.906;111488.030;111488.105;111488.176;111488.299;111488.374;111488.445;111488.515;111488.637;111488.712;111488.782;111501.261;111501.313;111501.366;111501.510;111501.560;111501.563;111501.617;111501.736;111501.810;111501.863;111501.981;111502.124;111502.197;111502.251;111502.304;111502.357;111502.405;111502.547;111502.594;111502.646;111502.788;111502.788;111502.841;111502.893;111502.947;111502.999;111503.114;111503.186;111503.238;111503.352;111503.424;111503.476;111503.528;111503.572;111503.641;111503.797;111503.952;111504.020;111504.175;111504.330;111504.395;111504.550;111504.704;111504.768;111504.922;111504.985;111528.280;111528.333;111528.386;111528.439;111528.481;111528.534;111528.586;111528.594;111528.646;111528.697;111528.740;111528.791;111528.833;111528.884;111528.925;111528.976;111529.028;111529.068;111529.119;111529.158;111529.160;111529.211;111529.211;111529.213;111530.008,5D,385.0
PSOC,1,750,8,22,6030,random,6030,111868.74518652733,112365.89895787863,497.1537713512953,True,410.94500345234155,1.7996291630006453,-731.870 45.255;-438.445 602.953;715.193 88.912;201.938 717.247;-96.147 175.721;-83.597 -741.115;-435.965 -372.035;189.230 -433.801,nan;nan;nan;nan;nan;109085.981;109085.981;109085.981;109085.981;109085.981;109085.981;109085.981;109085.981;109306.303;109306.303;110329.143;110329.143;110329.143;110329.143;110329.143;110329.143;110329.143;110329.143;110435.310;110435.310;110435.310;110435.310;110435.310;110435.310;110435.310;110435.310;110435.310;110435.310;110435.310;110435.310;110435.310;110435.310;110435.310;110435.310;110462.040;110462.040;110462.040;110462.040;110921.820;111325.684;111472.564;111568.167;111568.167;111568.167;111577.345;111577.345;111577.345;111577.345;111577.345;111577.345;111577.345;111577.345;111577.345;111577.345;111630.114;111672.172;111672.172;111672.172;111672.172;111676.363;111700.164;111700.164;111700.164;111700.164;111700.164;111700.164;111700.164;111700.164;111700.164;111700.824;111702.483;111702.483;111702.483;111702.483;111702.483;111702.483;111702.483;111702.483;111702.501;111702.945;111703.268;111703.504;111703.675;111710.037;111710.037;111710.037;111710.037;111710.037;111710.037;111710.037;111710.037;111710.037;111710.037;111710.037;111710.037;111711.463;111711.921;111711.921;111712.309;111712.309;111712.309;111712.309;111713.467;111713.467;111714.820;111719.383;111719.383;111720.599;111734.765;111734.765;111737.052;111737.052;111737.052;111737.052;111737.052;111737.052;111737.052;111737.052;111737.052;111737.052;111737.052;111738.596;111738.596;111753.018;111753.018;111753.018;111753.018;111753.018;111753.018;111753.018;111753.018;111753.018;111753.018;111753.018;111753.018;111753.018;111753.018;111753.018;111753.018;111753.018;111753.018;111753.018;111812.647;111812.647;111825.555;111830.341;111830.341;111830.341;111830.341;111830.341;111830.341;111830.341;111830.507;111837.153;111837.551;111838.261;111858.651;111858.651;111858.651;111858.651;111858.651;111858.651;111858.651;111858.651;111858.651;111858.651;111858.651;111858.651;111858.651;111858.651;111858.651;111858.651;111859.078;111859.078;111859.078;111859.078;111859.078;111859.078;111859.078;111859.078;111859.078;111859.078;111859.233;111859.233;111859.233;111868.632;111868.632;111868.632;111868.632;111868.632;111868.632;111868.745;111868.745;111868.745;111868.745;111868.745,5D,385.0
LXSSA,1,750,8,2,6030,random,6030,111421.280990692,112365.89895787863,944.6179671866266,True,407.0047485591149,1.8076282479996735,690.955 -246.577;329.620 -550.836;-559.821 488.968;-72.756 -489.625;460.843 328.793;-559.755 -378.247;-742.180 103.375;-43.411 102.628,nan;nan;nan;nan;nan;nan;nan;nan;nan;nan;nan;nan;nan;nan;nan;nan;nan;nan;nan;nan;nan;nan;nan;nan;nan;nan;nan;nan;nan;nan;nan;nan;nan;nan;nan;nan;nan;nan;nan;nan;nan;nan;nan;nan;nan;nan;nan;110501.079;110501.079;110501.079;110501.079;110501.079;110501.079;110934.917;110934.917;110934.917;110934.917;110934.917;110934.917;110934.917;110934.917;110958.190;110958.190;110958.190;110958.190;110958.190;110958.190;110981.169;110981.169;110981.169;110981.169;111032.327;111032.327;111032.327;111032.327;111055.362;111055.362;111055.362;111055.362;111055.362;111055.362;111132.620;111132.620;111281.706;111281.706;111281.706;111281.706;111293.364;111293.364;111293.364;111293.364;111293.364;111293.364;111326.645;111326.645;111327.931;111327.931;111328.010;111328.010;111328.010;111328.010;111328.010;111337.209;111338.267;111338.267;111376.134;111376.134;111376.351;111383.248;111383.248;111388.221;111389.343;111393.600;111394.769;111394.769;111410.013;111410.013;111410.013;111410.013;111410.013;111410.969;111412.664;111412.664;111412.807;111413.697;111414.630;111414.630;111414.714;111414.714;111415.205;111415.205;111415.642;111416.045;111417.188;111417.188;111417.428;111418.032;111418.212;111418.212;111418.212;111418.370;111418.555;111418.555;111418.828;111418.962;111419.510;111419.510;111419.552;111419.720;111419.937;111419.937;111419.978;111420.011;111420.123;111420.123;111420.123;111420.211;111420.295;111420.295;111420.295;111420.333;111420.536;111420.536;111420.588;111420.588;111420.588;111420.609;111420.789;111420.789;111420.903;111420.903;111420.988;111420.988;111421.061;111421.061;111421.117;111421.117;111421.132;111421.132;111421.132;111421.137;111421.139;111421.140;111421.140;111421.143;111421.218;111421.218;111421.237;111421.237;111421.238;111421.238;111421.268;111421.268;111421.277;111421.277;111421.277;111421.277;111421.277;111421.277;111421.281;111421.281,5D,385.0
DE,1,750,8,12,6030,random,6030,108500.33938122814,112365.89895787863,3865.559576650485,False,326.95729188899435,3.046895110999685,-107.002 725.365;235.369 609.508;-303.443 -595.747;-49.943 271.635;617.615 -199.430;417.893 338.239;-512.051 -133.464;-119.332 -138.383,nan;nan;nan;nan;nan;nan;nan;nan;nan;nan;nan;nan;nan;nan;nan;nan;nan;nan;nan;nan;nan;nan;nan;nan;nan;nan;nan;nan;nan;nan;nan;nan;nan;nan;nan;nan;nan;nan;nan;nan;nan;nan;nan;nan;nan;nan;nan;nan;nan;nan;nan;nan;nan;nan;nan;nan;nan;nan;nan;nan;nan;nan;nan;nan;nan;nan;nan;nan;nan;nan;nan;nan;nan;nan;nan;nan;nan;nan;nan;nan;nan;nan;nan;nan;nan;nan;nan;nan;nan;nan;nan;nan;nan;nan;nan;nan;nan;nan;nan;nan;nan;nan;nan;nan;nan;nan;nan;nan;nan;nan;nan;nan;nan;nan;nan;nan;nan;nan;nan;nan;nan;nan;nan;nan;nan;nan;nan;nan;nan;nan;nan;nan;nan;nan;nan;nan;nan;nan;nan;nan;nan;nan;nan;nan;nan;nan;nan;nan;nan;nan;nan;nan;nan;nan;nan;nan;nan;nan;nan;nan;nan;nan;nan;nan;nan;nan;nan;nan;nan;nan;nan;nan;nan;nan;nan;nan;nan;nan;nan;nan;nan;nan;nan;nan;nan;nan;nan;nan;nan;nan;nan;nan;nan;nan;nan;nan;nan;nan;nan;nan;nan,5D,385.0
SLSQP,2,750,8,22,6030,random,6030,57177.34230620949,58523.02715747732,1345.6848512678334,True,477.55912836413705,3.4147238139994442,-622.547 324.549;-262.757 702.141;379.140 646.549;142.177 -734.012;-712.766 -231.403;1.171 -36.966;579.852 -281.196;729.909 172.176,nan;nan;nan;nan;nan;nan;nan;nan;56734.424;56734.424;56889.186;56940.557;56940.557;56940.557;56940.557;56940.557;56940.557;56940.557;56940.557;56940.557;56940.557;56940.557;56940.557;56940.557;57005.452;57005.452;57005.452;57005.452;57005.452;57005.452;57005.452;57005.452;57005.452;57005.452;57005.452;57005.452;57005.452;57005.452;57005.452;57005.452;57005.452;57005.452;57005.452;57005.452;57005.452;57005.452;57005.452;57005.452;57005.452;57005.452;57005.452;57005.452;57005.452;57005.452;57005.452;57005.452;57005.452;57005.452;57005.452;57005.452;57005.452;57005.452;57005.452;57005.452;57005.452;57005.452;57005.452;57005.452;57005.452;57005.452;57005.452;57005.452;57005.452;57005.452;57005.452;57005.452;57005.452;57005.452;57005.452;57005.452;57005.452;57005.452;57005.452;57005.452;57005.452;57005.452;57005.452;57005.452;57005.452;57005.452;57005.452;57005.452;57005.452;57005.452;57005.452;57005.452;57005.452;57005.452;57005.452;57005.452;57005.452;57005.452;57005.452;57005.452;57005.452;57005.452;57005.452;57005.452;57005.452;57005.452;57005.452;57005.452;57005.452;57005.452;57005.452;57005.452;57005.452;57005.452;57005.452;57005.452;57005.452;57005.452;57005.452;57005.452;57005.452;57005.452;57005.452;57005.452;57005.452;57005.452;57005.452;57005.452;57005.452;57005.452;57005.452;57005.452;57170.360;57170.360;57170.360;57170.360;57170.360;57170.360;57170.360;57170.360;57170.360;57170.360;57170.360;57170.360;57170.360;57170.360;57170.360;57170.360;57170.360;57170.360;57170.360;57170.360;57170.360;57170.360;57170.360;57170.360;57170.360;57170.360;57170.360;57177.220;57177.292;57177.335;57177.342;57177.342;57177.342;57177.342;57177.342;57177.342;57177.342;57177.342;57177.342;57177.342;57177.342;57177.342;57177.342;57177.342;57177.342;57177.342;57177.342;57177.342;57177.342;57177.342;57177.342;57177.342;57177.342;57177.342;57177.342;57177.342;57177.342;57177.342;57177.342;57177.342;57177.342;57177.342;57177.342;57177.342;57177.342,6D,462.0
SSABV,2,750,8,2,6030,random,6030,57089.46909336802,58523.02715747732,1433.5580641093038,True,482.3509613908787,2.235204884000268,450.245 -308.246;701.504 103.495;446.818 563.431;-50.697 0.546;-662.514 -351.529;-460.848 334.601;-157.819 732.989;-238.629 -708.770,nan;nan;nan;nan;nan;nan;nan;nan;nan;nan;nan;nan;nan;nan;nan;nan;nan;nan;nan;nan;nan;nan;nan;nan;nan;nan;nan;nan;nan;nan;nan;nan;nan;nan;nan;nan;nan;nan;nan;56046.695;56046.695;56046.695;56545.224;56545.224;56555.655;56862.612;56862.612;56862.612;56862.612;56862.612;56862.612;56862.612;56862.612;56862.612;56862.612;56862.612;56862.612;56862.612;56862.612;56862.612;56862.612;56862.612;56862.612;56866.436;56868.249;56870.438;56872.579;56873.374;56874.661;56875.876;56876.770;56877.533;56878.219;56878.573;56878.641;56878.854;56879.047;56879.133;56879.281;56879.361;56879.446;56879.475;56879.514;56879.538;56879.570;56879.587;56879.600;56879.612;56879.617;56879.625;56879.632;56879.638;56879.641;56879.643;56879.645;56879.646;56879.646;56879.647;56879.647;56879.647;56879.648;56966.013;56995.388;56995.388;56995.388;56998.724;57000.584;57001.678;57002.954;57004.917;57005.153;57006.106;57007.169;57008.225;57012.849;57012.849;57015.092;57015.623;57017.830;57018.354;57020.525;57022.652;57023.178;57025.270;57025.790;57027.848;57027.848;57029.863;57030.386;57032.368;57032.368;57034.976;57035.172;57036.025;57036.796;57037.428;57037.690;57038.245;57039.206;57040.157;57040.420;57041.363;57041.363;57041.624;57042.559;57043.484;57043.746;57044.664;57044.924;57045.834;57046.733;57046.995;57057.837;57058.604;57059.111;57060.028;57060.093;57061.857;57062.615;57063.472;57064.326;57065.175;57066.020;57066.862;57066.862;57066.924;57067.761;57068.437;57070.185;57070.938;57071.610;57079.908;57081.649;57083.382;57084.131;57084.875;57084.875;57085.739;57086.110;57086.555;57086.555;57086.884;57087.744;57088.114;57088.273;57088.582;57088.826;57089.069;57089.311;57089.311;57089.469;57089.469;57089.469;57089.469;57089.469;57089.469;57089.469;57089.469;57089.469;57089.469;57089.469,6D,462.0
RSDVNS,2,750,8,12,6030,random,6030,56866.98481362652,58523.02715747732,1656.0423438508005,True,464.3444436049011,1.9511811890006356,-184.899 214.985;-728.635 -10.260;283.476 -89.748;659.362 219.246;-122.312 739.395;237.281 -627.412;-520.091 -425.140;397.455 619.309,nan;nan;nan;nan;nan;nan;nan;nan;nan;nan;nan;nan;nan;nan;nan;nan;nan;nan;nan;nan;nan;nan;nan;nan;nan;nan;nan;nan;nan;nan;nan;nan;nan;nan;nan;nan;nan;nan;nan;nan;nan;nan;nan;nan;nan;nan;nan;nan;nan;nan;nan;nan;nan;nan;nan;nan;nan;nan;nan;nan;nan;nan;nan;nan;nan;nan;nan;nan;nan;nan;nan;nan;nan;nan;nan;nan;nan;nan;nan;nan;nan;nan;nan;nan;nan;nan;nan;nan;nan;nan;nan;nan;nan;nan;nan;nan;nan;nan;nan;nan;nan;nan;nan;nan;nan;nan;56016.971;56322.618;56420.317;56518.890;56536.432;56551.101;56551.101;56563.497;56575.512;56618.250;56665.874;56675.928;56737.667;56737.667;56742.455;56750.453;56755.096;56759.329;56759.329;56765.438;56769.201;56772.271;56774.885;56776.948;56779.226;56780.325;56782.394;56784.431;56790.299;56791.701;56793.671;56795.619;56797.544;56802.553;56803.136;56804.202;56804.817;56804.995;56804.995;56807.246;56809.691;56811.615;56812.137;56813.435;56814.204;56817.298;56817.570;56818.111;56818.632;56818.632;56818.632;56820.543;56821.736;56823.009;56823.963;56824.685;56825.554;56825.807;56826.444;56827.624;56827.986;56828.115;56828.115;56828.178;56828.806;56829.281;56829.691;56830.009;56830.325;56830.451;56830.514;56830.575;56830.636;56830.649;56830.649;56831.077;56831.077;56831.077;56831.077;56831.077;56831.077;56831.077;56831.077;56831.077;56831.077;56831.077;56831.077;56831.077;56831.077;56831.077;56831.077;56840.319;56856.798;56856.798;56866.985,6D,462.0
BVNS,2,750,8,22,6030,random,6030,56739.84331511376,58523.02715747732,1783.1838423635636,True,493.62332738815206,1.8025629659996412,-670.584 -220.790;-221.908 560.133;428.950 615.016;92.031 -740.083;-683.939 304.556;-44.893 -40.948;658.917 -351.550;516.000 129.129,nan;nan;nan;nan;nan;nan;nan;nan;nan;nan;nan;nan;nan;nan;nan;nan;nan;nan;nan;nan;nan;nan;nan;nan;nan;nan;nan;nan;nan;nan;nan;nan;nan;nan;56343.573;56405.977;56417.099;56431.437;56431.437;56437.878;56524.047;56524.047;56535.120;56535.120;56535.213;56540.971;56540.971;56543.289;56550.857;56558.199;56560.455;56562.689;56569.815;56576.733;56583.449;56585.576;56592.074;56602.217;56602.217;56602.899;56603.504;56605.311;56606.620;56606.915;56608.225;56611.273;56612.458;56614.160;56615.347;56616.522;56618.174;56619.168;56619.542;56619.883;56620.376;56623.602;56623.602;56623.880;56624.208;56624.208;56626.218;56628.052;56628.852;56629.648;56630.237;56631.029;56631.814;56631.814;56632.167;56632.411;56634.229;56634.362;56635.190;56635.979;56635.979;56636.110;56636.110;56636.838;56637.539;56637.604;56637.604;56637.604;56637.604;56637.604;56637.604;56637.604;56637.604;56637.604;56637.604;56637.604;56637.604;56637.604;56637.604;56637.604;56637.604;56637.604;56637.604;56637.604;56637.604;56643.627;56645.196;56645.196;56650.883;56652.154;56652.154;56656.786;56656.786;56659.207;56661.481;56662.848;56663.666;56666.132;56668.574;56670.990;56671.945;56674.337;56675.126;56677.489;56678.264;56680.600;56681.360;56681.360;56681.997;56682.909;56683.766;56684.419;56684.779;56686.127;56686.472;56686.807;56687.034;56687.122;56689.359;56689.841;56690.268;56690.638;56690.907;56691.215;56691.466;56691.708;56694.116;56696.499;56698.858;56701.194;56702.000;56709.102;56711.416;56712.172;56712.918;56715.201;56715.934;56716.596;56718.853;56718.853;56721.852;56721.852;56722.563;56724.775;56725.487;56727.674;56728.353;56729.025;56731.191;56731.873;56734.017;56734.709;56735.386;56736.056;56736.709;56736.709;56737.130;56737.499;56737.830;56738.151;56738.468;56738.778;56738.778;56739.066;56739.338;56739.596;56739.843,6D,462.0
SSA,2,750,8,2,6030,random,6030,56523.0293315046,58523.02715747732,1999.9978259727213,True,471.34685579462115,1.873474425000495,600.678 439.919;-386.767 642.549;86.854 103.913;-14.216 -356.470;515.405 -544.847;196.069 723.917;-615.202 -184.395;749.196 -34.718,nan;nan;nan;nan;nan;nan;nan;nan;nan;nan;nan;nan;nan;nan;nan;nan;nan;nan;nan;nan;nan;nan;nan;nan;nan;nan;nan;nan;nan;nan;nan;nan;nan;nan;nan;nan;nan;nan;nan;nan;nan;nan;nan;nan;nan;nan;nan;nan;nan;nan;nan;nan;nan;nan;nan;nan;nan;nan;nan;nan;nan;nan;nan;nan;nan;nan;nan;nan;nan;nan;nan;nan;nan;nan;nan;nan;nan;nan;nan;nan;nan;nan;nan;nan;nan;nan;nan;nan;nan;56235.387;56235.387;56235.387;56335.308;56434.537;56434.537;56465.504;56465.504;56465.504;56465.504;56465.504;56465.504;56465.504;56476.904;56476.904;56476.904;56486.162;56486.162;56486.162;56486.162;56486.162;56486.162;56486.162;56486.162;56490.008;56491.435;56495.561;56495.561;56495.561;56495.561;56495.561;56495.561;56495.561;56495.561;56495.561;56495.890;56500.600;56504.352;56506.984;56507.640;56508.827;56508.827;56511.341;56514.347;56515.716;56516.637;56516.637;56517.462;56517.888;56518.106;56518.652;56518.773;56519.884;56520.200;56520.367;56520.660;56521.080;56521.080;56521.297;56521.301;56521.443;56521.564;56521.733;56522.087;56522.093;56522.350;56522.350;56522.363;56522.431;56522.495;56522.508;56522.581;56522.652;56522.696;56522.704;56522.746;56522.792;56522.819;56522.853;56522.872;56522.920;56522.943;56522.956;56522.959;56522.974;56522.988;56522.995;56522.998;56523.000;56523.007;56523.007;56523.008;56523.011;56523.013;56523.017;56523.019;56523.021;56523.021;56523.022;56523.024;56523.025;56523.025;56523.026;56523.027;56523.027;56523.028;56523.029;56523.029;56523.029;56523.029;56523.029;56523.029,6D,462.0
LXSSA,2,750,8,12,6030,random,6030,56719.97624618888,58523.02715747732,1803.0509112884392,True,489.0634503143135,1.8810141419999127,423.793 604.148;-647.467 334.359;-76.878 -736.460;478.246 -577.737;519.297 67.217;25.218 -110.511;-29.715 421.080;-469.178 -330.512,nan;nan;nan;nan;nan;nan;nan;nan;nan;nan;nan;nan;nan;nan;nan;nan;nan;nan;nan;nan;nan;nan;nan;nan;nan;nan;nan;nan;nan;nan;nan;nan;nan;nan;nan;nan;nan;nan;nan;nan;nan;nan;nan;nan;nan;nan;nan;nan;nan;nan;nan;nan;nan;nan;nan;nan;nan;nan;nan;nan;nan;nan;nan;nan;nan;nan;nan;nan;nan;nan;nan;nan;nan;nan;nan;nan;nan;nan;nan;nan;nan;nan;nan;56154.062;56154.062;56154.062;56154.062;56242.215;56242.215;56242.215;56391.447;56472.392;56472.392;56472.392;56472.392;56476.576;56476.576;56483.887;56483.887;56571.275;56571.275;56571.993;56571.993;56575.993;56604.227;56611.359;56611.359;56639.714;56639.714;56640.386;56651.255;56659.731;56659.731;56659.731;56659.731;56680.185;56680.185;56691.504;56691.504;56691.504;56695.559;56696.092;56696.092;56713.006;56713.006;56713.006;56713.006;56713.006;56713.006;56713.006;56713.006;56713.574;56713.574;56713.574;56715.294;56715.294;56715.294;56715.575;56715.575;56715.575;56716.561;56716.642;56717.431;56717.788;56717.788;56717.880;56717.925;56717.925;56718.067;56718.730;56718.730;56718.743;56718.799;56718.799;56718.910;56718.910;56719.045;56719.398;56719.398;56719.697;56719.697;56719.697;56719.724;56719.741;56719.752;56719.752;56719.776;56719.831;56719.831;56719.849;56719.849;56719.849;56719.855;56719.856;56719.864;56719.864;56719.875;56719.875;56719.882;56719.906;56719.906;56719.931;56719.931;56719.931;56719.934;56719.944;56719.944;56719.959;56719.959;56719.975;56719.975;56719.975;56719.975;56719.975;56719.976;56719.976;56719.976;56719.976;56719.976;56719.976;56719.976,6D,462.0
DE,2,750,8,22,6030,random,6030,56189.75319055319,58523.02715747732,2333.2739669241346,True,494.01443151408546,2.245507868000459,-621.707 -46.987;-313.717 -491.838;18.273 -26.104;167.248 -604.633;-388.691 460.972;77.238 661.167;454.885 256.116;590.910 -322.749,nan;nan;nan;nan;nan;nan;nan;nan;nan;nan;nan;nan;nan;nan;nan;nan;nan;nan;nan;nan;nan;nan;nan;nan;nan;nan;nan;nan;nan;nan;nan;nan;nan;nan;nan;nan;nan;nan;nan;nan;nan;nan;nan;nan;nan;nan;nan;nan;nan;nan;nan;nan;nan;nan;nan;nan;nan;nan;nan;nan;nan;nan;nan;nan;nan;nan;nan;nan;nan;nan;nan;nan;nan;nan;nan;nan;nan;nan;nan;nan;nan;nan;nan;nan;nan;nan;nan;nan;nan;nan;nan;nan;nan;nan;nan;nan;nan;nan;nan;nan;nan;nan;nan;nan;nan;nan;nan;nan;nan;nan;nan;nan;nan;nan;nan;nan;nan;nan;nan;nan;nan;nan;nan;nan;nan;nan;nan;nan;nan;nan;nan;nan;nan;nan;nan;nan;nan;nan;nan;nan;nan;nan;nan;nan;nan;nan;nan;nan;nan;nan;nan;nan;nan;nan;nan;nan;nan;nan;nan;nan;nan;nan;nan;nan;nan;nan;nan;nan;nan;nan;nan;nan;nan;nan;nan;nan;nan;nan;nan;nan;nan;nan;nan;nan;nan;nan;nan;nan;nan;nan;nan;nan;56189.753;56189.753;56189.753;56189.753;56189.753;56189.753;56189.753;56189.753;56189.753,6D,462.0
PSOBV,2,750,8,2,6030,random,6030,57294.060388775804,58523.02715747732,1228.9667687015171,True,519.3900452868177,1.8356147020003846,696.984 -112.997;325.274 -497.146;-613.145 393.389;-303.259 -685.938;490.956 544.055;84.378 128.872;-602.996 -261.764;-175.795 722.800,nan;nan;nan;nan;nan;nan;nan;nan;nan;nan;nan;nan;nan;nan;nan;nan;nan;nan;nan;nan;nan;nan;nan;56172.025;56210.788;56210.788;56317.673;56317.673;56317.673;56317.673;56317.673;56554.284;56554.284;56554.284;56554.284;56554.284;56554.284;56554.284;56554.284;56554.284;56581.742;56624.340;56624.340;56624.340;56624.340;56624.340;56656.974;56656.974;56656.974;56656.974;56656.974;56779.547;56779.547;56779.547;56779.547;56972.466;56972.466;56972.466;56972.466;56972.466;56972.466;56972.466;56997.026;57009.772;57009.772;57012.343;57012.343;57012.343;57012.343;57012.343;57012.343;57012.343;57012.343;57015.361;57015.361;57015.361;57015.361;57015.361;57039.099;57057.191;57057.191;57057.191;57057.191;57057.191;57057.191;57059.038;57065.154;57065.154;57065.154;57065.154;57065.154;57065.154;57149.565;57149.565;57149.565;57149.565;57149.565;57149.565;57149.565;57149.565;57149.565;57238.490;57246.368;57246.368;57250.266;57251.865;57251.865;57254.326;57255.860;57256.724;57257.917;57257.937;57262.296;57267.985;57267.985;57270.779;57272.279;57273.347;57276.115;57277.089;57277.089;57280.692;57280.692;57283.373;57286.225;57288.253;57288.253;57289.573;57289.973;57291.283;57291.283;57291.283;57291.994;57292.320;57292.596;57292.596;57292.855;57293.562;57294.060;57294.060;57294.060;57294.060;57294.060;57294.060;57294.060;57294.060;57294.060;57294.060;57294.060;57294.060;57294.060;57294.060;57294.060;57294.060;57294.060;57294.060;57294.060;57294.060;57294.060;57294.060;57294.060;57294.060;57294.060;57294.060;57294.060;57294.060;57294.060;57294.060;57294.060;57294.060;57294.060;57294.060;57294.060;57294.060;57294.060;57294.060;57294.060;57294.060;57294.060;57294.060;57294.060;57294.060;57294.060;57294.060;57294.060;57294.060;57294.060;57294.060;57294.060;57294.060;57294.060;57294.060;57294.060;57294.060;57294.060;57294.060;57294.060;57294.060;57294.060;57294.060;57294.060,5D,385.0
SSABV,2,750,8,12,6030,random,6030,56971.676594819495,58523.02715747732,1551.3505626578262,True,391.88706322803,1.8117547149995517,405.019 630.117;585.792 282.415;-582.491 318.627;325.208 -219.975;-699.622 -201.660;-346.082 -625.140;-51.975 168.660;391.029 -639.796,nan;nan;nan;nan;nan;nan;nan;nan;nan;nan;nan;nan;nan;nan;nan;nan;nan;nan;nan;nan;nan;nan;nan;nan;nan;nan;nan;nan;nan;nan;nan;nan;nan;nan;nan;nan;nan;nan;nan;nan;nan;nan;55707.040;56171.282;56171.282;56171.282;56177.800;56232.596;56301.250;56301.250;56301.250;56301.250;56316.863;56342.939;56345.068;56349.415;56408.210;56408.210;56469.781;56473.800;56479.640;56484.436;56488.624;56505.617;56511.129;56511.791;56513.076;56515.032;56516.657;56517.806;56518.690;56518.771;56519.263;56519.821;56520.194;56520.435;56520.616;56520.695;56520.849;56520.907;56520.948;56520.964;56521.013;56521.033;56521.062;56521.082;56521.105;56521.122;56521.130;56521.134;56521.143;56521.147;56521.150;56521.153;56521.156;56521.159;56521.159;56521.161;56521.161;56521.162;56521.162;56611.125;56653.174;56671.192;56674.174;56724.036;56724.036;56734.002;56734.002;56738.406;56739.791;56744.189;56748.059;56750.178;56752.251;56752.251;56752.498;56756.795;56761.021;56761.375;56769.751;56770.264;56777.946;56782.119;56782.611;56786.428;56786.428;56786.609;56790.725;56794.775;56794.900;56798.885;56880.753;56880.753;56884.746;56887.424;56889.298;56890.717;56890.934;56895.370;56895.981;56897.431;56898.843;56902.735;56902.735;56902.868;56904.767;56907.418;56909.245;56910.648;56910.759;56912.611;56915.252;56917.057;56918.454;56918.543;56918.612;56922.980;56923.595;56924.764;56926.155;56927.923;56930.543;56932.303;56933.687;56933.753;56935.476;56938.086;56939.826;56941.204;56941.249;56941.274;56945.529;56946.148;56947.249;56948.621;56948.645;56950.283;56952.873;56954.573;56955.939;56955.942;56957.539;56960.119;56961.800;56963.160;56963.160;56964.440;56964.926;56965.757;56967.341;56967.341;56968.167;56968.845;56969.520;56970.024;56970.024;56970.660;56971.072;56971.408;56971.677,5D,385.0
RSDVNS,2,750,8,22,6030,random,6030,57339.710279589184,58523.02715747732,1183.3168778881372,True,472.3837200576407,1.8955445459996554,-708.228 -246.261;474.744 206.051;-324.084 675.899;286.455 671.539;-524.397 188.885;-223.072 -715.754;24.820 -248.206;692.538 -285.454,nan;nan;nan;nan;nan;nan;nan;nan;nan;nan;nan;nan;nan;nan;nan;nan;nan;nan;nan;nan;nan;nan;nan;nan;nan;nan;nan;nan;nan;nan;nan;nan;nan;56436.973;56436.973;56436.973;56436.973;56436.973;56436.973;56436.973;56436.973;56436.973;56436.973;56436.973;56436.973;56436.973;56436.973;56436.973;56436.973;56436.973;56436.973;56436.973;56436.973;56436.973;56436.973;56436.973;56436.973;56436.973;56436.973;56436.973;56436.973;56436.973;56436.973;56436.973;56436.973;56436.973;56436.973;56436.973;56436.973;56436.973;56436.973;56436.973;56436.973;56436.973;56436.973;56436.973;56436.973;56436.973;56436.973;56436.973;56436.973;56436.973;56436.973;56436.973;56436.973;56436.973;56436.973;56436.973;56436.973;56436.973;56436.973;56436.973;56436.973;56436.973;56436.973;56436.973;56436.973;56436.973;56436.973;56436.973;56638.498;56894.683;56927.107;57007.034;57072.053;57131.941;57157.024;57167.587;57173.648;57183.344;57183.344;57206.496;57210.234;57210.234;57222.044;57223.943;57224.162;57229.384;57235.031;57235.197;57237.525;57239.184;57240.682;57241.185;57245.792;57246.290;57246.766;57246.972;57248.793;57248.963;57250.762;57250.762;57250.787;57253.308;57253.308;57255.551;57256.358;57256.532;57256.773;57258.994;57259.073;57259.959;57259.959;57261.182;57262.562;57263.208;57263.654;57264.092;57264.215;57264.492;57265.035;57265.073;57265.195;57266.250;57266.372;57266.492;57266.611;57267.699;57267.740;57268.174;57268.605;57336.768;57337.022;57337.022;57337.341;57338.028;57338.114;57338.335;57338.515;57338.641;57338.641;57338.727;57338.853;57338.923;57339.049;57339.109;57339.650;57339.710;57339.710;57339.710;57339.710;57339.710;57339.710;57339.710;57339.710;57339.710;57339.710;57339.710;57339.710;57339.710;57339.710;57339.710;57339.710;57339.710;57339.710;57339.710;57339.710;57339.710;57339.710;57339.710;57339.710,5D,385.0
PSOC,2,750,8,2,6030,random,6030,57530.53397630401,58523.02715747732,992.4931811733113,True,430.2960942581111,1.8191712220004774,647.391 -118.430;400.143 -496.608;-463.256 407.898;-302.668 -683.877;501.115 543.132;141.752 110.018;-502.952 -261.783;-170.625 723.369,nan;nan;nan;nan;nan;nan;nan;nan;nan;nan;nan;nan;nan;nan;nan;nan;nan;nan;nan;nan;nan;nan;nan;56172.025;56210.788;56210.788;56317.673;56317.673;56317.673;56317.673;56317.673;56554.284;56554.284;56554.284;56554.284;56554.284;56554.284;56554.284;56554.284;56554.284;56581.742;56624.340;56624.340;56624.340;56624.340;56624.340;56656.974;56656.974;56656.974;56656.974;56656.974;56779.547;56779.547;56779.547;56779.547;56972.466;56972.466;56972.466;56972.466;56972.466;56972.466;56972.466;56997.026;57009.772;57009.772;57012.343;57012.343;57012.343;57012.343;57012.343;57012.343;57012.343;57012.343;57015.361;57015.361;57015.361;57015.361;57015.361;57039.099;57057.191;57057.191;57057.191;57057.191;57057.191;57057.191;57059.038;57065.154;57065.154;57065.154;57065.154;57065.154;57065.154;57149.565;57149.565;57149.565;57149.565;57149.565;57149.565;57149.565;57149.565;57149.565;57149.565;57149.565;57149.565;57149.565;57149.565;57149.565;57149.565;57149.565;57149.565;57149.565;57149.565;57149.565;57153.851;57153.851;57153.851;57153.851;57153.851;57153.851;57153.851;57153.851;57153.851;57153.851;57153.851;57153.851;57176.302;57176.302;57176.302;57176.302;57232.577;57232.577;57232.577;57232.577;57232.577;57232.577;57232.577;57232.577;57232.577;57232.577;57232.577;57236.535;57236.535;57237.271;57237.271;57237.271;57238.532;57238.532;57251.784;57261.265;57261.265;57261.265;57261.265;57261.265;57431.448;57431.448;57431.448;57431.448;57431.448;57431.448;57431.448;57431.448;57431.448;57431.448;57431.448;57431.448;57435.512;57435.512;57514.741;57516.636;57516.636;57516.636;57516.636;57516.636;57516.636;57516.636;57516.636;57529.620;57529.620;57529.620;57529.620;57529.620;57529.620;57529.620;57529.620;57529.620;57529.620;57529.620;57529.620;57529.620;57529.620;57529.620;57530.534;57530.534;57530.534;57530.534;57530.534;57530.534;57530.534;57530.534;57530.534;57530.534,5D,385.0
SSA,2,750,8,12,6030,random,6030,56722.32197135992,58523.02715747732,1800.705186117404,True,479.88768651616124,1.8582175510000525,230.114 585.047;-102.298 227.274;421.567 26.642;543.100 -517.245;-705.299 255.055;81.326 -341.665;-406.302 630.412;-558.016 -232.658,nan;nan;nan;nan;nan;nan;nan;nan;nan;nan;nan;nan;nan;nan;nan;nan;nan;nan;nan;nan;nan;nan;nan;nan;nan;nan;nan;nan;nan;nan;nan;nan;nan;nan;nan;nan;nan;nan;nan;nan;nan;nan;nan;nan;nan;nan;nan;nan;nan;nan;nan;nan;nan;nan;nan;nan;nan;nan;nan;nan;nan;nan;nan;nan;nan;nan;nan;nan;nan;nan;nan;nan;nan;nan;nan;nan;nan;55881.793;55881.793;55881.793;55881.793;55881.793;55881.793;55881.793;55883.347;55883.347;55883.347;56380.895;56513.070;56513.070;56513.070;56513.070;56513.070;56513.070;56513.070;56529.489;56529.489;56594.620;56594.620;56594.620;56594.620;56622.653;56622.653;56622.653;56622.653;56622.653;56629.338;56635.982;56653.040;56663.384;56663.384;56677.961;56677.961;56677.961;56679.874;56688.748;56688.748;56688.748;56695.181;56697.607;56698.500;56698.500;56699.409;56703.739;56703.739;56704.098;56708.845;56712.927;56714.165;56716.379;56716.722;56718.359;56718.739;56718.808;56719.109;56719.109;56719.109;56719.109;56719.109;56719.204;56719.204;56719.204;56719.403;56720.170;56720.300;56720.352;56720.559;56720.752;56721.118;56721.206;56721.251;56721.422;56721.464;56721.627;56721.644;56721.670;56721.796;56721.919;56721.960;56721.977;56722.025;56722.112;56722.121;56722.141;56722.176;56722.191;56722.228;56722.244;56722.262;56722.264;56722.272;56722.276;56722.287;56722.289;56722.292;56722.301;56722.301;56722.301;56722.307;56722.307;56722.308;56722.309;56722.309;56722.311;56722.313;56722.315;56722.317;56722.317;56722.318;56722.318;56722.319;56722.319;56722.320;56722.320;56722.320;56722.321;56722.321;56722.321;56722.321;56722.322;56722.322,5D,385.0
LXSSA,2,750,8,22,6030,random,6030,55985.23740922276,58523.02715747732,2537.7897482545595,True,409.00668787676835,1.800664470000811,46.602 116.271;-700.593 250.362;-148.830 722.089;-57.492 -546.949;-295.765 340.038;402.740 567.452;547.265 170.484;-521.684 -145.624,nan;nan;nan;nan;nan;nan;nan;nan;nan;nan;nan;nan;nan;nan;nan;nan;nan;nan;nan;nan;nan;nan;nan;nan;nan;nan;nan;nan;nan;nan;nan;nan;nan;nan;nan;nan;nan;nan;nan;nan;nan;nan;nan;nan;nan;nan;nan;nan;nan;nan;nan;nan;nan;nan;nan;nan;nan;nan;nan;54900.393;54900.393;54900.393;54900.393;54900.393;54900.393;54900.393;54900.393;55259.062;55259.062;55259.062;55259.062;55259.062;55259.062;55259.062;55259.062;55519.604;55519.604;55519.604;55519.604;55519.604;55519.604;55539.828;55539.828;55539.828;55539.828;55858.380;55858.380;55858.380;55858.380;55858.380;55858.380;55858.380;55858.380;55860.070;55860.070;55860.070;55860.070;55860.848;55860.848;55860.848;55860.848;55860.848;55860.848;55860.848;55860.848;55870.271;55870.271;55872.500;55872.500;55874.182;55874.182;55875.487;55875.487;55887.731;55887.731;55887.731;55887.731;55888.027;55888.027;55888.302;55896.020;55897.777;55903.558;55906.796;55906.796;55906.796;55911.177;55911.177;55914.473;55916.104;55916.104;55917.016;55917.308;55919.545;55919.545;55922.177;55922.177;55923.715;55923.750;55923.750;55924.799;55925.163;55925.940;55934.043;55934.043;55935.945;55935.945;55938.541;55938.541;55938.541;55939.010;55939.010;55939.460;55939.922;55939.922;55939.922;55939.999;55940.004;55940.119;55940.208;55940.208;55940.221;55940.310;55940.312;55940.352;55941.403;55941.403;55941.403;55941.454;55941.454;55941.467;55941.478;55941.487;55941.492;55941.495;55941.502;55941.507;55941.507;55941.514;55941.514;55941.519;55941.558;55941.558;55941.652;55941.652;55941.806;55941.806;55942.155;55942.155;55943.215;55943.215;55947.295;55947.295;55959.160;55959.160;55978.335;55978.335;55978.335;55978.336;55985.237;55985.237,5D,385.0
SLSQP,1,500,6,2,6030,random,6030,83854.39791375924,84274.42421840897,420.02630464972754,True,468.1258539259802,2.0981144900006257,-33.412 -18.003;240.512 -438.353;-230.354 435.691;238.456 439.476;497.660 48.312;-231.985 -441.926,nan;nan;nan;nan;nan;nan;nan;nan;nan;nan;nan;nan;nan;nan;nan;nan;nan;nan;nan;nan;nan;nan;nan;nan;nan;nan;nan;nan;nan;nan;nan;nan;nan;nan;nan;nan;nan;nan;nan;nan;nan;nan;83338.695;83338.695;83338.695;83338.695;83338.695;83338.695;83338.695;83338.695;83338.695;83338.695;83338.695;83338.695;83338.695;83338.695;83338.695;83338.695;83338.695;83338.695;83338.695;83338.695;83338.695;83338.695;83338.695;83338.695;83338.695;83338.695;83338.695;83338.695;83338.695;83338.695;83338.695;83338.695;83338.695;83338.695;83338.695;83338.695;83338.695;83338.695;83338.695;83338.695;83338.695;83338.695;83338.695;83338.695;83338.695;83338.695;83338.695;83338.695;83338.695;83338.695;83338.695;83338.695;83338.695;83338.695;83338.695;83338.695;83338.695;83338.695;83338.695;83338.695;83338.695;83338.695;83338.695;83338.695;83338.695;83338.695;83338.695;83338.695;83338.695;83338.695;83338.695;83338.695;83338.695;83338.695;83338.695;83338.695;83338.695;83338.695;83338.695;83338.695;83338.695;83338.695;83338.695;83338.695;83338.695;83338.695;83338.695;83338.695;83338.695;83338.695;83338.695;83338.695;83338.695;83338.695;83338.695;83338.695;83338.695;83338.695;83338.695;83338.695;83338.695;83338.695;83338.695;83338.695;83338.695;83338.695;83338.695;83338.695;83338.695;83338.695;83338.695;83338.695;83338.695;83338.695;83338.695;83338.695;83338.695;83338.695;83338.695;83338.695;83338.695;83338.695;83338.695;83338.695;83338.695;83338.695;83338.695;83338.695;83851.615;83852.472;83854.398;83854.398;83854.398;83854.398;83854.398;83854.398;83854.398;83854.398;83854.398;83854.398;83854.398;83854.398;83854.398;83854.398;83854.398;83854.398;83854.398;83854.398;83854.398;83854.398;83854.398;83854.398;83854.398;83854.398;83854.398;83854.398;83854.398;83854.398;83854.398,6D,462.0
PSOBV,1,500,6,12,6030,random,6030,83255.90196734066,84274.42421840897,1018.5222510683088,True,462.01492729783945,1.6117011780006578,233.399 441.846;-498.614 -31.480;35.187 -17.639;-233.706 -442.004;372.831 -333.003;-228.289 418.133,nan;nan;nan;nan;nan;nan;nan;nan;nan;nan;nan;nan;nan;nan;nan;nan;nan;nan;nan;nan;nan;nan;nan;nan;nan;nan;nan;nan;nan;nan;nan;nan;nan;nan;nan;nan;nan;nan;nan;nan;nan;nan;nan;nan;nan;nan;nan;nan;nan;nan;nan;82546.144;82568.447;82568.447;82568.447;82573.456;82582.517;83082.392;83082.392;83082.392;83126.498;83126.498;83126.498;83126.498;83126.498;83126.498;83143.556;83143.556;83143.556;83143.556;83143.556;83143.556;83143.556;83149.963;83149.963;83149.963;83149.963;83149.963;83149.963;83149.963;83151.978;83151.978;83151.978;83151.978;83154.307;83154.307;83154.307;83154.307;83154.307;83154.307;83154.884;83154.884;83155.349;83155.349;83155.375;83155.375;83155.375;83155.375;83155.375;83155.375;83155.399;83241.975;83242.076;83243.816;83245.022;83246.152;83246.858;83247.649;83247.769;83249.705;83250.000;83251.870;83252.113;83252.383;83252.478;83252.536;83254.456;83254.474;83254.538;83254.552;83254.565;83254.712;83254.740;83254.787;83254.892;83255.876;83255.876;83255.902;83255.902;83255.902;83255.902;83255.902;83255.902;83255.902;83255.902;83255.902;83255.902;83255.902;83255.902;83255.902;83255.902;83255.902;83255.902;83255.902;83255.902;83255.902;83255.902;83255.902;83255.902;83255.902;83255.902;83255.902;83255.902;83255.902;83255.902;83255.902;83255.902;83255.902;83255.902;83255.902;83255.902;83255.902;83255.902;83255.902;83255.902;83255.902;83255.902;83255.902;83255.902;83255.902;83255.902;83255.902;83255.902;83255.902;83255.902;83255.902;83255.902;83255.902;83255.902;83255.902;83255.902;83255.902;83255.902;83255.902;83255.902;83255.902;83255.902;83255.902;83255.902;83255.902;83255.902;83255.902;83255.902;83255.902;83255.902;83255.902;83255.902;83255.902;83255.902;83255.902;83255.902,6D,462.0
SSABV,1,500,6,22,6030,random,6030,83737.90626655296,84274.42421840897,536.5179518560035,True,462.5273231524157,1.6459923400007028,-475.000 155.680;189.344 -462.118;-321.501 -382.821;-22.746 58.738;496.875 -50.434;256.128 429.023,nan;nan;nan;nan;nan;nan;nan;nan;nan;nan;nan;nan;nan;nan;nan;nan;nan;nan;nan;nan;nan;nan;nan;nan;nan;nan;nan;nan;nan;nan;nan;nan;nan;nan;nan;nan;nan;nan;nan;nan;nan;nan;nan;nan;nan;nan;nan;nan;nan;nan;nan;nan;nan;nan;nan;nan;nan;nan;nan;83669.481;83670.957;83672.505;83673.052;83673.833;83674.147;83674.658;83675.210;83675.431;83675.630;83675.741;83675.844;83676.071;83676.237;83676.237;83676.299;83676.341;83676.410;83676.441;83676.452;83676.493;83676.509;83676.518;83676.529;83676.538;83676.546;83676.551;83676.556;83676.559;83676.561;83676.562;83676.563;83676.565;83676.565;83676.566;83676.566;83676.567;83676.567;83676.567;83676.567;83676.567;83676.567;83699.101;83699.101;83706.928;83706.928;83712.422;83730.009;83730.920;83731.094;83731.278;83731.365;83733.216;83733.267;83733.306;83734.280;83734.664;83734.678;83734.680;83735.157;83735.613;83735.935;83735.941;83736.178;83736.178;83736.339;83736.405;83736.406;83736.496;83736.497;83736.497;83736.497;83736.497;83736.497;83736.497;83736.497;83736.497;83736.497;83736.497;83736.497;83736.497;83736.497;83736.497;83736.497;83736.497;83736.497;83736.583;83736.818;83737.282;83737.282;83737.282;83737.499;83737.741;83737.741;83737.906;83737.906;83737.906;83737.906;83737.906;83737.906;83737.906;83737.906;83737.906;83737.906;83737.906;83737.906;83737.906;83737.906;83737.906;83737.906;83737.906;83737.906;83737.906;83737.906;83737.906;83737.906;83737.906;83737.906;83737.906;83737.906;83737.906;83737.906;83737.906;83737.906;83737.906;83737.906;83737.906;83737.906;83737.906;83737.906;83737.906;83737.906;83737.906;83737.906;83737.906;83737.906;83737.906;83737.906;83737.906;83737.906;83737.906;83737.906,6D,462.0
BVNS,1,500,6,2,6030,random,6030,83711.69877353228,84274.42421840897,562.7254448766907,True,462.45689826843096,1.562885775999348,299.778 400.000;238.474 -434.784;-499.219 2.195;-241.362 -422.935;497.690 -45.056;-45.364 92.196,nan;nan;nan;nan;nan;nan;nan;nan;nan;nan;nan;nan;nan;nan;nan;nan;nan;nan;nan;nan;nan;nan;nan;nan;nan;nan;nan;nan;nan;nan;nan;nan;nan;nan;83176.294;83212.281;83232.772;83290.235;83304.982;83327.782;83341.881;83355.609;83358.392;83360.321;83361.725;83362.309;83362.776;83363.432;83364.586;83371.708;83371.708;83372.002;83372.420;83372.420;83376.038;83376.227;83379.545;83380.151;83380.151;83380.293;83380.563;83380.661;83380.755;83380.845;83382.497;83384.097;83384.325;83384.390;83384.433;83384.559;83384.732;83384.780;83384.827;83385.648;83385.681;83385.714;83385.714;83385.714;83385.714;83385.714;83385.714;83385.714;83385.714;83385.714;83385.714;83385.714;83385.714;83385.714;83385.714;83385.714;83385.714;83385.714;83385.714;83385.714;83385.714;83385.714;83385.714;83385.714;83385.714;83385.714;83385.714;83385.714;83385.714;83385.714;83385.714;83385.714;83385.714;83385.714;83385.714;83385.714;83385.714;83385.714;83385.714;83385.714;83385.714;83385.714;83385.714;83385.714;83385.714;83385.714;83385.714;83385.714;83385.714;83385.714;83385.714;83385.714;83385.714;83385.714;83385.714;83385.714;83385.714;83385.714;83385.714;83659.270;83661.048;83661.858;83703.443;83704.389;83704.934;83705.614;83706.146;83707.067;83707.589;83708.226;83708.620;83708.870;83709.214;83709.381;83709.478;83709.499;83709.514;83709.525;83709.533;83709.533;83710.001;83710.103;83710.198;83710.319;83710.371;83710.479;83710.610;83711.083;83711.208;83711.259;83711.319;83711.379;83711.426;83711.486;83711.580;83711.640;83711.699;83711.699;83711.699;83711.699;83711.699;83711.699;83711.699;83711.699;83711.699;83711.699;83711.699;83711.699;83711.699;83711.699;83711.699;83711.699;83711.699;83711.699;83711.699;83711.699;83711.699;83711.699;83711.699;83711.699;83711.699;83711.699;83711.699;83711.699;83711.699;83711.699;83711.699,6D,462.0
PSOC,1,500,6,12,6030,random,6030,83257.21659710933,84274.42421840897,1017.2076212996326,True,465.2338358565288,1.6969939000000522,230.938 443.449;-498.016 -32.549;29.495 -19.265;-232.049 -442.179;369.832 -336.461;-239.531 387.448,nan;nan;nan;nan;nan;nan;nan;nan;nan;nan;nan;nan;nan;nan;nan;nan;nan;nan;nan;nan;nan;nan;nan;nan;nan;nan;nan;nan;nan;nan;nan;nan;nan;nan;nan;nan;nan;nan;nan;nan;nan;nan;nan;nan;nan;nan;nan;nan;nan;nan;nan;82546.144;82568.447;82568.447;82568.447;82573.456;82582.517;83082.392;83082.392;83082.392;83126.498;83126.498;83126.498;83126.498;83126.498;83126.498;83143.556;83143.556;83143.556;83143.556;83143.556;83143.556;83143.556;83149.963;83149.963;83149.963;83149.963;83149.963;83149.963;83149.963;83151.978;83151.978;83151.978;83151.978;83154.307;83154.307;83154.307;83154.307;83154.307;83154.307;83154.884;83154.884;83155.349;83155.349;83155.375;83155.375;83155.375;83155.375;83155.375;83155.375;83155.399;83155.422;83155.422;83155.422;83155.422;83155.455;83155.500;83155.532;83155.610;83155.617;83155.655;83155.655;83155.655;83155.727;83155.879;83156.083;83156.353;83156.353;83156.353;83156.373;83156.373;83156.373;83156.373;83203.223;83242.964;83242.964;83245.476;83245.476;83245.925;83245.925;83246.172;83246.172;83246.172;83246.172;83246.172;83246.172;83246.172;83246.172;83246.172;83246.172;83246.182;83246.182;83246.182;83246.227;83246.227;83246.227;83246.227;83246.227;83246.357;83246.357;83246.372;83246.372;83246.372;83246.831;83246.865;83246.865;83246.865;83246.865;83246.865;83246.993;83246.993;83247.234;83248.080;83248.080;83248.561;83249.309;83249.309;83249.844;83249.844;83250.009;83250.009;83250.009;83250.079;83250.762;83252.688;83252.896;83252.896;83252.896;83252.896;83253.803;83254.007;83254.261;83254.261;83254.698;83255.301;83255.301;83255.886;83256.244;83256.244;83256.378;83256.378;83256.378;83256.378;83256.799;83257.173;83257.173;83257.173;83257.217;83257.217;83257.217;83257.217,6D,462.0
SSA,1,500,6,22,6030,random,6030,82259.43966431153,84274.42421840897,2014.9845540974347,True,469.6172807463585,1.716263493999577,24.832 16.526;177.704 467.348;-426.548 201.415;241.498 -412.384;488.559 90.668;-334.917 -327.884,nan;nan;nan;nan;nan;nan;nan;nan;nan;nan;nan;nan;nan;nan;nan;nan;nan;nan;nan;nan;nan;nan;nan;nan;nan;nan;nan;nan;nan;nan;nan;nan;nan;nan;nan;nan;nan;nan;nan;nan;nan;nan;nan;nan;nan;nan;nan;nan;nan;nan;nan;nan;nan;nan;nan;nan;nan;nan;nan;nan;nan;nan;nan;nan;nan;nan;nan;nan;nan;nan;nan;nan;nan;nan;nan;nan;nan;nan;nan;nan;nan;nan;nan;nan;nan;nan;nan;nan;nan;nan;nan;nan;nan;nan;nan;nan;nan;nan;nan;nan;nan;nan;82085.959;82085.959;82085.959;82105.481;82105.481;82105.481;82105.481;82105.481;82105.481;82105.481;82111.220;82125.880;82125.880;82143.766;82162.499;82169.043;82169.043;82175.643;82184.921;82191.548;82199.543;82202.852;82209.984;82218.027;82224.869;82228.816;82232.149;82233.647;82233.647;82234.450;82235.865;82238.655;82240.972;82242.305;82244.979;82247.399;82248.173;82249.256;82250.643;82251.071;82252.686;82253.430;82254.559;82254.862;82255.558;82255.711;82255.997;82256.481;82256.907;82257.210;82257.406;82257.499;82257.778;82257.850;82258.090;82258.348;82258.528;82258.648;82258.795;82258.899;82258.932;82258.997;82259.043;82259.100;82259.103;82259.151;82259.198;82259.235;82259.254;82259.267;82259.287;82259.305;82259.321;82259.340;82259.349;82259.363;82259.371;82259.383;82259.392;82259.396;82259.402;82259.405;82259.411;82259.415;82259.419;82259.422;82259.426;82259.428;82259.431;82259.433;82259.434;82259.436;82259.437;82259.437;82259.438;82259.438;82259.439;82259.439;82259.440,6D,462.0
DE,1,500,6,2,6030,random,6030,82986.41099454048,84274.42421840897,1288.0132238684891,True,468.21879871805044,2.16012631600006,408.393 284.900;336.827 -342.152;-206.728 426.052;-149.258 -441.795;25.760 15.046;-465.906 -69.018,nan;nan;nan;nan;nan;nan;nan;nan;nan;nan;nan;nan;nan;nan;nan;nan;nan;nan;nan;nan;nan;nan;nan;nan;nan;nan;nan;nan;nan;nan;nan;nan;nan;nan;nan;nan;nan;nan;nan;nan;nan;nan;nan;nan;nan;nan;nan;nan;nan;nan;nan;nan;nan;nan;nan;nan;nan;nan;nan;nan;nan;nan;nan;nan;nan;nan;nan;nan;nan;nan;nan;nan;nan;nan;nan;nan;nan;nan;nan;nan;nan;nan;nan;nan;nan;nan;nan;nan;nan;nan;nan;nan;nan;nan;nan;nan;nan;nan;nan;nan;nan;nan;nan;nan;nan;nan;nan;nan;nan;nan;nan;nan;nan;nan;nan;nan;nan;nan;nan;nan;nan;nan;nan;nan;nan;nan;nan;nan;nan;nan;nan;nan;nan;nan;nan;nan;nan;nan;nan;nan;nan;nan;nan;nan;nan;nan;nan;nan;nan;nan;nan;nan;nan;nan;nan;nan;nan;nan;nan;nan;nan;nan;nan;nan;nan;nan;nan;nan;nan;nan;nan;nan;nan;nan;nan;nan;nan;nan;nan;nan;nan;nan;nan;nan;nan;nan;nan;nan;nan;82365.794;82365.794;82365.794;82365.794;82411.629;82411.629;82411.629;82411.629;82411.629;82982.094;82986.411;82986.411,6D,462.0
SLSQP,1,500,6,12,6030,random,6030,83863.67876140842,84274.42421840897,410.74545700055023,True,406.6143818632041,2.138369905000218,390.339 105.266;-489.272 99.497;-47.239 -69.535;-320.198 -370.913;161.947 -468.937;148.383 473.499,nan;nan;81856.834;81902.687;81902.687;81902.687;81902.687;81902.687;83320.102;83320.102;83322.796;83322.796;83323.947;83323.947;83323.947;83323.947;83323.947;83323.947;83323.947;83323.947;83323.947;83323.947;83324.302;83324.302;83324.302;83324.302;83324.302;83324.302;83324.302;83324.302;83324.302;83324.302;83324.302;83324.302;83324.302;83324.302;83324.302;83324.302;83324.302;83324.302;83324.302;83324.302;83324.302;83324.302;83324.302;83324.302;83324.302;83324.302;83324.302;83324.302;83324.302;83324.302;83324.302;83324.302;83324.302;83324.302;83324.302;83324.302;83324.302;83324.302;83324.302;83324.302;83324.302;83324.302;83324.302;83324.302;83324.302;83324.302;83324.302;83324.302;83324.302;83324.302;83324.302;83324.302;83324.302;83324.302;83324.302;83324.302;83324.302;83324.302;83324.302;83324.302;83324.302;83324.302;83324.302;83324.302;83324.302;83324.302;83324.302;83324.302;83324.302;83718.573;83863.679;83863.679;83863.679;83863.679;83863.679;83863.679;83863.679;83863.679;83863.679;83863.679;83863.679;83863.679;83863.679;83863.679;83863.679;83863.679;83863.679;83863.679;83863.679;83863.679;83863.679;83863.679;83863.679;83863.679;83863.679;83863.679;83863.679;83863.679;83863.679;83863.679;83863.679;83863.679;83863.679;83863.679;83863.679;83863.679;83863.679;83863.679;83863.679;83863.679;83863.679;83863.679;83863.679;83863.679;83863.679;83863.679;83863.679;83863.679;83863.679;83863.679;83863.679;83863.679;83863.679;83863.679;83863.679;83863.679;83863.679;83863.679;83863.679;83863.679;83863.679;83863.679;83863.679;83863.679;83863.679;83863.679;83863.679;83863.679;83863.679;83863.679;83863.679;83863.679;83863.679;83863.679;83863.679;83863.679;83863.679;83863.679;83863.679;83863.679;83863.679;83863.679;83863.679;83863.679;83863.679;83863.679;83863.679;83863.679;83863.679;83863.679;83863.679;83863.679;83863.679;83863.679;83863.679;83863.679;83863.679;83863.679;83863.679;83863.679;83863.679;83863.679;83863.679;83863.679;83863.679;83863.679;83863.679;83863.679;83863.679,5D,385.0
PSOBV,1,500,6,22,6030,random,6030,83954.61857603419,84274.42421840897,319.80564237477665,True,390.4143272418743,1.6647516299999552,108.268 487.736;339.097 -344.951;-349.202 352.966;-101.165 -52.845;-486.782 -113.858;480.102 139.331,nan;nan;nan;nan;nan;nan;nan;nan;nan;nan;nan;nan;nan;nan;nan;nan;nan;nan;nan;nan;nan;nan;nan;nan;83210.656;83210.656;83210.656;83210.656;83210.656;83210.656;83216.022;83216.022;83216.022;83246.170;83530.238;83530.238;83530.238;83530.238;83530.238;83530.238;83550.031;83550.031;83550.031;83550.031;83550.031;83550.031;83550.031;83550.031;83550.031;83558.377;83558.377;83558.377;83558.377;83558.377;83575.004;83575.004;83575.004;83575.004;83575.004;83575.004;83575.172;83575.172;83575.172;83576.324;83576.324;83576.398;83576.398;83576.398;83576.398;83578.457;83579.073;83579.073;83580.119;83580.212;83581.199;83583.935;83584.124;83584.498;83584.570;83586.014;83586.014;83586.014;83842.587;83842.587;83897.620;83897.620;83897.620;83897.620;83898.582;83898.582;83898.582;83909.778;83910.289;83910.289;83910.289;83910.289;83910.547;83911.097;83911.097;83911.443;83911.443;83925.613;83926.457;83926.457;83946.381;83947.552;83947.552;83948.024;83948.509;83949.062;83949.655;83949.989;83950.294;83950.908;83951.505;83951.831;83952.152;83952.457;83952.554;83952.649;83952.742;83952.833;83953.226;83953.418;83953.570;83953.739;83953.899;83954.058;83954.178;83954.299;83954.450;83954.472;83954.619;83954.619;83954.619;83954.619;83954.619;83954.619;83954.619;83954.619;83954.619;83954.619;83954.619;83954.619;83954.619;83954.619;83954.619;83954.619;83954.619;83954.619;83954.619;83954.619;83954.619;83954.619;83954.619;83954.619;83954.619;83954.619;83954.619;83954.619;83954.619;83954.619;83954.619;83954.619;83954.619;83954.619;83954.619;83954.619;83954.619;83954.619;83954.619;83954.619;83954.619;83954.619;83954.619;83954.619;83954.619;83954.619;83954.619;83954.619;83954.619;83954.619;83954.619;83954.619;83954.619;83954.619;83954.619;83954.619;83954.619;83954.619;83954.619;83954.619;83954.619;83954.619;83954.619;83954.619;83954.619;83954.619;83954.619;83954.619;83954.619,5D,385.0
RSDVNS,1,500,6,2,6030,random,6030,83396.09751204637,84274.42421840897,878.3267063625972,True,385.1384760219712,1.806884607000029,-184.599 -464.236;-254.135 430.545;-496.971 -54.918;154.129 475.125;157.767 -287.836;462.870 188.441,nan;nan;nan;nan;nan;nan;nan;nan;nan;nan;nan;nan;nan;nan;nan;nan;nan;nan;nan;nan;nan;nan;nan;nan;nan;nan;nan;nan;nan;nan;nan;nan;nan;nan;nan;nan;nan;nan;nan;nan;nan;nan;nan;nan;nan;nan;nan;nan;nan;nan;nan;nan;nan;nan;nan;nan;nan;nan;nan;nan;nan;nan;nan;nan;nan;nan;nan;nan;nan;nan;nan;nan;nan;nan;nan;nan;nan;nan;nan;nan;nan;nan;nan;nan;nan;nan;nan;nan;nan;nan;nan;nan;nan;nan;nan;nan;nan;nan;nan;nan;nan;nan;82270.331;82335.943;82417.792;82430.325;82448.618;82491.729;82494.596;82494.596;82494.770;82494.770;82509.117;82510.227;82511.438;82514.620;82534.749;82535.292;82535.832;82536.368;82536.746;82539.334;82539.352;82539.352;82539.352;82539.352;82539.352;82539.352;82997.080;83026.811;83030.297;83032.883;83041.816;83050.447;83052.672;83053.537;83067.091;83074.330;83081.264;83081.264;83081.634;83081.709;83085.450;83088.687;83090.750;83093.997;83094.075;83094.375;83094.375;83094.394;83095.318;83095.804;83096.233;83096.233;83096.233;83096.233;83096.233;83096.233;83096.233;83096.233;83096.233;83302.898;83326.361;83343.177;83348.001;83349.920;83372.060;83372.060;83378.676;83378.700;83380.066;83380.292;83386.718;83386.755;83386.902;83386.902;83387.566;83387.944;83388.170;83388.170;83391.381;83391.398;83392.029;83392.132;83392.151;83392.340;83392.661;83394.203;83394.203;83394.253;83394.569;83394.616;83394.664;83394.930;83395.011;83395.047;83395.051;83395.272;83395.298;83396.093;83396.098,5D,385.0
BVNS,1,500,6,12,6030,random,6030,83932.79426400684,84274.42421840897,341.62995440213126,True,410.80428143657684,1.6815698999998858,487.500 6.999;-494.814 62.905;-88.777 125.307;-319.307 -384.751;170.250 -469.022;165.120 467.831,nan;nan;nan;nan;nan;nan;nan;nan;nan;nan;nan;nan;nan;nan;nan;nan;nan;nan;nan;82048.865;82133.996;82233.053;82235.363;82287.346;82293.522;82310.392;82312.668;82314.643;82329.453;82342.752;82344.239;82360.753;82362.510;82364.631;82413.550;82464.687;82480.162;82482.244;82486.164;82487.965;82489.956;82512.854;82514.523;82516.745;82519.647;82537.531;82555.055;82571.110;82573.156;82574.975;82575.000;82576.218;82576.728;82577.118;82577.622;82578.229;82578.424;82587.620;82587.706;82587.706;82587.706;82587.706;82587.706;82587.706;82587.706;82587.706;82587.706;82587.706;82587.706;82587.706;82587.706;82587.706;82587.706;82587.706;82587.706;82587.706;82587.706;82587.706;82587.706;82587.706;82587.706;82587.706;82587.706;82587.706;82587.706;82587.706;82587.706;82587.706;82587.706;82587.706;82587.706;82587.706;82587.706;82587.706;82587.706;82587.706;82587.706;82606.636;82621.733;82626.701;82631.197;82633.356;82688.978;82714.158;82716.280;82722.609;82747.989;82775.887;82777.253;82778.554;82781.875;82783.039;82802.869;82803.882;82804.316;82808.401;82811.309;82811.743;82812.606;82813.099;82820.320;82822.243;82822.668;82824.088;82825.497;82831.110;82837.091;82837.513;82837.932;82838.685;82839.847;82840.258;82840.665;82840.881;82841.516;82841.725;82841.725;82844.717;82845.548;82845.788;82848.525;82849.223;82850.022;82850.125;82850.125;82850.309;82850.414;82850.516;82850.516;82850.516;82850.516;82850.516;82850.516;82850.516;82850.516;82850.516;82850.516;82850.516;82850.516;82850.516;82850.516;82850.516;82850.516;82850.516;82850.516;82850.516;82850.516;82850.516;82850.516;82850.516;82850.516;82850.516;82850.516;82850.516;82850.516;82850.516;82850.516;82850.516;82850.516;82850.516;82850.516;82850.516;82850.516;82850.516;83603.235;83803.995;83845.677;83889.838;83902.983;83907.494;83911.893;83916.427;83919.804;83921.761;83923.909;83924.914;83926.981;83928.985;83929.783;83932.187;83932.794,5D,385.0
PSOC,1,500,6,22,6030,random,6030,83951.81284993581,84274.42421840897,322.61136847315356,True,405.293708952093,1.8894425420003245,110.956 487.153;335.358 -345.760;-346.270 349.446;-86.322 -40.047;-484.247 -116.979;478.088 137.561,nan;nan;nan;nan;nan;nan;nan;nan;nan;nan;nan;nan;nan;nan;nan;nan;nan;nan;nan;nan;nan;nan;nan;nan;83210.656;83210.656;83210.656;83210.656;83210.656;83210.656;83216.022;83216.022;83216.022;83246.170;83530.238;83530.238;83530.238;83530.238;83530.238;83530.238;83550.031;83550.031;83550.031;83550.031;83550.031;83550.031;83550.031;83550.031;83550.031;83558.377;83558.377;83558.377;83558.377;83558.377;83575.004;83575.004;83575.004;83575.004;83575.004;83575.004;83575.172;83575.172;83575.172;83576.324;83576.324;83576.398;83576.398;83576.398;83576.398;83578.457;83579.073;83579.073;83580.119;83580.212;83581.199;83583.935;83584.124;83584.498;83584.570;83586.014;83586.014;83586.014;83842.587;83842.587;83897.620;83897.620;83897.620;83897.620;83898.582;83898.582;83898.582;83909.778;83910.289;83910.289;83910.289;83910.289;83910.547;83911.097;83911.097;83911.443;83911.443;83912.421;83912.687;83913.659;83913.659;83913.659;83913.659;83913.659;83914.042;83914.042;83914.042;83914.177;83914.177;83914.177;83915.072;83915.149;83915.667;83915.667;83915.667;83915.667;83915.667;83916.852;83916.852;83916.852;83916.852;83917.099;83917.099;83917.099;83917.099;83943.060;83943.060;83943.060;83943.060;83943.060;83943.060;83943.060;83943.060;83943.060;83943.060;83943.060;83943.060;83943.367;83943.367;83943.367;83943.367;83943.367;83943.637;83943.637;83943.637;83943.797;83943.797;83943.797;83944.171;83944.171;83944.171;83944.171;83944.171;83945.163;83945.163;83945.294;83945.407;83945.407;83945.407;83945.407;83945.407;83945.419;83945.419;83945.468;83946.597;83946.597;83947.444;83947.444;83947.444;83947.444;83947.602;83947.687;83948.545;83949.036;83949.036;83949.036;83949.226;83949.226;83949.226;83949.700;83950.199;83950.199;83950.199;83950.275;83950.446;83950.446;83951.225;83951.424;83951.613;83951.613;83951.613;83951.613;83951.629;83951.813;83951.813;83951.813;83951.813,5D,385.0
LXSSA,1,500,6,2,6030,random,6030,82436.26207709762,84274.42421840897,1838.1621413113462,True,394.51535055518167,1.812477640999532,166.993 471.289;-84.563 -397.356;-334.415 -23.954;309.920 -392.361;144.290 45.903;-297.783 401.653,nan;nan;nan;nan;nan;nan;nan;nan;nan;nan;nan;nan;nan;nan;nan;nan;nan;nan;nan;nan;nan;nan;nan;nan;nan;nan;nan;nan;nan;nan;nan;nan;nan;nan;nan;nan;nan;nan;nan;nan;nan;nan;nan;nan;nan;nan;nan;nan;nan;nan;nan;nan;nan;nan;nan;nan;nan;nan;nan;nan;nan;nan;nan;nan;nan;nan;nan;nan;nan;nan;nan;nan;nan;nan;nan;nan;nan;nan;nan;nan;nan;nan;nan;nan;nan;nan;nan;nan;nan;nan;nan;nan;nan;nan;82372.993;82372.993;82372.993;82372.993;82372.993;82372.993;82372.993;82372.993;82372.993;82377.884;82377.884;82380.146;82380.146;82382.297;82382.297;82389.477;82389.477;82389.477;82389.477;82390.591;82395.012;82395.012;82395.012;82396.158;82396.158;82397.552;82404.083;82413.867;82413.867;82413.928;82417.345;82423.407;82423.407;82423.407;82425.542;82425.542;82427.690;82427.783;82429.334;82429.334;82430.916;82431.421;82432.098;82432.098;82432.476;82432.711;82433.766;82433.766;82434.319;82434.444;82434.538;82434.701;82434.887;82435.020;82435.175;82435.175;82435.415;82435.415;82435.415;82435.428;82435.454;82435.513;82435.537;82435.634;82435.670;82435.837;82435.837;82435.888;82435.912;82436.090;82436.090;82436.090;82436.118;82436.121;82436.131;82436.146;82436.146;82436.161;82436.163;82436.214;82436.214;82436.214;82436.216;82436.216;82436.220;82436.221;82436.222;82436.223;82436.227;82436.237;82436.237;82436.248;82436.248;82436.248;82436.250;82436.250;82436.251;82436.251;82436.252;82436.261;82436.261;82436.261;82436.261;82436.261;82436.262;82436.262;82436.262,5D,385.0
DE,1,500,6,12,6030,random,6030,83931.3116920647,84274.42421840897,343.11252634426637,True,424.3329437997792,2.062007900000026,476.136 -40.882;-468.704 13.474;-36.350 28.616;-205.262 -411.025;242.879 -395.353;241.403 427.574,nan;nan;nan;nan;nan;nan;nan;nan;nan;nan;nan;nan;nan;nan;nan;nan;nan;nan;nan;nan;nan;nan;nan;nan;nan;nan;nan;nan;nan;nan;nan;nan;nan;nan;nan;nan;nan;nan;nan;nan;nan;nan;nan;nan;nan;nan;nan;nan;nan;nan;nan;nan;nan;nan;nan;nan;nan;nan;nan;nan;nan;nan;nan;nan;nan;nan;nan;nan;nan;nan;nan;nan;nan;nan;nan;nan;nan;nan;nan;nan;nan;nan;nan;nan;nan;nan;nan;nan;nan;nan;nan;nan;nan;nan;nan;nan;nan;nan;nan;nan;nan;nan;nan;nan;nan;nan;nan;nan;nan;nan;82276.510;82276.510;82276.510;82276.510;82276.510;82276.510;82276.510;82276.510;82276.510;82276.510;82276.510;82276.510;82276.510;82276.510;82276.510;82276.510;82276.510;82276.510;82276.510;82276.510;83552.218;83552.218;83552.218;83597.199;83597.199;83597.199;83597.199;83597.199;83597.199;83597.199;83597.199;83597.199;83829.584;83829.584;83829.584;83829.584;83829.584;83829.584;83829.584;83829.584;83829.584;83829.584;83829.584;83829.584;83829.806;83829.806;83829.806;83829.806;83878.538;83878.538;83878.538;83878.538;83888.785;83888.785;83888.785;83888.785;83888.785;83888.785;83895.622;83895.622;83895.622;83895.622;83895.622;83895.622;83895.622;83895.622;83895.622;83895.622;83895.622;83931.312;83931.312;83931.312;83931.312;83931.312;83931.312;83931.312;83931.312;83931.312;83931.312;83931.312;83931.312;83931.312;83931.312;83931.312;83931.312;83931.312;83931.312;83931.312;83931.312;83931.312;83931.312,5D,385.0
SLSQP,2,500,6,22,6030,random,6030,42282.84192625074,43892.27036810799,1609.4284418572497,True,462.00238990889056,2.119294414000251,11.981 499.846;67.025 -495.487;-413.261 281.451;-113.611 -70.197;449.627 -217.716;409.755 244.214,nan;nan;nan;nan;42282.760;42282.776;42282.805;42282.842;42282.842;42282.842;42282.842;42282.842;42282.842;42282.842;42282.842;42282.842;42282.842;42282.842;42282.842;42282.842;42282.842;42282.842;42282.842;42282.842;42282.842;42282.842;42282.842;42282.842;42282.842;42282.842;42282.842;42282.842;42282.842;42282.842;42282.842;42282.842;42282.842;42282.842;42282.842;42282.842;42282.842;42282.842;42282.842;42282.842;42282.842;42282.842;42282.842;42282.842;42282.842;42282.842;42282.842;42282.842;42282.842;42282.842;42282.842;42282.842;42282.842;42282.842;42282.842;42282.842;42282.842;42282.842;42282.842;42282.842;42282.842;42282.842;42282.842;42282.842;42282.842;42282.842;42282.842;42282.842;42282.842;42282.842;42282.842;42282.842;42282.842;42282.842;42282.842;42282.842;42282.842;42282.842;42282.842;42282.842;42282.842;42282.842;42282.842;42282.842;42282.842;42282.842;42282.842;42282.842;42282.842;42282.842;42282.842;42282.842;42282.842;42282.842;42282.842;42282.842;42282.842;42282.842;42282.842;42282.842;42282.842;42282.842;42282.842;42282.842;42282.842;42282.842;42282.842;42282.842;42282.842;42282.842;42282.842;42282.842;42282.842;42282.842;42282.842;42282.842;42282.842;42282.842;42282.842;42282.842;42282.842;42282.842;42282.842;42282.842;42282.842;42282.842;42282.842;42282.842;42282.842;42282.842;42282.842;42282.842;42282.842;42282.842;42282.842;42282.842;42282.842;42282.842;42282.842;42282.842;42282.842;42282.842;42282.842;42282.842;42282.842;42282.842;42282.842;42282.842;42282.842;42282.842;42282.842;42282.842;42282.842;42282.842;42282.842;42282.842;42282.842;42282.842;42282.842;42282.842;42282.842;42282.842;42282.842;42282.842;42282.842;42282.842;42282.842;42282.842;42282.842;42282.842;42282.842;42282.842;42282.842;42282.842;42282.842;42282.842;42282.842;42282.842;42282.842;42282.842;42282.842;42282.842;42282.842;42282.842;42282.842;42282.842;42282.842;42282.842;42282.842;42282.842;42282.842;42282.842;42282.842;42282.842;42282.842;42282.842;42282.842,6D,462.0
SSABV,2,500,6,2,6030,random,6030,42280.269323144035,43892.27036810799,1612.0010449639522,True,462.4068841006147,1.7602799729993421,-309.287 392.625;494.531 69.022;203.937 442.438;-498.438 -29.326;322.118 -382.096;-241.826 -437.279,nan;nan;nan;nan;nan;nan;nan;nan;nan;nan;nan;nan;nan;nan;nan;nan;nan;nan;nan;nan;nan;nan;nan;nan;nan;nan;nan;nan;nan;nan;nan;nan;nan;nan;nan;nan;nan;nan;nan;nan;nan;nan;nan;nan;nan;nan;nan;nan;nan;nan;nan;nan;nan;nan;nan;nan;nan;nan;nan;nan;nan;nan;nan;nan;nan;nan;nan;nan;nan;nan;nan;nan;nan;nan;nan;nan;nan;nan;nan;nan;nan;nan;nan;nan;nan;nan;nan;nan;nan;nan;nan;nan;nan;nan;nan;nan;nan;nan;nan;nan;nan;nan;nan;nan;nan;42109.172;42115.558;42121.822;42127.530;42131.812;42138.152;42138.713;42142.935;42148.779;42153.305;42159.041;42163.157;42172.855;42176.872;42182.404;42187.836;42195.729;42201.066;42204.942;42208.773;42212.838;42213.094;42213.325;42213.533;42215.401;42215.495;42216.779;42216.869;42216.869;42218.255;42218.895;42219.089;42219.554;42220.244;42220.903;42220.903;42220.903;42220.903;42220.903;42220.903;42220.903;42220.903;42220.903;42220.903;42220.903;42220.903;42220.903;42220.903;42220.903;42220.903;42220.903;42220.903;42228.958;42239.354;42240.102;42240.102;42248.817;42252.719;42258.602;42262.447;42267.076;42269.911;42272.405;42274.324;42276.229;42276.866;42277.822;42277.912;42278.616;42279.092;42279.706;42280.269;42280.269;42280.269;42280.269;42280.269;42280.269;42280.269;42280.269;42280.269;42280.269;42280.269;42280.269;42280.269;42280.269;42280.269;42280.269;42280.269;42280.269;42280.269;42280.269;42280.269;42280.269;42280.269;42280.269;42280.269,6D,462.0
RSDVNS,2,500,6,12,6030,random,6030,42380.834586772384,43892.27036810799,1511.4357813356037,True,468.46596896988285,1.80316616699929,-465.575 175.763;78.452 -493.750;453.414 -210.503;404.510 293.568;-407.901 -289.139;-110.428 487.585,nan;nan;nan;nan;nan;nan;nan;nan;nan;nan;nan;nan;nan;nan;nan;nan;nan;nan;nan;nan;nan;nan;nan;nan;nan;nan;nan;nan;nan;nan;nan;nan;nan;nan;nan;nan;nan;nan;nan;nan;nan;nan;nan;nan;nan;nan;nan;nan;nan;nan;nan;nan;nan;nan;nan;nan;nan;nan;nan;nan;nan;nan;nan;nan;nan;nan;nan;nan;nan;nan;nan;nan;nan;nan;nan;nan;nan;nan;nan;nan;nan;nan;nan;nan;nan;nan;nan;nan;nan;nan;nan;nan;nan;nan;nan;nan;nan;nan;nan;nan;nan;nan;nan;nan;nan;nan;nan;nan;nan;nan;nan;nan;nan;nan;nan;nan;nan;nan;nan;nan;nan;nan;nan;nan;nan;nan;nan;nan;nan;nan;nan;nan;nan;nan;nan;nan;nan;nan;nan;nan;nan;nan;nan;nan;nan;nan;nan;nan;nan;nan;nan;nan;nan;nan;nan;nan;nan;nan;nan;nan;nan;42069.351;42331.567;42334.760;42336.399;42345.606;42351.670;42358.057;42359.490;42360.671;42361.601;42364.590;42369.285;42369.879;42370.408;42370.777;42373.127;42375.460;42379.957;42380.194;42380.194;42380.423;42380.601;42380.684;42380.684;42380.794;42380.835;42380.835;42380.835;42380.835;42380.835;42380.835;42380.835;42380.835;42380.835;42380.835;42380.835;42380.835;42380.835;42380.835;42380.835,6D,462.0
BVNS,2,500,6,22,6030,random,6030,42634.792137645185,43892.27036810799,1257.4782304628025,True,462.49297905808885,1.6406243820001691,73.649 494.531;-155.394 -475.000;-452.123 213.280;-45.148 -7.249;385.269 -318.013;447.690 222.514,nan;nan;nan;nan;nan;nan;nan;nan;nan;nan;nan;nan;nan;nan;nan;nan;nan;nan;nan;nan;nan;nan;nan;nan;nan;nan;nan;nan;nan;nan;nan;42312.163;42498.192;42508.213;42510.706;42526.054;42531.280;42540.554;42540.554;42543.127;42545.361;42547.380;42547.380;42550.125;42552.848;42555.719;42556.179;42557.355;42557.815;42558.260;42558.260;42560.160;42560.378;42560.695;42561.134;42561.406;42561.677;42561.677;42561.677;42561.677;42561.677;42561.677;42561.677;42561.677;42561.677;42561.677;42561.677;42583.821;42583.821;42594.218;42602.265;42612.471;42617.006;42623.254;42624.477;42624.477;42626.850;42627.382;42627.382;42629.302;42630.543;42631.636;42632.650;42632.970;42633.094;42633.215;42633.832;42634.127;42634.609;42634.792;42634.792;42634.792;42634.792;42634.792;42634.792;42634.792;42634.792;42634.792;42634.792;42634.792;42634.792;42634.792;42634.792;42634.792;42634.792;42634.792;42634.792;42634.792;42634.792;42634.792;42634.792;42634.792;42634.792;42634.792;42634.792;42634.792;42634.792;42634.792;42634.792;42634.792;42634.792;42634.792;42634.792;42634.792;42634.792;42634.792;42634.792;42634.792;42634.792;42634.792;42634.792;42634.792;42634.792;42634.792;42634.792;42634.792;42634.792;42634.792;42634.792;42634.792;42634.792;42634.792;42634.792;42634.792;42634.792;42634.792;42634.792;42634.792;42634.792;42634.792;42634.792;42634.792;42634.792;42634.792;42634.792;42634.792;42634.792;42634.792;42634.792;42634.792;42634.792;42634.792;42634.792;42634.792;42634.792;42634.792;42634.792;42634.792;42634.792;42634.792;42634.792;42634.792;42634.792;42634.792;42634.792;42634.792;42634.792;42634.792;42634.792;42634.792;42634.792;42634.792;42634.792;42634.792;42634.792;42634.792;42634.792;42634.792;42634.792;42634.792;42634.792;42634.792;42634.792;42634.792;42634.792;42634.792;42634.792;42634.792;42634.792;42634.792;42634.792,6D,462.0
SSA,2,500,6,2,6030,random,6030,42374.041694974796,43892.27036810799,1518.2286731331915,True,468.99379054822174,1.7313952000004065,-483.699 126.629;-28.265 -14.473;-57.558 495.919;385.627 -316.858;437.127 203.117;-335.947 -368.431,nan;nan;nan;nan;nan;nan;nan;nan;nan;nan;nan;nan;nan;nan;nan;nan;nan;nan;nan;nan;nan;nan;nan;nan;nan;nan;nan;nan;nan;nan;nan;nan;nan;nan;nan;nan;nan;nan;nan;nan;nan;nan;nan;nan;nan;nan;nan;nan;nan;nan;nan;nan;nan;nan;nan;nan;nan;nan;nan;nan;nan;nan;nan;nan;nan;nan;nan;nan;nan;nan;nan;nan;nan;nan;nan;nan;nan;nan;nan;nan;nan;nan;nan;nan;nan;nan;nan;nan;nan;nan;nan;nan;42311.321;42311.321;42311.321;42311.321;42311.321;42311.321;42311.321;42311.321;42311.704;42311.704;42311.704;42311.704;42311.704;42311.704;42311.704;42319.243;42319.243;42319.243;42319.243;42331.811;42339.740;42339.740;42339.740;42340.244;42340.956;42348.837;42354.170;42354.170;42354.170;42356.373;42356.373;42359.341;42362.072;42362.577;42362.577;42363.805;42363.805;42363.805;42365.065;42365.473;42365.720;42366.039;42367.341;42368.351;42368.774;42368.904;42368.923;42369.284;42369.863;42370.415;42370.832;42371.284;42371.598;42371.803;42372.018;42372.435;42372.804;42373.066;42373.148;42373.243;42373.273;42373.364;42373.486;42373.577;42373.612;42373.659;42373.699;42373.730;42373.761;42373.769;42373.788;42373.835;42373.892;42373.911;42373.935;42373.956;42373.960;42373.962;42373.973;42373.977;42373.984;42373.991;42373.993;42373.998;42374.005;42374.012;42374.015;42374.018;42374.022;42374.025;42374.026;42374.028;42374.030;42374.033;42374.034;42374.036;42374.037;42374.038;42374.038;42374.039;42374.039;42374.040;42374.040;42374.040;42374.041;42374.041;42374.041;42374.042;42374.042,6D,462.0
LXSSA,2,500,6,12,6030,random,6030,42438.50117055409,43892.27036810799,1453.7691975538983,True,475.3119831533014,1.7165192140000727,-28.782 -8.045;-68.101 494.172;-467.366 177.103;-178.035 -466.853;365.277 298.968;382.427 -264.290,nan;nan;nan;nan;nan;nan;nan;nan;nan;nan;nan;nan;nan;nan;nan;nan;nan;nan;nan;nan;nan;nan;nan;nan;nan;nan;nan;nan;nan;nan;nan;nan;nan;nan;nan;nan;nan;nan;nan;nan;nan;nan;nan;nan;nan;nan;nan;nan;nan;nan;nan;nan;nan;nan;nan;nan;nan;nan;nan;nan;nan;nan;nan;nan;nan;nan;nan;nan;nan;nan;nan;nan;nan;nan;nan;nan;nan;nan;nan;nan;nan;nan;nan;nan;nan;nan;nan;nan;nan;nan;nan;nan;nan;nan;nan;nan;nan;42409.375;42409.375;42409.375;42409.375;42410.631;42410.631;42410.631;42410.631;42410.631;42410.631;42410.631;42410.631;42413.546;42413.546;42413.546;42413.546;42413.762;42413.762;42414.951;42419.309;42419.309;42420.552;42422.251;42424.639;42425.684;42425.849;42425.849;42429.208;42429.841;42429.841;42430.384;42430.384;42431.005;42431.103;42431.297;42432.147;42432.378;42433.023;42434.034;42434.285;42434.285;42434.686;42434.914;42434.914;42435.718;42435.718;42435.718;42435.759;42435.841;42436.073;42436.154;42436.262;42436.331;42436.523;42436.556;42436.618;42436.664;42436.664;42436.697;42436.733;42436.967;42436.967;42437.017;42437.036;42437.324;42437.324;42437.822;42437.822;42437.822;42437.854;42437.978;42437.978;42437.978;42437.991;42437.991;42438.003;42438.003;42438.011;42438.011;42438.023;42438.025;42438.026;42438.026;42438.029;42438.033;42438.033;42438.072;42438.072;42438.118;42438.118;42438.177;42438.177;42438.177;42438.178;42438.179;42438.179;42438.270;42438.270;42438.345;42438.345;42438.501;42438.501;42438.501;42438.501,6D,462.0
DE,2,500,6,22,6030,random,6030,41408.91792228551,43892.27036810799,2483.3524458224783,False,351.6785478454013,2.0513625319999846,272.527 252.568;-316.615 -242.913;-485.715 65.443;-210.629 341.661;436.174 -242.024;-3.775 -67.439,nan;nan;nan;nan;nan;nan;nan;nan;nan;nan;nan;nan;nan;nan;nan;nan;nan;nan;nan;nan;nan;nan;nan;nan;nan;nan;nan;nan;nan;nan;nan;nan;nan;nan;nan;nan;nan;nan;nan;nan;nan;nan;nan;nan;nan;nan;nan;nan;nan;nan;nan;nan;nan;nan;nan;nan;nan;nan;nan;nan;nan;nan;nan;nan;nan;nan;nan;nan;nan;nan;nan;nan;nan;nan;nan;nan;nan;nan;nan;nan;nan;nan;nan;nan;nan;nan;nan;nan;nan;nan;nan;nan;nan;nan;nan;nan;nan;nan;nan;nan;nan;nan;nan;nan;nan;nan;nan;nan;nan;nan;nan;nan;nan;nan;nan;nan;nan;nan;nan;nan;nan;nan;nan;nan;nan;nan;nan;nan;nan;nan;nan;nan;nan;nan;nan;nan;nan;nan;nan;nan;nan;nan;nan;nan;nan;nan;nan;nan;nan;nan;nan;nan;nan;nan;nan;nan;nan;nan;nan;nan;nan;nan;nan;nan;nan;nan;nan;nan;nan;nan;nan;nan;nan;nan;nan;nan;nan;nan;nan;nan;nan;nan;nan;nan;nan;nan;nan;nan;nan;nan;nan;nan;nan;nan;nan;nan;nan;nan;nan;nan;nan,6D,462.0
PSOBV,2,500,6,2,6030,random,6030,42887.500945865846,43892.27036810799,1004.7694222421414,True,399.4880917698361,1.687438834999739,304.705 395.599;233.213 -324.068;-247.755 407.828;-187.539 -456.137;488.110 -16.468;-406.126 -18.322,nan;nan;nan;nan;nan;nan;nan;nan;nan;nan;nan;nan;nan;nan;nan;nan;nan;nan;nan;nan;nan;nan;nan;nan;nan;nan;nan;nan;nan;nan;nan;nan;nan;nan;nan;nan;nan;nan;nan;nan;nan;nan;nan;nan;nan;nan;nan;nan;nan;nan;nan;nan;nan;42057.106;42057.106;42057.106;42057.106;42057.106;42057.106;42057.106;42057.106;42057.106;42252.896;42252.896;42252.896;42252.896;42252.896;42445.715;42445.715;42463.540;42463.540;42463.540;42463.540;42471.379;42471.379;42485.678;42485.678;42485.678;42485.678;42485.954;42488.641;42488.641;42517.895;42517.895;42597.385;42597.385;42597.385;42597.385;42597.385;42613.661;42613.661;42616.715;42616.715;42616.715;42623.008;42630.015;42630.015;42634.849;42634.849;42634.849;42634.849;42640.002;42640.002;42684.769;42684.769;42688.000;42693.608;42696.275;42697.529;42698.728;42700.617;42702.270;42703.462;42704.624;42704.624;42705.277;42705.846;42706.130;42706.413;42706.413;42706.413;42706.413;42706.413;42706.413;42706.413;42706.413;42706.413;42706.413;42706.413;42717.268;42737.718;42741.708;42745.114;42751.755;42754.387;42757.420;42759.966;42761.944;42765.065;42770.469;42770.469;42772.399;42773.358;42774.163;42774.921;42776.070;42776.070;42777.306;42778.063;42779.190;42779.190;42779.570;42779.848;42780.164;42780.164;42780.376;42780.588;42780.588;42780.588;42780.588;42780.588;42780.588;42780.588;42780.588;42803.083;42819.814;42828.447;42836.114;42853.151;42857.036;42865.116;42868.934;42870.091;42870.172;42873.761;42875.699;42877.456;42878.392;42880.873;42880.873;42881.739;42882.533;42883.002;42884.228;42884.244;42884.289;42884.760;42884.902;42885.106;42885.309;42885.311;42885.311;42885.311;42885.311;42885.311;42885.311;42885.311;42885.311;42885.311;42887.501;42887.501,5D,385.0
SSABV,2,500,6,12,6030,random,6030,42815.47185670823,43892.27036810799,1076.7985113997565,True,416.7251693007232,1.6215529269993567,-400.418 1.897;497.091 2.464;-263.525 -424.877;-170.096 470.177;254.478 -371.901;255.528 342.033,nan;nan;nan;nan;nan;nan;nan;nan;nan;nan;nan;nan;nan;nan;nan;nan;nan;nan;nan;nan;nan;nan;nan;nan;nan;nan;nan;nan;nan;nan;nan;nan;nan;nan;nan;nan;nan;nan;nan;42084.821;42084.821;42084.821;42084.821;42238.693;42238.693;42508.862;42508.862;42508.862;42709.051;42709.051;42709.051;42709.051;42709.051;42709.051;42767.665;42767.665;42767.665;42767.665;42767.665;42767.665;42769.484;42769.508;42771.524;42773.397;42774.368;42776.714;42777.934;42778.748;42779.645;42780.703;42781.019;42781.578;42781.654;42781.895;42782.214;42782.276;42782.443;42782.575;42782.667;42782.760;42782.811;42782.876;42782.905;42782.928;42782.943;42782.954;42782.960;42782.972;42782.979;42782.983;42782.983;42782.985;42782.986;42782.987;42782.988;42782.988;42782.989;42782.989;42782.990;42782.990;42782.990;42782.990;42794.924;42794.924;42807.621;42809.506;42810.440;42810.440;42811.563;42812.765;42813.427;42814.203;42814.742;42815.362;42815.362;42815.472;42815.472;42815.472;42815.472;42815.472;42815.472;42815.472;42815.472;42815.472;42815.472;42815.472;42815.472;42815.472;42815.472;42815.472;42815.472;42815.472;42815.472;42815.472;42815.472;42815.472;42815.472;42815.472;42815.472;42815.472;42815.472;42815.472;42815.472;42815.472;42815.472;42815.472;42815.472;42815.472;42815.472;42815.472;42815.472;42815.472;42815.472;42815.472;42815.472;42815.472;42815.472;42815.472;42815.472;42815.472;42815.472;42815.472;42815.472;42815.472;42815.472;42815.472;42815.472;42815.472;42815.472;42815.472;42815.472;42815.472;42815.472;42815.472;42815.472;42815.472;42815.472;42815.472;42815.472;42815.472;42815.472;42815.472;42815.472;42815.472;42815.472;42815.472;42815.472;42815.472;42815.472;42815.472;42815.472;42815.472;42815.472;42815.472;42815.472;42815.472;42815.472;42815.472;42815.472;42815.472;42815.472,5D,385.0
RSDVNS,2,500,6,22,6030,random,6030,42191.77029886351,43892.27036810799,1700.500069244481,True,385.128457902715,1.7301915550006015,-40.869 327.757;443.773 -229.971;-460.775 -30.701;430.159 221.699;-240.060 -438.556;4.356 -140.925,nan;nan;nan;nan;nan;nan;nan;nan;nan;nan;nan;nan;nan;nan;nan;nan;nan;nan;nan;nan;nan;nan;nan;nan;nan;nan;nan;nan;nan;nan;nan;nan;nan;nan;nan;nan;nan;nan;nan;nan;nan;nan;nan;nan;nan;nan;nan;nan;nan;nan;nan;nan;nan;nan;nan;nan;nan;nan;nan;nan;nan;nan;nan;nan;nan;nan;nan;nan;nan;nan;nan;nan;nan;nan;nan;nan;nan;nan;nan;nan;nan;nan;nan;nan;nan;nan;nan;nan;nan;nan;nan;nan;nan;nan;nan;nan;nan;nan;nan;nan;nan;nan;nan;nan;nan;nan;41625.271;41712.638;41986.368;42033.521;42070.922;42076.584;42088.551;42106.737;42112.496;42121.118;42132.916;42138.709;42143.475;42145.947;42153.253;42158.912;42163.360;42169.319;42172.112;42172.112;42175.699;42178.448;42179.831;42180.426;42182.719;42182.719;42183.304;42184.801;42186.159;42186.601;42188.496;42189.269;42189.704;42189.992;42190.740;42191.414;42191.627;42191.770;42191.770;42191.770;42191.770;42191.770;42191.770;42191.770;42191.770;42191.770;42191.770;42191.770;42191.770;42191.770;42191.770;42191.770;42191.770;42191.770;42191.770;42191.770;42191.770;42191.770;42191.770;42191.770;42191.770;42191.770;42191.770;42191.770;42191.770;42191.770;42191.770;42191.770;42191.770;42191.770;42191.770;42191.770;42191.770;42191.770;42191.770;42191.770;42191.770;42191.770;42191.770;42191.770;42191.770;42191.770;42191.770;42191.770;42191.770;42191.770;42191.770;42191.770;42191.770;42191.770;42191.770;42191.770;42191.770;42191.770;42191.770,5D,385.0
PSOC,2,500,6,2,6030,random,6030,42761.48503309577,43892.27036810799,1130.7853350122168,True,407.15768976037515,1.6883583979997638,332.144 372.326;184.725 -326.726;-313.654 389.375;-200.783 -457.726;495.713 -62.937;-455.743 -69.823,nan;nan;nan;nan;nan;nan;nan;nan;nan;nan;nan;nan;nan;nan;nan;nan;nan;nan;nan;nan;nan;nan;nan;nan;nan;nan;nan;nan;nan;nan;nan;nan;nan;nan;nan;nan;nan;nan;nan;nan;nan;nan;nan;nan;nan;nan;nan;nan;nan;nan;nan;nan;nan;42057.106;42057.106;42057.106;42057.106;42057.106;42057.106;42057.106;42057.106;42057.106;42252.896;42252.896;42252.896;42252.896;42252.896;42445.715;42445.715;42463.540;42463.540;42463.540;42463.540;42471.379;42471.379;42485.678;42485.678;42485.678;42485.678;42485.954;42488.641;42488.641;42517.895;42517.895;42597.385;42597.385;42597.385;42597.385;42597.385;42613.661;42613.661;42616.715;42616.715;42616.715;42623.008;42630.015;42630.015;42634.849;42634.849;42634.849;42634.849;42638.107;42638.107;42651.363;42657.058;42658.262;42658.262;42661.265;42664.926;42679.881;42700.114;42700.114;42700.114;42700.114;42700.114;42700.114;42700.114;42700.114;42700.114;42700.114;42700.651;42700.651;42700.651;42700.651;42700.651;42702.285;42702.285;42703.149;42706.095;42706.095;42706.095;42707.485;42707.485;42707.485;42741.757;42741.757;42744.649;42744.649;42748.638;42748.638;42748.638;42748.638;42748.638;42748.952;42750.444;42750.444;42750.929;42750.929;42750.929;42751.528;42752.857;42755.663;42755.663;42755.663;42755.663;42755.663;42755.663;42756.115;42756.115;42756.115;42756.115;42759.199;42759.199;42759.199;42759.199;42759.199;42759.199;42759.199;42760.115;42760.115;42760.115;42760.115;42760.115;42760.115;42760.115;42760.275;42760.275;42760.412;42760.669;42760.669;42760.669;42760.669;42760.669;42760.708;42760.832;42760.832;42760.839;42760.839;42760.839;42760.839;42761.215;42761.215;42761.215;42761.215;42761.215;42761.215;42761.215;42761.215;42761.215;42761.215;42761.485,5D,385.0
SSA,2,500,6,12,6030,random,6030,42456.98073830753,43892.27036810799,1435.2896298004562,True,423.665240660655,1.7741753330001302,-464.663 184.630;432.744 -9.617;-196.417 -370.415;-66.331 40.324;281.676 -413.108;273.599 417.643,nan;nan;nan;nan;nan;nan;nan;nan;nan;nan;nan;nan;nan;nan;nan;nan;nan;nan;nan;nan;nan;nan;nan;nan;nan;nan;nan;nan;nan;nan;nan;nan;nan;nan;nan;nan;nan;nan;nan;nan;nan;nan;nan;nan;nan;nan;nan;nan;nan;nan;nan;nan;nan;nan;nan;nan;nan;nan;nan;nan;nan;nan;nan;nan;nan;nan;nan;nan;nan;nan;nan;nan;nan;nan;nan;nan;nan;nan;nan;nan;nan;41402.800;42155.944;42155.944;42155.944;42155.944;42155.944;42155.944;42155.944;42155.944;42155.944;42155.944;42155.944;42155.944;42155.944;42176.594;42176.594;42246.071;42246.071;42266.162;42277.862;42314.750;42401.644;42412.371;42412.371;42412.371;42412.371;42427.180;42427.180;42427.180;42434.222;42434.222;42434.222;42436.312;42436.312;42436.312;42436.312;42436.928;42436.928;42438.482;42443.537;42443.537;42443.537;42445.416;42445.416;42448.637;42448.637;42449.627;42450.163;42450.163;42451.872;42451.872;42453.101;42453.594;42454.114;42454.929;42454.929;42454.929;42454.929;42454.929;42454.932;42455.221;42455.221;42455.345;42455.626;42455.757;42455.845;42455.966;42456.166;42456.341;42456.442;42456.508;42456.613;42456.613;42456.613;42456.692;42456.722;42456.765;42456.765;42456.765;42456.765;42456.765;42456.793;42456.800;42456.828;42456.859;42456.889;42456.891;42456.901;42456.908;42456.915;42456.922;42456.927;42456.939;42456.953;42456.953;42456.953;42456.955;42456.963;42456.967;42456.968;42456.970;42456.973;42456.974;42456.974;42456.976;42456.976;42456.977;42456.978;42456.978;42456.978;42456.979;42456.979;42456.979;42456.980;42456.980;42456.980;42456.980;42456.980;42456.981;42456.981,5D,385.0
LXSSA,2,500,6,22,6030,random,6030,42422.46353682647,43892.27036810799,1469.8068312815158,True,394.1720514852197,1.6878715089997058,2.704 458.034;-91.924 -491.475;-417.237 -268.893;-480.412 137.183;480.325 -42.340;-39.793 1.243,nan;nan;nan;nan;nan;nan;nan;nan;nan;nan;nan;nan;nan;nan;nan;nan;nan;nan;nan;nan;nan;nan;nan;nan;nan;nan;nan;nan;nan;nan;nan;nan;nan;nan;nan;nan;nan;nan;nan;nan;nan;nan;nan;nan;nan;nan;nan;nan;nan;nan;nan;nan;nan;nan;nan;41576.720;41576.720;41576.720;41576.720;41577.964;41577.964;41577.964;41577.964;41577.964;41577.964;41578.024;41578.024;41987.227;41987.227;42114.017;42114.017;42114.017;42114.017;42114.017;42114.017;42114.017;42114.017;42114.581;42114.581;42239.595;42239.595;42239.595;42239.595;42358.167;42358.167;42358.167;42358.167;42358.167;42358.167;42358.167;42358.167;42358.236;42358.236;42365.865;42365.865;42366.391;42366.391;42366.391;42366.391;42374.916;42374.916;42376.369;42376.369;42376.369;42376.369;42380.065;42380.065;42380.065;42384.921;42384.921;42384.921;42386.608;42386.608;42386.608;42386.608;42387.353;42389.713;42389.713;42393.494;42394.021;42396.434;42397.542;42397.542;42397.680;42399.327;42399.327;42400.792;42404.964;42404.964;42405.081;42406.951;42408.253;42408.253;42410.322;42410.322;42413.287;42413.287;42415.033;42415.033;42415.033;42415.692;42415.744;42416.329;42416.708;42416.710;42417.559;42417.559;42418.314;42418.314;42418.314;42418.590;42418.590;42418.630;42418.654;42418.745;42421.070;42421.070;42421.460;42421.460;42421.460;42421.519;42421.543;42421.577;42421.637;42421.637;42421.801;42421.801;42422.346;42422.346;42422.346;42422.352;42422.352;42422.355;42422.361;42422.362;42422.412;42422.412;42422.448;42422.448;42422.448;42422.450;42422.450;42422.453;42422.453;42422.453;42422.454;42422.455;42422.457;42422.457;42422.461;42422.461;42422.461;42422.461;42422.463;42422.463;42422.463;42422.463;42422.463;42422.463;42422.463;42422.464,5D,385.0
