Algorithm,Dataset,Radius,Turbines,Seed,Budget,Init,Calls,Objective,Ideal,WakeLoss,Feasible,MinSpacing,Seconds,Coordinates,Curve,Spacing,SMin
SLSQP,1,1000,15,12,6030,random,6030,207220.51831779286,210686.06054602243,3465.5422282295767,True,462.27868051115155,5.64612141500038,-477.069 251.811;-750.279 -660.375;705.573 -253.443;-114.517 -480.050;906.836 416.955;260.511 203.015;-271.357 962.232;-840.978 538.130;-615.387 -218.214;-997.770 43.683;97.366 641.272;571.207 -795.923;597.736 795.997;127.210 -990.369;-329.705 -918.305,nan;nan;nan;nan;nan;nan;nan;nan;nan;nan;nan;nan;nan;nan;203176.405;203236.103;203237.280;203240.311;203240.311;203240.311;203240.311;203240.311;203240.311;203240.311;203240.311;203240.311;203240.311;203240.311;203240.311;203240.311;203275.519;203275.643;203275.735;203275.748;203275.748;203275.798;203277.953;203277.991;203278.011;203278.024;203278.024;203278.024;203717.703;203717.703;204247.054;204247.054;204247.054;204247.054;204247.054;204247.054;204247.054;204247.054;204247.054;204247.054;204247.054;204247.054;204247.054;204247.054;204247.054;204247.054;204247.054;204247.054;204247.054;204247.054;204247.054;204247.054;204247.054;204247.054;204247.054;204247.054;205769.260;205774.120;205774.379;205775.356;206095.915;206109.738;206109.738;206119.048;206119.048;206205.504;206213.537;206303.899;206380.324;206400.391;206465.315;206465.374;206465.374;206465.416;206465.463;206465.512;206465.512;206465.561;206465.610;206465.897;206467.013;206467.013;206467.052;206467.052;206467.052;206467.052;206467.052;206495.086;206495.086;206495.086;206495.110;206495.110;206495.110;206495.110;206495.110;206495.110;206533.653;206550.056;206550.056;206556.974;206556.974;206556.974;206556.974;206556.974;206556.974;206556.974;206556.974;206556.974;206556.974;206556.974;206556.974;206556.974;206556.974;206556.974;206556.974;206556.974;206556.974;206556.974;206556.974;206556.974;206556.974;206556.974;206556.974;206556.974;206556.974;206556.974;206556.974;206556.974;206556.974;206556.974;206556.974;206556.974;206556.974;206556.974;206556.974;206556.974;206556.974;206556.974;206556.974;206556.974;206556.974;206556.974;206556.974;206556.974;206556.974;206556.974;206556.974;206556.974;206556.974;206556.974;206556.974;206556.974;206556.974;206556.974;206556.974;206556.974;206556.974;206556.974;206556.974;206556.974;206556.974;206556.974;206556.974;206556.974;206556.974;206556.974;206556.974;206556.974;206556.974;206556.974;206556.974;206556.974;206556.974;206556.974;206556.974;206556.974;206556.974;206556.974;207220.127;207220.127;207220.132;207220.186;207220.255;207220.255;207220.338;207220.428;207220.518,6D,462.0
PSOBV,1,1000,15,22,6030,random,6030,205392.9807681938,210686.06054602243,5293.079777828621,True,462.4050963052556,4.0579314320002595,751.377 447.627;452.328 53.831;-9.091 133.363;-953.876 -284.611;-256.848 766.843;-763.042 643.572;-939.191 203.708;-33.054 -575.788;-604.103 -589.259;-449.755 303.394;677.410 -498.517;982.718 -150.836;-330.238 -208.864;-308.997 -946.833;267.639 588.290,nan;nan;nan;nan;nan;nan;nan;nan;nan;nan;nan;nan;nan;nan;nan;nan;nan;nan;nan;nan;nan;nan;nan;nan;nan;nan;nan;nan;nan;nan;nan;nan;nan;nan;nan;nan;nan;nan;nan;nan;nan;nan;nan;nan;nan;nan;nan;nan;nan;nan;nan;nan;nan;nan;nan;nan;nan;nan;nan;nan;nan;nan;nan;nan;nan;nan;nan;nan;nan;nan;nan;nan;nan;nan;nan;nan;nan;nan;nan;nan;nan;nan;nan;nan;nan;nan;nan;nan;nan;nan;nan;nan;nan;nan;nan;nan;nan;nan;nan;nan;nan;nan;nan;nan;nan;nan;nan;nan;nan;nan;nan;nan;nan;nan;nan;nan;nan;nan;nan;nan;nan;nan;nan;nan;205131.217;205142.908;205159.513;205171.194;205182.652;205188.871;205202.912;205209.134;205214.621;205220.629;205221.264;205227.276;205227.276;205231.277;205231.277;205234.204;205234.204;205236.958;205236.958;205244.689;205244.689;205254.745;205254.745;205257.430;205257.430;205257.430;205259.651;205264.561;205264.561;205264.561;205266.712;205271.469;205271.469;205271.469;205272.402;205274.978;205274.978;205274.978;205275.249;205275.249;205275.249;205282.772;205325.826;205333.346;205335.372;205342.892;205342.892;205350.369;205350.369;205355.900;205355.982;205361.513;205361.513;205366.417;205370.690;205378.147;205378.147;205383.060;205383.060;205384.329;205385.723;205386.989;205386.989;205387.385;205388.050;205390.344;205390.344;205391.162;205391.162;205391.558;205391.558;205391.639;205391.662;205391.743;205392.104;205392.981;205392.981,6D,462.0
RSDVNS,1,1000,15,2,6030,random,6030,205439.2705936277,210686.06054602243,5246.789952394727,True,462.8368778030738,3.509301833999416,-408.446 902.311;428.453 -382.436;147.364 -977.146;207.142 959.490;-311.697 362.796;910.782 -329.825;950.778 141.234;441.361 123.104;-769.534 272.701;-805.932 -497.247;146.048 500.703;678.082 573.744;-351.282 -118.217;-418.770 -902.760;-26.294 -473.951,nan;nan;nan;nan;nan;nan;nan;nan;nan;nan;nan;nan;nan;nan;nan;nan;nan;nan;nan;nan;nan;nan;nan;nan;nan;nan;nan;nan;nan;nan;nan;nan;nan;nan;nan;nan;nan;nan;nan;nan;nan;nan;nan;nan;nan;nan;nan;nan;nan;nan;nan;nan;nan;nan;nan;nan;nan;nan;nan;nan;nan;nan;nan;nan;nan;nan;nan;nan;nan;nan;nan;nan;nan;nan;nan;nan;nan;nan;nan;nan;nan;nan;nan;nan;nan;nan;nan;nan;nan;nan;nan;nan;nan;nan;nan;nan;nan;nan;nan;nan;nan;nan;nan;nan;nan;nan;nan;nan;nan;nan;nan;nan;nan;nan;nan;nan;nan;nan;nan;nan;nan;nan;nan;nan;nan;nan;nan;nan;nan;nan;nan;nan;nan;nan;nan;nan;nan;nan;nan;nan;nan;nan;nan;nan;nan;nan;nan;nan;nan;nan;nan;nan;nan;nan;nan;nan;nan;nan;nan;nan;nan;nan;nan;203861.187;203979.241;204486.590;204604.647;204604.647;205081.940;205081.940;205103.858;205103.858;205206.334;205206.334;205231.661;205231.661;205231.661;205256.661;205256.661;205284.043;205284.043;205293.749;205298.964;205308.647;205308.647;205335.417;205335.417;205348.023;205348.023;205348.023;205353.919;205353.919;205353.919;205381.390;205414.279;205432.619;205432.619;205434.752;205439.271;205439.271;205439.271,6D,462.0
BVNS,1,1000,15,12,6030,random,6030,206780.4324099159,210686.06054602243,3905.628136106534,True,466.38254156278276,2.786424251000426,970.542 -223.550;256.873 480.329;-961.499 -39.187;-446.795 893.355;625.474 768.493;32.582 920.549;619.030 186.466;2.628 -506.993;-236.032 -955.675;451.830 -263.568;-484.424 -479.369;724.897 -682.271;272.784 -911.736;-487.171 381.316;35.212 37.991,nan;nan;nan;nan;nan;nan;nan;nan;nan;nan;nan;nan;nan;nan;nan;nan;nan;nan;nan;nan;nan;nan;nan;nan;nan;nan;nan;nan;nan;nan;nan;nan;nan;nan;nan;nan;nan;nan;nan;nan;nan;nan;nan;nan;nan;nan;nan;nan;nan;nan;nan;nan;nan;nan;nan;nan;nan;nan;nan;nan;nan;nan;nan;nan;nan;nan;nan;nan;nan;nan;nan;nan;nan;nan;nan;nan;nan;nan;nan;nan;nan;nan;nan;nan;nan;nan;nan;nan;nan;nan;nan;nan;nan;nan;nan;nan;nan;nan;nan;nan;nan;nan;nan;nan;nan;nan;nan;nan;nan;nan;nan;nan;nan;nan;nan;nan;nan;nan;203365.290;204273.011;204273.011;204862.370;204862.370;204862.370;204879.919;204879.919;204890.195;204890.195;204934.055;204942.870;204945.802;204945.802;204976.010;204980.166;205004.690;205008.999;205014.369;205021.006;205039.456;205045.793;205072.125;205076.515;205076.515;205142.457;205142.457;205163.632;205163.632;205177.013;205194.181;205207.400;205207.400;205207.400;205218.168;205218.168;205218.168;205258.624;205521.171;205565.119;205588.331;205632.436;205649.974;205694.084;205694.084;205723.459;205725.079;205754.483;205754.483;206270.375;206270.375;206284.391;206284.391;206285.324;206289.677;206309.255;206488.039;206510.401;206510.401;206635.263;206635.263;206654.026;206654.026;206654.026;206654.026;206707.235;206707.235;206712.509;206734.409;206739.346;206740.342;206745.279;206745.279;206750.132;206750.132;206752.656;206753.506;206756.033;206756.700;206759.223;206777.307;206779.836;206780.432,6D,462.0
PSOC,1,1000,15,22,6030,random,6030,203963.76670120732,210686.06054602243,6722.293844815111,True,463.436526130675,3.027463213000374,707.598 422.183;443.808 6.285;-5.485 121.830;-957.145 -285.480;-228.044 798.675;-723.479 642.834;-922.532 187.833;-28.102 -553.769;-599.629 -582.117;-447.152 265.625;469.038 -516.187;917.627 -75.394;-344.599 -195.164;-281.400 -955.501;259.844 547.192,nan;nan;nan;nan;nan;nan;nan;nan;nan;nan;nan;nan;nan;nan;nan;nan;nan;nan;nan;nan;nan;nan;nan;nan;nan;nan;nan;nan;nan;nan;nan;nan;nan;nan;nan;nan;nan;nan;nan;nan;nan;nan;nan;nan;nan;nan;nan;nan;nan;nan;nan;nan;nan;nan;nan;nan;nan;nan;nan;nan;nan;nan;nan;nan;nan;nan;nan;nan;nan;nan;nan;nan;nan;nan;nan;nan;nan;nan;nan;nan;nan;nan;nan;nan;nan;nan;nan;nan;nan;nan;nan;nan;nan;nan;nan;nan;nan;nan;nan;nan;nan;nan;nan;nan;nan;nan;nan;nan;nan;nan;nan;nan;nan;nan;nan;nan;nan;nan;nan;nan;nan;nan;nan;nan;nan;nan;nan;nan;nan;nan;nan;nan;nan;nan;nan;nan;nan;nan;nan;nan;nan;nan;nan;nan;nan;nan;nan;nan;nan;nan;nan;nan;nan;nan;nan;nan;nan;nan;nan;nan;202398.573;202398.573;202580.145;202652.355;202900.512;202900.512;202922.158;202922.158;202933.479;202933.479;203088.806;203474.434;203598.928;203598.928;203598.928;203918.484;203918.484;203918.484;203918.484;203918.484;203918.484;203918.484;203918.484;203918.484;203918.484;203918.484;203918.484;203929.862;203929.862;203937.064;203937.064;203937.064;203937.064;203952.216;203956.622;203956.622;203956.622;203956.622;203956.622;203963.767;203963.767,6D,462.0
LXSSA,1,1000,15,2,6030,random,6030,201042.80551156495,210686.06054602243,9643.255034457485,False,444.3985028054004,2.982821777999561,826.502 358.685;-255.404 405.523;-90.587 -42.471;-648.427 -104.750;-939.671 230.909;-275.073 881.545;-336.317 -940.243;-63.938 -501.895;175.955 786.331;766.136 -621.731;208.371 318.796;948.496 -107.622;-562.652 -557.738;501.649 -226.634;-719.111 662.114,nan;nan;nan;nan;nan;nan;nan;nan;nan;nan;nan;nan;nan;nan;nan;nan;nan;nan;nan;nan;nan;nan;nan;nan;nan;nan;nan;nan;nan;nan;nan;nan;nan;nan;nan;nan;nan;nan;nan;nan;nan;nan;nan;nan;nan;nan;nan;nan;nan;nan;nan;nan;nan;nan;nan;nan;nan;nan;nan;nan;nan;nan;nan;nan;nan;nan;nan;nan;nan;nan;nan;nan;nan;nan;nan;nan;nan;nan;nan;nan;nan;nan;nan;nan;nan;nan;nan;nan;nan;nan;nan;nan;nan;nan;nan;nan;nan;nan;nan;nan;nan;nan;nan;nan;nan;nan;nan;nan;nan;nan;nan;nan;nan;nan;nan;nan;nan;nan;nan;nan;nan;nan;nan;nan;nan;nan;nan;nan;nan;nan;nan;nan;nan;nan;nan;nan;nan;nan;nan;nan;nan;nan;nan;nan;nan;nan;nan;nan;nan;nan;nan;nan;nan;nan;nan;nan;nan;nan;nan;nan;nan;nan;nan;nan;nan;nan;nan;nan;nan;nan;nan;nan;nan;nan;nan;nan;nan;nan;nan;nan;nan;nan;nan;nan;nan;nan;nan;nan;nan;nan;nan;nan;nan;nan;nan;nan;nan;nan;nan;nan;nan,6D,462.0
DE,1,1000,15,12,6030,random,6030,200648.78836949897,210686.06054602243,10037.27217652346,False,153.45491608062434,4.592024972999752,-425.292 682.152;306.090 752.922;-601.758 355.285;-446.642 209.592;477.039 -4.417;466.010 -496.303;-572.270 -521.652;205.023 -977.399;143.839 -321.089;-49.155 -74.512;437.308 387.948;693.546 591.838;-270.815 -857.521;-19.276 832.900;-88.742 696.068,nan;nan;nan;nan;nan;nan;nan;nan;nan;nan;nan;nan;nan;nan;nan;nan;nan;nan;nan;nan;nan;nan;nan;nan;nan;nan;nan;nan;nan;nan;nan;nan;nan;nan;nan;nan;nan;nan;nan;nan;nan;nan;nan;nan;nan;nan;nan;nan;nan;nan;nan;nan;nan;nan;nan;nan;nan;nan;nan;nan;nan;nan;nan;nan;nan;nan;nan;nan;nan;nan;nan;nan;nan;nan;nan;nan;nan;nan;nan;nan;nan;nan;nan;nan;nan;nan;nan;nan;nan;nan;nan;nan;nan;nan;nan;nan;nan;nan;nan;nan;nan;nan;nan;nan;nan;nan;nan;nan;nan;nan;nan;nan;nan;nan;nan;nan;nan;nan;nan;nan;nan;nan;nan;nan;nan;nan;nan;nan;nan;nan;nan;nan;nan;nan;nan;nan;nan;nan;nan;nan;nan;nan;nan;nan;nan;nan;nan;nan;nan;nan;nan;nan;nan;nan;nan;nan;nan;nan;nan;nan;nan;nan;nan;nan;nan;nan;nan;nan;nan;nan;nan;nan;nan;nan;nan;nan;nan;nan;nan;nan;nan;nan;nan;nan;nan;nan;nan;nan;nan;nan;nan;nan;nan;nan;nan;nan;nan;nan;nan;nan;nan,6D,462.0
SLSQP,1,1000,15,22,6030,random,6030,206325.6543044629,210686.06054602243,4360.40624155954,True,388.0937339789527,5.353671108000526,618.832 -430.142;215.786 -401.431;-567.672 -353.000;-690.350 -722.205;968.072 -249.558;-293.480 -755.435;-968.304 -224.625;-376.004 906.285;-295.293 12.911;-544.208 556.537;557.489 609.009;439.902 -863.036;-118.717 585.766;-932.001 356.986;228.957 874.417,nan;nan;nan;nan;204797.382;204797.382;205587.345;205587.345;205587.345;205587.345;205587.345;205587.345;205587.345;205587.345;205587.345;205593.998;205594.658;205594.658;205594.658;205594.658;205594.658;205594.658;205806.945;205809.192;205814.037;205814.037;205814.037;205814.037;205814.037;205814.037;205814.037;205814.037;205814.037;206305.873;206306.897;206306.897;206306.897;206306.897;206306.897;206306.897;206306.897;206306.897;206306.897;206306.897;206306.897;206306.897;206306.897;206306.897;206306.897;206306.897;206306.897;206306.897;206306.897;206306.897;206306.897;206306.897;206306.897;206306.897;206306.897;206306.897;206306.897;206306.897;206306.897;206306.897;206306.897;206306.897;206325.654;206325.654;206325.654;206325.654;206325.654;206325.654;206325.654;206325.654;206325.654;206325.654;206325.654;206325.654;206325.654;206325.654;206325.654;206325.654;206325.654;206325.654;206325.654;206325.654;206325.654;206325.654;206325.654;206325.654;206325.654;206325.654;206325.654;206325.654;206325.654;206325.654;206325.654;206325.654;206325.654;206325.654;206325.654;206325.654;206325.654;206325.654;206325.654;206325.654;206325.654;206325.654;206325.654;206325.654;206325.654;206325.654;206325.654;206325.654;206325.654;206325.654;206325.654;206325.654;206325.654;206325.654;206325.654;206325.654;206325.654;206325.654;206325.654;206325.654;206325.654;206325.654;206325.654;206325.654;206325.654;206325.654;206325.654;206325.654;206325.654;206325.654;206325.654;206325.654;206325.654;206325.654;206325.654;206325.654;206325.654;206325.654;206325.654;206325.654;206325.654;206325.654;206325.654;206325.654;206325.654;206325.654;206325.654;206325.654;206325.654;206325.654;206325.654;206325.654;206325.654;206325.654;206325.654;206325.654;206325.654;206325.654;206325.654;206325.654;206325.654;206325.654;206325.654;206325.654;206325.654;206325.654;206325.654;206325.654;206325.654;206325.654;206325.654;206325.654;206325.654;206325.654;206325.654;206325.654;206325.654;206325.654;206325.654;206325.654;206325.654;206325.654;206325.654;206325.654;206325.654;206325.654;206325.654;206325.654;206325.654;206325.654;206325.654;206325.654;206325.654;206325.654;206325.654,5D,385.0
SSABV,1,1000,15,2,6030,random,6030,200576.98776785683,210686.06054602243,10109.072778165602,True,385.18207049548,3.4114151940002557,-105.157 877.505;-563.747 216.913;-144.878 -11.314;-982.755 105.454;954.331 -109.361;-406.666 -750.808;276.257 474.587;612.944 119.092;-453.887 -260.944;-692.316 588.866;950.369 311.123;600.598 779.544;288.881 -462.454;705.103 -446.129;261.812 -39.248,nan;nan;nan;nan;nan;nan;nan;nan;nan;nan;nan;nan;nan;nan;nan;nan;nan;nan;nan;nan;nan;nan;nan;nan;nan;nan;nan;nan;nan;nan;nan;nan;nan;nan;nan;nan;nan;nan;nan;nan;nan;nan;nan;nan;nan;nan;nan;nan;nan;nan;nan;nan;nan;nan;nan;nan;nan;nan;nan;nan;nan;nan;nan;nan;nan;nan;nan;nan;nan;nan;nan;nan;nan;nan;nan;nan;nan;nan;nan;nan;nan;nan;nan;nan;nan;nan;nan;nan;nan;nan;nan;nan;nan;nan;nan;nan;nan;nan;nan;nan;nan;nan;nan;nan;nan;nan;nan;nan;nan;nan;nan;nan;nan;nan;nan;nan;nan;nan;nan;nan;nan;nan;nan;nan;nan;nan;nan;nan;nan;nan;nan;nan;nan;nan;nan;nan;nan;nan;nan;nan;nan;199191.499;199191.499;199792.412;199795.105;199838.483;199838.483;199877.239;199877.239;199909.882;199909.882;199941.729;199941.729;199971.687;199971.687;200014.735;200039.066;200065.032;200065.032;200090.452;200090.452;200122.004;200122.004;200146.374;200146.374;200170.244;200170.244;200193.628;200193.628;200213.162;200213.162;200261.186;200261.186;200292.722;200316.020;200333.691;200336.073;200353.744;200353.744;200362.196;200369.188;200399.253;200399.253;200407.705;200414.416;200443.769;200443.769;200452.221;200455.343;200463.786;200466.493;200502.287;200502.287;200510.732;200510.732;200533.260;200533.260;200555.341;200555.341;200576.988;200576.988,5D,385.0
RSDVNS,1,1000,15,12,6030,random,6030,206891.37722377013,210686.06054602243,3794.6833222522982,True,387.517394670673,3.000290750000204,-595.859 -191.764;256.414 311.165;-426.375 -627.829;-996.306 -53.300;604.883 -507.502;829.294 356.979;393.192 -913.515;21.350 -607.233;-867.928 467.376;-443.924 863.569;984.692 -46.120;-119.547 -990.492;452.054 859.458;20.724 939.316;-488.742 387.453,nan;nan;nan;nan;nan;nan;nan;nan;nan;nan;nan;nan;nan;nan;nan;nan;nan;nan;nan;nan;nan;nan;nan;nan;nan;nan;nan;nan;nan;nan;nan;nan;nan;nan;nan;nan;nan;nan;nan;nan;nan;nan;nan;nan;nan;nan;nan;nan;nan;nan;nan;nan;nan;nan;nan;nan;nan;nan;nan;nan;nan;nan;nan;nan;nan;nan;nan;nan;nan;nan;nan;nan;nan;nan;nan;nan;nan;nan;nan;nan;nan;nan;nan;nan;nan;nan;nan;nan;nan;nan;nan;nan;nan;nan;nan;nan;nan;nan;nan;nan;nan;nan;nan;nan;nan;nan;nan;nan;nan;nan;nan;nan;nan;nan;nan;nan;nan;nan;nan;nan;nan;nan;nan;201137.962;201831.079;202658.231;203351.196;203351.196;203789.170;203915.480;204418.422;204418.422;204935.991;204935.991;205396.905;205396.905;205635.325;205635.325;205710.859;205710.859;205799.774;205835.301;205878.532;205878.532;205945.075;205945.075;205970.855;205970.855;206029.945;206099.426;206124.610;206124.610;206125.272;206215.747;206216.537;206217.329;206223.694;206223.694;206256.479;206271.145;206283.567;206298.287;206300.657;206307.029;206341.933;206494.777;206529.282;206541.030;206575.274;206585.720;206619.626;206619.626;206619.626;206621.868;206621.868;206631.668;206631.668;206672.111;206672.111;206693.162;206693.162;206717.205;206717.205;206765.666;206765.666;206765.666;206811.749;206811.749;206832.990;206832.990;206863.679;206863.679;206872.758;206872.758;206883.772;206883.772;206883.772;206883.772;206887.219;206891.377;206891.377,5D,385.0
BVNS,1,1000,15,22,6030,random,6030,205562.14973014372,210686.06054602243,5123.910815878713,True,393.5196338313237,2.7341818240001885,563.226 -481.819;153.765 -463.156;-603.463 -265.617;-733.762 -673.167;958.013 -270.051;-245.275 -553.120;-991.092 -132.065;-480.444 875.577;-380.489 73.365;-564.595 426.788;545.110 618.860;429.724 -901.118;-162.234 512.750;-924.392 267.403;188.091 846.956,nan;nan;nan;nan;nan;nan;nan;nan;nan;nan;nan;nan;nan;nan;nan;nan;nan;nan;nan;nan;nan;nan;nan;nan;nan;nan;nan;nan;nan;nan;nan;nan;nan;nan;nan;nan;nan;nan;nan;nan;nan;nan;nan;nan;nan;nan;nan;nan;nan;nan;nan;nan;nan;nan;nan;nan;nan;nan;nan;nan;nan;nan;nan;nan;nan;nan;nan;nan;nan;nan;nan;nan;nan;nan;nan;nan;nan;nan;204114.522;204244.506;204557.751;204687.738;204687.738;204784.316;204794.405;204890.845;204890.845;204956.707;204982.674;205048.527;205048.527;205084.075;205113.172;205160.766;205160.766;205199.797;205201.156;205211.761;205224.552;205234.871;205251.885;205262.170;205262.170;205300.090;205300.090;205304.780;205310.011;205316.385;205316.510;205356.088;205356.088;205363.559;205363.811;205371.008;205371.008;205371.008;205373.400;205373.400;205387.235;205387.235;205421.568;205421.568;205421.568;205430.931;205450.887;205460.250;205460.250;205464.253;205464.253;205466.444;205485.932;205488.122;205488.882;205491.066;205491.749;205493.931;205496.409;205498.590;205501.931;205504.109;205504.109;205504.450;205504.450;205504.454;205504.454;205504.454;205504.454;205517.612;205517.612;205524.383;205525.775;205532.480;205532.480;205533.934;205534.786;205536.240;205539.776;205541.231;205541.231;205542.654;205542.654;205543.705;205543.705;205544.099;205544.607;205545.000;205545.121;205545.517;205546.505;205546.902;205546.902;205547.233;205547.233;205547.428;205547.630;205547.830;205547.832;205548.032;205550.111;205550.311;205550.599;205550.799;205551.495;205551.801;205551.801;205551.993;205551.993;205552.164;205552.164;205552.726;205552.726;205552.730;205552.730;205559.329;205559.329;205559.329;205559.329;205561.020;205561.020;205561.547;205562.150,5D,385.0
SSA,1,1000,15,2,6030,random,6030,203446.96195371577,210686.06054602243,7239.098592306662,True,390.7197146541859,3.043666583999766,556.752 458.314;67.436 -364.825;-427.706 380.604;301.321 -6.514;810.299 149.032;-181.926 34.475;-282.507 872.163;-398.188 -290.936;487.694 -654.223;-738.006 10.150;716.432 -298.508;119.812 545.396;-181.180 -828.195;484.180 874.968;-791.353 610.795,nan;nan;nan;nan;nan;nan;nan;nan;nan;nan;nan;nan;nan;nan;nan;nan;nan;nan;nan;nan;nan;nan;nan;nan;nan;nan;nan;nan;nan;nan;nan;nan;nan;nan;nan;nan;nan;nan;nan;nan;nan;nan;nan;nan;nan;nan;nan;nan;nan;nan;nan;nan;nan;nan;nan;nan;nan;nan;nan;nan;nan;nan;nan;nan;nan;nan;nan;nan;nan;nan;nan;nan;nan;nan;nan;nan;nan;nan;nan;nan;nan;nan;nan;nan;nan;nan;nan;nan;nan;nan;nan;nan;nan;nan;nan;nan;nan;nan;nan;nan;nan;nan;nan;201824.452;201824.452;201824.452;201867.244;201867.244;201867.244;202000.754;203036.887;203036.887;203036.887;203113.493;203184.469;203184.469;203190.026;203235.380;203235.380;203235.380;203262.528;203262.528;203279.523;203279.523;203288.753;203323.975;203323.975;203339.230;203339.230;203339.230;203344.126;203344.126;203357.857;203367.855;203371.163;203379.154;203382.622;203394.551;203399.851;203409.711;203414.593;203419.662;203421.809;203427.461;203430.297;203431.802;203432.816;203435.602;203437.440;203437.838;203438.877;203440.270;203441.179;203441.537;203442.485;203443.067;203443.176;203443.474;203443.829;203444.137;203444.479;203444.711;203445.092;203445.352;203445.520;203445.710;203445.973;203446.151;203446.179;203446.336;203446.398;203446.434;203446.500;203446.614;203446.674;203446.678;203446.703;203446.755;203446.791;203446.813;203446.826;203446.850;203446.864;203446.885;203446.892;203446.900;203446.907;203446.916;203446.917;203446.923;203446.931;203446.935;203446.939;203446.944;203446.949;203446.951;203446.955;203446.957;203446.959;203446.960;203446.962,5D,385.0
LXSSA,1,1000,15,12,6030,random,6030,201458.76601130443,210686.06054602243,9227.294534718007,True,385.00126748178315,2.87015199400048,261.655 881.241;-79.005 -11.698;-565.644 621.003;-450.259 -363.587;-692.269 -64.159;280.678 -153.110;831.843 -103.299;642.384 -707.551;557.954 248.064;-88.343 -495.598;-298.703 342.149;231.496 -940.611;-784.515 -555.580;-953.060 222.669;294.334 -540.334,nan;nan;nan;nan;nan;nan;nan;nan;nan;nan;nan;nan;nan;nan;nan;nan;nan;nan;nan;nan;nan;nan;nan;nan;nan;nan;nan;nan;nan;nan;nan;nan;nan;nan;nan;nan;nan;nan;nan;nan;nan;nan;nan;nan;nan;nan;nan;nan;nan;nan;nan;nan;nan;nan;nan;nan;nan;nan;nan;nan;nan;nan;nan;nan;nan;nan;nan;nan;nan;nan;nan;nan;nan;nan;nan;nan;nan;nan;nan;nan;nan;nan;nan;nan;nan;nan;nan;nan;nan;nan;nan;nan;nan;nan;nan;nan;nan;nan;nan;nan;nan;nan;nan;nan;nan;nan;nan;nan;nan;nan;nan;nan;nan;nan;nan;nan;nan;nan;nan;nan;nan;nan;nan;nan;nan;nan;nan;nan;nan;nan;nan;nan;nan;nan;nan;nan;nan;nan;nan;nan;nan;nan;nan;201355.959;201359.759;201361.908;201404.734;201404.734;201406.530;201406.880;201407.928;201408.460;201445.504;201445.504;201446.744;201446.898;201447.799;201447.907;201449.091;201449.091;201449.098;201449.098;201449.709;201453.316;201453.316;201453.868;201453.868;201453.868;201454.071;201454.120;201454.312;201454.312;201454.459;201454.459;201454.556;201455.073;201455.073;201455.942;201455.942;201456.955;201456.955;201457.370;201457.370;201457.553;201457.553;201457.553;201457.567;201458.179;201458.179;201458.713;201458.713;201458.713;201458.719;201458.719;201458.724;201458.724;201458.727;201458.727;201458.730;201458.766;201458.766,5D,385.0
DE,1,1000,15,22,6030,random,6030,202798.53321619215,210686.06054602243,7887.527329830278,False,215.12240384946327,3.4569325619995652,675.444 -162.610;89.836 -132.987;547.064 10.006;-414.186 -136.740;-566.480 -413.368;-82.981 589.583;-244.269 -412.434;334.749 -682.240;16.807 -711.012;-35.988 894.829;-208.196 145.572;370.371 768.554;612.684 -684.748;-881.375 295.495;701.017 666.530,nan;nan;nan;nan;nan;nan;nan;nan;nan;nan;nan;nan;nan;nan;nan;nan;nan;nan;nan;nan;nan;nan;nan;nan;nan;nan;nan;nan;nan;nan;nan;nan;nan;nan;nan;nan;nan;nan;nan;nan;nan;nan;nan;nan;nan;nan;nan;nan;nan;nan;nan;nan;nan;nan;nan;nan;nan;nan;nan;nan;nan;nan;nan;nan;nan;nan;nan;nan;nan;nan;nan;nan;nan;nan;nan;nan;nan;nan;nan;nan;nan;nan;nan;nan;nan;nan;nan;nan;nan;nan;nan;nan;nan;nan;nan;nan;nan;nan;nan;nan;nan;nan;nan;nan;nan;nan;nan;nan;nan;nan;nan;nan;nan;nan;nan;nan;nan;nan;nan;nan;nan;nan;nan;nan;nan;nan;nan;nan;nan;nan;nan;nan;nan;nan;nan;nan;nan;nan;nan;nan;nan;nan;nan;nan;nan;nan;nan;nan;nan;nan;nan;nan;nan;nan;nan;nan;nan;nan;nan;nan;nan;nan;nan;nan;nan;nan;nan;nan;nan;nan;nan;nan;nan;nan;nan;nan;nan;nan;nan;nan;nan;nan;nan;nan;nan;nan;nan;nan;nan;nan;nan;nan;nan;nan;nan;nan;nan;nan;nan;nan;nan,5D,385.0
PSOBV,2,1000,15,2,6030,random,6030,103038.16857566305,109730.67592026998,6692.507344606929,True,462.27011966589686,2.9227639360005924,783.224 -620.404;563.303 524.767;-706.355 -24.357;-513.751 -750.626;-923.112 384.384;-297.642 -310.789;101.229 -18.763;-886.954 -458.435;383.687 -387.316;-523.641 634.659;979.501 -197.354;119.230 686.190;23.430 -680.387;960.268 274.114;-288.647 229.612,nan;nan;nan;nan;nan;nan;nan;nan;nan;nan;nan;nan;nan;nan;nan;nan;nan;nan;nan;nan;nan;nan;nan;nan;nan;nan;nan;nan;nan;nan;nan;nan;nan;nan;nan;nan;nan;nan;nan;nan;nan;nan;nan;nan;nan;nan;nan;nan;nan;nan;nan;nan;nan;nan;nan;nan;nan;nan;nan;nan;nan;nan;nan;nan;nan;nan;nan;nan;nan;nan;nan;nan;nan;nan;nan;nan;nan;nan;nan;nan;nan;nan;nan;nan;nan;nan;nan;nan;nan;nan;nan;nan;nan;nan;nan;nan;nan;nan;nan;nan;nan;nan;nan;nan;nan;nan;nan;nan;nan;nan;nan;nan;nan;nan;nan;nan;nan;nan;nan;nan;nan;nan;nan;nan;nan;nan;nan;nan;nan;nan;nan;nan;nan;nan;nan;nan;nan;nan;nan;nan;nan;nan;nan;nan;nan;nan;nan;nan;nan;nan;nan;nan;nan;nan;nan;nan;nan;nan;nan;nan;nan;nan;nan;nan;nan;nan;nan;nan;nan;nan;nan;nan;nan;nan;nan;nan;nan;nan;102715.054;102803.045;102803.045;102958.108;102958.108;102999.924;102999.924;103002.920;103002.920;103008.602;103020.656;103026.338;103026.338;103027.640;103029.197;103030.499;103031.559;103033.477;103033.906;103035.830;103036.239;103038.169;103038.169,6D,462.0
SSABV,2,1000,15,12,6030,random,6030,104510.47263352072,109730.67592026998,5220.203286749253,True,462.83960108373685,2.968161697999676,210.725 -105.036;108.300 507.316;-983.113 -103.609;-825.992 -563.676;513.067 -469.260;-455.210 -888.430;-931.928 356.392;-204.834 974.571;-202.536 162.033;552.469 358.899;-90.600 -505.813;225.453 -940.574;-485.802 -220.683;547.266 836.122;-484.195 572.988,nan;nan;nan;nan;nan;nan;nan;nan;nan;nan;nan;nan;nan;nan;nan;nan;nan;nan;nan;nan;nan;nan;nan;nan;nan;nan;nan;nan;nan;nan;nan;nan;nan;nan;nan;nan;nan;nan;nan;nan;nan;nan;nan;nan;nan;nan;nan;nan;nan;nan;nan;nan;nan;nan;nan;nan;nan;nan;nan;nan;nan;nan;nan;nan;nan;nan;nan;nan;nan;nan;nan;nan;nan;nan;nan;nan;nan;nan;nan;nan;nan;nan;nan;nan;nan;nan;nan;nan;nan;nan;nan;nan;nan;nan;nan;nan;nan;nan;nan;nan;nan;nan;nan;nan;nan;nan;nan;nan;nan;nan;nan;nan;nan;nan;nan;nan;nan;nan;nan;nan;nan;nan;nan;nan;nan;nan;nan;nan;nan;nan;nan;nan;nan;102744.835;102744.835;103081.288;103081.288;103254.588;103353.694;103526.993;103526.993;103604.522;103604.522;103725.074;103744.123;103745.157;104023.824;104043.200;104085.359;104104.735;104123.198;104124.026;104133.036;104133.866;104148.103;104148.934;104148.934;104149.421;104149.421;104149.421;104149.421;104276.362;104276.362;104292.306;104301.110;104316.894;104316.894;104358.158;104358.158;104369.253;104369.253;104377.540;104377.540;104381.956;104384.420;104388.836;104389.059;104393.477;104393.602;104398.023;104398.023;104401.286;104401.286;104401.286;104403.982;104403.982;104404.142;104404.142;104406.693;104406.693;104406.693;104483.377;104483.377;104495.813;104495.813;104502.560;104502.560;104506.777;104506.777;104507.159;104510.473,6D,462.0
RSDVNS,2,1000,15,22,6030,random,6030,103181.11841283704,109730.67592026998,6549.557507432939,True,462.47432680527356,2.945417889000055,361.813 -437.879;985.122 -147.974;117.475 182.131;106.292 866.412;569.122 82.645;-486.080 75.636;913.073 394.925;-39.197 -714.636;-109.935 -253.917;812.726 -582.612;-768.455 525.198;-513.493 -676.920;-238.883 478.098;587.089 752.583;-910.278 -153.051,nan;nan;nan;nan;nan;nan;nan;nan;nan;nan;nan;nan;nan;nan;nan;nan;nan;nan;nan;nan;nan;nan;nan;nan;nan;nan;nan;nan;nan;nan;nan;nan;nan;nan;nan;nan;nan;nan;nan;nan;nan;nan;nan;nan;nan;nan;nan;nan;nan;nan;nan;nan;nan;nan;nan;nan;nan;nan;nan;nan;nan;nan;nan;nan;nan;nan;nan;nan;nan;nan;nan;nan;nan;nan;nan;nan;nan;nan;nan;nan;nan;nan;nan;nan;nan;nan;nan;nan;nan;nan;nan;nan;nan;nan;nan;nan;nan;nan;nan;nan;nan;nan;nan;nan;nan;nan;nan;nan;nan;nan;nan;nan;nan;nan;nan;nan;nan;nan;nan;nan;nan;nan;nan;nan;nan;nan;nan;nan;nan;nan;nan;nan;nan;nan;nan;nan;nan;nan;nan;nan;nan;nan;nan;nan;nan;nan;nan;nan;nan;nan;nan;nan;nan;nan;nan;nan;nan;nan;nan;nan;nan;nan;nan;nan;nan;nan;nan;nan;nan;nan;nan;nan;nan;nan;nan;nan;nan;nan;nan;nan;nan;nan;nan;nan;nan;102207.275;102528.602;102528.602;102867.320;102867.320;102891.809;102972.257;103010.869;103095.863;103120.352;103120.352;103137.528;103143.223;103160.399;103163.889;103181.118,6D,462.0
PSOC,2,1000,15,2,6030,random,6030,104113.6150635391,109730.67592026998,5617.060856730881,True,462.27205816587,3.119236057999842,757.225 -647.920;539.194 688.678;-718.610 -41.232;-411.055 -763.464;-915.106 386.861;-331.848 -294.434;113.146 -13.788;-867.260 -487.730;330.226 -431.162;-542.831 771.690;959.768 -209.671;150.947 979.327;31.906 -896.235;928.800 261.539;-218.541 365.496,nan;nan;nan;nan;nan;nan;nan;nan;nan;nan;nan;nan;nan;nan;nan;nan;nan;nan;nan;nan;nan;nan;nan;nan;nan;nan;nan;nan;nan;nan;nan;nan;nan;nan;nan;nan;nan;nan;nan;nan;nan;nan;nan;nan;nan;nan;nan;nan;nan;nan;nan;nan;nan;nan;nan;nan;nan;nan;nan;nan;nan;nan;nan;nan;nan;nan;nan;nan;nan;nan;nan;nan;nan;nan;nan;nan;nan;nan;nan;nan;nan;nan;nan;nan;nan;nan;nan;nan;nan;nan;nan;nan;nan;nan;nan;nan;nan;nan;nan;nan;nan;nan;nan;nan;nan;nan;nan;nan;nan;nan;nan;nan;nan;nan;nan;nan;nan;nan;nan;nan;nan;nan;nan;nan;nan;nan;nan;nan;nan;nan;nan;nan;nan;nan;nan;nan;nan;nan;nan;nan;nan;nan;nan;nan;nan;nan;nan;nan;nan;nan;nan;nan;nan;nan;nan;nan;nan;nan;nan;nan;nan;nan;nan;nan;nan;nan;nan;nan;nan;nan;nan;nan;nan;nan;nan;103286.795;103286.795;103516.254;103516.254;103743.101;103743.101;103743.101;103743.101;103743.101;103773.756;103773.756;103822.355;103822.355;103822.355;103822.355;104032.144;104032.144;104032.144;104032.144;104032.144;104032.144;104032.144;104032.144;104113.615;104113.615;104113.615,6D,462.0
SSA,2,1000,15,12,6030,random,6030,102426.19257971474,109730.67592026998,7304.4833405552345,False,434.1014123371028,2.9262499179994848,-220.989 -63.059;-621.953 -783.055;-46.507 870.375;-294.015 -498.624;-370.453 360.577;-944.239 196.016;639.810 180.143;598.065 -514.975;-690.798 680.792;-102.929 -962.159;-662.477 -176.856;148.131 -555.399;375.485 652.617;199.716 83.471;991.117 -108.069,nan;nan;nan;nan;nan;nan;nan;nan;nan;nan;nan;nan;nan;nan;nan;nan;nan;nan;nan;nan;nan;nan;nan;nan;nan;nan;nan;nan;nan;nan;nan;nan;nan;nan;nan;nan;nan;nan;nan;nan;nan;nan;nan;nan;nan;nan;nan;nan;nan;nan;nan;nan;nan;nan;nan;nan;nan;nan;nan;nan;nan;nan;nan;nan;nan;nan;nan;nan;nan;nan;nan;nan;nan;nan;nan;nan;nan;nan;nan;nan;nan;nan;nan;nan;nan;nan;nan;nan;nan;nan;nan;nan;nan;nan;nan;nan;nan;nan;nan;nan;nan;nan;nan;nan;nan;nan;nan;nan;nan;nan;nan;nan;nan;nan;nan;nan;nan;nan;nan;nan;nan;nan;nan;nan;nan;nan;nan;nan;nan;nan;nan;nan;nan;nan;nan;nan;nan;nan;nan;nan;nan;nan;nan;nan;nan;nan;nan;nan;nan;nan;nan;nan;nan;nan;nan;nan;nan;nan;nan;nan;nan;nan;nan;nan;nan;nan;nan;nan;nan;nan;nan;nan;nan;nan;nan;nan;nan;nan;nan;nan;nan;nan;nan;nan;nan;nan;nan;nan;nan;nan;nan;nan;nan;nan;nan;nan;nan;nan;nan;nan;nan,6D,462.0
LXSSA,2,1000,15,22,6030,random,6030,101716.27047472613,109730.67592026998,8014.405445543845,False,405.4903653273171,4.083949977999509,-817.810 -238.284;688.705 129.043;-1.636 -378.900;-709.002 678.803;-725.007 -685.861;-52.271 -859.920;-410.202 -430.282;-421.556 -7.725;41.682 721.128;410.586 -758.278;-746.256 265.436;269.512 -30.275;727.328 -376.084;338.099 400.083;-131.863 311.614,nan;nan;nan;nan;nan;nan;nan;nan;nan;nan;nan;nan;nan;nan;nan;nan;nan;nan;nan;nan;nan;nan;nan;nan;nan;nan;nan;nan;nan;nan;nan;nan;nan;nan;nan;nan;nan;nan;nan;nan;nan;nan;nan;nan;nan;nan;nan;nan;nan;nan;nan;nan;nan;nan;nan;nan;nan;nan;nan;nan;nan;nan;nan;nan;nan;nan;nan;nan;nan;nan;nan;nan;nan;nan;nan;nan;nan;nan;nan;nan;nan;nan;nan;nan;nan;nan;nan;nan;nan;nan;nan;nan;nan;nan;nan;nan;nan;nan;nan;nan;nan;nan;nan;nan;nan;nan;nan;nan;nan;nan;nan;nan;nan;nan;nan;nan;nan;nan;nan;nan;nan;nan;nan;nan;nan;nan;nan;nan;nan;nan;nan;nan;nan;nan;nan;nan;nan;nan;nan;nan;nan;nan;nan;nan;nan;nan;nan;nan;nan;nan;nan;nan;nan;nan;nan;nan;nan;nan;nan;nan;nan;nan;nan;nan;nan;nan;nan;nan;nan;nan;nan;nan;nan;nan;nan;nan;nan;nan;nan;nan;nan;nan;nan;nan;nan;nan;nan;nan;nan;nan;nan;nan;nan;nan;nan;nan;nan;nan;nan;nan;nan,6D,462.0
SLSQP,2,1000,15,2,6030,random,6030,104728.63616447937,109730.67592026998,5002.039755790611,True,385.2426696456951,5.437252916000034,489.168 857.942;666.464 508.840;-710.375 188.742;-857.497 -506.612;-988.678 -144.391;-673.703 574.388;-286.689 -331.511;-574.173 -813.945;768.701 -559.301;206.287 274.474;481.002 -155.007;-414.025 909.908;333.452 -635.940;869.943 127.514;168.470 -985.379,nan;nan;nan;nan;nan;nan;nan;103372.821;103682.367;103855.624;103857.054;103857.054;103860.290;103862.134;103862.550;103862.550;103862.550;103862.550;103862.550;103862.550;103862.550;103862.550;103862.550;103862.550;103862.550;103862.550;103862.550;103862.550;103862.550;103862.550;103862.550;103862.550;103862.550;103866.060;103867.459;103868.493;103869.214;103869.214;103869.214;103869.214;103869.214;103869.214;103869.214;103869.214;103869.214;103869.214;103869.214;103869.214;103869.214;103869.214;103869.214;103869.214;103869.214;103869.214;103869.214;103869.214;103869.214;103869.214;103869.214;103869.214;103869.214;103869.214;103869.214;103869.214;103869.214;103869.214;103869.214;103869.214;103869.214;103869.214;103869.214;103869.214;103869.214;103869.214;103869.214;103869.214;103869.214;103869.214;103869.214;103869.214;103869.214;103869.214;103869.214;103869.214;103869.214;103869.214;103869.214;103869.214;103869.214;103869.214;103869.214;103869.214;103869.214;103869.214;103933.743;103933.743;103933.743;103933.743;103933.743;103933.743;103933.743;103933.743;103933.743;103933.743;103933.743;103933.743;103933.743;103933.743;103933.743;103933.743;103933.743;103933.743;103933.743;103933.743;103933.743;103933.743;103933.743;103933.743;103933.743;103933.743;103933.743;103933.743;103933.743;103933.743;103933.743;103933.743;103933.743;103933.743;103933.743;103933.743;103933.743;103933.743;103933.743;103933.743;103933.743;103933.743;103933.743;103933.743;103933.743;103933.743;103933.743;103933.743;103933.743;103933.743;103933.743;103933.743;103933.743;103933.743;103933.743;103933.743;103933.743;103933.743;103933.743;103933.743;104076.551;104076.551;104076.551;104076.551;104076.551;104565.458;104565.458;104710.215;104710.215;104728.636;104728.636;104728.636;104728.636;104728.636;104728.636;104728.636;104728.636;104728.636;104728.636;104728.636;104728.636;104728.636;104728.636;104728.636;104728.636;104728.636;104728.636;104728.636;104728.636;104728.636;104728.636;104728.636;104728.636;104728.636;104728.636;104728.636;104728.636;104728.636;104728.636;104728.636;104728.636;104728.636;104728.636;104728.636;104728.636;104728.636;104728.636,5D,385.0
PSOBV,2,1000,15,12,6030,random,6030,104647.39510515436,109730.67592026998,5083.2808151156205,True,402.6302169130452,3.7077077949998056,-993.249 62.810;759.239 -456.019;192.556 114.981;-419.422 284.014;-506.935 -292.747;181.155 -961.446;260.706 965.072;-701.006 659.901;989.776 -91.275;577.626 -815.363;523.495 473.235;-119.801 -581.716;369.291 -265.683;-495.239 -821.753;-305.856 838.449,nan;nan;nan;nan;nan;nan;nan;nan;nan;nan;nan;nan;nan;nan;nan;nan;nan;nan;nan;nan;nan;nan;nan;nan;nan;nan;nan;nan;nan;nan;nan;nan;nan;nan;nan;nan;nan;nan;nan;nan;nan;nan;nan;nan;nan;nan;nan;nan;nan;nan;nan;nan;nan;nan;nan;nan;nan;nan;nan;nan;nan;nan;nan;nan;nan;nan;nan;nan;nan;nan;nan;nan;nan;nan;nan;nan;nan;nan;nan;nan;nan;nan;nan;nan;nan;nan;nan;nan;nan;nan;nan;nan;nan;nan;nan;nan;nan;nan;nan;nan;nan;nan;nan;nan;nan;nan;nan;nan;nan;nan;102926.633;103420.398;103420.398;103758.202;103758.202;103913.416;103913.416;103921.574;103965.182;103973.343;103978.721;103986.925;103988.075;103996.282;104001.148;104009.351;104010.047;104018.253;104018.254;104026.465;104026.465;104034.130;104034.443;104042.110;104042.194;104049.863;104049.863;104148.610;104148.610;104151.843;104159.635;104162.867;104172.834;104176.073;104180.346;104183.574;104187.645;104190.863;104222.340;104225.549;104229.306;104232.506;104236.079;104239.269;104241.195;104244.385;104248.728;104284.677;104284.677;104287.871;104290.506;104293.695;104300.191;104309.298;104309.298;104312.483;104313.612;104316.796;104323.134;104326.318;104327.441;104330.625;104336.588;104339.771;104339.771;104342.306;104342.306;104349.993;104349.993;104357.529;104357.529;104390.129;104390.129;104390.129;104391.477;104402.518;104402.518;104402.518;104402.528;104402.528;104514.781;104514.781;104632.940;104632.940;104632.940;104638.344;104638.344;104642.812;104642.927;104647.395;104647.395,5D,385.0
SSABV,2,1000,15,22,6030,random,6030,104602.61152477321,109730.67592026998,5128.064395496767,True,393.5073706635287,3.0004387959997985,-902.937 -409.500;281.390 -108.012;378.798 402.281;719.182 673.511;-259.672 429.501;-90.412 61.240;774.041 -294.925;-250.870 -298.066;613.388 -779.351;-408.598 -707.660;-414.027 867.196;56.654 -991.761;-852.219 388.928;-694.556 -14.323;745.134 170.872,nan;nan;nan;nan;nan;nan;nan;nan;nan;nan;nan;nan;nan;nan;nan;nan;nan;nan;nan;nan;nan;nan;nan;nan;nan;nan;nan;nan;nan;nan;nan;nan;nan;nan;nan;nan;nan;nan;nan;nan;nan;nan;nan;nan;nan;nan;nan;nan;nan;nan;nan;nan;nan;nan;nan;nan;nan;102249.687;102340.507;102402.633;102574.722;102648.369;102720.537;102720.537;102720.537;102720.537;102720.537;102720.632;102753.695;102754.793;102756.633;102758.331;102759.205;102760.575;102762.110;102763.100;102763.422;102764.071;102764.502;102765.218;102765.537;102765.765;102765.941;102766.083;102766.222;102766.313;102766.368;102766.403;102766.425;102766.437;102766.460;102766.473;102766.481;102766.487;102766.489;102766.491;102766.497;102766.501;102766.503;102766.504;102766.505;102970.584;102970.584;103036.575;103127.057;103193.585;103193.585;103241.678;103241.678;103262.999;103281.688;103297.514;103329.088;103353.905;103365.079;103473.847;103576.864;103685.535;103685.535;103733.528;103776.888;103824.841;103851.799;103891.225;103892.930;103931.593;103931.593;103949.466;103981.982;103999.858;104056.988;104066.233;104066.233;104084.697;104084.697;104084.697;104184.792;104184.792;104200.761;104200.761;104300.035;104300.035;104300.035;104350.205;104350.205;104402.901;104402.901;104403.763;104432.688;104433.600;104446.659;104446.659;104446.659;104457.106;104486.829;104497.276;104500.557;104511.009;104513.079;104523.531;104525.228;104535.680;104535.680;104545.824;104545.824;104548.534;104548.546;104551.257;104551.257;104552.067;104553.053;104553.856;104553.856;104563.698;104563.698;104563.698;104563.698;104568.512;104568.512;104579.975;104579.975;104581.086;104582.363;104583.474;104583.705;104584.816;104589.633;104590.745;104590.745;104590.745;104596.982;104596.982;104598.305;104598.305;104599.323;104599.323;104600.626;104600.626;104601.626;104601.626;104602.612,5D,385.0
BVNS,2,1000,15,2,6030,random,6030,103349.07708713274,109730.67592026998,6381.5988331372355,True,394.3172649809267,2.820935300000201,498.102 861.748;412.713 363.365;-357.316 207.069;-807.385 -585.239;-632.935 -107.526;-160.872 578.955;-203.694 -190.277;-474.538 -878.198;589.841 -576.779;55.883 112.912;376.495 -176.764;-448.050 891.806;113.549 -535.194;704.937 98.618;-10.462 -923.968,nan;nan;nan;nan;nan;nan;nan;nan;nan;nan;nan;nan;nan;nan;nan;nan;nan;nan;nan;nan;nan;nan;nan;nan;nan;nan;nan;nan;nan;nan;nan;nan;nan;nan;nan;nan;nan;nan;nan;nan;nan;nan;nan;nan;nan;nan;nan;nan;nan;nan;nan;nan;nan;nan;nan;nan;nan;nan;nan;nan;nan;nan;nan;nan;nan;nan;nan;nan;nan;nan;nan;nan;nan;nan;nan;nan;nan;nan;nan;nan;nan;nan;nan;nan;nan;nan;nan;101385.856;101484.799;101592.400;101945.977;102058.277;102058.277;102107.331;102159.599;102208.655;102250.933;102299.981;102330.219;102514.931;102514.931;102524.260;102572.673;102582.061;102657.075;102666.464;102666.464;102693.254;102693.254;102700.875;102702.476;102710.102;102710.102;102738.971;102738.971;102746.358;102746.358;102760.607;102760.607;102774.327;102774.327;102780.835;102780.835;102783.642;102783.642;102813.923;102813.923;102861.641;102861.641;102883.374;102883.374;102921.738;102921.738;102941.550;102941.550;102941.550;102941.550;102985.943;102985.943;103011.648;103022.693;103039.871;103039.871;103052.695;103056.599;103069.423;103069.423;103088.703;103088.703;103105.319;103105.319;103116.750;103116.750;103123.562;103123.562;103126.379;103129.630;103132.448;103133.086;103135.901;103225.049;103227.860;103227.860;103227.860;103227.860;103259.119;103259.119;103274.006;103274.006;103283.303;103283.303;103289.107;103292.028;103297.831;103299.442;103305.245;103305.265;103311.064;103311.064;103316.552;103316.552;103320.560;103320.560;103321.994;103323.279;103324.713;103330.567;103331.999;103337.739;103339.170;103340.032;103341.467;103342.763;103344.198;103344.913;103346.348;103346.971;103348.403;103348.403;103348.510;103349.077,5D,385.0
PSOC,2,1000,15,12,6030,random,6030,104159.94917971571,109730.67592026998,5570.726740554266,True,390.2327493365057,3.0576359890001186,-994.177 69.417;766.589 -442.896;193.365 158.786;-208.163 282.629;-584.728 -288.775;188.708 -846.935;151.134 937.547;-731.317 493.087;979.371 -110.527;577.064 -808.714;429.349 509.659;-116.182 -574.802;331.080 -253.868;-521.366 -847.112;-320.291 778.112,nan;nan;nan;nan;nan;nan;nan;nan;nan;nan;nan;nan;nan;nan;nan;nan;nan;nan;nan;nan;nan;nan;nan;nan;nan;nan;nan;nan;nan;nan;nan;nan;nan;nan;nan;nan;nan;nan;nan;nan;nan;nan;nan;nan;nan;nan;nan;nan;nan;nan;nan;nan;nan;nan;nan;nan;nan;nan;nan;nan;nan;nan;nan;nan;nan;nan;nan;nan;nan;nan;nan;nan;nan;nan;nan;nan;nan;nan;nan;nan;nan;nan;nan;nan;nan;nan;nan;nan;nan;nan;nan;nan;nan;nan;nan;nan;nan;nan;nan;nan;nan;nan;nan;nan;nan;nan;nan;nan;nan;nan;nan;nan;nan;nan;nan;nan;nan;nan;nan;nan;nan;102915.662;102915.662;102915.662;102964.943;103110.729;103110.729;103110.729;103110.729;103171.933;103171.933;103171.933;103171.933;103171.933;103171.933;103171.933;103171.933;103171.933;103171.933;103171.933;103234.321;103234.321;103364.377;103364.377;103364.377;103649.440;103649.440;103649.440;103649.440;103649.440;103649.440;103649.440;103649.440;103649.440;103649.440;103649.440;103649.440;103649.440;103649.440;103649.440;103649.440;103649.440;103730.805;103730.805;103730.805;103730.805;103730.805;103967.207;103967.207;103967.207;103967.207;103967.207;103967.207;103967.207;103986.565;103986.565;103986.565;103986.565;103986.565;103987.974;103987.974;103987.974;103987.974;103987.974;103987.974;104082.666;104082.666;104082.666;104082.666;104082.666;104132.870;104132.870;104132.870;104132.870;104132.870;104132.870;104133.701;104133.701;104134.019;104159.949;104159.949,5D,385.0
SSA,2,1000,15,22,6030,random,6030,104124.31707361389,109730.67592026998,5606.3588466560905,True,405.80252483366235,2.8041204179999113,190.310 962.447;171.762 -455.145;-478.202 -743.966;511.810 -216.283;558.281 -740.824;-200.744 774.537;911.379 -287.139;593.671 268.299;-632.016 591.202;-474.471 127.301;49.620 -60.869;134.643 -945.683;-796.655 -462.603;-903.260 50.855;657.679 720.382,nan;nan;nan;nan;nan;nan;nan;nan;nan;nan;nan;nan;nan;nan;nan;nan;nan;nan;nan;nan;nan;nan;nan;nan;nan;nan;nan;nan;nan;nan;nan;nan;nan;nan;nan;nan;nan;nan;nan;nan;nan;nan;nan;nan;nan;nan;nan;nan;nan;nan;nan;nan;nan;nan;nan;nan;nan;nan;nan;nan;nan;nan;nan;nan;nan;nan;nan;nan;nan;nan;nan;nan;nan;nan;nan;nan;nan;nan;nan;nan;nan;nan;nan;nan;nan;nan;nan;nan;nan;nan;nan;nan;102698.578;102875.875;103800.591;103800.591;103800.591;103800.591;103800.591;103800.591;103800.591;103800.591;103800.591;103800.591;103881.138;103881.138;103881.138;103881.138;103881.138;103881.138;103881.138;104003.979;104003.979;104051.285;104051.285;104051.285;104099.351;104099.351;104099.351;104099.351;104099.351;104099.351;104099.351;104099.351;104099.351;104099.351;104099.351;104099.351;104099.351;104100.915;104100.915;104100.915;104109.518;104109.518;104109.518;104109.518;104110.261;104110.977;104110.977;104110.977;104111.422;104112.841;104112.841;104114.397;104115.480;104115.845;104116.484;104117.542;104118.492;104119.439;104119.751;104120.133;104120.760;104121.054;104121.563;104121.741;104122.071;104122.338;104122.691;104122.965;104123.055;104123.321;104123.407;104123.558;104123.676;104123.744;104123.799;104123.858;104123.886;104123.924;104123.963;104124.006;104124.064;104124.090;104124.122;104124.132;104124.160;104124.186;104124.208;104124.220;104124.232;104124.242;104124.251;104124.258;104124.270;104124.279;104124.283;104124.288;104124.293;104124.298;104124.302;104124.305;104124.307;104124.310;104124.311;104124.312;104124.313;104124.314;104124.315;104124.316;104124.317,5D,385.0
DE,2,1000,15,2,6030,random,6030,98581.89867700456,109730.67592026998,11148.777243265416,False,200.7450912098674,4.252533755000513,650.793 -381.525;374.685 136.613;-580.840 -209.168;264.533 -387.175;-398.849 408.376;123.967 -912.556;-149.192 214.439;-306.427 89.636;789.098 423.298;137.579 29.721;-168.139 -639.723;-817.137 446.385;-629.835 107.426;-818.476 -513.254;369.656 599.325,nan;nan;nan;nan;nan;nan;nan;nan;nan;nan;nan;nan;nan;nan;nan;nan;nan;nan;nan;nan;nan;nan;nan;nan;nan;nan;nan;nan;nan;nan;nan;nan;nan;nan;nan;nan;nan;nan;nan;nan;nan;nan;nan;nan;nan;nan;nan;nan;nan;nan;nan;nan;nan;nan;nan;nan;nan;nan;nan;nan;nan;nan;nan;nan;nan;nan;nan;nan;nan;nan;nan;nan;nan;nan;nan;nan;nan;nan;nan;nan;nan;nan;nan;nan;nan;nan;nan;nan;nan;nan;nan;nan;nan;nan;nan;nan;nan;nan;nan;nan;nan;nan;nan;nan;nan;nan;nan;nan;nan;nan;nan;nan;nan;nan;nan;nan;nan;nan;nan;nan;nan;nan;nan;nan;nan;nan;nan;nan;nan;nan;nan;nan;nan;nan;nan;nan;nan;nan;nan;nan;nan;nan;nan;nan;nan;nan;nan;nan;nan;nan;nan;nan;nan;nan;nan;nan;nan;nan;nan;nan;nan;nan;nan;nan;nan;nan;nan;nan;nan;nan;nan;nan;nan;nan;nan;nan;nan;nan;nan;nan;nan;nan;nan;nan;nan;nan;nan;nan;nan;nan;nan;nan;nan;nan;nan;nan;nan;nan;nan;nan;nan,5D,385.0
SLSQP,1,750,12,12,6030,random,6030,157979.57467373187,168548.84843681793,10569.273763086065,False,76.26289453735576,5.505064068000138,-51.738 -697.248;-623.591 348.781;204.300 -708.138;-299.745 -418.721;-667.470 34.869;-125.446 -677.672;108.607 455.275;-579.597 -334.324;212.517 -10.894;9.834 -57.840;592.115 158.667;155.033 -84.192,nan;nan;nan;nan;nan;nan;nan;nan;nan;nan;nan;nan;nan;nan;nan;nan;nan;nan;nan;nan;nan;nan;nan;nan;nan;nan;nan;nan;nan;nan;nan;nan;nan;nan;nan;nan;nan;nan;nan;nan;nan;nan;nan;nan;nan;nan;nan;nan;nan;nan;nan;nan;nan;nan;nan;nan;nan;nan;nan;nan;nan;nan;nan;nan;nan;nan;nan;nan;nan;nan;nan;nan;nan;nan;nan;nan;nan;nan;nan;nan;nan;nan;nan;nan;nan;nan;nan;nan;nan;nan;nan;nan;nan;nan;nan;nan;nan;nan;nan;nan;nan;nan;nan;nan;nan;nan;nan;nan;nan;nan;nan;nan;nan;nan;nan;nan;nan;nan;nan;nan;nan;nan;nan;nan;nan;nan;nan;nan;nan;nan;nan;nan;nan;nan;nan;nan;nan;nan;nan;nan;nan;nan;nan;nan;nan;nan;nan;nan;nan;nan;nan;nan;nan;nan;nan;nan;nan;nan;nan;nan;nan;nan;nan;nan;nan;nan;nan;nan;nan;nan;nan;nan;nan;nan;nan;nan;nan;nan;nan;nan;nan;nan;nan;nan;nan;nan;nan;nan;nan;nan;nan;nan;nan;nan;nan;nan;nan;nan;nan;nan;nan,6D,462.0
PSOBV,1,750,12,22,6030,random,6030,161531.1676844358,168548.84843681793,7017.680752382148,False,453.2414199037771,3.300504644999819,-337.758 -665.279;214.418 211.443;-262.213 -208.675;-690.509 292.217;736.070 -17.778;-238.263 253.017;600.756 448.821;-722.985 -181.520;-222.805 716.141;198.131 -245.113;293.430 -689.896;230.429 713.447,nan;nan;nan;nan;nan;nan;nan;nan;nan;nan;nan;nan;nan;nan;nan;nan;nan;nan;nan;nan;nan;nan;nan;nan;nan;nan;nan;nan;nan;nan;nan;nan;nan;nan;nan;nan;nan;nan;nan;nan;nan;nan;nan;nan;nan;nan;nan;nan;nan;nan;nan;nan;nan;nan;nan;nan;nan;nan;nan;nan;nan;nan;nan;nan;nan;nan;nan;nan;nan;nan;nan;nan;nan;nan;nan;nan;nan;nan;nan;nan;nan;nan;nan;nan;nan;nan;nan;nan;nan;nan;nan;nan;nan;nan;nan;nan;nan;nan;nan;nan;nan;nan;nan;nan;nan;nan;nan;nan;nan;nan;nan;nan;nan;nan;nan;nan;nan;nan;nan;nan;nan;nan;nan;nan;nan;nan;nan;nan;nan;nan;nan;nan;nan;nan;nan;nan;nan;nan;nan;nan;nan;nan;nan;nan;nan;nan;nan;nan;nan;nan;nan;nan;nan;nan;nan;nan;nan;nan;nan;nan;nan;nan;nan;nan;nan;nan;nan;nan;nan;nan;nan;nan;nan;nan;nan;nan;nan;nan;nan;nan;nan;nan;nan;nan;nan;nan;nan;nan;nan;nan;nan;nan;nan;nan;nan;nan;nan;nan;nan;nan;nan,6D,462.0
RSDVNS,1,750,12,2,6030,random,6030,161721.9008390155,168548.84843681793,6826.947597802442,False,451.4601975022606,2.4324764020002476,217.650 152.440;-234.878 -165.186;685.453 -241.058;227.518 -315.435;-505.787 -535.661;-675.660 316.359;-730.378 -135.950;-65.539 744.441;-215.291 318.541;677.770 229.564;378.553 632.765;-76.604 -694.977,nan;nan;nan;nan;nan;nan;nan;nan;nan;nan;nan;nan;nan;nan;nan;nan;nan;nan;nan;nan;nan;nan;nan;nan;nan;nan;nan;nan;nan;nan;nan;nan;nan;nan;nan;nan;nan;nan;nan;nan;nan;nan;nan;nan;nan;nan;nan;nan;nan;nan;nan;nan;nan;nan;nan;nan;nan;nan;nan;nan;nan;nan;nan;nan;nan;nan;nan;nan;nan;nan;nan;nan;nan;nan;nan;nan;nan;nan;nan;nan;nan;nan;nan;nan;nan;nan;nan;nan;nan;nan;nan;nan;nan;nan;nan;nan;nan;nan;nan;nan;nan;nan;nan;nan;nan;nan;nan;nan;nan;nan;nan;nan;nan;nan;nan;nan;nan;nan;nan;nan;nan;nan;nan;nan;nan;nan;nan;nan;nan;nan;nan;nan;nan;nan;nan;nan;nan;nan;nan;nan;nan;nan;nan;nan;nan;nan;nan;nan;nan;nan;nan;nan;nan;nan;nan;nan;nan;nan;nan;nan;nan;nan;nan;nan;nan;nan;nan;nan;nan;nan;nan;nan;nan;nan;nan;nan;nan;nan;nan;nan;nan;nan;nan;nan;nan;nan;nan;nan;nan;nan;nan;nan;nan;nan;nan;nan;nan;nan;nan;nan;nan,6D,462.0
BVNS,1,750,12,12,6030,random,6030,161391.29018898186,168548.84843681793,7157.558247836074,False,403.0234699342727,2.4483790799995404,-0.175 -750.000;-539.216 517.531;405.862 -628.451;-112.245 -268.721;-742.470 105.182;-387.946 -640.172;71.107 642.775;-673.347 -324.949;245.330 214.106;-215.166 185.910;723.365 196.167;473.783 -182.630,nan;nan;nan;nan;nan;nan;nan;nan;nan;nan;nan;nan;nan;nan;nan;nan;nan;nan;nan;nan;nan;nan;nan;nan;nan;nan;nan;nan;nan;nan;nan;nan;nan;nan;nan;nan;nan;nan;nan;nan;nan;nan;nan;nan;nan;nan;nan;nan;nan;nan;nan;nan;nan;nan;nan;nan;nan;nan;nan;nan;nan;nan;nan;nan;nan;nan;nan;nan;nan;nan;nan;nan;nan;nan;nan;nan;nan;nan;nan;nan;nan;nan;nan;nan;nan;nan;nan;nan;nan;nan;nan;nan;nan;nan;nan;nan;nan;nan;nan;nan;nan;nan;nan;nan;nan;nan;nan;nan;nan;nan;nan;nan;nan;nan;nan;nan;nan;nan;nan;nan;nan;nan;nan;nan;nan;nan;nan;nan;nan;nan;nan;nan;nan;nan;nan;nan;nan;nan;nan;nan;nan;nan;nan;nan;nan;nan;nan;nan;nan;nan;nan;nan;nan;nan;nan;nan;nan;nan;nan;nan;nan;nan;nan;nan;nan;nan;nan;nan;nan;nan;nan;nan;nan;nan;nan;nan;nan;nan;nan;nan;nan;nan;nan;nan;nan;nan;nan;nan;nan;nan;nan;nan;nan;nan;nan;nan;nan;nan;nan;nan;nan,6D,462.0
PSOC,1,750,12,22,6030,random,6030,161088.6645103774,168548.84843681793,7460.183926440543,False,449.4612980895884,2.479631629999858,-346.073 -657.942;211.011 180.642;-275.971 -201.955;-690.662 269.638;734.887 -71.308;-238.481 256.952;602.034 444.319;-725.265 -189.681;-248.938 707.375;183.021 -278.309;110.680 -729.994;200.775 722.169,nan;nan;nan;nan;nan;nan;nan;nan;nan;nan;nan;nan;nan;nan;nan;nan;nan;nan;nan;nan;nan;nan;nan;nan;nan;nan;nan;nan;nan;nan;nan;nan;nan;nan;nan;nan;nan;nan;nan;nan;nan;nan;nan;nan;nan;nan;nan;nan;nan;nan;nan;nan;nan;nan;nan;nan;nan;nan;nan;nan;nan;nan;nan;nan;nan;nan;nan;nan;nan;nan;nan;nan;nan;nan;nan;nan;nan;nan;nan;nan;nan;nan;nan;nan;nan;nan;nan;nan;nan;nan;nan;nan;nan;nan;nan;nan;nan;nan;nan;nan;nan;nan;nan;nan;nan;nan;nan;nan;nan;nan;nan;nan;nan;nan;nan;nan;nan;nan;nan;nan;nan;nan;nan;nan;nan;nan;nan;nan;nan;nan;nan;nan;nan;nan;nan;nan;nan;nan;nan;nan;nan;nan;nan;nan;nan;nan;nan;nan;nan;nan;nan;nan;nan;nan;nan;nan;nan;nan;nan;nan;nan;nan;nan;nan;nan;nan;nan;nan;nan;nan;nan;nan;nan;nan;nan;nan;nan;nan;nan;nan;nan;nan;nan;nan;nan;nan;nan;nan;nan;nan;nan;nan;nan;nan;nan;nan;nan;nan;nan;nan;nan,6D,462.0
LXSSA,1,750,12,2,6030,random,6030,158326.6182704681,168548.84843681793,10222.230166349822,False,362.34083877943766,2.5302429800003665,-471.397 306.746;-162.491 -727.785;-543.972 -516.327;35.504 -346.183;302.044 -100.730;-748.722 -43.378;234.340 712.274;-356.098 -153.231;296.888 -682.739;684.337 242.006;-101.063 133.387;243.811 335.404,nan;nan;nan;nan;nan;nan;nan;nan;nan;nan;nan;nan;nan;nan;nan;nan;nan;nan;nan;nan;nan;nan;nan;nan;nan;nan;nan;nan;nan;nan;nan;nan;nan;nan;nan;nan;nan;nan;nan;nan;nan;nan;nan;nan;nan;nan;nan;nan;nan;nan;nan;nan;nan;nan;nan;nan;nan;nan;nan;nan;nan;nan;nan;nan;nan;nan;nan;nan;nan;nan;nan;nan;nan;nan;nan;nan;nan;nan;nan;nan;nan;nan;nan;nan;nan;nan;nan;nan;nan;nan;nan;nan;nan;nan;nan;nan;nan;nan;nan;nan;nan;nan;nan;nan;nan;nan;nan;nan;nan;nan;nan;nan;nan;nan;nan;nan;nan;nan;nan;nan;nan;nan;nan;nan;nan;nan;nan;nan;nan;nan;nan;nan;nan;nan;nan;nan;nan;nan;nan;nan;nan;nan;nan;nan;nan;nan;nan;nan;nan;nan;nan;nan;nan;nan;nan;nan;nan;nan;nan;nan;nan;nan;nan;nan;nan;nan;nan;nan;nan;nan;nan;nan;nan;nan;nan;nan;nan;nan;nan;nan;nan;nan;nan;nan;nan;nan;nan;nan;nan;nan;nan;nan;nan;nan;nan;nan;nan;nan;nan;nan;nan,6D,462.0
DE,1,750,12,12,6030,random,6030,158250.7083674516,168548.84843681793,10298.140069366345,False,161.13082377685197,3.848916016999283,417.183 100.198;-600.014 -181.057;-645.181 307.913;-391.108 633.235;-379.115 -636.302;-316.292 -440.090;640.654 9.949;27.778 33.846;171.613 -560.834;458.126 463.318;134.769 -717.696;209.306 -348.584,nan;nan;nan;nan;nan;nan;nan;nan;nan;nan;nan;nan;nan;nan;nan;nan;nan;nan;nan;nan;nan;nan;nan;nan;nan;nan;nan;nan;nan;nan;nan;nan;nan;nan;nan;nan;nan;nan;nan;nan;nan;nan;nan;nan;nan;nan;nan;nan;nan;nan;nan;nan;nan;nan;nan;nan;nan;nan;nan;nan;nan;nan;nan;nan;nan;nan;nan;nan;nan;nan;nan;nan;nan;nan;nan;nan;nan;nan;nan;nan;nan;nan;nan;nan;nan;nan;nan;nan;nan;nan;nan;nan;nan;nan;nan;nan;nan;nan;nan;nan;nan;nan;nan;nan;nan;nan;nan;nan;nan;nan;nan;nan;nan;nan;nan;nan;nan;nan;nan;nan;nan;nan;nan;nan;nan;nan;nan;nan;nan;nan;nan;nan;nan;nan;nan;nan;nan;nan;nan;nan;nan;nan;nan;nan;nan;nan;nan;nan;nan;nan;nan;nan;nan;nan;nan;nan;nan;nan;nan;nan;nan;nan;nan;nan;nan;nan;nan;nan;nan;nan;nan;nan;nan;nan;nan;nan;nan;nan;nan;nan;nan;nan;nan;nan;nan;nan;nan;nan;nan;nan;nan;nan;nan;nan;nan;nan;nan;nan;nan;nan;nan,6D,462.0
SLSQP,1,750,12,22,6030,random,6030,163276.37928524177,168548.84843681793,5272.469151576166,True,386.2515117697593,4.764351114999954,215.291 -306.991;734.707 142.005;-692.945 -260.641;-428.109 -552.584;601.351 -447.414;134.471 550.072;292.544 119.514;-734.599 137.539;-442.187 389.898;-110.869 -32.910;145.724 -729.644;-222.826 715.955,nan;nan;nan;nan;nan;nan;nan;nan;nan;163045.997;163050.987;163052.009;163085.004;163088.149;163088.215;163088.229;163088.253;163088.276;163088.276;163088.276;163088.276;163088.276;163088.276;163088.276;163088.292;163088.292;163088.396;163088.517;163089.482;163105.155;163145.318;163181.025;163182.603;163242.918;163250.058;163250.058;163250.465;163250.999;163251.502;163252.192;163252.192;163252.192;163252.192;163252.230;163252.836;163252.836;163252.836;163252.836;163252.836;163252.836;163252.836;163252.836;163252.836;163252.836;163252.836;163252.836;163252.836;163252.836;163252.836;163252.836;163252.836;163252.836;163252.836;163252.836;163254.669;163254.669;163254.671;163276.379;163276.379;163276.379;163276.379;163276.379;163276.379;163276.379;163276.379;163276.379;163276.379;163276.379;163276.379;163276.379;163276.379;163276.379;163276.379;163276.379;163276.379;163276.379;163276.379;163276.379;163276.379;163276.379;163276.379;163276.379;163276.379;163276.379;163276.379;163276.379;163276.379;163276.379;163276.379;163276.379;163276.379;163276.379;163276.379;163276.379;163276.379;163276.379;163276.379;163276.379;163276.379;163276.379;163276.379;163276.379;163276.379;163276.379;163276.379;163276.379;163276.379;163276.379;163276.379;163276.379;163276.379;163276.379;163276.379;163276.379;163276.379;163276.379;163276.379;163276.379;163276.379;163276.379;163276.379;163276.379;163276.379;163276.379;163276.379;163276.379;163276.379;163276.379;163276.379;163276.379;163276.379;163276.379;163276.379;163276.379;163276.379;163276.379;163276.379;163276.379;163276.379;163276.379;163276.379;163276.379;163276.379;163276.379;163276.379;163276.379;163276.379;163276.379;163276.379;163276.379;163276.379;163276.379;163276.379;163276.379;163276.379;163276.379;163276.379;163276.379;163276.379;163276.379;163276.379;163276.379;163276.379;163276.379;163276.379;163276.379;163276.379;163276.379;163276.379;163276.379;163276.379;163276.379;163276.379;163276.379;163276.379;163276.379;163276.379;163276.379;163276.379;163276.379;163276.379;163276.379;163276.379;163276.379;163276.379;163276.379;163276.379;163276.379;163276.379;163276.379;163276.379,5D,385.0
SSABV,1,750,12,2,6030,random,6030,163167.0377742047,168548.84843681793,5381.810662613221,True,388.3344198078192,3.0023588389994984,-100.265 -743.002;-243.150 640.287;107.874 -334.408;-276.815 -397.121;286.089 -682.672;-668.789 -334.690;332.963 -9.151;-492.030 251.213;503.116 354.468;-152.265 -24.617;32.231 338.789;223.846 706.843,nan;nan;nan;nan;nan;nan;nan;nan;nan;nan;nan;nan;nan;nan;nan;nan;nan;nan;nan;nan;nan;nan;nan;nan;nan;nan;nan;nan;nan;nan;nan;nan;nan;nan;nan;nan;nan;nan;nan;nan;nan;nan;nan;nan;nan;nan;nan;nan;nan;nan;nan;nan;nan;nan;nan;nan;nan;nan;nan;nan;nan;nan;nan;nan;nan;nan;nan;nan;nan;nan;nan;nan;nan;nan;nan;nan;nan;nan;nan;nan;nan;nan;nan;nan;nan;nan;nan;nan;nan;nan;nan;nan;nan;nan;nan;nan;nan;nan;nan;nan;nan;nan;nan;nan;nan;nan;nan;nan;nan;nan;nan;nan;nan;nan;nan;nan;nan;nan;nan;nan;nan;nan;nan;nan;nan;nan;nan;nan;162686.386;162687.811;162720.053;162733.313;162738.565;162751.830;162761.792;162761.792;162771.860;162773.275;162781.702;162791.618;162791.618;162793.090;162802.792;162802.852;162812.461;162821.870;162821.919;162830.572;162831.229;162832.680;162832.680;162843.660;162867.669;162867.669;162868.874;162869.685;162869.685;162870.318;162879.594;162879.594;162886.059;162890.142;162896.611;162898.043;162898.043;162898.842;162906.326;162906.326;162917.750;162919.163;162924.943;162936.146;162936.146;162943.330;162944.728;162944.728;162946.112;162946.112;162946.915;162946.915;162947.424;162948.797;162948.797;162949.288;162950.651;162999.070;163076.470;163100.541;163142.670;163144.044;163160.795;163160.795;163162.155;163163.501;163163.501;163164.832;163164.832;163166.149;163166.149;163166.625;163167.038,5D,385.0
RSDVNS,1,750,12,12,6030,random,6030,163383.36758634239,168548.84843681793,5165.480850475549,True,385.3125731422216,2.6027882950002095,-580.386 -470.493;159.480 305.619;554.153 501.156;-401.980 593.205;-149.784 -643.710;-331.352 -166.574;77.827 741.474;567.843 -488.896;192.049 -397.198;376.007 -36.097;-745.587 28.311;-211.447 201.315,nan;nan;nan;nan;nan;nan;nan;nan;nan;nan;nan;nan;nan;nan;nan;nan;nan;nan;nan;nan;nan;nan;nan;nan;nan;nan;nan;nan;nan;nan;nan;nan;nan;nan;nan;nan;nan;nan;nan;nan;nan;nan;nan;nan;nan;nan;nan;nan;nan;nan;nan;nan;nan;nan;nan;nan;nan;nan;nan;nan;nan;nan;nan;nan;nan;nan;nan;nan;nan;nan;nan;nan;nan;nan;nan;nan;nan;nan;nan;nan;nan;nan;nan;nan;nan;nan;nan;nan;nan;nan;nan;nan;nan;nan;nan;nan;nan;nan;nan;nan;nan;nan;nan;nan;nan;nan;nan;nan;nan;nan;nan;nan;nan;nan;nan;nan;nan;nan;nan;nan;nan;nan;nan;nan;nan;nan;nan;nan;nan;nan;nan;nan;nan;nan;nan;nan;nan;nan;nan;nan;nan;nan;nan;nan;nan;nan;nan;nan;nan;nan;nan;nan;nan;nan;nan;nan;nan;nan;nan;nan;nan;161312.229;162453.707;162489.187;162508.498;162525.596;162559.988;162561.512;162578.447;162594.961;162594.961;162611.109;162623.609;162673.883;162686.349;162687.870;162703.853;162741.500;162741.500;162757.830;162779.301;162779.301;162787.085;162788.609;162820.348;162828.608;162828.608;162843.410;162850.964;162857.889;162865.442;162866.908;162866.908;162883.567;162883.567;162885.032;162887.656;162887.656;163382.000;163383.368;163383.368,5D,385.0
BVNS,1,750,12,22,6030,random,6030,165152.01196276204,168548.84843681793,3396.83647405589,True,385.7433249433003,2.370461255999544,276.659 -142.078;749.575 12.532;-413.127 57.844;-731.613 -159.790;625.634 -379.731;178.658 645.586;419.837 290.258;-638.607 391.541;-69.546 336.951;-131.315 -301.560;179.063 -567.322;-218.403 717.409,nan;nan;nan;nan;nan;nan;nan;nan;nan;nan;nan;nan;nan;nan;nan;nan;nan;nan;nan;nan;nan;nan;nan;nan;nan;nan;nan;nan;nan;nan;nan;nan;nan;nan;nan;nan;nan;nan;nan;nan;nan;nan;nan;nan;nan;nan;nan;nan;nan;nan;nan;nan;nan;nan;nan;nan;nan;nan;nan;nan;nan;nan;nan;nan;nan;nan;nan;nan;nan;nan;nan;nan;nan;nan;nan;nan;nan;nan;nan;nan;nan;nan;nan;nan;nan;nan;nan;nan;nan;nan;nan;nan;nan;nan;nan;162685.635;162709.656;163061.460;163800.747;164152.459;164619.341;164619.341;164725.336;164725.336;164820.143;164822.702;164822.702;164822.702;164834.921;164894.814;164897.925;164906.114;164906.114;164927.981;164927.981;164929.239;164929.239;164929.239;164931.186;164944.612;164951.685;164964.605;164964.605;164966.550;164975.380;164975.380;164977.493;164977.493;164978.848;164978.848;164980.102;164993.854;164998.272;165000.119;165004.469;165018.704;165018.704;165022.992;165023.060;165027.219;165076.175;165076.243;165080.067;165081.003;165083.773;165084.710;165085.049;165087.195;165093.545;165093.554;165094.465;165094.800;165095.069;165096.390;165097.695;165097.695;165103.787;165103.885;165104.811;165111.012;165111.012;165112.041;165112.371;165113.054;165113.961;165113.961;165114.504;165114.833;165114.833;165115.412;165121.543;165121.818;165122.120;165122.120;165122.400;165128.717;165134.683;165134.955;165134.955;165135.657;165135.657;165135.778;165138.800;165139.246;165141.756;165142.255;165143.982;165145.690;165146.189;165146.980;165149.977;165150.422;165150.477;165150.922;165151.038;165151.203;165151.317;165151.583;165151.748;165151.860;165152.012,5D,385.0
SSA,1,750,12,2,6030,random,6030,157758.84469308535,168548.84843681793,10790.003743732581,True,385.66664325594564,2.532059064999885,180.014 -402.619;-293.215 16.002;-681.765 -108.550;-205.020 -370.461;578.941 -24.495;225.631 594.405;-130.327 443.014;85.401 119.318;571.265 370.508;-687.504 282.967;-63.079 -736.976;-574.269 -481.790,nan;nan;nan;nan;nan;nan;nan;nan;nan;nan;nan;nan;nan;nan;nan;nan;nan;nan;nan;nan;nan;nan;nan;nan;nan;nan;nan;nan;nan;nan;nan;nan;nan;nan;nan;nan;nan;nan;nan;nan;nan;nan;nan;nan;nan;nan;nan;nan;nan;nan;nan;nan;nan;nan;nan;nan;nan;nan;nan;nan;nan;nan;nan;nan;nan;nan;nan;nan;nan;nan;nan;nan;nan;nan;nan;nan;nan;nan;nan;nan;nan;nan;nan;nan;nan;nan;nan;nan;nan;nan;nan;nan;nan;nan;nan;nan;nan;nan;nan;nan;nan;nan;nan;nan;nan;nan;nan;nan;nan;nan;nan;nan;nan;nan;nan;nan;nan;nan;nan;nan;nan;nan;nan;nan;nan;nan;nan;nan;nan;157581.040;157593.051;157621.864;157640.237;157641.220;157649.999;157654.972;157659.229;157664.254;157675.574;157682.778;157690.374;157693.380;157698.720;157720.453;157723.403;157727.610;157732.954;157734.907;157737.353;157739.503;157741.998;157744.371;157745.602;157747.930;157749.483;157750.646;157751.444;157752.100;157753.274;157753.769;157754.345;157754.790;157755.398;157755.592;157756.055;157756.276;157756.652;157757.037;157757.265;157757.408;157757.539;157757.711;157757.879;157758.070;157758.159;157758.228;157758.304;157758.401;157758.458;157758.528;157758.573;157758.615;157758.655;157758.676;157758.698;157758.722;157758.736;157758.764;157758.775;157758.790;157758.797;157758.808;157758.813;157758.817;157758.821;157758.826;157758.830;157758.835;157758.839;157758.843;157758.845,5D,385.0
LXSSA,1,750,12,12,6030,random,6030,160898.02255405733,168548.84843681793,7650.825882760604,True,385.09593160160637,2.633323060999828,-69.568 -702.154;601.886 -408.361;320.662 -135.571;-423.177 -524.746;322.034 -675.187;-633.053 -170.438;748.675 -44.529;-280.132 131.733;-587.835 363.288;-84.905 -232.187;449.149 231.028;97.279 389.379,nan;nan;nan;nan;nan;nan;nan;nan;nan;nan;nan;nan;nan;nan;nan;nan;nan;nan;nan;nan;nan;nan;nan;nan;nan;nan;nan;nan;nan;nan;nan;nan;nan;nan;nan;nan;nan;nan;nan;nan;nan;nan;nan;nan;nan;nan;nan;nan;nan;nan;nan;nan;nan;nan;nan;nan;nan;nan;nan;nan;nan;nan;nan;nan;nan;nan;nan;nan;nan;nan;nan;nan;nan;nan;nan;nan;nan;nan;nan;nan;nan;nan;nan;nan;nan;nan;nan;nan;nan;nan;nan;nan;nan;nan;nan;nan;nan;nan;nan;nan;nan;nan;nan;nan;nan;nan;nan;nan;nan;nan;nan;nan;nan;nan;nan;nan;nan;nan;nan;nan;nan;nan;nan;nan;nan;nan;nan;nan;nan;nan;nan;nan;nan;nan;nan;nan;nan;nan;nan;nan;nan;nan;nan;nan;nan;nan;nan;nan;nan;nan;nan;nan;nan;nan;nan;nan;nan;nan;nan;nan;nan;nan;nan;nan;nan;nan;nan;nan;nan;nan;nan;nan;nan;nan;nan;nan;nan;nan;nan;nan;nan;nan;nan;160897.848;160897.848;160897.848;160897.868;160897.932;160897.932;160897.995;160897.995;160897.995;160897.999;160898.001;160898.004;160898.004;160898.008;160898.021;160898.021;160898.021;160898.023,5D,385.0
DE,1,750,12,22,6030,random,6030,160515.4952214398,168548.84843681793,8033.353215378127,False,187.1610596207069,2.879687235000347,516.604 -236.474;311.508 618.036;-344.069 307.797;-482.384 493.657;-338.404 -211.691;-651.210 -33.483;-166.364 -576.445;35.758 -297.653;424.309 283.541;-472.800 -521.826;-115.669 401.696;397.289 -92.276,nan;nan;nan;nan;nan;nan;nan;nan;nan;nan;nan;nan;nan;nan;nan;nan;nan;nan;nan;nan;nan;nan;nan;nan;nan;nan;nan;nan;nan;nan;nan;nan;nan;nan;nan;nan;nan;nan;nan;nan;nan;nan;nan;nan;nan;nan;nan;nan;nan;nan;nan;nan;nan;nan;nan;nan;nan;nan;nan;nan;nan;nan;nan;nan;nan;nan;nan;nan;nan;nan;nan;nan;nan;nan;nan;nan;nan;nan;nan;nan;nan;nan;nan;nan;nan;nan;nan;nan;nan;nan;nan;nan;nan;nan;nan;nan;nan;nan;nan;nan;nan;nan;nan;nan;nan;nan;nan;nan;nan;nan;nan;nan;nan;nan;nan;nan;nan;nan;nan;nan;nan;nan;nan;nan;nan;nan;nan;nan;nan;nan;nan;nan;nan;nan;nan;nan;nan;nan;nan;nan;nan;nan;nan;nan;nan;nan;nan;nan;nan;nan;nan;nan;nan;nan;nan;nan;nan;nan;nan;nan;nan;nan;nan;nan;nan;nan;nan;nan;nan;nan;nan;nan;nan;nan;nan;nan;nan;nan;nan;nan;nan;nan;nan;nan;nan;nan;nan;nan;nan;nan;nan;nan;nan;nan;nan;nan;nan;nan;nan;nan;nan,5D,385.0
PSOBV,2,750,12,2,6030,random,6030,82355.79707373111,87784.54073621597,5428.743662484863,True,463.04010062940716,2.7901678259995606,-657.713 337.549;-337.243 -409.437;-245.830 78.631;3.995 -746.891;405.484 627.761;240.282 185.597;-204.161 581.260;-729.126 -158.229;700.628 253.275;446.753 -595.098;119.557 -261.429;716.172 -216.883,nan;nan;nan;nan;nan;nan;nan;nan;nan;nan;nan;nan;nan;nan;nan;nan;nan;nan;nan;nan;nan;nan;nan;nan;nan;nan;nan;nan;nan;nan;nan;nan;nan;nan;nan;nan;nan;nan;nan;nan;nan;nan;nan;nan;nan;nan;nan;nan;nan;nan;nan;nan;nan;nan;nan;nan;nan;nan;nan;nan;nan;nan;nan;nan;nan;nan;nan;nan;nan;nan;nan;nan;nan;nan;nan;nan;nan;nan;nan;nan;nan;nan;nan;nan;nan;nan;nan;nan;nan;nan;nan;nan;nan;nan;nan;nan;nan;nan;nan;nan;nan;nan;nan;nan;nan;nan;nan;nan;nan;nan;nan;nan;nan;nan;nan;nan;nan;nan;nan;nan;nan;nan;nan;nan;nan;nan;nan;nan;nan;nan;nan;nan;nan;nan;nan;nan;nan;nan;nan;nan;nan;nan;nan;nan;nan;nan;nan;nan;nan;nan;nan;nan;nan;nan;nan;nan;81832.622;81868.997;82269.054;82271.857;82275.179;82282.045;82282.045;82285.365;82286.844;82292.121;82292.795;82296.881;82302.087;82302.752;82305.405;82308.669;82308.669;82311.878;82312.555;82315.035;82318.140;82318.805;82321.193;82323.959;82323.959;82328.106;82328.770;82330.654;82331.314;82333.773;82334.851;82335.510;82336.559;82338.253;82338.912;82340.670;82341.330;82343.652;82345.285;82345.944;82350.967;82353.088;82353.747;82355.138;82355.797,6D,462.0
SSABV,2,750,12,12,6030,random,6030,81631.23256932448,87784.54073621597,6153.3081668914965,False,448.5646715359277,2.463607278999916,-742.175 -89.492;-651.676 368.090;667.695 -340.560;-133.856 -737.767;-539.473 -510.124;732.939 156.368;-297.611 80.325;-38.059 -299.551;314.195 -14.221;-303.325 669.888;73.226 380.931;333.447 -662.770,nan;nan;nan;nan;nan;nan;nan;nan;nan;nan;nan;nan;nan;nan;nan;nan;nan;nan;nan;nan;nan;nan;nan;nan;nan;nan;nan;nan;nan;nan;nan;nan;nan;nan;nan;nan;nan;nan;nan;nan;nan;nan;nan;nan;nan;nan;nan;nan;nan;nan;nan;nan;nan;nan;nan;nan;nan;nan;nan;nan;nan;nan;nan;nan;nan;nan;nan;nan;nan;nan;nan;nan;nan;nan;nan;nan;nan;nan;nan;nan;nan;nan;nan;nan;nan;nan;nan;nan;nan;nan;nan;nan;nan;nan;nan;nan;nan;nan;nan;nan;nan;nan;nan;nan;nan;nan;nan;nan;nan;nan;nan;nan;nan;nan;nan;nan;nan;nan;nan;nan;nan;nan;nan;nan;nan;nan;nan;nan;nan;nan;nan;nan;nan;nan;nan;nan;nan;nan;nan;nan;nan;nan;nan;nan;nan;nan;nan;nan;nan;nan;nan;nan;nan;nan;nan;nan;nan;nan;nan;nan;nan;nan;nan;nan;nan;nan;nan;nan;nan;nan;nan;nan;nan;nan;nan;nan;nan;nan;nan;nan;nan;nan;nan;nan;nan;nan;nan;nan;nan;nan;nan;nan;nan;nan;nan;nan;nan;nan;nan;nan;nan,6D,462.0
RSDVNS,2,750,12,22,6030,random,6030,82170.1968838256,87784.54073621597,5614.343852390375,True,462.1532233764359,2.4891624539995973,-163.536 -182.353;736.238 -133.864;367.461 -422.493;-595.369 -376.596;-95.099 275.580;-540.827 515.573;-128.852 736.499;665.249 345.823;309.413 48.553;-735.920 92.284;331.553 665.915;-66.185 -642.884,nan;nan;nan;nan;nan;nan;nan;nan;nan;nan;nan;nan;nan;nan;nan;nan;nan;nan;nan;nan;nan;nan;nan;nan;nan;nan;nan;nan;nan;nan;nan;nan;nan;nan;nan;nan;nan;nan;nan;nan;nan;nan;nan;nan;nan;nan;nan;nan;nan;nan;nan;nan;nan;nan;nan;nan;nan;nan;nan;nan;nan;nan;nan;nan;nan;nan;nan;nan;nan;nan;nan;nan;nan;nan;nan;nan;nan;nan;nan;nan;nan;nan;nan;nan;nan;nan;nan;nan;nan;nan;nan;nan;nan;nan;nan;nan;nan;nan;nan;nan;nan;nan;nan;nan;nan;nan;nan;nan;nan;nan;nan;nan;nan;nan;nan;nan;nan;nan;nan;nan;nan;nan;nan;nan;nan;nan;nan;nan;nan;nan;nan;nan;nan;nan;nan;nan;nan;nan;nan;nan;nan;nan;nan;nan;nan;nan;nan;nan;nan;nan;nan;nan;nan;nan;nan;nan;nan;nan;nan;nan;nan;nan;nan;nan;nan;nan;nan;nan;nan;nan;nan;nan;nan;nan;nan;nan;nan;nan;nan;nan;nan;nan;nan;nan;nan;nan;nan;nan;nan;nan;81935.580;81936.013;82125.589;82130.570;82156.045;82156.045;82160.994;82160.994;82162.901;82166.988;82170.197,6D,462.0
PSOC,2,750,12,2,6030,random,6030,82404.13439941905,87784.54073621597,5380.406336796921,False,458.0871137930201,2.5819911939997837,-654.147 355.602;-298.152 -383.496;-268.273 96.780;-9.143 -748.102;397.879 614.433;180.313 211.309;-151.259 693.448;-720.582 -190.551;698.708 268.252;432.566 -608.463;145.989 -249.488;605.874 -181.196,nan;nan;nan;nan;nan;nan;nan;nan;nan;nan;nan;nan;nan;nan;nan;nan;nan;nan;nan;nan;nan;nan;nan;nan;nan;nan;nan;nan;nan;nan;nan;nan;nan;nan;nan;nan;nan;nan;nan;nan;nan;nan;nan;nan;nan;nan;nan;nan;nan;nan;nan;nan;nan;nan;nan;nan;nan;nan;nan;nan;nan;nan;nan;nan;nan;nan;nan;nan;nan;nan;nan;nan;nan;nan;nan;nan;nan;nan;nan;nan;nan;nan;nan;nan;nan;nan;nan;nan;nan;nan;nan;nan;nan;nan;nan;nan;nan;nan;nan;nan;nan;nan;nan;nan;nan;nan;nan;nan;nan;nan;nan;nan;nan;nan;nan;nan;nan;nan;nan;nan;nan;nan;nan;nan;nan;nan;nan;nan;nan;nan;nan;nan;nan;nan;nan;nan;nan;nan;nan;nan;nan;nan;nan;nan;nan;nan;nan;nan;nan;nan;nan;nan;nan;nan;nan;nan;nan;nan;nan;nan;nan;nan;nan;nan;nan;nan;nan;nan;nan;nan;nan;nan;nan;nan;nan;nan;nan;nan;nan;nan;nan;nan;nan;nan;nan;nan;nan;nan;nan;nan;nan;nan;nan;nan;nan;nan;nan;nan;nan;nan;nan,6D,462.0
SSA,2,750,12,12,6030,random,6030,82374.64637981684,87784.54073621597,5409.894356399134,False,405.97518334910603,2.473656960999506,-157.289 -731.818;-363.688 655.920;-285.696 -312.810;393.164 638.687;13.063 495.314;-739.142 -42.570;-448.970 241.359;705.266 -247.297;337.690 -585.931;279.459 -154.966;463.137 235.221;-74.963 69.090,nan;nan;nan;nan;nan;nan;nan;nan;nan;nan;nan;nan;nan;nan;nan;nan;nan;nan;nan;nan;nan;nan;nan;nan;nan;nan;nan;nan;nan;nan;nan;nan;nan;nan;nan;nan;nan;nan;nan;nan;nan;nan;nan;nan;nan;nan;nan;nan;nan;nan;nan;nan;nan;nan;nan;nan;nan;nan;nan;nan;nan;nan;nan;nan;nan;nan;nan;nan;nan;nan;nan;nan;nan;nan;nan;nan;nan;nan;nan;nan;nan;nan;nan;nan;nan;nan;nan;nan;nan;nan;nan;nan;nan;nan;nan;nan;nan;nan;nan;nan;nan;nan;nan;nan;nan;nan;nan;nan;nan;nan;nan;nan;nan;nan;nan;nan;nan;nan;nan;nan;nan;nan;nan;nan;nan;nan;nan;nan;nan;nan;nan;nan;nan;nan;nan;nan;nan;nan;nan;nan;nan;nan;nan;nan;nan;nan;nan;nan;nan;nan;nan;nan;nan;nan;nan;nan;nan;nan;nan;nan;nan;nan;nan;nan;nan;nan;nan;nan;nan;nan;nan;nan;nan;nan;nan;nan;nan;nan;nan;nan;nan;nan;nan;nan;nan;nan;nan;nan;nan;nan;nan;nan;nan;nan;nan;nan;nan;nan;nan;nan;nan,6D,462.0
LXSSA,2,750,12,22,6030,random,6030,81296.77847463316,87784.54073621597,6487.762261582815,False,359.7227638797717,3.435421948000112,216.983 -73.780;330.790 -565.810;207.302 359.246;-24.212 -455.368;-262.957 -46.685;737.788 105.476;-602.439 -381.939;-298.590 -687.999;-147.670 537.073;630.046 -274.179;-525.590 292.880;572.234 484.818,nan;nan;nan;nan;nan;nan;nan;nan;nan;nan;nan;nan;nan;nan;nan;nan;nan;nan;nan;nan;nan;nan;nan;nan;nan;nan;nan;nan;nan;nan;nan;nan;nan;nan;nan;nan;nan;nan;nan;nan;nan;nan;nan;nan;nan;nan;nan;nan;nan;nan;nan;nan;nan;nan;nan;nan;nan;nan;nan;nan;nan;nan;nan;nan;nan;nan;nan;nan;nan;nan;nan;nan;nan;nan;nan;nan;nan;nan;nan;nan;nan;nan;nan;nan;nan;nan;nan;nan;nan;nan;nan;nan;nan;nan;nan;nan;nan;nan;nan;nan;nan;nan;nan;nan;nan;nan;nan;nan;nan;nan;nan;nan;nan;nan;nan;nan;nan;nan;nan;nan;nan;nan;nan;nan;nan;nan;nan;nan;nan;nan;nan;nan;nan;nan;nan;nan;nan;nan;nan;nan;nan;nan;nan;nan;nan;nan;nan;nan;nan;nan;nan;nan;nan;nan;nan;nan;nan;nan;nan;nan;nan;nan;nan;nan;nan;nan;nan;nan;nan;nan;nan;nan;nan;nan;nan;nan;nan;nan;nan;nan;nan;nan;nan;nan;nan;nan;nan;nan;nan;nan;nan;nan;nan;nan;nan;nan;nan;nan;nan;nan;nan,6D,462.0
SLSQP,2,750,12,2,6030,random,6030,82985.67707845604,87784.54073621597,4798.863657759939,True,400.6363603440706,4.524318623999534,-728.818 81.935;-307.709 -683.935;-620.326 -420.540;98.584 -664.004;197.480 334.766;-282.635 -134.060;616.068 413.766;-559.128 444.860;744.325 -6.432;524.324 -534.554;164.691 -209.636;-146.671 662.212,nan;nan;nan;nan;nan;nan;nan;nan;nan;nan;nan;nan;nan;nan;81755.290;81755.290;82937.581;82937.594;82937.594;82937.594;82937.594;82937.594;82937.594;82937.594;82937.594;82937.594;82937.594;82937.594;82937.594;82937.594;82937.594;82937.594;82937.594;82937.594;82937.594;82937.594;82937.594;82937.594;82937.594;82937.594;82937.594;82937.594;82937.594;82937.594;82937.594;82937.594;82938.137;82938.832;82941.402;82941.402;82941.402;82941.402;82941.402;82941.402;82941.402;82941.402;82941.402;82941.402;82941.402;82941.402;82941.402;82941.402;82941.402;82941.402;82941.402;82941.402;82941.402;82941.402;82941.402;82941.402;82941.402;82941.402;82941.402;82941.402;82941.402;82941.402;82941.402;82941.402;82941.402;82941.402;82941.402;82941.402;82941.402;82941.402;82941.402;82941.402;82941.402;82941.402;82941.402;82941.402;82941.402;82941.402;82941.402;82941.402;82941.402;82941.402;82941.402;82941.402;82941.402;82941.402;82941.402;82941.402;82941.402;82941.402;82941.402;82941.402;82941.402;82941.402;82941.402;82941.402;82941.402;82941.402;82941.402;82941.402;82941.402;82941.402;82941.402;82941.402;82941.402;82941.402;82941.402;82941.402;82941.402;82941.402;82941.402;82941.402;82941.402;82941.402;82941.402;82956.491;82956.491;82956.491;82956.573;82956.573;82956.709;82956.840;82956.972;82970.723;82972.334;82972.379;82975.778;82975.778;82975.778;82975.778;82975.778;82975.778;82975.778;82975.778;82975.778;82975.778;82975.778;82975.778;82975.778;82975.778;82975.778;82975.778;82975.778;82975.778;82975.778;82975.778;82983.420;82985.469;82985.501;82985.535;82985.595;82985.617;82985.634;82985.659;82985.662;82985.673;82985.674;82985.674;82985.675;82985.676;82985.677;82985.677;82985.677;82985.677;82985.677;82985.677;82985.677;82985.677;82985.677;82985.677;82985.677;82985.677;82985.677;82985.677;82985.677;82985.677;82985.677;82985.677;82985.677;82985.677;82985.677;82985.677;82985.677;82985.677;82985.677;82985.677;82985.677,5D,385.0
PSOBV,2,750,12,12,6030,random,6030,83289.11542859428,87784.54073621597,4495.425307621699,True,386.1345287473827,3.089285280000695,543.200 -441.727;-745.477 -34.625;222.156 -697.857;-315.952 100.598;-597.500 452.291;-316.721 -676.034;202.865 360.411;-447.295 -308.580;568.988 -56.455;89.970 -116.442;659.367 343.512;-130.008 733.783,nan;nan;nan;nan;nan;nan;nan;nan;nan;nan;nan;nan;nan;nan;nan;nan;nan;nan;nan;nan;nan;nan;nan;nan;nan;nan;nan;nan;nan;nan;nan;nan;nan;nan;nan;nan;nan;nan;nan;nan;nan;nan;nan;nan;nan;nan;nan;nan;nan;nan;nan;nan;nan;nan;nan;nan;nan;nan;nan;nan;nan;nan;nan;nan;nan;nan;nan;nan;nan;nan;nan;nan;nan;nan;nan;nan;nan;nan;nan;81296.033;81296.033;81296.033;81296.033;81296.033;81296.033;81309.191;81309.191;81659.101;81659.101;81679.816;81679.816;81837.115;81837.115;82009.398;82009.398;82061.694;82061.694;82092.176;82101.525;82101.525;82101.525;82145.440;82149.470;82232.664;82232.664;82320.669;82361.743;82468.412;82495.623;82529.760;82529.760;82552.595;82562.650;82636.143;82646.129;82679.328;82679.328;82679.328;82726.654;82743.294;82790.671;82790.671;82806.172;82806.172;82897.075;82906.380;82907.722;82920.943;82930.202;82930.202;82938.235;82938.235;82968.034;83052.186;83052.186;83058.475;83058.475;83089.279;83089.279;83089.279;83144.204;83147.492;83156.790;83160.056;83163.160;83164.403;83166.457;83185.287;83187.333;83187.333;83188.991;83188.991;83189.204;83199.726;83199.726;83217.791;83217.791;83223.185;83229.448;83229.448;83232.046;83234.444;83237.043;83241.859;83241.973;83244.458;83246.908;83246.908;83250.933;83254.917;83254.917;83256.055;83257.063;83259.446;83260.582;83260.582;83264.542;83264.542;83265.598;83266.132;83268.121;83269.122;83269.574;83269.862;83270.396;83270.576;83271.099;83273.313;83273.313;83275.432;83275.848;83287.189;83287.602;83287.613;83288.028;83288.682;83288.682;83289.076;83289.076;83289.076;83289.115,5D,385.0
SSABV,2,750,12,22,6030,random,6030,82146.39749393605,87784.54073621597,5638.143242279926,True,385.5880706560359,2.424795541000094,573.459 -392.762;169.317 -287.305;-403.962 535.243;-324.874 -165.908;585.297 295.658;-743.864 42.279;364.398 654.422;246.126 -698.295;37.630 449.723;7.532 63.346;-646.939 -378.400;-301.987 -631.360,nan;nan;nan;nan;nan;nan;nan;nan;nan;nan;nan;nan;nan;nan;nan;nan;nan;nan;nan;nan;nan;nan;nan;nan;nan;nan;nan;nan;nan;nan;nan;nan;nan;nan;nan;nan;nan;nan;nan;nan;nan;nan;nan;nan;nan;nan;nan;nan;nan;nan;nan;nan;nan;nan;nan;nan;nan;nan;nan;nan;nan;nan;nan;nan;nan;nan;nan;nan;nan;nan;nan;nan;nan;nan;nan;nan;nan;nan;nan;nan;nan;nan;nan;nan;nan;nan;nan;nan;nan;nan;nan;nan;nan;nan;nan;nan;nan;nan;nan;nan;nan;nan;nan;nan;nan;nan;nan;nan;nan;nan;nan;nan;nan;nan;nan;nan;nan;nan;nan;nan;nan;nan;nan;nan;nan;nan;nan;81225.173;81323.727;81333.980;81333.980;81363.117;81363.117;81373.240;81383.228;81383.228;81393.085;81443.387;81443.387;81449.772;81449.772;81456.068;81462.275;81462.275;81468.395;81469.910;81474.431;81480.383;81480.383;81486.253;81492.042;81492.042;81507.132;81508.644;81512.868;81514.379;81516.366;81517.880;81746.186;81746.186;81868.597;81871.013;81871.042;81873.228;81874.194;81875.699;81877.812;81878.222;81880.285;81882.326;81882.407;81884.715;81885.366;81886.871;81889.145;81889.599;81891.104;81892.503;81892.586;81893.994;81894.605;81896.077;81897.464;81897.526;81898.953;81900.338;81900.357;81901.741;81941.090;81942.476;81943.806;82091.200;82129.139;82130.251;82134.785;82136.105;82137.723;82139.042;82140.838;82140.838;82146.397,5D,385.0
BVNS,2,750,12,2,6030,random,6030,82464.70595031785,87784.54073621597,5319.834785898129,True,385.35164144408236,2.349489063999499,-723.323 154.493;-425.044 -617.706;-602.353 -225.261;96.994 -578.635;257.485 607.417;-198.395 -188.411;421.706 232.506;-520.615 535.504;745.312 0.013;584.280 -350.080;250.716 -118.056;-151.129 396.089,nan;nan;nan;nan;nan;nan;nan;nan;nan;nan;nan;nan;nan;nan;nan;nan;nan;nan;nan;nan;nan;nan;nan;nan;nan;nan;nan;nan;nan;nan;nan;nan;nan;nan;nan;nan;nan;nan;nan;nan;nan;nan;nan;nan;nan;nan;nan;nan;nan;nan;nan;nan;nan;nan;nan;nan;nan;nan;nan;nan;nan;nan;nan;nan;nan;nan;nan;nan;nan;nan;nan;nan;nan;nan;nan;nan;nan;nan;nan;nan;nan;nan;nan;nan;nan;nan;nan;nan;nan;nan;nan;nan;nan;nan;nan;nan;nan;nan;nan;nan;-2474193951712.724;-2474193951672.735;-2474193951325.125;-2474193951015.472;-2474193951015.472;-2474193950983.770;-2474193950968.330;-2474193950948.869;-2474193950933.473;-2474193950925.397;-2474193950921.609;-2474193950913.537;-2474193950913.537;-2474193950904.602;-2474193950896.677;-2474193950896.677;-2474193950889.367;-2474193950889.367;-2474193950882.935;-2474193950795.537;-2474193950795.537;-2474193950787.257;-2474193950783.210;-2474193950777.238;-2474193950774.458;-2474193950774.039;-2474193950771.258;-2474193950767.215;-2474193950766.562;-2474193950762.520;-2474193950747.638;-2474193950747.638;-2474193950735.588;-2474193950727.842;-2474193950721.114;-2474193950713.364;-2474193950713.364;-2474193950705.755;-2474193950704.098;-2474193950700.821;-2474193950694.269;-2474193950693.867;-2474193950689.402;-2474193950687.768;-2474193950683.223;-2474193950671.974;-2474193950657.667;-2474193950657.667;-2474193950655.783;-2474193950653.668;-2474193950651.365;-2474193950645.730;-2474193950645.730;-2474193950640.420;-2474193950631.340;-2474193950630.423;-2474193950621.343;-2474193950620.899;-2474193950616.694;-2474193950612.138;-2474193950612.138;-2474193950607.672;-2474193950603.945;-2474193950603.286;-2474193950594.373;-2474193950593.915;-2474193950589.854;-2474193950575.436;-2474193950575.436;-2474193950570.984;-2474193950567.304;-2474193950567.047;-2474193950563.362;-2474193950554.730;-2474193950554.730;-2474193950551.140;-2474193950551.140;-2474193950550.216;-2474193950548.733;-2474193950537.496;-2474193950503.848;-2474193950502.417;-2474193950501.979;-2474193950500.370;-2474193950487.971;-2474193950487.046;-2474193950467.144;-2474193950467.144;-2474193950467.144;-2474193950462.947;82440.422;82444.620;82444.724;82448.923;82452.789;82452.789;82459.981;82459.981;82462.571;82464.660;82464.706,5D,385.0
PSOC,2,750,12,12,6030,random,6030,83025.70990459694,87784.54073621597,4758.830831619038,True,390.1256595967547,2.3583127500005503,582.923 -443.931;-730.966 -40.215;213.308 -694.859;-299.642 97.263;-577.898 406.038;-177.806 -668.349;103.320 361.437;-369.051 -295.270;618.962 -55.474;57.863 -246.438;646.509 341.198;-215.548 710.669,nan;nan;nan;nan;nan;nan;nan;nan;nan;nan;nan;nan;nan;nan;nan;nan;nan;nan;nan;nan;nan;nan;nan;nan;nan;nan;nan;nan;nan;nan;nan;nan;nan;nan;nan;nan;nan;nan;nan;nan;nan;nan;nan;nan;nan;nan;nan;nan;nan;nan;nan;nan;nan;nan;nan;nan;nan;nan;nan;nan;nan;nan;nan;nan;nan;nan;nan;nan;nan;nan;nan;nan;nan;nan;nan;nan;nan;nan;nan;81296.033;81296.033;81296.033;81296.033;81296.033;81296.033;81309.191;81309.191;81659.101;81659.101;81679.816;81679.816;81837.115;81837.115;82009.398;82009.398;82061.694;82061.694;82092.176;82101.525;82101.525;82101.525;82111.916;82176.198;82176.198;82210.466;82210.466;82210.466;82242.154;82242.154;82291.616;82291.616;82336.715;82336.715;82336.715;82336.715;82336.715;82336.715;82336.715;82336.715;82434.519;82434.519;82434.519;82434.519;82434.519;82434.519;82434.519;82477.945;82477.945;82477.945;82519.024;82519.024;82636.013;82636.013;82636.013;82636.013;82636.013;82636.013;82636.013;82636.013;82636.013;82636.013;82636.013;82636.013;82636.013;82636.013;82636.013;82636.013;82636.013;82636.013;82642.831;82642.831;82642.831;82642.831;82642.831;82705.918;82705.918;82705.918;82705.918;82705.918;82705.918;82705.918;82705.918;82707.112;82707.112;82707.112;82782.298;82782.298;82782.298;82785.957;82785.957;82785.957;82785.957;82948.012;82948.012;82948.012;82948.012;82955.345;82955.345;82955.345;82955.345;82967.170;82989.462;82989.462;82989.462;82989.462;82989.462;82995.772;82995.772;82997.514;82997.514;82997.514;82997.514;83009.734;83022.914;83022.914;83022.914;83022.914;83022.914;83025.710;83025.710;83025.710,5D,385.0
SSA,2,750,12,22,6030,random,6030,82546.90350165135,87784.54073621597,5237.637234564623,True,390.83778818613797,2.538484869000058,-260.580 693.524;-583.105 471.686;-282.508 -567.836;-95.510 325.585;421.476 -611.857;302.374 18.601;-178.430 -70.215;94.034 -373.417;168.451 656.703;-621.575 68.776;-634.363 -397.683;526.412 469.209,nan;nan;nan;nan;nan;nan;nan;nan;nan;nan;nan;nan;nan;nan;nan;nan;nan;nan;nan;nan;nan;nan;nan;nan;nan;nan;nan;nan;nan;nan;nan;nan;nan;nan;nan;nan;nan;nan;nan;nan;nan;nan;nan;nan;nan;nan;nan;nan;nan;nan;nan;nan;nan;nan;nan;nan;nan;nan;nan;nan;nan;nan;nan;nan;nan;nan;nan;nan;nan;nan;nan;nan;nan;nan;nan;nan;nan;nan;nan;nan;nan;nan;nan;nan;nan;nan;nan;nan;nan;nan;nan;nan;nan;nan;nan;nan;nan;nan;nan;nan;nan;81454.580;81692.914;81692.914;81692.914;81692.914;81692.914;81919.730;81919.730;82152.677;82152.677;82152.677;82371.258;82371.258;82371.258;82410.372;82410.372;82410.372;82410.372;82417.832;82417.832;82417.832;82427.539;82427.539;82433.494;82434.233;82457.332;82464.849;82466.233;82515.819;82515.819;82518.977;82520.594;82522.426;82523.607;82527.453;82529.333;82532.307;82534.913;82534.913;82535.834;82535.900;82536.412;82538.027;82538.417;82539.608;82540.322;82541.362;82541.691;82542.250;82542.667;82543.159;82543.780;82544.177;82544.427;82544.683;82545.124;82545.423;82545.664;82545.715;82545.941;82546.046;82546.105;82546.229;82546.254;82546.359;82546.425;82546.526;82546.560;82546.609;82546.672;82546.683;82546.683;82546.732;82546.739;82546.771;82546.784;82546.810;82546.824;82546.837;82546.844;82546.850;82546.854;82546.861;82546.868;82546.873;82546.876;82546.880;82546.884;82546.888;82546.889;82546.891;82546.894;82546.896;82546.898;82546.899;82546.900;82546.902;82546.903;82546.903;82546.904,5D,385.0
DE,2,750,12,2,6030,random,6030,79283.48182531462,87784.54073621597,8501.058910901353,False,181.73648917365117,3.059460721000505,-280.914 -90.962;-494.273 -488.507;-665.825 -111.528;-351.155 -600.512;234.125 -222.943;-65.976 -279.716;585.759 310.741;-448.191 360.762;351.367 56.971;612.268 -348.882;354.092 -483.665;-108.370 483.981,nan;nan;nan;nan;nan;nan;nan;nan;nan;nan;nan;nan;nan;nan;nan;nan;nan;nan;nan;nan;nan;nan;nan;nan;nan;nan;nan;nan;nan;nan;nan;nan;nan;nan;nan;nan;nan;nan;nan;nan;nan;nan;nan;nan;nan;nan;nan;nan;nan;nan;nan;nan;nan;nan;nan;nan;nan;nan;nan;nan;nan;nan;nan;nan;nan;nan;nan;nan;nan;nan;nan;nan;nan;nan;nan;nan;nan;nan;nan;nan;nan;nan;nan;nan;nan;nan;nan;nan;nan;nan;nan;nan;nan;nan;nan;nan;nan;nan;nan;nan;nan;nan;nan;nan;nan;nan;nan;nan;nan;nan;nan;nan;nan;nan;nan;nan;nan;nan;nan;nan;nan;nan;nan;nan;nan;nan;nan;nan;nan;nan;nan;nan;nan;nan;nan;nan;nan;nan;nan;nan;nan;nan;nan;nan;nan;nan;nan;nan;nan;nan;nan;nan;nan;nan;nan;nan;nan;nan;nan;nan;nan;nan;nan;nan;nan;nan;nan;nan;nan;nan;nan;nan;nan;nan;nan;nan;nan;nan;nan;nan;nan;nan;nan;nan;nan;nan;nan;nan;nan;nan;nan;nan;nan;nan;nan;nan;nan;nan;nan;nan;nan,5D,385.0
SLSQP,1,1000,10,12,6030,random,6030,138961.08144238844,140457.3736973483,1496.2922549598443,True,471.2038999028382,5.142545124000208,116.632 992.990;918.988 393.593;29.347 -578.691;-256.468 -966.234;530.859 99.522;-505.683 -205.598;760.655 -648.084;324.929 -945.658;-521.422 803.613;34.162 215.989,nan;nan;nan;138005.549;138005.551;138005.567;138005.626;138005.726;138020.455;138021.256;138021.707;138021.707;138039.463;138065.086;138068.964;138068.964;138068.964;138068.964;138068.964;138068.964;138068.964;138068.964;138068.964;138068.964;138068.964;138068.964;138068.964;138068.964;138068.964;138231.623;138231.623;138231.623;138231.623;138231.623;138231.623;138231.623;138231.623;138231.623;138231.623;138231.623;138231.623;138231.623;138231.623;138231.623;138231.623;138231.623;138231.623;138231.623;138231.623;138231.623;138231.623;138231.623;138231.623;138231.623;138231.623;138231.623;138231.623;138231.623;138231.623;138231.623;138231.623;138231.623;138231.623;138231.623;138231.623;138231.623;138231.623;138231.623;138231.623;138231.623;138231.623;138231.623;138231.623;138231.623;138231.623;138231.623;138231.623;138231.623;138231.623;138231.623;138231.623;138231.623;138231.623;138231.623;138231.623;138231.623;138231.623;138231.623;138231.623;138231.623;138231.623;138231.623;138231.623;138231.623;138309.552;138310.080;138310.080;138332.630;138332.630;138332.630;138332.630;138332.630;138332.630;138332.630;138332.630;138332.630;138332.630;138332.630;138332.630;138332.630;138332.630;138332.630;138332.630;138332.630;138332.630;138332.630;138332.630;138332.630;138332.630;138364.402;138384.254;138427.872;138449.182;138449.182;138449.182;138449.182;138449.182;138449.182;138449.182;138449.182;138585.436;138585.436;138585.436;138585.436;138607.317;138607.317;138607.317;138607.317;138607.317;138607.317;138607.317;138607.317;138607.317;138607.317;138607.317;138607.317;138607.317;138607.317;138607.317;138607.317;138607.317;138739.748;138739.748;138739.748;138739.748;138739.748;138739.748;138739.748;138739.748;138739.748;138739.748;138920.523;138959.591;138959.741;138959.742;138959.747;138960.946;138961.055;138961.081;138961.081;138961.081;138961.081;138961.081;138961.081;138961.081;138961.081;138961.081;138961.081;138961.081;138961.081;138961.081;138961.081;138961.081;138961.081;138961.081;138961.081;138961.081;138961.081;138961.081;138961.081;138961.081;138961.081;138961.081;138961.081;138961.081;138961.081;138961.081;138961.081;138961.081;138961.081;138961.081,6D,462.0
PSOBV,1,1000,10,22,6030,random,6030,139980.61414201054,140457.3736973483,476.75955533774686,True,498.1692969091402,2.726789436999752,-701.568 711.798;-987.916 154.731;48.006 -333.360;-435.296 106.127;983.480 -68.878;-707.647 -448.850;36.044 913.693;622.994 -540.646;-167.677 -984.339;242.082 125.450,nan;nan;nan;nan;nan;nan;nan;nan;nan;nan;nan;nan;nan;nan;nan;nan;nan;nan;nan;nan;nan;nan;nan;nan;nan;nan;nan;nan;nan;nan;nan;nan;nan;nan;137301.608;137301.608;138239.627;138239.627;138885.886;138975.412;138975.412;138975.412;138975.412;138975.412;138975.412;138975.412;138975.412;138975.412;138975.412;138975.412;138975.412;139100.080;139100.080;139153.169;139153.169;139459.772;139459.772;139459.772;139459.772;139459.772;139525.468;139542.536;139542.536;139542.536;139542.536;139608.506;139611.626;139614.327;139614.327;139614.327;139614.327;139614.327;139614.327;139614.327;139715.289;139715.289;139715.289;139783.586;139783.586;139783.586;139792.830;139792.830;139802.774;139802.774;139802.774;139802.774;139802.774;139802.774;139814.314;139815.934;139815.934;139815.934;139827.129;139827.129;139827.129;139827.129;139845.092;139845.092;139845.092;139845.092;139845.092;139863.668;139868.060;139887.187;139890.746;139900.706;139908.041;139908.041;139908.041;139910.946;139914.040;139917.048;139917.048;139917.048;139931.591;139932.776;139932.777;139933.991;139933.991;139944.225;139954.378;139964.612;139965.104;139965.234;139965.234;139965.234;139965.942;139965.942;139966.625;139967.075;139967.812;139968.069;139968.834;139969.278;139970.080;139970.080;139970.499;139970.683;139970.683;139971.440;139972.100;139972.266;139972.268;139972.447;139972.613;139972.817;139973.147;139973.231;139973.521;139973.847;139974.055;139974.186;139974.307;139974.496;139974.697;139975.111;139975.111;139975.312;139975.500;139975.583;139975.717;139976.110;139976.297;139976.320;139976.514;139976.700;139976.885;139976.939;139977.101;139977.186;139977.209;139977.459;139977.616;139977.801;139977.824;139977.907;139978.144;139978.225;139978.560;139978.601;139978.751;139978.833;139978.936;139979.097;139979.257;139979.439;139979.620;139979.663;139979.804;139979.985;139980.164;139980.187;139980.266;139980.311;139980.334;139980.379;139980.570;139980.594;139980.614;139980.614;139980.614,6D,462.0
RSDVNS,1,1000,10,2,6030,random,6030,138439.38244267725,140457.3736973483,2017.9912546710402,True,462.6948022320468,2.2521842810001544,-290.205 -894.393;809.490 -584.665;110.910 -198.357;339.773 -630.588;667.356 743.376;547.225 -44.218;9.333 731.851;-688.898 -193.120;-453.064 748.438;941.965 332.583,nan;nan;nan;nan;nan;nan;nan;nan;nan;nan;nan;nan;nan;nan;nan;nan;nan;nan;nan;nan;nan;nan;nan;nan;nan;nan;nan;nan;nan;nan;nan;nan;nan;nan;nan;nan;nan;nan;nan;nan;nan;nan;nan;nan;nan;nan;nan;nan;nan;nan;nan;nan;nan;nan;nan;nan;nan;nan;nan;nan;nan;nan;nan;nan;nan;nan;nan;nan;nan;nan;nan;nan;nan;nan;nan;nan;nan;nan;nan;nan;nan;nan;nan;nan;nan;nan;nan;nan;nan;nan;nan;nan;nan;nan;nan;nan;nan;nan;nan;nan;nan;nan;nan;nan;nan;nan;nan;nan;137460.465;137463.789;137518.563;137537.257;137571.730;137625.040;137657.021;137684.033;137745.346;137775.026;137796.480;137799.602;137839.022;137858.129;137859.914;137871.679;137890.331;137901.177;137901.177;137916.723;137925.442;137937.127;137937.127;137937.465;137939.332;137939.332;137960.914;137964.450;137997.351;137997.351;138014.067;138068.066;138099.607;138099.607;138128.778;138155.742;138164.040;138164.040;138165.350;138173.566;138173.856;138173.856;138204.352;138208.306;138233.084;138260.186;138264.140;138281.018;138323.255;138323.255;138327.044;138330.998;138330.998;138343.500;138343.636;138343.797;138343.797;138346.330;138346.330;138356.691;138356.723;138381.274;138381.274;138383.091;138384.697;138387.763;138399.479;138399.479;138402.493;138403.209;138407.585;138411.953;138412.117;138412.404;138412.786;138412.951;138414.436;138415.077;138420.640;138421.556;138426.458;138432.035;138432.786;138433.683;138433.852;138435.830;138435.830;138437.791;138437.791;138438.235;138438.615;138438.778;138439.382,6D,462.0
BVNS,1,1000,10,12,6030,random,6030,139006.55628676564,140457.3736973483,1450.8174105826474,True,463.080488342882,1.9849552539999422,60.283 994.438;850.454 306.004;52.527 -511.792;-199.937 -900.000;537.201 -58.415;-421.105 -70.152;842.574 -534.447;364.188 -925.000;-430.036 901.636;62.067 158.199,nan;nan;nan;nan;nan;nan;nan;nan;nan;nan;nan;nan;nan;nan;nan;nan;nan;nan;nan;nan;nan;nan;nan;nan;nan;nan;nan;nan;nan;nan;nan;nan;nan;nan;nan;nan;nan;nan;nan;nan;nan;136210.552;136254.816;137454.893;137656.594;137779.332;137839.514;137916.284;137916.284;137965.296;138006.990;138034.786;138048.382;138077.226;138110.807;138137.545;138147.299;138186.115;138206.967;138254.362;138254.362;138289.260;138289.260;138298.652;138317.291;138325.905;138331.431;138357.898;138374.920;138543.253;138562.974;138582.036;138588.897;138588.897;138601.282;138608.461;138608.461;138611.967;138618.917;138618.917;138635.663;138639.014;138641.794;138642.219;138645.322;138655.122;138655.122;138656.603;138663.904;138671.488;138672.915;138677.654;138677.654;138678.527;138679.380;138679.380;138680.201;138680.246;138681.606;138681.606;138681.606;138684.532;138689.497;138692.657;138693.282;138696.207;138698.294;138700.011;138700.011;138702.890;138706.608;138706.608;138709.236;138710.004;138710.413;138710.521;138711.279;138711.689;138712.091;138712.091;138712.364;138712.630;138712.630;138713.483;138713.483;138714.907;138716.743;138716.743;138718.037;138718.408;138718.408;138718.538;138718.538;138719.195;138720.431;138720.918;138721.340;138721.997;138722.636;138723.061;138723.061;138723.767;138724.672;138724.672;138725.307;138725.372;138725.436;138725.620;138725.684;138725.748;138725.748;138725.748;138725.748;138725.748;138725.748;138725.748;138725.748;138725.748;138725.748;138725.748;138725.748;138725.748;138751.012;138809.487;138809.487;138818.030;138826.226;138826.226;138838.801;138838.801;138840.542;138840.542;138893.479;138903.048;138936.435;138936.435;138952.995;138954.051;138968.373;138980.283;138980.283;138981.323;138981.323;138981.789;138981.789;138987.733;138990.911;138991.806;138993.527;138994.456;138995.689;138996.610;138996.610;139000.181;139001.531;139001.531;139003.448;139004.765;139005.662;139006.556;139006.556,6D,462.0
PSOC,1,1000,10,22,6030,random,6030,139939.60572869083,140457.3736973483,517.7679686574556,True,483.3452945671631,2.024707127000511,-701.797 693.228;-955.552 15.980;48.113 -312.855;-473.331 123.068;971.862 -49.617;-678.203 -438.575;32.958 990.530;631.974 -526.318;-173.766 -983.269;261.721 120.728,nan;nan;nan;nan;nan;nan;nan;nan;nan;nan;nan;nan;nan;nan;nan;nan;nan;nan;nan;nan;nan;nan;nan;nan;nan;nan;nan;nan;nan;nan;nan;nan;nan;nan;137301.608;137301.608;138239.627;138239.627;138885.886;138975.412;138975.412;138975.412;138975.412;138975.412;138975.412;138975.412;138975.412;138975.412;138975.412;138975.412;138975.412;139100.080;139100.080;139153.169;139153.169;139459.772;139459.772;139459.772;139459.772;139459.772;139525.468;139542.536;139542.536;139542.536;139542.536;139608.506;139611.626;139614.327;139614.327;139614.327;139614.327;139614.327;139614.327;139614.327;139715.289;139715.289;139715.289;139783.586;139783.586;139783.586;139792.830;139792.830;139802.774;139802.774;139802.774;139802.774;139802.774;139802.774;139814.314;139815.934;139815.934;139815.934;139827.129;139827.129;139827.129;139827.129;139845.092;139845.092;139845.092;139845.092;139845.092;139845.092;139845.092;139845.092;139845.092;139845.092;139845.092;139845.092;139845.092;139845.092;139845.092;139862.543;139862.543;139862.543;139862.543;139862.543;139864.382;139864.382;139864.382;139864.382;139864.382;139864.382;139869.486;139869.486;139869.486;139869.486;139869.486;139877.037;139877.037;139885.639;139885.639;139885.639;139887.995;139887.995;139888.426;139888.426;139888.426;139888.426;139888.426;139888.426;139888.426;139888.426;139888.426;139888.426;139888.426;139895.045;139895.045;139895.045;139909.789;139909.789;139909.789;139909.789;139909.789;139909.789;139909.789;139909.789;139909.789;139909.789;139909.789;139909.789;139909.789;139909.789;139909.789;139909.789;139910.376;139910.376;139910.376;139910.376;139910.376;139916.457;139916.457;139916.457;139916.457;139919.071;139919.071;139919.071;139919.071;139931.848;139931.848;139931.848;139931.848;139931.848;139931.848;139931.848;139931.848;139931.900;139933.837;139933.837;139933.837;139936.623;139936.623;139936.623;139936.623;139936.664;139937.798;139938.407;139938.407;139939.435;139939.435;139939.606;139939.606,6D,462.0
LXSSA,1,1000,10,2,6030,random,6030,139541.35023569263,140457.3736973483,916.0234616556554,True,474.61883844776196,2.0560321900002236,332.874 -323.249;-24.157 584.757;-832.005 -253.873;528.190 781.315;-505.547 487.799;806.071 -286.545;8.638 -735.728;-524.516 -826.047;-241.188 -182.969;905.621 324.233,nan;nan;nan;nan;nan;nan;nan;nan;nan;nan;nan;nan;nan;nan;nan;nan;nan;nan;nan;nan;nan;nan;nan;nan;nan;nan;nan;nan;nan;nan;nan;nan;nan;nan;nan;nan;nan;nan;nan;nan;nan;nan;nan;nan;nan;nan;nan;nan;nan;nan;nan;nan;nan;nan;nan;nan;nan;nan;nan;nan;nan;nan;nan;nan;nan;nan;nan;nan;nan;nan;nan;nan;nan;nan;nan;nan;nan;nan;nan;nan;nan;nan;nan;nan;nan;nan;nan;137397.714;137397.714;137397.714;137397.714;137545.823;137545.823;138282.905;139359.509;139359.509;139359.509;139361.491;139372.474;139389.873;139389.873;139389.873;139438.962;139438.962;139438.962;139443.728;139467.830;139467.830;139467.830;139483.958;139483.958;139483.958;139483.958;139484.108;139484.108;139490.482;139490.482;139490.482;139490.482;139491.242;139491.242;139493.290;139494.112;139497.511;139498.508;139499.414;139500.886;139500.930;139500.930;139504.651;139504.651;139504.651;139506.199;139523.394;139523.394;139531.525;139533.753;139533.753;139534.393;139537.093;139537.093;139537.093;139537.658;139538.362;139538.362;139538.362;139538.758;139539.085;139539.085;139539.151;139539.235;139539.716;139539.716;139539.716;139539.856;139539.856;139539.931;139539.931;139540.031;139540.253;139540.253;139540.327;139540.327;139540.327;139540.361;139540.555;139540.555;139540.733;139540.733;139540.733;139540.761;139540.761;139540.772;139540.787;139540.787;139540.857;139540.857;139540.911;139540.911;139540.911;139540.913;139540.913;139540.916;139541.009;139541.009;139541.009;139541.011;139541.012;139541.012;139541.039;139541.039;139541.059;139541.059;139541.059;139541.059;139541.118;139541.118;139541.160;139541.160;139541.350;139541.350,6D,462.0
DE,1,1000,10,12,6030,random,6030,138221.16090768098,140457.3736973483,2236.2127896673046,False,335.63031311094454,3.5136215030006497,430.996 -381.871;573.629 -814.652;-501.924 638.049;46.118 872.417;-458.793 -869.009;491.128 340.459;-334.448 118.745;-744.026 -505.046;-109.213 -568.206;215.945 582.923,nan;nan;nan;nan;nan;nan;nan;nan;nan;nan;nan;nan;nan;nan;nan;nan;nan;nan;nan;nan;nan;nan;nan;nan;nan;nan;nan;nan;nan;nan;nan;nan;nan;nan;nan;nan;nan;nan;nan;nan;nan;nan;nan;nan;nan;nan;nan;nan;nan;nan;nan;nan;nan;nan;nan;nan;nan;nan;nan;nan;nan;nan;nan;nan;nan;nan;nan;nan;nan;nan;nan;nan;nan;nan;nan;nan;nan;nan;nan;nan;nan;nan;nan;nan;nan;nan;nan;nan;nan;nan;nan;nan;nan;nan;nan;nan;nan;nan;nan;nan;nan;nan;nan;nan;nan;nan;nan;nan;nan;nan;nan;nan;nan;nan;nan;nan;nan;nan;nan;nan;nan;nan;nan;nan;nan;nan;nan;nan;nan;nan;nan;nan;nan;nan;nan;nan;nan;nan;nan;nan;nan;nan;nan;nan;nan;nan;nan;nan;nan;nan;nan;nan;nan;nan;nan;nan;nan;nan;nan;nan;nan;nan;nan;nan;nan;nan;nan;nan;nan;nan;nan;nan;nan;nan;nan;nan;nan;nan;nan;nan;nan;nan;nan;nan;nan;nan;nan;nan;nan;nan;nan;nan;nan;nan;nan;nan;nan;nan;nan;nan;nan,6D,462.0
SLSQP,1,1000,10,22,6030,random,6030,139066.6283177422,140457.3736973483,1390.7453796060872,True,390.12652358106743,4.605159908000132,624.431 261.643;-0.087 453.264;-852.163 -519.706;243.742 -139.714;-388.232 413.997;188.878 -933.990;-574.842 -235.996;-362.749 -926.183;370.640 772.152;-859.127 427.056,nan;nan;nan;137818.582;137880.314;137881.391;138801.896;138832.118;138849.007;138849.007;138849.007;138849.007;138849.007;138871.286;138871.286;138871.472;138871.473;138871.709;138872.558;138872.558;138876.984;138876.984;138876.984;138876.984;138876.984;138876.984;138876.984;138876.984;138876.984;138876.984;138876.984;138876.984;138876.984;138876.984;138876.984;138876.984;138876.984;138876.984;138876.984;138876.984;138876.984;138876.984;138876.984;138876.984;138876.984;138876.984;138876.984;138876.984;138876.984;138876.984;138876.984;138876.984;138878.473;138878.473;138878.473;138878.473;138878.473;138878.473;138878.473;138878.473;138878.473;138878.515;138913.840;138913.840;138913.840;138913.840;138913.840;138913.840;138913.840;138913.840;138913.840;138913.840;138913.840;138913.840;138913.840;138913.840;138915.033;138976.991;138992.078;138992.078;138992.078;138992.078;138992.078;138992.078;138997.931;138997.933;138997.940;138997.954;138997.960;138997.984;138997.984;138998.026;138998.071;138998.119;138998.174;138999.111;139000.558;139002.428;139007.915;139009.041;139010.263;139010.263;139010.263;139010.263;139010.263;139010.263;139010.920;139011.004;139011.091;139011.091;139011.091;139011.091;139011.091;139011.091;139021.105;139021.105;139021.105;139021.105;139021.105;139021.105;139021.105;139021.105;139021.105;139021.105;139021.105;139021.105;139021.105;139021.105;139021.105;139021.105;139021.105;139021.105;139021.105;139021.105;139021.105;139021.105;139021.105;139021.105;139021.105;139021.105;139021.105;139021.105;139021.105;139021.105;139021.105;139021.105;139021.105;139021.105;139021.105;139021.105;139021.105;139021.105;139021.105;139021.105;139021.105;139021.105;139021.105;139021.105;139021.105;139021.105;139021.105;139021.105;139021.105;139021.105;139021.105;139021.105;139021.105;139021.105;139021.105;139021.105;139021.105;139021.105;139021.105;139021.105;139021.105;139021.105;139021.105;139021.105;139021.105;139021.105;139021.105;139021.105;139021.105;139029.162;139043.119;139044.518;139044.916;139066.628;139066.628;139066.628;139066.628;139066.628;139066.628;139066.628;139066.628;139066.628;139066.628;139066.628;139066.628;139066.628;139066.628,5D,385.0
SSABV,1,1000,10,2,6030,random,6030,139451.6053666958,140457.3736973483,1005.7683306524996,True,397.7335212256174,2.4504350710003564,-633.073 503.991;-9.695 -631.936;-39.793 605.563;439.902 -686.551;621.484 -10.638;174.948 -984.212;-219.366 -6.681;801.270 596.943;-813.211 -171.070;154.513 973.354,nan;nan;nan;nan;nan;nan;nan;nan;nan;nan;nan;nan;nan;nan;nan;nan;nan;nan;nan;nan;nan;nan;nan;nan;nan;nan;nan;136807.433;136807.433;136807.433;136807.433;136807.433;136807.433;136807.433;136807.433;136807.433;136807.433;136807.433;136807.433;136807.433;136807.433;136807.433;138772.193;138772.193;138772.193;138772.193;138772.193;138772.193;138772.193;138772.193;138772.193;138827.646;138827.646;138838.757;138862.917;138871.212;138871.212;138874.841;138874.841;138874.841;138874.841;138882.140;138899.616;138899.616;138902.088;138904.314;138906.184;138907.923;138908.989;138910.558;138911.637;138912.338;138913.025;138913.659;138914.220;138914.622;138914.859;138915.181;138915.374;138915.533;138915.670;138915.775;138915.863;138915.902;138915.938;138915.968;138915.989;138916.001;138916.015;138916.027;138916.036;138916.040;138916.042;138916.044;138916.047;138916.049;138916.050;138916.051;138916.051;138916.052;138916.052;139274.815;139307.182;139307.182;139319.325;139319.325;139326.949;139330.004;139337.775;139343.666;139351.328;139354.432;139361.973;139369.031;139370.256;139371.774;139371.774;139378.343;139398.612;139398.612;139399.475;139399.475;139399.911;139411.377;139412.377;139412.377;139412.377;139422.393;139423.241;139423.782;139428.515;139429.056;139429.056;139429.529;139445.178;139445.178;139445.353;139445.505;139445.505;139445.760;139445.760;139446.423;139446.586;139446.787;139447.963;139448.621;139448.784;139448.784;139448.908;139448.908;139449.235;139449.723;139449.903;139450.118;139450.265;139450.346;139450.381;139450.496;139450.761;139450.842;139450.876;139451.090;139451.204;139451.284;139451.317;139451.430;139451.510;139451.510;139451.544;139451.605;139451.605;139451.605;139451.605;139451.605;139451.605;139451.605;139451.605;139451.605;139451.605;139451.605;139451.605;139451.605;139451.605;139451.605;139451.605;139451.605;139451.605;139451.605;139451.605;139451.605;139451.605;139451.605;139451.605;139451.605;139451.605;139451.605;139451.605;139451.605;139451.605;139451.605;139451.605,5D,385.0
RSDVNS,1,1000,10,12,6030,random,6030,139351.15824523542,140457.3736973483,1106.2154521128687,True,472.1537496513825,2.1863351120000516,851.308 -197.701;80.254 996.743;-445.080 -895.467;2.446 358.755;-684.360 728.714;592.570 761.874;-185.836 -337.701;32.991 -883.717;-935.887 -158.989;392.001 -307.090,nan;nan;nan;nan;nan;nan;nan;nan;nan;nan;nan;nan;nan;nan;nan;nan;nan;nan;nan;nan;nan;nan;nan;nan;nan;nan;nan;nan;nan;nan;nan;nan;nan;nan;nan;nan;nan;nan;nan;nan;nan;nan;nan;nan;nan;nan;nan;nan;nan;nan;nan;nan;nan;nan;nan;nan;nan;nan;nan;nan;nan;nan;nan;nan;nan;nan;nan;nan;nan;nan;nan;nan;nan;nan;nan;nan;nan;nan;nan;nan;nan;nan;nan;nan;nan;nan;nan;nan;nan;nan;nan;nan;nan;nan;nan;nan;nan;nan;nan;nan;136856.505;138490.424;139056.121;139106.026;139136.396;139154.029;139174.849;139204.128;139204.189;139226.356;139243.109;139243.109;139261.578;139265.820;139268.063;139272.305;139273.577;139286.968;139287.706;139290.352;139292.849;139292.849;139299.113;139305.076;139306.486;139306.486;139307.711;139307.711;139310.062;139310.062;139310.062;139318.639;139319.834;139322.671;139323.222;139324.416;139324.416;139324.416;139328.591;139332.175;139334.233;139334.816;139335.730;139337.114;139337.697;139338.645;139338.909;139339.836;139340.418;139341.203;139341.396;139341.976;139342.546;139342.546;139342.768;139342.768;139342.945;139343.285;139343.285;139344.202;139344.202;139344.487;139345.962;139346.383;139346.668;139347.050;139347.050;139347.050;139347.138;139347.303;139347.303;139347.303;139348.308;139348.308;139348.815;139349.025;139349.168;139349.497;139349.544;139349.687;139349.876;139350.018;139350.018;139350.151;139350.151;139351.019;139351.067;139351.067;139351.115;139351.158;139351.158;139351.158;139351.158;139351.158;139351.158;139351.158;139351.158;139351.158;139351.158;139351.158;139351.158,5D,385.0
BVNS,1,1000,10,22,6030,random,6030,139790.85291631427,140457.3736973483,666.5207810340216,True,394.69472940259965,1.980402930999844,-613.917 -57.154;-919.518 -388.866;883.095 -203.497;197.723 871.952;479.213 260.629;-805.128 587.944;-434.991 450.896;188.305 -184.142;187.868 -881.673;-235.548 957.607,nan;nan;nan;nan;nan;nan;nan;nan;nan;nan;nan;nan;nan;nan;nan;nan;nan;nan;nan;nan;nan;nan;nan;137555.802;137555.802;138147.017;138921.043;139023.230;139023.230;139071.866;139109.540;139152.478;139152.478;139177.904;139218.481;139232.839;139232.839;139251.441;139275.998;139289.274;139295.149;139303.514;139329.936;139329.936;139341.939;139358.765;139358.765;139375.947;139375.947;139378.118;139381.913;139384.068;139384.068;139390.072;139400.267;139412.148;139412.148;139412.148;139431.839;139433.026;139438.724;139443.905;139445.091;139446.469;139446.469;139455.285;139456.302;139463.008;139468.375;139469.444;139470.482;139476.708;139476.708;139477.735;139483.765;139483.765;139484.552;139485.542;139491.380;139491.380;139497.035;139497.781;139498.726;139504.206;139504.206;139504.914;139514.688;139514.688;139516.270;139517.155;139526.283;139527.185;139527.847;139528.715;139533.652;139534.498;139534.498;139535.321;139535.321;139535.655;139535.949;139535.949;139537.659;139540.492;139540.492;139541.102;139541.652;139543.921;139545.892;139546.442;139548.784;139550.946;139550.946;139551.261;139551.658;139551.658;139551.965;139552.215;139552.709;139552.709;139552.928;139553.127;139553.127;139553.323;139553.456;139553.456;139553.764;139554.704;139555.845;139556.153;139556.793;139556.986;139556.986;139557.111;139557.341;139557.341;139557.434;139557.524;139557.524;139557.606;139557.691;139557.691;139557.758;139558.456;139558.456;139558.591;139558.964;139559.035;139559.334;139559.405;139559.467;139559.578;139559.578;139559.619;139559.619;139559.660;139559.697;139559.697;139559.697;139559.697;139559.697;139559.697;139559.697;139559.697;139559.697;139559.697;139559.697;139559.697;139559.697;139559.697;139559.697;139559.697;139559.697;139559.697;139559.697;139559.697;139728.291;139738.029;139744.419;139752.741;139762.521;139771.091;139779.412;139779.412;139781.226;139783.330;139783.330;139784.059;139784.990;139785.832;139786.870;139787.596;139787.596;139787.877;139788.544;139788.544;139788.544;139789.541;139789.961;139790.347;139790.853,5D,385.0
SSA,1,1000,10,2,6030,random,6030,139280.23343487608,140457.3736973483,1177.1402624722105,True,421.34008971477203,2.130420143000265,-27.674 812.130;-374.177 -423.294;-381.537 517.424;461.366 -604.037;897.048 156.044;214.735 -970.552;484.380 26.702;733.932 665.212;-805.885 106.043;203.392 340.665,nan;nan;nan;nan;nan;nan;nan;nan;nan;nan;nan;nan;nan;nan;nan;nan;nan;nan;nan;nan;nan;nan;nan;nan;nan;nan;nan;nan;nan;nan;nan;nan;nan;nan;nan;nan;nan;nan;nan;nan;nan;nan;nan;nan;nan;nan;nan;nan;nan;nan;nan;nan;nan;nan;nan;nan;nan;nan;nan;nan;nan;nan;nan;nan;nan;nan;nan;nan;nan;136063.319;136063.319;136063.319;136063.319;136063.319;136063.319;136063.319;136063.319;136063.319;136063.319;136063.319;136063.319;136063.319;136063.319;136063.319;136064.353;136064.353;136064.353;136064.353;136954.529;136954.529;137350.524;137896.965;137896.965;137939.995;137939.995;138264.116;138922.021;138922.021;139023.668;139023.668;139023.668;139023.668;139023.668;139023.668;139036.304;139036.304;139064.358;139064.358;139064.358;139099.564;139121.980;139126.888;139159.280;139159.280;139211.647;139211.647;139211.647;139211.647;139211.647;139217.542;139230.393;139236.387;139244.079;139244.079;139249.651;139251.172;139252.015;139258.383;139258.383;139260.733;139263.150;139264.377;139266.121;139267.039;139269.023;139270.396;139271.078;139271.456;139272.694;139273.344;139274.100;139274.716;139275.598;139275.966;139276.622;139277.063;139277.448;139277.678;139277.875;139278.182;139278.408;139278.646;139278.877;139279.061;139279.236;139279.301;139279.420;139279.457;139279.572;139279.637;139279.733;139279.820;139279.865;139279.910;139279.959;139279.985;139280.016;139280.051;139280.079;139280.096;139280.115;139280.132;139280.143;139280.156;139280.165;139280.171;139280.180;139280.189;139280.193;139280.201;139280.206;139280.210;139280.212;139280.215;139280.218;139280.221;139280.222;139280.223;139280.225;139280.227;139280.228;139280.229;139280.230;139280.231;139280.232;139280.232;139280.233;139280.233;139280.233;139280.233;139280.233,5D,385.0
LXSSA,1,1000,10,12,6030,random,6030,139358.1654925835,140457.3736973483,1099.2082047647855,True,395.3349203525662,2.007090268999491,-838.949 -514.020;794.211 -558.892;336.629 193.296;-339.915 -566.979;617.285 763.904;-50.476 113.051;-841.599 285.616;-351.528 585.643;-606.642 -143.382;189.962 -603.034,nan;nan;nan;nan;nan;nan;nan;nan;nan;nan;nan;nan;nan;nan;nan;nan;nan;nan;nan;nan;nan;nan;nan;nan;nan;nan;nan;nan;nan;nan;nan;nan;nan;nan;nan;nan;nan;nan;nan;nan;nan;nan;nan;nan;nan;nan;nan;nan;nan;nan;nan;nan;nan;nan;nan;nan;nan;nan;nan;nan;nan;nan;nan;nan;nan;nan;nan;nan;nan;nan;nan;137875.846;137875.846;137875.846;137875.846;137875.846;137875.846;137875.846;137875.846;137875.846;137875.846;138002.169;138002.169;138002.169;138002.169;138297.918;138297.918;138744.768;138744.768;138769.234;138769.234;139003.591;139003.591;139003.591;139003.591;139003.591;139003.591;139005.522;139039.317;139064.244;139221.436;139221.436;139221.436;139222.403;139222.403;139256.559;139256.559;139264.079;139264.079;139286.627;139286.627;139287.651;139287.651;139288.472;139288.472;139288.472;139294.758;139298.999;139324.706;139324.706;139324.706;139325.168;139326.501;139327.217;139327.217;139327.217;139328.253;139328.447;139329.375;139329.979;139332.926;139332.926;139333.213;139334.256;139334.256;139334.908;139335.056;139335.802;139335.802;139336.458;139336.458;139336.490;139337.161;139337.547;139337.554;139338.019;139338.057;139338.867;139338.867;139339.112;139339.112;139340.050;139340.050;139340.682;139340.682;139340.682;139340.820;139341.123;139341.123;139341.274;139341.274;139341.314;139341.314;139341.394;139341.394;139341.394;139341.415;139341.415;139341.435;139341.504;139341.504;139341.504;139355.679;139355.980;139355.980;139357.827;139357.827;139357.827;139357.835;139357.835;139357.840;139357.917;139357.917;139357.969;139357.969;139358.084;139358.084;139358.095;139358.095;139358.095;139358.096;139358.141;139358.141;139358.141;139358.141;139358.142;139358.142;139358.142;139358.143;139358.165;139358.165,5D,385.0
DE,1,1000,10,22,6030,random,6030,136970.8569519326,140457.3736973483,3486.516745415691,True,418.90279893127035,2.5062139169995135,483.099 -146.409;-542.978 -541.689;-932.958 33.620;348.710 490.640;833.619 411.306;-4.251 835.729;-109.265 -633.191;-488.463 569.863;323.597 -795.462;889.926 -46.552,nan;nan;nan;nan;nan;nan;nan;nan;nan;nan;nan;nan;nan;nan;nan;nan;nan;nan;nan;nan;nan;nan;nan;nan;nan;nan;nan;nan;nan;nan;nan;nan;nan;nan;nan;nan;nan;nan;nan;nan;nan;nan;nan;nan;nan;nan;nan;nan;nan;nan;nan;nan;nan;nan;nan;nan;nan;136825.029;136825.029;136825.029;136825.029;136825.029;136825.029;136825.029;136825.029;136825.029;136825.029;136825.029;136825.029;136825.029;136825.029;136825.029;136825.029;136825.029;136825.029;136825.029;136825.029;136825.029;136825.029;136825.029;136825.029;136825.029;136825.029;136825.029;136825.029;136825.029;136825.029;136825.029;136825.029;136825.029;136825.029;136825.029;136825.029;136825.029;136825.029;136825.029;136825.029;136825.029;136825.029;136825.029;136825.029;136825.029;136825.029;136825.029;136825.029;136825.029;136825.029;136825.029;136825.029;136825.029;136825.029;136825.029;136825.029;136825.029;136825.029;136825.029;136825.029;136825.029;136825.029;136825.029;136825.029;136825.029;136825.029;136825.029;136825.029;136825.029;136825.029;136825.029;136825.029;136825.029;136825.029;136825.029;136825.029;136825.029;136825.029;136825.029;136825.029;136825.029;136825.029;136825.029;136825.029;136825.029;136825.029;136825.029;136825.029;136825.029;136825.029;136825.029;136825.029;136825.029;136825.029;136825.029;136825.029;136825.029;136825.029;136825.029;136825.029;136825.029;136825.029;136825.029;136825.029;136825.029;136825.029;136825.029;136825.029;136825.029;136825.029;136825.029;136825.029;136825.029;136825.029;136825.029;136825.029;136825.029;136825.029;136825.029;136825.029;136825.029;136825.029;136825.029;136825.029;136970.857;136970.857;136970.857;136970.857;136970.857;136970.857;136970.857;136970.857;136970.857;136970.857;136970.857;136970.857;136970.857;136970.857;136970.857;136970.857;136970.857;136970.857;136970.857;136970.857,5D,385.0
PSOBV,2,1000,10,2,6030,random,6030,71727.81845368516,73153.78394684664,1425.9654931614787,True,497.9945392041542,1.9610463570006686,-360.976 712.414;156.852 -987.398;705.310 707.783;-827.107 484.782;-936.840 -348.634;-286.708 -50.304;-219.953 -543.804;933.781 243.838;676.476 -317.418;329.993 306.795,nan;nan;nan;nan;nan;nan;nan;nan;nan;nan;nan;nan;nan;nan;nan;nan;nan;nan;nan;nan;nan;nan;nan;nan;nan;nan;nan;nan;nan;nan;70298.674;70298.674;70298.674;70298.674;70357.379;70357.379;70357.379;70590.997;70590.997;70590.997;70590.997;70590.997;70598.095;70598.095;70598.095;70598.095;70598.095;70598.095;70598.095;70598.095;70598.095;70598.095;70602.191;70672.969;70788.752;70788.752;70788.752;70788.752;70788.752;70812.934;70862.899;70862.899;70862.899;70862.899;70862.899;70901.476;70901.476;71005.091;71005.091;71005.091;71005.091;71005.091;71005.091;71005.091;71005.091;71005.091;71005.091;71013.120;71013.120;71013.120;71030.886;71030.886;71030.886;71030.886;71051.027;71051.027;71051.027;71051.027;71148.461;71148.461;71148.461;71198.813;71198.813;71198.813;71198.813;71198.813;71198.813;71276.002;71276.002;71334.400;71334.400;71407.690;71473.515;71473.515;71473.515;71516.373;71521.880;71521.880;71522.593;71617.675;71623.476;71626.138;71626.138;71626.138;71626.622;71631.223;71631.223;71633.935;71635.184;71635.184;71635.184;71637.411;71715.882;71718.062;71718.062;71719.377;71719.981;71720.576;71720.576;71721.164;71721.743;71721.743;71722.156;71722.156;71722.275;71722.393;71722.508;71722.508;71723.581;71724.091;71724.192;71724.480;71724.480;71725.012;71725.012;71725.329;71725.633;71725.776;71725.776;71725.776;71726.850;71726.850;71727.818;71727.818;71727.818;71727.818;71727.818;71727.818;71727.818;71727.818;71727.818;71727.818;71727.818;71727.818;71727.818;71727.818;71727.818;71727.818;71727.818;71727.818;71727.818;71727.818;71727.818;71727.818;71727.818;71727.818;71727.818;71727.818;71727.818;71727.818;71727.818;71727.818;71727.818;71727.818;71727.818;71727.818;71727.818;71727.818;71727.818;71727.818;71727.818;71727.818;71727.818;71727.818;71727.818;71727.818;71727.818;71727.818;71727.818;71727.818;71727.818,6D,462.0
SSABV,2,1000,10,12,6030,random,6030,70944.80080115073,73153.78394684664,2208.9831456959073,True,484.3380413537371,2.1057393089995458,-51.659 -73.565;237.072 364.251;935.115 -353.527;824.865 564.888;-426.581 288.189;-836.075 548.615;-295.395 892.935;635.703 27.177;-998.482 6.305;-54.539 -914.058,nan;nan;nan;nan;nan;nan;nan;nan;nan;nan;nan;nan;nan;nan;nan;nan;nan;nan;nan;nan;nan;nan;nan;nan;nan;nan;nan;nan;nan;nan;nan;nan;nan;nan;nan;nan;nan;nan;nan;nan;nan;nan;nan;nan;nan;nan;nan;nan;nan;nan;nan;nan;nan;nan;nan;nan;nan;nan;nan;nan;69875.219;70044.540;70044.540;70113.876;70117.001;70120.062;70120.062;70122.600;70141.060;70141.696;70142.673;70143.517;70143.517;70143.932;70144.301;70144.301;70144.493;70144.566;70144.758;70144.834;70144.906;70144.916;70144.985;70145.033;70145.072;70145.098;70145.133;70145.154;70145.166;70145.178;70145.190;70145.197;70145.203;70145.208;70145.210;70145.212;70145.213;70145.213;70145.214;70145.215;70145.215;70179.528;70240.153;70276.162;70370.648;70394.208;70402.464;70412.647;70580.794;70610.897;70610.897;70625.965;70630.972;70630.972;70631.107;70635.877;70635.877;70655.052;70663.261;70680.171;70680.171;70686.889;70697.873;70701.765;70705.363;70709.846;70709.846;70782.571;70782.571;70782.571;70783.653;70784.214;70895.164;70895.164;70898.313;70902.685;70909.363;70912.189;70912.189;70914.128;70916.026;70916.026;70917.885;70919.705;70920.238;70920.238;70922.027;70925.178;70925.428;70926.823;70926.823;70927.952;70928.416;70929.544;70930.235;70930.864;70930.864;70931.488;70931.488;70932.791;70932.791;70933.495;70934.063;70934.063;70934.763;70935.460;70936.000;70936.512;70936.693;70937.206;70937.691;70938.183;70938.183;70938.641;70938.641;70938.772;70938.772;70939.331;70939.549;70939.794;70939.799;70940.017;70940.229;70940.229;70940.229;70941.153;70941.563;70942.072;70942.987;70943.896;70944.306;70944.801;70944.801;70944.801;70944.801;70944.801;70944.801;70944.801;70944.801;70944.801;70944.801,6D,462.0
RSDVNS,2,1000,10,22,6030,random,6030,71167.31579511489,73153.78394684664,1986.4681517317513,True,462.89594043151885,2.09007542100062,-668.959 740.744;665.326 252.270;-239.687 480.629;-986.054 -163.262;772.836 -633.926;579.563 769.275;280.800 -263.626;975.931 -217.963;42.835 929.266;-416.039 -255.938,nan;nan;nan;nan;nan;nan;nan;nan;nan;nan;nan;nan;nan;nan;nan;nan;nan;nan;nan;nan;nan;nan;nan;nan;nan;nan;nan;nan;nan;nan;nan;nan;nan;nan;nan;nan;nan;nan;nan;nan;nan;nan;nan;nan;nan;nan;nan;nan;nan;nan;nan;nan;nan;nan;nan;nan;nan;nan;nan;nan;nan;nan;nan;nan;nan;nan;nan;nan;nan;nan;nan;nan;nan;nan;nan;nan;nan;nan;nan;nan;nan;nan;nan;nan;nan;nan;nan;nan;nan;nan;nan;nan;nan;nan;nan;nan;nan;nan;nan;nan;nan;nan;nan;70221.381;70222.840;70558.819;70672.746;70708.294;70708.294;70743.829;70763.167;70772.239;70772.239;70800.116;70805.711;70805.711;70810.255;70945.834;71020.182;71031.803;71031.803;71035.073;71037.696;71039.054;71040.803;71043.091;71090.732;71091.649;71092.819;71113.892;71114.809;71116.356;71116.356;71119.481;71119.481;71119.481;71126.942;71128.203;71132.983;71135.996;71138.461;71141.377;71141.548;71142.875;71142.875;71143.671;71144.388;71144.388;71145.088;71145.764;71145.764;71148.647;71150.271;71150.950;71150.958;71151.635;71151.635;71152.303;71155.140;71155.396;71155.468;71155.724;71155.963;71155.963;71156.766;71158.176;71158.357;71159.159;71159.159;71159.925;71160.255;71161.647;71161.647;71161.972;71162.294;71162.294;71162.471;71162.645;71162.814;71162.814;71162.979;71163.144;71163.144;71163.306;71163.468;71163.867;71164.160;71164.559;71165.041;71165.352;71165.352;71165.749;71166.145;71166.145;71166.304;71166.991;71166.991;71167.149;71167.232;71167.295;71167.316,6D,462.0
PSOC,2,1000,10,2,6030,random,6030,71601.59008251324,73153.78394684664,1552.1938643333997,True,477.65978317234965,2.110004230999948,-392.495 722.263;82.654 -942.188;670.244 702.553;-844.005 435.825;-912.778 -337.905;-284.102 -48.906;-171.221 -537.581;904.355 274.231;662.460 -308.109;325.797 302.765,nan;nan;nan;nan;nan;nan;nan;nan;nan;nan;nan;nan;nan;nan;nan;nan;nan;nan;nan;nan;nan;nan;nan;nan;nan;nan;nan;nan;nan;nan;70298.674;70298.674;70298.674;70298.674;70357.379;70357.379;70357.379;70590.997;70590.997;70590.997;70590.997;70590.997;70598.095;70598.095;70598.095;70598.095;70598.095;70598.095;70598.095;70598.095;70598.095;70598.095;70602.191;70672.969;70788.752;70788.752;70788.752;70788.752;70788.752;70812.934;70862.899;70862.899;70862.899;70862.899;70862.899;70901.476;70901.476;71005.091;71005.091;71005.091;71005.091;71005.091;71005.091;71005.091;71005.091;71005.091;71005.091;71013.120;71013.120;71013.120;71030.886;71030.886;71030.886;71030.886;71051.027;71051.027;71051.027;71051.027;71148.461;71148.461;71148.461;71198.813;71198.813;71198.813;71198.813;71198.813;71198.813;71276.002;71276.002;71334.400;71334.400;71334.400;71334.400;71365.150;71365.150;71365.150;71365.150;71365.150;71365.150;71365.150;71365.150;71365.150;71365.150;71365.150;71365.150;71365.150;71365.150;71365.150;71365.150;71365.150;71365.150;71365.150;71365.150;71365.150;71365.150;71365.150;71365.150;71365.150;71365.150;71365.150;71365.150;71365.498;71365.498;71366.628;71366.628;71366.628;71366.628;71366.628;71366.628;71366.628;71366.628;71366.628;71366.628;71375.108;71375.108;71375.108;71375.108;71375.108;71375.108;71375.108;71390.499;71404.706;71404.706;71416.673;71416.673;71416.673;71416.673;71416.673;71416.673;71416.673;71416.673;71416.673;71416.673;71416.673;71416.673;71416.673;71533.123;71533.123;71533.123;71533.123;71533.123;71533.123;71533.123;71533.123;71533.123;71533.123;71533.123;71533.123;71533.123;71533.123;71533.123;71533.123;71533.123;71533.123;71533.123;71533.123;71537.030;71537.030;71537.030;71537.030;71537.424;71594.032;71594.032;71594.032;71594.032;71594.032;71594.032;71594.032;71594.032;71594.032;71601.590,6D,462.0
SSA,2,1000,10,12,6030,random,6030,70940.85378523859,73153.78394684664,2212.9301616080484,True,473.45713150386234,2.2457503480000014,-56.957 -351.384;-613.805 -519.792;496.179 -278.760;-526.651 13.235;-850.701 358.420;68.056 -909.906;408.372 715.861;-528.220 726.712;-25.690 915.286;699.980 -714.162,nan;nan;nan;nan;nan;nan;nan;nan;nan;nan;nan;nan;nan;nan;nan;nan;nan;nan;nan;nan;nan;nan;nan;nan;nan;nan;nan;nan;nan;nan;nan;nan;nan;nan;nan;nan;nan;nan;nan;nan;nan;nan;nan;nan;nan;nan;nan;nan;nan;nan;nan;nan;nan;nan;nan;nan;nan;nan;nan;nan;nan;nan;nan;nan;nan;nan;nan;nan;nan;nan;nan;nan;nan;nan;nan;nan;nan;nan;nan;nan;nan;nan;nan;nan;nan;nan;nan;nan;nan;nan;nan;nan;nan;nan;nan;70300.446;70550.537;70550.537;70550.537;70550.537;70550.537;70550.537;70550.537;70550.537;70569.281;70720.686;70720.686;70720.686;70735.927;70735.927;70878.988;70887.591;70887.591;70893.612;70895.562;70898.982;70898.982;70898.982;70898.982;70910.142;70910.142;70910.142;70910.142;70911.578;70911.578;70911.877;70915.924;70916.676;70917.925;70919.016;70919.587;70923.861;70923.861;70923.861;70925.488;70928.073;70929.487;70929.984;70931.129;70932.186;70933.169;70933.828;70934.765;70935.310;70935.945;70936.457;70937.190;70937.776;70938.297;70938.614;70938.958;70939.233;70939.233;70939.351;70939.614;70939.914;70940.060;70940.239;70940.250;70940.338;70940.396;70940.448;70940.448;70940.559;70940.614;70940.614;70940.650;70940.656;70940.660;70940.673;70940.693;70940.712;70940.724;70940.747;70940.762;70940.776;70940.783;70940.790;70940.799;70940.804;70940.811;70940.818;70940.821;70940.826;70940.832;70940.835;70940.839;70940.841;70940.843;70940.846;70940.846;70940.848;70940.849;70940.850;70940.851;70940.852;70940.852;70940.853;70940.853;70940.853;70940.854,6D,462.0
LXSSA,2,1000,10,22,6030,random,6030,70587.34545884593,73153.78394684664,2566.438488000713,True,479.86510070662246,2.866415488999337,403.657 -277.929;53.862 221.878;722.376 -650.715;-198.233 717.972;-734.885 663.463;-665.397 -431.789;-185.722 -418.294;752.481 222.616;457.139 868.681;-858.365 56.168,nan;nan;nan;nan;nan;nan;nan;nan;nan;nan;nan;nan;nan;nan;nan;nan;nan;nan;nan;nan;nan;nan;nan;nan;nan;nan;nan;nan;nan;nan;nan;nan;nan;nan;nan;nan;nan;nan;nan;nan;nan;nan;nan;nan;nan;nan;nan;nan;nan;nan;nan;nan;nan;nan;nan;nan;nan;nan;nan;nan;nan;nan;nan;nan;nan;nan;nan;nan;nan;nan;nan;nan;nan;nan;nan;nan;nan;nan;nan;70095.276;70095.276;70095.276;70095.276;70144.951;70144.951;70144.951;70144.951;70144.951;70144.951;70144.951;70144.951;70344.183;70344.183;70346.968;70346.968;70346.968;70346.968;70346.968;70346.968;70346.968;70346.968;70346.968;70346.968;70349.353;70349.353;70349.761;70349.761;70352.440;70352.440;70357.381;70357.381;70357.892;70504.116;70504.429;70504.429;70504.429;70504.429;70504.429;70504.429;70504.429;70512.878;70515.496;70515.496;70515.496;70515.496;70515.536;70515.536;70515.960;70515.960;70516.016;70516.016;70516.640;70517.733;70518.484;70518.484;70518.928;70520.506;70520.506;70522.208;70523.996;70523.996;70526.027;70526.027;70526.027;70527.548;70527.548;70527.662;70529.369;70529.369;70529.636;70529.797;70532.295;70532.295;70533.105;70533.105;70533.105;70533.351;70533.359;70533.443;70533.457;70533.472;70533.698;70533.698;70579.210;70579.210;70583.195;70583.195;70583.195;70583.251;70583.395;70583.395;70583.395;70583.412;70583.884;70583.884;70583.884;70583.896;70583.992;70583.992;70584.238;70584.238;70584.238;70584.244;70584.252;70584.252;70584.276;70584.276;70584.553;70584.553;70584.647;70584.647;70584.711;70584.711;70585.151;70585.151;70586.220;70586.220;70586.828;70586.828;70587.345;70587.345,6D,462.0
SLSQP,2,1000,10,2,6030,random,6030,71339.03837895097,73153.78394684664,1814.7455678956758,True,451.40104736582197,4.559601895000014,-412.498 754.180;-270.959 -833.002;336.464 329.660;-160.793 -256.991;524.225 851.089;561.046 -824.817;988.355 25.218;717.884 -336.179;-974.117 225.814;-527.893 17.386,nan;nan;70238.393;70238.393;70250.294;70250.294;70250.294;70250.294;70286.007;70286.007;70286.007;70286.007;70286.007;70286.007;70286.007;70286.007;70286.007;70286.007;70286.007;70286.007;70286.007;70286.007;70286.007;70286.007;70286.007;70286.007;70286.007;70286.007;70286.007;70286.007;70286.007;70286.007;70286.007;70286.007;70286.007;70286.007;70298.269;70303.977;70303.977;70303.977;70303.977;70303.977;70303.977;70490.294;70490.840;70499.257;70501.768;70501.884;70501.884;70501.884;70501.884;70501.884;70501.884;70501.884;70501.884;70501.884;70501.884;70501.884;70501.884;70501.884;70908.113;70908.113;71041.789;71041.789;71102.323;71102.323;71102.323;71148.501;71148.501;71148.501;71148.501;71148.501;71148.501;71148.501;71148.501;71148.501;71148.501;71148.501;71148.501;71148.501;71148.501;71148.501;71148.501;71148.501;71148.501;71148.501;71148.501;71148.501;71148.501;71148.501;71148.501;71148.501;71148.501;71148.501;71148.501;71148.501;71276.812;71276.812;71276.812;71276.812;71276.812;71276.812;71276.812;71276.812;71276.812;71276.983;71276.983;71276.983;71277.086;71277.086;71277.086;71277.086;71277.086;71277.086;71277.086;71277.086;71277.086;71277.935;71279.422;71279.424;71279.429;71279.446;71279.544;71279.736;71279.736;71279.736;71279.761;71280.165;71280.501;71280.653;71280.834;71281.165;71337.853;71337.882;71339.038;71339.038;71339.038;71339.038;71339.038;71339.038;71339.038;71339.038;71339.038;71339.038;71339.038;71339.038;71339.038;71339.038;71339.038;71339.038;71339.038;71339.038;71339.038;71339.038;71339.038;71339.038;71339.038;71339.038;71339.038;71339.038;71339.038;71339.038;71339.038;71339.038;71339.038;71339.038;71339.038;71339.038;71339.038;71339.038;71339.038;71339.038;71339.038;71339.038;71339.038;71339.038;71339.038;71339.038;71339.038;71339.038;71339.038;71339.038;71339.038;71339.038;71339.038;71339.038;71339.038;71339.038;71339.038;71339.038;71339.038;71339.038;71339.038;71339.038;71339.038;71339.038;71339.038;71339.038;71339.038;71339.038;71339.038,5D,385.0
PSOBV,2,1000,10,12,6030,random,6030,72077.79081835432,73153.78394684664,1075.9931284923223,True,402.74648432332555,2.7728863560005266,345.278 766.081;-992.776 -6.969;-234.391 971.960;395.911 -751.304;43.633 2.051;-280.577 -933.071;634.031 -426.490;-569.528 260.980;894.730 222.228;-723.879 -453.849,nan;nan;nan;nan;nan;nan;nan;nan;nan;nan;nan;nan;nan;nan;nan;nan;nan;nan;nan;70244.554;70244.554;70244.554;70244.554;70244.554;70244.554;70244.554;70244.554;70244.554;70244.554;70469.618;70469.618;70469.618;70469.618;70469.618;70489.349;70489.349;70489.349;70535.584;70535.584;70535.584;70535.584;70535.584;70535.584;70535.584;70535.584;70535.584;70535.584;70535.584;70784.667;70815.696;70815.696;70815.696;70815.696;70815.696;71053.113;71053.113;71053.113;71053.113;71053.113;71065.285;71065.285;71082.105;71082.105;71157.007;71157.007;71162.554;71162.554;71329.203;71329.203;71329.203;71329.203;71329.203;71329.203;71329.203;71329.203;71329.203;71329.203;71329.203;71329.203;71329.203;71329.203;71480.881;71480.881;71480.881;71480.881;71480.881;71480.881;71480.881;71480.881;71480.881;71519.854;71519.854;71519.854;71519.854;71519.854;71519.854;71519.854;71520.830;71520.830;71520.830;71542.196;71615.973;71803.396;71832.458;71832.458;71854.380;71854.947;71860.736;71860.736;71860.736;71924.777;71937.289;71953.290;71965.794;71965.794;71965.794;71969.927;71975.853;71978.104;71978.104;71980.040;71981.393;71981.393;71982.172;71983.401;71983.401;71986.286;71986.719;71988.218;71988.779;71990.831;71990.831;71991.710;71992.271;71992.913;71992.974;71993.345;71993.906;71994.524;71994.561;71994.941;71995.502;71996.097;71996.111;71996.501;71997.062;72068.339;72068.339;72068.885;72069.162;72069.162;72069.271;72069.807;72069.807;72070.057;72070.443;72070.552;72070.552;72071.968;72072.839;72072.839;72073.099;72073.389;72073.523;72073.785;72073.926;72074.773;72074.773;72075.195;72075.328;72075.328;72075.758;72075.758;72076.177;72076.448;72076.448;72076.697;72076.764;72076.942;72077.036;72077.102;72077.519;72077.519;72077.729;72077.757;72077.791;72077.791;72077.791;72077.791;72077.791;72077.791;72077.791;72077.791;72077.791;72077.791;72077.791;72077.791;72077.791;72077.791;72077.791;72077.791,5D,385.0
SSABV,2,1000,10,22,6030,random,6030,71307.83056770403,73153.78394684664,1845.9533791426074,True,415.6188879981796,2.151443918000041,118.996 933.535;535.103 -744.338;242.934 536.825;715.487 697.248;-875.334 -92.858;662.642 -328.470;-598.403 528.181;548.527 200.846;-182.199 -321.369;-112.208 106.057,nan;nan;nan;nan;nan;nan;nan;nan;nan;nan;nan;nan;nan;nan;nan;nan;nan;nan;nan;nan;nan;nan;nan;nan;nan;nan;nan;nan;nan;nan;nan;nan;nan;nan;nan;nan;nan;nan;nan;nan;nan;nan;nan;69471.545;69969.957;69969.957;69969.957;69969.957;70082.358;70082.358;70180.761;70220.522;70459.959;70459.959;70482.951;70591.493;70659.884;70659.884;70710.737;70738.618;70738.618;70827.631;70839.121;70844.517;70845.750;70850.118;70852.789;70855.692;70856.836;70858.152;70858.975;70860.243;70861.031;70861.630;70862.031;70862.483;70862.667;70862.705;70862.892;70863.032;70863.137;70863.265;70863.357;70863.424;70863.464;70863.500;70863.529;70863.550;70863.558;70863.562;70863.566;70863.576;70863.579;70863.583;70863.585;70863.586;70863.588;70863.589;70863.589;70863.590;70863.590;70951.414;70972.560;70999.464;70999.464;71017.529;71070.751;71070.751;71073.633;71105.483;71130.314;71130.314;71191.628;71191.628;71191.628;71220.619;71220.619;71224.333;71224.333;71231.366;71231.366;71231.366;71233.119;71238.561;71238.632;71240.385;71241.569;71243.371;71243.371;71245.152;71246.065;71247.824;71247.824;71248.278;71248.603;71252.792;71254.888;71257.562;71260.207;71261.378;71261.777;71262.948;71264.106;71265.867;71266.450;71267.607;71268.509;71270.229;71271.027;71271.928;71272.263;71272.368;71275.602;71278.210;71278.540;71279.220;71279.298;71279.583;71279.834;71280.723;71284.977;71285.866;71285.866;71285.947;71285.993;71285.993;71286.005;71287.550;71287.574;71289.119;71290.408;71290.992;71291.689;71292.273;71292.903;71292.903;71293.129;71293.503;71293.625;71293.998;71294.097;71294.467;71294.590;71294.960;71294.960;71297.483;71297.920;71298.042;71298.042;71300.546;71300.666;71301.101;71303.151;71303.586;71303.705;71304.137;71306.172;71306.604;71306.604;71307.366;71307.831,5D,385.0
BVNS,2,1000,10,2,6030,random,6030,71274.89016016565,73153.78394684664,1878.8937866809865,True,471.6098495248136,2.0533980190002694,-266.165 684.663;-17.067 -787.683;427.746 348.660;79.281 30.874;466.753 882.789;579.508 -811.775;975.000 -204.982;362.039 -392.590;-926.716 372.720;-522.192 102.579,nan;nan;nan;nan;nan;nan;nan;nan;nan;nan;nan;nan;nan;nan;nan;nan;nan;nan;nan;nan;nan;nan;nan;nan;nan;69756.115;69864.334;69887.270;69919.880;69984.177;70004.127;70105.323;70332.706;70385.173;70405.047;70409.240;70422.942;70469.157;70535.750;70619.166;70619.166;70639.128;70758.994;70758.994;70778.676;70802.630;70827.758;70827.758;70868.561;70890.190;70900.823;70930.300;70930.300;70968.790;70968.850;70968.850;70974.963;70979.469;70979.469;70999.721;70999.721;71010.440;71013.157;71014.232;71016.949;71016.949;71018.118;71060.869;71062.565;71063.734;71065.523;71066.657;71066.657;71067.243;71070.184;71075.437;71077.835;71080.619;71081.169;71083.848;71083.848;71084.403;71088.955;71089.014;71089.668;71094.034;71094.587;71097.156;71097.156;71097.712;71102.106;71102.165;71104.362;71104.923;71107.150;71107.209;71107.327;71107.385;71110.608;71110.659;71112.181;71114.817;71114.867;71116.565;71116.571;71116.632;71118.117;71118.257;71119.585;71119.645;71119.685;71149.992;71151.624;71151.669;71151.692;71151.722;71153.336;71153.365;71153.397;71154.386;71154.386;71154.386;71154.764;71155.898;71156.157;71156.535;71157.826;71160.330;71160.330;71160.413;71161.048;71161.048;71161.220;71161.305;71161.385;71161.865;71161.865;71161.865;71161.865;71162.664;71162.664;71163.347;71163.347;71163.744;71163.916;71164.099;71164.740;71165.986;71166.586;71166.624;71166.624;71166.624;71166.624;71166.624;71166.624;71166.624;71166.624;71166.624;71166.624;71166.624;71166.624;71166.624;71166.624;71166.624;71166.624;71166.624;71166.624;71166.624;71166.624;71166.624;71166.624;71166.624;71166.624;71166.624;71166.624;71166.624;71166.624;71166.624;71166.624;71166.624;71166.624;71166.624;71166.624;71166.624;71166.624;71166.624;71166.624;71226.964;71226.964;71232.767;71234.799;71235.830;71249.134;71250.845;71253.076;71261.971;71262.771;71268.953;71270.482;71273.800;71274.890,5D,385.0
PSOC,2,1000,10,12,6030,random,6030,71819.60778288147,73153.78394684664,1334.1761639651668,True,419.03292023455384,2.1436673019998125,327.797 766.299;-972.800 3.594;-256.910 960.838;372.464 -748.572;13.296 -1.892;-254.961 -957.857;636.689 -423.343;-577.063 247.081;871.651 222.728;-657.152 -394.354,nan;nan;nan;nan;nan;nan;nan;nan;nan;nan;nan;nan;nan;nan;nan;nan;nan;nan;nan;70244.554;70244.554;70244.554;70244.554;70244.554;70244.554;70244.554;70244.554;70244.554;70244.554;70469.618;70469.618;70469.618;70469.618;70469.618;70489.349;70489.349;70489.349;70535.584;70535.584;70535.584;70535.584;70535.584;70535.584;70535.584;70535.584;70535.584;70535.584;70535.584;70784.667;70815.696;70815.696;70815.696;70815.696;70815.696;71053.113;71053.113;71053.113;71053.113;71053.113;71065.285;71065.285;71082.105;71082.105;71157.007;71157.007;71162.554;71162.554;71329.203;71329.203;71329.203;71329.203;71329.203;71329.203;71329.203;71329.203;71329.203;71329.203;71329.203;71329.203;71329.203;71329.203;71480.881;71480.881;71480.881;71480.881;71480.881;71480.881;71480.881;71480.881;71480.881;71519.854;71519.854;71519.854;71519.854;71519.854;71519.854;71519.854;71520.830;71520.830;71520.830;71542.196;71542.196;71542.196;71643.276;71643.276;71643.276;71643.276;71643.276;71643.276;71646.626;71646.626;71646.626;71653.289;71653.289;71665.022;71665.022;71665.022;71665.022;71665.022;71673.360;71740.600;71740.600;71742.010;71742.010;71742.010;71742.010;71746.435;71746.435;71746.435;71746.435;71746.435;71746.435;71746.435;71746.435;71746.435;71746.435;71746.435;71746.435;71746.435;71747.618;71758.965;71758.965;71762.734;71765.309;71765.545;71765.545;71768.931;71768.931;71768.931;71770.526;71770.526;71770.526;71770.526;71770.526;71770.526;71770.526;71770.526;71770.526;71770.526;71770.526;71770.914;71770.914;71780.290;71787.547;71789.621;71789.621;71790.526;71795.119;71795.119;71796.426;71796.426;71796.426;71796.426;71796.426;71796.426;71796.426;71796.426;71796.426;71800.041;71800.041;71800.041;71800.041;71801.008;71801.624;71805.193;71805.193;71805.193;71805.193;71805.193;71812.803;71812.803;71818.047;71819.608;71819.608;71819.608;71819.608;71819.608;71819.608;71819.608;71819.608;71819.608,5D,385.0
SSA,2,1000,10,22,6030,random,6030,71167.35136782366,73153.78394684664,1986.4325790229777,True,473.41402916277286,2.1947949929999595,-5.998 999.961;500.533 -694.425;79.791 495.821;539.224 680.727;-673.044 -4.741;622.277 -147.117;-713.558 583.494;909.666 242.320;-454.362 -424.620;-105.255 -17.263,nan;nan;nan;nan;nan;nan;nan;nan;nan;nan;nan;nan;nan;nan;nan;nan;nan;nan;nan;nan;nan;nan;nan;nan;nan;nan;nan;nan;nan;nan;nan;nan;nan;nan;nan;nan;nan;nan;nan;nan;nan;nan;nan;nan;nan;nan;nan;nan;nan;nan;nan;nan;nan;nan;nan;nan;nan;nan;nan;nan;nan;nan;nan;nan;nan;nan;nan;nan;nan;nan;nan;nan;nan;70378.596;70378.596;70378.596;70378.596;70378.596;70378.596;70378.596;70378.596;70378.596;70378.596;70378.596;70378.596;70434.899;70434.899;70434.899;70434.899;70594.664;70626.600;70626.600;70802.779;70802.779;70802.779;70802.779;70802.779;70802.779;70802.779;70802.779;70838.865;70838.865;70838.865;70838.865;70838.865;70861.247;70861.247;70862.085;70862.085;70862.085;70923.811;70923.811;70959.635;70971.952;70971.952;71020.274;71073.479;71084.512;71094.537;71096.934;71099.594;71101.397;71108.741;71116.006;71122.921;71128.285;71129.260;71132.400;71134.859;71138.183;71139.069;71153.206;71153.925;71156.365;71157.494;71158.760;71158.760;71159.586;71160.417;71160.417;71161.211;71161.738;71162.617;71163.153;71163.516;71163.982;71164.621;71164.805;71165.030;71165.376;71165.590;71165.883;71165.883;71166.082;71166.168;71166.429;71166.521;71166.677;71166.792;71166.860;71166.916;71166.969;71167.021;71167.070;71167.084;71167.118;71167.154;71167.183;71167.199;71167.209;71167.230;71167.241;71167.252;71167.260;71167.267;71167.275;71167.281;71167.292;71167.304;71167.309;71167.315;71167.318;71167.326;71167.329;71167.333;71167.335;71167.336;71167.339;71167.340;71167.342;71167.344;71167.345;71167.347;71167.347;71167.348;71167.349;71167.349;71167.350;71167.351;71167.351;71167.351,5D,385.0
DE,2,1000,10,2,6030,random,6030,69843.74512574467,73153.78394684664,3310.0388211019745,True,418.23448313481913,3.5153884680003102,-103.037 390.844;965.729 193.797;-493.204 185.447;-75.775 963.517;246.404 -373.735;80.233 -834.280;409.955 70.428;418.234 520.907;-228.778 -275.109;-794.348 -104.782,nan;nan;nan;nan;nan;nan;nan;nan;nan;nan;nan;nan;nan;nan;nan;nan;nan;nan;nan;nan;nan;nan;nan;nan;nan;nan;nan;nan;nan;nan;nan;nan;nan;nan;nan;nan;nan;nan;nan;nan;nan;nan;nan;nan;nan;nan;nan;nan;nan;nan;nan;nan;nan;nan;nan;nan;nan;nan;nan;nan;nan;nan;nan;nan;nan;nan;nan;nan;nan;nan;nan;nan;nan;nan;nan;nan;nan;nan;nan;nan;nan;nan;nan;nan;nan;nan;nan;nan;nan;nan;nan;nan;nan;nan;nan;nan;nan;nan;nan;nan;nan;nan;nan;nan;nan;nan;nan;nan;nan;nan;nan;nan;nan;nan;nan;nan;nan;nan;nan;nan;nan;nan;nan;nan;nan;nan;nan;nan;nan;nan;nan;nan;nan;nan;nan;nan;nan;nan;nan;nan;nan;nan;nan;nan;nan;nan;nan;nan;nan;nan;69843.745;69843.745;69843.745;69843.745;69843.745;69843.745;69843.745;69843.745;69843.745;69843.745;69843.745;69843.745;69843.745;69843.745;69843.745;69843.745;69843.745;69843.745;69843.745;69843.745;69843.745;69843.745;69843.745;69843.745;69843.745;69843.745;69843.745;69843.745;69843.745;69843.745;69843.745;69843.745;69843.745;69843.745;69843.745;69843.745;69843.745;69843.745;69843.745;69843.745;69843.745;69843.745;69843.745;69843.745;69843.745;69843.745;69843.745;69843.745;69843.745;69843.745;69843.745,5D,385.0
SLSQP,1,500,10,12,6030,random,6030,118770.71150959686,140457.3736973483,21686.662187751426,False,79.0754348200883,5.3656646689996705,78.791 479.024;397.015 -38.017;95.064 -203.497;-80.516 -452.837;225.915 -156.784;-60.962 -102.185;362.448 -222.386;111.392 -280.868;-193.585 234.408;23.856 -81.004,nan;nan;nan;nan;nan;nan;nan;nan;nan;nan;nan;nan;nan;nan;nan;nan;nan;nan;nan;nan;nan;nan;nan;nan;nan;nan;nan;nan;nan;nan;nan;nan;nan;nan;nan;nan;nan;nan;nan;nan;nan;nan;nan;nan;nan;nan;nan;nan;nan;nan;nan;nan;nan;nan;nan;nan;nan;nan;nan;nan;nan;nan;nan;nan;nan;nan;nan;nan;nan;nan;nan;nan;nan;nan;nan;nan;nan;nan;nan;nan;nan;nan;nan;nan;nan;nan;nan;nan;nan;nan;nan;nan;nan;nan;nan;nan;nan;nan;nan;nan;nan;nan;nan;nan;nan;nan;nan;nan;nan;nan;nan;nan;nan;nan;nan;nan;nan;nan;nan;nan;nan;nan;nan;nan;nan;nan;nan;nan;nan;nan;nan;nan;nan;nan;nan;nan;nan;nan;nan;nan;nan;nan;nan;nan;nan;nan;nan;nan;nan;nan;nan;nan;nan;nan;nan;nan;nan;nan;nan;nan;nan;nan;nan;nan;nan;nan;nan;nan;nan;nan;nan;nan;nan;nan;nan;nan;nan;nan;nan;nan;nan;nan;nan;nan;nan;nan;nan;nan;nan;nan;nan;nan;nan;nan;nan;nan;nan;nan;nan;nan;nan,6D,462.0
PSOBV,1,500,10,22,6030,random,6030,134903.24728844845,140457.3736973483,5554.126408899843,False,300.6243120037072,3.091926867999973,-50.698 -496.355;-498.324 27.189;-20.942 -145.098;375.208 330.144;26.240 151.800;-384.059 -320.077;1.627 500.000;498.251 -37.512;324.674 -378.934;-349.032 357.737,nan;nan;nan;nan;nan;nan;nan;nan;nan;nan;nan;nan;nan;nan;nan;nan;nan;nan;nan;nan;nan;nan;nan;nan;nan;nan;nan;nan;nan;nan;nan;nan;nan;nan;nan;nan;nan;nan;nan;nan;nan;nan;nan;nan;nan;nan;nan;nan;nan;nan;nan;nan;nan;nan;nan;nan;nan;nan;nan;nan;nan;nan;nan;nan;nan;nan;nan;nan;nan;nan;nan;nan;nan;nan;nan;nan;nan;nan;nan;nan;nan;nan;nan;nan;nan;nan;nan;nan;nan;nan;nan;nan;nan;nan;nan;nan;nan;nan;nan;nan;nan;nan;nan;nan;nan;nan;nan;nan;nan;nan;nan;nan;nan;nan;nan;nan;nan;nan;nan;nan;nan;nan;nan;nan;nan;nan;nan;nan;nan;nan;nan;nan;nan;nan;nan;nan;nan;nan;nan;nan;nan;nan;nan;nan;nan;nan;nan;nan;nan;nan;nan;nan;nan;nan;nan;nan;nan;nan;nan;nan;nan;nan;nan;nan;nan;nan;nan;nan;nan;nan;nan;nan;nan;nan;nan;nan;nan;nan;nan;nan;nan;nan;nan;nan;nan;nan;nan;nan;nan;nan;nan;nan;nan;nan;nan;nan;nan;nan;nan;nan;nan,6D,462.0
RSDVNS,1,500,10,2,6030,random,6030,134465.66145654224,140457.3736973483,5991.712240806053,False,301.6507867317579,2.307881304000148,385.522 317.321;-74.647 140.976;-346.605 -357.942;494.450 -73.349;282.664 -411.381;-328.931 375.411;62.195 -127.851;63.943 494.056;-57.041 -494.906;-497.016 11.786,nan;nan;nan;nan;nan;nan;nan;nan;nan;nan;nan;nan;nan;nan;nan;nan;nan;nan;nan;nan;nan;nan;nan;nan;nan;nan;nan;nan;nan;nan;nan;nan;nan;nan;nan;nan;nan;nan;nan;nan;nan;nan;nan;nan;nan;nan;nan;nan;nan;nan;nan;nan;nan;nan;nan;nan;nan;nan;nan;nan;nan;nan;nan;nan;nan;nan;nan;nan;nan;nan;nan;nan;nan;nan;nan;nan;nan;nan;nan;nan;nan;nan;nan;nan;nan;nan;nan;nan;nan;nan;nan;nan;nan;nan;nan;nan;nan;nan;nan;nan;nan;nan;nan;nan;nan;nan;nan;nan;nan;nan;nan;nan;nan;nan;nan;nan;nan;nan;nan;nan;nan;nan;nan;nan;nan;nan;nan;nan;nan;nan;nan;nan;nan;nan;nan;nan;nan;nan;nan;nan;nan;nan;nan;nan;nan;nan;nan;nan;nan;nan;nan;nan;nan;nan;nan;nan;nan;nan;nan;nan;nan;nan;nan;nan;nan;nan;nan;nan;nan;nan;nan;nan;nan;nan;nan;nan;nan;nan;nan;nan;nan;nan;nan;nan;nan;nan;nan;nan;nan;nan;nan;nan;nan;nan;nan;nan;nan;nan;nan;nan;nan,6D,462.0
BVNS,1,500,10,12,6030,random,6030,133293.55942501398,140457.3736973483,7163.814272334304,False,315.06246895762655,2.173095459000251,142.854 479.024;447.015 223.702;-142.436 -121.465;-211.766 -452.837;189.196 -34.909;-490.650 -95.935;437.448 -241.917;136.392 -480.868;-371.710 334.408;-65.206 242.433,nan;nan;nan;nan;nan;nan;nan;nan;nan;nan;nan;nan;nan;nan;nan;nan;nan;nan;nan;nan;nan;nan;nan;nan;nan;nan;nan;nan;nan;nan;nan;nan;nan;nan;nan;nan;nan;nan;nan;nan;nan;nan;nan;nan;nan;nan;nan;nan;nan;nan;nan;nan;nan;nan;nan;nan;nan;nan;nan;nan;nan;nan;nan;nan;nan;nan;nan;nan;nan;nan;nan;nan;nan;nan;nan;nan;nan;nan;nan;nan;nan;nan;nan;nan;nan;nan;nan;nan;nan;nan;nan;nan;nan;nan;nan;nan;nan;nan;nan;nan;nan;nan;nan;nan;nan;nan;nan;nan;nan;nan;nan;nan;nan;nan;nan;nan;nan;nan;nan;nan;nan;nan;nan;nan;nan;nan;nan;nan;nan;nan;nan;nan;nan;nan;nan;nan;nan;nan;nan;nan;nan;nan;nan;nan;nan;nan;nan;nan;nan;nan;nan;nan;nan;nan;nan;nan;nan;nan;nan;nan;nan;nan;nan;nan;nan;nan;nan;nan;nan;nan;nan;nan;nan;nan;nan;nan;nan;nan;nan;nan;nan;nan;nan;nan;nan;nan;nan;nan;nan;nan;nan;nan;nan;nan;nan;nan;nan;nan;nan;nan;nan,6D,462.0
PSOC,1,500,10,22,6030,random,6030,130707.58016492393,140457.3736973483,9749.793532424359,False,298.36512463978084,2.24608267900021,-60.381 -496.335;-495.281 40.212;49.885 -140.756;374.968 328.745;-38.734 144.144;-382.474 -322.000;1.404 500.000;494.698 -66.507;297.320 -401.857;-357.345 349.581,nan;nan;nan;nan;nan;nan;nan;nan;nan;nan;nan;nan;nan;nan;nan;nan;nan;nan;nan;nan;nan;nan;nan;nan;nan;nan;nan;nan;nan;nan;nan;nan;nan;nan;nan;nan;nan;nan;nan;nan;nan;nan;nan;nan;nan;nan;nan;nan;nan;nan;nan;nan;nan;nan;nan;nan;nan;nan;nan;nan;nan;nan;nan;nan;nan;nan;nan;nan;nan;nan;nan;nan;nan;nan;nan;nan;nan;nan;nan;nan;nan;nan;nan;nan;nan;nan;nan;nan;nan;nan;nan;nan;nan;nan;nan;nan;nan;nan;nan;nan;nan;nan;nan;nan;nan;nan;nan;nan;nan;nan;nan;nan;nan;nan;nan;nan;nan;nan;nan;nan;nan;nan;nan;nan;nan;nan;nan;nan;nan;nan;nan;nan;nan;nan;nan;nan;nan;nan;nan;nan;nan;nan;nan;nan;nan;nan;nan;nan;nan;nan;nan;nan;nan;nan;nan;nan;nan;nan;nan;nan;nan;nan;nan;nan;nan;nan;nan;nan;nan;nan;nan;nan;nan;nan;nan;nan;nan;nan;nan;nan;nan;nan;nan;nan;nan;nan;nan;nan;nan;nan;nan;nan;nan;nan;nan;nan;nan;nan;nan;nan;nan,6D,462.0
LXSSA,1,500,10,2,6030,random,6030,133672.4157365612,140457.3736973483,6784.957960787084,False,219.9386273722349,2.3010290610000084,117.326 -60.490;-319.720 -375.902;-248.009 368.438;-208.679 -67.890;-498.715 -36.110;286.092 -408.657;90.545 473.565;-34.478 -477.581;437.004 149.520;-433.166 249.738,nan;nan;nan;nan;nan;nan;nan;nan;nan;nan;nan;nan;nan;nan;nan;nan;nan;nan;nan;nan;nan;nan;nan;nan;nan;nan;nan;nan;nan;nan;nan;nan;nan;nan;nan;nan;nan;nan;nan;nan;nan;nan;nan;nan;nan;nan;nan;nan;nan;nan;nan;nan;nan;nan;nan;nan;nan;nan;nan;nan;nan;nan;nan;nan;nan;nan;nan;nan;nan;nan;nan;nan;nan;nan;nan;nan;nan;nan;nan;nan;nan;nan;nan;nan;nan;nan;nan;nan;nan;nan;nan;nan;nan;nan;nan;nan;nan;nan;nan;nan;nan;nan;nan;nan;nan;nan;nan;nan;nan;nan;nan;nan;nan;nan;nan;nan;nan;nan;nan;nan;nan;nan;nan;nan;nan;nan;nan;nan;nan;nan;nan;nan;nan;nan;nan;nan;nan;nan;nan;nan;nan;nan;nan;nan;nan;nan;nan;nan;nan;nan;nan;nan;nan;nan;nan;nan;nan;nan;nan;nan;nan;nan;nan;nan;nan;nan;nan;nan;nan;nan;nan;nan;nan;nan;nan;nan;nan;nan;nan;nan;nan;nan;nan;nan;nan;nan;nan;nan;nan;nan;nan;nan;nan;nan;nan;nan;nan;nan;nan;nan;nan,6D,462.0
DE,1,500,10,12,6030,random,6030,125440.97102084671,140457.3736973483,15016.402676501573,False,167.7755228178917,3.3287030940000477,-238.425 355.173;-52.134 -186.109;189.405 440.434;-449.241 -144.012;-190.537 44.534;315.662 29.435;354.732 -296.553;-358.543 238.040;-7.030 -492.592;63.718 122.040,nan;nan;nan;nan;nan;nan;nan;nan;nan;nan;nan;nan;nan;nan;nan;nan;nan;nan;nan;nan;nan;nan;nan;nan;nan;nan;nan;nan;nan;nan;nan;nan;nan;nan;nan;nan;nan;nan;nan;nan;nan;nan;nan;nan;nan;nan;nan;nan;nan;nan;nan;nan;nan;nan;nan;nan;nan;nan;nan;nan;nan;nan;nan;nan;nan;nan;nan;nan;nan;nan;nan;nan;nan;nan;nan;nan;nan;nan;nan;nan;nan;nan;nan;nan;nan;nan;nan;nan;nan;nan;nan;nan;nan;nan;nan;nan;nan;nan;nan;nan;nan;nan;nan;nan;nan;nan;nan;nan;nan;nan;nan;nan;nan;nan;nan;nan;nan;nan;nan;nan;nan;nan;nan;nan;nan;nan;nan;nan;nan;nan;nan;nan;nan;nan;nan;nan;nan;nan;nan;nan;nan;nan;nan;nan;nan;nan;nan;nan;nan;nan;nan;nan;nan;nan;nan;nan;nan;nan;nan;nan;nan;nan;nan;nan;nan;nan;nan;nan;nan;nan;nan;nan;nan;nan;nan;nan;nan;nan;nan;nan;nan;nan;nan;nan;nan;nan;nan;nan;nan;nan;nan;nan;nan;nan;nan;nan;nan;nan;nan;nan;nan,6D,462.0
SLSQP,1,500,10,22,6030,random,6030,125809.84396113023,140457.3736973483,14647.529736218057,False,86.13725993359952,5.381642858000305,-366.043 138.562;-465.867 9.098;324.902 -64.091;-30.895 417.891;223.641 59.130;-425.738 243.840;-158.864 357.447;115.582 -60.415;122.500 -367.277;-114.352 439.210,nan;nan;nan;nan;nan;nan;nan;nan;nan;nan;nan;nan;nan;nan;nan;nan;nan;nan;nan;nan;nan;nan;nan;nan;nan;nan;nan;nan;nan;nan;nan;nan;nan;nan;nan;nan;nan;nan;nan;nan;nan;nan;nan;nan;nan;nan;nan;nan;nan;nan;nan;nan;nan;nan;nan;nan;nan;nan;nan;nan;nan;nan;nan;nan;nan;nan;nan;nan;nan;nan;nan;nan;nan;nan;nan;nan;nan;nan;nan;nan;nan;nan;nan;nan;nan;nan;nan;nan;nan;nan;nan;nan;nan;nan;nan;nan;nan;nan;nan;nan;nan;nan;nan;nan;nan;nan;nan;nan;nan;nan;nan;nan;nan;nan;nan;nan;nan;nan;nan;nan;nan;nan;nan;nan;nan;nan;nan;nan;nan;nan;nan;nan;nan;nan;nan;nan;nan;nan;nan;nan;nan;nan;nan;nan;nan;nan;nan;nan;nan;nan;nan;nan;nan;nan;nan;nan;nan;nan;nan;nan;nan;nan;nan;nan;nan;nan;nan;nan;nan;nan;nan;nan;nan;nan;nan;nan;nan;nan;nan;nan;nan;nan;nan;nan;nan;nan;nan;nan;nan;nan;nan;nan;nan;nan;nan;nan;nan;nan;nan;nan;nan,5D,385.0
SSABV,1,500,10,2,6030,random,6030,128773.59351026565,140457.3736973483,11683.780187082637,False,319.0033868272425,2.980135967000024,-312.875 389.743;40.392 183.254;383.746 320.406;208.572 -454.375;2.510 500.000;498.481 -35.533;164.966 -131.148;-493.897 75.723;-188.703 -80.087;-293.846 -404.248,nan;nan;nan;nan;nan;nan;nan;nan;nan;nan;nan;nan;nan;nan;nan;nan;nan;nan;nan;nan;nan;nan;nan;nan;nan;nan;nan;nan;nan;nan;nan;nan;nan;nan;nan;nan;nan;nan;nan;nan;nan;nan;nan;nan;nan;nan;nan;nan;nan;nan;nan;nan;nan;nan;nan;nan;nan;nan;nan;nan;nan;nan;nan;nan;nan;nan;nan;nan;nan;nan;nan;nan;nan;nan;nan;nan;nan;nan;nan;nan;nan;nan;nan;nan;nan;nan;nan;nan;nan;nan;nan;nan;nan;nan;nan;nan;nan;nan;nan;nan;nan;nan;nan;nan;nan;nan;nan;nan;nan;nan;nan;nan;nan;nan;nan;nan;nan;nan;nan;nan;nan;nan;nan;nan;nan;nan;nan;nan;nan;nan;nan;nan;nan;nan;nan;nan;nan;nan;nan;nan;nan;nan;nan;nan;nan;nan;nan;nan;nan;nan;nan;nan;nan;nan;nan;nan;nan;nan;nan;nan;nan;nan;nan;nan;nan;nan;nan;nan;nan;nan;nan;nan;nan;nan;nan;nan;nan;nan;nan;nan;nan;nan;nan;nan;nan;nan;nan;nan;nan;nan;nan;nan;nan;nan;nan;nan;nan;nan;nan;nan;nan,5D,385.0
RSDVNS,1,500,10,12,6030,random,6030,134845.84703336246,140457.3736973483,5611.526663985831,False,337.953885768069,2.333607079000103,499.091 15.212;-0.498 500.000;-272.540 -418.827;66.067 156.721;-353.118 351.857;359.566 347.343;-155.418 -98.538;88.371 -491.859;-500.000 0.974;213.188 -176.983,nan;nan;nan;nan;nan;nan;nan;nan;nan;nan;nan;nan;nan;nan;nan;nan;nan;nan;nan;nan;nan;nan;nan;nan;nan;nan;nan;nan;nan;nan;nan;nan;nan;nan;nan;nan;nan;nan;nan;nan;nan;nan;nan;nan;nan;nan;nan;nan;nan;nan;nan;nan;nan;nan;nan;nan;nan;nan;nan;nan;nan;nan;nan;nan;nan;nan;nan;nan;nan;nan;nan;nan;nan;nan;nan;nan;nan;nan;nan;nan;nan;nan;nan;nan;nan;nan;nan;nan;nan;nan;nan;nan;nan;nan;nan;nan;nan;nan;nan;nan;nan;nan;nan;nan;nan;nan;nan;nan;nan;nan;nan;nan;nan;nan;nan;nan;nan;nan;nan;nan;nan;nan;nan;nan;nan;nan;nan;nan;nan;nan;nan;nan;nan;nan;nan;nan;nan;nan;nan;nan;nan;nan;nan;nan;nan;nan;nan;nan;nan;nan;nan;nan;nan;nan;nan;nan;nan;nan;nan;nan;nan;nan;nan;nan;nan;nan;nan;nan;nan;nan;nan;nan;nan;nan;nan;nan;nan;nan;nan;nan;nan;nan;nan;nan;nan;nan;nan;nan;nan;nan;nan;nan;nan;nan;nan;nan;nan;nan;nan;nan;nan,5D,385.0
BVNS,1,500,10,22,6030,random,6030,135178.86701118216,140457.3736973483,5278.506686166133,False,330.57072389113983,2.1589697309991607,-185.574 -0.500;-465.867 -181.527;437.402 -242.216;231.605 442.891;476.766 148.974;-428.863 256.340;122.386 130.884;100.738 -219.790;-86.875 -492.277;-137.790 480.616,nan;nan;nan;nan;nan;nan;nan;nan;nan;nan;nan;nan;nan;nan;nan;nan;nan;nan;nan;nan;nan;nan;nan;nan;nan;nan;nan;nan;nan;nan;nan;nan;nan;nan;nan;nan;nan;nan;nan;nan;nan;nan;nan;nan;nan;nan;nan;nan;nan;nan;nan;nan;nan;nan;nan;nan;nan;nan;nan;nan;nan;nan;nan;nan;nan;nan;nan;nan;nan;nan;nan;nan;nan;nan;nan;nan;nan;nan;nan;nan;nan;nan;nan;nan;nan;nan;nan;nan;nan;nan;nan;nan;nan;nan;nan;nan;nan;nan;nan;nan;nan;nan;nan;nan;nan;nan;nan;nan;nan;nan;nan;nan;nan;nan;nan;nan;nan;nan;nan;nan;nan;nan;nan;nan;nan;nan;nan;nan;nan;nan;nan;nan;nan;nan;nan;nan;nan;nan;nan;nan;nan;nan;nan;nan;nan;nan;nan;nan;nan;nan;nan;nan;nan;nan;nan;nan;nan;nan;nan;nan;nan;nan;nan;nan;nan;nan;nan;nan;nan;nan;nan;nan;nan;nan;nan;nan;nan;nan;nan;nan;nan;nan;nan;nan;nan;nan;nan;nan;nan;nan;nan;nan;nan;nan;nan;nan;nan;nan;nan;nan;nan,5D,385.0
SSA,1,500,10,2,6030,random,6030,134846.18016155297,140457.3736973483,5611.193535795319,False,242.75192622200635,2.1893390529994576,-499.970 -5.473;-351.487 353.644;30.983 499.039;232.287 10.266;-18.507 261.386;455.643 -205.886;356.165 350.435;-352.195 -326.736;15.627 -293.250;-187.564 3.865,nan;nan;nan;nan;nan;nan;nan;nan;nan;nan;nan;nan;nan;nan;nan;nan;nan;nan;nan;nan;nan;nan;nan;nan;nan;nan;nan;nan;nan;nan;nan;nan;nan;nan;nan;nan;nan;nan;nan;nan;nan;nan;nan;nan;nan;nan;nan;nan;nan;nan;nan;nan;nan;nan;nan;nan;nan;nan;nan;nan;nan;nan;nan;nan;nan;nan;nan;nan;nan;nan;nan;nan;nan;nan;nan;nan;nan;nan;nan;nan;nan;nan;nan;nan;nan;nan;nan;nan;nan;nan;nan;nan;nan;nan;nan;nan;nan;nan;nan;nan;nan;nan;nan;nan;nan;nan;nan;nan;nan;nan;nan;nan;nan;nan;nan;nan;nan;nan;nan;nan;nan;nan;nan;nan;nan;nan;nan;nan;nan;nan;nan;nan;nan;nan;nan;nan;nan;nan;nan;nan;nan;nan;nan;nan;nan;nan;nan;nan;nan;nan;nan;nan;nan;nan;nan;nan;nan;nan;nan;nan;nan;nan;nan;nan;nan;nan;nan;nan;nan;nan;nan;nan;nan;nan;nan;nan;nan;nan;nan;nan;nan;nan;nan;nan;nan;nan;nan;nan;nan;nan;nan;nan;nan;nan;nan;nan;nan;nan;nan;nan;nan,5D,385.0
LXSSA,1,500,10,12,6030,random,6030,131148.70859856685,140457.3736973483,9308.665098781436,False,303.4962606879137,2.163825270000416,-463.637 44.905;96.150 187.495;390.232 -27.487;-26.380 -499.306;-252.929 309.008;-327.202 -231.771;-2.120 479.903;396.428 298.562;-22.166 -109.638;274.272 -390.129,nan;nan;nan;nan;nan;nan;nan;nan;nan;nan;nan;nan;nan;nan;nan;nan;nan;nan;nan;nan;nan;nan;nan;nan;nan;nan;nan;nan;nan;nan;nan;nan;nan;nan;nan;nan;nan;nan;nan;nan;nan;nan;nan;nan;nan;nan;nan;nan;nan;nan;nan;nan;nan;nan;nan;nan;nan;nan;nan;nan;nan;nan;nan;nan;nan;nan;nan;nan;nan;nan;nan;nan;nan;nan;nan;nan;nan;nan;nan;nan;nan;nan;nan;nan;nan;nan;nan;nan;nan;nan;nan;nan;nan;nan;nan;nan;nan;nan;nan;nan;nan;nan;nan;nan;nan;nan;nan;nan;nan;nan;nan;nan;nan;nan;nan;nan;nan;nan;nan;nan;nan;nan;nan;nan;nan;nan;nan;nan;nan;nan;nan;nan;nan;nan;nan;nan;nan;nan;nan;nan;nan;nan;nan;nan;nan;nan;nan;nan;nan;nan;nan;nan;nan;nan;nan;nan;nan;nan;nan;nan;nan;nan;nan;nan;nan;nan;nan;nan;nan;nan;nan;nan;nan;nan;nan;nan;nan;nan;nan;nan;nan;nan;nan;nan;nan;nan;nan;nan;nan;nan;nan;nan;nan;nan;nan;nan;nan;nan;nan;nan;nan,5D,385.0
DE,1,500,10,22,6030,random,6030,130668.06240252376,140457.3736973483,9789.311294824525,False,171.9497037890395,2.428080216000126,442.192 -199.218;-60.765 -403.658;285.749 369.432;-490.867 -0.964;-320.999 322.239;-79.019 -27.558;-385.127 -284.956;-246.109 -68.148;10.063 228.524;329.068 6.161,nan;nan;nan;nan;nan;nan;nan;nan;nan;nan;nan;nan;nan;nan;nan;nan;nan;nan;nan;nan;nan;nan;nan;nan;nan;nan;nan;nan;nan;nan;nan;nan;nan;nan;nan;nan;nan;nan;nan;nan;nan;nan;nan;nan;nan;nan;nan;nan;nan;nan;nan;nan;nan;nan;nan;nan;nan;nan;nan;nan;nan;nan;nan;nan;nan;nan;nan;nan;nan;nan;nan;nan;nan;nan;nan;nan;nan;nan;nan;nan;nan;nan;nan;nan;nan;nan;nan;nan;nan;nan;nan;nan;nan;nan;nan;nan;nan;nan;nan;nan;nan;nan;nan;nan;nan;nan;nan;nan;nan;nan;nan;nan;nan;nan;nan;nan;nan;nan;nan;nan;nan;nan;nan;nan;nan;nan;nan;nan;nan;nan;nan;nan;nan;nan;nan;nan;nan;nan;nan;nan;nan;nan;nan;nan;nan;nan;nan;nan;nan;nan;nan;nan;nan;nan;nan;nan;nan;nan;nan;nan;nan;nan;nan;nan;nan;nan;nan;nan;nan;nan;nan;nan;nan;nan;nan;nan;nan;nan;nan;nan;nan;nan;nan;nan;nan;nan;nan;nan;nan;nan;nan;nan;nan;nan;nan;nan;nan;nan;nan;nan;nan,5D,385.0
PSOBV,2,500,10,2,6030,random,6030,66678.6431095335,73153.78394684664,6475.140837313142,False,302.3839128982054,2.1651164109998717,36.427 -133.146;-89.639 -491.879;441.850 233.823;257.828 -428.280;-52.536 155.855;-494.831 68.215;-386.966 -316.593;146.569 478.009;479.017 -142.996;-291.004 406.273,nan;nan;nan;nan;nan;nan;nan;nan;nan;nan;nan;nan;nan;nan;nan;nan;nan;nan;nan;nan;nan;nan;nan;nan;nan;nan;nan;nan;nan;nan;nan;nan;nan;nan;nan;nan;nan;nan;nan;nan;nan;nan;nan;nan;nan;nan;nan;nan;nan;nan;nan;nan;nan;nan;nan;nan;nan;nan;nan;nan;nan;nan;nan;nan;nan;nan;nan;nan;nan;nan;nan;nan;nan;nan;nan;nan;nan;nan;nan;nan;nan;nan;nan;nan;nan;nan;nan;nan;nan;nan;nan;nan;nan;nan;nan;nan;nan;nan;nan;nan;nan;nan;nan;nan;nan;nan;nan;nan;nan;nan;nan;nan;nan;nan;nan;nan;nan;nan;nan;nan;nan;nan;nan;nan;nan;nan;nan;nan;nan;nan;nan;nan;nan;nan;nan;nan;nan;nan;nan;nan;nan;nan;nan;nan;nan;nan;nan;nan;nan;nan;nan;nan;nan;nan;nan;nan;nan;nan;nan;nan;nan;nan;nan;nan;nan;nan;nan;nan;nan;nan;nan;nan;nan;nan;nan;nan;nan;nan;nan;nan;nan;nan;nan;nan;nan;nan;nan;nan;nan;nan;nan;nan;nan;nan;nan;nan;nan;nan;nan;nan;nan,6D,462.0
SSABV,2,500,10,12,6030,random,6030,65560.54865759626,73153.78394684664,7593.235289250384,False,302.8562675290332,2.233800125999551,153.223 45.801;-139.061 -50.314;114.683 -486.562;-170.128 470.083;437.096 -241.366;-187.301 -463.593;-474.614 -157.294;-431.950 247.691;137.631 480.525;449.418 217.863,nan;nan;nan;nan;nan;nan;nan;nan;nan;nan;nan;nan;nan;nan;nan;nan;nan;nan;nan;nan;nan;nan;nan;nan;nan;nan;nan;nan;nan;nan;nan;nan;nan;nan;nan;nan;nan;nan;nan;nan;nan;nan;nan;nan;nan;nan;nan;nan;nan;nan;nan;nan;nan;nan;nan;nan;nan;nan;nan;nan;nan;nan;nan;nan;nan;nan;nan;nan;nan;nan;nan;nan;nan;nan;nan;nan;nan;nan;nan;nan;nan;nan;nan;nan;nan;nan;nan;nan;nan;nan;nan;nan;nan;nan;nan;nan;nan;nan;nan;nan;nan;nan;nan;nan;nan;nan;nan;nan;nan;nan;nan;nan;nan;nan;nan;nan;nan;nan;nan;nan;nan;nan;nan;nan;nan;nan;nan;nan;nan;nan;nan;nan;nan;nan;nan;nan;nan;nan;nan;nan;nan;nan;nan;nan;nan;nan;nan;nan;nan;nan;nan;nan;nan;nan;nan;nan;nan;nan;nan;nan;nan;nan;nan;nan;nan;nan;nan;nan;nan;nan;nan;nan;nan;nan;nan;nan;nan;nan;nan;nan;nan;nan;nan;nan;nan;nan;nan;nan;nan;nan;nan;nan;nan;nan;nan;nan;nan;nan;nan;nan;nan,6D,462.0
RSDVNS,2,500,10,22,6030,random,6030,66643.21180496791,73153.78394684664,6510.572141878729,False,284.9358822031792,2.2234627230000115,-496.561 -30.368;324.544 375.377;-113.982 -165.280;212.267 -450.435;-2.637 500.000;260.500 -135.272;-277.837 -414.046;-339.333 365.159;499.627 19.669;-11.575 148.357,nan;nan;nan;nan;nan;nan;nan;nan;nan;nan;nan;nan;nan;nan;nan;nan;nan;nan;nan;nan;nan;nan;nan;nan;nan;nan;nan;nan;nan;nan;nan;nan;nan;nan;nan;nan;nan;nan;nan;nan;nan;nan;nan;nan;nan;nan;nan;nan;nan;nan;nan;nan;nan;nan;nan;nan;nan;nan;nan;nan;nan;nan;nan;nan;nan;nan;nan;nan;nan;nan;nan;nan;nan;nan;nan;nan;nan;nan;nan;nan;nan;nan;nan;nan;nan;nan;nan;nan;nan;nan;nan;nan;nan;nan;nan;nan;nan;nan;nan;nan;nan;nan;nan;nan;nan;nan;nan;nan;nan;nan;nan;nan;nan;nan;nan;nan;nan;nan;nan;nan;nan;nan;nan;nan;nan;nan;nan;nan;nan;nan;nan;nan;nan;nan;nan;nan;nan;nan;nan;nan;nan;nan;nan;nan;nan;nan;nan;nan;nan;nan;nan;nan;nan;nan;nan;nan;nan;nan;nan;nan;nan;nan;nan;nan;nan;nan;nan;nan;nan;nan;nan;nan;nan;nan;nan;nan;nan;nan;nan;nan;nan;nan;nan;nan;nan;nan;nan;nan;nan;nan;nan;nan;nan;nan;nan;nan;nan;nan;nan;nan;nan,6D,462.0
PSOC,2,500,10,2,6030,random,6030,67036.40677058516,73153.78394684664,6117.377176261478,False,297.33156602337306,2.3695787779997772,-33.426 -128.221;-61.781 -494.367;434.508 247.303;267.703 -421.660;29.724 162.327;-498.145 11.504;-348.585 -357.437;125.108 483.571;487.520 -104.814;-288.662 406.319,nan;nan;nan;nan;nan;nan;nan;nan;nan;nan;nan;nan;nan;nan;nan;nan;nan;nan;nan;nan;nan;nan;nan;nan;nan;nan;nan;nan;nan;nan;nan;nan;nan;nan;nan;nan;nan;nan;nan;nan;nan;nan;nan;nan;nan;nan;nan;nan;nan;nan;nan;nan;nan;nan;nan;nan;nan;nan;nan;nan;nan;nan;nan;nan;nan;nan;nan;nan;nan;nan;nan;nan;nan;nan;nan;nan;nan;nan;nan;nan;nan;nan;nan;nan;nan;nan;nan;nan;nan;nan;nan;nan;nan;nan;nan;nan;nan;nan;nan;nan;nan;nan;nan;nan;nan;nan;nan;nan;nan;nan;nan;nan;nan;nan;nan;nan;nan;nan;nan;nan;nan;nan;nan;nan;nan;nan;nan;nan;nan;nan;nan;nan;nan;nan;nan;nan;nan;nan;nan;nan;nan;nan;nan;nan;nan;nan;nan;nan;nan;nan;nan;nan;nan;nan;nan;nan;nan;nan;nan;nan;nan;nan;nan;nan;nan;nan;nan;nan;nan;nan;nan;nan;nan;nan;nan;nan;nan;nan;nan;nan;nan;nan;nan;nan;nan;nan;nan;nan;nan;nan;nan;nan;nan;nan;nan;nan;nan;nan;nan;nan;nan,6D,462.0
SSA,2,500,10,12,6030,random,6030,65620.09732722514,73153.78394684664,7533.686619621498,False,274.268921463426,2.2586318789999495,-298.003 -401.490;-492.874 83.685;32.507 -498.123;196.508 380.899;-251.106 432.373;456.905 -203.071;-101.452 -153.856;-76.643 141.638;184.691 -169.564;480.473 121.795,nan;nan;nan;nan;nan;nan;nan;nan;nan;nan;nan;nan;nan;nan;nan;nan;nan;nan;nan;nan;nan;nan;nan;nan;nan;nan;nan;nan;nan;nan;nan;nan;nan;nan;nan;nan;nan;nan;nan;nan;nan;nan;nan;nan;nan;nan;nan;nan;nan;nan;nan;nan;nan;nan;nan;nan;nan;nan;nan;nan;nan;nan;nan;nan;nan;nan;nan;nan;nan;nan;nan;nan;nan;nan;nan;nan;nan;nan;nan;nan;nan;nan;nan;nan;nan;nan;nan;nan;nan;nan;nan;nan;nan;nan;nan;nan;nan;nan;nan;nan;nan;nan;nan;nan;nan;nan;nan;nan;nan;nan;nan;nan;nan;nan;nan;nan;nan;nan;nan;nan;nan;nan;nan;nan;nan;nan;nan;nan;nan;nan;nan;nan;nan;nan;nan;nan;nan;nan;nan;nan;nan;nan;nan;nan;nan;nan;nan;nan;nan;nan;nan;nan;nan;nan;nan;nan;nan;nan;nan;nan;nan;nan;nan;nan;nan;nan;nan;nan;nan;nan;nan;nan;nan;nan;nan;nan;nan;nan;nan;nan;nan;nan;nan;nan;nan;nan;nan;nan;nan;nan;nan;nan;nan;nan;nan;nan;nan;nan;nan;nan;nan,6D,462.0
LXSSA,2,500,10,22,6030,random,6030,66223.32192100277,73153.78394684664,6930.462025843866,False,267.86931232730865,3.1051714229997742,-374.254 -330.689;-49.944 -403.942;309.409 -390.818;-112.863 217.809;-328.154 377.194;-488.889 -45.885;475.361 -149.663;150.599 476.797;422.841 233.273;40.866 -51.406,nan;nan;nan;nan;nan;nan;nan;nan;nan;nan;nan;nan;nan;nan;nan;nan;nan;nan;nan;nan;nan;nan;nan;nan;nan;nan;nan;nan;nan;nan;nan;nan;nan;nan;nan;nan;nan;nan;nan;nan;nan;nan;nan;nan;nan;nan;nan;nan;nan;nan;nan;nan;nan;nan;nan;nan;nan;nan;nan;nan;nan;nan;nan;nan;nan;nan;nan;nan;nan;nan;nan;nan;nan;nan;nan;nan;nan;nan;nan;nan;nan;nan;nan;nan;nan;nan;nan;nan;nan;nan;nan;nan;nan;nan;nan;nan;nan;nan;nan;nan;nan;nan;nan;nan;nan;nan;nan;nan;nan;nan;nan;nan;nan;nan;nan;nan;nan;nan;nan;nan;nan;nan;nan;nan;nan;nan;nan;nan;nan;nan;nan;nan;nan;nan;nan;nan;nan;nan;nan;nan;nan;nan;nan;nan;nan;nan;nan;nan;nan;nan;nan;nan;nan;nan;nan;nan;nan;nan;nan;nan;nan;nan;nan;nan;nan;nan;nan;nan;nan;nan;nan;nan;nan;nan;nan;nan;nan;nan;nan;nan;nan;nan;nan;nan;nan;nan;nan;nan;nan;nan;nan;nan;nan;nan;nan;nan;nan;nan;nan;nan;nan,6D,462.0
SLSQP,2,500,10,2,6030,random,6030,46735.5102517879,73153.78394684664,26418.273695058742,False,34.92945917232919,4.912890263000008,46.389 244.361;-131.597 179.326;64.108 -292.025;46.814 -24.011;-162.280 162.635;-438.846 -127.229;-65.891 473.868;198.199 125.789;-344.055 -64.908;-128.765 440.398,nan;nan;nan;nan;nan;nan;nan;nan;nan;nan;nan;nan;nan;nan;nan;nan;nan;nan;nan;nan;nan;nan;nan;nan;nan;nan;nan;nan;nan;nan;nan;nan;nan;nan;nan;nan;nan;nan;nan;nan;nan;nan;nan;nan;nan;nan;nan;nan;nan;nan;nan;nan;nan;nan;nan;nan;nan;nan;nan;nan;nan;nan;nan;nan;nan;nan;nan;nan;nan;nan;nan;nan;nan;nan;nan;nan;nan;nan;nan;nan;nan;nan;nan;nan;nan;nan;nan;nan;nan;nan;nan;nan;nan;nan;nan;nan;nan;nan;nan;nan;nan;nan;nan;nan;nan;nan;nan;nan;nan;nan;nan;nan;nan;nan;nan;nan;nan;nan;nan;nan;nan;nan;nan;nan;nan;nan;nan;nan;nan;nan;nan;nan;nan;nan;nan;nan;nan;nan;nan;nan;nan;nan;nan;nan;nan;nan;nan;nan;nan;nan;nan;nan;nan;nan;nan;nan;nan;nan;nan;nan;nan;nan;nan;nan;nan;nan;nan;nan;nan;nan;nan;nan;nan;nan;nan;nan;nan;nan;nan;nan;nan;nan;nan;nan;nan;nan;nan;nan;nan;nan;nan;nan;nan;nan;nan;nan;nan;nan;nan;nan;nan,5D,385.0
PSOBV,2,500,10,12,6030,random,6030,66666.33135332,73153.78394684664,6487.452593526643,False,331.8427228938515,2.901692522999838,-95.877 132.266;-485.602 -107.433;-412.614 281.797;133.232 -481.794;446.213 -225.131;-252.215 -421.876;102.671 -133.625;479.670 140.409;-100.241 489.701;259.091 427.552,nan;nan;nan;nan;nan;nan;nan;nan;nan;nan;nan;nan;nan;nan;nan;nan;nan;nan;nan;nan;nan;nan;nan;nan;nan;nan;nan;nan;nan;nan;nan;nan;nan;nan;nan;nan;nan;nan;nan;nan;nan;nan;nan;nan;nan;nan;nan;nan;nan;nan;nan;nan;nan;nan;nan;nan;nan;nan;nan;nan;nan;nan;nan;nan;nan;nan;nan;nan;nan;nan;nan;nan;nan;nan;nan;nan;nan;nan;nan;nan;nan;nan;nan;nan;nan;nan;nan;nan;nan;nan;nan;nan;nan;nan;nan;nan;nan;nan;nan;nan;nan;nan;nan;nan;nan;nan;nan;nan;nan;nan;nan;nan;nan;nan;nan;nan;nan;nan;nan;nan;nan;nan;nan;nan;nan;nan;nan;nan;nan;nan;nan;nan;nan;nan;nan;nan;nan;nan;nan;nan;nan;nan;nan;nan;nan;nan;nan;nan;nan;nan;nan;nan;nan;nan;nan;nan;nan;nan;nan;nan;nan;nan;nan;nan;nan;nan;nan;nan;nan;nan;nan;nan;nan;nan;nan;nan;nan;nan;nan;nan;nan;nan;nan;nan;nan;nan;nan;nan;nan;nan;nan;nan;nan;nan;nan;nan;nan;nan;nan;nan;nan,5D,385.0
SSABV,2,500,10,22,6030,random,6030,66413.86492887625,73153.78394684664,6739.919017970387,False,338.0282469116912,2.264690625000185,-108.977 233.764;-250.700 -432.075;216.876 -3.284;417.632 273.437;381.459 -322.639;-472.428 -163.674;-109.471 -119.913;88.099 -491.509;-461.483 192.412;115.761 486.264,nan;nan;nan;nan;nan;nan;nan;nan;nan;nan;nan;nan;nan;nan;nan;nan;nan;nan;nan;nan;nan;nan;nan;nan;nan;nan;nan;nan;nan;nan;nan;nan;nan;nan;nan;nan;nan;nan;nan;nan;nan;nan;nan;nan;nan;nan;nan;nan;nan;nan;nan;nan;nan;nan;nan;nan;nan;nan;nan;nan;nan;nan;nan;nan;nan;nan;nan;nan;nan;nan;nan;nan;nan;nan;nan;nan;nan;nan;nan;nan;nan;nan;nan;nan;nan;nan;nan;nan;nan;nan;nan;nan;nan;nan;nan;nan;nan;nan;nan;nan;nan;nan;nan;nan;nan;nan;nan;nan;nan;nan;nan;nan;nan;nan;nan;nan;nan;nan;nan;nan;nan;nan;nan;nan;nan;nan;nan;nan;nan;nan;nan;nan;nan;nan;nan;nan;nan;nan;nan;nan;nan;nan;nan;nan;nan;nan;nan;nan;nan;nan;nan;nan;nan;nan;nan;nan;nan;nan;nan;nan;nan;nan;nan;nan;nan;nan;nan;nan;nan;nan;nan;nan;nan;nan;nan;nan;nan;nan;nan;nan;nan;nan;nan;nan;nan;nan;nan;nan;nan;nan;nan;nan;nan;nan;nan;nan;nan;nan;nan;nan;nan,5D,385.0
BVNS,2,500,10,2,6030,random,6030,66013.68700393442,73153.78394684664,7140.09694291222,False,317.1105762379127,2.1642377060006766,346.389 269.361;-94.097 104.326;85.983 -492.025;178.064 -136.511;-465.405 175.135;-463.846 -186.604;84.109 492.618;498.199 -39.836;-156.555 -264.908;-235.015 440.398,nan;nan;nan;nan;nan;nan;nan;nan;nan;nan;nan;nan;nan;nan;nan;nan;nan;nan;nan;nan;nan;nan;nan;nan;nan;nan;nan;nan;nan;nan;nan;nan;nan;nan;nan;nan;nan;nan;nan;nan;nan;nan;nan;nan;nan;nan;nan;nan;nan;nan;nan;nan;nan;nan;nan;nan;nan;nan;nan;nan;nan;nan;nan;nan;nan;nan;nan;nan;nan;nan;nan;nan;nan;nan;nan;nan;nan;nan;nan;nan;nan;nan;nan;nan;nan;nan;nan;nan;nan;nan;nan;nan;nan;nan;nan;nan;nan;nan;nan;nan;nan;nan;nan;nan;nan;nan;nan;nan;nan;nan;nan;nan;nan;nan;nan;nan;nan;nan;nan;nan;nan;nan;nan;nan;nan;nan;nan;nan;nan;nan;nan;nan;nan;nan;nan;nan;nan;nan;nan;nan;nan;nan;nan;nan;nan;nan;nan;nan;nan;nan;nan;nan;nan;nan;nan;nan;nan;nan;nan;nan;nan;nan;nan;nan;nan;nan;nan;nan;nan;nan;nan;nan;nan;nan;nan;nan;nan;nan;nan;nan;nan;nan;nan;nan;nan;nan;nan;nan;nan;nan;nan;nan;nan;nan;nan;nan;nan;nan;nan;nan;nan,5D,385.0
PSOC,2,500,10,12,6030,random,6030,67092.35722433837,73153.78394684664,6061.426722508273,False,321.1754414344123,2.26750852799978,32.427 157.429;-472.686 -151.617;-369.469 222.842;152.672 -471.993;430.975 -231.518;-228.456 -444.436;-43.721 -154.589;480.169 136.276;-101.429 489.228;271.322 419.946,nan;nan;nan;nan;nan;nan;nan;nan;nan;nan;nan;nan;nan;nan;nan;nan;nan;nan;nan;nan;nan;nan;nan;nan;nan;nan;nan;nan;nan;nan;nan;nan;nan;nan;nan;nan;nan;nan;nan;nan;nan;nan;nan;nan;nan;nan;nan;nan;nan;nan;nan;nan;nan;nan;nan;nan;nan;nan;nan;nan;nan;nan;nan;nan;nan;nan;nan;nan;nan;nan;nan;nan;nan;nan;nan;nan;nan;nan;nan;nan;nan;nan;nan;nan;nan;nan;nan;nan;nan;nan;nan;nan;nan;nan;nan;nan;nan;nan;nan;nan;nan;nan;nan;nan;nan;nan;nan;nan;nan;nan;nan;nan;nan;nan;nan;nan;nan;nan;nan;nan;nan;nan;nan;nan;nan;nan;nan;nan;nan;nan;nan;nan;nan;nan;nan;nan;nan;nan;nan;nan;nan;nan;nan;nan;nan;nan;nan;nan;nan;nan;nan;nan;nan;nan;nan;nan;nan;nan;nan;nan;nan;nan;nan;nan;nan;nan;nan;nan;nan;nan;nan;nan;nan;nan;nan;nan;nan;nan;nan;nan;nan;nan;nan;nan;nan;nan;nan;nan;nan;nan;nan;nan;nan;nan;nan;nan;nan;nan;nan;nan;nan,5D,385.0
SSA,2,500,10,22,6030,random,6030,65803.35467229076,73153.78394684664,7350.429274555878,False,266.1214782241186,2.3402103470007205,42.579 223.162;-250.748 148.903;348.535 42.124;303.864 397.073;-131.058 -471.542;-424.880 -263.413;-497.557 49.372;-215.026 451.402;280.851 -354.789;-47.940 -147.675,nan;nan;nan;nan;nan;nan;nan;nan;nan;nan;nan;nan;nan;nan;nan;nan;nan;nan;nan;nan;nan;nan;nan;nan;nan;nan;nan;nan;nan;nan;nan;nan;nan;nan;nan;nan;nan;nan;nan;nan;nan;nan;nan;nan;nan;nan;nan;nan;nan;nan;nan;nan;nan;nan;nan;nan;nan;nan;nan;nan;nan;nan;nan;nan;nan;nan;nan;nan;nan;nan;nan;nan;nan;nan;nan;nan;nan;nan;nan;nan;nan;nan;nan;nan;nan;nan;nan;nan;nan;nan;nan;nan;nan;nan;nan;nan;nan;nan;nan;nan;nan;nan;nan;nan;nan;nan;nan;nan;nan;nan;nan;nan;nan;nan;nan;nan;nan;nan;nan;nan;nan;nan;nan;nan;nan;nan;nan;nan;nan;nan;nan;nan;nan;nan;nan;nan;nan;nan;nan;nan;nan;nan;nan;nan;nan;nan;nan;nan;nan;nan;nan;nan;nan;nan;nan;nan;nan;nan;nan;nan;nan;nan;nan;nan;nan;nan;nan;nan;nan;nan;nan;nan;nan;nan;nan;nan;nan;nan;nan;nan;nan;nan;nan;nan;nan;nan;nan;nan;nan;nan;nan;nan;nan;nan;nan;nan;nan;nan;nan;nan;nan,5D,385.0
DE,2,500,10,2,6030,random,6030,64968.731116121795,73153.78394684664,8185.052830724846,False,179.87875329357243,3.6359736900003554,-174.689 -447.183;166.299 318.475;-74.230 201.709;-103.454 475.022;428.640 232.431;-410.902 -84.787;440.935 -201.113;-444.447 190.695;160.259 50.322;-56.505 -311.577,nan;nan;nan;nan;nan;nan;nan;nan;nan;nan;nan;nan;nan;nan;nan;nan;nan;nan;nan;nan;nan;nan;nan;nan;nan;nan;nan;nan;nan;nan;nan;nan;nan;nan;nan;nan;nan;nan;nan;nan;nan;nan;nan;nan;nan;nan;nan;nan;nan;nan;nan;nan;nan;nan;nan;nan;nan;nan;nan;nan;nan;nan;nan;nan;nan;nan;nan;nan;nan;nan;nan;nan;nan;nan;nan;nan;nan;nan;nan;nan;nan;nan;nan;nan;nan;nan;nan;nan;nan;nan;nan;nan;nan;nan;nan;nan;nan;nan;nan;nan;nan;nan;nan;nan;nan;nan;nan;nan;nan;nan;nan;nan;nan;nan;nan;nan;nan;nan;nan;nan;nan;nan;nan;nan;nan;nan;nan;nan;nan;nan;nan;nan;nan;nan;nan;nan;nan;nan;nan;nan;nan;nan;nan;nan;nan;nan;nan;nan;nan;nan;nan;nan;nan;nan;nan;nan;nan;nan;nan;nan;nan;nan;nan;nan;nan;nan;nan;nan;nan;nan;nan;nan;nan;nan;nan;nan;nan;nan;nan;nan;nan;nan;nan;nan;nan;nan;nan;nan;nan;nan;nan;nan;nan;nan;nan;nan;nan;nan;nan;nan;nan,5D,385.0
SLSQP,1,750,8,12,6030,random,6030,111707.80699267091,112365.89895787863,658.0919652077137,True,490.96844314233476,3.6527194469999813,134.271 -173.904;-488.629 -523.365;-49.993 -743.929;417.741 582.730;439.829 -583.422;-20.740 313.504;-467.092 585.778;646.889 -36.748,nan;nan;nan;nan;nan;nan;109688.218;109698.585;109698.585;109698.585;109698.585;109698.585;109698.585;109698.585;109698.585;109698.585;110323.896;110323.896;110323.896;110323.896;110323.896;110323.896;110323.896;110323.896;110323.896;110323.896;110323.896;111235.058;111235.058;111273.996;111273.996;111296.497;111296.497;111296.497;111296.497;111296.497;111296.497;111296.497;111296.497;111296.497;111296.497;111296.497;111296.497;111296.497;111296.497;111296.497;111296.556;111297.104;111302.340;111302.498;111302.812;111303.104;111303.264;111303.445;111303.453;111303.454;111303.454;111303.454;111303.454;111303.454;111303.532;111304.856;111304.869;111304.896;111304.896;111304.896;111304.896;111304.896;111304.896;111304.896;111304.896;111304.896;111304.896;111304.896;111304.896;111304.896;111304.896;111304.896;111304.896;111304.896;111304.896;111304.896;111304.896;111304.896;111304.896;111304.896;111304.896;111304.896;111304.896;111304.896;111304.896;111304.896;111304.896;111304.896;111304.896;111304.896;111304.896;111304.896;111304.896;111304.896;111304.896;111304.896;111304.896;111304.896;111304.896;111304.896;111304.896;111304.896;111304.896;111304.896;111304.896;111304.896;111304.896;111304.896;111304.896;111304.896;111304.896;111304.896;111304.896;111304.896;111304.896;111304.896;111304.896;111304.896;111304.896;111304.896;111304.896;111304.896;111304.896;111304.896;111304.896;111304.896;111304.896;111304.896;111304.896;111304.896;111304.896;111304.896;111304.896;111304.896;111304.896;111304.896;111304.896;111304.896;111304.896;111304.896;111304.896;111304.896;111304.896;111304.896;111304.896;111304.896;111304.896;111304.896;111304.896;111304.896;111304.896;111304.896;111304.896;111304.896;111304.896;111304.896;111304.896;111304.896;111304.896;111304.896;111304.896;111304.896;111304.896;111304.896;111304.896;111304.896;111304.896;111304.896;111304.896;111304.896;111304.896;111304.896;111304.896;111304.896;111304.896;111304.896;111658.041;111658.341;111671.374;111693.471;111693.471;111693.471;111705.205;111705.206;111705.206;111705.401;111706.768;111706.768;111707.807;111707.807;111707.807;111707.807;111707.807;111707.807;111707.807,6D,462.0
PSOBV,1,750,8,22,6030,random,6030,112023.59675877783,112365.89895787863,342.30219910079904,True,503.9189524527814,2.163104713999928,-728.091 -177.555;533.465 526.952;-451.242 -598.612;263.385 -579.094;-454.067 279.248;59.380 208.364;-135.926 706.759;719.456 -168.085,nan;nan;nan;nan;nan;nan;nan;nan;nan;nan;nan;nan;nan;nan;nan;nan;nan;nan;nan;nan;nan;nan;nan;nan;nan;nan;nan;nan;nan;nan;nan;109656.483;109656.483;109656.483;109656.483;109656.483;109656.483;110440.916;110440.916;110477.176;110477.176;110503.321;110503.321;110503.321;110503.321;110535.793;110535.793;110535.793;110535.793;110605.384;110623.169;110623.169;110667.017;110687.815;110726.319;110726.319;110726.319;110726.319;110726.319;110726.319;110726.319;110744.347;110744.347;111157.359;111290.328;111290.328;111290.328;111290.328;111290.328;111290.328;111290.328;111347.196;111347.196;111359.223;111389.885;111761.388;111764.179;111764.179;111764.179;111764.179;111764.179;111764.179;111872.795;111872.795;111872.795;111872.795;111872.795;111900.556;111900.556;111902.796;111902.796;111902.796;111910.289;111954.754;111954.754;111954.754;111954.754;111954.754;111954.754;111954.754;111954.754;111962.141;111962.141;111963.524;111964.103;111967.162;111968.810;111970.080;111972.980;111973.004;111973.544;111973.544;111997.833;111999.256;112000.198;112000.903;112000.903;112001.312;112001.652;112001.988;112002.294;112002.309;112002.334;112002.334;112002.685;112002.917;112003.263;112003.365;112003.565;112003.635;112003.802;112003.948;112004.049;112004.391;112004.455;112004.468;112004.634;112004.799;112004.963;112005.126;112005.289;112005.302;112005.302;112005.465;112005.626;112005.787;112005.948;112006.108;112006.121;112006.281;112006.439;112006.597;112006.755;112006.912;112006.926;112007.082;112007.238;112007.252;112007.393;112007.548;112007.701;112007.716;112007.870;112008.022;112008.175;112008.326;112008.341;112008.492;112008.643;112008.793;112008.943;112009.092;112009.107;112009.121;112009.255;112009.403;112009.551;112009.697;112009.844;112009.859;112010.005;112010.150;112010.150;112023.182;112023.467;112023.467;112023.552;112023.575;112023.597;112023.597;112023.597;112023.597;112023.597;112023.597;112023.597;112023.597;112023.597;112023.597;112023.597;112023.597;112023.597,6D,462.0
RSDVNS,1,750,8,2,6030,random,6030,110523.62081190837,112365.89895787863,1842.2781459702528,True,462.6816127137498,1.9186685699996815,-446.308 377.379;176.115 -12.557;-106.660 -741.045;558.565 -277.656;652.344 365.890;-281.147 -96.428;-644.399 -382.998;93.217 556.373,nan;nan;nan;nan;nan;nan;nan;nan;nan;nan;nan;nan;nan;nan;nan;nan;nan;nan;nan;nan;nan;nan;nan;nan;nan;nan;nan;nan;nan;nan;nan;nan;nan;nan;nan;nan;nan;nan;nan;nan;nan;nan;nan;nan;nan;nan;nan;nan;nan;nan;nan;nan;nan;nan;nan;nan;nan;nan;nan;nan;nan;nan;nan;nan;nan;nan;nan;nan;nan;nan;nan;nan;nan;nan;nan;nan;nan;nan;nan;nan;nan;nan;nan;nan;nan;nan;nan;nan;nan;nan;nan;nan;nan;nan;nan;nan;nan;nan;nan;nan;nan;nan;nan;nan;nan;nan;nan;nan;nan;nan;nan;nan;nan;nan;nan;108119.981;109301.959;109342.188;109353.840;109366.612;109368.579;109381.151;109393.537;109405.075;109417.104;109427.710;109439.402;109448.488;109457.457;109466.310;109475.049;109483.678;109492.197;109493.065;109496.690;109500.260;109503.571;109507.037;109510.451;109513.152;109516.467;109527.858;109531.084;109534.263;109537.397;109540.486;109543.531;109544.673;109547.404;109550.363;109551.566;109563.055;109574.118;109575.274;109595.951;109606.327;109617.169;109620.142;109629.740;109632.676;109633.770;109634.855;109635.930;109636.996;109637.869;109638.926;109639.974;109641.013;109641.784;109642.806;109643.819;109644.210;109645.206;109646.195;109647.175;109648.147;109649.022;109649.891;110469.717;110470.996;110471.610;110472.216;110472.818;110473.409;110474.005;110474.585;110475.156;110475.156;110475.717;110476.301;110496.158;110496.804;110497.443;110497.850;110498.108;110500.930;110502.198;110504.984;110514.376;110523.621;110523.621,6D,462.0
BVNS,1,750,8,12,6030,random,6030,110160.66140204768,112365.89895787863,2205.237555830943,True,462.23290535289215,1.7571793059996708,149.825 -734.748;-539.216 521.047;615.628 -426.888;-149.745 -227.706;-742.470 105.182;-309.430 -682.359;189.466 668.556;-651.082 -370.652,nan;nan;nan;nan;nan;nan;nan;nan;nan;nan;nan;nan;nan;nan;nan;nan;nan;nan;nan;nan;nan;nan;nan;nan;nan;nan;nan;nan;nan;nan;nan;nan;nan;nan;nan;nan;nan;nan;nan;nan;nan;nan;nan;nan;nan;nan;nan;nan;nan;nan;nan;nan;nan;nan;nan;nan;nan;nan;nan;nan;nan;nan;109625.701;109625.701;109629.820;109643.248;109647.332;109660.535;109661.258;109663.824;109666.367;109668.887;109671.386;109673.863;109676.319;109678.753;109680.447;109682.840;109685.212;109687.564;109689.896;109690.615;109691.326;109692.029;109692.724;109692.803;109693.488;109694.165;109694.236;109694.904;109695.565;109695.565;109695.628;109696.280;109696.339;109696.397;109697.039;109697.094;110056.006;110056.315;110056.367;110056.708;110057.069;110057.436;110057.800;110058.160;110058.518;110058.816;110059.167;110059.515;110059.860;110060.203;110060.543;110060.879;110061.214;110061.501;110064.573;110078.174;110078.459;110078.743;110079.024;110079.303;110079.579;110079.787;110080.058;110080.327;110080.507;110080.686;110080.951;110081.126;110081.300;110081.472;110081.629;110081.799;110082.058;110082.227;110082.393;110082.648;110082.812;110082.997;110083.159;110083.319;110083.567;110083.725;110083.971;110084.126;110084.280;110084.348;110084.591;110084.657;110085.283;110085.343;110094.260;110094.816;110095.366;110095.366;110095.410;110114.480;110114.877;110114.973;110115.363;110115.363;110117.378;110124.631;110131.120;110131.358;110132.778;110132.824;110133.053;110133.198;110140.333;110141.700;110148.778;110148.900;110149.022;110149.069;110149.262;110149.262;110152.429;110153.424;110156.579;110156.696;110156.719;110156.822;110156.894;110160.384;110160.445;110160.483;110160.520;110160.543;110160.639;110160.661;110160.661;110160.661;110160.661;110160.661;110160.661;110160.661;110160.661;110160.661;110160.661,6D,462.0
PSOC,1,750,8,22,6030,random,6030,112000.91894133775,112365.89895787863,364.9800165408815,True,508.1405375921208,1.8157119959996635,-720.648 -170.606;521.955 531.353;-444.566 -602.816;244.273 -493.029;-446.514 275.221;57.554 211.013;-122.342 702.898;709.299 -163.783,nan;nan;nan;nan;nan;nan;nan;nan;nan;nan;nan;nan;nan;nan;nan;nan;nan;nan;nan;nan;nan;nan;nan;nan;nan;nan;nan;nan;nan;nan;nan;109656.483;109656.483;109656.483;109656.483;109656.483;109656.483;110440.916;110440.916;110477.176;110477.176;110503.321;110503.321;110503.321;110503.321;110535.793;110535.793;110535.793;110535.793;110605.384;110623.169;110623.169;110667.017;110687.815;110726.319;110726.319;110726.319;110726.319;110726.319;110726.319;110726.319;110744.347;110744.347;111157.359;111290.328;111290.328;111290.328;111290.328;111290.328;111290.328;111290.328;111347.196;111347.196;111359.223;111389.885;111761.388;111764.179;111764.179;111764.179;111764.179;111764.179;111764.179;111872.795;111872.795;111872.795;111872.795;111872.795;111900.556;111900.556;111902.796;111902.796;111902.796;111910.289;111954.754;111954.754;111954.754;111954.754;111954.754;111954.754;111954.754;111954.754;111954.754;111954.754;111954.754;111954.754;111954.754;111954.754;111954.754;111954.754;111954.754;111954.754;111954.754;111954.754;111954.754;111954.754;111954.754;111954.754;111955.318;111955.356;111955.383;111955.403;111955.417;111955.427;111955.427;111955.427;111956.363;111956.363;111957.949;111957.949;111957.949;111957.949;111957.949;111958.040;111958.040;111958.040;111958.040;111958.040;111959.473;111959.473;111959.473;111959.901;111959.929;111959.929;111960.314;111960.314;111960.314;111960.314;111969.452;111969.452;111969.452;111969.452;111969.452;111969.513;111969.513;111969.641;111971.419;111972.462;111972.462;111978.233;111978.233;111978.233;111978.233;111986.773;111986.773;111986.773;111986.773;111986.773;111986.773;111986.773;111986.773;111997.591;111997.591;111997.591;111997.591;111997.591;111997.591;111997.591;111997.591;111997.591;111997.591;111997.591;111997.591;111997.591;111997.591;111997.591;111997.591;111997.591;111997.591;111999.995;111999.995;112000.346;112000.654;112000.654;112000.654;112000.654;112000.654;112000.919;112000.919;112000.919;112000.919;112000.919,6D,462.0
LXSSA,1,750,8,2,6030,random,6030,110500.15074354784,112365.89895787863,1865.7482143307861,True,462.0124734168023,1.823198329000661,729.807 -137.708;463.515 -560.811;-266.941 661.387;-22.665 -679.349;558.627 373.183;-405.248 -367.007;-541.401 94.323;-89.149 -0.141,nan;nan;nan;nan;nan;nan;nan;nan;nan;nan;nan;nan;nan;nan;nan;nan;nan;nan;nan;nan;nan;nan;nan;nan;nan;nan;nan;nan;nan;nan;nan;nan;nan;nan;nan;nan;nan;nan;nan;nan;nan;nan;nan;nan;nan;nan;nan;nan;nan;nan;nan;nan;nan;nan;nan;nan;nan;nan;nan;nan;nan;nan;nan;nan;nan;nan;nan;nan;nan;nan;nan;nan;nan;nan;nan;nan;nan;nan;nan;nan;nan;nan;nan;nan;nan;nan;nan;nan;nan;nan;108702.564;109259.173;109259.173;109259.173;109259.173;109279.029;109279.029;110326.805;110326.805;110429.907;110429.907;110429.907;110429.907;110430.246;110430.246;110430.246;110430.246;110430.365;110430.365;110430.365;110430.365;110435.076;110435.076;110435.658;110435.658;110437.361;110442.916;110463.780;110463.780;110463.780;110467.883;110467.884;110467.884;110470.722;110472.737;110472.860;110472.860;110475.210;110475.210;110477.540;110477.759;110478.492;110479.463;110479.704;110481.422;110482.133;110482.734;110483.667;110483.667;110484.356;110485.211;110485.211;110486.106;110486.106;110487.306;110488.129;110488.129;110488.159;110488.625;110489.544;110489.544;110492.737;110492.737;110494.943;110494.943;110494.943;110495.145;110495.149;110495.312;110495.507;110495.507;110497.376;110497.376;110497.376;110497.408;110497.408;110497.451;110497.451;110497.496;110497.496;110497.521;110497.521;110497.534;110497.536;110497.545;110497.577;110497.577;110498.241;110498.241;110499.052;110499.052;110499.704;110499.704;110499.704;110499.711;110500.047;110500.047;110500.131;110500.131;110500.133;110500.133;110500.133;110500.135;110500.135;110500.136;110500.136;110500.137;110500.137;110500.137;110500.151;110500.151,6D,462.0
DE,1,750,8,12,6030,random,6030,107510.53899377237,112365.89895787863,4855.359964106261,False,337.3462779250534,2.8848675499993988,208.252 -93.281;93.058 -697.210;526.182 180.502;421.834 501.304;-25.119 717.035;-567.507 236.416;72.912 321.097;-278.607 -413.982,nan;nan;nan;nan;nan;nan;nan;nan;nan;nan;nan;nan;nan;nan;nan;nan;nan;nan;nan;nan;nan;nan;nan;nan;nan;nan;nan;nan;nan;nan;nan;nan;nan;nan;nan;nan;nan;nan;nan;nan;nan;nan;nan;nan;nan;nan;nan;nan;nan;nan;nan;nan;nan;nan;nan;nan;nan;nan;nan;nan;nan;nan;nan;nan;nan;nan;nan;nan;nan;nan;nan;nan;nan;nan;nan;nan;nan;nan;nan;nan;nan;nan;nan;nan;nan;nan;nan;nan;nan;nan;nan;nan;nan;nan;nan;nan;nan;nan;nan;nan;nan;nan;nan;nan;nan;nan;nan;nan;nan;nan;nan;nan;nan;nan;nan;nan;nan;nan;nan;nan;nan;nan;nan;nan;nan;nan;nan;nan;nan;nan;nan;nan;nan;nan;nan;nan;nan;nan;nan;nan;nan;nan;nan;nan;nan;nan;nan;nan;nan;nan;nan;nan;nan;nan;nan;nan;nan;nan;nan;nan;nan;nan;nan;nan;nan;nan;nan;nan;nan;nan;nan;nan;nan;nan;nan;nan;nan;nan;nan;nan;nan;nan;nan;nan;nan;nan;nan;nan;nan;nan;nan;nan;nan;nan;nan;nan;nan;nan;nan;nan;nan,6D,462.0
SLSQP,1,750,8,22,6030,random,6030,110918.8961502262,112365.89895787863,1447.0028076524322,True,392.97133991971475,4.002100953000081,-348.182 -533.092;-59.602 438.848;285.104 689.264;256.685 -704.257;-710.760 238.885;265.351 135.813;652.403 -369.094;590.614 442.100,nan;nan;nan;nan;nan;nan;nan;nan;nan;nan;109575.863;109575.863;109575.863;109857.689;109857.689;109857.689;109857.689;109857.689;109857.689;109857.689;109857.689;109857.689;110631.790;110672.522;110672.522;110672.522;110672.522;110672.522;110672.522;110672.522;110672.522;110672.522;110672.522;110672.522;110672.522;110672.522;110672.522;110672.522;110672.522;110672.522;110672.522;110672.522;110672.522;110672.522;110672.522;110672.522;110672.522;110672.522;110672.522;110672.522;110672.522;110833.100;110834.460;110848.072;110848.072;110848.072;110848.072;110848.072;110848.072;110848.072;110848.072;110858.263;110859.372;110859.469;110859.469;110859.469;110859.469;110859.469;110859.469;110859.469;110859.469;110859.469;110859.469;110859.469;110859.469;110859.469;110859.469;110859.469;110859.469;110859.469;110859.469;110859.469;110859.469;110859.469;110859.469;110901.792;110901.797;110901.805;110901.822;110901.832;110901.832;110901.839;110901.942;110901.994;110902.065;110903.215;110905.061;110905.220;110905.301;110905.467;110905.551;110905.724;110905.814;110905.823;110905.842;110905.843;110905.845;110905.846;110905.847;110905.847;110905.847;110905.847;110905.847;110905.847;110905.847;110905.847;110905.847;110905.847;110905.847;110905.847;110905.847;110905.847;110905.847;110905.847;110905.847;110905.847;110905.847;110905.847;110905.847;110912.333;110915.195;110918.333;110918.694;110918.758;110918.797;110918.840;110918.846;110918.849;110918.854;110918.858;110918.863;110918.868;110918.873;110918.877;110918.882;110918.884;110918.885;110918.886;110918.887;110918.888;110918.889;110918.890;110918.891;110918.892;110918.894;110918.895;110918.896;110918.896;110918.896;110918.896;110918.896;110918.896;110918.896;110918.896;110918.896;110918.896;110918.896;110918.896;110918.896;110918.896;110918.896;110918.896;110918.896;110918.896;110918.896;110918.896;110918.896;110918.896;110918.896;110918.896;110918.896;110918.896;110918.896;110918.896;110918.896;110918.896;110918.896;110918.896;110918.896;110918.896;110918.896;110918.896;110918.896;110918.896;110918.896;110918.896;110918.896;110918.896;110918.896;110918.896;110918.896,5D,385.0
SSABV,1,750,8,2,6030,random,6030,110991.19460707728,112365.89895787863,1374.7043508013448,True,400.0609978571618,2.5291743959996893,41.503 467.362;407.749 628.334;-711.156 -108.875;227.029 -714.198;-401.417 519.517;675.159 -324.756;-220.670 40.241;100.104 -317.533,nan;nan;nan;nan;nan;nan;nan;nan;nan;nan;nan;nan;nan;nan;nan;nan;nan;nan;nan;nan;nan;nan;nan;nan;nan;nan;nan;nan;nan;nan;nan;nan;nan;nan;nan;nan;nan;nan;nan;nan;nan;nan;nan;nan;nan;nan;nan;109888.485;109979.538;110318.169;110420.594;110485.180;110511.989;110563.912;110600.972;110600.972;110606.207;110606.207;110606.207;110606.207;110606.207;110606.207;110607.461;110608.259;110612.557;110612.557;110615.158;110616.980;110618.313;110618.313;110618.551;110618.849;110619.483;110620.102;110620.255;110620.956;110621.413;110621.678;110621.898;110621.928;110622.035;110622.062;110622.134;110622.186;110622.221;110622.250;110622.281;110622.296;110622.318;110622.321;110622.333;110622.337;110622.342;110622.346;110622.348;110622.349;110622.351;110622.352;110622.353;110622.353;110622.354;110641.608;110712.898;110766.095;110773.099;110801.112;110840.401;110840.401;110852.514;110852.514;110859.640;110870.182;110874.380;110890.374;110903.809;110903.809;110912.079;110925.871;110929.988;110930.007;110932.641;110932.641;110934.397;110935.863;110936.110;110937.508;110938.220;110951.246;110951.246;110952.610;110953.536;110954.313;110959.761;110962.252;110966.936;110967.664;110968.383;110972.990;110973.700;110974.403;110975.097;110975.783;110976.462;110977.132;110977.132;110977.795;110978.451;110979.105;110979.750;110980.381;110980.834;110981.469;110981.913;110982.350;110982.780;110982.904;110983.126;110984.003;110984.003;110984.331;110986.274;110987.522;110987.850;110988.177;110988.502;110988.824;110989.145;110989.465;110989.773;110989.988;110990.050;110990.097;110990.718;110990.877;110990.877;110991.033;110991.140;110991.195;110991.195;110991.195;110991.195;110991.195;110991.195;110991.195;110991.195;110991.195;110991.195;110991.195;110991.195;110991.195;110991.195;110991.195;110991.195;110991.195;110991.195;110991.195;110991.195;110991.195;110991.195;110991.195;110991.195,5D,385.0
RSDVNS,1,750,8,12,6030,random,6030,111543.19518213163,112365.89895787863,822.7037757469952,True,419.8245876931113,1.936192156999823,-536.297 154.254;6.266 -749.844;232.635 -140.696;12.852 710.186;311.194 357.435;518.697 -447.976;-676.402 -323.703;-392.711 586.235,nan;nan;nan;nan;nan;nan;nan;nan;nan;nan;nan;nan;nan;nan;nan;nan;nan;nan;nan;nan;nan;nan;nan;nan;nan;nan;nan;nan;nan;nan;nan;nan;nan;nan;nan;nan;nan;nan;nan;nan;nan;nan;nan;nan;nan;nan;nan;nan;nan;nan;nan;nan;nan;nan;nan;nan;nan;nan;nan;nan;nan;nan;nan;nan;nan;nan;nan;nan;nan;nan;nan;nan;nan;nan;nan;nan;nan;nan;nan;nan;nan;nan;nan;nan;nan;nan;nan;nan;nan;nan;nan;nan;nan;nan;nan;nan;nan;nan;nan;nan;109284.661;110769.980;110780.739;110853.042;110896.630;110928.818;110928.818;110957.534;110979.246;111315.228;111359.431;111453.580;111463.833;111484.995;111488.880;111495.929;111495.929;111497.963;111497.963;111498.961;111499.597;111500.217;111501.190;111501.845;111509.559;111510.205;111527.217;111527.217;111527.725;111527.980;111528.395;111532.080;111532.337;111532.362;111533.307;111534.018;111534.621;111535.211;111535.676;111536.006;111536.259;111536.953;111537.201;111537.660;111538.348;111538.589;111539.043;111539.726;111539.959;111540.407;111540.738;111540.838;111541.044;111541.044;111541.044;111541.937;111542.106;111542.164;111542.303;111542.442;111542.610;111542.666;111542.778;111542.946;111543.002;111543.114;111543.195;111543.195;111543.195;111543.195;111543.195;111543.195;111543.195;111543.195;111543.195;111543.195;111543.195;111543.195;111543.195;111543.195;111543.195;111543.195;111543.195;111543.195;111543.195;111543.195;111543.195;111543.195;111543.195;111543.195;111543.195;111543.195;111543.195;111543.195;111543.195;111543.195;111543.195;111543.195;111543.195;111543.195;111543.195,5D,385.0
BVNS,1,750,8,22,6030,random,6030,111317.41704268358,112365.89895787863,1048.4819151950505,True,385.90258718757406,1.7881761389999156,-469.346 -62.348;-241.980 506.465;247.800 668.022;208.663 -720.143;-618.823 423.338;17.903 3.497;568.997 -488.100;512.925 379.568,nan;nan;nan;nan;nan;nan;nan;nan;nan;nan;nan;nan;nan;nan;nan;nan;nan;nan;nan;nan;nan;nan;109494.496;109671.249;109820.281;110262.177;110543.052;110637.167;110724.806;110792.207;110859.837;110866.982;110925.644;110942.654;110999.186;111011.567;111017.918;111070.717;111118.244;111161.112;111178.372;111178.372;111181.614;111183.225;111183.225;111184.682;111204.571;111205.495;111226.396;111232.790;111245.287;111248.134;111251.255;111252.514;111252.898;111252.898;111260.623;111278.582;111279.457;111280.830;111289.266;111289.762;111289.762;111290.082;111291.024;111291.855;111292.575;111296.705;111297.400;111298.224;111298.897;111302.977;111303.369;111304.032;111304.734;111304.962;111304.962;111305.010;111305.698;111306.377;111307.044;111307.080;111307.737;111308.383;111308.408;111308.408;111308.736;111308.775;111309.250;111309.411;111309.893;111309.932;111310.207;111310.246;111312.261;111312.340;111313.308;111313.511;111314.511;111314.673;111315.669;111315.805;111315.960;111315.960;111316.284;111316.419;111317.412;111317.412;111317.417;111317.417;111317.417;111317.417;111317.417;111317.417;111317.417;111317.417;111317.417;111317.417;111317.417;111317.417;111317.417;111317.417;111317.417;111317.417;111317.417;111317.417;111317.417;111317.417;111317.417;111317.417;111317.417;111317.417;111317.417;111317.417;111317.417;111317.417;111317.417;111317.417;111317.417;111317.417;111317.417;111317.417;111317.417;111317.417;111317.417;111317.417;111317.417;111317.417;111317.417;111317.417;111317.417;111317.417;111317.417;111317.417;111317.417;111317.417;111317.417;111317.417;111317.417;111317.417;111317.417;111317.417;111317.417;111317.417;111317.417;111317.417;111317.417;111317.417;111317.417;111317.417;111317.417;111317.417;111317.417;111317.417;111317.417;111317.417;111317.417;111317.417;111317.417;111317.417;111317.417;111317.417;111317.417;111317.417;111317.417;111317.417;111317.417;111317.417;111317.417;111317.417;111317.417;111317.417;111317.417;111317.417;111317.417;111317.417;111317.417;111317.417;111317.417;111317.417;111317.417,5D,385.0
SSA,1,750,8,2,6030,random,6030,111753.79049275594,112365.89895787863,612.1084651226847,True,401.84763961549316,1.8248725059993376,-582.369 -413.014;417.143 623.278;-122.777 675.276;427.134 -396.417;-145.607 -735.730;62.030 318.445;-587.999 448.589;-333.912 -27.551,nan;nan;nan;nan;nan;nan;nan;nan;nan;nan;nan;nan;nan;nan;nan;nan;nan;nan;nan;nan;nan;nan;nan;nan;nan;nan;nan;nan;nan;nan;nan;nan;nan;nan;nan;nan;nan;nan;nan;nan;nan;nan;nan;nan;nan;nan;nan;nan;nan;nan;nan;nan;nan;nan;nan;nan;nan;nan;nan;nan;nan;nan;nan;nan;nan;nan;nan;nan;nan;nan;nan;nan;nan;109955.565;109955.565;109955.565;109955.565;109955.565;109955.565;109955.565;109955.565;109955.565;109955.565;109955.565;109955.565;109955.565;109955.565;109955.565;109955.565;110457.091;110457.091;110457.091;111072.788;111072.788;111711.068;111711.068;111711.068;111711.068;111711.068;111711.068;111733.148;111733.148;111733.148;111733.148;111733.148;111733.148;111733.148;111733.148;111733.148;111733.148;111733.148;111733.148;111733.148;111733.148;111741.602;111741.602;111741.602;111743.691;111744.292;111744.935;111744.935;111744.935;111745.635;111746.788;111747.518;111748.041;111749.334;111749.774;111750.023;111750.284;111750.902;111750.902;111750.902;111751.231;111751.479;111751.754;111751.754;111751.835;111752.064;111752.209;111752.215;111752.491;111752.552;111752.789;111752.927;111753.011;111753.069;111753.206;111753.283;111753.336;111753.422;111753.489;111753.501;111753.526;111753.561;111753.570;111753.604;111753.633;111753.664;111753.679;111753.679;111753.682;111753.692;111753.704;111753.711;111753.715;111753.725;111753.730;111753.733;111753.742;111753.750;111753.757;111753.762;111753.765;111753.767;111753.770;111753.772;111753.776;111753.778;111753.780;111753.782;111753.783;111753.784;111753.785;111753.786;111753.788;111753.789;111753.789;111753.789;111753.789;111753.789;111753.790;111753.790;111753.790;111753.790;111753.790;111753.790;111753.790;111753.790;111753.790;111753.790,5D,385.0
LXSSA,1,750,8,12,6030,random,6030,111365.75717438705,112365.89895787863,1000.1417834915774,True,403.7978017299629,1.8157533009998588,390.544 168.804;-704.039 150.051;-297.681 -566.813;347.831 -658.951;581.306 -288.179;25.279 -265.810;81.177 428.313;-295.693 177.618,nan;nan;nan;nan;nan;nan;nan;nan;nan;nan;nan;nan;nan;nan;nan;nan;nan;nan;nan;nan;nan;nan;nan;nan;nan;nan;nan;nan;nan;nan;nan;nan;nan;nan;nan;nan;nan;nan;nan;nan;nan;nan;nan;nan;nan;nan;nan;nan;nan;nan;nan;nan;nan;nan;nan;nan;nan;nan;nan;nan;nan;nan;nan;nan;nan;109395.605;109395.605;109395.605;109395.605;109395.605;109395.605;109395.605;109395.605;109832.943;109832.943;109840.433;109840.433;109840.433;109840.433;109861.179;109861.179;110218.390;110218.390;110218.390;110218.390;110466.813;110572.390;110572.390;110573.772;110573.772;110573.772;110661.306;111236.308;111236.308;111236.308;111236.308;111236.308;111236.308;111270.760;111270.760;111270.760;111270.760;111270.760;111270.991;111270.991;111308.732;111308.732;111308.732;111315.731;111317.031;111317.031;111320.972;111320.972;111320.972;111320.972;111321.865;111321.865;111322.437;111322.437;111323.852;111323.852;111324.815;111328.130;111328.292;111328.292;111328.292;111330.604;111332.164;111332.164;111332.221;111332.510;111332.841;111334.188;111339.469;111339.469;111359.298;111359.298;111359.298;111360.420;111361.424;111361.424;111361.536;111361.715;111361.905;111361.905;111361.937;111362.229;111362.229;111362.584;111362.788;111362.890;111362.898;111363.122;111363.311;111363.311;111363.311;111363.420;111363.420;111363.474;111363.505;111363.527;111363.596;111363.596;111363.706;111363.706;111363.931;111363.931;111365.075;111365.075;111365.597;111365.597;111365.597;111365.616;111365.616;111365.625;111365.643;111365.643;111365.643;111365.647;111365.656;111365.656;111365.744;111365.744;111365.744;111365.745;111365.745;111365.747;111365.749;111365.749;111365.749;111365.750;111365.750;111365.751;111365.756;111365.756;111365.756;111365.757;111365.757;111365.757;111365.757;111365.757,5D,385.0
DE,1,750,8,22,6030,random,6030,110036.89302836265,112365.89895787863,2329.0059295159735,False,380.0178015744526,2.3477108619999854,-212.526 574.638;476.195 225.266;413.979 -536.863;-94.810 -603.896;-325.088 -238.496;-642.859 131.335;126.637 383.860;39.865 -132.556,nan;nan;nan;nan;nan;nan;nan;nan;nan;nan;nan;nan;nan;nan;nan;nan;nan;nan;nan;nan;nan;nan;nan;nan;nan;nan;nan;nan;nan;nan;nan;nan;nan;nan;nan;nan;nan;nan;nan;nan;nan;nan;nan;nan;nan;nan;nan;nan;nan;nan;nan;nan;nan;nan;nan;nan;nan;nan;nan;nan;nan;nan;nan;nan;nan;nan;nan;nan;nan;nan;nan;nan;nan;nan;nan;nan;nan;nan;nan;nan;nan;nan;nan;nan;nan;nan;nan;nan;nan;nan;nan;nan;nan;nan;nan;nan;nan;nan;nan;nan;nan;nan;nan;nan;nan;nan;nan;nan;nan;nan;nan;nan;nan;nan;nan;nan;nan;nan;nan;nan;nan;nan;nan;nan;nan;nan;nan;nan;nan;nan;nan;nan;nan;nan;nan;nan;nan;nan;nan;nan;nan;nan;nan;nan;nan;nan;nan;nan;nan;nan;nan;nan;nan;nan;nan;nan;nan;nan;nan;nan;nan;nan;nan;nan;nan;nan;nan;nan;nan;nan;nan;nan;nan;nan;nan;nan;nan;nan;nan;nan;nan;nan;nan;nan;nan;nan;nan;nan;nan;nan;nan;nan;nan;nan;nan;nan;nan;nan;nan;nan;nan,5D,385.0
PSOBV,2,750,8,2,6030,random,6030,56954.52480371441,58523.02715747732,1568.5023537629095,True,475.2264563546228,1.7765011920000688,747.847 -49.176;451.993 -421.078;-585.664 467.500;-98.977 -742.749;599.068 451.023;44.298 679.556;214.859 55.862;-417.712 -148.595,nan;nan;nan;nan;nan;nan;nan;nan;nan;nan;nan;nan;nan;nan;nan;nan;nan;nan;nan;nan;nan;nan;nan;nan;nan;nan;nan;nan;nan;nan;nan;nan;nan;nan;55836.744;55836.744;55836.744;56201.612;56201.612;56205.842;56205.842;56205.842;56205.842;56206.071;56206.071;56207.712;56207.712;56207.712;56227.864;56227.864;56227.864;56276.213;56276.213;56276.213;56276.213;56276.213;56276.213;56276.213;56276.213;56466.617;56466.617;56466.617;56559.351;56559.351;56559.351;56559.351;56559.351;56559.351;56559.351;56559.351;56560.345;56560.345;56587.478;56587.478;56587.478;56587.478;56587.478;56587.478;56587.478;56587.478;56587.478;56587.478;56589.642;56589.642;56590.026;56590.026;56607.285;56607.285;56607.285;56607.285;56607.285;56607.285;56607.285;56607.285;56612.470;56612.470;56730.035;56730.035;56730.666;56730.666;56731.989;56754.046;56773.569;56773.569;56777.962;56789.133;56793.676;56793.676;56795.598;56797.791;56798.789;56798.789;56799.677;56799.677;56801.056;56801.544;56801.827;56801.961;56801.961;56803.123;56803.809;56803.874;56803.981;56803.981;56804.663;56804.959;56805.317;56805.659;56806.001;56806.342;56807.511;56807.511;56808.088;56808.132;56808.165;56808.165;56808.165;56808.165;56808.165;56808.165;56808.165;56808.165;56808.165;56808.165;56808.165;56808.165;56808.165;56808.165;56811.871;56817.504;56821.830;56826.561;56830.582;56834.436;56834.945;56836.436;56838.313;56851.584;56856.168;56868.223;56870.256;56881.756;56892.782;56917.691;56918.179;56919.596;56924.308;56924.776;56924.776;56927.812;56930.483;56930.900;56933.108;56933.314;56935.321;56939.241;56940.734;56943.329;56943.329;56944.637;56945.937;56945.937;56947.878;56948.528;56949.814;56950.361;56951.007;56951.651;56952.385;56953.115;56953.115;56953.115;56953.649;56954.288;56954.434;56954.525;56954.525;56954.525;56954.525;56954.525;56954.525,6D,462.0
SSABV,2,750,8,12,6030,random,6030,57191.23799735459,58523.02715747732,1331.7891601227311,True,546.482614144674,1.8189984470000127,593.007 -458.458;-92.587 -67.393;30.308 -748.806;-475.780 -478.854;217.686 526.060;-741.914 -1.553;630.034 122.733;-471.841 582.531,nan;nan;nan;nan;nan;nan;nan;nan;nan;nan;nan;nan;nan;nan;nan;nan;nan;nan;nan;nan;nan;nan;nan;nan;nan;nan;nan;nan;nan;nan;nan;nan;nan;nan;nan;nan;nan;nan;nan;nan;nan;nan;nan;nan;55842.090;56112.870;56432.325;56516.592;56631.327;56631.327;56631.327;56642.284;56642.284;56807.879;56807.879;56807.879;56807.879;56813.294;56821.966;56824.548;56824.548;56824.548;56824.952;56826.856;56829.102;56831.942;56833.470;56834.430;56834.628;56835.376;56835.874;56836.778;56837.411;56837.783;56838.123;56838.497;56838.803;56838.942;56839.090;56839.252;56839.317;56839.378;56839.410;56839.464;56839.494;56839.512;56839.524;56839.544;56839.556;56839.562;56839.565;56839.569;56839.572;56839.575;56839.577;56839.579;56839.579;56839.580;56839.581;56839.581;56839.581;56864.077;56882.075;56904.388;56952.036;57039.001;57039.001;57045.347;57063.729;57063.729;57084.136;57084.136;57097.711;57099.744;57103.251;57107.309;57120.186;57123.692;57125.267;57131.783;57138.155;57138.409;57138.461;57141.265;57144.962;57145.121;57146.632;57152.843;57158.761;57158.919;57158.945;57160.556;57160.556;57162.079;57162.822;57165.808;57168.763;57168.781;57171.363;57171.567;57173.934;57174.138;57175.716;57175.755;57175.755;57175.763;57175.765;57177.542;57179.303;57180.027;57182.889;57185.721;57186.437;57186.437;57186.859;57187.566;57188.969;57188.969;57188.969;57188.970;57189.668;57189.845;57190.542;57191.237;57191.238;57191.238;57191.238;57191.238;57191.238;57191.238;57191.238;57191.238;57191.238;57191.238;57191.238;57191.238;57191.238;57191.238;57191.238;57191.238;57191.238;57191.238;57191.238;57191.238;57191.238;57191.238;57191.238;57191.238;57191.238;57191.238;57191.238;57191.238;57191.238;57191.238;57191.238;57191.238;57191.238;57191.238;57191.238;57191.238;57191.238,6D,462.0
RSDVNS,2,750,8,22,6030,random,6030,57295.51433670236,58523.02715747732,1227.5128207749585,True,472.3837200576407,1.8332103630000347,-708.228 -246.261;445.447 203.707;-324.084 675.899;308.721 670.367;-524.397 188.885;-339.088 -668.879;-0.962 -247.034;692.538 -285.454,nan;nan;nan;nan;nan;nan;nan;nan;nan;nan;nan;nan;nan;nan;nan;nan;nan;nan;nan;nan;nan;nan;nan;nan;nan;nan;nan;nan;nan;nan;nan;nan;nan;56436.973;56436.973;56436.973;56436.973;56436.973;56436.973;56436.973;56436.973;56436.973;56436.973;56436.973;56436.973;56436.973;56436.973;56436.973;56436.973;56436.973;56436.973;56436.973;56436.973;56436.973;56436.973;56436.973;56436.973;56436.973;56436.973;56436.973;56436.973;56436.973;56436.973;56436.973;56436.973;56436.973;56436.973;56436.973;56436.973;56436.973;56436.973;56436.973;56436.973;56436.973;56436.973;56436.973;56436.973;56436.973;56436.973;56436.973;56436.973;56436.973;56436.973;56436.973;56436.973;56436.973;56436.973;56436.973;56436.973;56436.973;56436.973;56436.973;56436.973;56436.973;56436.973;56436.973;56436.973;56436.973;56436.973;56436.973;56580.910;56894.683;56926.318;57007.034;57067.088;57111.588;57136.824;57147.286;57169.311;57187.091;57187.091;57239.271;57240.623;57252.072;57254.147;57254.147;57254.949;57259.727;57265.205;57265.346;57267.188;57268.666;57270.459;57272.218;57272.550;57272.691;57274.962;57275.627;57275.731;57277.545;57281.753;57282.418;57282.418;57284.729;57284.729;57285.565;57286.458;57286.653;57286.984;57286.984;57288.288;57289.435;57290.010;57290.455;57290.980;57291.373;57291.393;57291.999;57292.098;57292.178;57292.623;57293.140;57293.205;57293.369;57293.656;57294.008;57294.294;57294.516;57294.712;57294.794;57294.833;57294.842;57295.064;57295.175;57295.183;57295.405;57295.433;57295.514;57295.514;57295.514;57295.514;57295.514;57295.514;57295.514;57295.514;57295.514;57295.514;57295.514;57295.514;57295.514;57295.514;57295.514;57295.514;57295.514;57295.514;57295.514;57295.514;57295.514;57295.514;57295.514;57295.514;57295.514;57295.514;57295.514;57295.514;57295.514;57295.514;57295.514;57295.514;57295.514;57295.514,6D,462.0
PSOC,2,750,8,2,6030,random,6030,57210.155591226,58523.02715747732,1312.8715662513205,True,465.658618758686,1.838159910000286,740.909 -28.053;462.142 -462.156;-654.316 365.587;-4.797 -749.639;581.919 443.094;-10.892 740.343;233.829 133.786;-275.900 -43.666,nan;nan;nan;nan;nan;nan;nan;nan;nan;nan;nan;nan;nan;nan;nan;nan;nan;nan;nan;nan;nan;nan;nan;nan;nan;nan;nan;nan;nan;nan;nan;nan;nan;nan;55836.744;55836.744;55836.744;56201.612;56201.612;56205.842;56205.842;56205.842;56205.842;56206.071;56206.071;56207.712;56207.712;56207.712;56227.864;56227.864;56227.864;56276.213;56276.213;56276.213;56276.213;56276.213;56276.213;56276.213;56276.213;56466.617;56466.617;56466.617;56559.351;56559.351;56559.351;56559.351;56559.351;56559.351;56559.351;56559.351;56560.345;56560.345;56587.478;56587.478;56587.478;56587.478;56587.478;56587.478;56587.478;56587.478;56587.478;56587.478;56589.642;56589.642;56590.026;56590.026;56607.285;56607.285;56607.285;56607.285;56607.285;56607.285;56607.285;56607.285;56612.470;56612.470;56730.035;56730.035;56730.666;56730.666;56731.989;56731.989;56731.989;56733.748;56748.904;56748.904;56748.904;56748.904;56748.904;56748.904;56751.859;56756.413;56756.413;56775.723;56775.723;56776.377;56776.377;56780.605;56780.605;56780.605;56780.605;56780.605;56794.591;56936.669;56936.669;56980.463;56980.463;56980.463;57016.428;57017.934;57017.934;57017.934;57017.934;57017.934;57019.910;57019.910;57027.887;57028.329;57028.329;57028.799;57028.799;57031.083;57031.083;57031.083;57031.083;57031.083;57031.083;57031.083;57031.083;57031.083;57032.349;57037.880;57037.880;57037.880;57037.880;57037.880;57037.880;57037.880;57037.880;57037.880;57038.779;57044.954;57044.954;57044.954;57049.614;57049.614;57053.184;57054.355;57054.991;57055.447;57055.774;57059.397;57059.397;57060.037;57060.037;57060.037;57060.037;57062.452;57069.113;57069.113;57153.936;57153.936;57153.936;57153.936;57153.936;57153.936;57153.936;57158.030;57158.030;57209.152;57209.152;57210.156;57210.156;57210.156;57210.156;57210.156;57210.156;57210.156;57210.156;57210.156;57210.156,6D,462.0
SSA,2,750,8,12,6030,random,6030,56539.93882438807,58523.02715747732,1983.0883330892539,True,474.0191201080328,1.8877608089997011,521.175 539.329;79.543 257.233;530.884 -14.644;518.200 -488.493;-642.706 280.706;-6.063 -339.834;-190.693 700.547;-519.935 -282.870,nan;nan;nan;nan;nan;nan;nan;nan;nan;nan;nan;nan;nan;nan;nan;nan;nan;nan;nan;nan;nan;nan;nan;nan;nan;nan;nan;nan;nan;nan;nan;nan;nan;nan;nan;nan;nan;nan;nan;nan;nan;nan;nan;nan;nan;nan;nan;nan;nan;nan;nan;nan;nan;nan;nan;nan;nan;nan;nan;nan;nan;nan;nan;nan;nan;nan;nan;nan;nan;nan;nan;nan;nan;nan;nan;nan;nan;nan;nan;nan;nan;nan;nan;nan;nan;nan;55684.997;56287.670;56287.670;56287.670;56287.670;56287.670;56291.167;56291.167;56340.055;56340.055;56340.055;56340.055;56340.055;56340.055;56340.055;56340.055;56342.101;56350.792;56350.792;56350.792;56381.224;56403.912;56430.604;56430.604;56430.604;56434.564;56434.564;56434.564;56439.439;56439.439;56439.439;56478.397;56493.040;56493.040;56499.037;56504.252;56505.368;56507.098;56513.009;56514.687;56516.876;56521.288;56524.276;56525.018;56527.798;56529.499;56529.876;56530.749;56532.160;56533.807;56535.001;56535.524;56535.524;56535.524;56535.830;56536.332;56536.594;56536.594;56536.973;56537.037;56537.416;56537.487;56537.889;56538.131;56538.337;56538.584;56538.704;56538.859;56538.942;56539.031;56539.159;56539.286;56539.387;56539.407;56539.470;56539.555;56539.593;56539.631;56539.667;56539.713;56539.759;56539.788;56539.815;56539.825;56539.825;56539.841;56539.853;56539.863;56539.873;56539.882;56539.893;56539.901;56539.904;56539.909;56539.914;56539.917;56539.919;56539.922;56539.924;56539.926;56539.928;56539.930;56539.931;56539.933;56539.933;56539.934;56539.936;56539.936;56539.936;56539.937;56539.937;56539.938;56539.938;56539.938;56539.939,6D,462.0
LXSSA,2,750,8,22,6030,random,6030,56313.77819525775,58523.02715747732,2209.2489622195717,False,425.22477553336944,2.7143716249993304,90.020 159.428;-712.242 234.588;-85.322 745.131;-5.972 -611.013;-310.303 373.373;379.115 599.941;530.503 124.509;-580.980 -208.380,nan;nan;nan;nan;nan;nan;nan;nan;nan;nan;nan;nan;nan;nan;nan;nan;nan;nan;nan;nan;nan;nan;nan;nan;nan;nan;nan;nan;nan;nan;nan;nan;nan;nan;nan;nan;nan;nan;nan;nan;nan;nan;nan;nan;nan;nan;nan;nan;nan;nan;nan;nan;nan;nan;nan;nan;nan;nan;nan;nan;nan;nan;nan;nan;nan;nan;nan;nan;nan;nan;nan;nan;nan;nan;nan;nan;nan;nan;nan;nan;nan;nan;nan;nan;nan;nan;nan;nan;nan;nan;nan;nan;nan;nan;nan;nan;nan;nan;nan;nan;nan;nan;nan;nan;nan;nan;nan;nan;nan;nan;nan;nan;nan;nan;nan;nan;nan;nan;nan;nan;nan;nan;nan;nan;nan;nan;nan;nan;nan;nan;nan;nan;nan;nan;nan;nan;nan;nan;nan;nan;nan;nan;nan;nan;nan;nan;nan;nan;nan;nan;nan;nan;nan;nan;nan;nan;nan;nan;nan;nan;nan;nan;nan;nan;nan;nan;nan;nan;nan;nan;nan;nan;nan;nan;nan;nan;nan;nan;nan;nan;nan;nan;nan;nan;nan;nan;nan;nan;nan;nan;nan;nan;nan;nan;nan;nan;nan;nan;nan;nan;nan,6D,462.0
SLSQP,2,750,8,2,6030,random,6030,57117.35283477297,58523.02715747732,1405.674322704348,True,479.55520499406157,3.5297440610002013,749.497 -27.457;110.961 -735.077;-588.952 464.326;539.883 -520.602;568.916 488.214;-134.619 -277.907;-102.192 668.176;208.247 86.599,nan;nan;nan;nan;nan;nan;nan;nan;56676.583;56679.355;56688.096;56694.791;56695.727;56703.815;56703.984;56755.719;56755.723;56755.727;56756.012;56757.336;56757.656;56815.660;56816.505;56816.505;56816.505;56816.505;56816.505;56816.505;56816.505;56816.505;56816.505;56816.505;56816.505;56816.505;56816.505;56816.505;56816.505;56816.505;56816.505;56816.505;56816.505;56816.505;56816.505;56816.505;56816.505;57007.149;57007.658;57117.353;57117.353;57117.353;57117.353;57117.353;57117.353;57117.353;57117.353;57117.353;57117.353;57117.353;57117.353;57117.353;57117.353;57117.353;57117.353;57117.353;57117.353;57117.353;57117.353;57117.353;57117.353;57117.353;57117.353;57117.353;57117.353;57117.353;57117.353;57117.353;57117.353;57117.353;57117.353;57117.353;57117.353;57117.353;57117.353;57117.353;57117.353;57117.353;57117.353;57117.353;57117.353;57117.353;57117.353;57117.353;57117.353;57117.353;57117.353;57117.353;57117.353;57117.353;57117.353;57117.353;57117.353;57117.353;57117.353;57117.353;57117.353;57117.353;57117.353;57117.353;57117.353;57117.353;57117.353;57117.353;57117.353;57117.353;57117.353;57117.353;57117.353;57117.353;57117.353;57117.353;57117.353;57117.353;57117.353;57117.353;57117.353;57117.353;57117.353;57117.353;57117.353;57117.353;57117.353;57117.353;57117.353;57117.353;57117.353;57117.353;57117.353;57117.353;57117.353;57117.353;57117.353;57117.353;57117.353;57117.353;57117.353;57117.353;57117.353;57117.353;57117.353;57117.353;57117.353;57117.353;57117.353;57117.353;57117.353;57117.353;57117.353;57117.353;57117.353;57117.353;57117.353;57117.353;57117.353;57117.353;57117.353;57117.353;57117.353;57117.353;57117.353;57117.353;57117.353;57117.353;57117.353;57117.353;57117.353;57117.353;57117.353;57117.353;57117.353;57117.353;57117.353;57117.353;57117.353;57117.353;57117.353;57117.353;57117.353;57117.353;57117.353;57117.353;57117.353;57117.353;57117.353;57117.353;57117.353;57117.353;57117.353;57117.353;57117.353;57117.353;57117.353,5D,385.0
PSOBV,2,750,8,12,6030,random,6030,57226.77609215727,58523.02715747732,1296.2510653200516,True,431.98647574381033,2.2101175210000292,690.814 245.354;381.650 588.490;476.086 -168.727;187.079 -693.750;-451.332 375.218;-727.170 -167.734;-182.386 713.272;-185.702 18.782,nan;nan;nan;nan;nan;nan;nan;nan;nan;nan;nan;nan;nan;nan;nan;nan;nan;nan;nan;56028.133;56028.133;56028.133;56028.133;56028.133;56028.133;56028.133;56028.133;56028.133;56028.133;56028.133;56028.133;56028.133;56310.458;56310.458;56310.458;56310.458;56310.458;56310.458;56365.845;56365.845;56454.438;56454.438;56454.438;56454.438;56454.438;56454.438;56454.438;56454.438;56460.333;56460.333;56460.333;56634.253;56656.792;56765.924;56765.924;56765.924;56765.924;56765.924;56765.924;56765.924;56765.924;56765.924;56765.924;56904.742;56904.742;56904.742;56904.742;56904.742;56904.742;56904.742;56904.742;56904.742;56904.742;56904.742;56904.742;56904.742;56904.742;56904.742;56904.742;56904.742;57112.332;57112.332;57112.332;57112.332;57115.226;57115.226;57115.226;57129.358;57129.358;57137.632;57138.628;57138.628;57144.027;57144.027;57144.027;57144.027;57147.245;57147.245;57147.245;57147.245;57147.245;57152.977;57158.345;57163.525;57164.691;57164.691;57165.356;57165.356;57169.471;57172.905;57172.905;57173.919;57179.069;57183.076;57186.972;57186.972;57187.495;57187.495;57189.403;57191.073;57191.627;57192.707;57194.367;57194.956;57196.595;57197.148;57197.148;57197.650;57198.504;57200.388;57202.246;57202.691;57204.523;57206.330;57206.906;57207.453;57207.887;57209.669;57211.425;57211.999;57212.540;57212.800;57212.964;57213.737;57214.501;57214.762;57215.575;57215.575;57216.302;57217.112;57217.643;57218.059;57218.934;57219.310;57219.595;57219.863;57220.126;57220.126;57220.373;57220.581;57220.955;57221.328;57221.328;57221.591;57221.798;57221.983;57222.168;57222.312;57222.443;57222.443;57222.443;57222.443;57222.443;57222.443;57222.443;57222.443;57222.443;57222.443;57222.443;57222.443;57222.443;57222.443;57222.443;57222.443;57222.443;57222.443;57222.443;57222.443;57222.443;57222.443;57222.443;57222.443;57222.443;57222.443;57222.443;57222.443;57222.443;57222.443;57223.263;57225.039;57226.776,5D,385.0
SSABV,2,750,8,22,6030,random,6030,57161.67297367376,58523.02715747732,1361.3541838035599,True,385.5508627632163,1.7838853419998486,566.949 -488.666;-165.533 731.228;464.429 369.863;69.348 -746.370;-593.268 -207.207;-212.171 319.289;258.118 -201.178;-218.727 -490.124,nan;nan;nan;nan;nan;nan;nan;nan;nan;nan;nan;nan;nan;nan;nan;nan;nan;nan;nan;nan;nan;nan;nan;nan;nan;nan;nan;nan;nan;nan;nan;nan;nan;nan;nan;55829.554;55829.554;55829.554;56040.209;56040.209;56040.209;56209.160;56209.160;56209.160;56209.160;56209.160;56394.248;56489.989;56489.989;56673.759;56673.759;56673.759;56829.716;56829.716;56851.536;56851.536;56929.201;56929.201;56929.201;56932.775;56941.649;56941.649;56941.649;56944.249;56944.249;56945.151;56947.066;56948.135;56950.045;56950.848;56951.538;56952.222;56952.797;56953.221;56953.552;56953.742;56954.018;56954.124;56954.202;56954.344;56954.453;56954.524;56954.577;56954.596;56954.627;56954.645;56954.664;56954.673;56954.683;56954.689;56954.692;56954.696;56954.697;56954.699;56954.701;56954.702;56954.703;56954.704;56954.704;56954.704;56954.705;56981.896;56995.673;57000.878;57005.689;57005.689;57005.689;57007.144;57008.214;57018.841;57019.785;57021.551;57040.758;57043.303;57045.908;57047.671;57053.576;57151.458;57151.894;57152.160;57152.160;57152.160;57153.910;57154.322;57154.442;57155.592;57155.937;57156.660;57157.006;57157.649;57158.427;57158.518;57158.601;57159.664;57159.737;57159.795;57159.795;57160.367;57160.477;57161.047;57161.616;57161.616;57161.645;57161.673;57161.673;57161.673;57161.673;57161.673;57161.673;57161.673;57161.673;57161.673;57161.673;57161.673;57161.673;57161.673;57161.673;57161.673;57161.673;57161.673;57161.673;57161.673;57161.673;57161.673;57161.673;57161.673;57161.673;57161.673;57161.673;57161.673;57161.673;57161.673;57161.673;57161.673;57161.673;57161.673;57161.673;57161.673;57161.673;57161.673;57161.673;57161.673;57161.673;57161.673;57161.673;57161.673;57161.673;57161.673;57161.673;57161.673;57161.673;57161.673;57161.673;57161.673;57161.673;57161.673;57161.673;57161.673;57161.673;57161.673;57161.673,5D,385.0
BVNS,2,750,8,2,6030,random,6030,57269.65813034753,58523.02715747732,1253.3690271297892,True,412.95365435619823,1.726958048000597,646.853 -58.870;-55.775 -739.509;-579.019 475.571;552.108 -504.795;553.054 500.598;-146.990 -278.661;-25.465 731.250;274.140 196.068,nan;nan;nan;nan;nan;nan;nan;nan;nan;nan;nan;nan;nan;nan;nan;nan;nan;nan;nan;nan;nan;nan;nan;nan;nan;nan;nan;nan;55453.670;55453.670;55894.699;56087.047;56225.388;56289.573;56296.603;56315.239;56333.085;56344.098;56360.195;56367.606;56375.392;56469.758;56487.414;56497.730;56507.645;56510.488;56510.488;56511.849;56528.729;56544.918;56554.266;56574.987;56579.711;56579.711;56589.621;56605.267;56620.290;56647.561;56647.561;56648.295;56648.887;56663.161;56777.674;56801.589;56801.589;56806.897;56811.040;56812.596;56816.377;56816.377;56816.579;56817.329;56819.952;56819.952;56821.785;56822.801;56823.880;56824.790;56825.172;56825.729;56826.627;56827.692;56828.697;56829.585;56830.585;56831.517;56832.515;56833.509;56834.500;56835.486;56836.469;56837.333;56838.310;56839.164;56839.652;56840.137;56841.105;56842.070;56842.912;56843.872;56844.828;56845.658;56846.609;56847.557;56848.377;56849.319;56850.258;56851.068;56852.002;56852.379;56853.310;56853.310;56853.346;56853.346;56853.747;56854.211;56854.674;56854.674;56854.674;56854.674;56854.674;56854.674;56854.674;56854.674;56854.674;56854.674;56854.674;56854.674;56854.674;56862.318;56862.318;56895.321;56895.463;56895.463;56900.278;56905.807;56905.807;56909.048;56911.626;56912.740;56912.740;56913.837;56914.356;56917.077;56918.684;56919.965;56921.055;56923.767;56926.064;56928.353;56930.625;56931.049;56931.049;56931.842;56933.179;56933.976;56934.507;56935.556;56936.681;56936.750;56936.956;56937.159;56937.159;56937.834;56938.395;56939.058;56939.452;56939.551;56939.650;56939.650;56939.650;56939.650;56939.650;56939.650;56939.650;56939.650;56939.650;56939.650;57050.094;57131.644;57150.822;57168.482;57171.872;57187.335;57192.185;57192.185;57197.066;57199.260;57222.139;57222.139;57243.894;57250.256;57255.412;57256.313;57257.043;57259.990;57259.990;57262.197;57262.977;57264.960;57269.658,5D,385.0
PSOC,2,750,8,12,6030,random,6030,57341.042507939215,58523.02715747732,1181.9846495381062,True,416.8577891006714,1.8031545949997962,669.559 195.353;372.706 539.832;500.446 -442.555;-117.008 -728.739;-390.115 335.854;-741.311 -101.526;-205.732 709.717;-204.809 -37.960,nan;nan;nan;nan;nan;nan;nan;nan;nan;nan;nan;nan;nan;nan;nan;nan;nan;nan;nan;56028.133;56028.133;56028.133;56028.133;56028.133;56028.133;56028.133;56028.133;56028.133;56028.133;56028.133;56028.133;56028.133;56310.458;56310.458;56310.458;56310.458;56310.458;56310.458;56365.845;56365.845;56454.438;56454.438;56454.438;56454.438;56454.438;56454.438;56454.438;56454.438;56460.333;56460.333;56460.333;56634.253;56656.792;56765.924;56765.924;56765.924;56765.924;56765.924;56765.924;56765.924;56765.924;56765.924;56765.924;56904.742;56904.742;56904.742;56904.742;56904.742;56904.742;56904.742;56904.742;56904.742;56904.742;56904.742;56904.742;56904.742;56904.742;56904.742;56904.742;56904.742;57112.332;57112.332;57112.332;57112.332;57115.226;57115.226;57115.226;57129.358;57129.358;57137.632;57138.628;57138.628;57144.027;57144.027;57144.027;57144.027;57147.245;57147.245;57147.245;57147.245;57147.245;57147.245;57147.245;57147.782;57147.782;57148.668;57150.070;57162.138;57162.138;57162.138;57162.138;57180.449;57180.449;57180.449;57180.449;57180.449;57181.398;57181.398;57181.398;57181.398;57181.398;57181.398;57181.398;57181.398;57181.398;57181.398;57181.398;57181.398;57181.398;57181.398;57210.377;57210.377;57210.377;57210.377;57210.377;57210.377;57210.377;57210.377;57210.377;57210.377;57298.581;57298.581;57298.581;57298.581;57298.581;57298.581;57298.581;57298.581;57298.581;57298.581;57298.581;57298.581;57298.581;57298.581;57298.581;57298.581;57298.581;57298.581;57298.581;57298.581;57298.581;57300.447;57303.047;57303.047;57303.420;57308.689;57308.729;57311.025;57311.025;57311.025;57311.025;57311.025;57312.590;57312.590;57312.590;57312.590;57314.052;57314.052;57314.052;57314.052;57314.052;57314.052;57316.145;57316.145;57316.600;57316.600;57317.528;57317.528;57317.528;57341.043;57341.043;57341.043;57341.043;57341.043;57341.043;57341.043;57341.043;57341.043;57341.043;57341.043;57341.043,5D,385.0
SSA,2,750,8,22,6030,random,6030,57317.35701470508,58523.02715747732,1205.6701427722437,True,389.80262786960344,1.8091437869998117,559.556 85.771;532.691 474.646;-213.281 670.475;71.238 -700.885;-624.610 -300.170;212.659 -296.780;649.668 -321.655;-374.339 242.040,nan;nan;nan;nan;nan;nan;nan;nan;nan;nan;nan;nan;nan;nan;nan;nan;nan;nan;nan;nan;nan;nan;nan;nan;nan;nan;nan;nan;nan;nan;nan;nan;55915.895;55915.895;55915.895;55915.895;55915.895;55915.895;55915.895;55915.895;55915.895;55915.895;55915.895;55915.895;55915.895;55915.895;55915.895;55915.895;55915.895;55915.895;55915.895;55915.895;55915.895;55915.895;55915.895;55915.895;55915.895;55915.895;55915.895;55915.895;55915.895;55915.895;55915.895;56160.545;56160.545;56160.545;56160.545;56160.545;56160.545;56365.392;56365.392;56365.392;56365.392;56365.392;56365.392;56365.392;56365.392;56365.392;56365.392;56365.392;56365.392;56365.392;56365.392;56365.392;56625.060;56625.060;56625.060;56625.060;56625.060;56726.362;56726.362;56726.362;56726.362;56766.595;56907.668;56907.668;56907.668;56907.668;56907.668;56907.668;56907.668;57063.721;57063.721;57063.721;57063.721;57063.721;57063.721;57063.721;57069.556;57127.315;57131.900;57168.069;57168.069;57168.069;57228.430;57228.430;57262.510;57262.510;57266.001;57266.001;57273.585;57279.139;57280.609;57283.938;57288.788;57291.515;57291.625;57292.085;57295.045;57296.132;57298.636;57301.248;57303.131;57305.991;57307.102;57307.827;57308.628;57308.628;57309.030;57310.149;57311.070;57311.712;57312.124;57312.709;57313.480;57314.034;57314.541;57314.871;57315.227;57315.536;57315.709;57315.882;57316.076;57316.187;57316.301;57316.417;57316.547;57316.643;57316.760;57316.848;57316.898;57316.965;57317.008;57317.051;57317.093;57317.126;57317.140;57317.162;57317.188;57317.209;57317.225;57317.237;57317.254;57317.270;57317.290;57317.297;57317.305;57317.313;57317.320;57317.324;57317.329;57317.333;57317.337;57317.340;57317.342;57317.344;57317.347;57317.349;57317.350;57317.351;57317.353;57317.354;57317.354;57317.355;57317.355;57317.356;57317.356;57317.356;57317.357;57317.357;57317.357,5D,385.0
DE,2,750,8,2,6030,random,6030,55634.524363992976,58523.02715747732,2888.5027934843456,False,325.3747469358044,2.2317443210004058,67.680 -662.750;460.322 -381.758;68.323 384.875;-556.980 -493.262;-206.444 115.097;-425.535 -195.620;-437.995 484.494;448.951 162.665,nan;nan;nan;nan;nan;nan;nan;nan;nan;nan;nan;nan;nan;nan;nan;nan;nan;nan;nan;nan;nan;nan;nan;nan;nan;nan;nan;nan;nan;nan;nan;nan;nan;nan;nan;nan;nan;nan;nan;nan;nan;nan;nan;nan;nan;nan;nan;nan;nan;nan;nan;nan;nan;nan;nan;nan;nan;nan;nan;nan;nan;nan;nan;nan;nan;nan;nan;nan;nan;nan;nan;nan;nan;nan;nan;nan;nan;nan;nan;nan;nan;nan;nan;nan;nan;nan;nan;nan;nan;nan;nan;nan;nan;nan;nan;nan;nan;nan;nan;nan;nan;nan;nan;nan;nan;nan;nan;nan;nan;nan;nan;nan;nan;nan;nan;nan;nan;nan;nan;nan;nan;nan;nan;nan;nan;nan;nan;nan;nan;nan;nan;nan;nan;nan;nan;nan;nan;nan;nan;nan;nan;nan;nan;nan;nan;nan;nan;nan;nan;nan;nan;nan;nan;nan;nan;nan;nan;nan;nan;nan;nan;nan;nan;nan;nan;nan;nan;nan;nan;nan;nan;nan;nan;nan;nan;nan;nan;nan;nan;nan;nan;nan;nan;nan;nan;nan;nan;nan;nan;nan;nan;nan;nan;nan;nan;nan;nan;nan;nan;nan;nan,5D,385.0
SLSQP,1,500,6,12,6030,random,6030,83961.43058570434,84274.42421840897,312.9936327046307,True,462.29392760968705,2.214226934999715,-161.933 -473.048;-499.988 -2.379;491.058 94.137;-161.524 470.042;5.761 39.076;314.908 -387.394,nan;nan;nan;82617.616;82617.616;82617.616;82617.616;82617.616;82617.616;82617.616;82617.616;82617.616;82617.616;82617.616;82617.616;82617.616;82617.616;82617.616;82617.616;82617.616;82617.616;82617.616;82617.616;82617.616;82617.616;82617.616;83624.556;83626.388;83626.400;83626.407;83626.413;83626.427;83626.427;83626.427;83626.427;83626.427;83626.427;83626.427;83626.427;83626.427;83626.427;83626.427;83626.427;83626.427;83626.427;83626.427;83626.427;83626.427;83626.427;83626.427;83626.427;83626.427;83626.427;83626.427;83626.427;83626.427;83626.427;83626.427;83626.427;83626.427;83626.427;83626.427;83626.427;83626.427;83626.427;83626.427;83626.427;83626.427;83626.427;83626.427;83626.427;83626.427;83626.427;83626.427;83626.427;83626.427;83649.748;83649.791;83650.603;83650.618;83650.630;83650.822;83650.822;83651.611;83651.611;83651.611;83651.611;83651.611;83651.611;83651.611;83651.611;83651.611;83651.611;83678.933;83680.950;83680.954;83680.959;83680.967;83680.967;83680.967;83680.985;83681.003;83681.003;83681.005;83681.010;83681.016;83681.024;83681.032;83681.037;83681.040;83681.076;83681.078;83681.084;83681.087;83681.093;83681.097;83681.506;83681.506;83681.506;83681.506;83681.506;83681.506;83681.506;83681.506;83681.506;83681.506;83681.506;83681.506;83681.506;83681.506;83681.506;83681.506;83755.612;83755.612;83755.612;83755.612;83929.100;83935.505;83935.661;83935.661;83935.661;83935.661;83935.661;83935.661;83935.661;83935.661;83935.661;83935.661;83935.661;83935.661;83935.661;83935.661;83935.661;83935.661;83935.661;83961.422;83961.422;83961.422;83961.422;83961.422;83961.422;83961.422;83961.422;83961.422;83961.422;83961.422;83961.422;83961.422;83961.422;83961.422;83961.422;83961.422;83961.422;83961.422;83961.422;83961.429;83961.430;83961.430;83961.430;83961.431;83961.431;83961.431;83961.431;83961.431;83961.431;83961.431;83961.431;83961.431;83961.431;83961.431;83961.431;83961.431;83961.431;83961.431;83961.431;83961.431;83961.431;83961.431;83961.431;83961.431;83961.431,6D,462.0
PSOBV,1,500,6,22,6030,random,6030,83123.20410972834,84274.42421840897,1151.2201086806308,True,462.9486349303609,1.5930514259998745,107.140 466.667;207.147 -455.070;-350.065 356.958;-384.561 -319.134;-33.489 -17.357;456.597 148.668,nan;nan;nan;nan;nan;nan;nan;nan;nan;nan;nan;nan;nan;nan;nan;nan;nan;nan;nan;nan;nan;nan;nan;nan;nan;nan;nan;nan;nan;nan;nan;nan;nan;nan;nan;nan;nan;nan;nan;nan;nan;nan;nan;nan;nan;nan;nan;nan;nan;nan;nan;nan;nan;nan;nan;nan;81320.523;81320.523;82535.310;82535.310;82535.310;82535.310;82535.310;82535.310;82565.070;82581.171;82581.171;82618.849;82618.849;82620.893;82625.078;82625.078;82629.318;82630.346;82659.877;82659.877;82659.877;82659.877;82659.877;82666.872;82666.872;82668.730;82668.730;82669.819;82669.819;82669.819;82669.819;82669.819;82669.819;82673.497;82673.497;82673.497;82673.497;82698.109;82698.109;82698.109;82698.109;82698.109;82698.109;82698.109;82698.552;82706.991;82726.515;82726.515;82728.233;82729.213;82733.917;82738.620;82738.620;82739.328;82739.751;82739.751;82740.170;82741.432;82742.586;82743.732;82743.941;82744.070;82744.648;82745.218;82745.218;82745.218;82745.218;82745.218;82745.218;82745.218;82745.218;82745.218;82745.218;82745.218;82745.218;82745.218;82745.218;82745.218;82745.218;82745.218;82745.218;82745.218;82745.218;82745.218;82745.218;82745.218;82745.218;82745.218;82745.218;82745.218;82745.218;82745.218;82745.218;82745.218;82745.218;82745.218;82745.218;82745.218;82745.218;82745.218;82745.218;82745.218;82745.218;82745.218;82957.162;83005.965;83048.442;83066.829;83074.738;83076.909;83081.146;83093.269;83095.285;83097.268;83097.268;83110.795;83111.227;83111.524;83114.555;83116.406;83119.415;83119.544;83119.614;83120.151;83120.684;83120.744;83121.492;83122.225;83122.685;83122.818;83123.072;83123.204;83123.204;83123.204;83123.204;83123.204;83123.204;83123.204;83123.204;83123.204;83123.204;83123.204;83123.204;83123.204;83123.204,6D,462.0
RSDVNS,1,500,6,2,6030,random,6030,83303.92384587487,84274.42421840897,970.5003725340939,True,462.45553990975344,1.7591090240002814,-244.570 -434.704;-287.932 408.055;-497.746 -46.487;182.126 465.625;181.192 -254.172;485.938 116.108,nan;nan;nan;nan;nan;nan;nan;nan;nan;nan;nan;nan;nan;nan;nan;nan;nan;nan;nan;nan;nan;nan;nan;nan;nan;nan;nan;nan;nan;nan;nan;nan;nan;nan;nan;nan;nan;nan;nan;nan;nan;nan;nan;nan;nan;nan;nan;nan;nan;nan;nan;nan;nan;nan;nan;nan;nan;nan;nan;nan;nan;nan;nan;nan;nan;nan;nan;nan;nan;nan;nan;nan;nan;nan;nan;nan;nan;nan;nan;nan;nan;nan;nan;nan;nan;nan;nan;nan;nan;nan;nan;nan;nan;nan;nan;nan;nan;nan;nan;nan;nan;nan;nan;nan;nan;nan;nan;nan;nan;nan;nan;nan;nan;nan;nan;nan;nan;nan;nan;nan;82413.232;82422.292;82459.454;82475.705;82484.784;82486.392;82488.256;82497.821;82499.733;82500.162;82500.435;82500.616;82504.163;82508.551;82509.541;82513.680;82514.528;82531.431;82531.563;82532.318;82533.228;82533.928;82534.133;82537.644;82537.766;82537.883;82540.273;82542.300;82542.875;82545.137;82545.582;82545.926;82546.125;82546.225;82548.065;82548.065;82548.934;82549.780;82549.827;82550.741;82550.768;82550.768;82550.768;82550.768;82550.768;82550.768;82550.768;82550.768;82550.768;82550.768;82550.768;82550.768;82550.768;82550.768;82550.768;82550.768;82550.768;82550.768;82550.768;82550.768;82550.768;82996.339;83020.305;83023.700;83026.158;83026.721;83027.258;83027.530;83027.815;83029.685;83031.456;83031.764;83302.261;83302.580;83303.047;83303.097;83303.370;83303.370;83303.375;83303.652;83303.924,6D,462.0
BVNS,1,500,6,12,6030,random,6030,83734.00276900448,84274.42421840897,540.4214494044863,True,481.94886016916644,1.5275112470008025,498.787 28.307;-482.045 132.059;5.869 16.943;-329.687 -375.901;167.417 -471.081;236.728 440.002,nan;nan;nan;nan;nan;nan;nan;nan;nan;nan;nan;nan;nan;nan;nan;nan;nan;nan;nan;nan;nan;nan;nan;nan;nan;nan;nan;nan;nan;nan;nan;nan;82466.052;83719.648;83722.039;83723.333;83724.903;83727.126;83727.258;83727.258;83730.169;83731.978;83732.493;83732.770;83732.913;83732.913;83733.461;83733.461;83733.720;83733.756;83733.789;83733.918;83733.982;83734.003;83734.003;83734.003;83734.003;83734.003;83734.003;83734.003;83734.003;83734.003;83734.003;83734.003;83734.003;83734.003;83734.003;83734.003;83734.003;83734.003;83734.003;83734.003;83734.003;83734.003;83734.003;83734.003;83734.003;83734.003;83734.003;83734.003;83734.003;83734.003;83734.003;83734.003;83734.003;83734.003;83734.003;83734.003;83734.003;83734.003;83734.003;83734.003;83734.003;83734.003;83734.003;83734.003;83734.003;83734.003;83734.003;83734.003;83734.003;83734.003;83734.003;83734.003;83734.003;83734.003;83734.003;83734.003;83734.003;83734.003;83734.003;83734.003;83734.003;83734.003;83734.003;83734.003;83734.003;83734.003;83734.003;83734.003;83734.003;83734.003;83734.003;83734.003;83734.003;83734.003;83734.003;83734.003;83734.003;83734.003;83734.003;83734.003;83734.003;83734.003;83734.003;83734.003;83734.003;83734.003;83734.003;83734.003;83734.003;83734.003;83734.003;83734.003;83734.003;83734.003;83734.003;83734.003;83734.003;83734.003;83734.003;83734.003;83734.003;83734.003;83734.003;83734.003;83734.003;83734.003;83734.003;83734.003;83734.003;83734.003;83734.003;83734.003;83734.003;83734.003;83734.003;83734.003;83734.003;83734.003;83734.003;83734.003;83734.003;83734.003;83734.003;83734.003;83734.003;83734.003;83734.003;83734.003;83734.003;83734.003;83734.003;83734.003;83734.003;83734.003;83734.003;83734.003;83734.003;83734.003;83734.003;83734.003;83734.003;83734.003;83734.003;83734.003;83734.003;83734.003;83734.003;83734.003;83734.003,6D,462.0
PSOC,1,500,6,22,6030,random,6030,82753.19484675486,84274.42421840897,1521.2293716541026,True,467.9324253058043,1.6766522869993423,44.677 497.864;127.273 -483.365;-386.195 315.353;-404.192 -294.148;-26.614 -9.594;436.449 94.214,nan;nan;nan;nan;nan;nan;nan;nan;nan;nan;nan;nan;nan;nan;nan;nan;nan;nan;nan;nan;nan;nan;nan;nan;nan;nan;nan;nan;nan;nan;nan;nan;nan;nan;nan;nan;nan;nan;nan;nan;nan;nan;nan;nan;nan;nan;nan;nan;nan;nan;nan;nan;nan;nan;nan;nan;81320.523;81320.523;82535.310;82535.310;82535.310;82535.310;82535.310;82535.310;82565.070;82581.171;82581.171;82618.849;82618.849;82620.893;82625.078;82625.078;82629.318;82630.346;82659.877;82659.877;82659.877;82659.877;82659.877;82666.872;82666.872;82668.730;82668.730;82669.819;82669.819;82669.819;82669.819;82669.819;82669.819;82673.497;82673.497;82673.497;82673.497;82698.109;82698.109;82698.109;82698.109;82698.109;82698.109;82698.109;82698.552;82698.552;82698.552;82702.556;82702.556;82702.556;82702.556;82702.556;82722.557;82722.557;82722.557;82722.761;82722.761;82722.761;82722.761;82722.761;82722.761;82726.701;82726.701;82726.701;82726.701;82726.701;82726.701;82726.701;82729.787;82729.787;82729.787;82729.787;82729.787;82729.787;82729.787;82731.978;82731.978;82734.605;82734.605;82735.162;82735.162;82735.162;82736.268;82736.268;82736.268;82736.268;82736.268;82736.268;82736.268;82736.268;82744.011;82744.011;82744.011;82744.011;82746.681;82746.681;82746.681;82746.681;82746.681;82746.681;82746.681;82749.431;82749.431;82749.431;82749.431;82750.452;82750.578;82750.578;82750.578;82750.578;82750.578;82750.578;82751.041;82751.146;82751.222;82751.222;82751.222;82751.222;82751.410;82751.539;82751.539;82751.637;82751.637;82751.637;82751.647;82751.701;82752.191;82752.191;82752.191;82752.595;82752.595;82752.616;82752.743;82752.743;82752.743;82752.743;82752.743;82752.743;82752.876;82752.876;82752.897;82752.897;82752.897;82752.897;82753.195,6D,462.0
LXSSA,1,500,6,2,6030,random,6030,83483.10940427583,84274.42421840897,791.314814133133,True,466.584099417718,1.6551728550002736,39.711 450.108;-3.355 -38.540;-284.603 -410.831;263.621 -424.006;428.076 157.146;-446.276 127.484,nan;nan;nan;nan;nan;nan;nan;nan;nan;nan;nan;nan;nan;nan;nan;nan;nan;nan;nan;nan;nan;nan;nan;nan;nan;nan;nan;nan;nan;nan;nan;nan;nan;nan;nan;nan;nan;nan;nan;nan;nan;nan;nan;nan;nan;nan;nan;nan;nan;nan;nan;nan;nan;nan;nan;nan;nan;nan;nan;nan;nan;nan;nan;nan;nan;nan;nan;nan;nan;nan;nan;nan;nan;nan;nan;nan;nan;nan;nan;nan;nan;nan;nan;nan;nan;nan;nan;nan;nan;nan;nan;nan;nan;nan;nan;nan;nan;nan;nan;nan;nan;nan;nan;nan;nan;nan;nan;nan;nan;nan;nan;nan;nan;nan;nan;83074.476;83074.476;83074.791;83074.791;83076.373;83088.285;83108.388;83108.388;83108.435;83109.368;83109.445;83110.636;83115.253;83115.253;83466.581;83466.581;83468.726;83468.726;83468.726;83470.494;83470.494;83471.328;83471.328;83472.028;83472.028;83472.674;83472.674;83473.017;83473.017;83473.296;83473.679;83473.679;83473.871;83474.021;83475.159;83475.159;83475.659;83475.659;83477.072;83477.072;83477.527;83477.527;83477.527;83477.589;83477.625;83477.625;83477.686;83477.686;83478.486;83478.486;83479.455;83479.455;83479.739;83479.739;83482.177;83482.177;83482.177;83482.184;83482.184;83482.190;83483.088;83483.088;83483.088;83483.094;83483.094;83483.096;83483.096;83483.098;83483.101;83483.101;83483.101;83483.103;83483.103;83483.104;83483.104;83483.104;83483.104;83483.105;83483.105;83483.105;83483.105;83483.105;83483.105;83483.105;83483.109;83483.109,6D,462.0
DE,1,500,6,12,6030,random,6030,81638.04789161736,84274.42421840897,2636.3763267916074,False,384.6188146176748,2.040253365999888,-425.589 -236.630;338.798 277.035;-76.721 15.632;48.656 -403.662;-296.258 368.576;303.268 -115.383,nan;nan;nan;nan;nan;nan;nan;nan;nan;nan;nan;nan;nan;nan;nan;nan;nan;nan;nan;nan;nan;nan;nan;nan;nan;nan;nan;nan;nan;nan;nan;nan;nan;nan;nan;nan;nan;nan;nan;nan;nan;nan;nan;nan;nan;nan;nan;nan;nan;nan;nan;nan;nan;nan;nan;nan;nan;nan;nan;nan;nan;nan;nan;nan;nan;nan;nan;nan;nan;nan;nan;nan;nan;nan;nan;nan;nan;nan;nan;nan;nan;nan;nan;nan;nan;nan;nan;nan;nan;nan;nan;nan;nan;nan;nan;nan;nan;nan;nan;nan;nan;nan;nan;nan;nan;nan;nan;nan;nan;nan;nan;nan;nan;nan;nan;nan;nan;nan;nan;nan;nan;nan;nan;nan;nan;nan;nan;nan;nan;nan;nan;nan;nan;nan;nan;nan;nan;nan;nan;nan;nan;nan;nan;nan;nan;nan;nan;nan;nan;nan;nan;nan;nan;nan;nan;nan;nan;nan;nan;nan;nan;nan;nan;nan;nan;nan;nan;nan;nan;nan;nan;nan;nan;nan;nan;nan;nan;nan;nan;nan;nan;nan;nan;nan;nan;nan;nan;nan;nan;nan;nan;nan;nan;nan;nan;nan;nan;nan;nan;nan;nan,6D,462.0
SLSQP,1,500,6,22,6030,random,6030,83755.16027759711,84274.42421840897,519.2639408118557,True,438.8046099448402,2.0039156060001915,-143.995 478.578;112.742 -483.396;-480.321 108.312;-300.532 -335.902;492.987 -82.819;331.158 373.702,nan;nan;82581.553;82881.519;82957.606;82970.467;82980.094;83010.502;83010.502;83010.502;83010.502;83010.502;83010.502;83010.502;83010.502;83010.502;83010.502;83010.502;83010.502;83010.502;83010.502;83010.502;83013.376;83015.602;83025.209;83025.209;83025.209;83025.209;83025.209;83025.209;83025.209;83025.209;83025.209;83025.209;83025.209;83025.209;83025.209;83025.209;83549.428;83551.547;83551.547;83551.547;83551.547;83551.547;83551.547;83551.547;83551.547;83551.547;83551.547;83551.547;83551.547;83551.547;83551.547;83551.547;83551.547;83551.547;83551.547;83551.547;83551.547;83551.547;83551.547;83551.547;83551.547;83551.547;83551.547;83551.547;83551.547;83551.547;83551.547;83551.547;83551.547;83551.547;83551.547;83551.547;83551.547;83551.547;83551.547;83551.547;83551.547;83551.547;83551.547;83551.547;83551.547;83752.137;83752.137;83752.137;83752.137;83752.137;83752.465;83752.648;83752.648;83752.648;83752.648;83754.699;83754.704;83754.716;83754.722;83754.728;83754.739;83754.743;83754.747;83754.751;83754.761;83754.766;83754.770;83754.778;83754.782;83754.782;83754.782;83754.782;83754.782;83754.782;83754.782;83755.160;83755.160;83755.160;83755.160;83755.160;83755.160;83755.160;83755.160;83755.160;83755.160;83755.160;83755.160;83755.160;83755.160;83755.160;83755.160;83755.160;83755.160;83755.160;83755.160;83755.160;83755.160;83755.160;83755.160;83755.160;83755.160;83755.160;83755.160;83755.160;83755.160;83755.160;83755.160;83755.160;83755.160;83755.160;83755.160;83755.160;83755.160;83755.160;83755.160;83755.160;83755.160;83755.160;83755.160;83755.160;83755.160;83755.160;83755.160;83755.160;83755.160;83755.160;83755.160;83755.160;83755.160;83755.160;83755.160;83755.160;83755.160;83755.160;83755.160;83755.160;83755.160;83755.160;83755.160;83755.160;83755.160;83755.160;83755.160;83755.160;83755.160;83755.160;83755.160;83755.160;83755.160;83755.160;83755.160;83755.160;83755.160;83755.160;83755.160;83755.160;83755.160;83755.160;83755.160;83755.160;83755.160;83755.160;83755.160,5D,385.0
SSABV,1,500,6,2,6030,random,6030,82775.35263644873,84274.42421840897,1499.0715819602337,True,396.8090949436819,1.6141542840005059,292.786 404.370;171.941 -468.871;-490.929 87.245;-258.655 -427.715;440.457 -176.712;-68.616 22.711,nan;nan;nan;nan;nan;nan;nan;nan;nan;nan;nan;nan;nan;nan;nan;nan;nan;nan;nan;nan;nan;nan;nan;nan;nan;nan;nan;nan;nan;nan;nan;nan;nan;nan;nan;nan;nan;nan;nan;nan;nan;nan;nan;nan;nan;nan;nan;81921.677;82201.023;82201.023;82201.023;82201.023;82213.414;82238.991;82246.696;82267.143;82314.191;82321.124;82333.856;82354.131;82354.856;82376.741;82400.542;82402.020;82408.869;82413.724;82417.778;82420.013;82424.291;82425.418;82427.338;82428.054;82429.255;82430.413;82431.215;82431.349;82431.780;82431.866;82432.237;82432.474;82432.588;82432.611;82432.704;82432.749;82432.795;82432.846;82432.865;82432.876;82432.899;82432.906;82432.918;82432.928;82432.934;82432.937;82432.940;82432.942;82432.944;82432.945;82432.946;82432.947;82432.948;82435.381;82435.728;82435.728;82436.733;82436.733;82438.860;82439.352;82448.513;82448.819;82449.661;82450.104;82455.458;82455.728;82460.428;82460.640;82460.852;82461.089;82461.299;82461.299;82461.718;82464.589;82464.806;82467.451;82467.572;82469.804;82470.012;82470.087;82470.191;82470.294;82470.501;82470.501;82470.501;82470.501;82470.501;82470.501;82470.501;82470.501;82470.501;82470.501;82470.501;82470.501;82470.501;82470.501;82470.501;82488.085;82490.135;82491.119;82491.119;82500.218;82501.431;82510.031;82510.517;82510.892;82511.121;82516.099;82516.946;82519.424;82519.604;82521.838;82521.931;82522.009;82522.065;82524.084;82524.140;82524.140;82524.140;82524.140;82568.100;82578.133;82621.370;82624.320;82626.423;82655.323;82661.865;82684.847;82690.700;82692.334;82693.715;82709.240;82721.460;82737.279;82738.095;82738.095;82739.222;82739.631;82740.018;82747.386;82748.951;82755.146;82755.683;82756.079;82763.309;82770.857;82770.857;82771.041;82771.392;82771.559;82772.331;82772.541;82775.353,5D,385.0
RSDVNS,1,500,6,12,6030,random,6030,82256.8582050012,84274.42421840897,2017.5660134077625,True,388.5832672384777,1.6604752850007571,-424.137 264.352;25.835 -495.312;371.469 -315.015;382.342 321.823;-324.648 -314.465;-106.563 488.281,nan;nan;nan;nan;nan;nan;nan;nan;nan;nan;nan;nan;nan;nan;nan;nan;nan;nan;nan;nan;nan;nan;nan;nan;nan;nan;nan;nan;nan;nan;nan;nan;nan;nan;nan;nan;nan;nan;nan;nan;nan;nan;nan;nan;nan;nan;nan;nan;nan;nan;nan;nan;nan;nan;nan;nan;nan;nan;nan;nan;nan;nan;nan;nan;nan;nan;nan;nan;nan;nan;nan;nan;nan;nan;nan;nan;nan;nan;nan;nan;nan;nan;nan;nan;nan;nan;nan;nan;nan;nan;nan;nan;nan;nan;nan;nan;nan;nan;nan;nan;nan;81345.270;81483.680;81567.317;81670.468;81717.448;81736.818;81776.842;81811.991;81813.582;81840.677;81860.781;81860.781;81864.440;81865.920;81876.004;81877.981;81886.356;81887.812;81889.767;81890.059;81894.207;81895.749;81901.413;81901.605;81905.710;81905.710;81907.754;81908.240;81908.240;81908.240;81908.240;81908.240;81908.240;81921.012;81965.451;81968.950;82009.252;82025.406;82025.406;82044.616;82061.269;82072.390;82089.896;82093.260;82095.077;82123.127;82124.680;82127.286;82140.767;82140.767;82143.679;82150.319;82150.665;82152.110;82157.242;82157.242;82160.664;82161.378;82163.905;82164.055;82164.388;82164.745;82164.745;82164.745;82164.745;82164.745;82164.745;82164.745;82164.745;82164.745;82164.745;82164.745;82164.745;82170.041;82182.433;82202.193;82205.939;82206.630;82207.526;82212.784;82217.975;82218.673;82219.866;82224.997;82225.354;82226.031;82226.540;82227.387;82228.074;82249.162;82250.390;82252.253;82252.627;82252.872;82252.872;82253.059;82253.693;82255.178;82255.800;82256.858,5D,385.0
BVNS,1,500,6,22,6030,random,6030,83309.4821909346,84274.42421840897,964.9420274743607,True,399.5430536643941,1.5584917280002628,155.058 475.000;74.911 -494.347;-387.894 314.605;-86.127 35.331;412.500 -280.645;449.195 160.372,nan;nan;nan;nan;nan;nan;nan;nan;nan;nan;nan;nan;nan;nan;82272.444;82297.379;82346.663;82383.873;82431.828;82434.382;82435.188;82435.867;82437.454;82438.754;82460.615;82460.925;82461.149;82462.068;82462.688;82462.848;82463.240;82468.694;82469.148;82474.483;82474.791;82474.868;82477.565;82477.761;82480.569;82480.723;82480.761;82480.761;82480.761;82480.761;82480.761;82480.761;82480.761;82480.761;82480.761;82480.761;82480.761;82480.761;82480.761;82480.761;82480.761;82480.761;82480.761;82480.761;82480.761;82480.761;82480.761;82480.761;82480.761;82480.761;82480.761;82480.761;82480.761;82480.761;82480.761;82480.761;82480.761;82480.761;82480.761;82480.761;82480.761;82480.761;82480.761;82480.761;82480.761;82480.761;82480.761;82480.761;82480.761;82480.761;82480.761;82480.761;82480.761;82480.761;83123.668;83186.065;83207.419;83207.419;83208.337;83209.103;83224.727;83227.412;83235.281;83242.953;83246.779;83270.264;83277.743;83285.037;83287.474;83294.957;83295.292;83295.619;83296.181;83299.414;83300.500;83303.427;83303.595;83304.203;83305.915;83306.196;83306.274;83306.578;83307.430;83307.549;83307.893;83308.702;83308.905;83309.482;83309.482;83309.482;83309.482;83309.482;83309.482;83309.482;83309.482;83309.482;83309.482;83309.482;83309.482;83309.482;83309.482;83309.482;83309.482;83309.482;83309.482;83309.482;83309.482;83309.482;83309.482;83309.482;83309.482;83309.482;83309.482;83309.482;83309.482;83309.482;83309.482;83309.482;83309.482;83309.482;83309.482;83309.482;83309.482;83309.482;83309.482;83309.482;83309.482;83309.482;83309.482;83309.482;83309.482;83309.482;83309.482;83309.482;83309.482;83309.482;83309.482;83309.482;83309.482;83309.482;83309.482;83309.482;83309.482;83309.482;83309.482;83309.482;83309.482;83309.482;83309.482;83309.482;83309.482;83309.482;83309.482;83309.482;83309.482;83309.482;83309.482;83309.482;83309.482;83309.482;83309.482;83309.482;83309.482;83309.482;83309.482;83309.482;83309.482,5D,385.0
SSA,1,500,6,2,6030,random,6030,83138.31634622633,84274.42421840897,1136.1078721826343,True,399.34832830401564,1.5994258949995128,-45.637 -233.665;-451.206 -163.656;-391.449 310.796;326.514 -378.519;126.403 340.890;439.161 88.852,nan;nan;nan;nan;nan;nan;nan;nan;nan;nan;nan;nan;nan;nan;nan;nan;nan;nan;nan;nan;nan;nan;nan;nan;nan;nan;nan;nan;nan;nan;nan;nan;nan;nan;nan;nan;nan;nan;nan;nan;nan;nan;nan;nan;nan;nan;nan;nan;nan;nan;nan;nan;nan;nan;nan;nan;nan;nan;nan;nan;nan;nan;nan;nan;nan;nan;nan;nan;nan;nan;nan;nan;nan;nan;nan;nan;nan;nan;nan;nan;82468.412;82468.412;82499.637;82499.637;82499.637;82499.637;82499.637;82499.637;82499.637;82808.111;82808.111;82808.111;82808.111;82808.111;82808.111;82808.111;82808.111;82816.807;82825.568;82825.568;82877.721;82877.721;82884.474;82962.801;83060.090;83060.090;83060.090;83070.556;83070.556;83070.556;83076.121;83078.133;83087.271;83088.656;83095.684;83095.684;83104.117;83104.712;83111.895;83114.975;83118.700;83120.456;83120.456;83121.010;83123.901;83127.882;83127.882;83129.141;83130.207;83132.384;83132.384;83132.613;83132.850;83133.274;83133.881;83133.881;83133.881;83134.471;83135.011;83135.095;83135.807;83135.807;83135.807;83135.807;83136.046;83136.046;83136.302;83136.437;83136.731;83136.909;83137.153;83137.322;83137.357;83137.432;83137.521;83137.605;83137.711;83137.782;83137.857;83137.945;83137.967;83138.019;83138.043;83138.093;83138.133;83138.155;83138.190;83138.195;83138.204;83138.220;83138.236;83138.242;83138.248;83138.267;83138.269;83138.275;83138.285;83138.286;83138.290;83138.296;83138.298;83138.301;83138.304;83138.305;83138.306;83138.307;83138.310;83138.310;83138.311;83138.312;83138.312;83138.313;83138.313;83138.314;83138.315;83138.315;83138.315;83138.316;83138.316;83138.316;83138.316,5D,385.0
LXSSA,1,500,6,12,6030,random,6030,81978.66424430691,84274.42421840897,2295.759974102053,True,400.68498313965114,1.6317368680001891,337.445 -79.262;-84.787 492.759;-254.403 -361.569;-60.245 5.134;194.055 -453.412;365.735 338.821,nan;nan;nan;nan;nan;nan;nan;nan;nan;nan;nan;nan;nan;nan;nan;nan;nan;nan;nan;nan;nan;nan;nan;nan;nan;nan;nan;nan;nan;nan;nan;nan;nan;nan;nan;nan;nan;nan;nan;nan;nan;nan;nan;nan;nan;nan;nan;nan;nan;nan;nan;nan;nan;nan;nan;nan;nan;nan;nan;nan;nan;nan;nan;nan;nan;nan;nan;nan;nan;nan;nan;nan;nan;nan;nan;nan;nan;79104.267;79104.267;80434.559;80434.559;80859.097;80859.097;81736.031;81736.031;81736.031;81736.031;81736.031;81736.031;81736.031;81736.031;81736.031;81736.031;81736.031;81736.031;81769.073;81769.073;81769.073;81769.073;81789.274;81789.274;81841.916;81841.916;81841.916;81841.916;81854.460;81904.951;81912.766;81942.865;81943.644;81943.644;81943.644;81943.644;81943.857;81943.857;81944.580;81944.580;81947.835;81947.835;81948.706;81948.706;81951.821;81958.419;81959.935;81966.823;81968.173;81968.173;81968.173;81968.173;81968.265;81971.115;81971.262;81971.262;81972.481;81972.481;81972.568;81973.307;81973.327;81974.207;81974.207;81975.075;81975.075;81975.433;81975.746;81976.634;81976.958;81976.958;81977.270;81977.270;81977.334;81977.548;81977.740;81977.755;81977.807;81977.807;81977.808;81977.859;81977.912;81977.973;81978.038;81978.151;81978.179;81978.227;81978.227;81978.238;81978.356;81978.356;81978.378;81978.378;81978.394;81978.427;81978.427;81978.427;81978.445;81978.445;81978.445;81978.462;81978.500;81978.500;81978.508;81978.508;81978.559;81978.559;81978.607;81978.607;81978.621;81978.621;81978.621;81978.625;81978.625;81978.628;81978.629;81978.630;81978.637;81978.637;81978.652;81978.652;81978.664;81978.664;81978.664;81978.664,5D,385.0
DE,1,500,6,22,6030,random,6030,81795.17091738725,84274.42421840897,2479.2533010217157,False,366.13512176760287,1.9387147779998486,273.915 -361.918;-213.342 345.615;-83.804 -439.966;163.422 326.275;57.400 -45.649;-413.299 -119.791,nan;nan;nan;nan;nan;nan;nan;nan;nan;nan;nan;nan;nan;nan;nan;nan;nan;nan;nan;nan;nan;nan;nan;nan;nan;nan;nan;nan;nan;nan;nan;nan;nan;nan;nan;nan;nan;nan;nan;nan;nan;nan;nan;nan;nan;nan;nan;nan;nan;nan;nan;nan;nan;nan;nan;nan;nan;nan;nan;nan;nan;nan;nan;nan;nan;nan;nan;nan;nan;nan;nan;nan;nan;nan;nan;nan;nan;nan;nan;nan;nan;nan;nan;nan;nan;nan;nan;nan;nan;nan;nan;nan;nan;nan;nan;nan;nan;nan;nan;nan;nan;nan;nan;nan;nan;nan;nan;nan;nan;nan;nan;nan;nan;nan;nan;nan;nan;nan;nan;nan;nan;nan;nan;nan;nan;nan;nan;nan;nan;nan;nan;nan;nan;nan;nan;nan;nan;nan;nan;nan;nan;nan;nan;nan;nan;nan;nan;nan;nan;nan;nan;nan;nan;nan;nan;nan;nan;nan;nan;nan;nan;nan;nan;nan;nan;nan;nan;nan;nan;nan;nan;nan;nan;nan;nan;nan;nan;nan;nan;nan;nan;nan;nan;nan;nan;nan;nan;nan;nan;nan;nan;nan;nan;nan;nan;nan;nan;nan;nan;nan;nan,5D,385.0
PSOBV,2,500,6,2,6030,random,6030,42600.206702512485,43892.27036810799,1292.0636655955022,True,465.53474666888695,1.6319389740001498,2.556 -31.791;364.459 -325.977;-245.585 362.099;-150.489 -475.000;466.030 173.053;-488.266 -93.138,nan;nan;nan;nan;nan;nan;nan;nan;nan;nan;nan;nan;nan;nan;nan;nan;nan;nan;nan;nan;nan;nan;nan;nan;nan;nan;nan;nan;nan;nan;nan;nan;nan;nan;nan;nan;nan;nan;nan;nan;nan;nan;nan;nan;nan;nan;nan;nan;nan;nan;nan;nan;nan;nan;nan;nan;nan;nan;nan;nan;nan;nan;nan;nan;nan;nan;nan;nan;nan;nan;nan;nan;nan;nan;nan;nan;42336.794;42336.794;42336.794;42461.118;42461.118;42461.118;42461.118;42461.118;42461.118;42461.118;42475.878;42475.878;42475.878;42475.878;42481.957;42481.957;42497.154;42499.446;42499.446;42499.446;42499.446;42499.446;42499.446;42499.446;42499.446;42509.275;42512.715;42517.463;42519.553;42519.665;42530.631;42541.207;42541.858;42541.870;42543.843;42544.675;42544.798;42544.857;42546.149;42546.149;42546.380;42546.514;42546.514;42546.514;42546.514;42546.514;42546.514;42546.514;42546.514;42546.514;42546.514;42546.514;42546.514;42546.514;42546.514;42546.514;42546.514;42546.514;42546.514;42546.514;42546.514;42546.514;42546.514;42546.514;42546.514;42546.514;42546.514;42546.514;42546.514;42546.514;42546.514;42546.514;42546.514;42546.514;42546.514;42546.514;42546.514;42546.514;42546.514;42546.514;42546.514;42546.514;42546.514;42546.514;42546.514;42546.514;42546.514;42546.514;42546.514;42546.514;42546.514;42546.514;42546.514;42546.514;42546.514;42546.514;42546.514;42546.514;42546.514;42546.514;42546.514;42546.514;42546.514;42546.514;42546.514;42546.514;42546.514;42546.514;42546.514;42546.514;42546.514;42546.514;42546.514;42546.514;42546.514;42546.514;42546.514;42546.514;42546.514;42546.514;42546.514;42546.514;42546.514;42596.365;42600.207,6D,462.0
SSABV,2,500,6,12,6030,random,6030,42394.15237120686,43892.27036810799,1498.1179969011282,True,462.36251613069527,1.6590646579998065,410.660 284.644;-406.672 -290.629;466.551 -174.328;-464.221 173.279;-109.090 487.931;110.440 -487.500,nan;nan;nan;nan;nan;nan;nan;nan;nan;nan;nan;nan;nan;nan;nan;nan;nan;nan;nan;nan;nan;nan;nan;nan;nan;nan;nan;nan;nan;nan;nan;nan;nan;nan;nan;nan;nan;nan;nan;nan;nan;nan;nan;nan;nan;nan;nan;nan;nan;nan;nan;nan;nan;nan;nan;nan;nan;nan;nan;nan;nan;nan;nan;nan;nan;nan;nan;nan;nan;nan;nan;nan;nan;nan;nan;nan;nan;nan;nan;nan;nan;nan;nan;nan;nan;nan;nan;nan;nan;nan;nan;nan;nan;nan;nan;nan;nan;nan;nan;nan;nan;nan;nan;nan;nan;nan;nan;nan;42263.601;42268.720;42271.290;42273.801;42276.353;42281.319;42283.852;42286.368;42288.822;42291.320;42293.117;42294.649;42296.455;42296.964;42298.735;42299.231;42300.960;42301.416;42303.178;42303.622;42305.277;42305.681;42307.436;42307.829;42309.412;42309.767;42309.949;42310.342;42310.342;42311.582;42312.210;42312.837;42313.235;42313.604;42314.041;42314.340;42314.340;42314.340;42314.340;42314.340;42314.340;42314.340;42330.511;42332.114;42334.776;42336.423;42345.812;42355.129;42360.942;42367.710;42369.164;42369.806;42371.081;42372.102;42372.871;42373.463;42375.921;42376.778;42381.485;42382.001;42386.616;42387.017;42391.633;42392.018;42392.380;42392.580;42392.772;42392.947;42393.111;42393.211;42393.293;42393.371;42393.948;42394.015;42394.065;42394.114;42394.152;42394.152;42394.152;42394.152;42394.152;42394.152;42394.152;42394.152;42394.152;42394.152;42394.152;42394.152;42394.152;42394.152;42394.152;42394.152;42394.152,6D,462.0
RSDVNS,2,500,6,22,6030,random,6030,42589.94030769557,43892.27036810799,1302.330060412416,True,468.6619346661393,1.8120824960005848,-158.039 473.957;22.545 20.254;338.487 366.412;464.167 -148.002;107.496 -476.290;-460.907 88.385,nan;nan;nan;nan;nan;nan;nan;nan;nan;nan;nan;nan;nan;nan;nan;nan;nan;nan;nan;nan;nan;nan;nan;nan;nan;nan;nan;nan;nan;nan;nan;nan;nan;nan;nan;nan;nan;nan;nan;nan;nan;nan;nan;nan;nan;nan;nan;nan;nan;nan;nan;nan;nan;nan;nan;nan;nan;nan;nan;nan;nan;nan;nan;nan;nan;nan;nan;nan;nan;nan;nan;nan;nan;nan;nan;nan;nan;nan;nan;nan;nan;nan;nan;nan;nan;nan;nan;nan;nan;nan;nan;nan;nan;nan;nan;nan;nan;nan;nan;nan;nan;nan;nan;nan;nan;nan;nan;nan;nan;nan;nan;nan;nan;nan;nan;nan;nan;nan;nan;nan;nan;nan;nan;nan;42289.224;42289.224;42290.513;42291.759;42297.207;42301.607;42301.779;42301.972;42302.796;42302.999;42303.259;42510.891;42512.293;42512.391;42512.641;42513.483;42514.822;42515.910;42516.992;42519.144;42520.213;42520.909;42520.956;42521.075;42521.608;42522.271;42522.617;42522.641;42522.699;42522.699;42522.699;42522.699;42522.699;42522.699;42522.699;42522.699;42522.699;42522.699;42522.699;42522.699;42522.699;42522.699;42522.699;42522.699;42522.699;42522.699;42522.699;42522.699;42522.699;42522.699;42522.699;42522.699;42522.699;42522.699;42522.699;42522.699;42522.699;42522.699;42522.699;42522.699;42522.699;42522.699;42522.699;42522.699;42522.699;42522.699;42522.699;42522.699;42522.699;42522.699;42522.699;42574.707;42580.136;42580.597;42580.941;42582.361;42589.940,6D,462.0
PSOC,2,500,6,2,6030,random,6030,42585.84657971685,43892.27036810799,1306.423788391141,True,465.3717923514986,1.6733577830000286,30.928 14.523;401.074 -295.820;-180.182 465.691;-175.377 -467.627;467.392 175.986;-495.646 -65.501,nan;nan;nan;nan;nan;nan;nan;nan;nan;nan;nan;nan;nan;nan;nan;nan;nan;nan;nan;nan;nan;nan;nan;nan;nan;nan;nan;nan;nan;nan;nan;nan;nan;nan;nan;nan;nan;nan;nan;nan;nan;nan;nan;nan;nan;nan;nan;nan;nan;nan;nan;nan;nan;nan;nan;nan;nan;nan;nan;nan;nan;nan;nan;nan;nan;nan;nan;nan;nan;nan;nan;nan;nan;nan;nan;nan;42336.794;42336.794;42336.794;42461.118;42461.118;42461.118;42461.118;42461.118;42461.118;42461.118;42475.878;42475.878;42475.878;42475.878;42481.957;42481.957;42497.154;42499.446;42499.446;42499.446;42499.446;42499.446;42499.446;42499.446;42499.446;42499.446;42499.446;42499.446;42499.446;42534.020;42534.020;42534.020;42534.020;42534.020;42547.105;42547.105;42547.105;42547.105;42547.105;42547.105;42553.905;42554.879;42554.879;42555.162;42555.162;42555.162;42555.304;42555.304;42555.304;42555.304;42555.304;42559.314;42559.314;42561.173;42561.173;42561.173;42561.173;42561.173;42561.173;42561.173;42561.173;42562.322;42564.002;42564.002;42564.306;42565.973;42565.973;42565.973;42566.996;42566.996;42566.996;42566.996;42566.996;42566.996;42566.996;42566.996;42566.996;42566.996;42566.996;42568.334;42568.334;42568.334;42568.334;42568.334;42568.334;42568.334;42568.334;42568.334;42568.334;42568.334;42568.406;42568.554;42568.554;42568.554;42568.554;42569.925;42576.567;42577.784;42577.784;42577.784;42578.869;42581.563;42581.563;42581.563;42581.563;42581.563;42581.563;42581.563;42581.961;42581.961;42581.961;42582.633;42582.826;42582.826;42583.591;42583.591;42584.221;42584.221;42585.847;42585.847;42585.847;42585.847;42585.847;42585.847;42585.847,6D,462.0
SSA,2,500,6,12,6030,random,6030,41719.15419820855,43892.27036810799,2173.11616989944,True,462.00758653869707,1.7433183009998174,60.356 -41.399;-132.233 -462.137;-323.308 355.109;122.642 484.567;467.955 176.120;-457.445 -125.258,nan;nan;nan;nan;nan;nan;nan;nan;nan;nan;nan;nan;nan;nan;nan;nan;nan;nan;nan;nan;nan;nan;nan;nan;nan;nan;nan;nan;nan;nan;nan;nan;nan;nan;nan;nan;nan;nan;nan;nan;nan;nan;nan;nan;nan;nan;nan;nan;nan;nan;nan;nan;nan;nan;nan;nan;nan;nan;nan;nan;nan;nan;nan;nan;nan;nan;nan;nan;nan;nan;nan;nan;nan;nan;nan;nan;nan;nan;nan;nan;nan;nan;nan;nan;nan;nan;nan;nan;nan;nan;nan;nan;nan;nan;nan;nan;nan;nan;nan;nan;nan;nan;nan;nan;nan;nan;nan;nan;nan;nan;nan;nan;nan;nan;nan;nan;nan;nan;nan;nan;nan;nan;nan;nan;nan;nan;nan;nan;nan;nan;nan;nan;nan;nan;nan;nan;nan;nan;nan;nan;nan;41714.841;41714.841;41714.841;41715.300;41715.431;41715.853;41716.281;41716.811;41717.243;41717.714;41717.782;41717.860;41718.012;41718.012;41718.019;41718.134;41718.351;41718.470;41718.558;41718.644;41718.707;41718.741;41718.760;41718.799;41718.846;41718.897;41718.931;41718.955;41718.981;41719.008;41719.035;41719.041;41719.061;41719.072;41719.084;41719.096;41719.103;41719.109;41719.116;41719.124;41719.127;41719.132;41719.137;41719.140;41719.142;41719.145;41719.147;41719.148;41719.149;41719.150;41719.150;41719.151;41719.152;41719.152;41719.153;41719.153;41719.153;41719.154;41719.154;41719.154,6D,462.0
LXSSA,2,500,6,22,6030,random,6030,42223.86940675764,43892.27036810799,1668.400961350344,True,467.0864263406387,1.6335874730002615,497.863 45.436;-324.937 -316.066;-437.315 190.691;1.230 29.916;294.920 -395.145;226.082 443.479,nan;nan;nan;nan;nan;nan;nan;nan;nan;nan;nan;nan;nan;nan;nan;nan;nan;nan;nan;nan;nan;nan;nan;nan;nan;nan;nan;nan;nan;nan;nan;nan;nan;nan;nan;nan;nan;nan;nan;nan;nan;nan;nan;nan;nan;nan;nan;nan;nan;nan;nan;nan;nan;nan;nan;nan;nan;nan;nan;nan;nan;nan;nan;nan;nan;nan;nan;nan;nan;nan;nan;nan;nan;nan;nan;nan;nan;nan;nan;nan;nan;nan;nan;nan;nan;nan;nan;nan;nan;nan;nan;nan;nan;nan;nan;nan;nan;nan;nan;nan;nan;nan;nan;nan;nan;nan;nan;nan;41793.385;41793.385;41793.385;41796.658;41911.100;41911.100;42101.155;42110.015;42142.496;42144.492;42148.898;42150.728;42182.460;42187.581;42187.581;42187.581;42191.277;42191.277;42195.123;42196.757;42197.444;42197.662;42198.272;42198.705;42200.036;42202.126;42202.126;42204.207;42204.207;42216.920;42216.920;42219.484;42219.484;42219.531;42220.159;42220.159;42220.912;42220.912;42221.153;42221.864;42221.864;42221.864;42222.152;42222.152;42222.206;42222.728;42222.728;42222.728;42222.845;42223.161;42223.161;42223.161;42223.231;42223.231;42223.300;42223.352;42223.352;42223.401;42223.401;42223.775;42223.775;42223.775;42223.791;42223.791;42223.805;42223.805;42223.813;42223.849;42223.849;42223.850;42223.852;42223.853;42223.855;42223.855;42223.857;42223.857;42223.858;42223.858;42223.860;42223.860;42223.860;42223.864;42223.864;42223.864;42223.865;42223.867;42223.867;42223.868;42223.868;42223.868;42223.869;42223.869;42223.869,6D,462.0
SLSQP,2,500,6,2,6030,random,6030,42439.14797528834,43892.27036810799,1453.1223928196487,True,394.9784257518404,2.0874175580001975,169.744 454.104;364.596 -278.408;-464.315 185.443;-232.409 -442.702;490.716 95.894;-80.818 -10.332,nan;nan;nan;nan;nan;nan;nan;nan;nan;nan;nan;nan;nan;nan;nan;nan;nan;nan;nan;nan;nan;nan;nan;nan;nan;nan;nan;nan;42437.093;42437.093;42437.093;42437.093;42437.093;42437.093;42437.093;42437.093;42437.093;42438.217;42438.709;42438.709;42438.709;42438.709;42438.709;42438.709;42438.709;42438.709;42438.709;42438.709;42438.709;42438.709;42438.709;42438.709;42438.709;42438.709;42438.709;42439.148;42439.148;42439.148;42439.148;42439.148;42439.148;42439.148;42439.148;42439.148;42439.148;42439.148;42439.148;42439.148;42439.148;42439.148;42439.148;42439.148;42439.148;42439.148;42439.148;42439.148;42439.148;42439.148;42439.148;42439.148;42439.148;42439.148;42439.148;42439.148;42439.148;42439.148;42439.148;42439.148;42439.148;42439.148;42439.148;42439.148;42439.148;42439.148;42439.148;42439.148;42439.148;42439.148;42439.148;42439.148;42439.148;42439.148;42439.148;42439.148;42439.148;42439.148;42439.148;42439.148;42439.148;42439.148;42439.148;42439.148;42439.148;42439.148;42439.148;42439.148;42439.148;42439.148;42439.148;42439.148;42439.148;42439.148;42439.148;42439.148;42439.148;42439.148;42439.148;42439.148;42439.148;42439.148;42439.148;42439.148;42439.148;42439.148;42439.148;42439.148;42439.148;42439.148;42439.148;42439.148;42439.148;42439.148;42439.148;42439.148;42439.148;42439.148;42439.148;42439.148;42439.148;42439.148;42439.148;42439.148;42439.148;42439.148;42439.148;42439.148;42439.148;42439.148;42439.148;42439.148;42439.148;42439.148;42439.148;42439.148;42439.148;42439.148;42439.148;42439.148;42439.148;42439.148;42439.148;42439.148;42439.148;42439.148;42439.148;42439.148;42439.148;42439.148;42439.148;42439.148;42439.148;42439.148;42439.148;42439.148;42439.148;42439.148;42439.148;42439.148;42439.148;42439.148;42439.148;42439.148;42439.148;42439.148;42439.148;42439.148;42439.148;42439.148;42439.148;42439.148;42439.148,5D,385.0
PSOBV,2,500,6,12,6030,random,6030,42936.58742160376,43892.27036810799,955.6829465042247,True,408.0667920799776,1.5797566480005116,373.727 253.962;-399.415 -203.230;-116.767 101.251;-53.040 -496.508;391.079 -208.911;-26.402 499.186,nan;nan;nan;nan;nan;nan;nan;nan;nan;nan;nan;nan;nan;nan;nan;nan;nan;nan;nan;nan;nan;nan;nan;nan;nan;nan;nan;nan;nan;nan;nan;nan;nan;nan;nan;nan;nan;nan;42073.657;42073.657;42073.657;42286.139;42292.975;42292.975;42292.975;42400.625;42400.625;42400.625;42400.625;42400.625;42400.625;42455.834;42587.822;42587.822;42587.822;42587.822;42587.822;42587.822;42587.822;42587.822;42587.822;42618.546;42618.546;42618.546;42618.546;42622.768;42622.768;42625.321;42625.321;42636.950;42652.740;42684.272;42684.272;42702.207;42702.207;42702.207;42702.207;42702.207;42702.207;42702.207;42702.207;42733.052;42733.052;42733.052;42733.052;42733.052;42743.427;42743.427;42743.427;42743.427;42744.155;42744.155;42744.155;42788.944;42788.944;42788.944;42788.944;42788.944;42788.944;42788.944;42788.944;42799.527;42813.343;42820.294;42825.579;42913.813;42913.813;42918.068;42922.043;42922.259;42922.298;42924.262;42925.935;42928.304;42930.613;42931.575;42932.530;42933.075;42933.336;42933.590;42933.590;42934.253;42934.805;42934.805;42935.287;42935.633;42936.000;42936.237;42936.258;42936.587;42936.587;42936.587;42936.587;42936.587;42936.587;42936.587;42936.587;42936.587;42936.587;42936.587;42936.587;42936.587;42936.587;42936.587;42936.587;42936.587;42936.587;42936.587;42936.587;42936.587;42936.587;42936.587;42936.587;42936.587;42936.587;42936.587;42936.587;42936.587;42936.587;42936.587;42936.587;42936.587;42936.587;42936.587;42936.587;42936.587;42936.587;42936.587;42936.587;42936.587;42936.587;42936.587;42936.587;42936.587;42936.587;42936.587;42936.587;42936.587;42936.587;42936.587;42936.587;42936.587;42936.587;42936.587;42936.587;42936.587;42936.587;42936.587;42936.587;42936.587;42936.587;42936.587;42936.587;42936.587;42936.587;42936.587;42936.587;42936.587;42936.587;42936.587;42936.587,5D,385.0
SSABV,2,500,6,22,6030,random,6030,42338.31649837433,43892.27036810799,1553.9538697336538,True,400.5138373061965,1.6031377230001453,-39.103 357.286;399.113 -267.719;-400.065 -227.026;-439.240 217.419;-74.321 -460.054;420.866 263.412,nan;nan;nan;nan;nan;nan;nan;nan;nan;nan;nan;nan;nan;nan;nan;nan;nan;nan;nan;nan;nan;nan;nan;nan;nan;nan;nan;nan;nan;nan;nan;nan;nan;nan;nan;nan;nan;nan;nan;nan;nan;nan;nan;nan;nan;nan;nan;nan;41274.352;41274.352;41292.796;41553.144;41827.639;41851.325;41851.325;41851.325;41851.914;41864.879;41868.361;41877.612;41879.410;41881.603;41882.021;41884.327;41885.588;41888.163;41889.891;41890.694;41892.058;41892.508;41892.531;41893.327;41893.327;41893.548;41893.694;41893.826;41893.826;41893.874;41893.874;41893.935;41893.944;41893.996;41894.014;41894.032;41894.051;41894.062;41894.066;41894.082;41894.088;41894.093;41894.099;41894.103;41894.106;41894.108;41894.109;41894.111;41894.112;41894.112;41894.113;41894.113;41894.114;41897.508;41899.669;41905.638;41905.638;41913.463;41913.463;41913.776;41915.830;41915.858;41915.934;41916.091;41916.669;41916.808;41916.888;41916.888;41916.888;41916.888;41916.888;41916.888;41936.580;41941.502;41942.099;41957.077;41963.232;41963.648;41965.410;41965.656;41973.541;41978.918;41978.966;41978.966;41979.032;41980.546;41980.546;41980.577;41982.532;41982.574;41983.323;41983.589;41983.589;41985.146;41985.147;41985.147;41985.147;41985.147;41985.147;42178.983;42195.250;42210.534;42216.926;42232.117;42243.748;42254.234;42254.234;42254.435;42257.152;42259.622;42259.684;42260.929;42264.698;42265.918;42266.533;42267.129;42267.175;42267.847;42267.854;42268.303;42268.638;42268.638;42268.638;42268.638;42268.638;42268.638;42268.638;42268.638;42282.041;42293.289;42293.289;42298.155;42298.155;42300.767;42300.770;42302.330;42305.664;42307.847;42307.924;42307.924;42310.785;42311.377;42311.377;42312.093;42312.094;42312.389;42312.711;42312.933;42312.934;42312.934;42312.934;42312.934;42338.316,5D,385.0
BVNS,2,500,6,2,6030,random,6030,42260.6900084477,43892.27036810799,1631.5803596602855,True,393.221024699564,1.507586079000248,225.258 239.317;273.554 -418.275;-438.227 61.567;-179.313 -466.040;492.528 -83.645;-13.968 -109.271,nan;nan;nan;nan;nan;nan;nan;nan;nan;nan;nan;nan;nan;nan;nan;nan;nan;nan;41817.374;41866.802;41872.631;41897.588;41903.120;42018.563;42022.029;42024.655;42188.568;42196.307;42203.754;42203.754;42207.575;42209.473;42211.309;42212.224;42212.224;42212.488;42213.257;42214.025;42214.493;42214.959;42215.221;42215.987;42216.751;42217.421;42217.729;42217.937;42218.698;42219.664;42220.372;42220.427;42220.633;42222.146;42222.600;42223.051;42223.106;42224.065;42224.816;42225.265;42225.712;42225.972;42226.721;42227.467;42227.912;42228.354;42228.614;42229.358;42230.101;42230.745;42231.033;42231.238;42231.978;42232.920;42233.586;42233.640;42233.844;42235.315;42235.746;42236.175;42236.229;42237.164;42237.895;42238.321;42238.524;42254.257;42254.444;42255.162;42255.878;42256.778;42257.491;42257.676;42258.386;42259.279;42259.986;42260.690;42260.690;42260.690;42260.690;42260.690;42260.690;42260.690;42260.690;42260.690;42260.690;42260.690;42260.690;42260.690;42260.690;42260.690;42260.690;42260.690;42260.690;42260.690;42260.690;42260.690;42260.690;42260.690;42260.690;42260.690;42260.690;42260.690;42260.690;42260.690;42260.690;42260.690;42260.690;42260.690;42260.690;42260.690;42260.690;42260.690;42260.690;42260.690;42260.690;42260.690;42260.690;42260.690;42260.690;42260.690;42260.690;42260.690;42260.690;42260.690;42260.690;42260.690;42260.690;42260.690;42260.690;42260.690;42260.690;42260.690;42260.690;42260.690;42260.690;42260.690;42260.690;42260.690;42260.690;42260.690;42260.690;42260.690;42260.690;42260.690;42260.690;42260.690;42260.690;42260.690;42260.690;42260.690;42260.690;42260.690;42260.690;42260.690;42260.690;42260.690;42260.690;42260.690;42260.690;42260.690;42260.690;42260.690;42260.690;42260.690;42260.690;42260.690;42260.690;42260.690;42260.690;42260.690;42260.690;42260.690;42260.690;42260.690;42260.690;42260.690;42260.690;42260.690;42260.690;42260.690;42260.690;42260.690;42260.690,5D,385.0
PSOC,2,500,6,12,6030,random,6030,42922.519031490156,43892.27036810799,969.7513366178318,True,409.0530986030038,1.6217034760002207,369.891 247.478;-405.283 -205.829;-121.965 99.066;-36.887 -498.280;384.373 -208.370;-31.535 497.998,nan;nan;nan;nan;nan;nan;nan;nan;nan;nan;nan;nan;nan;nan;nan;nan;nan;nan;nan;nan;nan;nan;nan;nan;nan;nan;nan;nan;nan;nan;nan;nan;nan;nan;nan;nan;nan;nan;42073.657;42073.657;42073.657;42286.139;42292.975;42292.975;42292.975;42400.625;42400.625;42400.625;42400.625;42400.625;42400.625;42455.834;42587.822;42587.822;42587.822;42587.822;42587.822;42587.822;42587.822;42587.822;42587.822;42618.546;42618.546;42618.546;42618.546;42622.768;42622.768;42625.321;42625.321;42636.950;42652.740;42684.272;42684.272;42702.207;42702.207;42702.207;42702.207;42702.207;42702.207;42702.207;42702.207;42733.052;42733.052;42733.052;42733.052;42733.052;42743.427;42743.427;42743.427;42743.427;42744.155;42744.155;42744.155;42788.944;42788.944;42788.944;42788.944;42788.944;42788.944;42788.944;42788.944;42790.926;42795.564;42795.564;42795.564;42795.564;42802.331;42802.331;42802.839;42803.151;42803.364;42803.364;42803.364;42803.364;42805.100;42807.174;42809.455;42809.455;42809.927;42814.422;42814.422;42815.120;42815.120;42815.120;42815.120;42815.120;42817.357;42817.357;42817.357;42817.357;42817.357;42817.357;42817.377;42818.449;42825.880;42887.000;42908.005;42909.325;42909.325;42909.325;42909.325;42909.354;42909.354;42909.354;42909.354;42909.366;42909.929;42909.929;42912.651;42912.651;42912.744;42912.744;42912.913;42912.913;42913.257;42913.982;42913.982;42913.982;42915.727;42915.727;42915.727;42915.727;42915.727;42915.727;42915.727;42915.727;42915.727;42915.727;42915.727;42915.727;42915.727;42915.727;42915.727;42915.727;42915.727;42915.727;42915.727;42915.727;42915.727;42916.133;42916.133;42916.593;42917.972;42917.972;42917.972;42917.972;42917.972;42917.972;42918.280;42918.280;42918.280;42918.280;42918.310;42918.434;42919.313;42919.313;42920.530;42921.685;42922.519;42922.519;42922.519,5D,385.0
SSA,2,500,6,22,6030,random,6030,42241.22974181324,43892.27036810799,1651.0406262947508,True,413.74515223530244,1.667502753000008,221.014 432.067;332.162 -373.722;-251.070 -431.971;-361.184 167.480;67.679 -20.178;486.633 114.842,nan;nan;nan;nan;nan;nan;nan;nan;nan;nan;nan;nan;nan;nan;nan;nan;nan;nan;nan;nan;nan;nan;nan;nan;nan;nan;nan;nan;nan;nan;nan;nan;nan;nan;nan;nan;nan;nan;nan;nan;nan;nan;nan;nan;nan;nan;nan;nan;nan;nan;nan;nan;nan;nan;nan;nan;nan;nan;nan;nan;nan;nan;nan;nan;nan;nan;nan;nan;nan;nan;nan;nan;nan;nan;nan;nan;nan;nan;nan;nan;nan;nan;nan;nan;41579.799;41590.969;41915.836;41915.836;41915.836;41945.863;41945.863;42047.687;42125.764;42125.764;42125.764;42125.764;42125.764;42125.764;42142.771;42142.771;42142.771;42149.297;42156.853;42156.853;42156.853;42157.246;42170.323;42174.094;42179.215;42179.215;42180.914;42190.706;42190.706;42190.706;42195.060;42205.739;42213.720;42214.701;42216.166;42216.166;42222.352;42222.352;42224.122;42226.957;42228.041;42229.867;42229.867;42231.101;42231.101;42231.101;42231.517;42232.026;42233.315;42234.750;42234.750;42235.506;42236.228;42236.736;42236.786;42237.039;42237.590;42237.731;42238.182;42238.399;42238.953;42239.089;42239.183;42239.321;42239.578;42239.923;42240.224;42240.290;42240.299;42240.420;42240.541;42240.592;42240.669;42240.773;42240.828;42240.875;42240.905;42240.970;42240.990;42241.026;42241.070;42241.106;42241.115;42241.126;42241.151;42241.159;42241.173;42241.182;42241.186;42241.186;42241.186;42241.188;42241.196;42241.198;42241.200;42241.206;42241.211;42241.212;42241.214;42241.216;42241.219;42241.220;42241.222;42241.224;42241.225;42241.226;42241.226;42241.227;42241.227;42241.228;42241.228;42241.228;42241.229;42241.229;42241.229;42241.230;42241.230,5D,385.0
DE,2,500,6,2,6030,random,6030,41779.090880304226,43892.27036810799,2113.1794878037617,False,373.1969311859469,1.8936124980000386,377.071 233.253;18.339 411.057;-455.378 35.451;3.985 -500.000;449.699 -132.809;-11.989 38.931,nan;nan;nan;nan;nan;nan;nan;nan;nan;nan;nan;nan;nan;nan;nan;nan;nan;nan;nan;nan;nan;nan;nan;nan;nan;nan;nan;nan;nan;nan;nan;nan;nan;nan;nan;nan;nan;nan;nan;nan;nan;nan;nan;nan;nan;nan;nan;nan;nan;nan;nan;nan;nan;nan;nan;nan;nan;nan;nan;nan;nan;nan;nan;nan;nan;nan;nan;nan;nan;nan;nan;nan;nan;nan;nan;nan;nan;nan;nan;nan;nan;nan;nan;nan;nan;nan;nan;nan;nan;nan;nan;nan;nan;nan;nan;nan;nan;nan;nan;nan;nan;nan;nan;nan;nan;nan;nan;nan;nan;nan;nan;nan;nan;nan;nan;nan;nan;nan;nan;nan;nan;nan;nan;nan;nan;nan;nan;nan;nan;nan;nan;nan;nan;nan;nan;nan;nan;nan;nan;nan;nan;nan;nan;nan;nan;nan;nan;nan;nan;nan;nan;nan;nan;nan;nan;nan;nan;nan;nan;nan;nan;nan;nan;nan;nan;nan;nan;nan;nan;nan;nan;nan;nan;nan;nan;nan;nan;nan;nan;nan;nan;nan;nan;nan;nan;nan;nan;nan;nan;nan;nan;nan;nan;nan;nan;nan;nan;nan;nan;nan;nan,5D,385.0
