Algorithm,Dataset,Radius,Turbines,Seed,Budget,Init,Calls,Objective,Ideal,WakeLoss,Feasible,MinSpacing,Seconds,Coordinates,Curve,Spacing,SMin
PSOBV,1,1000,15,9,6030,random,6030,204773.61345140773,210686.06054602243,5912.447094614705,True,467.66434708980216,2.9668211390000003,-980.536 190.468;583.480 154.117;342.377 -420.197;-307.614 903.432;776.560 623.224;-244.616 -307.009;-192.009 426.539;269.403 502.757;782.429 -596.480;120.929 -0.165;162.475 976.845;-518.476 87.756;-717.227 -400.632;974.904 -111.098;-129.457 -986.189,nan;nan;nan;nan;nan;nan;nan;nan;nan;nan;nan;nan;nan;nan;nan;nan;nan;nan;nan;nan;nan;nan;nan;nan;nan;nan;nan;nan;nan;nan;nan;nan;nan;nan;nan;nan;nan;nan;nan;nan;nan;nan;nan;nan;nan;nan;nan;nan;nan;nan;nan;nan;nan;nan;nan;nan;nan;nan;nan;nan;nan;nan;nan;nan;nan;nan;nan;nan;nan;nan;nan;nan;nan;nan;nan;nan;nan;nan;nan;nan;nan;nan;nan;nan;nan;nan;nan;nan;nan;nan;nan;nan;nan;nan;nan;nan;nan;nan;nan;nan;nan;nan;nan;nan;nan;nan;nan;nan;nan;nan;nan;nan;nan;nan;nan;nan;nan;nan;nan;nan;nan;nan;nan;nan;nan;nan;nan;nan;nan;nan;nan;nan;nan;nan;nan;nan;nan;nan;nan;203875.550;203875.550;203921.192;204031.106;204076.748;204076.748;204146.433;204146.433;204159.688;204187.313;204200.549;204200.549;204213.363;204213.363;204222.216;204222.216;204223.375;204230.043;204231.219;204233.998;204235.190;204258.041;204259.225;204281.872;204283.073;204285.711;204286.912;204289.473;204290.674;204293.158;204294.358;204296.765;204323.272;204323.272;204324.472;204697.513;204706.392;204714.274;204715.391;204717.717;204718.853;204719.846;204720.983;204721.890;204723.027;204723.852;204724.989;204742.765;204743.903;204749.379;204750.408;204751.089;204752.135;204752.135;204752.737;204752.737;204752.737;204753.031;204753.031;204773.613;204773.613;204773.613,6D,462.0
SSABV,1,1000,15,19,6030,random,6030,204827.98590070542,210686.06054602243,5858.074645317014,True,462.9123360774482,2.972701795999999,816.609 -576.478;-975.640 -19.362;487.898 -250.538;-769.195 523.702;11.413 -589.406;63.836 -63.584;56.919 410.909;-588.458 -307.377;475.816 665.750;-322.284 688.625;-350.293 151.065;-436.014 -766.044;629.725 227.104;453.559 -878.682;966.345 -128.462,nan;nan;nan;nan;nan;nan;nan;nan;nan;nan;nan;nan;nan;nan;nan;nan;nan;nan;nan;nan;nan;nan;nan;nan;nan;nan;nan;nan;nan;nan;nan;nan;nan;nan;nan;nan;nan;nan;nan;nan;nan;nan;nan;nan;nan;nan;nan;nan;nan;nan;nan;nan;nan;nan;nan;nan;nan;nan;nan;nan;nan;nan;nan;nan;nan;nan;nan;nan;nan;nan;nan;nan;nan;nan;nan;nan;nan;nan;nan;nan;nan;nan;nan;nan;nan;nan;nan;nan;nan;nan;nan;nan;nan;nan;nan;nan;nan;nan;nan;nan;nan;nan;nan;nan;nan;nan;nan;nan;nan;nan;nan;nan;nan;nan;nan;nan;nan;nan;nan;nan;nan;nan;nan;nan;nan;nan;nan;nan;nan;nan;nan;nan;nan;nan;nan;nan;nan;nan;nan;nan;nan;nan;nan;nan;nan;nan;nan;nan;nan;nan;nan;nan;nan;nan;nan;nan;nan;nan;nan;nan;nan;204696.054;204696.054;204708.570;204708.570;204720.946;204720.946;204730.197;204730.197;204733.179;204734.699;204737.680;204739.160;204742.141;204743.583;204746.563;204747.966;204750.946;204752.310;204755.291;204756.617;204759.597;204760.885;204763.865;204765.116;204768.095;204805.405;204808.384;204809.392;204812.371;204812.628;204815.606;204815.834;204818.813;204818.915;204821.894;204821.967;204824.946;204824.990;204827.970;204827.986,6D,462.0
RSDVNS,1,1000,15,29,6030,random,6030,203900.24729990738,210686.06054602243,6785.813246115053,False,454.84963896451626,3.137891905,968.201 -73.155;-714.428 532.658;-726.696 -438.345;103.750 -937.992;780.259 352.148;-103.114 -251.622;-323.953 -669.835;-297.798 167.528;129.795 760.831;150.354 289.127;600.133 786.641;325.826 -428.110;498.385 -7.263;570.765 -820.107;-754.208 43.433,nan;nan;nan;nan;nan;nan;nan;nan;nan;nan;nan;nan;nan;nan;nan;nan;nan;nan;nan;nan;nan;nan;nan;nan;nan;nan;nan;nan;nan;nan;nan;nan;nan;nan;nan;nan;nan;nan;nan;nan;nan;nan;nan;nan;nan;nan;nan;nan;nan;nan;nan;nan;nan;nan;nan;nan;nan;nan;nan;nan;nan;nan;nan;nan;nan;nan;nan;nan;nan;nan;nan;nan;nan;nan;nan;nan;nan;nan;nan;nan;nan;nan;nan;nan;nan;nan;nan;nan;nan;nan;nan;nan;nan;nan;nan;nan;nan;nan;nan;nan;nan;nan;nan;nan;nan;nan;nan;nan;nan;nan;nan;nan;nan;nan;nan;nan;nan;nan;nan;nan;nan;nan;nan;nan;nan;nan;nan;nan;nan;nan;nan;nan;nan;nan;nan;nan;nan;nan;nan;nan;nan;nan;nan;nan;nan;nan;nan;nan;nan;nan;nan;nan;nan;nan;nan;nan;nan;nan;nan;nan;nan;nan;nan;nan;nan;nan;nan;nan;nan;nan;nan;nan;nan;nan;nan;nan;nan;nan;nan;nan;nan;nan;nan;nan;nan;nan;nan;nan;nan;nan;nan;nan;nan;nan;nan;nan;nan;nan;nan;nan;nan,6D,462.0
PSOC,1,1000,15,9,6030,random,6030,203473.3725672877,210686.06054602243,7212.687978734728,True,462.59750176050414,3.0455228599999984,-994.427 94.750;612.755 172.458;336.696 -430.148;-233.145 970.605;734.697 633.528;-219.984 -222.281;-181.728 446.391;284.010 498.419;822.875 -533.585;166.690 47.483;266.976 960.703;-532.137 141.202;-712.357 -302.515;992.212 -100.300;-98.898 -982.893,nan;nan;nan;nan;nan;nan;nan;nan;nan;nan;nan;nan;nan;nan;nan;nan;nan;nan;nan;nan;nan;nan;nan;nan;nan;nan;nan;nan;nan;nan;nan;nan;nan;nan;nan;nan;nan;nan;nan;nan;nan;nan;nan;nan;nan;nan;nan;nan;nan;nan;nan;nan;nan;nan;nan;nan;nan;nan;nan;nan;nan;nan;nan;nan;nan;nan;nan;nan;nan;nan;nan;nan;nan;nan;nan;nan;nan;nan;nan;nan;nan;nan;nan;nan;nan;nan;nan;nan;nan;nan;nan;nan;nan;nan;nan;nan;nan;nan;nan;nan;nan;nan;nan;nan;nan;nan;nan;nan;nan;nan;nan;nan;nan;nan;nan;nan;nan;nan;nan;nan;nan;nan;nan;nan;nan;nan;nan;nan;nan;nan;nan;nan;nan;nan;nan;nan;nan;nan;nan;nan;nan;nan;nan;nan;nan;nan;nan;nan;nan;nan;nan;nan;nan;nan;nan;nan;nan;nan;nan;nan;nan;nan;nan;nan;nan;nan;202588.107;202588.107;202698.260;202698.260;202698.260;202698.260;202698.260;202698.260;202698.260;202698.260;202698.260;202698.260;202707.588;202707.588;202709.560;202709.560;202711.952;202713.152;202714.008;202714.621;202714.621;202714.621;203247.098;203350.638;203370.230;203370.230;203428.388;203428.388;203428.388;203428.388;203447.341;203447.341;203473.373;203473.373;203473.373,6D,462.0
SSA,1,1000,15,19,6030,random,6030,198759.94846068745,210686.06054602243,11926.112085334986,True,462.02771050811464,2.9843380930000016,932.663 -329.531;401.776 -423.793;-274.690 490.129;-23.420 -947.910;-465.772 -621.117;472.148 -881.519;-59.741 -397.656;-717.361 634.142;-970.353 -142.875;277.731 799.419;892.266 136.025;419.550 38.918;766.827 599.612;-507.196 -158.349;-96.585 63.809,nan;nan;nan;nan;nan;nan;nan;nan;nan;nan;nan;nan;nan;nan;nan;nan;nan;nan;nan;nan;nan;nan;nan;nan;nan;nan;nan;nan;nan;nan;nan;nan;nan;nan;nan;nan;nan;nan;nan;nan;nan;nan;nan;nan;nan;nan;nan;nan;nan;nan;nan;nan;nan;nan;nan;nan;nan;nan;nan;nan;nan;nan;nan;nan;nan;nan;nan;nan;nan;nan;nan;nan;nan;nan;nan;nan;nan;nan;nan;nan;nan;nan;nan;nan;nan;nan;nan;nan;nan;nan;nan;nan;nan;nan;nan;nan;nan;nan;nan;nan;nan;nan;nan;nan;nan;nan;nan;nan;nan;nan;nan;nan;nan;nan;nan;nan;nan;nan;nan;nan;nan;nan;nan;nan;nan;nan;nan;nan;nan;nan;nan;nan;nan;nan;nan;nan;nan;nan;nan;nan;nan;nan;nan;nan;nan;nan;198723.028;198723.646;198724.990;198728.351;198728.785;198729.164;198731.136;198731.987;198751.941;198753.609;198754.222;198754.995;198755.174;198755.891;198756.361;198756.681;198757.146;198757.283;198757.669;198758.065;198758.246;198758.431;198758.519;198758.734;198758.910;198759.030;198759.155;198759.297;198759.421;198759.477;198759.593;198759.663;198759.699;198759.716;198759.732;198759.768;198759.784;198759.821;198759.842;198759.860;198759.879;198759.890;198759.901;198759.906;198759.914;198759.916;198759.921;198759.928;198759.930;198759.933;198759.936;198759.940;198759.944;198759.946;198759.948,6D,462.0
LXSSA,1,1000,15,29,6030,random,6030,202093.4409438165,210686.06054602243,8592.61960220593,False,375.1979495132583,3.02876938,578.820 -626.694;-726.044 -439.248;117.778 -286.060;-583.326 36.924;-218.613 974.484;-289.732 -214.435;737.205 324.238;906.123 -270.144;-525.041 407.567;305.019 92.476;210.637 553.051;138.671 -814.097;-313.838 -692.594;-963.625 86.441;-610.078 792.275,nan;nan;nan;nan;nan;nan;nan;nan;nan;nan;nan;nan;nan;nan;nan;nan;nan;nan;nan;nan;nan;nan;nan;nan;nan;nan;nan;nan;nan;nan;nan;nan;nan;nan;nan;nan;nan;nan;nan;nan;nan;nan;nan;nan;nan;nan;nan;nan;nan;nan;nan;nan;nan;nan;nan;nan;nan;nan;nan;nan;nan;nan;nan;nan;nan;nan;nan;nan;nan;nan;nan;nan;nan;nan;nan;nan;nan;nan;nan;nan;nan;nan;nan;nan;nan;nan;nan;nan;nan;nan;nan;nan;nan;nan;nan;nan;nan;nan;nan;nan;nan;nan;nan;nan;nan;nan;nan;nan;nan;nan;nan;nan;nan;nan;nan;nan;nan;nan;nan;nan;nan;nan;nan;nan;nan;nan;nan;nan;nan;nan;nan;nan;nan;nan;nan;nan;nan;nan;nan;nan;nan;nan;nan;nan;nan;nan;nan;nan;nan;nan;nan;nan;nan;nan;nan;nan;nan;nan;nan;nan;nan;nan;nan;nan;nan;nan;nan;nan;nan;nan;nan;nan;nan;nan;nan;nan;nan;nan;nan;nan;nan;nan;nan;nan;nan;nan;nan;nan;nan;nan;nan;nan;nan;nan;nan;nan;nan;nan;nan;nan;nan,6D,462.0
SLSQP,1,1000,15,9,6030,random,6030,204719.6972585204,210686.06054602243,5966.363287502027,True,398.83426824841496,5.723350861,322.667 429.081;-90.900 -994.163;-631.777 111.779;339.278 847.381;636.140 -742.716;-876.497 467.831;-47.000 946.669;-858.783 -327.287;489.923 18.423;759.623 496.258;-331.772 -375.473;-457.372 695.529;-64.255 539.265;983.662 -173.469;-233.250 166.263,nan;nan;nan;nan;203245.474;203799.841;204022.287;204026.202;204026.588;204026.630;204026.630;204040.892;204041.133;204041.133;204041.133;204041.133;204041.133;204041.133;204115.110;204115.110;204115.110;204115.110;204115.110;204140.986;204140.986;204140.986;204140.986;204140.986;204140.986;204140.986;204140.986;204140.986;204140.986;204140.986;204140.986;204140.986;204140.986;204140.986;204140.986;204140.986;204140.986;204140.986;204140.986;204140.986;204140.986;204140.986;204140.986;204140.986;204140.986;204140.986;204140.986;204140.986;204140.986;204140.986;204140.986;204140.986;204140.986;204140.986;204140.986;204140.986;204140.986;204140.986;204140.986;204140.986;204140.986;204140.986;204140.986;204140.986;204140.986;204140.986;204140.986;204140.986;204140.986;204140.986;204140.986;204140.986;204140.986;204140.986;204140.986;204140.986;204140.986;204140.986;204140.986;204140.986;204140.986;204140.986;204140.986;204140.986;204140.986;204140.986;204140.986;204140.986;204140.986;204140.986;204140.986;204143.542;204143.542;204143.542;204143.542;204143.542;204143.542;204143.542;204143.542;204143.542;204143.542;204143.542;204143.542;204143.542;204143.542;204143.542;204143.542;204143.542;204143.542;204143.542;204143.542;204143.542;204143.542;204143.542;204143.542;204143.542;204143.542;204143.542;204143.542;204143.542;204143.542;204143.542;204143.542;204143.542;204143.542;204143.542;204143.542;204143.542;204143.542;204143.542;204143.542;204143.542;204143.542;204143.542;204143.542;204143.542;204143.542;204143.542;204143.542;204143.542;204143.542;204143.542;204143.542;204143.542;204143.542;204143.542;204143.542;204143.542;204143.542;204143.542;204143.542;204143.542;204143.542;204143.542;204143.542;204143.542;204143.542;204143.542;204143.542;204143.542;204143.542;204143.542;204143.542;204143.542;204143.542;204143.542;204143.542;204143.542;204143.542;204143.542;204143.542;204143.542;204143.542;204143.542;204143.542;204143.542;204143.542;204143.542;204143.542;204143.542;204143.542;204143.542;204143.542;204143.542;204143.542;204143.542;204143.542;204143.542;204143.542;204143.542;204143.542;204143.542;204143.542;204143.542;204719.697;204719.697;204719.697,5D,385.0
PSOBV,1,1000,15,19,6030,random,6030,205927.0160330419,210686.06054602243,4759.04451298053,True,401.22433282206947,3.8413720889999965,-861.363 93.405;-110.719 471.175;-48.508 996.129;325.521 179.477;388.117 921.334;-144.641 -626.704;-510.709 -231.393;-895.097 -428.880;731.625 -360.456;808.604 293.846;-132.519 8.890;136.845 -959.120;327.348 -545.745;-790.851 604.702;-386.553 780.013,nan;nan;nan;nan;nan;nan;nan;nan;nan;nan;nan;nan;nan;nan;nan;nan;nan;nan;nan;nan;nan;nan;nan;nan;nan;nan;nan;nan;nan;nan;nan;nan;nan;nan;nan;nan;nan;nan;nan;nan;nan;nan;nan;nan;nan;nan;nan;nan;nan;nan;nan;nan;nan;nan;nan;nan;nan;nan;nan;nan;nan;nan;nan;nan;nan;nan;nan;nan;nan;nan;nan;nan;nan;201375.839;201375.839;201375.839;201820.678;201820.678;202788.186;202843.286;202843.286;202889.396;202889.396;202889.396;203534.653;203534.653;203534.653;204048.810;204048.810;204048.810;204048.810;204071.464;204071.464;204071.464;204076.898;204076.898;204132.658;204132.658;204132.658;204132.658;204132.658;204193.446;204636.791;204697.320;204697.320;204755.325;204755.325;204769.289;204806.014;204819.970;204855.551;204869.517;204872.843;204911.716;204911.716;204947.131;204950.853;204967.974;204967.974;204992.874;205008.395;205022.444;205022.444;205069.588;205069.588;205087.231;205087.231;205102.789;205102.789;205147.904;205147.904;205162.786;205162.786;205162.786;205230.899;205230.899;205263.151;205263.151;205267.954;205308.065;205308.065;205311.450;205344.404;205384.423;205384.423;205387.408;205404.959;205411.888;205411.888;205417.418;205437.433;205463.441;205463.441;205486.150;205486.150;205498.366;205498.366;205561.172;205561.172;205610.198;205610.198;205618.140;205618.140;205618.140;205618.140;205626.053;205669.182;205677.099;205681.369;205689.372;205689.372;205695.048;205695.048;205696.994;205700.310;205702.249;205707.740;205709.683;205709.683;205709.683;205716.031;205716.031;205716.031;205820.228;205872.104;205885.714;205885.714;205893.393;205897.157;205904.836;205904.836;205911.679;205911.679;205918.024;205918.024;205921.353;205921.353;205924.455;205924.455;205926.498;205927.016,5D,385.0
SSABV,1,1000,15,29,6030,random,6030,205433.50042160344,210686.06054602243,5252.560124418989,True,389.0223398977918,3.4522304720000037,-984.142 -57.795;-251.473 -41.570;826.466 -121.011;7.146 -336.331;487.209 872.779;-696.009 -716.496;965.979 242.134;-215.311 532.772;776.462 -618.279;324.242 429.005;22.269 974.205;472.343 -881.019;391.098 -413.524;-11.753 -989.071;-799.893 502.940,nan;nan;nan;nan;nan;nan;nan;nan;nan;nan;nan;nan;nan;nan;nan;nan;nan;nan;nan;nan;nan;nan;nan;nan;nan;nan;nan;nan;nan;nan;nan;nan;nan;nan;nan;nan;nan;nan;nan;nan;nan;nan;nan;nan;nan;nan;nan;nan;nan;nan;nan;nan;nan;nan;199132.908;200647.174;200647.174;201164.926;201194.748;201194.748;201334.263;201383.413;201383.413;201391.548;201392.455;201409.770;201416.797;201425.754;201434.517;201436.452;201442.211;201446.494;201448.590;201449.488;201449.488;201450.693;201451.270;201452.304;201452.415;201453.301;201453.773;201454.010;201454.181;201454.337;201454.472;201454.606;201454.756;201454.855;201454.925;201455.007;201455.025;201455.048;201455.076;201455.085;201455.096;201455.101;201455.107;201455.111;201455.113;201455.116;201455.117;201776.944;201776.944;202089.050;202101.944;202419.263;202419.263;202472.222;202684.033;202737.184;202891.981;202945.151;202990.895;203044.312;203105.338;203159.051;203186.115;203240.015;203259.970;203313.931;203329.207;203382.326;203383.546;203436.656;203436.656;203471.119;203509.264;203543.600;203563.500;203597.823;203638.397;203672.708;203691.764;203732.023;203732.023;203760.339;203760.339;203783.866;203783.866;203816.757;203816.757;203838.794;203838.794;203850.315;203850.315;203875.994;203875.994;203982.655;203982.655;204836.748;204836.748;205101.135;205101.135;205150.158;205150.158;205160.796;205160.796;205164.706;205164.706;205164.706;205164.706;205230.123;205230.123;205243.988;205243.988;205243.988;205249.246;205249.246;205254.360;205274.590;205274.590;205314.530;205314.530;205320.706;205320.706;205320.706;205322.807;205327.454;205327.454;205327.454;205336.983;205336.983;205336.983;205340.086;205360.071;205363.172;205363.172;205373.732;205373.732;205393.827;205393.827;205393.827;205394.520;205406.622;205407.670;205407.670;205407.670;205412.280;205427.502;205432.112;205433.500,5D,385.0
BVNS,1,1000,15,9,6030,random,6030,206312.0512791244,210686.06054602243,4374.009266898036,True,386.5839617360936,3.0540469339999987,-207.301 -526.071;-995.177 -64.787;-862.613 298.357;-534.841 -8.866;680.935 395.135;85.857 351.134;-357.854 869.082;-404.881 406.058;-298.477 -952.260;-138.780 28.801;103.064 974.536;-718.721 683.980;283.151 -295.124;105.959 -777.863;561.299 -731.133,nan;nan;nan;nan;nan;nan;nan;nan;nan;nan;nan;nan;nan;nan;nan;nan;nan;nan;nan;nan;nan;nan;nan;nan;nan;nan;nan;nan;nan;nan;nan;nan;nan;nan;nan;nan;nan;nan;nan;nan;nan;nan;nan;nan;nan;nan;nan;nan;nan;nan;nan;nan;nan;nan;nan;nan;nan;nan;nan;nan;nan;nan;nan;nan;nan;nan;nan;nan;nan;nan;nan;nan;nan;nan;nan;nan;nan;nan;nan;nan;nan;nan;nan;nan;nan;nan;202818.375;203271.484;203698.462;204151.572;204574.574;205027.721;205118.458;205148.887;205201.663;205230.767;205257.146;205277.052;205300.383;205320.279;205320.279;205337.230;205372.517;205389.627;205392.197;205413.939;205439.098;205463.284;205463.284;205488.240;205488.240;205494.765;205510.658;205517.184;205528.840;205535.365;205536.163;205552.247;205552.247;205558.777;205584.786;205629.610;205629.610;205644.612;205644.612;205651.699;205651.699;205651.699;205651.699;205672.546;206064.051;206084.897;206132.877;206153.073;206153.073;206159.053;206159.053;206159.053;206159.053;206184.881;206184.881;206194.690;206194.690;206195.922;206203.985;206205.217;206211.085;206212.317;206212.317;206214.086;206214.086;206215.305;206215.305;206217.043;206217.043;206218.036;206218.189;206227.816;206227.816;206228.806;206228.951;206229.941;206230.062;206231.053;206231.053;206267.041;206267.041;206267.799;206267.974;206268.732;206268.874;206269.632;206269.632;206273.939;206276.623;206280.929;206280.929;206282.213;206282.624;206286.578;206286.578;206287.325;206288.118;206288.865;206288.865;206290.133;206298.210;206299.478;206300.214;206301.482;206301.482;206302.217;206302.363;206303.098;206303.098;206304.348;206309.824;206311.073;206311.324;206312.051;206312.051,5D,385.0
PSOC,1,1000,15,19,6030,random,6030,205105.5179808384,210686.06054602243,5580.542565184034,True,392.06456220051945,2.815180427999998,-865.068 135.979;-100.071 490.951;-48.828 995.256;288.909 3.687;404.893 613.408;-204.308 -428.361;-480.638 -107.359;-894.557 -381.390;701.739 -416.910;865.638 92.350;-133.070 74.054;186.594 -980.244;263.322 -502.990;-732.937 538.434;-377.032 777.969,nan;nan;nan;nan;nan;nan;nan;nan;nan;nan;nan;nan;nan;nan;nan;nan;nan;nan;nan;nan;nan;nan;nan;nan;nan;nan;nan;nan;nan;nan;nan;nan;nan;nan;nan;nan;nan;nan;nan;nan;nan;nan;nan;nan;nan;nan;nan;nan;nan;nan;nan;nan;nan;nan;nan;nan;nan;nan;nan;nan;nan;nan;nan;nan;nan;nan;nan;nan;nan;nan;nan;nan;nan;201375.839;201375.839;201375.839;201820.678;201820.678;202788.186;202843.286;202843.286;202889.396;202889.396;202889.396;203534.653;203534.653;203534.653;204048.810;204048.810;204048.810;204048.810;204071.464;204071.464;204071.464;204076.898;204076.898;204132.658;204132.658;204132.658;204132.658;204132.658;204132.658;204132.658;204146.611;204187.340;204488.573;204488.573;204488.573;204488.573;204488.573;204525.414;204564.710;204592.285;204592.285;204688.514;204917.922;204917.922;204917.922;204917.922;204917.922;204931.921;204931.921;204931.921;204943.781;204943.781;204943.781;204943.781;204943.781;204943.781;204943.781;204943.781;204943.781;204943.781;204943.781;204943.781;204943.781;204943.781;204945.258;204945.258;204948.688;204948.688;204953.583;204953.583;204967.335;204967.335;204967.335;204967.335;204967.335;204968.468;204968.468;204968.468;204968.468;204968.468;204974.275;204974.275;204974.275;204974.275;204990.888;204990.888;204990.888;204990.888;204990.888;204990.888;204990.888;204990.888;204990.888;204990.888;204990.888;204990.888;204990.888;204990.888;204990.888;204990.888;204995.929;205023.276;205023.276;205023.276;205023.276;205023.276;205023.276;205023.276;205023.413;205023.413;205026.719;205026.719;205041.232;205041.232;205041.232;205041.232;205041.232;205050.907;205062.585;205094.913;205100.128;205100.128;205100.128;205105.518;205105.518;205105.518;205105.518;205105.518,5D,385.0
SSA,1,1000,15,29,6030,random,6030,205278.88806926276,210686.06054602243,5407.172476759675,True,388.55301849932573,3.121481054,-787.254 -212.846;452.834 827.160;-956.098 137.165;763.842 -445.498;-281.054 -577.296;360.582 438.751;6.269 609.817;-111.003 238.752;770.957 595.512;96.438 987.907;-190.175 -177.219;551.240 -770.727;-485.798 95.196;-649.195 467.373;407.464 -270.935,nan;nan;nan;nan;nan;nan;nan;nan;nan;nan;nan;nan;nan;nan;nan;nan;nan;nan;nan;nan;nan;nan;nan;nan;nan;nan;nan;nan;nan;nan;nan;nan;nan;nan;nan;nan;nan;nan;nan;nan;nan;nan;nan;nan;nan;nan;nan;nan;nan;nan;nan;nan;nan;nan;nan;nan;nan;nan;nan;nan;nan;nan;nan;nan;nan;nan;nan;nan;nan;nan;nan;nan;nan;nan;nan;nan;nan;nan;nan;nan;nan;nan;nan;nan;nan;nan;nan;nan;nan;nan;nan;nan;nan;nan;nan;nan;nan;nan;nan;nan;nan;nan;nan;nan;nan;nan;nan;nan;nan;nan;nan;nan;nan;nan;nan;nan;nan;nan;203660.677;205166.749;205166.749;205166.749;205178.268;205207.895;205241.532;205241.532;205241.532;205241.532;205241.532;205241.532;205241.901;205241.901;205241.901;205241.901;205243.864;205246.912;205250.750;205251.362;205253.787;205254.685;205257.764;205260.230;205262.824;205264.350;205266.378;205267.769;205268.580;205269.900;205271.003;205271.805;205272.830;205273.673;205274.297;205274.654;205275.455;205276.173;205276.639;205276.910;205277.113;205277.272;205277.538;205277.638;205277.783;205277.858;205277.939;205278.074;205278.151;205278.202;205278.270;205278.349;205278.413;205278.501;205278.571;205278.628;205278.663;205278.689;205278.705;205278.724;205278.752;205278.764;205278.784;205278.801;205278.809;205278.818;205278.834;205278.842;205278.848;205278.853;205278.861;205278.866;205278.871;205278.873;205278.877;205278.880;205278.882;205278.883;205278.884;205278.885;205278.886;205278.887;205278.888,5D,385.0
DE,1,1000,15,9,6030,random,6030,200045.8453640686,210686.06054602243,10640.215181953827,False,257.8471984414394,4.032582208000001,-245.985 871.558;-364.431 -804.423;-373.676 -434.421;370.595 -215.373;-249.712 112.178;545.987 284.025;-633.918 479.080;-785.117 242.876;-106.962 -790.450;70.807 704.930;707.628 552.753;-209.350 423.149;90.962 -220.562;411.054 822.980;474.503 -488.374,nan;nan;nan;nan;nan;nan;nan;nan;nan;nan;nan;nan;nan;nan;nan;nan;nan;nan;nan;nan;nan;nan;nan;nan;nan;nan;nan;nan;nan;nan;nan;nan;nan;nan;nan;nan;nan;nan;nan;nan;nan;nan;nan;nan;nan;nan;nan;nan;nan;nan;nan;nan;nan;nan;nan;nan;nan;nan;nan;nan;nan;nan;nan;nan;nan;nan;nan;nan;nan;nan;nan;nan;nan;nan;nan;nan;nan;nan;nan;nan;nan;nan;nan;nan;nan;nan;nan;nan;nan;nan;nan;nan;nan;nan;nan;nan;nan;nan;nan;nan;nan;nan;nan;nan;nan;nan;nan;nan;nan;nan;nan;nan;nan;nan;nan;nan;nan;nan;nan;nan;nan;nan;nan;nan;nan;nan;nan;nan;nan;nan;nan;nan;nan;nan;nan;nan;nan;nan;nan;nan;nan;nan;nan;nan;nan;nan;nan;nan;nan;nan;nan;nan;nan;nan;nan;nan;nan;nan;nan;nan;nan;nan;nan;nan;nan;nan;nan;nan;nan;nan;nan;nan;nan;nan;nan;nan;nan;nan;nan;nan;nan;nan;nan;nan;nan;nan;nan;nan;nan;nan;nan;nan;nan;nan;nan;nan;nan;nan;nan;nan;nan,5D,385.0
SLSQP,2,1000,15,19,6030,random,6030,103795.8467288551,109730.67592026998,5934.829191414872,True,463.01774096099786,5.693314577000002,-39.718 27.839;985.573 141.526;864.506 -439.621;-757.344 -652.829;354.389 438.535;-91.635 995.120;-363.196 -338.884;514.748 -36.250;379.682 922.981;-432.593 334.238;-918.327 370.981;785.061 608.556;338.226 -894.715;-347.818 -919.981;171.658 -403.725,nan;nan;nan;nan;nan;nan;nan;nan;102733.706;102733.706;102733.706;102733.706;102733.706;102733.706;102733.706;102733.706;102733.706;102733.706;102733.706;102733.706;102733.706;102733.706;102733.706;102733.706;102733.706;102733.706;102733.706;102733.706;102733.706;102733.706;102733.706;102733.706;102733.706;102733.706;102733.706;102733.706;102733.706;102733.706;102733.706;102733.706;102733.706;102733.706;102733.706;102733.706;102733.706;102733.706;102733.706;102733.706;102733.706;102733.706;102733.706;102733.706;102733.706;102733.706;102733.706;102733.706;102733.706;102733.706;102733.706;102733.706;102733.706;102733.706;102733.706;102733.706;102733.706;102733.706;102733.706;102733.706;102733.706;102733.706;102733.706;102733.706;102733.706;102733.706;102733.706;102733.706;102733.706;102733.706;102733.706;102733.706;102733.706;102733.706;102733.706;102733.706;102733.706;102733.706;102733.706;102733.706;102733.706;102733.706;102733.706;102733.706;102733.706;102733.706;102733.706;102733.706;102733.706;102733.706;102733.706;102733.706;102733.706;102733.706;102733.706;102733.706;102733.706;102733.706;103753.373;103753.373;103753.373;103753.373;103753.373;103753.373;103753.373;103753.373;103753.373;103753.373;103753.373;103753.373;103753.373;103753.373;103753.373;103753.373;103753.373;103753.373;103753.373;103753.373;103753.373;103753.373;103753.373;103753.373;103753.373;103753.373;103753.373;103753.373;103753.373;103753.373;103753.373;103753.373;103753.373;103753.373;103753.373;103753.373;103753.373;103753.373;103753.373;103753.373;103753.373;103753.373;103753.373;103753.373;103753.373;103753.373;103753.373;103753.373;103753.373;103753.373;103753.373;103753.373;103753.373;103753.373;103795.754;103795.847;103795.847;103795.847;103795.847;103795.847;103795.847;103795.847;103795.847;103795.847;103795.847;103795.847;103795.847;103795.847;103795.847;103795.847;103795.847;103795.847;103795.847;103795.847;103795.847;103795.847;103795.847;103795.847;103795.847;103795.847;103795.847;103795.847;103795.847;103795.847;103795.847;103795.847;103795.847;103795.847;103795.847;103795.847;103795.847;103795.847;103795.847;103795.847;103795.847,6D,462.0
PSOBV,2,1000,15,29,6030,random,6030,104265.45068058961,109730.67592026998,5465.225239680367,True,463.20752416827565,3.9105411950000004,241.214 -546.579;-332.290 402.585;-523.814 843.964;932.762 -152.837;-147.247 -906.105;440.308 -10.579;-733.020 -648.944;234.475 417.777;855.304 336.035;644.748 748.622;-770.471 168.464;-377.594 -331.993;75.141 990.462;756.562 -652.883;-62.471 24.029,nan;nan;nan;nan;nan;nan;nan;nan;nan;nan;nan;nan;nan;nan;nan;nan;nan;nan;nan;nan;nan;nan;nan;nan;nan;nan;nan;nan;nan;nan;nan;nan;nan;nan;nan;nan;nan;nan;nan;nan;nan;nan;nan;nan;nan;nan;nan;nan;nan;nan;nan;nan;nan;nan;nan;nan;nan;nan;nan;nan;nan;nan;nan;nan;nan;nan;nan;nan;nan;nan;nan;nan;nan;nan;nan;nan;nan;nan;nan;nan;nan;nan;nan;nan;nan;nan;nan;nan;nan;nan;nan;nan;nan;nan;nan;nan;nan;nan;nan;nan;nan;nan;nan;nan;nan;nan;nan;nan;nan;nan;nan;nan;nan;102536.016;102536.016;102965.559;102965.559;103159.092;103179.022;103372.555;103374.603;103487.485;103503.593;103620.366;103620.366;103689.814;103721.125;103790.624;103790.624;103801.880;103822.173;103833.526;103843.096;103854.830;103872.933;103885.449;103909.050;103921.912;103921.912;103929.723;103932.651;103940.461;103943.059;103950.870;104099.891;104107.702;104109.363;104117.174;104117.174;104117.174;104120.757;104120.757;104127.743;104127.743;104137.167;104137.167;104137.167;104147.105;104151.794;104161.732;104161.732;104163.527;104170.158;104175.560;104175.560;104177.575;104178.738;104184.029;104186.815;104192.106;104194.607;104199.898;104199.898;104202.420;104202.873;104205.395;104205.663;104208.095;104208.095;104217.435;104217.435;104217.435;104234.388;104234.388;104238.949;104238.949;104246.796;104246.796;104246.796;104251.593;104251.593;104256.211;104256.211;104258.756;104258.853;104261.398;104261.398;104262.843;104262.932;104265.451;104265.451,6D,462.0
RSDVNS,2,1000,15,9,6030,random,6030,102798.92674993833,109730.67592026998,6931.749170331648,False,461.717693354419,3.0691693549999997,-827.016 460.065;437.680 -240.454;340.348 472.226;-149.143 419.224;948.851 -266.771;812.165 583.010;711.227 132.461;-976.161 -10.237;-135.795 -942.245;-152.628 -431.680;-512.494 -131.655;-524.172 812.329;280.576 -675.336;-842.793 -506.598;39.078 -4.727,nan;nan;nan;nan;nan;nan;nan;nan;nan;nan;nan;nan;nan;nan;nan;nan;nan;nan;nan;nan;nan;nan;nan;nan;nan;nan;nan;nan;nan;nan;nan;nan;nan;nan;nan;nan;nan;nan;nan;nan;nan;nan;nan;nan;nan;nan;nan;nan;nan;nan;nan;nan;nan;nan;nan;nan;nan;nan;nan;nan;nan;nan;nan;nan;nan;nan;nan;nan;nan;nan;nan;nan;nan;nan;nan;nan;nan;nan;nan;nan;nan;nan;nan;nan;nan;nan;nan;nan;nan;nan;nan;nan;nan;nan;nan;nan;nan;nan;nan;nan;nan;nan;nan;nan;nan;nan;nan;nan;nan;nan;nan;nan;nan;nan;nan;nan;nan;nan;nan;nan;nan;nan;nan;nan;nan;nan;nan;nan;nan;nan;nan;nan;nan;nan;nan;nan;nan;nan;nan;nan;nan;nan;nan;nan;nan;nan;nan;nan;nan;nan;nan;nan;nan;nan;nan;nan;nan;nan;nan;nan;nan;nan;nan;nan;nan;nan;nan;nan;nan;nan;nan;nan;nan;nan;nan;nan;nan;nan;nan;nan;nan;nan;nan;nan;nan;nan;nan;nan;nan;nan;nan;nan;nan;nan;nan;nan;nan;nan;nan;nan;nan,6D,462.0
BVNS,2,1000,15,19,6030,random,6030,101643.7596684006,109730.67592026998,8086.916251869377,False,456.39761897552984,2.8618207430000027,-792.265 244.070;869.042 -154.888;659.066 751.394;-314.435 153.518;67.192 -488.635;535.055 -569.334;943.798 302.224;229.840 925.759;46.289 440.334;487.497 323.567;-383.579 -612.140;-698.013 711.663;338.484 -114.318;-619.716 -201.759;-240.137 808.095,nan;nan;nan;nan;nan;nan;nan;nan;nan;nan;nan;nan;nan;nan;nan;nan;nan;nan;nan;nan;nan;nan;nan;nan;nan;nan;nan;nan;nan;nan;nan;nan;nan;nan;nan;nan;nan;nan;nan;nan;nan;nan;nan;nan;nan;nan;nan;nan;nan;nan;nan;nan;nan;nan;nan;nan;nan;nan;nan;nan;nan;nan;nan;nan;nan;nan;nan;nan;nan;nan;nan;nan;nan;nan;nan;nan;nan;nan;nan;nan;nan;nan;nan;nan;nan;nan;nan;nan;nan;nan;nan;nan;nan;nan;nan;nan;nan;nan;nan;nan;nan;nan;nan;nan;nan;nan;nan;nan;nan;nan;nan;nan;nan;nan;nan;nan;nan;nan;nan;nan;nan;nan;nan;nan;nan;nan;nan;nan;nan;nan;nan;nan;nan;nan;nan;nan;nan;nan;nan;nan;nan;nan;nan;nan;nan;nan;nan;nan;nan;nan;nan;nan;nan;nan;nan;nan;nan;nan;nan;nan;nan;nan;nan;nan;nan;nan;nan;nan;nan;nan;nan;nan;nan;nan;nan;nan;nan;nan;nan;nan;nan;nan;nan;nan;nan;nan;nan;nan;nan;nan;nan;nan;nan;nan;nan;nan;nan;nan;nan;nan;nan,6D,462.0
PSOC,2,1000,15,29,6030,random,6030,104121.29768053227,109730.67592026998,5609.378239737707,True,462.01728247754863,2.9100615079999983,122.690 -468.374;-337.963 414.276;-512.695 848.984;946.255 -242.875;-175.263 -867.203;537.867 -26.821;-760.068 -628.884;188.238 444.831;855.279 328.994;576.543 722.322;-826.686 193.047;-362.968 -358.827;108.922 923.465;641.685 -646.745;-69.051 11.971,nan;nan;nan;nan;nan;nan;nan;nan;nan;nan;nan;nan;nan;nan;nan;nan;nan;nan;nan;nan;nan;nan;nan;nan;nan;nan;nan;nan;nan;nan;nan;nan;nan;nan;nan;nan;nan;nan;nan;nan;nan;nan;nan;nan;nan;nan;nan;nan;nan;nan;nan;nan;nan;nan;nan;nan;nan;nan;nan;nan;nan;nan;nan;nan;nan;nan;nan;nan;nan;nan;nan;nan;nan;nan;nan;nan;nan;nan;nan;nan;nan;nan;nan;nan;nan;nan;nan;nan;nan;nan;nan;nan;nan;nan;nan;nan;nan;nan;nan;nan;nan;nan;nan;nan;nan;nan;nan;nan;nan;nan;nan;nan;nan;nan;nan;nan;nan;nan;nan;nan;nan;nan;nan;nan;nan;nan;nan;102672.443;102672.443;102672.443;102672.443;102672.443;102799.957;102799.957;102985.114;102985.114;102985.114;102985.114;102985.114;102985.114;102985.114;102985.114;102991.910;102991.910;102991.910;103546.194;103546.194;103546.194;103546.194;103546.194;103546.194;103546.194;103546.194;103546.194;103546.194;103619.368;103619.368;103619.368;103619.368;103619.368;103619.368;103650.946;103650.946;103650.946;103650.946;103650.946;103650.946;103650.946;103741.661;103829.896;103829.896;103896.349;103896.349;103896.349;103896.349;103896.349;103896.349;103896.349;103896.349;103896.349;103896.349;103896.349;103896.349;103896.349;103900.683;103900.683;103900.683;104055.509;104055.509;104055.509;104055.509;104055.509;104055.509;104121.298;104121.298;104121.298;104121.298;104121.298;104121.298;104121.298;104121.298,6D,462.0
LXSSA,2,1000,15,9,6030,random,6030,103364.44610344633,109730.67592026998,6366.229816823645,False,419.49234163897313,2.9072852489999974,758.339 -282.477;314.366 279.287;105.911 -622.834;-824.508 527.316;688.543 -725.192;-59.587 25.548;-703.815 -6.695;686.151 689.481;-282.561 -329.778;-504.004 -693.840;-233.906 972.259;30.253 600.235;-377.645 347.909;-156.879 -978.741;350.168 -140.065,nan;nan;nan;nan;nan;nan;nan;nan;nan;nan;nan;nan;nan;nan;nan;nan;nan;nan;nan;nan;nan;nan;nan;nan;nan;nan;nan;nan;nan;nan;nan;nan;nan;nan;nan;nan;nan;nan;nan;nan;nan;nan;nan;nan;nan;nan;nan;nan;nan;nan;nan;nan;nan;nan;nan;nan;nan;nan;nan;nan;nan;nan;nan;nan;nan;nan;nan;nan;nan;nan;nan;nan;nan;nan;nan;nan;nan;nan;nan;nan;nan;nan;nan;nan;nan;nan;nan;nan;nan;nan;nan;nan;nan;nan;nan;nan;nan;nan;nan;nan;nan;nan;nan;nan;nan;nan;nan;nan;nan;nan;nan;nan;nan;nan;nan;nan;nan;nan;nan;nan;nan;nan;nan;nan;nan;nan;nan;nan;nan;nan;nan;nan;nan;nan;nan;nan;nan;nan;nan;nan;nan;nan;nan;nan;nan;nan;nan;nan;nan;nan;nan;nan;nan;nan;nan;nan;nan;nan;nan;nan;nan;nan;nan;nan;nan;nan;nan;nan;nan;nan;nan;nan;nan;nan;nan;nan;nan;nan;nan;nan;nan;nan;nan;nan;nan;nan;nan;nan;nan;nan;nan;nan;nan;nan;nan;nan;nan;nan;nan;nan;nan,6D,462.0
DE,2,1000,15,19,6030,random,6030,99637.68734404669,109730.67592026998,10092.988576223288,False,251.68164724766362,4.814104831999998,-559.387 733.169;495.670 171.279;486.956 -203.181;703.098 19.041;393.391 896.948;-212.317 591.947;18.602 -228.498;12.665 277.237;59.554 633.440;-376.133 -405.670;-738.086 -91.412;465.895 421.194;272.624 -797.636;855.405 356.974;937.516 -269.328,nan;nan;nan;nan;nan;nan;nan;nan;nan;nan;nan;nan;nan;nan;nan;nan;nan;nan;nan;nan;nan;nan;nan;nan;nan;nan;nan;nan;nan;nan;nan;nan;nan;nan;nan;nan;nan;nan;nan;nan;nan;nan;nan;nan;nan;nan;nan;nan;nan;nan;nan;nan;nan;nan;nan;nan;nan;nan;nan;nan;nan;nan;nan;nan;nan;nan;nan;nan;nan;nan;nan;nan;nan;nan;nan;nan;nan;nan;nan;nan;nan;nan;nan;nan;nan;nan;nan;nan;nan;nan;nan;nan;nan;nan;nan;nan;nan;nan;nan;nan;nan;nan;nan;nan;nan;nan;nan;nan;nan;nan;nan;nan;nan;nan;nan;nan;nan;nan;nan;nan;nan;nan;nan;nan;nan;nan;nan;nan;nan;nan;nan;nan;nan;nan;nan;nan;nan;nan;nan;nan;nan;nan;nan;nan;nan;nan;nan;nan;nan;nan;nan;nan;nan;nan;nan;nan;nan;nan;nan;nan;nan;nan;nan;nan;nan;nan;nan;nan;nan;nan;nan;nan;nan;nan;nan;nan;nan;nan;nan;nan;nan;nan;nan;nan;nan;nan;nan;nan;nan;nan;nan;nan;nan;nan;nan;nan;nan;nan;nan;nan;nan,6D,462.0
SLSQP,2,1000,15,29,6030,random,6030,103812.35868955686,109730.67592026998,5918.317230713117,True,386.08190016525293,5.454285327999997,48.273 -228.758;-603.824 302.886;94.597 -926.892;578.619 -664.454;-346.989 -891.904;-8.428 332.157;918.238 -297.327;101.594 967.662;829.397 556.905;300.040 587.540;-642.646 763.293;-810.533 -581.853;-541.865 -86.664;-161.831 -553.118;409.236 105.802,nan;nan;nan;nan;nan;nan;nan;nan;nan;nan;nan;nan;nan;nan;nan;nan;nan;nan;nan;nan;102643.812;102643.812;102643.812;102643.812;102643.812;102643.812;102643.812;102643.812;102643.812;102643.812;102643.812;102643.812;102646.426;102646.426;102646.426;102646.426;102804.939;102804.939;102804.939;102804.939;103629.999;103629.999;103629.999;103629.999;103629.999;103629.999;103629.999;103629.999;103629.999;103629.999;103629.999;103629.999;103629.999;103629.999;103629.999;103629.999;103629.999;103629.999;103629.999;103629.999;103629.999;103807.787;103807.787;103807.787;103807.787;103807.787;103807.787;103807.787;103807.787;103807.787;103807.787;103807.787;103807.787;103807.787;103807.787;103807.787;103807.787;103807.787;103807.787;103807.787;103807.787;103807.787;103807.787;103807.787;103807.787;103807.787;103807.787;103807.787;103807.787;103807.787;103807.787;103807.787;103807.787;103807.787;103807.787;103807.787;103807.787;103807.787;103807.787;103807.787;103807.787;103807.787;103807.787;103807.787;103807.787;103807.787;103807.787;103807.787;103807.787;103807.787;103807.787;103807.787;103807.787;103807.787;103807.787;103807.787;103807.787;103807.787;103807.787;103808.200;103808.200;103808.606;103809.899;103810.724;103811.194;103811.546;103812.359;103812.359;103812.359;103812.359;103812.359;103812.359;103812.359;103812.359;103812.359;103812.359;103812.359;103812.359;103812.359;103812.359;103812.359;103812.359;103812.359;103812.359;103812.359;103812.359;103812.359;103812.359;103812.359;103812.359;103812.359;103812.359;103812.359;103812.359;103812.359;103812.359;103812.359;103812.359;103812.359;103812.359;103812.359;103812.359;103812.359;103812.359;103812.359;103812.359;103812.359;103812.359;103812.359;103812.359;103812.359;103812.359;103812.359;103812.359;103812.359;103812.359;103812.359;103812.359;103812.359;103812.359;103812.359;103812.359;103812.359;103812.359;103812.359;103812.359;103812.359;103812.359;103812.359;103812.359;103812.359;103812.359;103812.359;103812.359;103812.359;103812.359;103812.359;103812.359;103812.359;103812.359;103812.359,5D,385.0
SSABV,2,1000,15,9,6030,random,6030,103846.41369420962,109730.67592026998,5884.262226060353,True,387.2678196369408,3.282668342000001,372.460 72.828;-252.664 898.310;-272.509 -649.626;173.065 -795.652;-577.689 80.643;393.125 521.514;996.976 63.685;-111.449 -68.035;761.684 645.540;-432.008 457.324;-785.027 616.553;185.311 -328.252;-25.674 318.107;-667.373 -561.977;600.084 -258.081,nan;nan;nan;nan;nan;nan;nan;nan;nan;nan;nan;nan;nan;nan;nan;nan;nan;nan;nan;nan;nan;nan;nan;nan;nan;nan;nan;nan;nan;nan;nan;nan;nan;nan;nan;nan;nan;nan;nan;nan;nan;nan;nan;nan;nan;nan;nan;nan;nan;nan;nan;nan;nan;nan;nan;nan;nan;nan;nan;nan;nan;nan;nan;nan;nan;nan;nan;nan;nan;nan;nan;nan;nan;nan;nan;nan;nan;nan;nan;nan;nan;nan;nan;nan;nan;nan;nan;nan;nan;nan;nan;nan;nan;nan;nan;nan;nan;nan;nan;nan;nan;nan;nan;nan;nan;nan;nan;100618.848;100618.848;100837.455;100837.455;101030.029;101280.532;101444.058;101444.058;101700.429;101700.429;101832.593;101832.593;102023.850;102023.850;102110.673;102149.494;102227.193;102227.193;102315.653;102315.653;102368.178;102368.178;102370.337;102370.337;102370.337;102370.337;102768.869;102768.869;102942.364;102959.257;103347.626;103347.626;103397.885;103515.285;103547.563;103547.563;103567.222;103567.222;103575.143;103575.143;103575.143;103575.143;103709.271;103709.271;103735.076;103735.076;103735.237;103735.693;103735.874;103768.452;103768.586;103768.586;103768.586;103768.586;103776.180;103776.180;103778.060;103782.761;103804.299;103804.299;103806.164;103810.598;103812.463;103814.077;103819.049;103819.049;103820.912;103822.377;103827.272;103827.272;103829.134;103829.134;103830.400;103830.400;103831.921;103831.921;103832.512;103833.047;103837.858;103837.858;103838.449;103838.449;103839.012;103839.012;103839.012;103839.103;103839.103;103839.103;103842.875;103842.875;103843.792;103845.496;103846.414;103846.414,5D,385.0
RSDVNS,2,1000,15,19,6030,random,6030,103871.94531944601,109730.67592026998,5858.730600823968,True,386.601836067146,2.9309504289999992,150.163 -668.476;80.872 -238.242;-488.000 -871.515;207.025 977.688;-978.891 165.259;-619.399 349.893;54.125 348.307;-283.872 65.203;474.231 187.182;-673.251 -440.313;-650.706 753.234;-246.434 887.723;376.878 630.398;801.501 592.659;-259.894 -534.587,nan;nan;nan;nan;nan;nan;nan;nan;nan;nan;nan;nan;nan;nan;nan;nan;nan;nan;nan;nan;nan;nan;nan;nan;nan;nan;nan;nan;nan;nan;nan;nan;nan;nan;nan;nan;nan;nan;nan;nan;nan;nan;nan;nan;nan;nan;nan;nan;nan;nan;nan;nan;nan;nan;nan;nan;nan;nan;nan;nan;nan;nan;nan;nan;nan;nan;nan;nan;nan;nan;nan;nan;nan;nan;nan;nan;nan;nan;nan;nan;nan;nan;nan;nan;nan;nan;nan;nan;nan;nan;nan;nan;nan;nan;nan;nan;nan;nan;nan;nan;nan;nan;nan;nan;nan;nan;nan;nan;nan;nan;nan;nan;nan;nan;nan;nan;nan;nan;nan;nan;nan;nan;nan;nan;nan;nan;nan;nan;nan;nan;nan;101882.406;102309.240;102323.303;102779.689;102779.689;102855.889;103058.906;103134.879;103134.879;103222.539;103224.429;103287.697;103299.490;103374.550;103374.550;103431.348;103431.348;103431.348;103482.478;103482.478;103482.478;103490.480;103508.500;103541.101;103558.530;103581.374;103598.822;103606.824;103614.036;103621.981;103621.981;103621.981;103621.981;103662.368;103662.368;103662.368;103688.327;103688.327;103698.935;103698.935;103708.411;103708.411;103708.411;103712.135;103712.135;103716.013;103727.758;103731.482;103809.140;103812.863;103819.089;103822.812;103822.979;103830.132;103830.299;103834.017;103842.207;103845.925;103845.925;103845.925;103845.925;103847.093;103863.126;103863.126;103867.659;103867.659;103867.659;103867.859;103868.509;103871.945,5D,385.0
BVNS,2,1000,15,29,6030,random,6030,103646.91067577456,109730.67592026998,6083.765244495415,True,385.56241734327403,2.750991370999998,-101.548 -197.561;-393.152 159.851;115.170 -993.236;611.061 -790.940;-390.998 -919.805;26.259 225.535;604.212 -386.991;66.651 887.477;730.255 597.859;283.196 545.217;-609.880 791.848;-710.064 -702.720;-602.912 -230.954;-254.004 -559.401;276.124 -77.980,nan;nan;nan;nan;nan;nan;nan;nan;nan;nan;nan;nan;nan;nan;nan;nan;nan;nan;nan;nan;nan;nan;nan;nan;nan;nan;nan;nan;nan;nan;nan;nan;nan;nan;nan;nan;nan;nan;nan;nan;nan;nan;nan;nan;nan;nan;nan;nan;nan;nan;nan;nan;nan;nan;nan;nan;nan;nan;nan;nan;nan;nan;nan;nan;nan;nan;nan;nan;nan;nan;nan;nan;nan;nan;nan;nan;nan;nan;nan;nan;nan;nan;nan;nan;101397.826;101482.451;101891.201;101975.826;102375.863;102460.482;102494.226;102579.229;102579.229;102918.062;102918.062;102963.715;102983.959;103061.130;103061.130;103076.575;103099.535;103114.980;103114.980;103329.238;103329.238;103337.540;103435.937;103444.259;103445.003;103453.326;103453.326;103461.155;103461.155;103468.844;103468.844;103476.478;103476.478;103510.352;103510.352;103517.331;103517.616;103524.595;103526.428;103533.406;103534.986;103541.964;103541.964;103548.387;103548.387;103548.387;103554.105;103554.105;103555.280;103555.280;103555.280;103571.420;103571.420;103575.470;103581.331;103585.382;103585.382;103588.802;103588.802;103588.802;103588.802;103591.449;103591.449;103593.976;103593.976;103595.945;103596.066;103598.035;103598.035;103599.028;103599.440;103600.434;103600.434;103601.908;103605.324;103606.799;103606.799;103607.282;103607.448;103607.931;103612.291;103612.775;103617.092;103617.576;103617.728;103618.212;103622.482;103622.967;103622.967;103625.439;103627.535;103630.006;103630.006;103632.460;103633.133;103635.593;103635.593;103635.593;103638.687;103638.687;103639.099;103639.099;103639.494;103639.494;103639.494;103640.814;103641.025;103642.344;103642.344;103643.605;103643.605;103644.094;103644.094;103644.547;103646.457;103646.911;103646.911,5D,385.0
SSA,2,1000,15,9,6030,random,6030,103323.13831937121,109730.67592026998,6407.537600898766,True,389.05363477878024,2.902905697999998,171.034 -698.724;-833.861 -225.710;342.317 865.663;848.758 528.781;-460.088 185.326;698.825 127.980;371.213 -156.560;-259.918 -561.731;-290.551 608.409;-865.971 202.622;-91.238 -995.318;570.153 -787.753;-439.978 -203.208;-58.674 -69.524;268.835 352.147,nan;nan;nan;nan;nan;nan;nan;nan;nan;nan;nan;nan;nan;nan;nan;nan;nan;nan;nan;nan;nan;nan;nan;nan;nan;nan;nan;nan;nan;nan;nan;nan;nan;nan;nan;nan;nan;nan;nan;nan;nan;nan;nan;nan;nan;nan;nan;nan;nan;nan;nan;nan;nan;nan;nan;nan;nan;nan;nan;nan;nan;nan;nan;nan;nan;nan;nan;nan;nan;nan;nan;nan;nan;nan;nan;nan;nan;nan;nan;nan;nan;nan;nan;nan;nan;nan;nan;nan;nan;nan;nan;nan;nan;nan;nan;nan;nan;nan;nan;101486.756;102304.487;102347.910;102347.910;102347.910;102347.910;102347.910;102347.910;102347.910;102347.910;102937.045;102937.045;102937.045;102937.045;102937.045;102937.045;102937.045;102937.045;102938.616;102940.357;102940.357;102940.357;102941.710;102941.710;102944.001;103159.327;103207.170;103207.170;103212.771;103228.080;103236.591;103236.591;103236.591;103236.704;103239.237;103247.421;103250.342;103253.874;103254.953;103258.504;103261.916;103266.583;103307.859;103308.757;103309.487;103310.230;103311.870;103313.749;103314.476;103315.396;103316.274;103316.811;103317.794;103318.349;103318.984;103319.492;103319.971;103320.318;103320.607;103320.968;103321.270;103321.636;103321.867;103322.124;103322.234;103322.396;103322.486;103322.572;103322.609;103322.645;103322.700;103322.763;103322.804;103322.825;103322.864;103322.917;103322.938;103322.969;103323.002;103323.029;103323.045;103323.056;103323.070;103323.082;103323.088;103323.096;103323.102;103323.108;103323.113;103323.117;103323.120;103323.123;103323.126;103323.128;103323.131;103323.132;103323.134;103323.135;103323.136;103323.137;103323.138;103323.138,5D,385.0
LXSSA,2,1000,15,19,6030,random,6030,102899.95890316981,109730.67592026998,6830.7170171001635,True,387.79814502480656,2.8212111829999955,-481.414 551.735;229.382 295.501;-338.272 930.706;-886.513 333.418;313.938 812.725;-256.118 219.411;701.193 674.531;676.304 220.871;-56.875 646.046;522.054 -505.082;-434.203 -614.808;-125.243 -348.092;265.131 -214.603;-46.092 -805.155;-597.839 -183.023,nan;nan;nan;nan;nan;nan;nan;nan;nan;nan;nan;nan;nan;nan;nan;nan;nan;nan;nan;nan;nan;nan;nan;nan;nan;nan;nan;nan;nan;nan;nan;nan;nan;nan;nan;nan;nan;nan;nan;nan;nan;nan;nan;nan;nan;nan;nan;nan;nan;nan;nan;nan;nan;nan;nan;nan;nan;nan;nan;nan;nan;nan;nan;nan;nan;nan;nan;nan;nan;nan;nan;nan;nan;nan;nan;nan;nan;nan;nan;nan;nan;nan;nan;nan;nan;nan;nan;nan;nan;nan;nan;nan;nan;nan;nan;nan;nan;nan;nan;nan;nan;nan;nan;nan;nan;nan;nan;nan;nan;101100.804;101100.804;101100.804;102442.683;102442.683;102442.683;102442.683;102442.683;102442.683;102442.683;102483.974;102483.974;102483.974;102486.283;102502.096;102680.544;102723.663;102723.663;102757.769;102828.026;102828.026;102828.200;102834.540;102834.540;102834.540;102843.377;102843.998;102847.927;102847.927;102864.582;102868.282;102868.282;102872.650;102872.650;102872.650;102874.594;102874.594;102875.773;102875.773;102876.399;102876.733;102877.892;102880.176;102880.176;102882.389;102882.389;102886.218;102886.218;102891.907;102891.907;102891.907;102892.140;102892.140;102892.270;102892.329;102892.360;102892.360;102892.464;102892.628;102892.628;102892.981;102892.981;102893.463;102893.463;102893.463;102893.493;102893.656;102893.656;102894.078;102894.078;102899.857;102899.857;102899.857;102899.862;102899.862;102899.869;102899.873;102899.875;102899.901;102899.901;102899.901;102899.903;102899.911;102899.911;102899.917;102899.917;102899.919;102899.919;102899.928;102899.928;102899.959;102899.959,5D,385.0
DE,2,1000,15,29,6030,random,6030,99340.56602348546,109730.67592026998,10390.109896784517,False,252.07569932379732,3.3672263019999917,-133.533 -347.839;-725.674 122.235;140.383 -762.497;885.526 150.128;272.202 232.717;-350.856 340.278;-342.653 -862.583;-135.378 123.260;536.154 -693.632;315.254 -99.326;-455.556 -167.228;69.353 -198.242;-32.712 944.233;229.326 583.788;656.788 384.133,nan;nan;nan;nan;nan;nan;nan;nan;nan;nan;nan;nan;nan;nan;nan;nan;nan;nan;nan;nan;nan;nan;nan;nan;nan;nan;nan;nan;nan;nan;nan;nan;nan;nan;nan;nan;nan;nan;nan;nan;nan;nan;nan;nan;nan;nan;nan;nan;nan;nan;nan;nan;nan;nan;nan;nan;nan;nan;nan;nan;nan;nan;nan;nan;nan;nan;nan;nan;nan;nan;nan;nan;nan;nan;nan;nan;nan;nan;nan;nan;nan;nan;nan;nan;nan;nan;nan;nan;nan;nan;nan;nan;nan;nan;nan;nan;nan;nan;nan;nan;nan;nan;nan;nan;nan;nan;nan;nan;nan;nan;nan;nan;nan;nan;nan;nan;nan;nan;nan;nan;nan;nan;nan;nan;nan;nan;nan;nan;nan;nan;nan;nan;nan;nan;nan;nan;nan;nan;nan;nan;nan;nan;nan;nan;nan;nan;nan;nan;nan;nan;nan;nan;nan;nan;nan;nan;nan;nan;nan;nan;nan;nan;nan;nan;nan;nan;nan;nan;nan;nan;nan;nan;nan;nan;nan;nan;nan;nan;nan;nan;nan;nan;nan;nan;nan;nan;nan;nan;nan;nan;nan;nan;nan;nan;nan;nan;nan;nan;nan;nan;nan,5D,385.0
PSOBV,1,750,12,9,6030,random,6030,164592.60585535035,168548.84843681793,3956.2425814675807,True,462.0061037072792,2.4361920880000127,310.635 682.112;255.999 124.438;-284.954 66.799;40.889 -284.798;-150.636 -705.235;330.127 -672.544;-579.492 423.387;-579.671 -473.924;636.463 -180.344;651.458 368.591;-121.448 499.397;-748.218 -20.986,nan;nan;nan;nan;nan;nan;nan;nan;nan;nan;nan;nan;nan;nan;nan;nan;nan;nan;nan;nan;nan;nan;nan;nan;nan;nan;nan;nan;nan;nan;nan;nan;nan;nan;nan;nan;nan;nan;nan;nan;nan;nan;nan;nan;nan;nan;nan;nan;nan;nan;nan;nan;nan;nan;nan;nan;nan;nan;nan;nan;nan;nan;nan;nan;nan;nan;nan;nan;nan;nan;nan;nan;nan;nan;nan;nan;nan;nan;nan;nan;nan;nan;nan;nan;nan;nan;nan;nan;nan;nan;nan;nan;nan;nan;nan;nan;nan;nan;nan;nan;nan;nan;nan;nan;nan;nan;nan;nan;nan;nan;nan;nan;nan;nan;nan;nan;nan;nan;nan;nan;nan;nan;nan;nan;nan;nan;nan;nan;nan;nan;nan;nan;nan;nan;nan;nan;nan;nan;nan;nan;nan;164512.140;164512.696;164515.664;164518.292;164519.658;164521.714;164525.115;164525.115;164525.674;164562.148;164562.148;164562.676;164564.331;164565.796;164566.224;164566.344;164566.871;164567.223;164569.799;164570.320;164570.671;164573.229;164573.660;164573.746;164574.261;164574.608;164577.148;164577.658;164578.003;164578.097;164578.577;164578.627;164579.065;164579.454;164579.545;164580.019;164580.369;164582.551;164582.983;164582.986;164585.494;164585.840;164585.925;164586.206;164586.260;164586.730;164587.274;164587.274;164587.608;164588.075;164588.148;164588.615;164588.615;164588.948;164589.411;164589.411;164589.846;164592.327;164592.327;164592.606,6D,462.0
SSABV,1,750,12,19,6030,random,6030,161606.99723595002,168548.84843681793,6941.85120086791,False,420.5483225130909,2.4038584009999937,-641.700 -383.013;-302.801 -685.386;-175.853 725.030;598.866 -374.517;114.416 -738.212;-736.957 62.776;-554.775 472.988;68.393 331.292;688.886 78.899;60.284 -282.038;-287.651 13.076;439.546 598.344,nan;nan;nan;nan;nan;nan;nan;nan;nan;nan;nan;nan;nan;nan;nan;nan;nan;nan;nan;nan;nan;nan;nan;nan;nan;nan;nan;nan;nan;nan;nan;nan;nan;nan;nan;nan;nan;nan;nan;nan;nan;nan;nan;nan;nan;nan;nan;nan;nan;nan;nan;nan;nan;nan;nan;nan;nan;nan;nan;nan;nan;nan;nan;nan;nan;nan;nan;nan;nan;nan;nan;nan;nan;nan;nan;nan;nan;nan;nan;nan;nan;nan;nan;nan;nan;nan;nan;nan;nan;nan;nan;nan;nan;nan;nan;nan;nan;nan;nan;nan;nan;nan;nan;nan;nan;nan;nan;nan;nan;nan;nan;nan;nan;nan;nan;nan;nan;nan;nan;nan;nan;nan;nan;nan;nan;nan;nan;nan;nan;nan;nan;nan;nan;nan;nan;nan;nan;nan;nan;nan;nan;nan;nan;nan;nan;nan;nan;nan;nan;nan;nan;nan;nan;nan;nan;nan;nan;nan;nan;nan;nan;nan;nan;nan;nan;nan;nan;nan;nan;nan;nan;nan;nan;nan;nan;nan;nan;nan;nan;nan;nan;nan;nan;nan;nan;nan;nan;nan;nan;nan;nan;nan;nan;nan;nan;nan;nan;nan;nan;nan;nan,6D,462.0
RSDVNS,1,750,12,29,6030,random,6030,163150.39080984824,168548.84843681793,5398.457626969699,False,422.64920760317506,2.4802695949999958,103.080 741.888;284.591 151.799;-558.816 483.634;-112.462 378.331;-323.658 1.606;362.028 -653.163;-484.139 -571.253;486.474 557.529;-79.025 -743.539;-719.848 -190.411;590.817 -253.184;44.498 -243.634,nan;nan;nan;nan;nan;nan;nan;nan;nan;nan;nan;nan;nan;nan;nan;nan;nan;nan;nan;nan;nan;nan;nan;nan;nan;nan;nan;nan;nan;nan;nan;nan;nan;nan;nan;nan;nan;nan;nan;nan;nan;nan;nan;nan;nan;nan;nan;nan;nan;nan;nan;nan;nan;nan;nan;nan;nan;nan;nan;nan;nan;nan;nan;nan;nan;nan;nan;nan;nan;nan;nan;nan;nan;nan;nan;nan;nan;nan;nan;nan;nan;nan;nan;nan;nan;nan;nan;nan;nan;nan;nan;nan;nan;nan;nan;nan;nan;nan;nan;nan;nan;nan;nan;nan;nan;nan;nan;nan;nan;nan;nan;nan;nan;nan;nan;nan;nan;nan;nan;nan;nan;nan;nan;nan;nan;nan;nan;nan;nan;nan;nan;nan;nan;nan;nan;nan;nan;nan;nan;nan;nan;nan;nan;nan;nan;nan;nan;nan;nan;nan;nan;nan;nan;nan;nan;nan;nan;nan;nan;nan;nan;nan;nan;nan;nan;nan;nan;nan;nan;nan;nan;nan;nan;nan;nan;nan;nan;nan;nan;nan;nan;nan;nan;nan;nan;nan;nan;nan;nan;nan;nan;nan;nan;nan;nan;nan;nan;nan;nan;nan;nan,6D,462.0
PSOC,1,750,12,9,6030,random,6030,164381.26385094723,168548.84843681793,4167.584585870703,True,462.60497728868285,2.4383721300000047,310.861 678.946;238.286 133.248;-287.703 40.454;43.878 -293.465;-171.653 -708.430;335.491 -652.582;-565.456 428.692;-570.238 -463.105;588.022 -200.037;648.701 360.536;-101.859 466.020;-747.686 -19.971,nan;nan;nan;nan;nan;nan;nan;nan;nan;nan;nan;nan;nan;nan;nan;nan;nan;nan;nan;nan;nan;nan;nan;nan;nan;nan;nan;nan;nan;nan;nan;nan;nan;nan;nan;nan;nan;nan;nan;nan;nan;nan;nan;nan;nan;nan;nan;nan;nan;nan;nan;nan;nan;nan;nan;nan;nan;nan;nan;nan;nan;nan;nan;nan;nan;nan;nan;nan;nan;nan;nan;nan;nan;nan;nan;nan;nan;nan;nan;nan;nan;nan;nan;nan;nan;nan;nan;nan;nan;nan;nan;nan;nan;nan;nan;nan;nan;nan;nan;nan;nan;nan;nan;nan;nan;nan;nan;nan;nan;nan;nan;nan;nan;nan;nan;nan;nan;nan;nan;nan;nan;nan;nan;nan;nan;nan;nan;nan;nan;nan;nan;nan;nan;nan;nan;nan;nan;nan;nan;nan;nan;nan;nan;nan;nan;nan;nan;nan;nan;nan;nan;nan;nan;nan;nan;nan;nan;nan;nan;nan;nan;nan;nan;nan;nan;nan;nan;nan;nan;nan;nan;nan;nan;nan;nan;nan;nan;nan;nan;nan;nan;nan;nan;nan;nan;nan;nan;nan;nan;nan;nan;nan;nan;nan;nan;nan;164248.715;164248.715;164255.334;164262.631;164381.264,6D,462.0
SSA,1,750,12,19,6030,random,6030,161120.74160404058,168548.84843681793,7428.106832777354,False,413.6507211887236,2.624229464999999,-351.714 -626.723;649.601 -36.391;-726.300 14.500;-272.715 698.660;124.595 -288.498;-313.980 -173.325;-179.359 264.686;-604.585 435.124;241.976 144.944;101.484 -725.537;136.025 635.115;548.165 511.854,nan;nan;nan;nan;nan;nan;nan;nan;nan;nan;nan;nan;nan;nan;nan;nan;nan;nan;nan;nan;nan;nan;nan;nan;nan;nan;nan;nan;nan;nan;nan;nan;nan;nan;nan;nan;nan;nan;nan;nan;nan;nan;nan;nan;nan;nan;nan;nan;nan;nan;nan;nan;nan;nan;nan;nan;nan;nan;nan;nan;nan;nan;nan;nan;nan;nan;nan;nan;nan;nan;nan;nan;nan;nan;nan;nan;nan;nan;nan;nan;nan;nan;nan;nan;nan;nan;nan;nan;nan;nan;nan;nan;nan;nan;nan;nan;nan;nan;nan;nan;nan;nan;nan;nan;nan;nan;nan;nan;nan;nan;nan;nan;nan;nan;nan;nan;nan;nan;nan;nan;nan;nan;nan;nan;nan;nan;nan;nan;nan;nan;nan;nan;nan;nan;nan;nan;nan;nan;nan;nan;nan;nan;nan;nan;nan;nan;nan;nan;nan;nan;nan;nan;nan;nan;nan;nan;nan;nan;nan;nan;nan;nan;nan;nan;nan;nan;nan;nan;nan;nan;nan;nan;nan;nan;nan;nan;nan;nan;nan;nan;nan;nan;nan;nan;nan;nan;nan;nan;nan;nan;nan;nan;nan;nan;nan;nan;nan;nan;nan;nan;nan,6D,462.0
LXSSA,1,750,12,29,6030,random,6030,162282.89074958893,168548.84843681793,6265.957687229005,False,372.97728604453295,3.1198812490000023,-475.614 -84.619;-316.792 -518.509;127.629 166.350;663.447 -82.689;158.164 -733.108;283.832 613.768;519.945 -492.889;-440.238 607.199;500.971 284.557;40.790 -232.333;-65.052 745.648;-258.966 233.093,nan;nan;nan;nan;nan;nan;nan;nan;nan;nan;nan;nan;nan;nan;nan;nan;nan;nan;nan;nan;nan;nan;nan;nan;nan;nan;nan;nan;nan;nan;nan;nan;nan;nan;nan;nan;nan;nan;nan;nan;nan;nan;nan;nan;nan;nan;nan;nan;nan;nan;nan;nan;nan;nan;nan;nan;nan;nan;nan;nan;nan;nan;nan;nan;nan;nan;nan;nan;nan;nan;nan;nan;nan;nan;nan;nan;nan;nan;nan;nan;nan;nan;nan;nan;nan;nan;nan;nan;nan;nan;nan;nan;nan;nan;nan;nan;nan;nan;nan;nan;nan;nan;nan;nan;nan;nan;nan;nan;nan;nan;nan;nan;nan;nan;nan;nan;nan;nan;nan;nan;nan;nan;nan;nan;nan;nan;nan;nan;nan;nan;nan;nan;nan;nan;nan;nan;nan;nan;nan;nan;nan;nan;nan;nan;nan;nan;nan;nan;nan;nan;nan;nan;nan;nan;nan;nan;nan;nan;nan;nan;nan;nan;nan;nan;nan;nan;nan;nan;nan;nan;nan;nan;nan;nan;nan;nan;nan;nan;nan;nan;nan;nan;nan;nan;nan;nan;nan;nan;nan;nan;nan;nan;nan;nan;nan;nan;nan;nan;nan;nan;nan,6D,462.0
SLSQP,1,750,12,9,6030,random,6030,164692.43840903972,168548.84843681793,3856.4100277782127,True,389.99905256401917,5.2680014459999995,-312.925 673.031;702.807 -215.456;-638.781 -391.634;244.223 -23.500;-332.005 -662.275;441.503 -592.453;-331.499 54.985;20.553 -494.792;609.354 435.649;306.850 681.801;8.596 422.663;-671.070 318.066,nan;nan;nan;nan;nan;nan;160853.842;160853.842;160853.842;160853.842;160853.842;160853.842;160853.842;160853.842;160853.842;160853.842;164017.024;164017.024;164017.024;164017.024;164017.024;164017.024;164017.024;164017.024;164017.024;164017.024;164017.024;164017.024;164017.024;164017.024;164017.024;164017.024;164017.024;164028.198;164032.350;164037.450;164038.188;164038.994;164040.476;164041.176;164043.413;164043.642;164080.844;164080.845;164080.847;164080.847;164086.386;164086.386;164571.826;164598.014;164598.073;164598.106;164598.106;164598.106;164598.106;164598.106;164598.106;164598.106;164598.106;164598.106;164598.106;164598.106;164599.574;164602.590;164603.507;164604.686;164626.766;164627.142;164627.142;164627.556;164628.013;164628.294;164628.431;164654.271;164659.469;164661.487;164665.746;164670.027;164670.509;164670.992;164671.030;164671.034;164671.038;164671.042;164671.046;164671.047;164671.047;164671.048;164671.048;164671.049;164671.050;164671.050;164671.050;164671.050;164671.050;164671.050;164671.050;164671.050;164671.050;164671.050;164671.050;164671.050;164671.050;164671.050;164671.050;164671.050;164671.050;164671.050;164671.050;164671.050;164671.050;164671.050;164671.050;164671.050;164671.050;164671.050;164686.698;164688.299;164688.318;164688.318;164688.327;164690.764;164692.188;164692.188;164692.227;164692.240;164692.263;164692.263;164692.263;164692.263;164692.263;164692.263;164692.263;164692.316;164692.370;164692.423;164692.431;164692.431;164692.438;164692.438;164692.438;164692.438;164692.438;164692.438;164692.438;164692.438;164692.438;164692.438;164692.438;164692.438;164692.438;164692.438;164692.438;164692.438;164692.438;164692.438;164692.438;164692.438;164692.438;164692.438;164692.438;164692.438;164692.438;164692.438;164692.438;164692.438;164692.438;164692.438;164692.438;164692.438;164692.438;164692.438;164692.438;164692.438;164692.438;164692.438;164692.438;164692.438;164692.438;164692.438;164692.438;164692.438;164692.438;164692.438;164692.438;164692.438;164692.438;164692.438;164692.438;164692.438;164692.438;164692.438;164692.438;164692.438;164692.438;164692.438;164692.438;164692.438;164692.438;164692.438;164692.438,5D,385.0
PSOBV,1,750,12,19,6030,random,6030,163021.74523262712,168548.84843681793,5527.103204190818,True,388.62490727370994,3.6108335640000035,-647.340 -71.871;559.698 494.946;-150.022 478.079;65.569 144.653;223.067 -697.360;225.563 713.922;682.317 -83.734;-568.096 -487.553;-501.917 302.851;-234.442 -710.642;355.175 -293.513;-209.378 -304.966,nan;nan;nan;nan;nan;nan;nan;nan;nan;nan;nan;nan;nan;nan;nan;nan;nan;nan;nan;nan;nan;nan;nan;nan;nan;nan;nan;nan;nan;nan;nan;nan;nan;nan;nan;nan;nan;nan;nan;nan;nan;nan;nan;nan;nan;nan;nan;nan;nan;nan;nan;nan;nan;nan;nan;nan;nan;nan;nan;nan;nan;nan;nan;nan;nan;nan;nan;nan;nan;nan;nan;nan;nan;nan;nan;nan;nan;nan;nan;nan;nan;nan;nan;nan;nan;nan;nan;nan;nan;159647.553;159647.553;159647.553;159794.007;159794.007;161384.179;161384.179;161384.179;161384.179;161384.179;161384.179;161384.179;161719.952;161770.548;161853.025;161930.655;161930.655;161952.532;161952.532;161987.543;162172.536;162172.536;162172.536;162254.214;162268.634;162292.063;162306.540;162306.540;162313.300;162313.300;162323.727;162336.874;162338.456;162340.311;162386.195;162386.429;162432.393;162464.954;162509.341;162513.477;162515.057;162564.557;162566.139;162566.139;162566.139;162598.099;162598.099;162618.658;162623.099;162642.886;162659.303;162659.303;162669.094;162669.094;162670.898;162676.477;162683.121;162687.652;162687.652;162706.646;162716.217;162735.439;162735.439;162748.831;162754.273;162767.663;162773.320;162785.496;162791.152;162791.152;162793.162;162805.966;162805.966;162818.481;162820.345;162832.860;162832.860;162834.676;162836.595;162884.781;162884.781;162933.148;162935.112;162955.431;162956.980;162956.980;162956.980;162962.489;162962.747;162966.609;162969.438;162970.284;162973.116;162975.909;162975.909;162976.803;162993.956;162993.956;162998.307;162998.307;162999.193;162999.200;163005.035;163005.921;163005.921;163006.796;163014.681;163014.681;163015.549;163015.552;163020.892;163021.745,5D,385.0
SSABV,1,750,12,29,6030,random,6030,159546.05832057341,168548.84843681793,9002.79011624452,True,385.52108639664505,2.427806048000008,64.220 -416.494;268.827 285.484;-284.491 -234.854;605.207 -330.990;-669.817 -195.873;370.693 -651.340;-163.259 -728.665;-509.267 -548.411;614.933 115.670;-246.548 265.259;41.330 -27.913;-343.377 666.686,nan;nan;nan;nan;nan;nan;nan;nan;nan;nan;nan;nan;nan;nan;nan;nan;nan;nan;nan;nan;nan;nan;nan;nan;nan;nan;nan;nan;nan;nan;nan;nan;nan;nan;nan;nan;nan;nan;nan;nan;nan;nan;nan;nan;nan;nan;nan;nan;nan;nan;nan;nan;nan;nan;nan;nan;nan;nan;nan;nan;nan;nan;nan;nan;nan;nan;nan;nan;nan;nan;nan;nan;nan;nan;nan;nan;nan;nan;nan;nan;nan;nan;nan;nan;nan;nan;nan;nan;nan;nan;nan;nan;nan;nan;nan;nan;nan;nan;nan;nan;nan;nan;nan;nan;nan;nan;nan;nan;nan;nan;nan;nan;nan;nan;nan;nan;nan;nan;nan;nan;nan;nan;nan;nan;nan;nan;nan;nan;nan;nan;nan;nan;nan;nan;nan;nan;nan;nan;nan;nan;nan;nan;nan;nan;nan;nan;nan;nan;nan;nan;nan;nan;nan;nan;nan;nan;nan;nan;nan;nan;159395.968;159441.730;159450.318;159455.292;159455.423;159460.397;159461.689;159465.555;159470.540;159470.615;159475.568;159480.607;159480.672;159485.625;159486.852;159490.621;159495.552;159495.552;159500.461;159501.644;159504.958;159509.072;159513.488;159513.488;159514.671;159515.540;159528.747;159530.777;159531.591;159532.780;159534.757;159535.517;159536.706;159537.464;159538.630;159540.526;159541.207;159542.397;159544.241;159544.869;159546.058,5D,385.0
BVNS,1,750,12,9,6030,random,6030,163968.29670526733,168548.84843681793,4580.5517315506,True,385.8601756145793,2.276681713000002,-284.238 678.785;712.500 -211.629;-441.160 -332.083;399.620 47.841;-153.156 -647.551;497.652 -549.903;-370.922 174.256;185.581 -273.213;645.601 381.671;178.470 605.262;20.959 194.889;-712.500 -43.702,nan;nan;nan;nan;nan;nan;nan;nan;nan;nan;nan;nan;nan;nan;nan;nan;nan;nan;nan;nan;nan;nan;nan;nan;nan;nan;nan;nan;nan;nan;nan;nan;nan;nan;nan;nan;nan;nan;nan;nan;nan;nan;nan;nan;nan;nan;nan;nan;nan;nan;nan;nan;nan;nan;nan;nan;nan;nan;nan;nan;nan;nan;nan;nan;nan;nan;nan;nan;nan;nan;nan;160101.331;160101.331;160722.194;160789.954;160789.954;160832.014;160873.168;160928.647;160946.591;160970.772;160995.331;161066.812;161066.812;161091.371;161109.304;161109.304;161126.723;161126.723;161146.259;161162.705;161162.705;161178.695;161194.249;161194.249;161199.023;161200.519;161225.115;161229.593;161229.593;161244.101;161258.233;161258.233;161272.004;161272.004;161285.425;161298.511;161298.511;161298.846;161302.145;161302.524;161323.973;161326.140;161328.500;161331.703;161359.918;161372.696;161373.068;161375.057;161377.521;161377.521;161387.532;161389.836;161396.375;161405.046;161405.409;161407.314;161407.677;161415.801;161416.157;161416.483;161416.483;161416.483;161416.483;161429.497;161430.165;161430.258;161430.928;161441.304;161441.971;161441.971;161442.695;161442.695;161444.101;161444.784;161446.191;161446.266;161451.646;161451.721;161451.721;161451.721;161454.537;161454.944;161457.980;161460.785;161460.785;161463.811;161463.848;161466.523;161467.211;161467.211;161467.487;161470.189;161470.189;161470.492;161470.529;161471.724;161471.782;161472.766;161473.805;161473.842;161473.842;161473.842;161473.842;161473.842;161473.842;161473.842;161473.842;161473.842;161473.842;161473.842;161473.842;161473.842;161473.842;161473.842;161473.842;161473.842;162965.784;163085.754;163315.983;163430.883;163467.737;163550.268;163614.700;163710.603;163774.717;163811.525;163863.795;163911.114;163968.297;163968.297,5D,385.0
PSOC,1,750,12,19,6030,random,6030,164090.75564016995,168548.84843681793,4458.092796647979,True,385.4201610904258,2.3815025860000105,-744.243 -66.923;577.904 463.529;-203.104 580.732;54.216 173.363;197.092 -631.420;230.647 666.173;614.825 13.761;-554.971 -473.708;-509.162 292.851;-233.867 -702.825;358.695 -274.243;-203.103 -297.283,nan;nan;nan;nan;nan;nan;nan;nan;nan;nan;nan;nan;nan;nan;nan;nan;nan;nan;nan;nan;nan;nan;nan;nan;nan;nan;nan;nan;nan;nan;nan;nan;nan;nan;nan;nan;nan;nan;nan;nan;nan;nan;nan;nan;nan;nan;nan;nan;nan;nan;nan;nan;nan;nan;nan;nan;nan;nan;nan;nan;nan;nan;nan;nan;nan;nan;nan;nan;nan;nan;nan;nan;nan;nan;nan;nan;nan;nan;nan;nan;nan;nan;nan;nan;nan;nan;nan;nan;nan;159647.553;159647.553;159647.553;159794.007;159794.007;161384.179;161384.179;161384.179;161384.179;161384.179;161384.179;161384.179;161384.179;161384.179;161427.158;161427.158;161427.158;161427.158;161427.158;161460.745;161533.054;161533.054;161932.661;161932.661;161932.661;161932.661;161932.661;161932.661;161932.661;161947.588;161947.588;161972.163;161973.198;161973.198;162048.160;163553.081;163553.081;163606.924;163606.924;163606.924;163606.924;163606.924;163606.924;163670.789;163670.789;163670.789;163670.789;163670.789;163670.789;163702.858;163702.858;163702.858;163702.858;163702.858;163702.858;163702.858;163710.323;163710.323;163720.171;163720.171;163720.171;163743.988;163743.988;163743.988;163747.613;163747.618;163747.618;163861.478;163861.478;163861.478;163861.478;163861.478;163861.478;163861.478;163861.478;163861.478;163861.478;163861.478;163861.478;163897.986;163897.986;163897.986;163897.986;163897.986;163897.986;163897.986;163897.986;163897.986;163917.255;163917.255;163927.933;163927.933;163927.933;163927.933;163927.933;163927.933;163927.933;163927.933;163927.933;163953.090;163953.090;163982.360;164003.930;164003.930;164003.930;164003.930;164090.756;164090.756;164090.756;164090.756;164090.756;164090.756,5D,385.0
SSA,1,750,12,29,6030,random,6030,162043.23833405878,168548.84843681793,6505.61010275915,True,386.01482712915197,2.420753042000001,329.539 -12.160;241.988 706.729;-446.643 -118.903;545.867 -441.743;-545.432 -498.032;-184.933 265.088;-147.275 650.769;-58.889 -100.930;487.504 405.593;-158.090 -474.843;-716.181 222.500;130.023 -731.746,nan;nan;nan;nan;nan;nan;nan;nan;nan;nan;nan;nan;nan;nan;nan;nan;nan;nan;nan;nan;nan;nan;nan;nan;nan;nan;nan;nan;nan;nan;nan;nan;nan;nan;nan;nan;nan;nan;nan;nan;nan;nan;nan;nan;nan;nan;nan;nan;nan;nan;nan;nan;nan;nan;nan;nan;nan;nan;nan;nan;nan;nan;nan;nan;nan;nan;nan;nan;nan;nan;nan;nan;nan;nan;nan;nan;nan;nan;nan;nan;nan;nan;nan;nan;nan;nan;nan;nan;nan;nan;nan;nan;nan;nan;nan;nan;nan;nan;nan;nan;nan;nan;nan;nan;nan;nan;nan;nan;nan;nan;nan;nan;nan;nan;nan;nan;nan;nan;nan;nan;nan;nan;nan;nan;nan;nan;nan;nan;nan;nan;nan;nan;nan;nan;161917.571;161965.115;161967.859;161969.353;161970.896;161973.703;161987.167;161988.847;161992.207;161993.993;161996.486;161999.206;162000.019;162000.938;162001.885;162002.701;162036.111;162036.495;162037.591;162038.012;162038.527;162039.024;162039.840;162040.228;162040.520;162040.784;162041.026;162041.353;162041.674;162041.804;162041.995;162042.179;162042.267;162042.375;162042.509;162042.620;162042.721;162042.762;162042.831;162042.889;162042.934;162042.977;162043.035;162043.060;162043.081;162043.092;162043.124;162043.137;162043.155;162043.164;162043.175;162043.186;162043.193;162043.197;162043.203;162043.209;162043.214;162043.219;162043.223;162043.226;162043.229;162043.232;162043.233;162043.235;162043.236;162043.238;162043.238,5D,385.0
DE,1,750,12,9,6030,random,6030,160397.68510535877,168548.84843681793,8151.16333145916,False,182.07688912030477,4.094919226000002,441.438 312.780;628.312 -404.109;-171.944 393.767;-231.820 -256.398;-169.290 -716.003;-461.423 -108.886;0.695 538.720;218.415 -22.839;669.491 17.069;-681.294 -310.792;125.644 -299.438;10.456 -745.045,nan;nan;nan;nan;nan;nan;nan;nan;nan;nan;nan;nan;nan;nan;nan;nan;nan;nan;nan;nan;nan;nan;nan;nan;nan;nan;nan;nan;nan;nan;nan;nan;nan;nan;nan;nan;nan;nan;nan;nan;nan;nan;nan;nan;nan;nan;nan;nan;nan;nan;nan;nan;nan;nan;nan;nan;nan;nan;nan;nan;nan;nan;nan;nan;nan;nan;nan;nan;nan;nan;nan;nan;nan;nan;nan;nan;nan;nan;nan;nan;nan;nan;nan;nan;nan;nan;nan;nan;nan;nan;nan;nan;nan;nan;nan;nan;nan;nan;nan;nan;nan;nan;nan;nan;nan;nan;nan;nan;nan;nan;nan;nan;nan;nan;nan;nan;nan;nan;nan;nan;nan;nan;nan;nan;nan;nan;nan;nan;nan;nan;nan;nan;nan;nan;nan;nan;nan;nan;nan;nan;nan;nan;nan;nan;nan;nan;nan;nan;nan;nan;nan;nan;nan;nan;nan;nan;nan;nan;nan;nan;nan;nan;nan;nan;nan;nan;nan;nan;nan;nan;nan;nan;nan;nan;nan;nan;nan;nan;nan;nan;nan;nan;nan;nan;nan;nan;nan;nan;nan;nan;nan;nan;nan;nan;nan;nan;nan;nan;nan;nan;nan,5D,385.0
SLSQP,2,750,12,19,6030,random,6030,67874.69915445503,87784.54073621597,19909.84158176095,False,112.18073524074293,5.485100281000001,-444.198 145.553;661.156 -116.166;456.800 446.358;-320.202 152.639;87.894 -235.227;195.042 -202.000;595.349 348.543;172.380 506.819;269.092 330.250;412.498 336.425;-231.434 -402.855;-448.510 533.747,nan;nan;nan;nan;nan;nan;nan;nan;nan;nan;nan;nan;nan;nan;nan;nan;nan;nan;nan;nan;nan;nan;nan;nan;nan;nan;nan;nan;nan;nan;nan;nan;nan;nan;nan;nan;nan;nan;nan;nan;nan;nan;nan;nan;nan;nan;nan;nan;nan;nan;nan;nan;nan;nan;nan;nan;nan;nan;nan;nan;nan;nan;nan;nan;nan;nan;nan;nan;nan;nan;nan;nan;nan;nan;nan;nan;nan;nan;nan;nan;nan;nan;nan;nan;nan;nan;nan;nan;nan;nan;nan;nan;nan;nan;nan;nan;nan;nan;nan;nan;nan;nan;nan;nan;nan;nan;nan;nan;nan;nan;nan;nan;nan;nan;nan;nan;nan;nan;nan;nan;nan;nan;nan;nan;nan;nan;nan;nan;nan;nan;nan;nan;nan;nan;nan;nan;nan;nan;nan;nan;nan;nan;nan;nan;nan;nan;nan;nan;nan;nan;nan;nan;nan;nan;nan;nan;nan;nan;nan;nan;nan;nan;nan;nan;nan;nan;nan;nan;nan;nan;nan;nan;nan;nan;nan;nan;nan;nan;nan;nan;nan;nan;nan;nan;nan;nan;nan;nan;nan;nan;nan;nan;nan;nan;nan;nan;nan;nan;nan;nan;nan,6D,462.0
PSOBV,2,750,12,29,6030,random,6030,82927.78056330686,87784.54073621597,4856.760172909111,True,463.5819484375637,2.846636669000006,495.274 -562.895;700.175 -56.320;-17.161 -749.753;-258.444 109.055;-353.381 661.414;38.544 -288.711;621.818 418.348;140.796 736.257;-730.346 -133.482;233.921 141.027;-674.110 326.677;-455.350 -527.474,nan;nan;nan;nan;nan;nan;nan;nan;nan;nan;nan;nan;nan;nan;nan;nan;nan;nan;nan;nan;nan;nan;nan;nan;nan;nan;nan;nan;nan;nan;nan;nan;nan;nan;nan;nan;nan;nan;nan;nan;nan;nan;nan;nan;nan;nan;nan;nan;nan;nan;nan;nan;nan;nan;nan;nan;nan;nan;nan;nan;nan;nan;nan;nan;nan;nan;nan;nan;nan;nan;nan;nan;nan;nan;nan;nan;nan;nan;nan;nan;nan;nan;nan;nan;nan;nan;nan;nan;nan;nan;nan;nan;nan;nan;nan;nan;nan;nan;nan;nan;nan;nan;nan;nan;nan;nan;nan;nan;nan;nan;nan;nan;nan;nan;nan;nan;nan;nan;81794.245;82127.457;82323.974;82345.645;82461.078;82482.748;82482.748;82502.776;82507.089;82507.089;82526.118;82530.293;82530.293;82548.227;82548.227;82548.227;82556.903;82572.351;82656.140;82731.079;82731.079;82754.869;82754.869;82757.944;82757.944;82759.095;82762.902;82762.902;82763.374;82763.374;82793.357;82793.357;82801.607;82801.822;82809.615;82809.831;82809.831;82837.216;82837.216;82849.490;82854.191;82854.537;82859.233;82863.881;82863.881;82868.098;82868.098;82871.724;82871.724;82874.624;82877.386;82877.386;82877.964;82877.964;82878.201;82878.201;82880.499;82881.744;82884.042;82887.067;82887.276;82889.574;82889.574;82891.314;82892.248;82892.636;82893.571;82895.857;82895.857;82895.906;82896.706;82896.980;82897.225;82898.531;82898.806;82924.214;82924.489;82924.745;82925.875;82926.150;82926.383;82927.504;82927.781,6D,462.0
RSDVNS,2,750,12,9,6030,random,6030,81881.17570457238,87784.54073621597,5903.365031643596,False,436.05494806857746,2.525998998999995,44.771 -291.083;-124.419 -739.474;-277.514 43.061;-67.918 743.097;324.708 -675.874;-520.639 -497.383;287.961 105.591;747.745 57.636;-738.319 112.789;-465.200 495.268;653.361 -368.082;373.383 584.708,nan;nan;nan;nan;nan;nan;nan;nan;nan;nan;nan;nan;nan;nan;nan;nan;nan;nan;nan;nan;nan;nan;nan;nan;nan;nan;nan;nan;nan;nan;nan;nan;nan;nan;nan;nan;nan;nan;nan;nan;nan;nan;nan;nan;nan;nan;nan;nan;nan;nan;nan;nan;nan;nan;nan;nan;nan;nan;nan;nan;nan;nan;nan;nan;nan;nan;nan;nan;nan;nan;nan;nan;nan;nan;nan;nan;nan;nan;nan;nan;nan;nan;nan;nan;nan;nan;nan;nan;nan;nan;nan;nan;nan;nan;nan;nan;nan;nan;nan;nan;nan;nan;nan;nan;nan;nan;nan;nan;nan;nan;nan;nan;nan;nan;nan;nan;nan;nan;nan;nan;nan;nan;nan;nan;nan;nan;nan;nan;nan;nan;nan;nan;nan;nan;nan;nan;nan;nan;nan;nan;nan;nan;nan;nan;nan;nan;nan;nan;nan;nan;nan;nan;nan;nan;nan;nan;nan;nan;nan;nan;nan;nan;nan;nan;nan;nan;nan;nan;nan;nan;nan;nan;nan;nan;nan;nan;nan;nan;nan;nan;nan;nan;nan;nan;nan;nan;nan;nan;nan;nan;nan;nan;nan;nan;nan;nan;nan;nan;nan;nan;nan,6D,462.0
BVNS,2,750,12,19,6030,random,6030,81809.7128339506,87784.54073621597,5974.827902265373,False,458.8219845693452,2.383091205999989,-725.448 108.053;736.156 -134.916;344.300 652.608;-282.702 -72.361;12.894 -535.227;495.042 -539.500;670.349 329.793;-108.870 741.194;44.092 292.750;262.498 -132.325;-456.434 -515.355;-523.510 533.747,nan;nan;nan;nan;nan;nan;nan;nan;nan;nan;nan;nan;nan;nan;nan;nan;nan;nan;nan;nan;nan;nan;nan;nan;nan;nan;nan;nan;nan;nan;nan;nan;nan;nan;nan;nan;nan;nan;nan;nan;nan;nan;nan;nan;nan;nan;nan;nan;nan;nan;nan;nan;nan;nan;nan;nan;nan;nan;nan;nan;nan;nan;nan;nan;nan;nan;nan;nan;nan;nan;nan;nan;nan;nan;nan;nan;nan;nan;nan;nan;nan;nan;nan;nan;nan;nan;nan;nan;nan;nan;nan;nan;nan;nan;nan;nan;nan;nan;nan;nan;nan;nan;nan;nan;nan;nan;nan;nan;nan;nan;nan;nan;nan;nan;nan;nan;nan;nan;nan;nan;nan;nan;nan;nan;nan;nan;nan;nan;nan;nan;nan;nan;nan;nan;nan;nan;nan;nan;nan;nan;nan;nan;nan;nan;nan;nan;nan;nan;nan;nan;nan;nan;nan;nan;nan;nan;nan;nan;nan;nan;nan;nan;nan;nan;nan;nan;nan;nan;nan;nan;nan;nan;nan;nan;nan;nan;nan;nan;nan;nan;nan;nan;nan;nan;nan;nan;nan;nan;nan;nan;nan;nan;nan;nan;nan;nan;nan;nan;nan;nan;nan,6D,462.0
PSOC,2,750,12,29,6030,random,6030,82521.20347911926,87784.54073621597,5263.3372570967185,True,462.61110157826965,2.4442697430000067,430.386 -501.799;645.277 -76.238;-38.078 -746.299;-242.574 127.164;-322.649 658.765;28.760 -251.912;609.346 424.718;144.182 706.762;-734.921 -141.303;218.141 175.482;-666.354 316.405;-418.874 -479.125,nan;nan;nan;nan;nan;nan;nan;nan;nan;nan;nan;nan;nan;nan;nan;nan;nan;nan;nan;nan;nan;nan;nan;nan;nan;nan;nan;nan;nan;nan;nan;nan;nan;nan;nan;nan;nan;nan;nan;nan;nan;nan;nan;nan;nan;nan;nan;nan;nan;nan;nan;nan;nan;nan;nan;nan;nan;nan;nan;nan;nan;nan;nan;nan;nan;nan;nan;nan;nan;nan;nan;nan;nan;nan;nan;nan;nan;nan;nan;nan;nan;nan;nan;nan;nan;nan;nan;nan;nan;nan;nan;nan;nan;nan;nan;nan;nan;nan;nan;nan;nan;nan;nan;nan;nan;nan;nan;nan;nan;nan;nan;nan;nan;nan;nan;nan;nan;nan;nan;nan;nan;nan;nan;nan;nan;nan;nan;nan;nan;nan;nan;nan;nan;nan;nan;nan;nan;nan;nan;nan;nan;nan;nan;nan;nan;nan;nan;nan;nan;nan;nan;nan;nan;nan;nan;nan;nan;nan;nan;nan;nan;nan;nan;nan;nan;nan;nan;nan;nan;nan;nan;nan;nan;nan;nan;nan;82345.267;82350.646;82350.646;82350.646;82350.646;82350.646;82350.646;82350.646;82491.830;82491.830;82499.470;82509.263;82509.263;82509.263;82509.263;82509.263;82509.263;82521.203;82521.203;82521.203;82521.203;82521.203;82521.203;82521.203;82521.203,6D,462.0
LXSSA,2,750,12,9,6030,random,6030,81677.66205690213,87784.54073621597,6106.878679313842,False,384.33528408829335,2.4984031449999975,-545.525 128.244;167.359 284.729;-304.615 436.957;690.257 213.511;498.579 -553.619;455.351 595.937;77.188 -547.305;-26.235 749.535;319.543 -125.594;-343.575 -428.351;-129.061 -26.846;-716.052 -216.189,nan;nan;nan;nan;nan;nan;nan;nan;nan;nan;nan;nan;nan;nan;nan;nan;nan;nan;nan;nan;nan;nan;nan;nan;nan;nan;nan;nan;nan;nan;nan;nan;nan;nan;nan;nan;nan;nan;nan;nan;nan;nan;nan;nan;nan;nan;nan;nan;nan;nan;nan;nan;nan;nan;nan;nan;nan;nan;nan;nan;nan;nan;nan;nan;nan;nan;nan;nan;nan;nan;nan;nan;nan;nan;nan;nan;nan;nan;nan;nan;nan;nan;nan;nan;nan;nan;nan;nan;nan;nan;nan;nan;nan;nan;nan;nan;nan;nan;nan;nan;nan;nan;nan;nan;nan;nan;nan;nan;nan;nan;nan;nan;nan;nan;nan;nan;nan;nan;nan;nan;nan;nan;nan;nan;nan;nan;nan;nan;nan;nan;nan;nan;nan;nan;nan;nan;nan;nan;nan;nan;nan;nan;nan;nan;nan;nan;nan;nan;nan;nan;nan;nan;nan;nan;nan;nan;nan;nan;nan;nan;nan;nan;nan;nan;nan;nan;nan;nan;nan;nan;nan;nan;nan;nan;nan;nan;nan;nan;nan;nan;nan;nan;nan;nan;nan;nan;nan;nan;nan;nan;nan;nan;nan;nan;nan;nan;nan;nan;nan;nan;nan,6D,462.0
DE,2,750,12,19,6030,random,6030,78134.33376745724,87784.54073621597,9650.206968758735,False,165.90229016077123,3.6245316390000113,567.590 380.652;-689.465 217.557;188.724 -389.987;-184.637 570.662;-125.199 -626.665;440.811 -15.163;90.620 -23.283;160.995 628.510;-124.109 -26.885;-103.292 241.250;-445.425 -96.468;-404.955 -257.359,nan;nan;nan;nan;nan;nan;nan;nan;nan;nan;nan;nan;nan;nan;nan;nan;nan;nan;nan;nan;nan;nan;nan;nan;nan;nan;nan;nan;nan;nan;nan;nan;nan;nan;nan;nan;nan;nan;nan;nan;nan;nan;nan;nan;nan;nan;nan;nan;nan;nan;nan;nan;nan;nan;nan;nan;nan;nan;nan;nan;nan;nan;nan;nan;nan;nan;nan;nan;nan;nan;nan;nan;nan;nan;nan;nan;nan;nan;nan;nan;nan;nan;nan;nan;nan;nan;nan;nan;nan;nan;nan;nan;nan;nan;nan;nan;nan;nan;nan;nan;nan;nan;nan;nan;nan;nan;nan;nan;nan;nan;nan;nan;nan;nan;nan;nan;nan;nan;nan;nan;nan;nan;nan;nan;nan;nan;nan;nan;nan;nan;nan;nan;nan;nan;nan;nan;nan;nan;nan;nan;nan;nan;nan;nan;nan;nan;nan;nan;nan;nan;nan;nan;nan;nan;nan;nan;nan;nan;nan;nan;nan;nan;nan;nan;nan;nan;nan;nan;nan;nan;nan;nan;nan;nan;nan;nan;nan;nan;nan;nan;nan;nan;nan;nan;nan;nan;nan;nan;nan;nan;nan;nan;nan;nan;nan;nan;nan;nan;nan;nan;nan,6D,462.0
SLSQP,2,750,12,29,6030,random,6030,83053.51723800207,87784.54073621597,4731.023498213908,True,386.01643749698906,5.308188102999992,736.754 99.573;-219.253 670.934;-733.741 -154.421;-555.358 188.324;207.024 325.390;120.937 -116.186;336.681 -652.595;-341.468 -406.411;564.085 493.894;241.324 709.880;-140.630 -736.575;632.875 -395.279,nan;nan;nan;nan;nan;nan;nan;nan;nan;nan;82419.378;82482.411;82482.411;82482.411;82503.714;82518.882;82519.301;82573.411;82573.411;82573.411;82573.411;82573.549;82573.654;82573.768;82573.890;82573.890;82574.017;82574.135;82574.258;82574.368;82574.471;82574.567;82574.567;82574.666;82574.760;82574.882;82574.956;82575.038;82575.104;82575.104;82575.180;82575.253;82585.891;82585.934;82586.020;82586.137;82586.318;82586.318;82586.530;82586.759;82586.987;82587.340;82587.610;82587.814;82587.814;82588.796;82589.191;82589.633;82589.892;82590.070;82590.281;82640.060;82696.136;82696.188;82696.336;82696.336;82696.351;82696.364;82696.383;82696.406;82696.430;82696.430;82696.430;82790.219;82790.219;82790.219;82790.219;82790.219;82790.219;82790.219;82790.219;82790.219;82790.219;82790.219;82790.219;82790.219;82800.091;82800.606;82800.606;82800.606;82800.606;82913.112;82913.112;82913.112;82929.621;82929.621;82929.621;82929.621;82929.621;82929.621;82936.225;82936.225;82936.225;82936.225;82936.225;82936.225;82937.184;82937.184;82937.184;82937.184;82937.184;82937.184;82937.184;82937.184;82937.184;82937.184;82937.813;82938.033;82939.014;82939.020;82939.027;82939.032;82939.038;82939.049;82939.049;82939.061;82939.073;82939.073;82939.073;82939.073;82939.073;82939.073;82939.073;82939.073;82939.073;82970.746;82972.845;82994.033;82994.261;82994.437;82994.626;82994.754;82994.961;82995.012;82995.095;82995.170;82995.227;82995.227;82995.227;82995.227;82995.227;82995.227;82995.227;82995.227;82995.227;82995.227;82995.227;82995.227;82995.227;82995.227;82995.227;82995.227;82995.227;82995.227;82995.227;82995.227;82995.227;82995.227;82995.227;82995.227;82995.227;82998.587;82998.996;82999.127;82999.325;82999.455;82999.585;82999.716;82999.718;82999.718;82999.718;82999.718;82999.718;82999.718;82999.718;82999.718;82999.718;82999.718;82999.718;82999.718;82999.718;82999.718;82999.718;82999.718;82999.718;82999.718;82999.718;82999.718;83007.281;83051.671;83053.517,5D,385.0
SSABV,2,750,12,9,6030,random,6030,82954.98286786785,87784.54073621597,4829.557868348129,True,387.0642680618229,3.321127223000005,-271.309 -29.872;736.280 89.300;273.742 20.704;478.737 410.858;-573.847 239.451;269.172 -698.963;-363.618 647.479;-365.593 -524.614;615.986 -279.590;62.913 -303.904;5.300 379.822;-688.218 -248.430,nan;nan;nan;nan;nan;nan;nan;nan;nan;nan;nan;nan;nan;nan;nan;nan;nan;nan;nan;nan;nan;nan;nan;nan;nan;nan;nan;nan;nan;nan;nan;nan;nan;nan;nan;nan;nan;nan;nan;nan;nan;nan;nan;nan;nan;nan;nan;nan;nan;nan;nan;nan;nan;nan;nan;nan;nan;81003.460;81493.361;81493.361;81493.361;81582.346;81837.989;81837.989;81845.363;81847.866;81853.657;81857.895;81859.752;81862.288;81864.220;81865.442;81867.433;81868.674;81869.553;81870.270;81870.575;81870.962;81871.350;81871.510;81871.639;81871.777;81871.919;81872.013;81872.067;81872.112;81872.165;81872.202;81872.223;81872.241;81872.256;81872.264;81872.272;81872.277;81872.282;81872.284;81872.287;81872.288;81872.289;81872.290;81872.291;82034.821;82034.821;82124.903;82124.903;82146.982;82146.982;82392.803;82392.803;82448.639;82448.639;82472.947;82481.659;82493.889;82502.503;82503.474;82512.087;82519.866;82533.341;82541.913;82672.204;82672.204;82672.204;82676.502;82676.502;82680.645;82681.553;82684.431;82685.330;82688.682;82688.682;82692.659;82692.659;82697.420;82701.250;82727.695;82731.525;82731.525;82731.525;82733.965;82737.643;82737.643;82737.643;82753.713;82778.195;82778.195;82783.545;82785.565;82789.347;82792.020;82793.634;82794.286;82796.306;82823.210;82824.214;82826.234;82826.774;82828.793;82830.407;82833.490;82835.488;82837.103;82840.099;82841.714;82841.818;82843.433;82843.885;82845.414;82845.866;82847.064;82847.064;82848.578;82849.291;82849.746;82851.126;82851.126;82852.263;82853.509;82853.509;82855.447;82855.447;82859.800;82859.800;82861.719;82862.670;82912.957;82916.877;82916.877;82917.826;82923.146;82923.626;82928.946;82934.204;82936.262;82939.937;82941.535;82945.602;82948.143;82949.770;82953.341;82954.983,5D,385.0
RSDVNS,2,750,12,19,6030,random,6030,83514.1372754089,87784.54073621597,4270.40346080708,True,388.5504569187929,2.434124114999989,685.329 -44.469;-600.716 334.206;338.862 591.384;232.415 120.903;-308.068 -51.414;-20.090 -726.467;68.225 -251.303;596.258 -453.721;-737.916 -133.013;-462.356 -459.006;-121.414 735.165;-184.842 317.078,nan;nan;nan;nan;nan;nan;nan;nan;nan;nan;nan;nan;nan;nan;nan;nan;nan;nan;nan;nan;nan;nan;nan;nan;nan;nan;nan;nan;nan;nan;nan;nan;nan;nan;nan;nan;nan;nan;nan;nan;nan;nan;nan;nan;nan;nan;nan;nan;nan;nan;nan;nan;nan;nan;nan;nan;nan;nan;nan;nan;nan;nan;nan;nan;nan;nan;nan;nan;nan;nan;nan;nan;nan;nan;nan;nan;nan;nan;nan;nan;nan;nan;nan;nan;nan;nan;nan;nan;nan;nan;nan;nan;nan;nan;nan;nan;nan;nan;nan;nan;nan;nan;nan;nan;nan;nan;nan;nan;nan;nan;nan;nan;nan;nan;nan;nan;nan;nan;nan;nan;nan;nan;nan;81049.929;81466.873;81466.873;81803.604;82242.360;82242.360;82473.518;82575.203;82628.681;82736.071;82736.071;82895.692;82895.692;82992.425;82992.425;83047.333;83047.333;83164.348;83164.348;83188.884;83233.709;83233.709;83250.962;83275.482;83275.482;83298.505;83298.505;83306.824;83306.824;83314.040;83324.943;83357.143;83358.895;83386.321;83386.321;83432.093;83432.093;83432.093;83439.146;83439.146;83444.101;83444.101;83448.228;83452.311;83477.994;83482.954;83482.954;83487.006;83489.211;83490.481;83492.698;83492.698;83493.023;83493.023;83496.692;83496.692;83499.843;83503.468;83503.468;83506.859;83507.038;83507.924;83508.411;83508.411;83508.591;83508.591;83508.591;83508.591;83511.837;83511.837;83511.837;83512.350;83512.350;83512.676;83512.741;83512.741;83514.137;83514.137,5D,385.0
BVNS,2,750,12,29,6030,random,6030,82884.42401198827,87784.54073621597,4900.116724227701,True,385.5289484058298,2.298402147999994,-131.239 -316.920;-376.895 129.263;84.033 -716.802;458.296 -593.205;-314.343 -680.479;58.366 27.355;498.862 -209.384;-47.277 747.639;603.941 443.707;174.897 394.850;-457.410 593.886;-571.220 -334.852,nan;nan;nan;nan;nan;nan;nan;nan;nan;nan;nan;nan;nan;nan;nan;nan;nan;nan;nan;nan;nan;nan;nan;nan;nan;nan;nan;nan;nan;nan;nan;nan;nan;nan;nan;nan;nan;nan;nan;nan;nan;nan;nan;nan;nan;nan;nan;nan;nan;nan;nan;nan;nan;nan;nan;nan;nan;nan;nan;nan;nan;nan;nan;nan;nan;nan;nan;nan;81079.264;81082.370;81330.250;81637.111;81637.111;81814.117;81887.883;82064.884;82064.884;82143.816;82230.146;82230.146;82266.872;82266.872;82287.555;82287.555;82302.791;82421.075;82431.050;82447.656;82468.465;82479.473;82484.536;82489.696;82599.760;82599.760;82605.575;82614.114;82624.037;82626.536;82629.792;82632.291;82638.291;82646.223;82652.208;82652.208;82653.857;82655.303;82659.510;82659.510;82661.467;82667.169;82672.300;82675.679;82679.115;82681.068;82681.567;82681.982;82683.998;82684.255;82746.466;82766.865;82772.533;82773.296;82773.787;82773.787;82779.655;82779.655;82780.120;82780.611;82780.611;82782.447;82866.487;82866.487;82866.487;82866.487;82869.529;82869.753;82872.223;82872.524;82874.805;82874.881;82875.105;82878.004;82878.004;82878.004;82878.004;82879.518;82879.863;82881.376;82881.376;82882.757;82884.096;82884.096;82884.276;82884.424;82884.424;82884.424;82884.424;82884.424;82884.424;82884.424;82884.424;82884.424;82884.424;82884.424;82884.424;82884.424;82884.424;82884.424;82884.424;82884.424;82884.424;82884.424;82884.424;82884.424;82884.424;82884.424;82884.424;82884.424;82884.424;82884.424;82884.424;82884.424;82884.424;82884.424;82884.424;82884.424;82884.424;82884.424;82884.424;82884.424;82884.424;82884.424;82884.424;82884.424;82884.424;82884.424;82884.424;82884.424;82884.424;82884.424;82884.424,5D,385.0
SSA,2,750,12,9,6030,random,6030,82214.91112841727,87784.54073621597,5569.629607798706,True,386.1408575895198,2.4404798390000053,-456.485 160.452;489.088 568.399;97.906 -103.535;-9.168 736.008;-496.133 562.451;0.573 -728.339;-80.001 345.210;-668.254 -269.009;687.913 -253.562;326.865 -432.954;306.637 228.081;-210.668 -363.309,nan;nan;nan;nan;nan;nan;nan;nan;nan;nan;nan;nan;nan;nan;nan;nan;nan;nan;nan;nan;nan;nan;nan;nan;nan;nan;nan;nan;nan;nan;nan;nan;nan;nan;nan;nan;nan;nan;nan;nan;nan;nan;nan;nan;nan;nan;nan;nan;nan;nan;nan;nan;nan;nan;nan;nan;nan;nan;nan;nan;nan;nan;nan;nan;nan;nan;nan;nan;nan;nan;nan;nan;nan;nan;nan;nan;nan;nan;nan;nan;nan;nan;nan;nan;nan;nan;nan;nan;nan;nan;nan;nan;nan;nan;nan;nan;nan;nan;nan;nan;nan;nan;nan;nan;nan;nan;nan;nan;nan;nan;nan;nan;nan;nan;nan;nan;81939.790;82090.340;82137.039;82137.039;82137.039;82137.039;82137.039;82137.039;82149.254;82149.254;82152.196;82160.784;82162.817;82167.994;82173.066;82178.102;82181.892;82185.651;82189.833;82191.461;82193.709;82196.326;82198.077;82200.059;82200.821;82202.181;82204.921;82205.752;82206.476;82207.633;82208.097;82209.040;82209.387;82210.260;82210.743;82210.853;82211.537;82211.714;82212.192;82212.411;82212.663;82212.775;82213.008;82213.159;82213.389;82213.673;82213.832;82213.996;82214.172;82214.262;82214.362;82214.438;82214.501;82214.536;82214.586;82214.622;82214.651;82214.685;82214.724;82214.749;82214.770;82214.794;82214.817;82214.831;82214.840;82214.844;82214.855;82214.862;82214.873;82214.880;82214.883;82214.888;82214.890;82214.894;82214.897;82214.900;82214.902;82214.904;82214.906;82214.907;82214.908;82214.908;82214.910;82214.910;82214.911,5D,385.0
LXSSA,2,750,12,19,6030,random,6030,80925.2754935117,87784.54073621597,6859.265242704278,True,385.13330401387606,2.583950134999995,-58.656 682.815;-592.200 9.953;306.683 -283.397;327.477 101.366;-163.221 312.062;342.424 -667.267;599.038 374.464;732.050 -100.195;-28.299 -48.961;-454.065 568.924;325.848 652.041;-38.741 -579.032,nan;nan;nan;nan;nan;nan;nan;nan;nan;nan;nan;nan;nan;nan;nan;nan;nan;nan;nan;nan;nan;nan;nan;nan;nan;nan;nan;nan;nan;nan;nan;nan;nan;nan;nan;nan;nan;nan;nan;nan;nan;nan;nan;nan;nan;nan;nan;nan;nan;nan;nan;nan;nan;nan;nan;nan;nan;nan;nan;nan;nan;nan;nan;nan;nan;nan;nan;nan;nan;nan;nan;nan;nan;nan;nan;nan;nan;nan;nan;nan;nan;nan;nan;nan;nan;nan;nan;nan;nan;nan;nan;nan;nan;nan;nan;nan;nan;nan;nan;nan;nan;nan;nan;nan;nan;nan;nan;nan;nan;nan;nan;nan;nan;nan;nan;nan;nan;nan;nan;nan;nan;nan;nan;nan;nan;nan;nan;nan;nan;nan;nan;nan;nan;nan;nan;nan;nan;nan;nan;nan;nan;nan;nan;nan;nan;nan;nan;nan;nan;nan;nan;nan;nan;nan;nan;nan;nan;nan;nan;80923.703;80923.703;80924.005;80924.005;80924.011;80924.175;80924.275;80924.275;80924.275;80924.347;80924.473;80924.473;80924.492;80924.514;80924.514;80924.561;80924.935;80924.935;80925.047;80925.047;80925.047;80925.061;80925.084;80925.084;80925.182;80925.182;80925.182;80925.189;80925.189;80925.192;80925.195;80925.197;80925.210;80925.210;80925.240;80925.240;80925.240;80925.240;80925.264;80925.264;80925.275;80925.275,5D,385.0
DE,2,750,12,29,6030,random,6030,79795.60682808206,87784.54073621597,7988.933908133913,False,280.92798595548845,2.73086450000001,624.942 340.839;295.771 53.786;397.841 544.778;-150.282 -615.823;-221.317 117.641;294.391 -298.986;685.239 -118.865;-601.785 194.643;-591.735 -242.186;-280.221 -190.638;-19.340 -77.617;-4.336 623.046,nan;nan;nan;nan;nan;nan;nan;nan;nan;nan;nan;nan;nan;nan;nan;nan;nan;nan;nan;nan;nan;nan;nan;nan;nan;nan;nan;nan;nan;nan;nan;nan;nan;nan;nan;nan;nan;nan;nan;nan;nan;nan;nan;nan;nan;nan;nan;nan;nan;nan;nan;nan;nan;nan;nan;nan;nan;nan;nan;nan;nan;nan;nan;nan;nan;nan;nan;nan;nan;nan;nan;nan;nan;nan;nan;nan;nan;nan;nan;nan;nan;nan;nan;nan;nan;nan;nan;nan;nan;nan;nan;nan;nan;nan;nan;nan;nan;nan;nan;nan;nan;nan;nan;nan;nan;nan;nan;nan;nan;nan;nan;nan;nan;nan;nan;nan;nan;nan;nan;nan;nan;nan;nan;nan;nan;nan;nan;nan;nan;nan;nan;nan;nan;nan;nan;nan;nan;nan;nan;nan;nan;nan;nan;nan;nan;nan;nan;nan;nan;nan;nan;nan;nan;nan;nan;nan;nan;nan;nan;nan;nan;nan;nan;nan;nan;nan;nan;nan;nan;nan;nan;nan;nan;nan;nan;nan;nan;nan;nan;nan;nan;nan;nan;nan;nan;nan;nan;nan;nan;nan;nan;nan;nan;nan;nan;nan;nan;nan;nan;nan;nan,5D,385.0
PSOBV,1,1000,10,9,6030,random,6030,139582.17700980557,140457.3736973483,875.196687542717,True,473.30470818157806,2.082212283000004,-206.796 336.654;995.481 -89.448;-523.030 -84.943;-219.055 -826.928;-847.598 -530.192;-724.950 687.539;406.938 813.620;-29.080 997.755;605.003 -777.137;402.687 -189.064,nan;nan;nan;nan;nan;nan;nan;nan;nan;nan;nan;nan;nan;nan;nan;nan;nan;nan;nan;nan;nan;nan;nan;nan;nan;nan;nan;nan;nan;nan;nan;nan;nan;nan;nan;nan;nan;nan;nan;nan;nan;nan;nan;nan;nan;nan;nan;nan;nan;nan;137584.195;137584.195;137584.195;137584.195;137584.195;137584.195;137584.195;137611.240;137611.240;138372.111;138372.111;138429.875;138429.875;138429.875;138429.875;138429.875;138429.875;138816.689;138983.051;138983.051;139015.694;139015.694;139331.709;139331.709;139331.709;139331.709;139331.709;139331.709;139331.709;139331.709;139331.709;139331.709;139334.103;139334.103;139334.103;139335.838;139339.827;139342.045;139363.991;139363.991;139363.991;139375.634;139375.634;139375.634;139375.634;139375.634;139375.634;139375.634;139378.802;139378.802;139378.802;139403.728;139421.806;139431.366;139432.660;139442.213;139442.213;139457.261;139457.261;139462.054;139463.067;139466.816;139485.904;139487.106;139487.878;139501.178;139501.178;139501.178;139519.336;139532.853;139532.853;139533.237;139550.280;139550.662;139550.662;139550.766;139550.766;139550.766;139554.906;139555.242;139555.477;139559.052;139561.914;139562.947;139564.572;139567.799;139568.402;139571.574;139572.007;139572.230;139572.267;139572.490;139574.026;139576.343;139577.853;139577.879;139577.879;139577.988;139579.761;139579.871;139579.896;139579.896;139579.896;139579.999;139580.260;139580.263;139580.323;139580.382;139580.382;139580.434;139580.684;139580.864;139581.139;139581.193;139581.521;139581.652;139581.705;139581.710;139582.171;139582.176;139582.177;139582.177;139582.177;139582.177;139582.177;139582.177;139582.177;139582.177;139582.177;139582.177;139582.177;139582.177;139582.177;139582.177;139582.177;139582.177;139582.177;139582.177;139582.177;139582.177;139582.177;139582.177;139582.177;139582.177;139582.177;139582.177;139582.177;139582.177;139582.177;139582.177;139582.177,6D,462.0
SSABV,1,1000,10,19,6030,random,6030,139883.70561656437,140457.3736973483,573.6680807839148,True,513.561847092131,2.0213497289999935,646.822 -532.408;112.381 -370.765;-722.618 688.876;92.656 774.228;615.253 785.848;-99.908 -838.397;-973.848 -203.538;411.608 178.717;-327.076 59.244;958.182 277.310,nan;nan;nan;nan;nan;nan;nan;nan;nan;nan;nan;nan;nan;nan;nan;nan;nan;nan;nan;nan;nan;nan;nan;nan;nan;nan;nan;nan;nan;nan;nan;nan;nan;nan;nan;nan;nan;nan;nan;nan;nan;nan;nan;nan;nan;nan;nan;nan;nan;137497.795;137562.697;137721.772;137721.772;137721.858;137914.430;138013.668;139048.814;139087.423;139091.934;139091.934;139104.913;139104.913;139110.016;139113.970;139116.480;139119.969;139130.351;139132.344;139133.651;139134.583;139135.507;139136.426;139137.167;139137.624;139138.245;139138.520;139138.881;139139.123;139139.294;139139.372;139139.470;139139.555;139139.603;139139.667;139139.704;139139.750;139139.773;139139.786;139139.797;139139.803;139139.809;139139.810;139139.811;139139.814;139139.815;139139.817;139139.818;139139.819;139139.820;139139.820;139139.820;139688.706;139704.281;139712.720;139740.669;139752.782;139759.714;139773.363;139773.363;139781.913;139784.361;139789.271;139792.331;139794.781;139799.999;139800.905;139800.905;139801.429;139801.429;139804.567;139807.065;139810.179;139812.582;139813.050;139813.050;139813.236;139815.707;139815.707;139815.914;139815.914;139818.166;139818.269;139819.796;139820.800;139823.432;139824.140;139826.174;139847.465;139847.972;139849.002;139851.536;139852.533;139853.426;139855.715;139856.820;139857.815;139858.356;139859.807;139859.807;139860.307;139861.708;139862.776;139862.776;139863.020;139863.175;139863.240;139863.310;139863.438;139863.503;139863.587;139863.599;139863.659;139864.970;139865.058;139865.058;139865.119;139865.119;139865.152;139866.440;139866.440;139867.303;139868.002;139868.002;139868.548;139868.708;139869.029;139869.190;139869.250;139869.833;139871.162;139871.935;139873.227;139873.766;139875.042;139875.761;139876.300;139876.356;139876.926;139877.636;139878.863;139879.395;139880.606;139881.268;139882.447;139882.981;139883.081;139883.081;139883.161;139883.161;139883.231;139883.706,6D,462.0
RSDVNS,1,1000,10,29,6030,random,6030,138843.61044370316,140457.3736973483,1613.7632536451274,True,477.8058578619164,2.137799960999999,-770.009 -619.464;-264.087 237.234;-280.299 -415.952;483.696 -856.059;492.518 -94.050;-262.790 950.000;266.983 558.474;6.951 -824.234;864.687 348.642;-770.229 142.880,nan;nan;nan;nan;nan;nan;nan;nan;nan;nan;nan;nan;nan;nan;nan;nan;nan;nan;nan;nan;nan;nan;nan;nan;nan;nan;nan;nan;nan;nan;nan;nan;nan;nan;nan;nan;nan;nan;nan;nan;nan;nan;nan;nan;nan;nan;nan;nan;nan;nan;nan;nan;nan;nan;nan;nan;nan;nan;nan;nan;nan;nan;nan;nan;nan;nan;nan;nan;nan;nan;nan;nan;nan;nan;nan;nan;nan;nan;nan;nan;nan;nan;nan;nan;nan;nan;nan;nan;nan;nan;nan;nan;nan;nan;nan;nan;nan;nan;nan;nan;nan;nan;nan;nan;nan;136089.452;136707.663;137232.768;137261.713;137490.707;137590.881;137694.852;137745.635;137883.993;137964.492;137987.820;138011.784;138011.784;138034.696;138034.696;138037.666;138041.896;138044.235;138045.567;138045.567;138047.374;138094.350;138119.612;138140.305;138140.305;138140.305;138173.075;138173.075;138175.619;138175.619;138211.061;138226.283;138232.647;138232.647;138243.921;138268.478;138268.478;138278.020;138282.650;138282.941;138285.537;138285.828;138285.828;138290.247;138302.908;138304.298;138309.326;138309.326;138312.736;138314.372;138317.786;138317.786;138320.714;138323.183;138323.183;138323.868;138324.179;138324.179;138325.864;138325.864;138327.303;138328.521;138328.521;138329.359;138329.731;138329.731;138330.010;138330.180;138330.180;138330.787;138330.787;138330.787;138330.787;138330.787;138330.787;138330.787;138330.787;138330.787;138330.787;138330.787;138330.787;138330.787;138330.787;138368.738;138368.738;138418.416;138443.126;138453.427;138469.665;138512.795;138527.543;138534.330;138782.153;138782.153;138842.776;138843.610,6D,462.0
PSOC,1,1000,10,9,6030,random,6030,139505.52968793304,140457.3736973483,951.8440094152465,True,471.1317953155195,2.122901601999999,-239.011 343.546;858.701 53.288;-420.441 -112.620;-230.950 -819.334;-859.476 -488.896;-725.454 646.302;396.323 712.592;-19.911 933.305;641.132 -753.877;403.942 -184.457,nan;nan;nan;nan;nan;nan;nan;nan;nan;nan;nan;nan;nan;nan;nan;nan;nan;nan;nan;nan;nan;nan;nan;nan;nan;nan;nan;nan;nan;nan;nan;nan;nan;nan;nan;nan;nan;nan;nan;nan;nan;nan;nan;nan;nan;nan;nan;nan;nan;nan;137584.195;137584.195;137584.195;137584.195;137584.195;137584.195;137584.195;137611.240;137611.240;138372.111;138372.111;138429.875;138429.875;138429.875;138429.875;138429.875;138429.875;138816.689;138983.051;138983.051;139015.694;139015.694;139331.709;139331.709;139331.709;139331.709;139331.709;139331.709;139331.709;139331.709;139331.709;139331.709;139334.103;139334.103;139334.103;139335.838;139339.827;139342.045;139363.991;139363.991;139363.991;139375.634;139375.634;139375.634;139375.634;139375.634;139375.634;139375.634;139378.802;139378.802;139378.802;139380.897;139393.038;139393.038;139393.038;139393.038;139393.038;139393.038;139393.038;139393.038;139394.147;139397.729;139397.729;139397.729;139410.619;139410.619;139410.619;139410.977;139412.049;139412.823;139413.383;139413.789;139414.085;139414.299;139414.299;139414.299;139414.299;139414.299;139414.364;139420.384;139420.384;139420.963;139422.609;139422.609;139422.609;139422.609;139422.609;139435.783;139435.783;139435.783;139435.783;139435.783;139435.783;139437.139;139437.139;139437.139;139437.139;139437.139;139437.139;139438.247;139439.109;139439.109;139440.859;139441.085;139441.170;139451.522;139451.522;139455.864;139459.769;139465.377;139465.377;139465.377;139466.165;139466.165;139467.201;139490.558;139490.558;139490.558;139490.558;139490.558;139490.558;139490.558;139490.558;139490.558;139490.558;139490.558;139490.558;139490.558;139490.558;139490.558;139490.812;139490.812;139490.812;139490.812;139490.812;139490.812;139490.812;139490.812;139490.812;139490.812;139490.812;139490.812;139490.812;139495.169;139500.386;139500.386;139505.530;139505.530;139505.530;139505.530;139505.530,6D,462.0
SSA,1,1000,10,19,6030,random,6030,137168.97710712842,140457.3736973483,3288.396590219869,True,471.55902052085935,2.0913655699999936,538.276 -549.092;349.405 886.855;927.697 -148.465;358.482 -38.614;125.967 471.090;805.096 460.802;-71.337 -461.910;-148.775 87.835;-543.498 387.095;-604.025 -258.304,nan;nan;nan;nan;nan;nan;nan;nan;nan;nan;nan;nan;nan;nan;nan;nan;nan;nan;nan;nan;nan;nan;nan;nan;nan;nan;nan;nan;nan;nan;nan;nan;nan;nan;nan;nan;nan;nan;nan;nan;nan;nan;nan;nan;nan;nan;nan;nan;nan;nan;nan;nan;nan;nan;nan;nan;nan;nan;nan;nan;nan;nan;nan;nan;nan;nan;nan;nan;nan;nan;nan;nan;nan;nan;nan;nan;nan;nan;nan;nan;nan;nan;nan;nan;nan;nan;nan;nan;nan;nan;nan;nan;nan;nan;nan;nan;nan;nan;136224.803;136224.803;136224.803;136224.803;136224.803;136224.803;136428.727;136428.727;136428.727;136574.951;136594.445;136594.445;136662.530;136761.326;136806.880;136830.873;136883.579;136903.861;136903.861;136930.192;136934.572;136943.849;136998.511;137021.517;137028.819;137051.799;137065.337;137072.788;137086.263;137087.239;137096.489;137107.068;137114.186;137120.563;137124.680;137130.619;137136.845;137141.794;137144.786;137148.514;137152.457;137152.457;137152.685;137153.245;137154.309;137155.904;137156.543;137157.670;137159.128;137159.519;137160.108;137161.088;137162.391;137162.567;137163.529;137164.460;137164.994;137165.296;137165.835;137166.469;137166.785;137167.099;137167.399;137167.502;137167.737;137167.943;137168.026;137168.160;137168.303;137168.417;137168.479;137168.560;137168.600;137168.630;137168.657;137168.691;137168.723;137168.754;137168.788;137168.813;137168.830;137168.859;137168.879;137168.889;137168.903;137168.917;137168.928;137168.937;137168.943;137168.947;137168.953;137168.957;137168.958;137168.962;137168.964;137168.965;137168.968;137168.970;137168.972;137168.974;137168.976;137168.976;137168.977,6D,462.0
LXSSA,1,1000,10,29,6030,random,6030,137294.1148656259,140457.3736973483,3163.2588317224,True,462.1495680223008,3.009862119999994,252.073 -434.516;396.097 466.173;540.444 -795.659;-206.305 -332.467;-508.671 558.697;-211.589 914.287;-689.184 -118.139;-256.042 161.957;-929.688 334.420;-821.942 -566.304,nan;nan;nan;nan;nan;nan;nan;nan;nan;nan;nan;nan;nan;nan;nan;nan;nan;nan;nan;nan;nan;nan;nan;nan;nan;nan;nan;nan;nan;nan;nan;nan;nan;nan;nan;nan;nan;nan;nan;nan;nan;nan;nan;nan;nan;nan;nan;nan;nan;nan;nan;nan;nan;nan;nan;nan;nan;nan;nan;nan;nan;nan;nan;nan;nan;nan;nan;nan;nan;nan;nan;nan;nan;nan;nan;nan;nan;nan;nan;nan;nan;nan;nan;nan;nan;nan;nan;nan;nan;nan;nan;nan;nan;nan;nan;nan;nan;nan;nan;nan;nan;nan;nan;nan;nan;nan;nan;136674.695;136674.695;136674.695;136674.695;136697.861;136850.756;136952.524;136952.524;136952.524;137076.109;137076.109;137076.109;137137.056;137137.056;137137.056;137137.056;137137.056;137142.466;137158.138;137163.743;137165.819;137188.218;137188.218;137208.634;137223.404;137223.404;137223.404;137243.432;137244.166;137246.843;137247.960;137248.554;137249.767;137251.842;137251.980;137254.399;137254.399;137257.013;137259.274;137259.274;137261.380;137261.380;137263.034;137263.034;137266.874;137266.874;137271.181;137271.181;137275.572;137275.572;137280.299;137280.299;137282.654;137282.654;137283.021;137283.021;137284.469;137284.469;137285.889;137285.889;137285.889;137285.996;137289.049;137289.049;137289.049;137289.081;137289.518;137289.518;137290.534;137290.534;137290.534;137290.557;137290.582;137290.582;137290.620;137290.620;137290.859;137290.859;137291.779;137291.779;137293.496;137293.496;137293.496;137293.502;137294.109;137294.109;137294.109;137294.111;137294.111;137294.113;137294.113;137294.114;137294.114;137294.115,6D,462.0
SLSQP,1,1000,10,9,6030,random,6030,139114.38293876074,140457.3736973483,1342.990758587548,True,398.9534365406357,4.814720288000004,746.350 547.147;733.110 -412.945;302.439 -200.631;-422.937 -533.649;-896.937 -364.354;-731.779 568.275;424.461 868.898;90.107 -796.049;524.607 -782.824;82.675 663.115,nan;137330.692;137366.699;138448.492;138448.492;138448.492;138448.492;138448.492;138448.492;138448.659;138448.659;138448.659;138448.659;138448.659;138455.914;138467.329;138530.602;138565.828;138565.828;138565.828;138565.828;138565.828;138565.828;138565.828;138565.828;138565.828;138565.828;138567.289;138574.410;138574.410;138596.929;138597.055;138597.060;138597.070;138597.083;139114.383;139114.383;139114.383;139114.383;139114.383;139114.383;139114.383;139114.383;139114.383;139114.383;139114.383;139114.383;139114.383;139114.383;139114.383;139114.383;139114.383;139114.383;139114.383;139114.383;139114.383;139114.383;139114.383;139114.383;139114.383;139114.383;139114.383;139114.383;139114.383;139114.383;139114.383;139114.383;139114.383;139114.383;139114.383;139114.383;139114.383;139114.383;139114.383;139114.383;139114.383;139114.383;139114.383;139114.383;139114.383;139114.383;139114.383;139114.383;139114.383;139114.383;139114.383;139114.383;139114.383;139114.383;139114.383;139114.383;139114.383;139114.383;139114.383;139114.383;139114.383;139114.383;139114.383;139114.383;139114.383;139114.383;139114.383;139114.383;139114.383;139114.383;139114.383;139114.383;139114.383;139114.383;139114.383;139114.383;139114.383;139114.383;139114.383;139114.383;139114.383;139114.383;139114.383;139114.383;139114.383;139114.383;139114.383;139114.383;139114.383;139114.383;139114.383;139114.383;139114.383;139114.383;139114.383;139114.383;139114.383;139114.383;139114.383;139114.383;139114.383;139114.383;139114.383;139114.383;139114.383;139114.383;139114.383;139114.383;139114.383;139114.383;139114.383;139114.383;139114.383;139114.383;139114.383;139114.383;139114.383;139114.383;139114.383;139114.383;139114.383;139114.383;139114.383;139114.383;139114.383;139114.383;139114.383;139114.383;139114.383;139114.383;139114.383;139114.383;139114.383;139114.383;139114.383;139114.383;139114.383;139114.383;139114.383;139114.383;139114.383;139114.383;139114.383;139114.383;139114.383;139114.383;139114.383;139114.383;139114.383;139114.383;139114.383;139114.383;139114.383;139114.383;139114.383;139114.383;139114.383;139114.383;139114.383;139114.383;139114.383;139114.383;139114.383;139114.383;139114.383;139114.383,5D,385.0
PSOBV,1,1000,10,19,6030,random,6030,139755.5117275247,140457.3736973483,701.8619698235998,True,428.14510594705723,2.884170791999992,7.154 196.240;663.968 96.916;483.315 584.605;-234.027 -157.511;935.204 -353.822;-693.791 -530.104;350.248 -753.044;202.595 -303.677;-209.009 977.863;-465.264 345.956,nan;nan;nan;nan;nan;nan;nan;nan;nan;nan;nan;nan;nan;nan;nan;nan;nan;nan;nan;nan;nan;nan;nan;nan;nan;nan;138265.002;138265.002;138265.002;138265.002;138265.002;138265.002;138265.002;138265.002;138265.002;138265.002;138265.002;138265.002;138265.002;138265.002;138265.002;138265.002;138265.002;138265.002;138265.002;138265.002;138265.002;138265.002;138265.002;138265.002;138265.002;138265.002;138265.002;138274.286;138300.937;138305.323;138335.489;138347.779;138398.114;138398.114;138398.114;138398.114;138398.114;138398.114;138398.114;138445.964;138445.964;138544.279;138544.279;138544.279;138544.279;138544.279;138544.279;138544.279;138544.279;138544.279;138922.185;139210.981;139210.981;139210.981;139210.981;139210.981;139210.981;139217.072;139217.072;139238.423;139244.849;139244.849;139244.849;139381.898;139381.898;139381.898;139381.898;139394.497;139394.497;139394.497;139394.497;139394.497;139467.227;139467.227;139499.908;139660.041;139660.041;139671.059;139671.059;139673.587;139681.173;139686.923;139686.923;139686.923;139688.590;139689.785;139689.982;139696.142;139697.564;139701.427;139701.459;139705.217;139708.366;139709.775;139709.775;139711.080;139721.824;139722.902;139722.902;139723.634;139724.670;139726.633;139726.962;139735.569;139736.298;139736.991;139736.991;139737.470;139737.470;139738.000;139738.424;139738.975;139739.505;139741.352;139741.352;139741.878;139742.108;139743.928;139744.159;139744.786;139744.786;139744.786;139745.687;139746.536;139746.819;139747.006;139747.289;139748.181;139748.181;139748.400;139748.866;139748.866;139749.898;139750.044;139750.113;139750.258;139750.716;139750.716;139750.858;139751.086;139751.118;139751.572;139751.572;139752.016;139752.217;139752.371;139752.371;139752.510;139752.638;139753.080;139753.080;139753.201;139753.339;139753.642;139753.779;139754.219;139754.338;139754.338;139754.775;139754.775;139755.286;139755.286;139755.512;139755.512;139755.512;139755.512;139755.512;139755.512;139755.512;139755.512;139755.512;139755.512;139755.512;139755.512;139755.512,5D,385.0
SSABV,1,1000,10,29,6030,random,6030,139903.65721906317,140457.3736973483,553.7164782851178,True,472.498985193506,2.2246483979999994,-918.713 376.777;181.589 977.531;530.943 -408.010;-68.467 -997.547;-268.246 -412.512;-43.114 473.727;-571.684 -819.843;198.770 -45.312;-567.691 -47.015;-573.255 769.638,nan;nan;nan;nan;nan;nan;nan;nan;nan;nan;nan;nan;nan;nan;nan;nan;nan;nan;nan;nan;nan;nan;nan;nan;nan;nan;nan;nan;nan;nan;nan;nan;nan;nan;nan;nan;nan;nan;136778.738;136778.738;136780.601;136780.601;137487.157;137487.157;137487.157;137487.157;137578.558;137578.558;137578.558;137700.490;137971.828;138055.338;138305.966;138305.966;138305.966;138347.013;138411.244;138425.764;138426.368;138445.354;138453.115;138453.115;138457.750;138460.888;138460.888;138460.888;138461.496;138461.496;138463.038;138463.721;138465.004;138465.429;138466.522;138466.694;138467.164;138467.567;138467.809;138468.198;138468.332;138468.464;138468.587;138468.716;138468.768;138468.798;138468.835;138468.870;138468.901;138468.920;138468.928;138468.942;138468.949;138468.955;138468.958;138468.963;138468.965;138468.968;138468.969;138468.970;138468.970;138468.971;138468.971;138582.377;138615.515;138615.515;138618.342;138618.648;138809.153;138910.949;139057.831;139097.563;139097.563;139101.572;139102.957;139112.010;139112.010;139164.161;139214.147;139395.286;139398.735;139599.748;139599.748;139599.748;139599.748;139600.150;139600.150;139611.452;139831.683;139855.845;139856.051;139867.112;139868.837;139870.518;139870.518;139870.518;139871.437;139882.465;139883.385;139883.705;139883.808;139884.706;139884.706;139885.534;139886.352;139886.352;139887.010;139887.881;139888.174;139889.388;139889.388;139889.677;139889.964;139890.603;139890.603;139891.506;139892.302;139892.589;139892.589;139892.905;139893.503;139893.788;139894.395;139895.181;139895.284;139895.284;139895.807;139896.695;139897.279;139897.279;139897.363;139897.871;139898.442;139898.442;139898.502;139898.502;139898.918;139899.307;139899.307;139899.475;139899.616;139899.775;139899.775;139900.188;139900.328;139900.484;139900.484;139900.638;139900.777;139900.777;139900.927;139900.968;139901.060;139901.497;139901.562;139901.970;139902.934;139903.075;139903.156;139903.297;139903.438;139903.657;139903.657,5D,385.0
BVNS,1,1000,10,9,6030,random,6030,140015.37357137116,140457.3736973483,442.0001259771234,True,426.1249245318187,1.9024242549999997,792.186 571.275;796.832 -359.382;-400.561 -108.317;-619.439 -743.088;-895.024 -337.003;-656.857 613.908;422.295 905.207;24.037 -572.000;462.884 -624.072;-219.206 318.843,nan;nan;nan;nan;nan;nan;nan;135341.296;136435.262;137023.287;137592.194;137635.112;138045.766;138188.486;138291.251;138326.844;138697.276;138736.098;138784.730;138818.542;138832.487;138869.718;138909.635;139081.408;139081.408;139125.579;139125.579;139150.012;139175.216;139184.829;139184.829;139184.829;139198.568;139202.268;139207.734;139209.332;139211.434;139233.160;139250.913;139250.913;139250.913;139255.164;139257.648;139263.595;139263.595;139266.750;139268.949;139269.398;139271.086;139271.535;139272.252;139272.683;139272.683;139272.783;139281.005;139282.388;139284.321;139298.587;139300.651;139301.528;139301.528;139301.528;139301.776;139302.120;139302.120;139302.167;139302.167;139302.432;139304.085;139305.009;139305.769;139306.307;139306.801;139307.307;139307.809;139307.931;139308.098;139308.218;139308.880;139309.000;139309.000;139309.018;139309.442;139309.651;139309.651;139309.667;139311.647;139311.986;139311.986;139312.193;139312.763;139312.970;139313.254;139313.461;139313.461;139313.629;139313.838;139314.082;139314.250;139314.353;139314.392;139314.494;139314.634;139314.770;139314.806;139314.909;139314.909;139314.909;139314.909;139314.909;139314.909;139314.909;139314.909;139314.909;139314.909;139314.909;139314.909;139314.909;139314.909;139314.909;139314.909;139444.797;139495.984;139495.984;139540.485;139540.485;139562.337;139593.475;139593.475;139739.575;139740.263;139748.580;139777.189;139784.083;139784.945;139784.945;139799.947;139799.947;139943.377;139986.721;139989.328;139991.774;139992.129;139992.129;139994.542;139994.542;139996.194;139997.252;139997.360;140000.900;140001.932;140002.217;140003.020;140004.702;140004.954;140006.029;140006.029;140006.029;140006.031;140006.772;140006.835;140007.576;140007.969;140008.543;140008.669;140009.062;140009.782;140010.489;140010.489;140010.729;140010.822;140011.260;140011.353;140011.361;140012.166;140012.643;140012.643;140012.643;140013.039;140013.388;140013.388;140013.667;140014.022;140014.258;140014.301;140014.555;140014.791;140014.972;140014.972;140014.972;140015.020;140015.064;140015.064;140015.202;140015.319;140015.319;140015.374;140015.374;140015.374;140015.374;140015.374,5D,385.0
PSOC,1,1000,10,19,6030,random,6030,139751.10191454063,140457.3736973483,706.2717828076566,True,424.10051726207706,2.0610611309999882,41.113 198.158;603.007 250.665;463.882 651.297;-258.250 -255.414;927.523 -270.173;-724.857 -538.248;358.490 -713.515;201.986 -284.243;-243.975 959.420;-476.297 399.130,nan;nan;nan;nan;nan;nan;nan;nan;nan;nan;nan;nan;nan;nan;nan;nan;nan;nan;nan;nan;nan;nan;nan;nan;nan;nan;138265.002;138265.002;138265.002;138265.002;138265.002;138265.002;138265.002;138265.002;138265.002;138265.002;138265.002;138265.002;138265.002;138265.002;138265.002;138265.002;138265.002;138265.002;138265.002;138265.002;138265.002;138265.002;138265.002;138265.002;138265.002;138265.002;138265.002;138274.286;138300.937;138305.323;138335.489;138347.779;138398.114;138398.114;138398.114;138398.114;138398.114;138398.114;138398.114;138445.964;138445.964;138544.279;138544.279;138544.279;138544.279;138544.279;138544.279;138544.279;138544.279;138544.279;138922.185;139210.981;139210.981;139210.981;139210.981;139210.981;139210.981;139217.072;139217.072;139238.423;139244.849;139244.849;139244.849;139381.898;139381.898;139381.898;139381.898;139394.497;139394.497;139394.497;139394.497;139394.497;139467.227;139467.227;139499.908;139499.908;139499.908;139522.953;139522.953;139522.953;139522.953;139584.253;139584.253;139584.253;139584.253;139586.290;139586.290;139586.290;139586.290;139586.290;139586.290;139598.214;139598.214;139598.214;139655.731;139655.731;139655.731;139662.837;139662.837;139662.837;139662.837;139662.837;139662.837;139662.837;139662.837;139662.837;139662.837;139662.855;139662.855;139662.855;139662.855;139665.892;139665.892;139665.892;139665.892;139665.892;139665.892;139665.892;139665.892;139665.892;139665.892;139665.892;139669.136;139669.136;139669.136;139669.136;139669.136;139669.136;139669.136;139669.136;139669.136;139671.064;139671.064;139671.064;139671.064;139671.064;139690.100;139690.100;139690.100;139690.100;139690.100;139690.100;139690.100;139690.100;139690.100;139690.100;139690.100;139690.100;139690.100;139690.100;139690.100;139690.100;139690.100;139690.100;139690.100;139690.100;139690.100;139690.100;139690.100;139690.777;139690.777;139690.777;139702.706;139706.189;139707.019;139707.019;139710.205;139710.205;139710.205;139710.205;139710.205;139714.285;139714.285;139714.285;139751.102,5D,385.0
SSA,1,1000,10,29,6030,random,6030,138754.0138520316,140457.3736973483,1703.3598453166778,True,407.28505691697166,2.001657859000005,754.273 585.081;136.532 364.394;-836.717 -518.987;966.849 -230.625;585.411 92.553;299.794 -954.003;444.111 -511.155;309.675 762.878;-333.447 102.621;-85.326 -821.475,nan;nan;nan;nan;nan;nan;nan;nan;nan;nan;nan;nan;nan;nan;nan;nan;nan;nan;nan;nan;nan;nan;nan;nan;nan;nan;nan;nan;nan;nan;nan;nan;nan;nan;nan;nan;nan;nan;nan;nan;nan;nan;nan;nan;nan;nan;nan;nan;nan;nan;nan;nan;nan;nan;nan;nan;nan;nan;nan;nan;nan;136368.232;136368.232;136368.232;136368.232;136842.073;136842.073;136842.073;136842.073;136842.073;136842.073;136842.073;136842.073;136842.073;136842.073;136842.073;136842.073;136842.073;136842.073;136842.073;136842.073;136842.073;136842.073;136842.073;136842.073;136843.226;137405.208;137405.208;137405.208;137405.208;137844.143;138139.139;138139.139;138139.139;138139.139;138378.074;138378.074;138378.074;138378.074;138378.074;138589.320;138589.320;138589.320;138589.320;138599.675;138599.675;138599.675;138612.185;138612.185;138612.185;138612.185;138612.185;138612.185;138612.185;138628.895;138640.240;138640.240;138648.132;138648.132;138666.383;138673.905;138697.539;138706.272;138707.360;138708.554;138708.554;138717.813;138718.830;138723.233;138725.183;138727.086;138729.433;138731.493;138733.828;138743.968;138743.988;138745.003;138745.609;138746.844;138747.266;138748.452;138749.918;138749.918;138750.377;138750.645;138751.125;138751.125;138751.125;138751.261;138751.732;138751.798;138751.950;138752.217;138752.493;138752.787;138752.967;138753.132;138753.236;138753.302;138753.380;138753.506;138753.582;138753.615;138753.636;138753.661;138753.724;138753.754;138753.769;138753.790;138753.818;138753.843;138753.876;138753.897;138753.918;138753.932;138753.939;138753.950;138753.959;138753.967;138753.973;138753.984;138753.987;138753.990;138753.991;138753.996;138753.998;138754.001;138754.004;138754.007;138754.007;138754.009;138754.010;138754.011;138754.012;138754.012;138754.013;138754.013;138754.013;138754.014;138754.014;138754.014,5D,385.0
DE,1,1000,10,9,6030,random,6030,135243.4322554876,140457.3736973483,5213.94144186069,False,361.67851906632313,3.601408804000002,-602.013 735.500;804.582 -474.698;17.673 -259.951;120.481 857.548;-517.911 224.202;-105.081 80.258;605.669 530.211;580.054 -173.087;-479.818 -394.931;236.130 459.672,nan;nan;nan;nan;nan;nan;nan;nan;nan;nan;nan;nan;nan;nan;nan;nan;nan;nan;nan;nan;nan;nan;nan;nan;nan;nan;nan;nan;nan;nan;nan;nan;nan;nan;nan;nan;nan;nan;nan;nan;nan;nan;nan;nan;nan;nan;nan;nan;nan;nan;nan;nan;nan;nan;nan;nan;nan;nan;nan;nan;nan;nan;nan;nan;nan;nan;nan;nan;nan;nan;nan;nan;nan;nan;nan;nan;nan;nan;nan;nan;nan;nan;nan;nan;nan;nan;nan;nan;nan;nan;nan;nan;nan;nan;nan;nan;nan;nan;nan;nan;nan;nan;nan;nan;nan;nan;nan;nan;nan;nan;nan;nan;nan;nan;nan;nan;nan;nan;nan;nan;nan;nan;nan;nan;nan;nan;nan;nan;nan;nan;nan;nan;nan;nan;nan;nan;nan;nan;nan;nan;nan;nan;nan;nan;nan;nan;nan;nan;nan;nan;nan;nan;nan;nan;nan;nan;nan;nan;nan;nan;nan;nan;nan;nan;nan;nan;nan;nan;nan;nan;nan;nan;nan;nan;nan;nan;nan;nan;nan;nan;nan;nan;nan;nan;nan;nan;nan;nan;nan;nan;nan;nan;nan;nan;nan;nan;nan;nan;nan;nan;nan,5D,385.0
SLSQP,2,1000,10,19,6030,random,6030,71430.23674160463,73153.78394684664,1723.5472052420082,True,494.91921294054765,4.373224592,155.530 -970.985;463.856 387.560;977.343 10.792;-784.850 -614.187;-889.217 442.745;-50.824 -498.233;857.813 -503.242;-988.569 -42.100;300.615 943.393;-358.289 700.157,nan;nan;nan;70584.046;70615.188;70621.683;70621.683;70621.683;70621.683;70621.683;70621.683;70843.326;70843.326;70843.326;70843.326;70843.326;70843.326;71036.657;71037.884;71037.884;71037.884;71037.884;71037.884;71037.884;71037.884;71037.884;71037.884;71037.884;71037.884;71037.884;71037.884;71037.884;71037.884;71037.884;71037.884;71037.884;71037.884;71176.449;71176.641;71176.838;71177.074;71177.314;71177.536;71177.771;71178.007;71178.243;71178.461;71178.700;71178.956;71179.189;71179.394;71179.600;71179.805;71179.871;71179.871;71179.871;71179.871;71179.871;71179.871;71179.871;71179.871;71179.871;71179.957;71179.957;71179.957;71179.957;71179.957;71179.957;71179.957;71179.957;71179.957;71179.957;71179.957;71179.957;71179.957;71179.957;71179.957;71179.957;71179.957;71179.957;71179.957;71179.957;71179.957;71179.957;71179.957;71179.957;71179.957;71179.957;71179.957;71179.957;71179.957;71179.957;71179.957;71179.957;71179.957;71179.957;71179.957;71179.957;71179.957;71179.957;71179.957;71179.957;71179.957;71179.957;71179.957;71179.957;71179.957;71179.957;71179.957;71179.957;71179.957;71179.957;71179.957;71179.957;71179.957;71179.957;71179.957;71179.957;71394.872;71410.688;71411.152;71411.160;71411.165;71411.976;71411.976;71411.976;71411.976;71411.976;71419.471;71419.471;71423.169;71423.169;71423.169;71423.169;71423.169;71423.169;71423.169;71423.169;71423.169;71423.169;71423.169;71423.169;71423.169;71423.169;71423.169;71423.169;71423.169;71423.169;71423.169;71423.169;71423.169;71423.169;71423.169;71423.169;71423.169;71423.169;71423.169;71423.169;71423.169;71423.169;71423.169;71423.169;71423.169;71423.169;71423.169;71423.169;71424.267;71427.536;71430.237;71430.237;71430.237;71430.237;71430.237;71430.237;71430.237;71430.237;71430.237;71430.237;71430.237;71430.237;71430.237;71430.237;71430.237;71430.237;71430.237;71430.237;71430.237;71430.237;71430.237;71430.237;71430.237;71430.237;71430.237;71430.237;71430.237;71430.237;71430.237;71430.237;71430.237;71430.237;71430.237,6D,462.0
PSOBV,2,1000,10,29,6030,random,6030,71338.75624959407,73153.78394684664,1815.0276972525753,True,495.592615366118,2.624076739000003,-437.767 -310.896;-537.414 832.525;146.242 -905.648;993.685 -95.651;669.941 -581.475;-48.606 997.904;-429.956 240.913;474.793 846.517;828.341 371.547;109.409 462.440,nan;nan;nan;nan;nan;nan;nan;nan;nan;nan;nan;nan;nan;nan;nan;nan;nan;nan;nan;nan;nan;nan;nan;nan;nan;nan;nan;nan;nan;nan;nan;nan;nan;nan;nan;nan;nan;nan;nan;nan;nan;nan;nan;nan;nan;nan;70399.971;70599.862;70599.862;70599.862;70599.862;70599.862;70599.862;70599.862;70627.016;70627.016;70627.016;70627.016;70627.016;70627.016;70627.016;70630.733;70630.733;70630.733;70630.733;70689.304;70689.304;70689.304;70780.577;70780.577;70787.732;70787.732;70882.056;70882.056;70882.056;70987.704;70987.704;70987.704;70987.704;70987.704;71120.294;71120.294;71120.294;71143.758;71143.758;71143.758;71143.758;71150.708;71161.348;71162.747;71162.747;71162.747;71163.165;71163.165;71163.675;71163.675;71164.437;71164.437;71164.437;71164.437;71164.437;71199.706;71199.706;71227.934;71258.413;71258.413;71264.459;71272.966;71278.985;71279.921;71283.084;71283.084;71283.084;71285.863;71294.286;71294.286;71298.422;71301.190;71301.190;71303.834;71304.542;71304.542;71305.897;71308.682;71312.110;71314.170;71315.524;71315.524;71316.194;71319.310;71319.310;71322.974;71322.974;71322.974;71326.516;71326.516;71326.967;71329.937;71329.937;71329.937;71331.695;71332.702;71333.370;71333.370;71334.027;71334.217;71334.217;71334.870;71334.927;71334.927;71335.269;71336.094;71336.457;71336.789;71337.086;71337.086;71337.196;71337.925;71337.925;71338.756;71338.756;71338.756;71338.756;71338.756;71338.756;71338.756;71338.756;71338.756;71338.756;71338.756;71338.756;71338.756;71338.756;71338.756;71338.756;71338.756;71338.756;71338.756;71338.756;71338.756;71338.756;71338.756;71338.756;71338.756;71338.756;71338.756;71338.756;71338.756;71338.756;71338.756;71338.756;71338.756;71338.756;71338.756;71338.756;71338.756;71338.756;71338.756;71338.756;71338.756;71338.756,6D,462.0
RSDVNS,2,1000,10,9,6030,random,6030,71664.98801088028,73153.78394684664,1488.7959359663655,True,475.06292940245896,2.33349775100001,-924.649 -292.817;-194.833 980.226;84.761 -445.095;496.476 310.501;-505.427 134.377;648.439 760.603;874.459 -241.011;-510.644 -655.795;573.592 -660.888;-11.451 -999.685,nan;nan;nan;nan;nan;nan;nan;nan;nan;nan;nan;nan;nan;nan;nan;nan;nan;nan;nan;nan;nan;nan;nan;nan;nan;nan;nan;nan;nan;nan;nan;nan;nan;nan;nan;nan;nan;nan;nan;nan;nan;nan;nan;nan;nan;nan;nan;nan;nan;nan;nan;nan;nan;nan;nan;nan;nan;nan;nan;nan;nan;nan;nan;nan;nan;nan;nan;nan;nan;nan;nan;nan;nan;nan;nan;nan;nan;nan;nan;nan;nan;nan;nan;nan;nan;nan;nan;nan;nan;nan;nan;nan;nan;nan;nan;nan;nan;nan;nan;nan;nan;nan;nan;70622.988;70844.148;70844.148;70972.774;71149.495;71347.921;71347.921;71416.725;71447.279;71472.139;71472.139;71492.321;71492.321;71568.790;71571.347;71586.170;71588.735;71588.735;71588.735;71590.828;71595.136;71600.119;71605.464;71607.581;71608.334;71621.030;71621.030;71621.783;71623.727;71623.727;71625.030;71627.177;71627.698;71633.767;71639.690;71639.690;71641.499;71641.499;71643.585;71643.585;71644.613;71646.635;71647.667;71648.556;71648.556;71648.556;71649.603;71651.107;71651.428;71652.599;71653.037;71653.358;71653.477;71654.912;71654.912;71655.627;71657.054;71657.054;71657.939;71657.939;71658.295;71658.668;71659.198;71659.935;71660.290;71660.584;71661.440;71661.440;71661.697;71661.874;71662.131;71662.348;71662.507;71662.507;71663.277;71663.277;71663.631;71664.341;71664.341;71664.774;71664.774;71664.988;71664.988;71664.988;71664.988;71664.988;71664.988;71664.988;71664.988;71664.988;71664.988;71664.988;71664.988;71664.988;71664.988;71664.988;71664.988;71664.988,6D,462.0
BVNS,2,1000,10,19,6030,random,6030,71695.7331030528,73153.78394684664,1458.0508437938406,True,510.81829504308456,1.9629058429999873,256.816 -891.946;286.457 372.377;722.684 99.286;-808.874 -584.001;-721.348 691.232;286.650 -344.218;832.514 -550.057;-984.375 67.883;239.870 965.244;-204.288 514.164,nan;nan;nan;nan;nan;nan;nan;nan;nan;nan;nan;nan;nan;nan;nan;nan;nan;nan;nan;nan;nan;nan;nan;nan;nan;nan;nan;nan;nan;nan;nan;nan;70090.845;70412.908;70728.161;70814.235;70821.245;70907.189;70986.202;71029.093;71029.093;71230.125;71230.125;71316.267;71348.214;71361.615;71361.615;71372.913;71432.983;71432.983;71469.171;71486.811;71489.510;71497.332;71498.087;71515.091;71517.011;71522.207;71526.471;71528.754;71528.754;71528.754;71528.754;71530.835;71533.331;71534.409;71534.409;71541.594;71542.558;71543.430;71543.430;71545.703;71545.770;71548.043;71549.614;71549.614;71550.908;71553.195;71553.195;71554.054;71555.323;71557.559;71559.758;71559.758;71560.268;71560.268;71561.392;71563.138;71563.138;71563.913;71564.143;71564.365;71564.571;71565.191;71565.414;71565.666;71565.666;71565.666;71567.187;71567.187;71567.437;71567.437;71567.992;71568.858;71568.858;71569.167;71569.711;71569.821;71569.966;71570.272;71570.486;71570.596;71570.793;71571.334;71571.547;71571.932;71571.932;71572.192;71572.302;71572.428;71572.428;71572.537;71572.947;71573.057;71573.486;71573.595;71573.721;71573.829;71573.935;71574.239;71574.348;71574.473;71574.473;71574.473;71575.224;71575.224;71575.759;71575.759;71575.885;71575.885;71575.885;71575.885;71575.885;71575.885;71575.885;71575.885;71575.885;71575.885;71575.885;71575.885;71575.885;71575.885;71575.885;71575.885;71575.885;71575.885;71575.885;71575.885;71575.885;71575.885;71575.885;71575.885;71575.885;71575.885;71575.885;71575.885;71575.885;71575.885;71575.885;71575.885;71575.885;71575.885;71575.885;71575.885;71575.885;71575.885;71575.885;71575.885;71575.885;71668.814;71669.633;71669.633;71685.660;71685.660;71687.664;71687.664;71690.079;71690.079;71690.964;71690.964;71691.751;71692.077;71692.077;71693.081;71693.727;71693.727;71694.198;71694.925;71694.925;71695.361;71695.733,6D,462.0
PSOC,2,1000,10,29,6030,random,6030,71644.36195285617,73153.78394684664,1509.4219939904724,True,469.38924739218527,2.149138843000003,-412.181 -318.515;-571.755 818.702;160.490 -901.388;987.402 -76.290;750.561 -634.513;-63.110 997.756;-630.313 207.890;442.491 834.010;880.370 380.733;137.238 415.223,nan;nan;nan;nan;nan;nan;nan;nan;nan;nan;nan;nan;nan;nan;nan;nan;nan;nan;nan;nan;nan;nan;nan;nan;nan;nan;nan;nan;nan;nan;nan;nan;nan;nan;nan;nan;nan;nan;nan;nan;nan;nan;nan;nan;nan;nan;70399.971;70599.862;70599.862;70599.862;70599.862;70599.862;70599.862;70599.862;70627.016;70627.016;70627.016;70627.016;70627.016;70627.016;70627.016;70630.733;70630.733;70630.733;70630.733;70689.304;70689.304;70689.304;70780.577;70780.577;70787.732;70787.732;70882.056;70882.056;70882.056;70987.704;70987.704;70987.704;70987.704;70987.704;71120.294;71120.294;71120.294;71143.758;71143.758;71143.758;71143.758;71150.708;71161.348;71162.747;71162.747;71162.747;71163.165;71163.165;71163.675;71163.675;71164.437;71164.437;71164.437;71164.437;71164.437;71168.661;71168.661;71168.661;71188.299;71188.299;71188.299;71195.741;71195.741;71200.382;71200.382;71200.382;71200.382;71201.444;71201.864;71203.059;71203.059;71203.059;71203.555;71203.555;71203.555;71210.257;71210.257;71211.449;71215.501;71222.163;71228.472;71230.814;71233.930;71234.461;71239.308;71242.803;71256.975;71261.336;71263.543;71272.645;71272.645;71272.645;71272.645;71277.637;71277.637;71283.839;71283.839;71283.839;71289.546;71292.442;71293.464;71296.841;71339.826;71373.068;71457.332;71457.332;71457.332;71615.531;71615.531;71615.531;71615.531;71615.531;71615.531;71615.531;71615.531;71615.531;71615.531;71615.531;71615.531;71615.531;71615.531;71615.531;71615.531;71615.531;71615.531;71615.531;71615.531;71615.840;71617.803;71619.220;71620.245;71620.990;71621.530;71621.924;71623.538;71623.597;71624.598;71625.322;71626.669;71626.761;71635.529;71636.760;71637.217;71637.217;71643.361;71643.361;71643.361;71643.361;71643.361;71643.361;71643.361;71643.361;71644.362;71644.362;71644.362,6D,462.0
LXSSA,2,1000,10,9,6030,random,6030,71199.59087167244,73153.78394684664,1954.1930751742038,True,476.17355925579136,2.0235902800000076,596.666 653.847;863.529 -121.162;-262.133 -17.061;-476.731 -857.250;-915.782 -390.605;-665.823 330.233;184.886 321.065;-31.011 -615.825;655.303 -549.395;-315.170 791.616,nan;nan;nan;nan;nan;nan;nan;nan;nan;nan;nan;nan;nan;nan;nan;nan;nan;nan;nan;nan;nan;nan;nan;nan;nan;nan;nan;nan;nan;nan;nan;nan;nan;nan;nan;nan;nan;nan;nan;nan;nan;nan;nan;nan;nan;nan;nan;nan;nan;nan;nan;nan;nan;nan;nan;nan;nan;70008.304;70008.304;70008.304;70008.304;70022.173;70022.173;70022.173;70022.173;70022.173;70022.173;70022.173;70022.173;70355.733;70355.733;70355.733;70355.733;70681.806;70681.806;70681.806;70681.806;70681.806;70681.806;70681.806;70681.806;70693.235;70693.235;70700.484;70700.484;70700.484;70700.484;70700.484;70700.484;70700.484;70700.484;70706.457;70706.457;70765.016;70765.016;70766.599;70848.671;70848.671;70848.671;70848.671;70848.671;70998.219;70998.219;71040.304;71040.304;71043.807;71043.807;71070.285;71070.285;71070.285;71070.285;71085.220;71085.220;71088.745;71088.745;71088.745;71088.745;71088.745;71088.745;71088.745;71092.816;71095.654;71096.663;71098.518;71104.469;71105.346;71107.929;71166.665;71169.038;71169.038;71170.908;71170.908;71172.703;71186.384;71186.384;71188.259;71188.259;71188.259;71188.706;71188.706;71189.237;71190.841;71190.841;71190.892;71191.112;71193.843;71193.843;71194.037;71194.271;71194.537;71194.537;71195.006;71195.006;71196.008;71196.008;71196.008;71196.107;71196.177;71196.238;71196.518;71196.518;71196.639;71196.639;71196.954;71196.954;71199.119;71199.119;71199.119;71199.153;71199.169;71199.175;71199.194;71199.194;71199.194;71199.204;71199.219;71199.219;71199.454;71199.454;71199.454;71199.460;71199.460;71199.465;71199.465;71199.468;71199.523;71199.523;71199.562;71199.562;71199.570;71199.570;71199.585;71199.585;71199.588;71199.588;71199.588;71199.589;71199.589;71199.589;71199.591;71199.591,6D,462.0
DE,2,1000,10,19,6030,random,6030,68928.33975096807,73153.78394684664,4225.444195878576,False,399.1676810705869,3.1046689769999887,-940.752 -91.942;-183.695 -443.480;479.871 281.129;-350.025 -80.618;881.861 -283.372;-442.844 837.967;-80.617 -954.964;46.762 41.207;470.714 -170.680;-93.955 437.085,nan;nan;nan;nan;nan;nan;nan;nan;nan;nan;nan;nan;nan;nan;nan;nan;nan;nan;nan;nan;nan;nan;nan;nan;nan;nan;nan;nan;nan;nan;nan;nan;nan;nan;nan;nan;nan;nan;nan;nan;nan;nan;nan;nan;nan;nan;nan;nan;nan;nan;nan;nan;nan;nan;nan;nan;nan;nan;nan;nan;nan;nan;nan;nan;nan;nan;nan;nan;nan;nan;nan;nan;nan;nan;nan;nan;nan;nan;nan;nan;nan;nan;nan;nan;nan;nan;nan;nan;nan;nan;nan;nan;nan;nan;nan;nan;nan;nan;nan;nan;nan;nan;nan;nan;nan;nan;nan;nan;nan;nan;nan;nan;nan;nan;nan;nan;nan;nan;nan;nan;nan;nan;nan;nan;nan;nan;nan;nan;nan;nan;nan;nan;nan;nan;nan;nan;nan;nan;nan;nan;nan;nan;nan;nan;nan;nan;nan;nan;nan;nan;nan;nan;nan;nan;nan;nan;nan;nan;nan;nan;nan;nan;nan;nan;nan;nan;nan;nan;nan;nan;nan;nan;nan;nan;nan;nan;nan;nan;nan;nan;nan;nan;nan;nan;nan;nan;nan;nan;nan;nan;nan;nan;nan;nan;nan;nan;nan;nan;nan;nan;nan,6D,462.0
SLSQP,2,1000,10,29,6030,random,6030,71646.33740479963,73153.78394684664,1507.4465420470078,True,405.87936063752625,4.5271216110000125,-397.037 -370.126;-762.319 152.101;314.244 -948.693;543.023 -613.434;-485.821 -867.650;124.140 151.698;837.815 -290.205;57.206 998.356;903.582 428.277;172.849 597.743,nan;nan;nan;70112.452;70327.886;70397.230;70602.996;70608.166;70608.166;70608.166;70651.779;70669.851;70692.936;70692.936;70692.936;70736.653;70736.653;70736.660;70736.660;70736.660;70767.956;70767.956;70767.956;70767.956;70767.956;70767.956;70767.956;70767.956;70767.956;70767.956;70767.956;70767.956;70767.956;70767.956;70767.956;70767.956;70767.956;70767.956;70767.956;70767.956;70767.956;70767.956;70767.956;70767.956;70767.956;70767.956;70767.956;70767.956;70767.956;70767.956;70767.956;70767.956;70804.623;70805.201;70805.688;70805.688;70805.688;70805.688;70805.688;70805.688;70805.688;70805.688;70805.688;70805.688;70805.688;70805.688;70805.688;70805.688;70805.688;70805.688;70805.688;70805.688;70805.688;70805.688;70805.688;70805.688;70805.688;70805.688;70805.688;70805.688;70805.688;70805.688;70805.688;70805.688;70805.688;70805.688;70805.688;70805.688;70805.688;70805.688;70805.688;70805.688;70805.688;71564.772;71564.990;71565.000;71565.000;71625.088;71625.088;71646.337;71646.337;71646.337;71646.337;71646.337;71646.337;71646.337;71646.337;71646.337;71646.337;71646.337;71646.337;71646.337;71646.337;71646.337;71646.337;71646.337;71646.337;71646.337;71646.337;71646.337;71646.337;71646.337;71646.337;71646.337;71646.337;71646.337;71646.337;71646.337;71646.337;71646.337;71646.337;71646.337;71646.337;71646.337;71646.337;71646.337;71646.337;71646.337;71646.337;71646.337;71646.337;71646.337;71646.337;71646.337;71646.337;71646.337;71646.337;71646.337;71646.337;71646.337;71646.337;71646.337;71646.337;71646.337;71646.337;71646.337;71646.337;71646.337;71646.337;71646.337;71646.337;71646.337;71646.337;71646.337;71646.337;71646.337;71646.337;71646.337;71646.337;71646.337;71646.337;71646.337;71646.337;71646.337;71646.337;71646.337;71646.337;71646.337;71646.337;71646.337;71646.337;71646.337;71646.337;71646.337;71646.337;71646.337;71646.337;71646.337;71646.337;71646.337;71646.337;71646.337;71646.337;71646.337;71646.337;71646.337;71646.337;71646.337;71646.337;71646.337;71646.337,5D,385.0
SSABV,2,1000,10,9,6030,random,6030,71012.22467160969,73153.78394684664,2141.5592752369557,True,440.74139564940305,2.9544266239999786,559.510 599.277;980.038 -198.489;-673.110 64.260;-391.217 -398.978;-963.605 -267.200;-873.716 470.199;80.969 995.898;184.020 -278.393;588.349 -671.934;-97.816 223.832,nan;nan;nan;nan;nan;nan;nan;nan;nan;nan;nan;nan;nan;nan;nan;nan;nan;nan;nan;nan;nan;nan;nan;nan;nan;nan;nan;nan;nan;nan;nan;nan;nan;nan;nan;nan;nan;nan;nan;nan;nan;nan;nan;70001.248;70002.565;70165.178;70165.178;70318.373;70377.199;70489.720;70489.720;70489.720;70489.720;70489.720;70489.720;70524.962;70524.962;70532.592;70539.344;70550.805;70590.905;70590.905;70590.905;70592.459;70593.814;70595.231;70596.160;70597.320;70598.592;70600.308;70601.251;70602.333;70603.012;70603.500;70604.135;70604.656;70604.910;70605.127;70605.311;70605.449;70605.580;70605.654;70605.715;70605.756;70605.786;70605.810;70605.831;70605.846;70605.857;70605.862;70605.871;70605.877;70605.882;70605.885;70605.887;70605.888;70605.890;70605.890;70605.891;70605.891;70605.892;70720.358;70810.227;70810.227;70816.028;70895.986;70899.219;70901.557;70901.557;70906.502;70907.270;70912.212;70912.212;70912.212;70919.572;70926.770;70926.770;70933.874;70934.462;70936.118;70936.693;70937.038;70944.409;70944.421;70951.527;70951.856;70958.743;70958.755;70965.400;70965.593;70968.195;70968.330;70970.932;70970.932;70971.032;70975.080;70975.080;70975.080;70978.542;70978.542;70980.591;70981.575;70981.971;70982.955;70985.078;70985.744;70987.782;70987.782;70989.146;70989.149;70989.180;70990.543;70991.507;70993.605;70994.154;70994.160;70994.180;70995.849;70995.851;70995.851;70996.020;70996.020;70996.021;70997.549;70997.549;70999.362;71001.056;71001.057;71002.094;71003.099;71004.101;71004.102;71004.796;71005.397;71005.398;71006.430;71007.455;71007.622;71008.620;71008.621;71008.757;71008.758;71008.758;71009.658;71009.658;71010.498;71010.919;71010.919;71011.208;71011.249;71011.594;71011.841;71012.184;71012.225;71012.225;71012.225;71012.225;71012.225;71012.225;71012.225;71012.225,5D,385.0
RSDVNS,2,1000,10,19,6030,random,6030,71617.26677276625,73153.78394684664,1536.5171740803926,True,442.76897527475165,2.028700049000008,175.208 -274.673;-521.910 -852.067;-188.835 419.999;607.759 214.478;-776.091 627.212;421.405 811.062;730.529 -481.280;-524.360 -87.086;-180.854 981.227;-1.149 -680.804,nan;nan;nan;nan;nan;nan;nan;nan;nan;nan;nan;nan;nan;nan;nan;nan;nan;nan;nan;nan;nan;69817.457;69817.457;69817.457;69817.457;69817.457;69817.457;69817.457;69817.457;69817.457;69817.457;69817.457;69817.457;69817.457;69817.457;69817.457;69817.457;69817.457;69817.457;69817.457;69817.457;69817.457;69817.457;69817.457;69817.457;69817.457;69817.457;69817.457;69817.457;69817.457;69817.457;69817.457;69817.457;69817.457;69817.457;69817.457;69817.457;69817.457;69817.457;69817.457;69817.457;69817.457;69817.457;69817.457;69817.457;69817.457;69817.457;69817.457;69817.457;69817.457;69817.457;69817.457;69817.457;69817.457;69817.457;69817.457;69817.457;69817.457;69817.457;69817.457;69817.457;69817.457;69817.457;69817.457;69817.457;69817.457;69817.457;69817.457;69817.457;69817.457;69817.457;69817.457;69817.457;69817.457;69817.457;69817.457;69817.457;69817.457;69817.457;69817.457;70129.894;70227.076;70289.881;70374.925;70482.079;70521.443;70556.036;70595.057;70621.785;70621.785;70653.434;70855.753;70872.282;70885.377;70905.604;70950.436;70955.151;70971.409;70986.522;70999.151;71049.461;71052.554;71099.612;71110.131;71125.687;71125.687;71128.870;71132.101;71284.932;71315.718;71366.863;71366.863;71504.742;71507.035;71520.842;71523.135;71530.284;71532.732;71532.732;71533.972;71535.181;71535.181;71544.484;71544.484;71544.484;71551.565;71556.110;71561.758;71561.758;71568.639;71569.770;71575.223;71575.223;71575.223;71578.595;71580.168;71582.807;71583.037;71585.262;71588.575;71590.132;71591.186;71592.725;71593.542;71593.840;71593.840;71594.004;71597.790;71597.790;71598.292;71599.271;71600.371;71601.131;71602.508;71602.772;71604.038;71604.791;71604.791;71605.226;71606.675;71607.053;71607.108;71608.546;71609.286;71609.664;71609.664;71609.812;71609.960;71609.960;71610.032;71611.898;71611.967;71611.967;71613.820;71615.662;71615.662;71615.696;71616.126;71616.555;71616.555;71617.267,5D,385.0
BVNS,2,1000,10,29,6030,random,6030,71488.66762616686,73153.78394684664,1665.1163206797792,True,457.1781633400108,1.9167125440000063,-329.428 -280.048;-524.367 211.532;52.677 -934.290;497.365 -754.323;-716.366 -697.134;10.974 120.621;724.443 -281.367;-96.188 973.438;819.990 572.336;186.111 613.827,nan;nan;nan;nan;nan;nan;nan;nan;nan;nan;nan;nan;nan;nan;nan;69886.591;70250.473;70376.637;70547.388;70569.823;70673.565;70832.622;70912.160;70966.464;70966.464;71019.359;71042.107;71049.134;71158.468;71208.927;71229.158;71236.124;71236.124;71255.586;71255.586;71255.586;71315.052;71325.880;71332.073;71338.246;71338.246;71340.079;71340.079;71340.079;71343.704;71360.975;71360.975;71361.077;71361.077;71365.358;71371.599;71371.757;71373.560;71375.229;71376.714;71376.889;71377.467;71377.749;71383.774;71389.798;71390.365;71390.661;71396.460;71402.278;71402.835;71403.145;71403.324;71403.324;71403.887;71403.981;71404.049;71415.371;71415.371;71416.031;71416.090;71416.090;71417.568;71417.568;71418.619;71418.940;71419.435;71420.409;71420.731;71420.731;71421.047;71421.201;71421.749;71421.881;71423.469;71423.554;71423.577;71423.577;71424.306;71424.306;71424.827;71424.984;71425.312;71425.717;71426.079;71426.237;71426.237;71426.311;71426.322;71426.384;71427.169;71427.211;71427.222;71427.222;71427.584;71427.584;71427.584;71427.584;71427.584;71427.584;71427.584;71427.584;71427.584;71427.584;71427.584;71427.584;71427.584;71427.584;71427.584;71427.584;71427.584;71427.584;71427.584;71427.584;71427.584;71427.584;71427.584;71427.584;71427.584;71427.584;71427.584;71427.584;71427.584;71427.584;71427.584;71427.584;71427.584;71427.584;71427.584;71438.882;71438.882;71440.755;71442.556;71445.722;71447.581;71447.630;71447.630;71450.992;71452.791;71458.814;71458.814;71460.545;71460.545;71464.673;71465.334;71468.150;71469.266;71469.924;71469.924;71470.484;71472.181;71473.561;71474.620;71475.179;71475.498;71476.056;71477.767;71477.767;71479.125;71479.542;71479.900;71480.709;71481.126;71482.465;71482.465;71482.878;71482.878;71483.540;71483.992;71484.268;71484.426;71484.702;71485.673;71485.833;71486.060;71486.265;71486.655;71486.860;71487.352;71487.556;71487.716;71487.876;71487.876;71488.035;71488.035;71488.073;71488.668,5D,385.0
SSA,2,1000,10,9,6030,random,6030,71174.71455406293,73153.78394684664,1979.0693927837128,True,414.71325805875983,2.0274344439999936,941.404 203.707;777.747 -574.953;-493.253 -821.308;-519.105 -407.401;-16.331 -572.033;-971.812 -235.688;235.249 445.437;-756.554 185.861;210.308 -210.534;-422.004 558.304,nan;nan;nan;nan;nan;nan;nan;nan;nan;nan;nan;nan;nan;nan;nan;nan;nan;nan;nan;nan;nan;nan;nan;nan;nan;nan;nan;nan;nan;nan;nan;nan;nan;nan;nan;nan;nan;nan;nan;nan;nan;nan;nan;nan;nan;nan;nan;nan;nan;nan;nan;nan;nan;nan;nan;nan;nan;nan;nan;nan;nan;nan;nan;nan;nan;nan;nan;nan;nan;nan;nan;nan;nan;nan;nan;nan;nan;69565.421;69565.421;69565.421;69565.421;69565.421;69565.421;69910.010;69910.010;70088.167;70088.167;70088.167;70088.167;70140.323;70140.323;70140.323;70247.377;70247.377;70247.377;70247.377;70247.377;70475.705;70475.705;70553.252;70553.252;70648.568;70648.568;70758.524;70758.524;70758.524;70758.524;70758.524;70888.961;70888.961;70888.961;70888.961;70888.961;71088.550;71088.550;71088.550;71088.550;71088.550;71088.676;71092.237;71092.237;71092.237;71094.873;71094.873;71094.873;71097.037;71143.608;71145.533;71149.116;71150.711;71152.677;71155.088;71157.513;71158.214;71161.114;71162.651;71164.447;71165.611;71166.680;71167.539;71168.679;71169.412;71169.979;71170.432;71171.119;71171.476;71171.661;71172.328;71172.699;71172.947;71173.335;71173.554;71173.554;71173.631;71173.902;71173.902;71173.937;71173.987;71174.092;71174.098;71174.113;71174.221;71174.290;71174.355;71174.369;71174.427;71174.462;71174.516;71174.535;71174.558;71174.578;71174.596;71174.607;71174.610;71174.630;71174.643;71174.653;71174.661;71174.669;71174.676;71174.680;71174.684;71174.690;71174.694;71174.698;71174.699;71174.701;71174.703;71174.707;71174.709;71174.710;71174.711;71174.711;71174.712;71174.712;71174.713;71174.713;71174.714;71174.714;71174.714;71174.715,5D,385.0
LXSSA,2,1000,10,19,6030,random,6030,70453.27493180787,73153.78394684664,2700.5090150387696,True,388.8434943356364,1.9897111649999886,-146.212 -743.262;-506.515 -168.823;-73.974 802.871;-732.277 147.769;-543.395 -666.117;-23.625 146.781;-513.532 642.446;866.675 -321.751;646.910 265.126;-900.550 -379.758,nan;nan;nan;nan;nan;nan;nan;nan;nan;nan;nan;nan;nan;nan;nan;nan;nan;nan;nan;nan;nan;nan;nan;nan;nan;nan;nan;nan;nan;nan;nan;nan;nan;nan;nan;nan;nan;nan;nan;nan;nan;nan;nan;nan;nan;nan;nan;nan;nan;nan;nan;nan;nan;nan;nan;nan;nan;nan;nan;nan;nan;nan;nan;nan;nan;nan;nan;nan;nan;nan;nan;69761.340;69761.340;69896.853;69896.853;69927.783;69927.783;69927.783;69927.783;69927.783;69927.783;70403.929;70403.929;70404.257;70404.257;70404.257;70404.257;70404.257;70404.257;70404.257;70404.257;70404.257;70404.257;70404.257;70404.257;70404.257;70404.257;70404.257;70404.257;70404.257;70404.257;70404.805;70404.805;70404.805;70404.805;70404.805;70404.805;70404.805;70404.805;70404.805;70423.126;70423.126;70423.126;70423.126;70423.126;70430.068;70430.068;70430.068;70430.068;70430.068;70430.068;70430.068;70430.068;70430.068;70430.068;70430.984;70432.297;70432.297;70432.297;70432.303;70433.556;70434.227;70434.915;70437.250;70438.322;70440.347;70440.347;70440.359;70440.840;70441.328;70442.550;70442.550;70443.493;70443.493;70444.076;70445.252;70445.252;70447.968;70447.968;70447.968;70448.322;70448.322;70448.449;70448.587;70448.628;70449.166;70449.166;70449.734;70449.734;70450.696;70450.696;70451.058;70451.058;70451.139;70451.154;70451.154;70451.218;70451.252;70451.287;70451.354;70451.354;70451.397;70451.397;70452.174;70452.174;70452.174;70452.194;70452.194;70452.199;70452.202;70452.206;70452.219;70452.219;70452.219;70452.223;70452.370;70452.370;70452.370;70452.371;70452.375;70452.375;70452.380;70452.380;70452.447;70452.447;70452.510;70452.510;70452.870;70452.870;70453.275;70453.275,5D,385.0
DE,2,1000,10,29,6030,random,6030,70229.900934053,73153.78394684664,2923.883012793638,True,457.72424465886303,2.194496256000008,-138.081 -866.610;-694.461 -661.147;769.874 -73.757;563.278 468.109;-305.912 -80.853;147.341 178.763;-916.830 -235.889;771.540 -531.478;-434.815 716.804;228.472 -482.166,nan;nan;nan;nan;nan;nan;nan;69742.967;69742.967;69742.967;69742.967;69742.967;69742.967;69742.967;69742.967;69742.967;69742.967;69742.967;69742.967;69742.967;69742.967;69742.967;69742.967;69742.967;69742.967;69742.967;69742.967;69742.967;69742.967;69742.967;69742.967;69742.967;69742.967;69742.967;69742.967;69742.967;69742.967;69742.967;69742.967;69742.967;69742.967;69742.967;69742.967;69742.967;69742.967;69742.967;69742.967;69742.967;69742.967;69742.967;69742.967;69742.967;69742.967;69742.967;69742.967;69742.967;69742.967;69742.967;69742.967;69742.967;69742.967;69742.967;69742.967;69742.967;69742.967;69742.967;69742.967;69742.967;69742.967;69742.967;69742.967;69742.967;69742.967;69742.967;69742.967;69742.967;69742.967;69742.967;69742.967;69742.967;69742.967;69742.967;69742.967;69742.967;69742.967;69742.967;69742.967;69742.967;69742.967;69742.967;69742.967;69742.967;69742.967;69742.967;69742.967;69742.967;69742.967;69742.967;69742.967;69742.967;69742.967;69742.967;69742.967;69742.967;69742.967;69742.967;69742.967;69742.967;69742.967;69742.967;69742.967;69742.967;69742.967;69742.967;69742.967;69742.967;69742.967;69742.967;69742.967;69742.967;69742.967;69742.967;69742.967;69742.967;69742.967;69742.967;69742.967;69742.967;69742.967;69742.967;69742.967;69742.967;69742.967;69742.967;69742.967;69742.967;69742.967;69742.967;69742.967;69742.967;69742.967;69742.967;69742.967;69742.967;69742.967;69742.967;69742.967;69742.967;69742.967;69742.967;69742.967;69742.967;69742.967;69742.967;69742.967;69742.967;69742.967;69742.967;69742.967;69742.967;69742.967;69742.967;69742.967;69742.967;69742.967;69742.967;69742.967;69742.967;69742.967;69742.967;69742.967;69742.967;69742.967;69742.967;69742.967;69742.967;69742.967;69742.967;69742.967;70229.901;70229.901;70229.901;70229.901;70229.901;70229.901;70229.901;70229.901;70229.901;70229.901;70229.901;70229.901;70229.901;70229.901;70229.901;70229.901;70229.901;70229.901;70229.901;70229.901;70229.901;70229.901,5D,385.0
PSOBV,1,500,10,9,6030,random,6030,134070.0890100053,140457.3736973483,6387.284687342995,False,276.8894766820892,2.1059629050000126,446.035 224.554;490.536 -96.632;-136.797 84.080;-164.751 -472.008;-471.825 -165.171;-402.193 296.872;258.264 428.048;107.474 -101.666;266.342 -422.734;-66.220 495.541,nan;nan;nan;nan;nan;nan;nan;nan;nan;nan;nan;nan;nan;nan;nan;nan;nan;nan;nan;nan;nan;nan;nan;nan;nan;nan;nan;nan;nan;nan;nan;nan;nan;nan;nan;nan;nan;nan;nan;nan;nan;nan;nan;nan;nan;nan;nan;nan;nan;nan;nan;nan;nan;nan;nan;nan;nan;nan;nan;nan;nan;nan;nan;nan;nan;nan;nan;nan;nan;nan;nan;nan;nan;nan;nan;nan;nan;nan;nan;nan;nan;nan;nan;nan;nan;nan;nan;nan;nan;nan;nan;nan;nan;nan;nan;nan;nan;nan;nan;nan;nan;nan;nan;nan;nan;nan;nan;nan;nan;nan;nan;nan;nan;nan;nan;nan;nan;nan;nan;nan;nan;nan;nan;nan;nan;nan;nan;nan;nan;nan;nan;nan;nan;nan;nan;nan;nan;nan;nan;nan;nan;nan;nan;nan;nan;nan;nan;nan;nan;nan;nan;nan;nan;nan;nan;nan;nan;nan;nan;nan;nan;nan;nan;nan;nan;nan;nan;nan;nan;nan;nan;nan;nan;nan;nan;nan;nan;nan;nan;nan;nan;nan;nan;nan;nan;nan;nan;nan;nan;nan;nan;nan;nan;nan;nan;nan;nan;nan;nan;nan;nan,6D,462.0
SSABV,1,500,10,19,6030,random,6030,133691.92042000912,140457.3736973483,6765.453277339169,False,302.0249654921112,2.1732501349999893,428.209 -258.152;-474.022 158.392;297.312 401.842;137.104 -480.711;-286.291 409.866;1.971 500.000;-241.727 -437.416;-32.910 11.663;-466.336 -179.984;488.557 105.680,nan;nan;nan;nan;nan;nan;nan;nan;nan;nan;nan;nan;nan;nan;nan;nan;nan;nan;nan;nan;nan;nan;nan;nan;nan;nan;nan;nan;nan;nan;nan;nan;nan;nan;nan;nan;nan;nan;nan;nan;nan;nan;nan;nan;nan;nan;nan;nan;nan;nan;nan;nan;nan;nan;nan;nan;nan;nan;nan;nan;nan;nan;nan;nan;nan;nan;nan;nan;nan;nan;nan;nan;nan;nan;nan;nan;nan;nan;nan;nan;nan;nan;nan;nan;nan;nan;nan;nan;nan;nan;nan;nan;nan;nan;nan;nan;nan;nan;nan;nan;nan;nan;nan;nan;nan;nan;nan;nan;nan;nan;nan;nan;nan;nan;nan;nan;nan;nan;nan;nan;nan;nan;nan;nan;nan;nan;nan;nan;nan;nan;nan;nan;nan;nan;nan;nan;nan;nan;nan;nan;nan;nan;nan;nan;nan;nan;nan;nan;nan;nan;nan;nan;nan;nan;nan;nan;nan;nan;nan;nan;nan;nan;nan;nan;nan;nan;nan;nan;nan;nan;nan;nan;nan;nan;nan;nan;nan;nan;nan;nan;nan;nan;nan;nan;nan;nan;nan;nan;nan;nan;nan;nan;nan;nan;nan;nan;nan;nan;nan;nan;nan,6D,462.0
RSDVNS,1,500,10,29,6030,random,6030,129328.03796874818,140457.3736973483,11129.335728600112,False,282.42690787111815,2.27407908699999,38.274 496.193;394.635 301.360;483.964 -123.218;-365.446 338.672;-213.733 -439.689;-39.482 146.700;167.182 -468.691;-486.060 83.296;87.308 -131.800;-453.931 -207.485,nan;nan;nan;nan;nan;nan;nan;nan;nan;nan;nan;nan;nan;nan;nan;nan;nan;nan;nan;nan;nan;nan;nan;nan;nan;nan;nan;nan;nan;nan;nan;nan;nan;nan;nan;nan;nan;nan;nan;nan;nan;nan;nan;nan;nan;nan;nan;nan;nan;nan;nan;nan;nan;nan;nan;nan;nan;nan;nan;nan;nan;nan;nan;nan;nan;nan;nan;nan;nan;nan;nan;nan;nan;nan;nan;nan;nan;nan;nan;nan;nan;nan;nan;nan;nan;nan;nan;nan;nan;nan;nan;nan;nan;nan;nan;nan;nan;nan;nan;nan;nan;nan;nan;nan;nan;nan;nan;nan;nan;nan;nan;nan;nan;nan;nan;nan;nan;nan;nan;nan;nan;nan;nan;nan;nan;nan;nan;nan;nan;nan;nan;nan;nan;nan;nan;nan;nan;nan;nan;nan;nan;nan;nan;nan;nan;nan;nan;nan;nan;nan;nan;nan;nan;nan;nan;nan;nan;nan;nan;nan;nan;nan;nan;nan;nan;nan;nan;nan;nan;nan;nan;nan;nan;nan;nan;nan;nan;nan;nan;nan;nan;nan;nan;nan;nan;nan;nan;nan;nan;nan;nan;nan;nan;nan;nan;nan;nan;nan;nan;nan;nan,6D,462.0
PSOC,1,500,10,9,6030,random,6030,134046.07506493718,140457.3736973483,6411.298632411112,False,297.60464730437957,2.2317850539999995,462.527 188.626;484.615 -110.867;33.061 110.126;-165.085 -471.934;-474.322 -153.414;-404.658 268.558;273.361 418.375;-52.313 -177.982;273.484 -413.752;-69.042 489.930,nan;nan;nan;nan;nan;nan;nan;nan;nan;nan;nan;nan;nan;nan;nan;nan;nan;nan;nan;nan;nan;nan;nan;nan;nan;nan;nan;nan;nan;nan;nan;nan;nan;nan;nan;nan;nan;nan;nan;nan;nan;nan;nan;nan;nan;nan;nan;nan;nan;nan;nan;nan;nan;nan;nan;nan;nan;nan;nan;nan;nan;nan;nan;nan;nan;nan;nan;nan;nan;nan;nan;nan;nan;nan;nan;nan;nan;nan;nan;nan;nan;nan;nan;nan;nan;nan;nan;nan;nan;nan;nan;nan;nan;nan;nan;nan;nan;nan;nan;nan;nan;nan;nan;nan;nan;nan;nan;nan;nan;nan;nan;nan;nan;nan;nan;nan;nan;nan;nan;nan;nan;nan;nan;nan;nan;nan;nan;nan;nan;nan;nan;nan;nan;nan;nan;nan;nan;nan;nan;nan;nan;nan;nan;nan;nan;nan;nan;nan;nan;nan;nan;nan;nan;nan;nan;nan;nan;nan;nan;nan;nan;nan;nan;nan;nan;nan;nan;nan;nan;nan;nan;nan;nan;nan;nan;nan;nan;nan;nan;nan;nan;nan;nan;nan;nan;nan;nan;nan;nan;nan;nan;nan;nan;nan;nan;nan;nan;nan;nan;nan;nan,6D,462.0
SSA,1,500,10,19,6030,random,6030,131268.9005925276,140457.3736973483,9188.473104820674,False,263.4955044351767,2.1960095159999753,-152.248 -72.711;-499.999 -0.201;298.006 401.488;305.480 -395.831;-72.993 490.008;303.456 -132.343;-327.187 -378.086;53.756 -496.352;466.359 146.009;32.304 165.704,nan;nan;nan;nan;nan;nan;nan;nan;nan;nan;nan;nan;nan;nan;nan;nan;nan;nan;nan;nan;nan;nan;nan;nan;nan;nan;nan;nan;nan;nan;nan;nan;nan;nan;nan;nan;nan;nan;nan;nan;nan;nan;nan;nan;nan;nan;nan;nan;nan;nan;nan;nan;nan;nan;nan;nan;nan;nan;nan;nan;nan;nan;nan;nan;nan;nan;nan;nan;nan;nan;nan;nan;nan;nan;nan;nan;nan;nan;nan;nan;nan;nan;nan;nan;nan;nan;nan;nan;nan;nan;nan;nan;nan;nan;nan;nan;nan;nan;nan;nan;nan;nan;nan;nan;nan;nan;nan;nan;nan;nan;nan;nan;nan;nan;nan;nan;nan;nan;nan;nan;nan;nan;nan;nan;nan;nan;nan;nan;nan;nan;nan;nan;nan;nan;nan;nan;nan;nan;nan;nan;nan;nan;nan;nan;nan;nan;nan;nan;nan;nan;nan;nan;nan;nan;nan;nan;nan;nan;nan;nan;nan;nan;nan;nan;nan;nan;nan;nan;nan;nan;nan;nan;nan;nan;nan;nan;nan;nan;nan;nan;nan;nan;nan;nan;nan;nan;nan;nan;nan;nan;nan;nan;nan;nan;nan;nan;nan;nan;nan;nan;nan,6D,462.0
LXSSA,1,500,10,29,6030,random,6030,129706.40564897645,140457.3736973483,10750.96804837184,False,230.19352259642767,3.117507238999991,102.279 -201.738;-455.150 -206.977;416.290 16.059;-124.867 -18.108;-139.571 -461.404;-17.276 238.706;317.872 -385.741;-451.102 209.528;-88.440 457.623;344.239 362.199,nan;nan;nan;nan;nan;nan;nan;nan;nan;nan;nan;nan;nan;nan;nan;nan;nan;nan;nan;nan;nan;nan;nan;nan;nan;nan;nan;nan;nan;nan;nan;nan;nan;nan;nan;nan;nan;nan;nan;nan;nan;nan;nan;nan;nan;nan;nan;nan;nan;nan;nan;nan;nan;nan;nan;nan;nan;nan;nan;nan;nan;nan;nan;nan;nan;nan;nan;nan;nan;nan;nan;nan;nan;nan;nan;nan;nan;nan;nan;nan;nan;nan;nan;nan;nan;nan;nan;nan;nan;nan;nan;nan;nan;nan;nan;nan;nan;nan;nan;nan;nan;nan;nan;nan;nan;nan;nan;nan;nan;nan;nan;nan;nan;nan;nan;nan;nan;nan;nan;nan;nan;nan;nan;nan;nan;nan;nan;nan;nan;nan;nan;nan;nan;nan;nan;nan;nan;nan;nan;nan;nan;nan;nan;nan;nan;nan;nan;nan;nan;nan;nan;nan;nan;nan;nan;nan;nan;nan;nan;nan;nan;nan;nan;nan;nan;nan;nan;nan;nan;nan;nan;nan;nan;nan;nan;nan;nan;nan;nan;nan;nan;nan;nan;nan;nan;nan;nan;nan;nan;nan;nan;nan;nan;nan;nan;nan;nan;nan;nan;nan;nan,6D,462.0
SLSQP,1,500,10,9,6030,random,6030,128654.09500619085,140457.3736973483,11803.278691157437,False,129.6226335950225,4.79316867899999,337.979 281.373;382.499 -120.159;-202.722 25.436;-206.264 -253.216;-438.273 -146.623;-343.101 259.902;178.348 362.101;-21.732 -256.726;260.253 -309.516;-117.129 122.780,nan;nan;nan;nan;nan;nan;nan;nan;nan;nan;nan;nan;nan;nan;nan;nan;nan;nan;nan;nan;nan;nan;nan;nan;nan;nan;nan;nan;nan;nan;nan;nan;nan;nan;nan;nan;nan;nan;nan;nan;nan;nan;nan;nan;nan;nan;nan;nan;nan;nan;nan;nan;nan;nan;nan;nan;nan;nan;nan;nan;nan;nan;nan;nan;nan;nan;nan;nan;nan;nan;nan;nan;nan;nan;nan;nan;nan;nan;nan;nan;nan;nan;nan;nan;nan;nan;nan;nan;nan;nan;nan;nan;nan;nan;nan;nan;nan;nan;nan;nan;nan;nan;nan;nan;nan;nan;nan;nan;nan;nan;nan;nan;nan;nan;nan;nan;nan;nan;nan;nan;nan;nan;nan;nan;nan;nan;nan;nan;nan;nan;nan;nan;nan;nan;nan;nan;nan;nan;nan;nan;nan;nan;nan;nan;nan;nan;nan;nan;nan;nan;nan;nan;nan;nan;nan;nan;nan;nan;nan;nan;nan;nan;nan;nan;nan;nan;nan;nan;nan;nan;nan;nan;nan;nan;nan;nan;nan;nan;nan;nan;nan;nan;nan;nan;nan;nan;nan;nan;nan;nan;nan;nan;nan;nan;nan;nan;nan;nan;nan;nan;nan,5D,385.0
PSOBV,1,500,10,19,6030,random,6030,129002.50753421313,140457.3736973483,11454.866163135157,False,330.10786668351824,2.9261080339999808,-496.707 56.950;-78.959 -298.877;75.614 450.839;-415.907 -277.007;-337.658 368.178;223.905 -446.683;462.433 -189.672;463.661 187.114;168.337 -16.292;-150.824 68.013,nan;nan;nan;nan;nan;nan;nan;nan;nan;nan;nan;nan;nan;nan;nan;nan;nan;nan;nan;nan;nan;nan;nan;nan;nan;nan;nan;nan;nan;nan;nan;nan;nan;nan;nan;nan;nan;nan;nan;nan;nan;nan;nan;nan;nan;nan;nan;nan;nan;nan;nan;nan;nan;nan;nan;nan;nan;nan;nan;nan;nan;nan;nan;nan;nan;nan;nan;nan;nan;nan;nan;nan;nan;nan;nan;nan;nan;nan;nan;nan;nan;nan;nan;nan;nan;nan;nan;nan;nan;nan;nan;nan;nan;nan;nan;nan;nan;nan;nan;nan;nan;nan;nan;nan;nan;nan;nan;nan;nan;nan;nan;nan;nan;nan;nan;nan;nan;nan;nan;nan;nan;nan;nan;nan;nan;nan;nan;nan;nan;nan;nan;nan;nan;nan;nan;nan;nan;nan;nan;nan;nan;nan;nan;nan;nan;nan;nan;nan;nan;nan;nan;nan;nan;nan;nan;nan;nan;nan;nan;nan;nan;nan;nan;nan;nan;nan;nan;nan;nan;nan;nan;nan;nan;nan;nan;nan;nan;nan;nan;nan;nan;nan;nan;nan;nan;nan;nan;nan;nan;nan;nan;nan;nan;nan;nan;nan;nan;nan;nan;nan;nan,5D,385.0
SSABV,1,500,10,29,6030,random,6030,134816.35528243132,140457.3736973483,5641.018414916965,False,328.1976473457888,2.196577196999982,210.987 -453.288;194.703 47.047;460.707 -193.603;-494.749 -68.326;-24.371 -222.265;39.652 488.371;-160.744 92.931;385.539 318.222;-305.720 -395.337;-334.726 371.219,nan;nan;nan;nan;nan;nan;nan;nan;nan;nan;nan;nan;nan;nan;nan;nan;nan;nan;nan;nan;nan;nan;nan;nan;nan;nan;nan;nan;nan;nan;nan;nan;nan;nan;nan;nan;nan;nan;nan;nan;nan;nan;nan;nan;nan;nan;nan;nan;nan;nan;nan;nan;nan;nan;nan;nan;nan;nan;nan;nan;nan;nan;nan;nan;nan;nan;nan;nan;nan;nan;nan;nan;nan;nan;nan;nan;nan;nan;nan;nan;nan;nan;nan;nan;nan;nan;nan;nan;nan;nan;nan;nan;nan;nan;nan;nan;nan;nan;nan;nan;nan;nan;nan;nan;nan;nan;nan;nan;nan;nan;nan;nan;nan;nan;nan;nan;nan;nan;nan;nan;nan;nan;nan;nan;nan;nan;nan;nan;nan;nan;nan;nan;nan;nan;nan;nan;nan;nan;nan;nan;nan;nan;nan;nan;nan;nan;nan;nan;nan;nan;nan;nan;nan;nan;nan;nan;nan;nan;nan;nan;nan;nan;nan;nan;nan;nan;nan;nan;nan;nan;nan;nan;nan;nan;nan;nan;nan;nan;nan;nan;nan;nan;nan;nan;nan;nan;nan;nan;nan;nan;nan;nan;nan;nan;nan;nan;nan;nan;nan;nan;nan,5D,385.0
BVNS,1,500,10,9,6030,random,6030,129734.59704140777,140457.3736973483,10722.776655940514,False,336.0878247807305,2.1257738349999897,415.624 277.825;490.625 -94.535;-257.312 53.654;-184.719 -464.513;-446.731 -223.970;-317.491 385.860;45.523 497.916;20.612 -183.656;283.004 -412.036;91.960 150.828,nan;nan;nan;nan;nan;nan;nan;nan;nan;nan;nan;nan;nan;nan;nan;nan;nan;nan;nan;nan;nan;nan;nan;nan;nan;nan;nan;nan;nan;nan;nan;nan;nan;nan;nan;nan;nan;nan;nan;nan;nan;nan;nan;nan;nan;nan;nan;nan;nan;nan;nan;nan;nan;nan;nan;nan;nan;nan;nan;nan;nan;nan;nan;nan;nan;nan;nan;nan;nan;nan;nan;nan;nan;nan;nan;nan;nan;nan;nan;nan;nan;nan;nan;nan;nan;nan;nan;nan;nan;nan;nan;nan;nan;nan;nan;nan;nan;nan;nan;nan;nan;nan;nan;nan;nan;nan;nan;nan;nan;nan;nan;nan;nan;nan;nan;nan;nan;nan;nan;nan;nan;nan;nan;nan;nan;nan;nan;nan;nan;nan;nan;nan;nan;nan;nan;nan;nan;nan;nan;nan;nan;nan;nan;nan;nan;nan;nan;nan;nan;nan;nan;nan;nan;nan;nan;nan;nan;nan;nan;nan;nan;nan;nan;nan;nan;nan;nan;nan;nan;nan;nan;nan;nan;nan;nan;nan;nan;nan;nan;nan;nan;nan;nan;nan;nan;nan;nan;nan;nan;nan;nan;nan;nan;nan;nan;nan;nan;nan;nan;nan;nan,5D,385.0
PSOC,1,500,10,19,6030,random,6030,130421.58927368202,140457.3736973483,10035.784423666264,False,321.6589373796601,2.297059547999993,-495.831 49.620;-75.798 -275.921;75.088 485.580;-412.576 -280.325;-342.606 363.464;234.916 -439.437;470.410 -167.925;464.212 184.576;171.797 -19.547;-113.695 128.637,nan;nan;nan;nan;nan;nan;nan;nan;nan;nan;nan;nan;nan;nan;nan;nan;nan;nan;nan;nan;nan;nan;nan;nan;nan;nan;nan;nan;nan;nan;nan;nan;nan;nan;nan;nan;nan;nan;nan;nan;nan;nan;nan;nan;nan;nan;nan;nan;nan;nan;nan;nan;nan;nan;nan;nan;nan;nan;nan;nan;nan;nan;nan;nan;nan;nan;nan;nan;nan;nan;nan;nan;nan;nan;nan;nan;nan;nan;nan;nan;nan;nan;nan;nan;nan;nan;nan;nan;nan;nan;nan;nan;nan;nan;nan;nan;nan;nan;nan;nan;nan;nan;nan;nan;nan;nan;nan;nan;nan;nan;nan;nan;nan;nan;nan;nan;nan;nan;nan;nan;nan;nan;nan;nan;nan;nan;nan;nan;nan;nan;nan;nan;nan;nan;nan;nan;nan;nan;nan;nan;nan;nan;nan;nan;nan;nan;nan;nan;nan;nan;nan;nan;nan;nan;nan;nan;nan;nan;nan;nan;nan;nan;nan;nan;nan;nan;nan;nan;nan;nan;nan;nan;nan;nan;nan;nan;nan;nan;nan;nan;nan;nan;nan;nan;nan;nan;nan;nan;nan;nan;nan;nan;nan;nan;nan;nan;nan;nan;nan;nan;nan,5D,385.0
SSA,1,500,10,29,6030,random,6030,129429.2140855423,140457.3736973483,11028.159611805982,False,265.3447501498796,2.277761397000006,216.643 -446.764;271.756 262.870;-458.083 197.998;-86.345 -222.701;-242.351 -437.340;-194.881 448.194;499.601 -19.968;-105.628 107.594;164.460 -97.068;-479.284 -131.580,nan;nan;nan;nan;nan;nan;nan;nan;nan;nan;nan;nan;nan;nan;nan;nan;nan;nan;nan;nan;nan;nan;nan;nan;nan;nan;nan;nan;nan;nan;nan;nan;nan;nan;nan;nan;nan;nan;nan;nan;nan;nan;nan;nan;nan;nan;nan;nan;nan;nan;nan;nan;nan;nan;nan;nan;nan;nan;nan;nan;nan;nan;nan;nan;nan;nan;nan;nan;nan;nan;nan;nan;nan;nan;nan;nan;nan;nan;nan;nan;nan;nan;nan;nan;nan;nan;nan;nan;nan;nan;nan;nan;nan;nan;nan;nan;nan;nan;nan;nan;nan;nan;nan;nan;nan;nan;nan;nan;nan;nan;nan;nan;nan;nan;nan;nan;nan;nan;nan;nan;nan;nan;nan;nan;nan;nan;nan;nan;nan;nan;nan;nan;nan;nan;nan;nan;nan;nan;nan;nan;nan;nan;nan;nan;nan;nan;nan;nan;nan;nan;nan;nan;nan;nan;nan;nan;nan;nan;nan;nan;nan;nan;nan;nan;nan;nan;nan;nan;nan;nan;nan;nan;nan;nan;nan;nan;nan;nan;nan;nan;nan;nan;nan;nan;nan;nan;nan;nan;nan;nan;nan;nan;nan;nan;nan;nan;nan;nan;nan;nan;nan,5D,385.0
DE,1,500,10,9,6030,random,6030,131089.6040332014,140457.3736973483,9367.76966414688,False,126.75627135486641,3.5362906149999844,96.155 321.857;409.660 141.099;-367.820 156.388;53.171 -342.916;-283.264 -392.921;-156.813 372.642;179.218 417.606;407.688 -281.040;162.919 -31.588;-153.846 -118.127,nan;nan;nan;nan;nan;nan;nan;nan;nan;nan;nan;nan;nan;nan;nan;nan;nan;nan;nan;nan;nan;nan;nan;nan;nan;nan;nan;nan;nan;nan;nan;nan;nan;nan;nan;nan;nan;nan;nan;nan;nan;nan;nan;nan;nan;nan;nan;nan;nan;nan;nan;nan;nan;nan;nan;nan;nan;nan;nan;nan;nan;nan;nan;nan;nan;nan;nan;nan;nan;nan;nan;nan;nan;nan;nan;nan;nan;nan;nan;nan;nan;nan;nan;nan;nan;nan;nan;nan;nan;nan;nan;nan;nan;nan;nan;nan;nan;nan;nan;nan;nan;nan;nan;nan;nan;nan;nan;nan;nan;nan;nan;nan;nan;nan;nan;nan;nan;nan;nan;nan;nan;nan;nan;nan;nan;nan;nan;nan;nan;nan;nan;nan;nan;nan;nan;nan;nan;nan;nan;nan;nan;nan;nan;nan;nan;nan;nan;nan;nan;nan;nan;nan;nan;nan;nan;nan;nan;nan;nan;nan;nan;nan;nan;nan;nan;nan;nan;nan;nan;nan;nan;nan;nan;nan;nan;nan;nan;nan;nan;nan;nan;nan;nan;nan;nan;nan;nan;nan;nan;nan;nan;nan;nan;nan;nan;nan;nan;nan;nan;nan;nan,5D,385.0
SLSQP,2,500,10,19,6030,random,6030,51485.17053544537,73153.78394684664,21668.613411401268,False,45.404803121687,5.581480865999993,-460.501 -173.501;-32.091 -90.750;61.035 243.333;-197.442 -105.470;-251.717 291.457;38.249 -413.049;-448.369 -129.747;412.401 104.018;107.415 -145.394;158.848 252.310,nan;nan;nan;nan;nan;nan;nan;nan;nan;nan;nan;nan;nan;nan;nan;nan;nan;nan;nan;nan;nan;nan;nan;nan;nan;nan;nan;nan;nan;nan;nan;nan;nan;nan;nan;nan;nan;nan;nan;nan;nan;nan;nan;nan;nan;nan;nan;nan;nan;nan;nan;nan;nan;nan;nan;nan;nan;nan;nan;nan;nan;nan;nan;nan;nan;nan;nan;nan;nan;nan;nan;nan;nan;nan;nan;nan;nan;nan;nan;nan;nan;nan;nan;nan;nan;nan;nan;nan;nan;nan;nan;nan;nan;nan;nan;nan;nan;nan;nan;nan;nan;nan;nan;nan;nan;nan;nan;nan;nan;nan;nan;nan;nan;nan;nan;nan;nan;nan;nan;nan;nan;nan;nan;nan;nan;nan;nan;nan;nan;nan;nan;nan;nan;nan;nan;nan;nan;nan;nan;nan;nan;nan;nan;nan;nan;nan;nan;nan;nan;nan;nan;nan;nan;nan;nan;nan;nan;nan;nan;nan;nan;nan;nan;nan;nan;nan;nan;nan;nan;nan;nan;nan;nan;nan;nan;nan;nan;nan;nan;nan;nan;nan;nan;nan;nan;nan;nan;nan;nan;nan;nan;nan;nan;nan;nan;nan;nan;nan;nan;nan;nan,6D,462.0
PSOBV,2,500,10,29,6030,random,6030,66539.57924193813,73153.78394684664,6614.204704908509,False,314.75246739950376,3.236825662000001,-448.590 -219.798;-471.536 165.633;198.584 -458.464;492.718 84.249;-195.510 -460.004;-9.086 -120.459;438.441 -240.266;-234.918 441.298;344.445 361.890;26.122 215.708,nan;nan;nan;nan;nan;nan;nan;nan;nan;nan;nan;nan;nan;nan;nan;nan;nan;nan;nan;nan;nan;nan;nan;nan;nan;nan;nan;nan;nan;nan;nan;nan;nan;nan;nan;nan;nan;nan;nan;nan;nan;nan;nan;nan;nan;nan;nan;nan;nan;nan;nan;nan;nan;nan;nan;nan;nan;nan;nan;nan;nan;nan;nan;nan;nan;nan;nan;nan;nan;nan;nan;nan;nan;nan;nan;nan;nan;nan;nan;nan;nan;nan;nan;nan;nan;nan;nan;nan;nan;nan;nan;nan;nan;nan;nan;nan;nan;nan;nan;nan;nan;nan;nan;nan;nan;nan;nan;nan;nan;nan;nan;nan;nan;nan;nan;nan;nan;nan;nan;nan;nan;nan;nan;nan;nan;nan;nan;nan;nan;nan;nan;nan;nan;nan;nan;nan;nan;nan;nan;nan;nan;nan;nan;nan;nan;nan;nan;nan;nan;nan;nan;nan;nan;nan;nan;nan;nan;nan;nan;nan;nan;nan;nan;nan;nan;nan;nan;nan;nan;nan;nan;nan;nan;nan;nan;nan;nan;nan;nan;nan;nan;nan;nan;nan;nan;nan;nan;nan;nan;nan;nan;nan;nan;nan;nan;nan;nan;nan;nan;nan;nan,6D,462.0
RSDVNS,2,500,10,9,6030,random,6030,66768.85284250193,73153.78394684664,6384.931104344709,False,299.80597030408444,2.3091864980000025,-198.881 458.068;139.570 479.818;-425.651 260.985;497.568 -45.758;388.729 313.076;-493.191 -77.071;-158.903 -472.294;280.230 -413.572;-103.892 -155.940;72.958 96.879,nan;nan;nan;nan;nan;nan;nan;nan;nan;nan;nan;nan;nan;nan;nan;nan;nan;nan;nan;nan;nan;nan;nan;nan;nan;nan;nan;nan;nan;nan;nan;nan;nan;nan;nan;nan;nan;nan;nan;nan;nan;nan;nan;nan;nan;nan;nan;nan;nan;nan;nan;nan;nan;nan;nan;nan;nan;nan;nan;nan;nan;nan;nan;nan;nan;nan;nan;nan;nan;nan;nan;nan;nan;nan;nan;nan;nan;nan;nan;nan;nan;nan;nan;nan;nan;nan;nan;nan;nan;nan;nan;nan;nan;nan;nan;nan;nan;nan;nan;nan;nan;nan;nan;nan;nan;nan;nan;nan;nan;nan;nan;nan;nan;nan;nan;nan;nan;nan;nan;nan;nan;nan;nan;nan;nan;nan;nan;nan;nan;nan;nan;nan;nan;nan;nan;nan;nan;nan;nan;nan;nan;nan;nan;nan;nan;nan;nan;nan;nan;nan;nan;nan;nan;nan;nan;nan;nan;nan;nan;nan;nan;nan;nan;nan;nan;nan;nan;nan;nan;nan;nan;nan;nan;nan;nan;nan;nan;nan;nan;nan;nan;nan;nan;nan;nan;nan;nan;nan;nan;nan;nan;nan;nan;nan;nan;nan;nan;nan;nan;nan;nan,6D,462.0
BVNS,2,500,10,19,6030,random,6030,66604.86585516823,73153.78394684664,6548.91809167841,False,253.399697080136,2.1829307570000083,-460.501 -194.595;43.690 -125.906;-54.590 173.021;-253.692 -430.470;-301.717 398.488;108.562 -488.049;-496.807 56.191;487.401 111.050;419.915 -271.175;212.754 452.310,nan;nan;nan;nan;nan;nan;nan;nan;nan;nan;nan;nan;nan;nan;nan;nan;nan;nan;nan;nan;nan;nan;nan;nan;nan;nan;nan;nan;nan;nan;nan;nan;nan;nan;nan;nan;nan;nan;nan;nan;nan;nan;nan;nan;nan;nan;nan;nan;nan;nan;nan;nan;nan;nan;nan;nan;nan;nan;nan;nan;nan;nan;nan;nan;nan;nan;nan;nan;nan;nan;nan;nan;nan;nan;nan;nan;nan;nan;nan;nan;nan;nan;nan;nan;nan;nan;nan;nan;nan;nan;nan;nan;nan;nan;nan;nan;nan;nan;nan;nan;nan;nan;nan;nan;nan;nan;nan;nan;nan;nan;nan;nan;nan;nan;nan;nan;nan;nan;nan;nan;nan;nan;nan;nan;nan;nan;nan;nan;nan;nan;nan;nan;nan;nan;nan;nan;nan;nan;nan;nan;nan;nan;nan;nan;nan;nan;nan;nan;nan;nan;nan;nan;nan;nan;nan;nan;nan;nan;nan;nan;nan;nan;nan;nan;nan;nan;nan;nan;nan;nan;nan;nan;nan;nan;nan;nan;nan;nan;nan;nan;nan;nan;nan;nan;nan;nan;nan;nan;nan;nan;nan;nan;nan;nan;nan;nan;nan;nan;nan;nan;nan,6D,462.0
PSOC,2,500,10,29,6030,random,6030,66389.10602009876,73153.78394684664,6764.677926747885,False,297.99704921731296,2.2386596350000048,-463.620 -173.163;-459.286 188.573;195.440 -458.376;482.103 104.588;-196.144 -458.704;-17.788 -103.359;432.888 -241.595;-195.333 459.449;273.808 418.290;-19.254 194.634,nan;nan;nan;nan;nan;nan;nan;nan;nan;nan;nan;nan;nan;nan;nan;nan;nan;nan;nan;nan;nan;nan;nan;nan;nan;nan;nan;nan;nan;nan;nan;nan;nan;nan;nan;nan;nan;nan;nan;nan;nan;nan;nan;nan;nan;nan;nan;nan;nan;nan;nan;nan;nan;nan;nan;nan;nan;nan;nan;nan;nan;nan;nan;nan;nan;nan;nan;nan;nan;nan;nan;nan;nan;nan;nan;nan;nan;nan;nan;nan;nan;nan;nan;nan;nan;nan;nan;nan;nan;nan;nan;nan;nan;nan;nan;nan;nan;nan;nan;nan;nan;nan;nan;nan;nan;nan;nan;nan;nan;nan;nan;nan;nan;nan;nan;nan;nan;nan;nan;nan;nan;nan;nan;nan;nan;nan;nan;nan;nan;nan;nan;nan;nan;nan;nan;nan;nan;nan;nan;nan;nan;nan;nan;nan;nan;nan;nan;nan;nan;nan;nan;nan;nan;nan;nan;nan;nan;nan;nan;nan;nan;nan;nan;nan;nan;nan;nan;nan;nan;nan;nan;nan;nan;nan;nan;nan;nan;nan;nan;nan;nan;nan;nan;nan;nan;nan;nan;nan;nan;nan;nan;nan;nan;nan;nan;nan;nan;nan;nan;nan;nan,6D,462.0
LXSSA,2,500,10,9,6030,random,6030,64605.25040260537,73153.78394684664,8548.533544241269,False,257.0732986555582,2.1660780280000154,50.690 0.726;493.268 55.996;-400.878 -144.718;51.799 -366.045;-220.837 -448.243;-419.801 266.293;-87.718 492.193;387.054 -316.519;324.694 379.938;86.304 283.724,nan;nan;nan;nan;nan;nan;nan;nan;nan;nan;nan;nan;nan;nan;nan;nan;nan;nan;nan;nan;nan;nan;nan;nan;nan;nan;nan;nan;nan;nan;nan;nan;nan;nan;nan;nan;nan;nan;nan;nan;nan;nan;nan;nan;nan;nan;nan;nan;nan;nan;nan;nan;nan;nan;nan;nan;nan;nan;nan;nan;nan;nan;nan;nan;nan;nan;nan;nan;nan;nan;nan;nan;nan;nan;nan;nan;nan;nan;nan;nan;nan;nan;nan;nan;nan;nan;nan;nan;nan;nan;nan;nan;nan;nan;nan;nan;nan;nan;nan;nan;nan;nan;nan;nan;nan;nan;nan;nan;nan;nan;nan;nan;nan;nan;nan;nan;nan;nan;nan;nan;nan;nan;nan;nan;nan;nan;nan;nan;nan;nan;nan;nan;nan;nan;nan;nan;nan;nan;nan;nan;nan;nan;nan;nan;nan;nan;nan;nan;nan;nan;nan;nan;nan;nan;nan;nan;nan;nan;nan;nan;nan;nan;nan;nan;nan;nan;nan;nan;nan;nan;nan;nan;nan;nan;nan;nan;nan;nan;nan;nan;nan;nan;nan;nan;nan;nan;nan;nan;nan;nan;nan;nan;nan;nan;nan;nan;nan;nan;nan;nan;nan,6D,462.0
DE,2,500,10,19,6030,random,6030,64687.0908380568,73153.78394684664,8466.693108789841,False,185.15282816411704,3.5249456759999873,-185.808 339.741;-369.697 -213.705;-67.616 -338.187;66.198 495.173;-166.604 -96.280;360.392 -14.486;-429.465 152.675;237.538 362.218;65.692 -466.681;38.686 9.874,nan;nan;nan;nan;nan;nan;nan;nan;nan;nan;nan;nan;nan;nan;nan;nan;nan;nan;nan;nan;nan;nan;nan;nan;nan;nan;nan;nan;nan;nan;nan;nan;nan;nan;nan;nan;nan;nan;nan;nan;nan;nan;nan;nan;nan;nan;nan;nan;nan;nan;nan;nan;nan;nan;nan;nan;nan;nan;nan;nan;nan;nan;nan;nan;nan;nan;nan;nan;nan;nan;nan;nan;nan;nan;nan;nan;nan;nan;nan;nan;nan;nan;nan;nan;nan;nan;nan;nan;nan;nan;nan;nan;nan;nan;nan;nan;nan;nan;nan;nan;nan;nan;nan;nan;nan;nan;nan;nan;nan;nan;nan;nan;nan;nan;nan;nan;nan;nan;nan;nan;nan;nan;nan;nan;nan;nan;nan;nan;nan;nan;nan;nan;nan;nan;nan;nan;nan;nan;nan;nan;nan;nan;nan;nan;nan;nan;nan;nan;nan;nan;nan;nan;nan;nan;nan;nan;nan;nan;nan;nan;nan;nan;nan;nan;nan;nan;nan;nan;nan;nan;nan;nan;nan;nan;nan;nan;nan;nan;nan;nan;nan;nan;nan;nan;nan;nan;nan;nan;nan;nan;nan;nan;nan;nan;nan;nan;nan;nan;nan;nan;nan,6D,462.0
SLSQP,2,500,10,29,6030,random,6030,60481.61123463174,73153.78394684664,12672.172712214902,False,46.30833568558356,5.087977690000002,-78.118 -186.280;-196.576 78.363;31.022 -462.243;303.187 -295.470;-203.312 -434.903;10.786 118.236;295.856 -249.746;58.325 385.926;361.221 295.805;85.348 266.359,nan;nan;nan;nan;nan;nan;nan;nan;nan;nan;nan;nan;nan;nan;nan;nan;nan;nan;nan;nan;nan;nan;nan;nan;nan;nan;nan;nan;nan;nan;nan;nan;nan;nan;nan;nan;nan;nan;nan;nan;nan;nan;nan;nan;nan;nan;nan;nan;nan;nan;nan;nan;nan;nan;nan;nan;nan;nan;nan;nan;nan;nan;nan;nan;nan;nan;nan;nan;nan;nan;nan;nan;nan;nan;nan;nan;nan;nan;nan;nan;nan;nan;nan;nan;nan;nan;nan;nan;nan;nan;nan;nan;nan;nan;nan;nan;nan;nan;nan;nan;nan;nan;nan;nan;nan;nan;nan;nan;nan;nan;nan;nan;nan;nan;nan;nan;nan;nan;nan;nan;nan;nan;nan;nan;nan;nan;nan;nan;nan;nan;nan;nan;nan;nan;nan;nan;nan;nan;nan;nan;nan;nan;nan;nan;nan;nan;nan;nan;nan;nan;nan;nan;nan;nan;nan;nan;nan;nan;nan;nan;nan;nan;nan;nan;nan;nan;nan;nan;nan;nan;nan;nan;nan;nan;nan;nan;nan;nan;nan;nan;nan;nan;nan;nan;nan;nan;nan;nan;nan;nan;nan;nan;nan;nan;nan;nan;nan;nan;nan;nan;nan,5D,385.0
SSABV,2,500,10,9,6030,random,6030,66469.7868412764,73153.78394684664,6683.997105570248,False,327.10192223010074,2.7396753690000253,226.898 442.023;463.136 -182.706;82.082 144.440;-115.058 -485.439;-79.218 -140.126;-230.561 408.100;463.174 180.639;221.936 -447.024;-415.177 -274.605;-473.288 106.275,nan;nan;nan;nan;nan;nan;nan;nan;nan;nan;nan;nan;nan;nan;nan;nan;nan;nan;nan;nan;nan;nan;nan;nan;nan;nan;nan;nan;nan;nan;nan;nan;nan;nan;nan;nan;nan;nan;nan;nan;nan;nan;nan;nan;nan;nan;nan;nan;nan;nan;nan;nan;nan;nan;nan;nan;nan;nan;nan;nan;nan;nan;nan;nan;nan;nan;nan;nan;nan;nan;nan;nan;nan;nan;nan;nan;nan;nan;nan;nan;nan;nan;nan;nan;nan;nan;nan;nan;nan;nan;nan;nan;nan;nan;nan;nan;nan;nan;nan;nan;nan;nan;nan;nan;nan;nan;nan;nan;nan;nan;nan;nan;nan;nan;nan;nan;nan;nan;nan;nan;nan;nan;nan;nan;nan;nan;nan;nan;nan;nan;nan;nan;nan;nan;nan;nan;nan;nan;nan;nan;nan;nan;nan;nan;nan;nan;nan;nan;nan;nan;nan;nan;nan;nan;nan;nan;nan;nan;nan;nan;nan;nan;nan;nan;nan;nan;nan;nan;nan;nan;nan;nan;nan;nan;nan;nan;nan;nan;nan;nan;nan;nan;nan;nan;nan;nan;nan;nan;nan;nan;nan;nan;nan;nan;nan;nan;nan;nan;nan;nan;nan,5D,385.0
RSDVNS,2,500,10,19,6030,random,6030,67038.49751299906,73153.78394684664,6115.286433847577,False,333.1514553228204,2.2720147789999885,355.375 351.141;-351.366 355.630;-155.338 -66.906;151.073 63.871;1.496 500.000;500.000 0.921;27.196 -496.440;-500.000 1.323;-326.291 -376.596;367.139 -339.283,nan;nan;nan;nan;nan;nan;nan;nan;nan;nan;nan;nan;nan;nan;nan;nan;nan;nan;nan;nan;nan;nan;nan;nan;nan;nan;nan;nan;nan;nan;nan;nan;nan;nan;nan;nan;nan;nan;nan;nan;nan;nan;nan;nan;nan;nan;nan;nan;nan;nan;nan;nan;nan;nan;nan;nan;nan;nan;nan;nan;nan;nan;nan;nan;nan;nan;nan;nan;nan;nan;nan;nan;nan;nan;nan;nan;nan;nan;nan;nan;nan;nan;nan;nan;nan;nan;nan;nan;nan;nan;nan;nan;nan;nan;nan;nan;nan;nan;nan;nan;nan;nan;nan;nan;nan;nan;nan;nan;nan;nan;nan;nan;nan;nan;nan;nan;nan;nan;nan;nan;nan;nan;nan;nan;nan;nan;nan;nan;nan;nan;nan;nan;nan;nan;nan;nan;nan;nan;nan;nan;nan;nan;nan;nan;nan;nan;nan;nan;nan;nan;nan;nan;nan;nan;nan;nan;nan;nan;nan;nan;nan;nan;nan;nan;nan;nan;nan;nan;nan;nan;nan;nan;nan;nan;nan;nan;nan;nan;nan;nan;nan;nan;nan;nan;nan;nan;nan;nan;nan;nan;nan;nan;nan;nan;nan;nan;nan;nan;nan;nan;nan,5D,385.0
BVNS,2,500,10,29,6030,random,6030,67187.50484703999,73153.78394684664,5966.279099806648,False,323.6842839037144,2.178924938999984,-154.680 -100.343;-500.000 1.800;77.897 -493.493;364.124 -342.345;-246.280 -434.903;-309.527 335.424;498.981 -18.496;38.013 498.426;386.221 316.898;99.411 125.734,nan;nan;nan;nan;nan;nan;nan;nan;nan;nan;nan;nan;nan;nan;nan;nan;nan;nan;nan;nan;nan;nan;nan;nan;nan;nan;nan;nan;nan;nan;nan;nan;nan;nan;nan;nan;nan;nan;nan;nan;nan;nan;nan;nan;nan;nan;nan;nan;nan;nan;nan;nan;nan;nan;nan;nan;nan;nan;nan;nan;nan;nan;nan;nan;nan;nan;nan;nan;nan;nan;nan;nan;nan;nan;nan;nan;nan;nan;nan;nan;nan;nan;nan;nan;nan;nan;nan;nan;nan;nan;nan;nan;nan;nan;nan;nan;nan;nan;nan;nan;nan;nan;nan;nan;nan;nan;nan;nan;nan;nan;nan;nan;nan;nan;nan;nan;nan;nan;nan;nan;nan;nan;nan;nan;nan;nan;nan;nan;nan;nan;nan;nan;nan;nan;nan;nan;nan;nan;nan;nan;nan;nan;nan;nan;nan;nan;nan;nan;nan;nan;nan;nan;nan;nan;nan;nan;nan;nan;nan;nan;nan;nan;nan;nan;nan;nan;nan;nan;nan;nan;nan;nan;nan;nan;nan;nan;nan;nan;nan;nan;nan;nan;nan;nan;nan;nan;nan;nan;nan;nan;nan;nan;nan;nan;nan;nan;nan;nan;nan;nan;nan,5D,385.0
SSA,2,500,10,9,6030,random,6030,65310.144785721146,73153.78394684664,7843.639161125495,False,293.89581845189804,2.2517277999999976,190.325 461.485;23.886 -499.429;-162.747 457.132;-442.899 -177.693;-270.028 -415.371;-458.404 199.662;363.681 153.027;19.254 -142.213;343.185 -363.338;-144.896 115.986,nan;nan;nan;nan;nan;nan;nan;nan;nan;nan;nan;nan;nan;nan;nan;nan;nan;nan;nan;nan;nan;nan;nan;nan;nan;nan;nan;nan;nan;nan;nan;nan;nan;nan;nan;nan;nan;nan;nan;nan;nan;nan;nan;nan;nan;nan;nan;nan;nan;nan;nan;nan;nan;nan;nan;nan;nan;nan;nan;nan;nan;nan;nan;nan;nan;nan;nan;nan;nan;nan;nan;nan;nan;nan;nan;nan;nan;nan;nan;nan;nan;nan;nan;nan;nan;nan;nan;nan;nan;nan;nan;nan;nan;nan;nan;nan;nan;nan;nan;nan;nan;nan;nan;nan;nan;nan;nan;nan;nan;nan;nan;nan;nan;nan;nan;nan;nan;nan;nan;nan;nan;nan;nan;nan;nan;nan;nan;nan;nan;nan;nan;nan;nan;nan;nan;nan;nan;nan;nan;nan;nan;nan;nan;nan;nan;nan;nan;nan;nan;nan;nan;nan;nan;nan;nan;nan;nan;nan;nan;nan;nan;nan;nan;nan;nan;nan;nan;nan;nan;nan;nan;nan;nan;nan;nan;nan;nan;nan;nan;nan;nan;nan;nan;nan;nan;nan;nan;nan;nan;nan;nan;nan;nan;nan;nan;nan;nan;nan;nan;nan;nan,5D,385.0
LXSSA,2,500,10,19,6030,random,6030,65270.79089892821,73153.78394684664,7882.993047918433,False,251.33391921476579,2.2240928639999993,145.937 -471.752;231.327 76.303;-354.886 352.216;424.472 264.014;115.434 362.792;465.818 -181.478;-418.563 -153.096;-33.110 -157.671;-245.347 111.421;-101.605 489.531,nan;nan;nan;nan;nan;nan;nan;nan;nan;nan;nan;nan;nan;nan;nan;nan;nan;nan;nan;nan;nan;nan;nan;nan;nan;nan;nan;nan;nan;nan;nan;nan;nan;nan;nan;nan;nan;nan;nan;nan;nan;nan;nan;nan;nan;nan;nan;nan;nan;nan;nan;nan;nan;nan;nan;nan;nan;nan;nan;nan;nan;nan;nan;nan;nan;nan;nan;nan;nan;nan;nan;nan;nan;nan;nan;nan;nan;nan;nan;nan;nan;nan;nan;nan;nan;nan;nan;nan;nan;nan;nan;nan;nan;nan;nan;nan;nan;nan;nan;nan;nan;nan;nan;nan;nan;nan;nan;nan;nan;nan;nan;nan;nan;nan;nan;nan;nan;nan;nan;nan;nan;nan;nan;nan;nan;nan;nan;nan;nan;nan;nan;nan;nan;nan;nan;nan;nan;nan;nan;nan;nan;nan;nan;nan;nan;nan;nan;nan;nan;nan;nan;nan;nan;nan;nan;nan;nan;nan;nan;nan;nan;nan;nan;nan;nan;nan;nan;nan;nan;nan;nan;nan;nan;nan;nan;nan;nan;nan;nan;nan;nan;nan;nan;nan;nan;nan;nan;nan;nan;nan;nan;nan;nan;nan;nan;nan;nan;nan;nan;nan;nan,5D,385.0
DE,2,500,10,29,6030,random,6030,64860.2865562235,73153.78394684664,8293.497390623139,False,158.24344780051058,2.5049372250000204,457.954 69.185;39.042 447.894;193.465 -372.707;-140.959 -341.193;-158.830 4.082;265.892 265.870;-446.020 -83.230;-310.843 352.477;381.724 -132.261;1.068 294.274,nan;nan;nan;nan;nan;nan;nan;nan;nan;nan;nan;nan;nan;nan;nan;nan;nan;nan;nan;nan;nan;nan;nan;nan;nan;nan;nan;nan;nan;nan;nan;nan;nan;nan;nan;nan;nan;nan;nan;nan;nan;nan;nan;nan;nan;nan;nan;nan;nan;nan;nan;nan;nan;nan;nan;nan;nan;nan;nan;nan;nan;nan;nan;nan;nan;nan;nan;nan;nan;nan;nan;nan;nan;nan;nan;nan;nan;nan;nan;nan;nan;nan;nan;nan;nan;nan;nan;nan;nan;nan;nan;nan;nan;nan;nan;nan;nan;nan;nan;nan;nan;nan;nan;nan;nan;nan;nan;nan;nan;nan;nan;nan;nan;nan;nan;nan;nan;nan;nan;nan;nan;nan;nan;nan;nan;nan;nan;nan;nan;nan;nan;nan;nan;nan;nan;nan;nan;nan;nan;nan;nan;nan;nan;nan;nan;nan;nan;nan;nan;nan;nan;nan;nan;nan;nan;nan;nan;nan;nan;nan;nan;nan;nan;nan;nan;nan;nan;nan;nan;nan;nan;nan;nan;nan;nan;nan;nan;nan;nan;nan;nan;nan;nan;nan;nan;nan;nan;nan;nan;nan;nan;nan;nan;nan;nan;nan;nan;nan;nan;nan;nan,5D,385.0
PSOBV,1,750,8,9,6030,random,6030,111974.26357332116,112365.89895787863,391.6353845574631,True,486.3955209355106,1.7794328800000017,-187.553 646.351;491.313 -565.454;-214.870 -717.347;-564.293 200.574;-700.954 -266.228;745.312 81.977;59.110 -67.481;487.906 568.950,nan;nan;nan;nan;nan;nan;nan;nan;nan;nan;nan;nan;nan;nan;nan;nan;nan;nan;nan;nan;nan;nan;nan;nan;nan;nan;nan;nan;nan;nan;nan;nan;nan;nan;nan;nan;nan;nan;nan;nan;nan;nan;108975.271;109014.290;109222.717;109222.717;109222.717;109222.717;109222.717;109222.717;109870.591;109870.591;109870.591;110359.227;110359.227;110359.227;110807.905;110807.905;110807.905;110807.905;110807.905;110807.905;110807.905;111214.528;111214.528;111214.528;111686.743;111686.743;111703.699;111703.699;111703.699;111703.699;111734.965;111734.965;111735.732;111735.732;111739.444;111739.444;111739.444;111739.444;111857.129;111857.129;111857.129;111894.015;111894.015;111894.015;111894.015;111894.015;111894.015;111894.015;111894.015;111894.015;111894.015;111894.015;111894.015;111894.015;111894.733;111894.733;111894.733;111894.733;111894.733;111921.407;111925.669;111929.675;111939.300;111943.388;111947.278;111950.666;111950.666;111950.723;111950.723;111952.425;111952.748;111952.760;111952.760;111953.710;111953.819;111953.894;111953.899;111953.899;111954.244;111954.655;111954.655;111954.947;111955.193;111955.404;111955.444;111955.651;111955.790;111955.868;111955.938;111956.184;111956.431;111956.500;111956.745;111956.990;111957.031;111957.275;111957.518;111957.518;111957.663;111957.785;111957.895;111958.044;111958.098;111958.098;111958.133;111958.254;111958.375;111958.409;111958.530;111958.651;111958.671;111958.791;111958.912;111958.912;111958.912;111958.912;111958.912;111958.912;111958.912;111958.912;111958.912;111958.912;111958.912;111958.912;111958.912;111958.912;111958.912;111958.912;111958.912;111958.912;111958.912;111962.202;111964.347;111966.023;111966.023;111966.929;111967.941;111967.941;111968.758;111969.644;111970.429;111971.296;111971.996;111971.996;111971.999;111972.507;111973.343;111973.345;111973.348;111973.781;111973.781;111973.781;111973.781;111974.032;111974.048;111974.049;111974.049;111974.264;111974.264,6D,462.0
SSABV,1,750,8,19,6030,random,6030,110602.37296237228,112365.89895787863,1763.525995506352,True,494.11076980508994,1.8778138929999955,-193.273 -724.407;3.517 -256.542;746.732 -62.130;421.997 -619.501;-611.727 -15.085;306.195 179.503;-190.486 458.317;330.991 672.991,nan;nan;nan;nan;nan;nan;nan;nan;nan;nan;nan;nan;nan;nan;nan;nan;nan;nan;nan;nan;nan;nan;nan;nan;nan;nan;nan;nan;nan;nan;nan;nan;nan;nan;nan;nan;nan;nan;nan;nan;nan;nan;nan;nan;nan;nan;nan;nan;nan;nan;nan;nan;nan;nan;nan;nan;nan;nan;nan;nan;nan;nan;nan;nan;nan;nan;nan;nan;nan;nan;nan;nan;nan;nan;nan;nan;nan;nan;nan;nan;nan;nan;nan;nan;nan;nan;nan;nan;nan;nan;nan;nan;nan;nan;nan;nan;nan;nan;nan;nan;nan;nan;nan;nan;nan;108661.679;108876.094;108980.462;109173.553;110033.885;110062.197;110124.424;110217.114;110299.979;110355.768;110379.969;110428.285;110453.994;110472.772;110474.316;110474.408;110497.834;110505.184;110505.184;110528.075;110528.075;110546.327;110554.883;110555.785;110557.095;110569.556;110571.468;110571.468;110578.759;110579.212;110585.436;110585.797;110586.798;110587.358;110587.716;110588.157;110589.372;110589.927;110590.278;110590.827;110591.175;110592.163;110592.707;110592.707;110593.792;110594.330;110594.330;110594.819;110595.086;110595.449;110595.449;110595.767;110595.808;110595.926;110596.043;110596.359;110596.475;110596.513;110596.627;110596.864;110596.978;110597.091;110597.169;110597.281;110601.148;110601.148;110601.148;110601.402;110601.513;110601.565;110601.676;110601.786;110601.838;110601.947;110602.056;110602.109;110602.161;110602.213;110602.321;110602.321;110602.373;110602.373;110602.373;110602.373;110602.373;110602.373;110602.373;110602.373;110602.373;110602.373;110602.373;110602.373;110602.373;110602.373;110602.373;110602.373,6D,462.0
RSDVNS,1,750,8,29,6030,random,6030,111764.20840899249,112365.89895787863,601.6905488861375,True,467.04861145697834,1.834067288,-702.143 -222.995;-292.902 -615.745;-281.673 688.705;667.092 330.057;167.318 -717.026;620.452 -411.019;179.167 344.651;-545.823 303.531,nan;nan;nan;nan;nan;nan;nan;nan;nan;nan;nan;nan;nan;nan;nan;nan;nan;nan;nan;nan;nan;nan;nan;nan;nan;nan;nan;nan;nan;nan;nan;nan;nan;nan;nan;nan;nan;nan;nan;nan;nan;nan;nan;nan;nan;nan;nan;nan;nan;nan;nan;nan;nan;nan;nan;nan;nan;nan;nan;nan;nan;nan;nan;nan;nan;nan;nan;nan;nan;nan;nan;nan;nan;nan;nan;nan;nan;nan;nan;nan;nan;nan;nan;nan;nan;nan;nan;nan;nan;nan;nan;nan;nan;nan;nan;nan;nan;nan;nan;nan;nan;nan;nan;nan;nan;nan;nan;109278.210;110584.099;110614.748;110638.831;110667.008;110671.462;110718.320;110739.818;110761.975;110790.931;110806.915;110854.258;110855.970;110870.305;110877.889;110902.213;110927.121;110947.680;110958.923;110959.508;111086.097;111141.478;111174.457;111174.457;111382.553;111675.144;111687.502;111687.502;111689.674;111703.832;111710.185;111711.458;111717.559;111718.473;111720.467;111721.436;111721.660;111722.606;111725.945;111725.945;111726.891;111727.138;111727.138;111727.880;111728.119;111730.619;111730.619;111732.231;111733.814;111734.103;111734.103;111734.116;111734.725;111734.957;111735.194;111735.399;111735.492;111735.492;111735.723;111735.848;111735.848;111736.592;111736.704;111736.764;111736.765;111736.765;111737.168;111737.467;111737.467;111737.467;111737.467;111737.467;111737.467;111737.467;111737.467;111737.467;111737.467;111737.467;111737.467;111737.467;111737.467;111737.467;111737.467;111737.467;111737.467;111737.467;111737.467;111737.467;111753.274;111764.004;111764.004;111764.004;111764.159;111764.208,6D,462.0
PSOC,1,750,8,9,6030,random,6030,111956.51576693257,112365.89895787863,409.38319094605686,True,479.25410622644654,1.80013619799999,-96.987 540.314;522.640 -536.938;-112.767 -607.036;-570.592 210.064;-706.444 -249.532;743.536 48.856;147.244 -17.814;522.209 486.723,nan;nan;nan;nan;nan;nan;nan;nan;nan;nan;nan;nan;nan;nan;nan;nan;nan;nan;nan;nan;nan;nan;nan;nan;nan;nan;nan;nan;nan;nan;nan;nan;nan;nan;nan;nan;nan;nan;nan;nan;nan;nan;108975.271;109014.290;109222.717;109222.717;109222.717;109222.717;109222.717;109222.717;109870.591;109870.591;109870.591;110359.227;110359.227;110359.227;110807.905;110807.905;110807.905;110807.905;110807.905;110807.905;110807.905;111214.528;111214.528;111214.528;111686.743;111686.743;111703.699;111703.699;111703.699;111703.699;111734.965;111734.965;111735.732;111735.732;111739.444;111739.444;111739.444;111739.444;111857.129;111857.129;111857.129;111894.015;111894.015;111894.015;111894.015;111894.015;111894.015;111894.015;111894.015;111894.015;111894.015;111894.015;111894.015;111894.015;111894.733;111894.733;111894.733;111894.733;111894.733;111895.300;111895.300;111895.300;111895.300;111895.300;111895.300;111898.151;111898.151;111898.151;111898.151;111903.474;111903.474;111903.474;111904.600;111904.600;111905.976;111906.112;111906.644;111908.414;111908.414;111908.414;111908.414;111908.414;111908.414;111908.946;111908.946;111908.946;111910.082;111910.082;111910.082;111910.310;111910.310;111910.310;111910.310;111918.489;111918.489;111918.489;111918.489;111918.818;111918.818;111918.818;111918.818;111918.818;111918.818;111918.818;111919.971;111921.038;111924.250;111925.831;111930.745;111930.745;111930.745;111930.745;111930.745;111931.458;111931.458;111931.526;111931.526;111931.982;111932.170;111935.219;111935.219;111935.219;111935.219;111935.219;111935.219;111935.219;111935.219;111935.219;111935.219;111938.404;111938.404;111938.404;111938.404;111938.404;111939.878;111946.687;111946.687;111946.687;111951.676;111951.676;111951.885;111953.091;111953.128;111953.128;111953.128;111954.314;111954.314;111954.314;111954.314;111956.516;111956.516;111956.516;111956.516;111956.516;111956.516;111956.516;111956.516;111956.516;111956.516,6D,462.0
SSA,1,750,8,19,6030,random,6030,110400.95332398881,112365.89895787863,1964.9456338898162,True,462.61761468269805,1.7880554049999944,-551.425 -475.598;134.987 737.752;63.766 -518.587;-432.562 600.432;575.736 402.466;250.904 -95.510;645.181 -382.414;-204.197 126.543,nan;nan;nan;nan;nan;nan;nan;nan;nan;nan;nan;nan;nan;nan;nan;nan;nan;nan;nan;nan;nan;nan;nan;nan;nan;nan;nan;nan;nan;nan;nan;nan;nan;nan;nan;nan;nan;nan;nan;nan;nan;nan;nan;nan;nan;nan;nan;nan;nan;nan;nan;nan;nan;nan;nan;nan;nan;nan;nan;nan;nan;nan;nan;nan;nan;nan;nan;nan;nan;nan;nan;nan;nan;nan;nan;nan;nan;nan;nan;nan;nan;nan;nan;nan;nan;nan;nan;108650.506;108650.506;110028.026;110028.026;110028.026;110028.026;110129.195;110129.195;110129.195;110173.691;110173.691;110173.691;110173.691;110173.691;110173.691;110173.691;110208.373;110258.861;110260.804;110283.797;110289.876;110289.876;110289.876;110289.876;110304.267;110304.467;110304.467;110312.588;110313.821;110317.266;110331.780;110340.735;110340.735;110340.735;110352.467;110364.155;110375.260;110382.567;110382.567;110382.567;110382.567;110382.567;110382.567;110382.593;110384.048;110385.386;110386.803;110390.038;110390.370;110390.907;110392.129;110393.286;110393.548;110394.041;110395.433;110396.435;110397.531;110398.257;110399.041;110399.041;110399.041;110399.041;110399.154;110399.322;110399.476;110399.573;110399.646;110399.773;110399.974;110400.113;110400.183;110400.330;110400.330;110400.376;110400.458;110400.554;110400.603;110400.694;110400.743;110400.781;110400.788;110400.788;110400.822;110400.836;110400.836;110400.836;110400.854;110400.857;110400.867;110400.881;110400.896;110400.905;110400.915;110400.918;110400.925;110400.930;110400.934;110400.934;110400.938;110400.941;110400.942;110400.944;110400.945;110400.947;110400.948;110400.948;110400.949;110400.950;110400.951;110400.951;110400.952;110400.952;110400.953;110400.953,6D,462.0
LXSSA,1,750,8,29,6030,random,6030,111104.60270327968,112365.89895787863,1261.296254598943,True,499.12924297043367,2.705512561000006,516.827 -107.540;351.619 -661.977;-519.179 524.796;-601.793 -28.359;528.140 518.962;40.525 625.552;-31.364 -195.461;-206.443 -705.050,nan;nan;nan;nan;nan;nan;nan;nan;nan;nan;nan;nan;nan;nan;nan;nan;nan;nan;nan;nan;nan;nan;nan;nan;nan;nan;nan;nan;nan;nan;nan;nan;nan;nan;nan;nan;nan;nan;nan;nan;nan;nan;nan;nan;nan;nan;nan;nan;nan;nan;nan;nan;nan;nan;nan;nan;nan;nan;nan;nan;nan;nan;nan;nan;nan;nan;nan;nan;nan;nan;nan;nan;nan;nan;nan;nan;nan;nan;nan;110574.466;110574.466;110574.466;110574.466;110574.466;110574.466;110586.491;110586.491;110596.375;110596.375;110596.375;110836.646;110918.836;110918.836;110947.576;110947.576;110948.386;110963.864;110963.864;110963.864;110963.864;110963.864;110963.864;110963.864;110972.969;110972.969;110988.089;110988.089;110996.023;111011.025;111011.025;111050.848;111059.793;111059.793;111059.793;111063.556;111064.922;111066.366;111074.953;111074.953;111074.953;111074.953;111076.618;111079.044;111079.080;111079.662;111080.307;111084.657;111086.534;111086.534;111086.534;111089.750;111089.750;111090.967;111091.038;111091.908;111096.781;111096.781;111098.954;111098.954;111098.954;111098.954;111099.029;111099.187;111099.187;111099.663;111102.501;111102.501;111102.501;111102.757;111102.766;111102.926;111102.927;111103.146;111103.146;111103.335;111103.335;111103.445;111103.845;111103.845;111104.050;111104.050;111104.293;111104.293;111104.293;111104.375;111104.380;111104.414;111104.414;111104.429;111104.444;111104.458;111104.543;111104.543;111104.550;111104.559;111104.559;111104.570;111104.571;111104.575;111104.575;111104.581;111104.581;111104.583;111104.583;111104.586;111104.586;111104.587;111104.587;111104.588;111104.593;111104.593;111104.593;111104.594;111104.600;111104.600;111104.601;111104.601;111104.602;111104.602;111104.602;111104.603,6D,462.0
SLSQP,1,750,8,9,6030,random,6030,111925.1023807725,112365.89895787863,440.7965771061281,True,420.87374508642233,3.767617257000012,-683.517 -262.173;297.096 -143.880;493.846 472.768;-415.627 -624.239;-439.734 607.546;3.315 576.260;692.840 -287.131;-222.325 -79.279,nan;109321.391;109321.513;109507.905;110819.206;110822.920;110827.166;110878.968;110878.968;110988.206;110988.206;110988.206;110988.206;111010.787;111010.798;111010.804;111010.815;111010.827;111011.405;111057.275;111057.275;111057.275;111057.275;111113.730;111480.861;111504.121;111511.779;111513.184;111513.969;111514.224;111514.404;111514.591;111514.597;111514.602;111515.074;111515.182;111515.252;111515.316;111515.386;111518.509;111518.615;111518.615;111521.484;111521.484;111521.484;111521.484;111521.484;111521.484;111521.484;111521.484;111521.484;111521.484;111521.484;111521.484;111521.484;111521.484;111521.484;111522.729;111522.729;111522.729;111522.757;111522.769;111522.769;111522.769;111522.769;111522.769;111522.769;111522.769;111522.769;111528.156;111528.323;111528.489;111528.657;111528.822;111528.992;111529.161;111529.330;111529.502;111529.851;111530.028;111530.028;111530.028;111530.028;111530.028;111530.028;111530.028;111530.028;111530.028;111530.028;111530.028;111530.028;111530.028;111530.028;111530.028;111530.028;111530.028;111530.028;111530.028;111530.028;111530.028;111530.028;111530.028;111530.028;111530.028;111628.770;111633.631;111633.684;111633.786;111633.787;111633.788;111633.788;111633.789;111633.789;111652.159;111654.276;111654.276;111678.660;111727.897;111727.898;111727.929;111727.936;111727.936;111727.936;111727.936;111727.936;111727.936;111923.854;111923.856;111923.859;111923.862;111923.865;111923.871;111923.874;111923.877;111923.880;111923.883;111923.886;111923.890;111923.893;111923.896;111923.902;111923.905;111923.908;111923.911;111923.915;111923.918;111923.921;111923.924;111923.927;111923.934;111923.937;111923.941;111923.944;111923.947;111923.951;111923.954;111923.957;111923.961;111923.968;111923.971;111923.975;111923.979;111923.983;111923.986;111923.990;111923.994;111923.998;111924.007;111924.011;111924.015;111924.020;111924.026;111924.034;111924.043;111924.053;111924.063;111924.083;111924.093;111924.103;111924.103;111924.103;111924.151;111924.151;111924.151;111924.151;111924.151;111924.151;111924.151;111924.151;111924.151;111924.151;111924.151;111924.151;111924.151;111924.151;111924.151;111925.102;111925.102;111925.102;111925.102;111925.102,5D,385.0
PSOBV,1,750,8,19,6030,random,6030,111933.69887537297,112365.89895787863,432.20008250566025,True,447.5602741709059,2.3401881149999895,112.444 -641.151;85.090 536.766;463.762 -30.601;-435.862 -571.760;-450.318 385.500;-87.409 -101.560;602.477 445.675;-671.365 -191.171,nan;nan;nan;nan;nan;nan;nan;nan;nan;nan;nan;nan;nan;nan;nan;nan;nan;nan;nan;nan;nan;110414.948;110414.948;110414.948;110414.948;110414.948;110414.948;110804.017;110804.017;110804.017;111067.738;111067.738;111581.536;111581.536;111581.536;111581.536;111703.683;111703.683;111703.683;111763.628;111763.628;111763.628;111763.628;111768.525;111768.525;111768.525;111833.919;111833.919;111833.919;111833.919;111833.919;111833.919;111833.919;111833.919;111833.919;111833.919;111833.919;111833.919;111833.919;111833.919;111833.919;111833.919;111833.919;111833.919;111833.919;111833.919;111833.919;111833.919;111833.919;111835.873;111835.873;111835.873;111835.873;111835.873;111835.873;111845.079;111856.613;111858.165;111858.165;111858.165;111863.584;111863.584;111865.119;111865.119;111865.119;111865.119;111865.119;111865.119;111865.119;111865.119;111865.119;111865.119;111865.119;111865.119;111865.119;111865.119;111865.119;111865.119;111865.119;111865.119;111865.119;111869.311;111869.311;111871.201;111871.298;111871.727;111871.727;111871.987;111871.987;111874.255;111875.475;111876.473;111876.912;111878.088;111879.008;111879.879;111880.702;111902.259;111909.954;111914.940;111914.940;111916.025;111917.081;111917.679;111918.317;111918.687;111919.380;111919.924;111920.367;111920.803;111920.863;111921.401;111921.823;111922.238;111922.315;111922.847;111923.255;111923.656;111923.726;111924.252;111924.620;111925.016;111925.603;111925.603;111926.225;111926.317;111926.850;111927.530;111928.201;111928.201;111928.502;111928.699;111929.004;111929.138;111929.427;111929.759;111929.939;111930.199;111930.394;111930.586;111930.586;111931.052;111931.381;111931.381;111931.666;111931.993;111931.993;111932.156;111932.305;111932.455;111932.597;111932.746;111932.908;111932.997;111933.070;111933.159;111933.300;111933.462;111933.550;111933.550;111933.569;111933.699;111933.699;111933.699;111933.699;111933.699;111933.699;111933.699;111933.699;111933.699;111933.699;111933.699;111933.699;111933.699;111933.699;111933.699;111933.699;111933.699;111933.699;111933.699;111933.699,5D,385.0
SSABV,1,750,8,29,6030,random,6030,111629.32398525349,112365.89895787863,736.5749726251379,True,444.814401392925,1.7890255030000048,-148.552 -496.222;-444.402 2.982;-582.566 470.350;270.454 21.054;493.445 564.679;-591.835 -459.343;-30.543 406.647;269.528 -698.966,nan;nan;nan;nan;nan;nan;nan;nan;nan;nan;nan;nan;nan;nan;nan;nan;nan;nan;nan;nan;nan;nan;nan;nan;nan;nan;nan;nan;nan;nan;nan;nan;nan;nan;nan;nan;nan;nan;nan;nan;nan;nan;nan;nan;nan;nan;107861.875;108604.455;109388.077;109388.077;109623.524;109623.524;109623.524;109623.524;109624.876;109624.876;109624.876;109624.876;109626.265;109626.265;109636.655;109643.802;109688.187;109700.023;109705.977;109711.871;109711.871;109714.741;109718.204;109719.821;109720.716;109722.269;109723.273;109724.220;109724.225;109724.510;109724.810;109725.170;109725.302;109725.522;109725.733;109725.786;109725.916;109725.948;109725.994;109726.046;109726.098;109726.114;109726.128;109726.132;109726.139;109726.150;109726.153;109726.157;109726.162;109726.166;109726.168;109726.169;109726.170;109726.170;109726.171;109734.084;109740.683;109749.608;109772.674;109773.390;109773.390;109775.136;109779.076;109781.722;109781.722;109783.373;109784.533;109812.563;109812.563;109813.905;109818.298;109819.626;109838.478;109856.699;109857.477;109858.717;109858.717;109858.717;109870.423;109870.423;109871.653;109871.838;109874.413;109874.413;109874.413;109874.508;109874.520;109875.835;109875.845;109875.845;109875.845;109875.845;109875.845;110268.681;110365.540;110427.914;110497.583;110497.583;110532.447;110561.578;110591.573;110608.463;110647.508;110660.119;110667.442;110669.943;110669.943;111260.238;111279.328;111281.362;111296.615;111304.534;111306.800;111306.800;111315.317;111322.939;111323.494;111324.003;111331.646;111338.687;111345.102;111345.102;111348.530;111354.458;111356.716;111358.227;111358.227;111359.414;111361.618;111362.764;111363.072;111363.347;111369.091;111369.338;111369.555;111615.465;111616.512;111617.515;111618.475;111618.475;111618.653;111622.304;111622.304;111624.096;111625.162;111626.011;111626.575;111627.038;111627.490;111627.490;111628.377;111628.657;111629.078;111629.324;111629.324,5D,385.0
BVNS,1,750,8,9,6030,random,6030,111935.4890828645,112365.89895787863,430.40987501412746,True,445.2280309962727,1.7087619179999933,143.112 -143.343;728.147 -175.571;-62.950 -707.650;-748.828 -40.957;-519.536 539.914;-301.446 -79.944;531.459 384.077;-46.789 285.265,nan;nan;nan;nan;nan;nan;nan;nan;nan;nan;nan;nan;nan;nan;110529.284;110529.284;110625.973;110729.873;110776.629;110849.500;110907.582;110960.382;111016.145;111038.337;111081.541;111103.934;111103.934;111115.102;111139.255;111145.705;111148.314;111150.921;111150.921;111153.312;111155.073;111156.109;111156.109;111157.074;111159.118;111161.854;111162.714;111163.815;111165.722;111166.154;111166.714;111166.714;111167.137;111167.545;111167.939;111167.939;111168.873;111173.395;111174.330;111174.670;111175.785;111176.000;111176.000;111176.194;111176.717;111176.907;111176.907;111179.614;111179.614;111180.111;111180.567;111180.826;111180.920;111180.920;111182.280;111182.690;111182.772;111184.253;111184.335;111184.382;111184.428;111184.557;111184.604;111184.604;111184.604;111778.710;111851.640;111867.162;111874.288;111874.288;111909.403;111909.403;111911.032;111912.607;111916.575;111917.021;111920.831;111922.331;111922.331;111923.111;111924.017;111924.806;111925.772;111927.073;111927.708;111927.708;111928.303;111928.894;111929.478;111929.589;111930.062;111930.649;111930.649;111931.229;111931.804;111932.371;111932.932;111932.932;111933.249;111933.536;111933.814;111934.004;111934.004;111934.142;111934.319;111934.378;111934.466;111934.525;111934.563;111934.630;111934.773;111934.916;111934.990;111935.064;111935.131;111935.273;111935.415;111935.489;111935.489;111935.489;111935.489;111935.489;111935.489;111935.489;111935.489;111935.489;111935.489;111935.489;111935.489;111935.489;111935.489;111935.489;111935.489;111935.489;111935.489;111935.489;111935.489;111935.489;111935.489;111935.489;111935.489;111935.489;111935.489;111935.489;111935.489;111935.489;111935.489;111935.489;111935.489;111935.489;111935.489;111935.489;111935.489;111935.489;111935.489;111935.489;111935.489;111935.489;111935.489;111935.489;111935.489;111935.489;111935.489;111935.489;111935.489;111935.489;111935.489;111935.489;111935.489;111935.489;111935.489;111935.489;111935.489;111935.489;111935.489;111935.489;111935.489;111935.489;111935.489;111935.489;111935.489;111935.489;111935.489;111935.489;111935.489;111935.489;111935.489,5D,385.0
PSOC,1,750,8,19,6030,random,6030,111966.9929856436,112365.89895787863,398.9059722350212,True,447.2749866555929,1.8205980479999937,99.078 -666.265;85.029 540.958;465.268 -31.083;-427.251 -564.960;-426.102 605.797;-94.166 -111.354;627.702 410.287;-687.285 -201.041,nan;nan;nan;nan;nan;nan;nan;nan;nan;nan;nan;nan;nan;nan;nan;nan;nan;nan;nan;nan;nan;110414.948;110414.948;110414.948;110414.948;110414.948;110414.948;110804.017;110804.017;110804.017;111067.738;111067.738;111581.536;111581.536;111581.536;111581.536;111703.683;111703.683;111703.683;111763.628;111763.628;111763.628;111763.628;111768.525;111768.525;111768.525;111833.919;111833.919;111833.919;111833.919;111833.919;111833.919;111833.919;111833.919;111833.919;111833.919;111833.919;111833.919;111833.919;111833.919;111833.919;111833.919;111833.919;111833.919;111833.919;111833.919;111833.919;111833.919;111833.919;111835.873;111835.873;111835.873;111835.873;111835.873;111835.873;111845.079;111856.613;111858.165;111858.165;111858.165;111863.584;111863.584;111865.119;111865.119;111865.119;111865.119;111865.119;111865.119;111865.119;111865.119;111865.119;111865.119;111865.119;111865.119;111865.119;111865.119;111865.119;111865.119;111865.119;111865.119;111865.119;111865.119;111878.081;111878.081;111878.081;111878.081;111878.081;111878.081;111899.172;111899.172;111899.172;111899.172;111899.172;111899.172;111899.172;111902.123;111902.123;111902.123;111903.252;111903.252;111903.252;111904.574;111904.574;111904.855;111904.855;111905.214;111905.214;111905.214;111906.391;111906.391;111906.391;111906.391;111906.391;111906.391;111906.391;111906.391;111906.391;111906.481;111906.481;111906.481;111906.481;111907.775;111907.775;111907.775;111909.156;111909.156;111909.156;111910.425;111910.425;111910.425;111911.223;111911.223;111911.223;111936.785;111936.785;111942.962;111943.523;111943.523;111943.523;111945.667;111959.416;111961.849;111961.849;111961.849;111961.849;111965.276;111965.276;111965.276;111965.276;111965.276;111965.276;111965.276;111965.276;111965.276;111965.276;111965.276;111965.276;111965.276;111965.276;111965.276;111965.276;111965.276;111965.635;111965.635;111965.999;111966.993;111966.993;111966.993;111966.993;111966.993;111966.993;111966.993;111966.993;111966.993;111966.993;111966.993;111966.993;111966.993;111966.993;111966.993;111966.993,5D,385.0
SSA,1,750,8,29,6030,random,6030,111377.6192481976,112365.89895787863,988.2797096810245,True,427.864383906561,1.8559186169999862,-99.599 -445.094;690.926 24.714;470.546 523.569;410.159 -627.807;26.912 -36.361;64.310 725.010;-458.734 593.349;-551.752 -490.345,nan;nan;nan;nan;nan;nan;nan;nan;nan;nan;nan;nan;nan;nan;nan;nan;nan;nan;nan;nan;nan;nan;nan;nan;nan;nan;nan;nan;nan;nan;nan;nan;nan;nan;nan;nan;nan;nan;nan;nan;nan;nan;nan;nan;nan;nan;nan;nan;nan;nan;nan;nan;nan;nan;nan;nan;nan;nan;nan;nan;nan;nan;nan;nan;nan;nan;nan;nan;nan;nan;108175.216;108175.216;109149.385;109149.385;109149.385;109149.385;110542.998;110542.998;111096.102;111096.102;111186.424;111186.424;111186.424;111186.424;111186.424;111186.424;111186.424;111239.305;111239.305;111239.305;111239.305;111239.305;111262.726;111262.726;111268.672;111278.170;111278.170;111278.170;111278.170;111278.170;111278.170;111279.769;111282.888;111282.888;111299.017;111312.230;111318.928;111337.335;111348.162;111352.979;111352.979;111352.979;111364.070;111364.070;111366.729;111366.729;111366.729;111366.729;111366.729;111366.729;111366.729;111367.126;111367.126;111369.853;111369.853;111370.273;111371.051;111372.260;111372.532;111372.532;111372.532;111372.532;111372.959;111372.991;111373.223;111373.647;111374.064;111374.488;111374.488;111374.573;111374.636;111374.869;111375.364;111375.652;111375.903;111376.212;111376.325;111376.513;111376.633;111376.704;111376.734;111376.866;111376.913;111376.980;111377.063;111377.190;111377.246;111377.270;111377.293;111377.315;111377.355;111377.424;111377.475;111377.486;111377.506;111377.528;111377.544;111377.545;111377.551;111377.555;111377.569;111377.579;111377.583;111377.592;111377.594;111377.596;111377.600;111377.603;111377.607;111377.609;111377.610;111377.611;111377.612;111377.614;111377.616;111377.616;111377.617;111377.617;111377.618;111377.618;111377.618;111377.618;111377.618;111377.618;111377.618;111377.619;111377.619;111377.619;111377.619;111377.619;111377.619,5D,385.0
DE,1,750,8,9,6030,random,6030,109567.70668041441,112365.89895787863,2798.1922774642153,False,383.817231184473,2.9416870099999812,524.802 467.860;-291.039 -208.063;2.297 -717.168;-713.765 45.927;-429.282 327.017;694.920 -11.865;62.504 -58.654;-18.399 642.510,nan;nan;nan;nan;nan;nan;nan;nan;nan;nan;nan;nan;nan;nan;nan;nan;nan;nan;nan;nan;nan;nan;nan;nan;nan;nan;nan;nan;nan;nan;nan;nan;nan;nan;nan;nan;nan;nan;nan;nan;nan;nan;nan;nan;nan;nan;nan;nan;nan;nan;nan;nan;nan;nan;nan;nan;nan;nan;nan;nan;nan;nan;nan;nan;nan;nan;nan;nan;nan;nan;nan;nan;nan;nan;nan;nan;nan;nan;nan;nan;nan;nan;nan;nan;nan;nan;nan;nan;nan;nan;nan;nan;nan;nan;nan;nan;nan;nan;nan;nan;nan;nan;nan;nan;nan;nan;nan;nan;nan;nan;nan;nan;nan;nan;nan;nan;nan;nan;nan;nan;nan;nan;nan;nan;nan;nan;nan;nan;nan;nan;nan;nan;nan;nan;nan;nan;nan;nan;nan;nan;nan;nan;nan;nan;nan;nan;nan;nan;nan;nan;nan;nan;nan;nan;nan;nan;nan;nan;nan;nan;nan;nan;nan;nan;nan;nan;nan;nan;nan;nan;nan;nan;nan;nan;nan;nan;nan;nan;nan;nan;nan;nan;nan;nan;nan;nan;nan;nan;nan;nan;nan;nan;nan;nan;nan;nan;nan;nan;nan;nan;nan,5D,385.0
SLSQP,2,750,8,19,6030,random,6030,56838.56784357282,58523.02715747732,1684.4593139045028,True,462.0189653904207,3.6892975559999854,122.497 -739.927;102.178 325.943;723.270 198.418;-640.490 -390.222;-510.098 549.817;-17.988 -168.162;702.327 -263.126;-743.744 96.664,nan;nan;56351.404;56357.918;56437.495;56518.032;56541.614;56541.614;56541.614;56541.614;56590.855;56590.855;56590.855;56590.855;56590.855;56590.855;56590.855;56590.855;56590.855;56590.855;56590.855;56590.855;56590.855;56590.855;56591.393;56591.393;56591.393;56591.393;56591.393;56591.393;56591.393;56591.393;56591.393;56591.393;56591.393;56591.393;56591.393;56591.393;56591.393;56591.393;56591.393;56591.393;56591.393;56826.309;56835.246;56835.306;56835.320;56835.320;56835.320;56835.320;56835.320;56835.320;56835.320;56835.320;56835.320;56835.320;56835.320;56835.320;56835.320;56835.320;56835.320;56835.320;56835.320;56835.320;56835.320;56835.320;56835.320;56835.320;56835.320;56835.320;56835.320;56836.954;56837.120;56837.479;56837.681;56837.681;56837.681;56837.681;56837.681;56837.681;56837.681;56837.681;56837.681;56837.968;56837.994;56837.994;56837.994;56837.994;56837.994;56837.994;56837.994;56837.994;56837.994;56837.994;56837.994;56837.994;56837.994;56838.187;56838.187;56838.187;56838.187;56838.187;56838.187;56838.568;56838.568;56838.568;56838.568;56838.568;56838.568;56838.568;56838.568;56838.568;56838.568;56838.568;56838.568;56838.568;56838.568;56838.568;56838.568;56838.568;56838.568;56838.568;56838.568;56838.568;56838.568;56838.568;56838.568;56838.568;56838.568;56838.568;56838.568;56838.568;56838.568;56838.568;56838.568;56838.568;56838.568;56838.568;56838.568;56838.568;56838.568;56838.568;56838.568;56838.568;56838.568;56838.568;56838.568;56838.568;56838.568;56838.568;56838.568;56838.568;56838.568;56838.568;56838.568;56838.568;56838.568;56838.568;56838.568;56838.568;56838.568;56838.568;56838.568;56838.568;56838.568;56838.568;56838.568;56838.568;56838.568;56838.568;56838.568;56838.568;56838.568;56838.568;56838.568;56838.568;56838.568;56838.568;56838.568;56838.568;56838.568;56838.568;56838.568;56838.568;56838.568;56838.568;56838.568;56838.568;56838.568;56838.568;56838.568;56838.568;56838.568;56838.568;56838.568;56838.568;56838.568;56838.568;56838.568;56838.568;56838.568,6D,462.0
PSOBV,2,750,8,29,6030,random,6030,56924.0024138011,58523.02715747732,1599.024743676222,True,469.29813891929876,2.5969500790000097,590.023 455.755;57.272 288.985;-451.530 598.433;-630.840 -405.131;-49.819 -167.931;461.297 -425.961;-84.605 -697.802;-542.580 124.006,nan;nan;nan;nan;nan;nan;nan;nan;nan;nan;nan;nan;nan;nan;nan;nan;nan;nan;nan;nan;nan;nan;nan;nan;nan;nan;nan;nan;nan;nan;nan;nan;nan;nan;nan;nan;nan;nan;nan;nan;nan;nan;nan;nan;nan;nan;nan;nan;nan;nan;56611.411;56611.411;56611.411;56611.411;56611.411;56611.411;56611.411;56611.411;56611.411;56611.411;56611.411;56611.411;56611.411;56611.411;56663.691;56663.691;56663.691;56663.691;56663.691;56663.691;56663.691;56683.086;56686.433;56686.433;56686.433;56686.433;56690.196;56690.196;56690.196;56690.196;56690.196;56690.196;56690.196;56690.196;56690.196;56691.327;56691.327;56691.327;56691.327;56691.327;56691.327;56691.327;56691.327;56691.327;56691.327;56691.327;56710.614;56766.339;56766.339;56790.096;56790.096;56809.671;56840.805;56840.805;56851.445;56886.640;56893.479;56893.479;56909.568;56911.870;56912.860;56912.860;56913.675;56916.310;56916.310;56917.617;56917.617;56918.252;56918.651;56919.948;56919.948;56920.594;56920.792;56921.436;56922.078;56922.274;56922.914;56923.109;56923.746;56923.746;56923.869;56924.002;56924.002;56924.002;56924.002;56924.002;56924.002;56924.002;56924.002;56924.002;56924.002;56924.002;56924.002;56924.002;56924.002;56924.002;56924.002;56924.002;56924.002;56924.002;56924.002;56924.002;56924.002;56924.002;56924.002;56924.002;56924.002;56924.002;56924.002;56924.002;56924.002;56924.002;56924.002;56924.002;56924.002;56924.002;56924.002;56924.002;56924.002;56924.002;56924.002;56924.002;56924.002;56924.002;56924.002;56924.002;56924.002;56924.002;56924.002;56924.002;56924.002;56924.002;56924.002;56924.002;56924.002;56924.002;56924.002;56924.002;56924.002;56924.002;56924.002;56924.002;56924.002;56924.002;56924.002;56924.002;56924.002;56924.002;56924.002;56924.002;56924.002,6D,462.0
RSDVNS,2,750,8,9,6030,random,6030,56903.53412518518,58523.02715747732,1619.4930322921427,True,501.5551179710458,1.8650727500000244,-209.823 719.861;-140.174 81.125;-721.036 -205.736;300.197 -338.432;409.099 628.086;-299.894 -684.905;-601.584 357.633;647.218 23.692,nan;nan;nan;nan;nan;nan;nan;nan;nan;nan;nan;nan;nan;nan;nan;nan;nan;nan;nan;nan;nan;nan;nan;nan;nan;nan;nan;nan;nan;nan;nan;nan;nan;nan;nan;nan;nan;nan;nan;nan;nan;nan;nan;nan;nan;nan;nan;nan;nan;nan;nan;nan;nan;nan;nan;nan;nan;nan;nan;nan;nan;nan;nan;nan;nan;nan;nan;nan;nan;nan;nan;nan;nan;nan;nan;nan;nan;nan;nan;nan;nan;nan;nan;nan;nan;nan;nan;nan;nan;nan;nan;nan;nan;nan;nan;nan;nan;nan;nan;nan;nan;nan;nan;nan;nan;56313.022;56429.871;56429.871;56456.191;56480.272;56504.111;56524.830;56547.084;56561.859;56564.558;56565.942;56608.428;56612.462;56613.474;56613.663;56659.330;56666.612;56680.777;56684.120;56691.379;56693.015;56694.536;56695.887;56697.101;56708.011;56718.357;56751.644;56751.644;56751.941;56754.692;56759.153;56764.349;56768.717;56773.344;56773.824;56778.346;56778.735;56783.155;56783.541;56795.152;56795.441;56796.406;56796.406;56799.627;56800.782;56802.860;56804.156;56806.298;56808.835;56810.954;56812.306;56814.350;56815.526;56815.526;56897.717;56898.572;56899.883;56901.188;56901.254;56901.254;56902.045;56902.333;56902.984;56903.505;56903.534;56903.534;56903.534;56903.534;56903.534;56903.534;56903.534;56903.534;56903.534;56903.534;56903.534;56903.534;56903.534;56903.534;56903.534;56903.534;56903.534;56903.534;56903.534;56903.534;56903.534;56903.534;56903.534;56903.534;56903.534;56903.534;56903.534;56903.534;56903.534;56903.534;56903.534;56903.534,6D,462.0
BVNS,2,750,8,19,6030,random,6030,57250.389025903554,58523.02715747732,1272.6381315737672,True,502.93636805705495,1.755526027000002,117.855 -740.625;181.445 387.783;616.618 92.636;-621.831 -418.506;-363.351 631.520;121.028 -111.511;627.627 -410.534;-738.645 129.563,nan;nan;nan;nan;nan;nan;nan;nan;nan;nan;nan;nan;nan;nan;nan;nan;nan;nan;56085.921;56384.941;56495.346;56586.537;56744.055;56785.380;56844.445;56844.445;56859.380;56871.441;56874.309;56895.072;56902.820;56902.820;56909.419;56915.759;56916.727;57009.477;57012.642;57012.642;57014.394;57017.127;57017.127;57019.782;57022.772;57023.122;57024.762;57026.381;57027.691;57032.582;57037.365;57038.582;57043.257;57047.830;57048.101;57049.224;57050.318;57051.862;57052.084;57105.053;57106.124;57107.147;57107.691;57107.691;57108.619;57108.619;57108.619;57111.295;57113.582;57115.450;57116.222;57117.250;57117.802;57118.325;57118.833;57119.076;57119.292;57119.292;57120.220;57120.393;57120.660;57120.660;57121.583;57121.583;57122.240;57122.811;57122.947;57122.947;57122.948;57123.603;57123.603;57123.603;57123.603;57123.603;57123.603;57123.603;57123.603;57123.603;57131.354;57171.478;57171.478;57185.723;57198.579;57198.579;57199.401;57200.771;57200.771;57201.582;57202.088;57202.109;57207.118;57212.747;57215.935;57216.286;57217.018;57217.442;57217.443;57235.885;57235.885;57237.488;57238.863;57240.098;57240.098;57241.638;57241.848;57242.201;57242.445;57242.445;57244.025;57244.175;57244.175;57244.978;57245.593;57246.112;57246.788;57246.891;57246.891;57247.665;57247.734;57248.040;57248.919;57249.224;57249.317;57249.405;57249.459;57249.501;57249.561;57249.610;57249.991;57250.296;57250.296;57250.328;57250.359;57250.389;57250.389;57250.389;57250.389;57250.389;57250.389;57250.389;57250.389;57250.389;57250.389;57250.389;57250.389;57250.389;57250.389;57250.389;57250.389;57250.389;57250.389;57250.389;57250.389;57250.389;57250.389;57250.389;57250.389;57250.389;57250.389;57250.389;57250.389;57250.389;57250.389;57250.389;57250.389;57250.389;57250.389;57250.389;57250.389;57250.389;57250.389;57250.389;57250.389;57250.389;57250.389;57250.389;57250.389;57250.389;57250.389;57250.389;57250.389;57250.389;57250.389,6D,462.0
PSOC,2,750,8,29,6030,random,6030,57081.18840233842,58523.02715747732,1441.8387551389023,True,472.5118720824204,1.7652013999999951,578.031 469.144;102.387 309.864;-422.987 607.699;-609.389 -403.876;14.880 -154.474;579.867 -425.179;-89.695 -735.644;-600.069 122.595,nan;nan;nan;nan;nan;nan;nan;nan;nan;nan;nan;nan;nan;nan;nan;nan;nan;nan;nan;nan;nan;nan;nan;nan;nan;nan;nan;nan;nan;nan;nan;nan;nan;nan;nan;nan;nan;nan;nan;nan;nan;nan;nan;nan;nan;nan;nan;nan;nan;nan;56611.411;56611.411;56611.411;56611.411;56611.411;56611.411;56611.411;56611.411;56611.411;56611.411;56611.411;56611.411;56611.411;56611.411;56663.691;56663.691;56663.691;56663.691;56663.691;56663.691;56663.691;56683.086;56686.433;56686.433;56686.433;56686.433;56690.196;56690.196;56690.196;56690.196;56690.196;56690.196;56690.196;56690.196;56690.196;56691.327;56691.327;56691.327;56691.327;56691.327;56691.327;56691.327;56691.327;56691.327;56691.327;56691.327;56710.614;56766.339;56766.339;56790.096;56790.096;56790.096;56790.096;56801.587;56801.587;56801.587;56801.587;56801.587;56801.587;56810.721;56810.721;56810.721;56810.721;56810.721;56810.721;56810.721;56810.721;56810.721;56810.721;56810.721;56810.721;56810.721;56810.721;56810.721;56832.156;56832.156;56848.357;56848.357;56857.571;56857.571;56907.191;56915.412;56915.412;56915.412;56915.412;56915.412;56916.056;56916.056;56916.056;56916.056;56916.056;56916.056;56916.056;56916.056;56916.056;56916.211;56916.211;56916.211;56916.211;56916.211;56916.358;56916.358;56916.358;56916.615;56916.671;56916.712;56916.742;56916.764;56916.779;56916.791;56917.389;56917.389;56917.506;56922.802;56922.802;56922.802;56923.961;56928.167;56928.167;56976.299;56976.299;56976.299;56985.536;56985.536;56985.536;56985.536;56985.536;56985.536;56985.536;56985.536;56985.536;56985.536;57006.273;57006.273;57006.273;57006.273;57006.273;57006.273;57006.273;57019.649;57019.649;57019.649;57019.649;57081.188;57081.188;57081.188;57081.188;57081.188;57081.188;57081.188;57081.188,6D,462.0
LXSSA,2,750,8,9,6030,random,6030,56577.71075569106,58523.02715747732,1945.3164017862582,True,476.0384815008567,1.8804173199999923,630.955 -405.347;-207.766 175.122;-261.990 -395.492;146.455 -648.684;-740.143 90.359;184.657 -94.354;-199.800 718.633;379.523 373.044,nan;nan;nan;nan;nan;nan;nan;nan;nan;nan;nan;nan;nan;nan;nan;nan;nan;nan;nan;nan;nan;nan;nan;nan;nan;nan;nan;nan;nan;nan;nan;nan;nan;nan;nan;nan;nan;nan;nan;nan;nan;nan;nan;nan;nan;nan;nan;nan;nan;nan;nan;nan;nan;nan;nan;nan;nan;nan;nan;nan;nan;nan;nan;nan;nan;nan;nan;nan;nan;nan;nan;nan;nan;nan;nan;nan;nan;nan;nan;nan;nan;nan;nan;nan;nan;nan;nan;nan;nan;nan;nan;nan;nan;nan;nan;56254.007;56254.007;56268.993;56298.302;56320.284;56320.284;56320.284;56320.284;56351.322;56351.322;56351.322;56351.322;56352.465;56352.465;56352.465;56352.494;56358.815;56358.815;56358.815;56365.553;56365.553;56371.132;56377.235;56381.385;56382.690;56387.626;56387.626;56392.091;56394.782;56395.054;56395.054;56395.054;56395.222;56395.350;56396.353;56398.298;56398.298;56400.314;56400.314;56401.742;56402.851;56402.851;56402.851;56402.851;56403.475;56403.475;56404.626;56404.626;56407.356;56407.356;56410.067;56410.067;56412.482;56412.482;56417.981;56417.981;56420.676;56420.676;56538.461;56538.461;56538.461;56538.568;56538.568;56538.693;56538.747;56538.750;56576.927;56576.927;56576.927;56576.996;56576.996;56577.024;56577.178;56577.178;56577.318;56577.318;56577.393;56577.393;56577.393;56577.411;56577.421;56577.421;56577.567;56577.567;56577.622;56577.622;56577.622;56577.626;56577.683;56577.683;56577.699;56577.699;56577.699;56577.700;56577.700;56577.702;56577.702;56577.703;56577.705;56577.705;56577.705;56577.706;56577.707;56577.707;56577.711;56577.711,6D,462.0
DE,2,750,8,19,6030,random,6030,55985.836049197576,58523.02715747732,2537.191108279745,False,369.6154486809203,2.8626140130000124,187.215 181.739;-601.517 391.327;209.054 606.632;-343.557 -28.403;-159.904 628.660;-5.292 -445.800;582.567 -257.153;651.861 199.370,nan;nan;nan;nan;nan;nan;nan;nan;nan;nan;nan;nan;nan;nan;nan;nan;nan;nan;nan;nan;nan;nan;nan;nan;nan;nan;nan;nan;nan;nan;nan;nan;nan;nan;nan;nan;nan;nan;nan;nan;nan;nan;nan;nan;nan;nan;nan;nan;nan;nan;nan;nan;nan;nan;nan;nan;nan;nan;nan;nan;nan;nan;nan;nan;nan;nan;nan;nan;nan;nan;nan;nan;nan;nan;nan;nan;nan;nan;nan;nan;nan;nan;nan;nan;nan;nan;nan;nan;nan;nan;nan;nan;nan;nan;nan;nan;nan;nan;nan;nan;nan;nan;nan;nan;nan;nan;nan;nan;nan;nan;nan;nan;nan;nan;nan;nan;nan;nan;nan;nan;nan;nan;nan;nan;nan;nan;nan;nan;nan;nan;nan;nan;nan;nan;nan;nan;nan;nan;nan;nan;nan;nan;nan;nan;nan;nan;nan;nan;nan;nan;nan;nan;nan;nan;nan;nan;nan;nan;nan;nan;nan;nan;nan;nan;nan;nan;nan;nan;nan;nan;nan;nan;nan;nan;nan;nan;nan;nan;nan;nan;nan;nan;nan;nan;nan;nan;nan;nan;nan;nan;nan;nan;nan;nan;nan;nan;nan;nan;nan;nan;nan,6D,462.0
SLSQP,2,750,8,29,6030,random,6030,56576.793788478375,58523.02715747732,1946.2333689989464,True,387.39723512932125,3.787233864000001,-151.361 -311.065;-411.202 33.104;-9.675 -744.097;493.729 -495.220;-525.691 -492.741;-34.964 331.547;683.701 109.889;-27.715 718.876,nan;nan;55544.912;55544.912;55544.912;55972.260;55976.306;55977.555;55984.822;55984.886;55984.978;55985.166;55985.166;55985.166;55985.166;55985.166;55985.166;55985.166;55985.166;55985.166;55985.166;55985.166;55985.166;55985.166;55985.166;55985.166;55985.166;55985.166;55985.166;55985.166;55985.166;55985.166;55985.166;55985.166;55985.166;55985.166;55985.166;55985.166;55985.166;55985.166;55985.166;55985.166;55985.166;55985.166;55985.166;55985.166;55985.166;55985.166;55985.166;55985.166;55985.166;55985.166;55985.166;55985.166;55985.166;55985.166;55985.166;55985.166;55985.166;55985.166;55985.166;55985.166;56210.742;56210.742;56210.742;56407.757;56407.757;56407.757;56407.757;56407.757;56407.757;56407.757;56407.757;56483.898;56483.898;56483.898;56483.898;56483.898;56483.898;56483.898;56483.898;56483.898;56483.898;56483.898;56483.898;56483.898;56483.898;56483.898;56576.794;56576.794;56576.794;56576.794;56576.794;56576.794;56576.794;56576.794;56576.794;56576.794;56576.794;56576.794;56576.794;56576.794;56576.794;56576.794;56576.794;56576.794;56576.794;56576.794;56576.794;56576.794;56576.794;56576.794;56576.794;56576.794;56576.794;56576.794;56576.794;56576.794;56576.794;56576.794;56576.794;56576.794;56576.794;56576.794;56576.794;56576.794;56576.794;56576.794;56576.794;56576.794;56576.794;56576.794;56576.794;56576.794;56576.794;56576.794;56576.794;56576.794;56576.794;56576.794;56576.794;56576.794;56576.794;56576.794;56576.794;56576.794;56576.794;56576.794;56576.794;56576.794;56576.794;56576.794;56576.794;56576.794;56576.794;56576.794;56576.794;56576.794;56576.794;56576.794;56576.794;56576.794;56576.794;56576.794;56576.794;56576.794;56576.794;56576.794;56576.794;56576.794;56576.794;56576.794;56576.794;56576.794;56576.794;56576.794;56576.794;56576.794;56576.794;56576.794;56576.794;56576.794;56576.794;56576.794;56576.794;56576.794;56576.794;56576.794;56576.794;56576.794;56576.794;56576.794;56576.794;56576.794;56576.794;56576.794;56576.794;56576.794;56576.794;56576.794;56576.794,5D,385.0
SSABV,2,750,8,9,6030,random,6030,56974.835876694044,58523.02715747732,1548.1912807832778,True,424.1390046154823,2.4383584559999747,605.593 248.537;-734.766 -148.006;731.250 -165.557;-434.762 -610.453;-8.922 272.321;14.422 -151.175;7.526 -714.524;128.129 738.408,nan;nan;nan;nan;nan;nan;nan;nan;nan;nan;nan;nan;nan;nan;nan;nan;nan;nan;nan;nan;nan;nan;nan;nan;nan;nan;nan;nan;nan;nan;nan;nan;nan;nan;nan;nan;nan;nan;nan;nan;nan;nan;nan;nan;nan;nan;nan;nan;nan;nan;nan;55399.416;56183.304;56183.304;56260.218;56294.147;56489.488;56532.092;56532.092;56542.546;56549.333;56550.770;56552.433;56556.740;56563.966;56569.575;56569.827;56570.771;56571.969;56572.568;56573.370;56573.917;56573.925;56574.352;56574.976;56575.479;56575.840;56576.120;56576.247;56576.456;56576.556;56576.654;56576.716;56576.786;56576.816;56576.848;56576.870;56576.883;56576.895;56576.906;56576.915;56576.920;56576.923;56576.926;56576.928;56576.930;56576.931;56576.932;56576.933;56576.934;56576.934;56640.606;56640.606;56645.561;56645.561;56645.561;56655.725;56656.500;56656.840;56660.462;56661.661;56665.240;56669.142;56670.336;56670.336;56671.522;56672.375;56675.849;56677.025;56677.406;56677.732;56679.622;56682.687;56683.503;56683.503;56683.660;56683.743;56683.824;56684.114;56684.235;56684.444;56684.613;56684.903;56685.024;56685.101;56685.101;56685.140;56685.140;56685.140;56685.140;56685.140;56685.140;56685.140;56685.140;56685.140;56685.140;56685.140;56705.740;56770.263;56782.350;56782.350;56785.060;56800.383;56812.902;56827.483;56831.084;56836.834;56861.721;56866.985;56869.053;56872.475;56886.329;56899.512;56899.512;56899.512;56948.375;56954.912;56959.353;56960.363;56960.832;56961.409;56961.972;56961.972;56962.455;56965.632;56966.915;56968.999;56968.999;56970.577;56970.577;56971.669;56972.127;56972.548;56972.850;56973.254;56973.490;56973.722;56973.722;56973.863;56974.003;56974.406;56974.616;56974.616;56974.767;56974.836;56974.836;56974.836;56974.836;56974.836;56974.836;56974.836,5D,385.0
RSDVNS,2,750,8,19,6030,random,6030,56909.73413141691,58523.02715747732,1613.2930260604116,True,388.3364456353775,1.892220119000001,-609.975 397.035;97.607 255.753;12.632 -712.500;-409.719 -274.837;-75.430 712.500;563.118 88.554;524.317 528.355;643.010 -291.475,nan;nan;nan;nan;nan;nan;nan;nan;nan;nan;nan;nan;nan;nan;nan;nan;nan;nan;nan;nan;nan;nan;nan;nan;nan;nan;nan;nan;nan;nan;nan;56159.165;56159.165;56159.165;56159.165;56159.165;56159.165;56159.165;56159.165;56159.165;56159.165;56159.165;56159.165;56159.165;56159.165;56159.165;56159.165;56159.165;56159.165;56159.165;56208.250;56208.250;56208.250;56208.250;56208.250;56208.250;56208.250;56208.250;56208.250;56208.250;56208.250;56208.250;56208.250;56208.250;56208.250;56208.250;56208.250;56208.250;56208.250;56208.250;56208.250;56208.250;56208.250;56208.250;56208.250;56208.250;56208.250;56208.250;56208.250;56208.250;56208.250;56208.250;56208.250;56208.250;56208.250;56208.250;56208.250;56208.250;56208.250;56208.250;56208.250;56208.250;56208.250;56208.250;56208.250;56208.250;56208.250;56208.250;56208.250;56208.250;56225.834;56305.183;56322.653;56322.653;56350.940;56393.588;56405.282;56420.009;56420.009;56449.981;56470.870;56479.781;56483.409;56497.957;56517.350;56520.733;56537.621;56565.894;56572.877;56581.029;56676.212;56679.722;56681.618;56681.618;56685.066;56686.144;56689.527;56690.406;56690.406;56694.800;56695.655;56698.903;56699.429;56699.429;56701.094;56701.519;56701.519;56703.129;56705.630;56705.630;56707.789;56708.050;56708.876;56708.986;56710.137;56710.296;56710.556;56711.378;56711.523;56711.782;56711.912;56712.730;56712.845;56712.988;56713.803;56713.918;56714.174;56714.985;56714.985;56715.549;56716.086;56716.296;56716.699;56716.827;56717.037;56718.163;56719.249;56719.249;56719.376;56719.779;56719.830;56719.884;56720.011;56720.413;56720.464;56720.591;56720.992;56721.039;56721.166;56721.566;56721.609;56721.735;56721.735;56722.135;56722.135;56722.135;56722.135;56722.135;56722.135;56722.135;56722.135;56722.135;56722.135;56722.135;56812.374;56814.784;56841.131;56846.900;56899.580;56899.580;56909.734,5D,385.0
BVNS,2,750,8,29,6030,random,6030,56746.390234457,58523.02715747732,1776.63692302032,True,415.32086154579116,1.6966097039999966,515.218 544.971;528.219 -531.967;-688.802 294.950;5.152 -178.577;748.761 25.387;40.883 347.391;-354.652 48.302;-658.131 -358.758,nan;nan;nan;nan;nan;nan;nan;nan;nan;nan;nan;nan;nan;nan;nan;nan;55414.539;55900.930;56074.920;56146.548;56253.627;56268.034;56274.761;56274.761;56301.106;56313.704;56313.704;56326.080;56326.080;56464.211;56470.209;56476.084;56481.474;56485.925;56498.003;56522.328;56523.957;56525.546;56529.233;56530.917;56530.917;56532.599;56535.394;56535.394;56536.336;56537.115;56537.875;56537.876;56537.876;56539.502;56539.918;56540.387;56540.771;56542.157;56542.528;56542.903;56542.906;56543.053;56544.424;56544.780;56544.920;56545.259;56545.582;56545.717;56546.022;56546.153;56547.515;56547.643;56547.767;56547.888;56549.243;56549.247;56549.366;56549.482;56549.588;56550.936;56551.045;56551.150;56551.157;56551.526;56551.630;56552.967;56552.967;56553.216;56553.409;56553.549;56553.549;56553.549;56553.549;56553.549;56553.549;56553.549;56553.549;56553.549;56553.549;56553.549;56553.549;56553.549;56553.549;56553.549;56553.549;56553.549;56553.549;56553.549;56553.549;56553.549;56553.549;56553.549;56553.549;56611.902;56724.945;56724.945;56727.740;56729.892;56729.892;56731.270;56732.328;56732.677;56733.633;56735.466;56737.262;56737.262;56738.625;56739.976;56740.282;56741.432;56741.432;56742.104;56742.573;56743.509;56743.978;56743.978;56744.413;56744.674;56744.720;56744.982;56745.534;56745.963;56745.963;56746.390;56746.390;56746.390;56746.390;56746.390;56746.390;56746.390;56746.390;56746.390;56746.390;56746.390;56746.390;56746.390;56746.390;56746.390;56746.390;56746.390;56746.390;56746.390;56746.390;56746.390;56746.390;56746.390;56746.390;56746.390;56746.390;56746.390;56746.390;56746.390;56746.390;56746.390;56746.390;56746.390;56746.390;56746.390;56746.390;56746.390;56746.390;56746.390;56746.390;56746.390;56746.390;56746.390;56746.390;56746.390;56746.390;56746.390;56746.390;56746.390;56746.390;56746.390;56746.390;56746.390;56746.390;56746.390;56746.390;56746.390;56746.390;56746.390;56746.390;56746.390;56746.390,5D,385.0
SSA,2,750,8,9,6030,random,6030,56688.21779537491,58523.02715747732,1834.809362102409,True,420.4483460202663,1.8496501310000042,-535.924 504.735;-300.533 156.356;137.834 -615.434;609.655 -258.005;-405.627 -421.581;672.526 169.275;205.311 -1.141;-24.861 654.822,nan;nan;nan;nan;nan;nan;nan;nan;nan;nan;nan;nan;nan;nan;nan;nan;nan;nan;nan;nan;nan;nan;nan;nan;nan;nan;nan;nan;nan;nan;nan;nan;nan;nan;nan;nan;nan;nan;nan;nan;nan;nan;nan;nan;nan;nan;nan;nan;nan;nan;nan;nan;nan;nan;nan;nan;nan;nan;nan;nan;nan;nan;nan;nan;55571.269;55571.269;55571.269;55571.269;55571.269;55571.269;55571.269;55571.269;55571.269;55571.269;55624.095;55624.095;55624.095;55624.095;55624.095;55624.095;55624.095;55624.095;55735.313;55735.313;55735.313;55735.313;55735.313;55735.313;55971.180;55971.180;55971.180;55971.180;56257.597;56257.597;56257.597;56447.189;56447.189;56563.712;56563.712;56563.712;56598.921;56598.921;56598.921;56598.921;56598.921;56598.921;56598.921;56598.921;56609.125;56609.125;56613.372;56616.811;56621.127;56626.974;56636.317;56642.518;56647.149;56648.780;56648.780;56648.780;56648.780;56648.780;56648.780;56651.138;56651.138;56654.569;56657.844;56661.270;56664.504;56666.357;56667.146;56668.939;56670.852;56673.179;56675.258;56675.768;56677.086;56678.427;56680.080;56680.942;56682.109;56682.551;56683.073;56683.633;56684.114;56684.737;56685.191;56685.491;56685.861;56686.254;56686.425;56686.684;56686.867;56687.033;56687.146;56687.239;56687.354;56687.486;56687.570;56687.636;56687.699;56687.784;56687.808;56687.842;56687.880;56687.908;56687.955;56687.991;56688.020;56688.048;56688.077;56688.095;56688.115;56688.127;56688.139;56688.147;56688.161;56688.171;56688.177;56688.184;56688.188;56688.191;56688.195;56688.197;56688.201;56688.204;56688.206;56688.208;56688.209;56688.211;56688.212;56688.213;56688.214;56688.215;56688.215;56688.216;56688.216;56688.217;56688.217;56688.218;56688.218,5D,385.0
LXSSA,2,750,8,19,6030,random,6030,57361.24178970725,58523.02715747732,1161.7853677700696,True,410.5795229957387,1.8088151349999748,-586.223 -127.911;-673.864 294.894;695.333 -70.066;529.584 -445.703;148.697 302.516;597.549 452.705;-295.383 -657.107;-126.402 650.460,nan;nan;nan;nan;nan;nan;nan;nan;nan;nan;nan;nan;nan;nan;nan;nan;nan;nan;nan;nan;nan;nan;nan;nan;nan;nan;nan;nan;nan;nan;nan;nan;nan;nan;nan;55818.605;55818.605;55839.581;55839.581;55839.581;55839.581;55839.581;55839.581;55839.581;55839.581;55839.581;55839.581;56490.180;56490.180;56702.052;56702.052;56702.052;56702.052;56702.052;56702.052;56702.052;56702.052;56702.052;56702.052;56702.052;56702.052;56702.052;56702.052;56702.052;56702.052;56702.052;56702.052;56702.052;56702.052;56702.052;56702.052;56702.052;56702.052;56702.052;56702.052;56702.052;56702.052;56795.501;56795.501;56795.501;56795.501;56796.907;56796.907;56796.907;56796.907;56798.209;56798.209;56798.209;56798.209;56798.209;56798.209;56800.439;56800.439;56800.439;56800.439;56800.439;56800.439;57076.520;57076.520;57076.520;57076.520;57076.520;57076.520;57076.520;57076.520;57084.206;57084.206;57084.206;57084.206;57084.877;57084.877;57084.877;57093.224;57169.726;57169.726;57169.726;57300.417;57300.417;57300.417;57300.540;57300.847;57301.608;57305.733;57307.428;57313.481;57313.481;57315.621;57315.714;57316.696;57317.896;57318.374;57319.353;57319.353;57319.353;57321.252;57321.861;57322.130;57323.316;57323.316;57323.316;57323.316;57323.316;57323.333;57323.581;57323.700;57323.901;57323.901;57324.465;57324.465;57324.816;57324.816;57326.257;57326.257;57326.257;57326.301;57326.301;57326.402;57326.402;57326.402;57326.402;57326.405;57326.443;57326.443;57326.602;57326.602;57326.648;57326.648;57326.653;57326.665;57326.806;57326.806;57326.806;57326.822;57326.922;57326.922;57327.366;57327.366;57327.366;57327.373;57327.580;57327.580;57327.924;57327.924;57360.641;57360.641;57361.168;57361.168;57361.168;57361.169;57361.169;57361.169;57361.169;57361.170;57361.186;57361.186;57361.186;57361.186;57361.207;57361.207;57361.242;57361.242,5D,385.0
DE,2,750,8,29,6030,random,6030,55748.1035993718,58523.02715747732,2774.923558105518,False,327.1308954765789,2.1798801260000005,-651.191 344.991;-199.699 -217.289;401.493 -516.895;197.004 587.694;-110.521 -661.831;407.666 114.561;-571.988 -335.341;-90.687 91.144,nan;nan;nan;nan;nan;nan;nan;nan;nan;nan;nan;nan;nan;nan;nan;nan;nan;nan;nan;nan;nan;nan;nan;nan;nan;nan;nan;nan;nan;nan;nan;nan;nan;nan;nan;nan;nan;nan;nan;nan;nan;nan;nan;nan;nan;nan;nan;nan;nan;nan;nan;nan;nan;nan;nan;nan;nan;nan;nan;nan;nan;nan;nan;nan;nan;nan;nan;nan;nan;nan;nan;nan;nan;nan;nan;nan;nan;nan;nan;nan;nan;nan;nan;nan;nan;nan;nan;nan;nan;nan;nan;nan;nan;nan;nan;nan;nan;nan;nan;nan;nan;nan;nan;nan;nan;nan;nan;nan;nan;nan;nan;nan;nan;nan;nan;nan;nan;nan;nan;nan;nan;nan;nan;nan;nan;nan;nan;nan;nan;nan;nan;nan;nan;nan;nan;nan;nan;nan;nan;nan;nan;nan;nan;nan;nan;nan;nan;nan;nan;nan;nan;nan;nan;nan;nan;nan;nan;nan;nan;nan;nan;nan;nan;nan;nan;nan;nan;nan;nan;nan;nan;nan;nan;nan;nan;nan;nan;nan;nan;nan;nan;nan;nan;nan;nan;nan;nan;nan;nan;nan;nan;nan;nan;nan;nan;nan;nan;nan;nan;nan;nan,5D,385.0
PSOBV,1,500,6,9,6030,random,6030,83631.38365901292,84274.42421840897,643.0405593960459,True,482.32298710759,1.5777069129999859,-333.469 338.374;146.063 477.698;-110.722 -487.500;-478.092 -145.666;365.199 -340.920;478.560 127.892,nan;nan;nan;nan;nan;nan;nan;nan;nan;nan;nan;nan;nan;nan;nan;nan;nan;nan;nan;nan;nan;nan;nan;nan;nan;nan;nan;nan;nan;nan;nan;nan;nan;nan;nan;nan;nan;nan;nan;nan;nan;nan;nan;nan;nan;nan;nan;nan;nan;nan;nan;nan;nan;nan;nan;nan;nan;nan;nan;nan;nan;nan;nan;nan;nan;nan;nan;nan;nan;nan;nan;81648.125;82091.290;82106.205;82106.205;82106.205;82106.205;82106.205;82106.205;82106.205;82106.205;82928.644;82932.508;82936.943;82936.943;82936.943;82954.527;82954.527;82974.371;83002.190;83020.202;83027.362;83027.362;83029.266;83029.266;83029.266;83030.377;83030.377;83032.049;83032.049;83032.049;83056.434;83057.049;83065.047;83065.183;83065.183;83070.769;83072.853;83074.801;83074.949;83075.974;83076.565;83077.997;83078.069;83078.364;83079.235;83079.530;83080.277;83080.313;83080.313;83080.313;83080.313;83080.313;83080.313;83080.313;83080.313;83080.313;83080.313;83080.313;83080.313;83080.313;83080.313;83080.313;83080.313;83080.313;83080.313;83080.313;83080.313;83080.313;83080.313;83080.313;83080.313;83080.313;83080.313;83080.313;83080.313;83080.313;83080.313;83080.313;83080.313;83080.313;83080.313;83080.313;83080.313;83080.313;83080.313;83080.313;83080.313;83080.313;83080.313;83080.313;83080.313;83080.313;83080.313;83080.313;83080.313;83525.025;83543.536;83586.322;83615.738;83615.738;83616.434;83622.333;83622.503;83623.304;83623.484;83623.604;83623.948;83624.449;83624.612;83624.772;83624.928;83625.198;83625.309;83625.415;83625.518;83625.593;83627.048;83628.707;83630.195;83630.244;83630.244;83630.960;83631.115;83631.235;83631.273;83631.310;83631.384;83631.384;83631.384;83631.384,6D,462.0
SSABV,1,500,6,19,6030,random,6030,83041.51788179923,84274.42421840897,1232.9063366097398,True,463.3753165053485,1.573117706000005,-88.798 -491.870;-287.959 408.429;216.735 450.277;-492.211 -79.560;23.270 29.221;492.255 -84.542,nan;nan;nan;nan;nan;nan;nan;nan;nan;nan;nan;nan;nan;nan;nan;nan;nan;nan;nan;nan;nan;nan;nan;nan;nan;nan;nan;nan;nan;nan;nan;nan;nan;nan;nan;nan;nan;nan;nan;nan;nan;nan;nan;nan;nan;nan;nan;nan;nan;nan;nan;nan;nan;nan;nan;nan;nan;nan;nan;nan;nan;nan;nan;nan;nan;nan;nan;nan;nan;nan;nan;nan;nan;nan;nan;nan;nan;nan;nan;nan;nan;nan;nan;nan;nan;nan;nan;nan;nan;nan;nan;nan;nan;nan;nan;nan;nan;nan;nan;nan;nan;nan;nan;nan;nan;nan;nan;nan;nan;nan;nan;nan;nan;82780.591;82793.998;82815.128;82849.803;82874.951;82887.189;82899.210;82911.020;82934.025;82945.231;82956.245;82967.072;82969.741;82971.174;83011.502;83017.672;83018.856;83019.875;83021.237;83022.615;83022.972;83023.959;83025.690;83026.024;83026.975;83027.913;83029.752;83030.061;83030.354;83038.896;83039.427;83039.427;83039.592;83039.592;83039.894;83040.024;83041.350;83041.415;83041.518;83041.518;83041.518;83041.518;83041.518;83041.518;83041.518;83041.518;83041.518;83041.518;83041.518;83041.518;83041.518;83041.518;83041.518;83041.518;83041.518;83041.518;83041.518;83041.518;83041.518;83041.518;83041.518;83041.518;83041.518;83041.518;83041.518;83041.518;83041.518;83041.518;83041.518;83041.518;83041.518;83041.518;83041.518;83041.518;83041.518;83041.518;83041.518;83041.518;83041.518;83041.518;83041.518;83041.518;83041.518;83041.518;83041.518;83041.518;83041.518;83041.518,6D,462.0
RSDVNS,1,500,6,29,6030,random,6030,83749.61182147694,84274.42421840897,524.8123969320295,True,466.6275095225904,1.6660065410000016,-499.786 8.061;446.432 223.958;-33.324 -4.358;-226.759 -444.915;-171.909 469.079;259.904 -426.800,nan;nan;nan;nan;nan;nan;nan;nan;nan;nan;nan;nan;nan;nan;nan;nan;nan;nan;nan;nan;nan;nan;nan;nan;nan;nan;nan;nan;nan;nan;nan;nan;nan;nan;nan;nan;nan;nan;nan;nan;nan;nan;nan;nan;nan;nan;nan;nan;nan;nan;nan;nan;nan;nan;nan;nan;nan;nan;nan;nan;nan;nan;nan;nan;nan;nan;nan;nan;nan;nan;nan;nan;nan;nan;nan;nan;nan;nan;nan;nan;nan;nan;nan;nan;nan;nan;nan;nan;nan;nan;nan;nan;nan;nan;nan;nan;nan;nan;nan;nan;nan;nan;nan;nan;nan;nan;nan;nan;nan;nan;nan;nan;nan;nan;82187.549;82205.387;82206.171;82248.069;82281.592;82288.799;82293.232;82331.810;82336.301;82342.978;82343.297;82349.331;82351.204;82352.733;82352.978;82354.464;82354.660;82355.388;82372.093;82374.065;82376.752;82376.752;82376.786;82376.872;82376.888;82381.273;82381.757;82381.757;82383.572;82383.572;82383.572;82383.572;82383.572;82383.572;83433.742;83447.917;83462.519;83473.462;83473.865;83478.950;83672.128;83672.252;83707.335;83727.386;83734.789;83735.250;83735.578;83735.727;83735.817;83735.836;83736.157;83736.462;83736.462;83736.665;83736.868;83737.025;83737.141;83737.141;83737.144;83737.144;83737.144;83737.144;83737.144;83737.144;83743.601;83745.579;83746.318;83746.412;83746.585;83747.507;83747.786;83748.219;83748.262;83748.321;83748.449;83748.829;83748.829;83749.082;83749.249;83749.270;83749.327;83749.367;83749.423;83749.477;83749.487;83749.496;83749.612,6D,462.0
PSOC,1,500,6,9,6030,random,6030,83391.64741061199,84274.42421840897,882.7768077969813,True,464.6468871695081,1.6456140029999915,-341.621 331.674;105.303 487.647;-43.682 -494.081;-482.426 -111.125;383.309 -307.917;464.204 182.525,nan;nan;nan;nan;nan;nan;nan;nan;nan;nan;nan;nan;nan;nan;nan;nan;nan;nan;nan;nan;nan;nan;nan;nan;nan;nan;nan;nan;nan;nan;nan;nan;nan;nan;nan;nan;nan;nan;nan;nan;nan;nan;nan;nan;nan;nan;nan;nan;nan;nan;nan;nan;nan;nan;nan;nan;nan;nan;nan;nan;nan;nan;nan;nan;nan;nan;nan;nan;nan;nan;nan;81648.125;82091.290;82106.205;82106.205;82106.205;82106.205;82106.205;82106.205;82106.205;82106.205;82928.644;82932.508;82936.943;82936.943;82936.943;82954.527;82954.527;82974.371;83002.190;83020.202;83027.362;83027.362;83029.266;83029.266;83029.266;83030.377;83030.377;83032.049;83032.049;83032.049;83032.049;83032.049;83033.654;83033.654;83039.047;83039.047;83039.047;83042.417;83042.417;83042.417;83042.417;83042.417;83042.417;83042.417;83042.417;83042.583;83042.583;83045.260;83045.260;83045.577;83045.577;83045.577;83045.577;83045.577;83045.577;83046.761;83046.761;83358.925;83358.925;83358.925;83358.925;83358.925;83358.925;83358.925;83358.925;83358.925;83358.925;83358.925;83358.925;83358.925;83358.925;83358.925;83358.925;83358.925;83358.925;83358.925;83358.925;83358.925;83358.925;83360.090;83361.075;83361.790;83361.790;83361.790;83361.790;83361.790;83361.873;83362.224;83364.589;83364.589;83364.589;83367.952;83367.952;83367.952;83367.952;83367.952;83367.952;83367.952;83367.952;83368.753;83368.753;83368.917;83368.917;83368.917;83371.414;83375.304;83376.999;83378.126;83378.126;83378.126;83378.126;83384.149;83384.149;83384.149;83384.149;83386.649;83386.649;83386.649;83386.649;83387.520;83387.520;83388.225;83388.225;83388.385;83391.582;83391.647;83391.647;83391.647;83391.647;83391.647,6D,462.0
SSA,1,500,6,19,6030,random,6030,82265.28030060338,84274.42421840897,2009.143917805588,True,462.01623393153955,1.643258163000013,-265.751 -152.552;12.655 487.630;441.516 -221.258;420.489 270.534;55.762 -496.680;-407.645 287.595,nan;nan;nan;nan;nan;nan;nan;nan;nan;nan;nan;nan;nan;nan;nan;nan;nan;nan;nan;nan;nan;nan;nan;nan;nan;nan;nan;nan;nan;nan;nan;nan;nan;nan;nan;nan;nan;nan;nan;nan;nan;nan;nan;nan;nan;nan;nan;nan;nan;nan;nan;nan;nan;nan;nan;nan;nan;nan;nan;nan;nan;nan;nan;nan;nan;nan;nan;nan;nan;nan;nan;nan;nan;nan;nan;nan;nan;nan;nan;nan;nan;nan;nan;nan;nan;nan;nan;nan;nan;nan;nan;nan;nan;nan;nan;nan;nan;nan;nan;nan;nan;nan;nan;nan;nan;nan;nan;nan;nan;nan;nan;82154.714;82154.714;82154.714;82154.714;82154.714;82167.343;82167.343;82211.511;82224.436;82230.281;82230.281;82230.326;82233.176;82233.176;82236.169;82236.169;82240.105;82243.746;82243.746;82247.084;82250.866;82251.966;82256.195;82256.195;82256.195;82256.195;82256.434;82256.434;82257.768;82257.768;82257.768;82257.768;82258.065;82258.720;82259.439;82259.845;82260.690;82260.891;82261.335;82261.814;82262.273;82262.562;82263.033;82263.273;82263.489;82263.767;82263.944;82264.171;82264.382;82264.562;82264.709;82264.779;82264.799;82264.847;82264.916;82264.952;82265.002;82265.005;82265.047;82265.074;82265.093;82265.122;82265.146;82265.166;82265.180;82265.185;82265.192;82265.206;82265.214;82265.227;82265.232;82265.240;82265.246;82265.251;82265.257;82265.261;82265.264;82265.268;82265.270;82265.271;82265.273;82265.275;82265.276;82265.277;82265.278;82265.278;82265.279;82265.279;82265.280;82265.280,6D,462.0
LXSSA,1,500,6,29,6030,random,6030,81971.653041983,84274.42421840897,2302.771176425973,False,447.8572316839543,1.7085887920000005,247.662 367.221;228.982 -444.485;-218.854 -448.850;445.358 -50.995;-215.769 451.048;-253.800 -0.651,nan;nan;nan;nan;nan;nan;nan;nan;nan;nan;nan;nan;nan;nan;nan;nan;nan;nan;nan;nan;nan;nan;nan;nan;nan;nan;nan;nan;nan;nan;nan;nan;nan;nan;nan;nan;nan;nan;nan;nan;nan;nan;nan;nan;nan;nan;nan;nan;nan;nan;nan;nan;nan;nan;nan;nan;nan;nan;nan;nan;nan;nan;nan;nan;nan;nan;nan;nan;nan;nan;nan;nan;nan;nan;nan;nan;nan;nan;nan;nan;nan;nan;nan;nan;nan;nan;nan;nan;nan;nan;nan;nan;nan;nan;nan;nan;nan;nan;nan;nan;nan;nan;nan;nan;nan;nan;nan;nan;nan;nan;nan;nan;nan;nan;nan;nan;nan;nan;nan;nan;nan;nan;nan;nan;nan;nan;nan;nan;nan;nan;nan;nan;nan;nan;nan;nan;nan;nan;nan;nan;nan;nan;nan;nan;nan;nan;nan;nan;nan;nan;nan;nan;nan;nan;nan;nan;nan;nan;nan;nan;nan;nan;nan;nan;nan;nan;nan;nan;nan;nan;nan;nan;nan;nan;nan;nan;nan;nan;nan;nan;nan;nan;nan;nan;nan;nan;nan;nan;nan;nan;nan;nan;nan;nan;nan;nan;nan;nan;nan;nan;nan,6D,462.0
SLSQP,1,500,6,9,6030,random,6030,83894.98605840447,84274.42421840897,379.4381600045017,True,406.2952414992951,1.9754130389999887,-308.707 355.812;110.192 389.276;-63.871 -184.909;-469.482 -161.344;460.737 110.961;311.557 -357.622,nan;nan;nan;nan;nan;nan;nan;nan;83156.706;83894.986;83894.986;83894.986;83894.986;83894.986;83894.986;83894.986;83894.986;83894.986;83894.986;83894.986;83894.986;83894.986;83894.986;83894.986;83894.986;83894.986;83894.986;83894.986;83894.986;83894.986;83894.986;83894.986;83894.986;83894.986;83894.986;83894.986;83894.986;83894.986;83894.986;83894.986;83894.986;83894.986;83894.986;83894.986;83894.986;83894.986;83894.986;83894.986;83894.986;83894.986;83894.986;83894.986;83894.986;83894.986;83894.986;83894.986;83894.986;83894.986;83894.986;83894.986;83894.986;83894.986;83894.986;83894.986;83894.986;83894.986;83894.986;83894.986;83894.986;83894.986;83894.986;83894.986;83894.986;83894.986;83894.986;83894.986;83894.986;83894.986;83894.986;83894.986;83894.986;83894.986;83894.986;83894.986;83894.986;83894.986;83894.986;83894.986;83894.986;83894.986;83894.986;83894.986;83894.986;83894.986;83894.986;83894.986;83894.986;83894.986;83894.986;83894.986;83894.986;83894.986;83894.986;83894.986;83894.986;83894.986;83894.986;83894.986;83894.986;83894.986;83894.986;83894.986;83894.986;83894.986;83894.986;83894.986;83894.986;83894.986;83894.986;83894.986;83894.986;83894.986;83894.986;83894.986;83894.986;83894.986;83894.986;83894.986;83894.986;83894.986;83894.986;83894.986;83894.986;83894.986;83894.986;83894.986;83894.986;83894.986;83894.986;83894.986;83894.986;83894.986;83894.986;83894.986;83894.986;83894.986;83894.986;83894.986;83894.986;83894.986;83894.986;83894.986;83894.986;83894.986;83894.986;83894.986;83894.986;83894.986;83894.986;83894.986;83894.986;83894.986;83894.986;83894.986;83894.986;83894.986;83894.986;83894.986;83894.986;83894.986;83894.986;83894.986;83894.986;83894.986;83894.986;83894.986;83894.986;83894.986;83894.986;83894.986;83894.986;83894.986;83894.986;83894.986;83894.986;83894.986;83894.986;83894.986;83894.986;83894.986;83894.986;83894.986;83894.986;83894.986;83894.986;83894.986;83894.986;83894.986;83894.986;83894.986;83894.986,5D,385.0
PSOBV,1,500,6,19,6030,random,6030,83978.68125204426,84274.42421840897,295.74296636470535,True,461.87675930314606,1.5420882729999903,155.250 -475.243;12.574 -35.955;-340.334 366.273;489.902 -96.103;158.789 473.937;-341.091 -365.203,nan;nan;nan;nan;nan;nan;nan;nan;nan;nan;nan;nan;81643.043;81643.043;81643.043;81643.043;81643.043;81643.043;81643.043;81643.043;81643.043;81809.834;81809.834;81809.834;81809.834;82292.151;82292.151;82292.151;82292.151;82292.151;82398.519;82398.519;82398.519;82398.519;82398.519;82398.519;82398.519;82398.519;82398.519;83349.384;83349.384;83355.499;83355.499;83356.519;83359.001;83359.001;83378.345;83500.197;83500.197;83500.197;83500.197;83500.197;83500.197;83500.197;83500.197;83500.197;83584.493;83584.493;83584.493;83592.937;83592.937;83608.491;83608.491;83608.491;83608.491;83608.491;83608.491;83608.491;83608.491;83608.962;83608.962;83608.962;83608.962;83608.962;83613.521;83613.521;83619.963;83620.942;83654.243;83654.243;83654.243;83654.243;83654.243;83654.243;83654.243;83654.243;83826.335;83826.335;83826.335;83826.335;83826.335;83826.335;83826.335;83826.335;83826.335;83826.335;83826.335;83826.335;83826.335;83885.396;83885.396;83893.354;83911.611;83916.112;83924.187;83925.606;83925.606;83939.307;83941.410;83943.395;83946.724;83946.994;83947.029;83948.080;83948.266;83949.459;83949.990;83951.169;83952.139;83953.093;83954.031;83954.387;83955.414;83956.329;83957.230;83957.319;83957.895;83958.339;83958.831;83959.409;83959.848;83960.360;83977.805;83977.895;83977.961;83978.097;83978.282;83978.336;83978.336;83978.457;83978.549;83978.592;83978.631;83978.661;83978.676;83978.681;83978.681;83978.681;83978.681;83978.681;83978.681;83978.681;83978.681;83978.681;83978.681;83978.681;83978.681;83978.681;83978.681;83978.681;83978.681;83978.681;83978.681;83978.681;83978.681;83978.681;83978.681;83978.681;83978.681;83978.681;83978.681;83978.681;83978.681;83978.681;83978.681;83978.681;83978.681;83978.681;83978.681;83978.681;83978.681;83978.681;83978.681;83978.681;83978.681;83978.681;83978.681;83978.681;83978.681;83978.681;83978.681;83978.681;83978.681;83978.681;83978.681;83978.681;83978.681;83978.681;83978.681;83978.681;83978.681,5D,385.0
SSABV,1,500,6,29,6030,random,6030,82893.62593997631,84274.42421840897,1380.7982784326596,True,385.2386362936219,1.6027509440000074,6.735 499.812;475.000 -155.821;-477.344 -148.143;77.926 -135.884;-338.509 328.887;-60.661 -496.070,nan;nan;nan;nan;nan;nan;nan;nan;nan;nan;nan;nan;nan;nan;nan;nan;nan;nan;nan;nan;nan;nan;nan;nan;nan;nan;nan;nan;nan;nan;nan;nan;nan;nan;nan;nan;nan;nan;nan;nan;nan;nan;nan;nan;nan;nan;81930.232;81930.232;81940.547;81940.547;81940.547;81940.547;81992.607;82514.312;82514.312;82570.153;82570.153;82587.831;82587.831;82595.078;82595.269;82595.269;82599.363;82599.363;82599.441;82603.924;82605.464;82606.279;82608.329;82610.614;82611.677;82612.948;82613.414;82613.442;82613.774;82613.925;82614.088;82614.403;82614.573;82614.737;82614.916;82615.021;82615.051;82615.094;82615.111;82615.149;82615.174;82615.199;82615.218;82615.231;82615.237;82615.244;82615.250;82615.254;82615.258;82615.259;82615.261;82615.262;82615.263;82615.264;82615.264;82745.313;82745.313;82751.451;82776.313;82778.080;82785.514;82809.641;82811.331;82836.840;82837.862;82839.546;82841.965;82841.965;82844.718;82855.718;82862.287;82865.549;82865.787;82868.462;82868.671;82872.088;82872.097;82872.097;82873.709;82875.150;82875.241;82875.345;82876.950;82876.955;82876.955;82876.955;82876.955;82876.955;82876.955;82876.955;82876.955;82876.955;82876.955;82876.955;82876.955;82876.955;82876.955;82876.955;82876.955;82876.955;82876.955;82876.955;82876.955;82876.955;82876.955;82881.629;82887.804;82888.027;82888.034;82890.495;82890.928;82891.267;82891.474;82891.637;82891.743;82891.747;82893.302;82893.417;82893.521;82893.626;82893.626;82893.626;82893.626;82893.626;82893.626;82893.626;82893.626;82893.626;82893.626;82893.626;82893.626;82893.626;82893.626;82893.626;82893.626;82893.626;82893.626;82893.626;82893.626;82893.626;82893.626;82893.626;82893.626;82893.626;82893.626;82893.626;82893.626;82893.626;82893.626;82893.626;82893.626;82893.626;82893.626;82893.626;82893.626,5D,385.0
BVNS,1,500,6,9,6030,random,6030,83348.87436660883,84274.42421840897,925.5498518001405,True,387.18282971006494,1.5288102559999857,-295.763 402.791;189.817 462.336;-62.217 -470.402;-405.673 -291.660;39.832 50.854;396.476 -290.143,nan;nan;nan;nan;nan;nan;nan;nan;nan;nan;nan;nan;nan;nan;nan;nan;nan;nan;nan;nan;nan;nan;nan;81806.149;81922.967;82460.061;82560.698;82593.065;82614.147;82622.833;82628.453;82647.965;82665.988;82670.524;82670.524;82672.004;82673.347;82691.126;82701.496;82701.496;82706.172;82707.241;82714.919;82719.272;82720.914;82728.427;82730.126;82730.126;82732.264;82732.955;82733.863;82733.863;82735.748;82736.091;82736.623;82737.124;82738.048;82738.135;82738.176;82738.178;82738.178;82738.178;82738.178;82738.178;82738.178;83235.252;83254.482;83258.508;83268.670;83290.742;83291.179;83309.645;83318.809;83322.294;83328.134;83328.622;83334.337;83337.992;83338.211;83338.211;83340.558;83342.092;83342.315;83343.712;83344.864;83345.257;83346.401;83346.401;83346.638;83346.906;83346.938;83347.360;83347.929;83348.123;83348.690;83348.742;83348.859;83348.874;83348.874;83348.874;83348.874;83348.874;83348.874;83348.874;83348.874;83348.874;83348.874;83348.874;83348.874;83348.874;83348.874;83348.874;83348.874;83348.874;83348.874;83348.874;83348.874;83348.874;83348.874;83348.874;83348.874;83348.874;83348.874;83348.874;83348.874;83348.874;83348.874;83348.874;83348.874;83348.874;83348.874;83348.874;83348.874;83348.874;83348.874;83348.874;83348.874;83348.874;83348.874;83348.874;83348.874;83348.874;83348.874;83348.874;83348.874;83348.874;83348.874;83348.874;83348.874;83348.874;83348.874;83348.874;83348.874;83348.874;83348.874;83348.874;83348.874;83348.874;83348.874;83348.874;83348.874;83348.874;83348.874;83348.874;83348.874;83348.874;83348.874;83348.874;83348.874;83348.874;83348.874;83348.874;83348.874;83348.874;83348.874;83348.874;83348.874;83348.874;83348.874;83348.874;83348.874;83348.874;83348.874;83348.874;83348.874;83348.874;83348.874;83348.874;83348.874;83348.874;83348.874;83348.874;83348.874;83348.874;83348.874;83348.874;83348.874;83348.874;83348.874;83348.874;83348.874,5D,385.0
PSOC,1,500,6,19,6030,random,6030,83974.0152569594,84274.42421840897,300.4089614495606,True,460.6535057326591,1.5986903889999837,149.056 -469.929;-36.426 -7.679;-334.072 371.535;486.119 -97.625;148.733 463.099;-335.095 -358.390,nan;nan;nan;nan;nan;nan;nan;nan;nan;nan;nan;nan;81643.043;81643.043;81643.043;81643.043;81643.043;81643.043;81643.043;81643.043;81643.043;81809.834;81809.834;81809.834;81809.834;82292.151;82292.151;82292.151;82292.151;82292.151;82398.519;82398.519;82398.519;82398.519;82398.519;82398.519;82398.519;82398.519;82398.519;83349.384;83349.384;83355.499;83355.499;83356.519;83359.001;83359.001;83378.345;83500.197;83500.197;83500.197;83500.197;83500.197;83500.197;83500.197;83500.197;83500.197;83584.493;83584.493;83584.493;83592.937;83592.937;83608.491;83608.491;83608.491;83608.491;83608.491;83608.491;83608.491;83608.491;83608.962;83608.962;83608.962;83608.962;83608.962;83613.521;83613.521;83619.963;83620.942;83654.243;83654.243;83654.243;83654.243;83654.243;83654.243;83654.243;83654.243;83826.335;83826.335;83826.335;83826.335;83826.335;83826.335;83826.335;83826.335;83826.335;83826.335;83826.335;83826.335;83826.335;83885.396;83885.396;83885.396;83885.396;83885.396;83885.396;83885.396;83885.396;83885.970;83915.246;83915.246;83915.246;83915.246;83915.246;83915.246;83915.246;83915.246;83915.246;83915.246;83932.090;83932.090;83941.442;83941.442;83941.442;83944.620;83944.620;83944.620;83944.620;83945.782;83948.980;83950.238;83950.238;83950.238;83950.238;83950.238;83952.801;83952.997;83952.997;83952.997;83953.263;83953.263;83953.263;83953.263;83953.864;83953.864;83956.602;83962.237;83963.320;83963.885;83963.885;83965.931;83967.886;83968.671;83968.748;83968.748;83969.160;83969.160;83969.490;83969.490;83969.490;83969.490;83969.614;83969.614;83969.645;83969.645;83969.645;83969.666;83969.700;83969.709;83969.709;83969.709;83969.709;83969.719;83969.735;83969.885;83969.885;83970.019;83970.214;83970.324;83970.324;83970.324;83970.324;83970.854;83971.150;83972.018;83972.018;83972.018;83972.441;83972.441;83972.441;83972.441;83972.464;83972.464;83972.640;83972.640;83972.696;83972.696;83972.696;83973.873;83974.015;83974.015;83974.015,5D,385.0
SSA,1,500,6,29,6030,random,6030,81870.80331687344,84274.42421840897,2403.620901535527,True,400.03953995097794,1.6300202630000058,346.893 358.842;-134.904 413.300;-463.635 185.336;438.877 -225.957;-11.007 22.673;112.720 -487.128,nan;nan;nan;nan;nan;nan;nan;nan;nan;nan;nan;nan;nan;nan;nan;nan;nan;nan;nan;nan;nan;nan;nan;nan;nan;nan;nan;nan;nan;nan;nan;nan;nan;nan;nan;nan;nan;nan;nan;nan;nan;nan;nan;nan;nan;nan;nan;nan;nan;nan;nan;nan;nan;nan;nan;nan;nan;nan;nan;nan;nan;nan;nan;nan;nan;nan;nan;nan;nan;nan;nan;nan;80228.098;80228.098;80228.098;80228.098;80228.098;80815.365;80815.365;80815.365;80815.365;80815.365;80815.365;81337.198;81337.198;81337.198;81471.697;81471.697;81471.697;81471.697;81471.697;81471.697;81471.697;81471.697;81636.385;81636.385;81636.385;81636.385;81636.385;81636.385;81672.941;81672.941;81687.148;81687.148;81688.663;81737.417;81737.736;81775.596;81775.596;81775.596;81791.399;81791.399;81791.399;81809.668;81809.668;81809.668;81809.668;81809.668;81825.212;81825.212;81841.053;81841.053;81841.053;81841.053;81841.053;81841.056;81843.752;81851.947;81857.611;81857.611;81860.299;81860.299;81860.299;81860.299;81860.571;81860.938;81863.170;81863.170;81863.603;81863.770;81864.438;81864.479;81865.087;81865.568;81865.986;81866.932;81867.424;81867.994;81868.021;81868.400;81868.652;81869.033;81869.379;81869.671;81869.871;81869.975;81870.198;81870.198;81870.235;81870.345;81870.345;81870.345;81870.356;81870.377;81870.441;81870.513;81870.583;81870.619;81870.625;81870.637;81870.647;81870.695;81870.709;81870.717;81870.722;81870.737;81870.740;81870.752;81870.762;81870.766;81870.769;81870.775;81870.784;81870.786;81870.789;81870.791;81870.793;81870.793;81870.796;81870.798;81870.798;81870.800;81870.800;81870.800;81870.801;81870.801;81870.802;81870.802;81870.803;81870.803;81870.803,5D,385.0
DE,1,500,6,9,6030,random,6030,83904.75111688077,84274.42421840897,369.67310152819846,True,418.77251479400735,1.8373050859999864,476.969 85.248;75.655 461.399;-344.071 -354.133;291.295 -351.199;-489.468 87.275;-74.492 31.015,nan;nan;nan;nan;nan;nan;nan;nan;nan;nan;nan;nan;nan;nan;nan;nan;nan;nan;nan;nan;nan;nan;nan;nan;nan;nan;nan;nan;nan;nan;nan;nan;nan;nan;nan;nan;nan;nan;nan;nan;nan;nan;nan;nan;nan;nan;nan;nan;nan;nan;nan;nan;nan;nan;nan;nan;nan;nan;nan;nan;nan;nan;82932.567;82932.567;82932.567;82932.567;82932.567;82932.567;82932.567;82932.567;82932.567;82932.567;82932.567;82932.567;82932.567;82932.567;82932.567;82932.567;82932.567;82932.567;82932.567;82932.567;82932.567;82932.567;82932.567;82932.567;82932.567;82932.567;82932.567;82932.567;82932.567;83078.440;83119.799;83119.799;83119.799;83119.799;83248.145;83248.145;83343.363;83343.363;83343.363;83343.363;83800.438;83800.438;83800.438;83800.438;83800.438;83800.438;83800.438;83800.438;83800.438;83800.438;83800.438;83800.438;83800.438;83800.438;83800.438;83800.438;83800.438;83800.438;83800.438;83800.438;83800.438;83800.438;83800.438;83800.438;83800.438;83800.438;83800.438;83800.438;83800.438;83800.438;83800.438;83800.438;83800.438;83800.438;83800.438;83800.438;83800.438;83800.438;83800.438;83800.438;83800.438;83800.438;83800.438;83800.438;83800.438;83800.438;83800.438;83800.438;83800.438;83800.438;83800.438;83800.438;83800.438;83800.438;83800.438;83800.438;83800.438;83800.438;83830.009;83830.009;83830.009;83830.009;83830.009;83844.296;83844.296;83844.296;83844.296;83844.296;83864.598;83864.598;83870.031;83882.453;83882.453;83882.453;83882.453;83882.453;83882.453;83882.453;83882.453;83882.453;83882.453;83882.453;83882.453;83882.453;83882.453;83882.453;83882.453;83882.453;83882.453;83882.453;83882.453;83882.453;83882.453;83889.060;83889.060;83889.060;83889.060;83894.762;83904.751,5D,385.0
SLSQP,2,500,6,19,6030,random,6030,42521.96447571851,43892.27036810799,1370.3058923894787,True,462.0105098163237,2.030012943999992,469.403 -171.935;-476.368 -151.882;-119.240 -446.185;14.108 32.483;-374.150 298.679;401.188 297.854,nan;nan;nan;nan;nan;nan;nan;nan;nan;nan;42111.227;42113.271;42113.271;42113.271;42278.819;42278.819;42278.819;42278.819;42278.819;42301.858;42301.858;42301.858;42301.858;42301.858;42301.858;42301.858;42301.858;42301.858;42301.858;42301.858;42301.858;42301.858;42301.858;42301.858;42301.858;42301.858;42301.858;42301.858;42301.858;42301.858;42301.858;42301.858;42301.858;42301.858;42301.858;42301.858;42301.858;42301.858;42301.858;42301.858;42301.858;42301.858;42301.858;42301.858;42301.858;42301.858;42301.858;42301.858;42301.858;42301.858;42301.858;42301.858;42521.964;42521.964;42521.964;42521.964;42521.964;42521.964;42521.964;42521.964;42521.964;42521.964;42521.964;42521.964;42521.964;42521.964;42521.964;42521.964;42521.964;42521.964;42521.964;42521.964;42521.964;42521.964;42521.964;42521.964;42521.964;42521.964;42521.964;42521.964;42521.964;42521.964;42521.964;42521.964;42521.964;42521.964;42521.964;42521.964;42521.964;42521.964;42521.964;42521.964;42521.964;42521.964;42521.964;42521.964;42521.964;42521.964;42521.964;42521.964;42521.964;42521.964;42521.964;42521.964;42521.964;42521.964;42521.964;42521.964;42521.964;42521.964;42521.964;42521.964;42521.964;42521.964;42521.964;42521.964;42521.964;42521.964;42521.964;42521.964;42521.964;42521.964;42521.964;42521.964;42521.964;42521.964;42521.964;42521.964;42521.964;42521.964;42521.964;42521.964;42521.964;42521.964;42521.964;42521.964;42521.964;42521.964;42521.964;42521.964;42521.964;42521.964;42521.964;42521.964;42521.964;42521.964;42521.964;42521.964;42521.964;42521.964;42521.964;42521.964;42521.964;42521.964;42521.964;42521.964;42521.964;42521.964;42521.964;42521.964;42521.964;42521.964;42521.964;42521.964;42521.964;42521.964;42521.964;42521.964;42521.964;42521.964;42521.964;42521.964;42521.964;42521.964;42521.964;42521.964;42521.964;42521.964;42521.964;42521.964;42521.964;42521.964;42521.964;42521.964;42521.964;42521.964;42521.964;42521.964;42521.964;42521.964;42521.964,6D,462.0
PSOBV,2,500,6,29,6030,random,6030,42640.46224979723,43892.27036810799,1251.808118310757,True,484.5454266067911,1.560858938999985,335.175 354.914;484.011 -118.941;-487.500 -106.764;8.314 -11.829;-346.170 358.858;-134.012 -475.000,nan;nan;nan;nan;nan;nan;nan;nan;nan;nan;nan;nan;nan;nan;nan;nan;nan;nan;nan;nan;nan;nan;nan;nan;nan;nan;nan;nan;nan;nan;nan;nan;nan;nan;nan;nan;nan;nan;nan;41810.466;41810.466;41810.466;41839.301;42098.063;42126.862;42126.862;42261.548;42261.548;42293.468;42378.115;42404.558;42404.558;42404.558;42404.558;42404.558;42404.558;42484.462;42484.462;42484.462;42503.593;42503.593;42503.593;42503.593;42503.593;42503.593;42503.593;42508.894;42512.844;42514.680;42515.917;42515.917;42515.917;42515.917;42515.917;42515.917;42515.917;42517.242;42517.242;42517.242;42517.242;42519.017;42520.477;42520.477;42521.934;42521.934;42521.934;42521.934;42524.478;42524.478;42524.478;42524.478;42524.478;42524.523;42524.648;42524.813;42525.957;42525.957;42526.463;42526.463;42526.660;42526.660;42527.113;42527.369;42529.848;42530.576;42541.366;42541.366;42541.397;42544.029;42544.425;42544.579;42545.875;42546.670;42547.339;42547.516;42547.682;42548.323;42549.050;42549.050;42549.923;42549.923;42549.923;42549.923;42549.923;42549.923;42549.923;42549.923;42549.923;42549.923;42549.923;42549.923;42549.923;42549.923;42549.923;42549.923;42549.923;42549.923;42549.923;42549.923;42549.923;42549.923;42549.923;42549.923;42549.923;42549.923;42549.923;42549.923;42549.923;42549.923;42549.923;42549.923;42549.923;42549.923;42549.923;42549.923;42549.923;42549.923;42549.923;42549.923;42549.923;42549.923;42549.923;42549.923;42549.923;42549.923;42549.923;42549.923;42549.923;42549.923;42549.923;42549.923;42549.923;42549.923;42571.689;42572.705;42575.597;42575.597;42604.581;42604.581;42604.769;42610.511;42610.511;42614.007;42615.542;42616.449;42618.214;42620.521;42621.750;42622.087;42625.499;42625.746;42628.006;42629.214;42629.794;42632.897;42633.145;42635.359;42635.934;42638.045;42640.217;42640.462,6D,462.0
RSDVNS,2,500,6,9,6030,random,6030,42455.49723777215,43892.27036810799,1436.7731303358378,True,463.0471796902673,1.808437056999992,356.604 -349.851;-184.694 -463.553;-495.094 -69.634;38.466 -1.504;467.793 171.963;-322.971 381.627,nan;nan;nan;nan;nan;nan;nan;nan;nan;nan;nan;nan;nan;nan;nan;nan;nan;nan;nan;nan;nan;nan;nan;nan;nan;nan;nan;nan;nan;nan;nan;nan;nan;nan;nan;nan;nan;nan;nan;nan;nan;nan;nan;nan;nan;nan;nan;nan;nan;nan;nan;nan;nan;nan;nan;nan;nan;nan;nan;nan;nan;nan;nan;nan;nan;nan;nan;nan;nan;nan;nan;nan;nan;nan;nan;nan;nan;nan;nan;nan;nan;nan;nan;nan;nan;nan;nan;nan;nan;nan;nan;nan;nan;nan;nan;nan;nan;nan;nan;nan;nan;nan;nan;nan;nan;nan;nan;nan;nan;nan;nan;nan;nan;nan;41684.876;42188.327;42234.618;42247.172;42259.301;42261.439;42263.632;42267.691;42268.580;42272.557;42276.470;42281.152;42281.971;42285.732;42286.526;42290.213;42291.661;42293.144;42294.896;42295.814;42296.357;42297.813;42298.520;42299.433;42299.628;42300.537;42300.730;42301.826;42302.726;42303.623;42303.812;42304.551;42304.558;42304.558;42304.558;42304.558;42304.558;42304.558;42374.699;42374.699;42388.167;42400.451;42404.764;42412.238;42412.646;42414.774;42422.830;42424.945;42428.464;42430.400;42431.555;42431.990;42431.990;42433.728;42434.643;42436.237;42437.686;42438.543;42438.931;42440.010;42440.451;42440.561;42441.352;42442.072;42442.072;42442.072;42442.072;42442.072;42442.072;42442.072;42442.072;42442.072;42442.072;42442.072;42442.072;42442.072;42443.311;42446.309;42448.092;42448.799;42450.560;42451.263;42451.492;42452.997;42454.467;42455.336;42455.497,6D,462.0
BVNS,2,500,6,19,6030,random,6030,42477.77644975846,43892.27036810799,1414.4939183495298,True,489.7445676788068,1.5259779809999827,-111.101 -487.500;-490.414 -95.631;9.522 4.814;322.820 381.237;-230.802 443.147;487.375 -111.463,nan;nan;nan;nan;nan;nan;nan;nan;nan;nan;nan;nan;nan;nan;nan;nan;nan;nan;nan;nan;nan;nan;nan;nan;nan;nan;nan;nan;nan;nan;nan;nan;nan;nan;nan;nan;nan;nan;nan;nan;nan;nan;nan;nan;nan;nan;nan;nan;nan;nan;nan;nan;nan;nan;nan;nan;41866.708;42083.253;42097.152;42106.326;42111.244;42120.738;42123.246;42133.249;42135.056;42145.676;42147.010;42148.083;42149.106;42150.897;42259.048;42278.928;42278.928;42287.801;42288.135;42288.630;42289.103;42289.103;42291.710;42292.236;42292.516;42293.099;42294.572;42295.621;42295.737;42295.779;42296.301;42296.301;42296.301;42296.301;42296.301;42296.301;42319.475;42369.088;42393.767;42410.195;42410.525;42410.525;42419.610;42419.610;42425.579;42431.497;42435.920;42436.416;42442.217;42442.699;42442.715;42445.816;42445.828;42445.833;42445.834;42447.259;42448.725;42448.809;42448.809;42449.517;42450.250;42450.666;42450.729;42450.732;42450.733;42450.733;42450.733;42450.733;42450.733;42450.733;42450.733;42450.733;42450.733;42450.733;42450.733;42450.733;42450.733;42450.733;42450.733;42450.733;42450.733;42453.780;42454.133;42454.654;42460.616;42460.616;42462.172;42462.495;42465.432;42465.432;42466.891;42467.165;42467.165;42467.612;42467.813;42467.892;42468.619;42468.619;42468.619;42468.619;42468.619;42468.619;42468.619;42468.619;42468.619;42468.619;42468.619;42468.619;42468.619;42468.619;42468.619;42468.619;42468.619;42468.619;42468.619;42470.677;42472.363;42472.817;42475.573;42475.573;42475.986;42476.939;42477.081;42477.081;42477.776;42477.776;42477.776;42477.776;42477.776;42477.776;42477.776;42477.776;42477.776;42477.776;42477.776;42477.776;42477.776;42477.776;42477.776;42477.776;42477.776;42477.776;42477.776;42477.776;42477.776,6D,462.0
PSOC,2,500,6,29,6030,random,6030,42550.197566032024,43892.27036810799,1342.0728020759634,True,470.5062578735043,1.7419473220000157,322.798 380.559;495.096 -68.442;-494.154 -74.942;27.455 -16.599;-318.184 385.546;-86.934 -492.032,nan;nan;nan;nan;nan;nan;nan;nan;nan;nan;nan;nan;nan;nan;nan;nan;nan;nan;nan;nan;nan;nan;nan;nan;nan;nan;nan;nan;nan;nan;nan;nan;nan;nan;nan;nan;nan;nan;nan;41810.466;41810.466;41810.466;41839.301;42098.063;42126.862;42126.862;42261.548;42261.548;42293.468;42378.115;42404.558;42404.558;42404.558;42404.558;42404.558;42404.558;42484.462;42484.462;42484.462;42503.593;42503.593;42503.593;42503.593;42503.593;42503.593;42503.593;42508.894;42512.844;42514.680;42515.917;42515.917;42515.917;42515.917;42515.917;42515.917;42515.917;42517.242;42517.242;42517.242;42517.242;42519.017;42520.477;42520.477;42521.934;42521.934;42521.934;42521.934;42524.478;42524.478;42524.478;42524.478;42524.478;42524.523;42524.648;42524.813;42525.957;42525.957;42526.463;42526.463;42526.660;42526.660;42526.660;42526.784;42526.784;42527.104;42527.618;42527.993;42527.993;42527.993;42527.993;42527.993;42528.067;42529.073;42529.073;42530.920;42530.920;42530.920;42531.658;42532.685;42540.569;42540.569;42540.569;42540.569;42540.569;42540.569;42540.569;42540.569;42540.569;42540.569;42540.569;42540.569;42540.569;42540.605;42540.605;42540.768;42540.768;42540.878;42541.447;42541.576;42543.381;42544.292;42544.955;42545.952;42545.952;42546.092;42546.480;42546.663;42546.663;42546.663;42546.663;42546.663;42546.663;42546.705;42546.705;42546.821;42546.821;42546.981;42547.057;42547.158;42547.230;42547.230;42547.563;42547.739;42547.739;42547.817;42547.817;42548.463;42548.463;42548.463;42549.019;42549.019;42549.019;42549.102;42549.102;42549.102;42549.102;42549.268;42549.268;42549.277;42549.277;42549.323;42549.323;42549.358;42549.358;42549.442;42549.442;42549.442;42549.442;42549.697;42549.697;42549.697;42549.697;42549.697;42550.198;42550.198;42550.198;42550.198;42550.198;42550.198;42550.198;42550.198,6D,462.0
LXSSA,2,500,6,9,6030,random,6030,42470.24570121009,43892.27036810799,1422.0246668978943,True,480.709149099523,1.6252955479999969,-329.194 -333.821;112.814 484.578;473.917 159.060;301.168 -399.121;-407.953 289.093;1.024 15.517,nan;nan;nan;nan;nan;nan;nan;nan;nan;nan;nan;nan;nan;nan;nan;nan;nan;nan;nan;nan;nan;nan;nan;nan;nan;nan;nan;nan;nan;nan;nan;nan;nan;nan;nan;nan;nan;nan;nan;nan;nan;nan;nan;nan;nan;nan;nan;nan;nan;nan;nan;nan;nan;nan;nan;nan;nan;nan;nan;nan;nan;nan;nan;nan;nan;nan;nan;nan;nan;nan;nan;nan;nan;nan;nan;nan;nan;nan;nan;nan;nan;nan;nan;nan;nan;nan;nan;nan;nan;nan;nan;nan;nan;41876.364;41876.364;41941.574;42347.312;42347.312;42347.312;42394.521;42431.521;42431.521;42431.521;42431.521;42431.521;42433.190;42433.190;42433.190;42436.356;42441.062;42442.174;42444.966;42444.966;42444.966;42449.024;42451.480;42454.853;42456.471;42460.362;42460.370;42461.387;42461.742;42462.069;42462.635;42462.974;42464.607;42464.607;42465.046;42467.002;42467.058;42467.352;42467.990;42467.990;42467.990;42468.483;42468.526;42468.526;42468.526;42468.526;42468.526;42468.526;42468.526;42468.526;42468.663;42468.809;42468.851;42469.089;42469.371;42469.371;42469.436;42469.534;42469.534;42469.665;42469.665;42469.791;42469.791;42469.792;42469.835;42469.835;42469.869;42469.877;42469.882;42469.891;42469.891;42469.891;42469.892;42469.904;42469.913;42469.920;42469.920;42469.925;42469.925;42469.928;42469.945;42469.945;42469.963;42469.963;42469.982;42469.982;42470.082;42470.082;42470.205;42470.205;42470.205;42470.206;42470.223;42470.223;42470.225;42470.225;42470.245;42470.245;42470.245;42470.245;42470.245;42470.245;42470.246;42470.246;42470.246;42470.246;42470.246;42470.246,6D,462.0
DE,2,500,6,19,6030,random,6030,41920.579903870865,43892.27036810799,1971.6904642371228,False,459.822768026738,1.9714188089999993,270.364 -402.042;487.942 3.046;-345.295 295.919;-7.747 -21.941;131.841 446.687;-287.063 -394.874,nan;nan;nan;nan;nan;nan;nan;nan;nan;nan;nan;nan;nan;nan;nan;nan;nan;nan;nan;nan;nan;nan;nan;nan;nan;nan;nan;nan;nan;nan;nan;nan;nan;nan;nan;nan;nan;nan;nan;nan;nan;nan;nan;nan;nan;nan;nan;nan;nan;nan;nan;nan;nan;nan;nan;nan;nan;nan;nan;nan;nan;nan;nan;nan;nan;nan;nan;nan;nan;nan;nan;nan;nan;nan;nan;nan;nan;nan;nan;nan;nan;nan;nan;nan;nan;nan;nan;nan;nan;nan;nan;nan;nan;nan;nan;nan;nan;nan;nan;nan;nan;nan;nan;nan;nan;nan;nan;nan;nan;nan;nan;nan;nan;nan;nan;nan;nan;nan;nan;nan;nan;nan;nan;nan;nan;nan;nan;nan;nan;nan;nan;nan;nan;nan;nan;nan;nan;nan;nan;nan;nan;nan;nan;nan;nan;nan;nan;nan;nan;nan;nan;nan;nan;nan;nan;nan;nan;nan;nan;nan;nan;nan;nan;nan;nan;nan;nan;nan;nan;nan;nan;nan;nan;nan;nan;nan;nan;nan;nan;nan;nan;nan;nan;nan;nan;nan;nan;nan;nan;nan;nan;nan;nan;nan;nan;nan;nan;nan;nan;nan;nan,6D,462.0
SLSQP,2,500,6,29,6030,random,6030,42517.609946154975,43892.27036810799,1374.6604219530127,True,396.94937479972566,2.073087242000014,390.065 -294.974;77.835 493.709;412.551 280.322;98.275 17.309;-417.038 275.135;-251.362 -364.560,nan;nan;41663.870;41744.476;41744.476;42226.305;42369.614;42369.614;42369.614;42369.614;42369.614;42383.769;42383.770;42383.770;42383.770;42384.380;42384.380;42384.380;42384.380;42384.380;42384.380;42384.380;42384.380;42385.477;42385.706;42385.706;42385.706;42385.706;42385.706;42385.706;42385.706;42385.706;42385.706;42385.706;42385.706;42385.706;42385.706;42385.706;42385.706;42385.706;42385.706;42385.706;42385.706;42385.706;42385.706;42385.706;42385.706;42385.706;42385.706;42385.706;42385.706;42385.706;42385.706;42385.706;42385.706;42385.706;42385.706;42385.706;42385.706;42385.706;42385.706;42385.706;42385.706;42385.706;42385.706;42385.706;42385.706;42412.683;42412.683;42412.683;42412.683;42412.683;42414.367;42414.367;42414.367;42414.367;42414.367;42414.367;42414.367;42414.367;42414.367;42414.367;42414.367;42414.367;42414.367;42414.367;42414.367;42414.367;42414.367;42414.367;42414.367;42414.367;42419.536;42419.536;42419.536;42419.536;42419.536;42419.536;42419.536;42419.536;42501.581;42502.450;42502.450;42502.450;42502.744;42502.746;42502.746;42502.746;42502.746;42502.746;42502.746;42502.746;42502.746;42506.728;42506.728;42517.359;42517.359;42517.359;42517.359;42517.359;42517.359;42517.359;42517.359;42517.359;42517.359;42517.359;42517.359;42517.359;42517.359;42517.359;42517.359;42517.359;42517.359;42517.359;42517.359;42517.359;42517.359;42517.359;42517.359;42517.359;42517.359;42517.359;42517.359;42517.359;42517.359;42517.359;42517.359;42517.359;42517.359;42517.359;42517.359;42517.359;42517.359;42517.359;42517.359;42517.359;42517.359;42517.359;42517.359;42517.359;42517.359;42517.359;42517.359;42517.359;42517.428;42517.538;42517.554;42517.571;42517.587;42517.596;42517.605;42517.606;42517.607;42517.609;42517.610;42517.610;42517.610;42517.610;42517.610;42517.610;42517.610;42517.610;42517.610;42517.610;42517.610;42517.610;42517.610;42517.610;42517.610;42517.610;42517.610;42517.610;42517.610;42517.610;42517.610;42517.610;42517.610;42517.610;42517.610;42517.610;42517.610,5D,385.0
SSABV,2,500,6,9,6030,random,6030,42701.93020710353,43892.27036810799,1190.3401610044602,True,387.5868545360784,1.5408208880000132,-57.216 495.965;283.980 -411.522;-288.265 -403.662;363.586 341.064;-407.859 -19.205;135.497 27.697,nan;nan;nan;nan;nan;nan;nan;nan;nan;nan;nan;nan;nan;nan;nan;nan;nan;nan;nan;nan;nan;nan;nan;nan;nan;nan;nan;nan;nan;nan;nan;nan;nan;nan;nan;nan;nan;nan;42110.144;42138.798;42138.798;42138.798;42138.798;42138.798;42138.798;42138.798;42138.798;42138.798;42138.798;42138.798;42138.798;42388.919;42388.919;42475.716;42500.927;42541.488;42550.852;42558.864;42645.469;42651.411;42659.216;42661.780;42661.780;42663.600;42664.594;42666.275;42668.056;42669.615;42670.388;42670.910;42671.402;42671.575;42671.881;42672.123;42672.180;42672.354;42672.453;42672.564;42672.593;42672.651;42672.679;42672.679;42672.706;42672.722;42672.729;42672.750;42672.756;42672.760;42672.764;42672.771;42672.775;42672.775;42672.778;42672.780;42672.782;42672.782;42672.783;42672.784;42672.784;42672.784;42672.784;42680.257;42685.657;42685.657;42686.129;42690.247;42693.862;42696.486;42696.486;42696.718;42698.266;42699.272;42700.283;42701.368;42701.368;42701.373;42701.872;42701.930;42701.930;42701.930;42701.930;42701.930;42701.930;42701.930;42701.930;42701.930;42701.930;42701.930;42701.930;42701.930;42701.930;42701.930;42701.930;42701.930;42701.930;42701.930;42701.930;42701.930;42701.930;42701.930;42701.930;42701.930;42701.930;42701.930;42701.930;42701.930;42701.930;42701.930;42701.930;42701.930;42701.930;42701.930;42701.930;42701.930;42701.930;42701.930;42701.930;42701.930;42701.930;42701.930;42701.930;42701.930;42701.930;42701.930;42701.930;42701.930;42701.930;42701.930;42701.930;42701.930;42701.930;42701.930;42701.930;42701.930;42701.930;42701.930;42701.930;42701.930;42701.930;42701.930;42701.930;42701.930;42701.930;42701.930;42701.930;42701.930;42701.930;42701.930;42701.930;42701.930;42701.930;42701.930;42701.930;42701.930;42701.930;42701.930;42701.930;42701.930;42701.930;42701.930;42701.930,5D,385.0
RSDVNS,2,500,6,19,6030,random,6030,42507.36779998059,43892.27036810799,1384.9025681273997,True,385.7895652979137,1.7704265460000101,-366.527 330.147;141.972 478.125;230.740 -441.331;-430.976 -253.167;461.123 192.919;99.649 -78.496,nan;nan;nan;nan;nan;nan;nan;nan;nan;nan;nan;nan;nan;nan;nan;nan;nan;nan;nan;nan;nan;nan;nan;nan;nan;nan;nan;nan;nan;nan;nan;nan;nan;nan;nan;nan;nan;nan;nan;nan;nan;nan;nan;nan;nan;nan;nan;nan;nan;nan;nan;nan;nan;nan;nan;nan;nan;nan;nan;nan;nan;nan;nan;nan;nan;nan;nan;nan;nan;nan;nan;nan;nan;nan;nan;nan;nan;nan;nan;nan;nan;nan;nan;nan;nan;nan;nan;nan;nan;nan;nan;nan;nan;nan;nan;nan;nan;nan;nan;nan;nan;nan;42258.297;42302.611;42315.401;42319.096;42365.160;42365.160;42378.797;42378.797;42383.212;42387.096;42389.996;42390.850;42391.263;42395.750;42397.183;42398.250;42399.279;42399.879;42399.879;42401.587;42402.300;42403.011;42403.305;42404.155;42404.509;42404.747;42404.892;42404.892;42404.892;42404.892;42404.892;42404.892;42404.892;42404.892;42404.892;42404.892;42404.892;42404.892;42412.484;42415.527;42418.045;42428.241;42430.454;42434.165;42435.161;42437.853;42442.761;42444.079;42446.783;42448.111;42450.535;42450.765;42450.995;42452.248;42452.473;42453.142;42453.768;42454.299;42454.299;42454.470;42454.470;42454.470;42474.046;42474.046;42479.659;42482.442;42485.150;42486.441;42486.441;42491.844;42491.844;42492.479;42493.778;42494.530;42494.530;42494.678;42495.368;42495.677;42495.677;42495.677;42495.677;42495.677;42495.677;42495.677;42495.677;42495.677;42495.677;42495.677;42495.677;42495.677;42495.677;42495.677;42495.677;42498.161;42500.780;42500.780;42501.527;42503.423;42507.368,5D,385.0
BVNS,2,500,6,29,6030,random,6030,42601.39226529226,43892.27036810799,1290.8781028157246,True,385.1779794228876,1.479495753000009,93.611 491.111;487.500 110.875;-449.675 -46.276;137.365 -140.211;-373.984 331.710;-0.537 -499.857,nan;nan;nan;nan;nan;nan;nan;nan;41898.424;41968.499;41998.323;42048.802;42048.802;42097.357;42303.983;42349.364;42349.540;42359.366;42367.167;42369.277;42371.877;42379.671;42379.671;42381.745;42389.409;42391.444;42398.175;42400.767;42401.423;42407.445;42414.027;42414.027;42420.515;42423.406;42423.406;42425.691;42426.972;42430.579;42430.579;42433.760;42434.074;42436.919;42440.453;42440.453;42443.567;42444.961;42445.586;42447.357;42447.828;42449.368;42449.368;42449.370;42450.062;42450.296;42450.876;42451.742;42451.819;42452.507;42452.507;42452.507;42452.507;42452.507;42452.507;42452.507;42452.507;42452.507;42452.507;42452.507;42452.507;42452.507;42452.507;42452.507;42452.507;42452.507;42452.507;42452.507;42452.507;42452.507;42452.507;42452.507;42452.507;42452.507;42452.507;42452.507;42452.507;42452.507;42452.507;42452.507;42452.507;42452.507;42457.189;42459.360;42461.400;42461.904;42463.813;42466.926;42469.160;42471.549;42473.467;42475.678;42477.362;42477.605;42478.679;42478.777;42480.307;42482.356;42483.452;42484.974;42486.490;42487.581;42488.686;42489.214;42490.041;42490.331;42491.086;42491.348;42491.889;42491.889;42491.889;42491.889;42491.889;42491.889;42491.889;42494.251;42504.785;42506.333;42507.745;42518.807;42528.927;42540.169;42540.169;42545.528;42549.138;42554.460;42556.116;42556.116;42586.409;42589.031;42591.559;42592.854;42594.594;42594.875;42597.380;42598.625;42599.490;42600.131;42600.403;42600.538;42600.968;42601.037;42601.074;42601.392;42601.392;42601.392;42601.392;42601.392;42601.392;42601.392;42601.392;42601.392;42601.392;42601.392;42601.392;42601.392;42601.392;42601.392;42601.392;42601.392;42601.392;42601.392;42601.392;42601.392;42601.392;42601.392;42601.392;42601.392;42601.392;42601.392;42601.392;42601.392;42601.392;42601.392;42601.392;42601.392;42601.392;42601.392;42601.392;42601.392;42601.392;42601.392;42601.392;42601.392;42601.392;42601.392;42601.392;42601.392;42601.392;42601.392;42601.392;42601.392;42601.392,5D,385.0
SSA,2,500,6,9,6030,random,6030,42109.404098662184,43892.27036810799,1782.8662694458035,True,391.70555776153844,1.6342795920000128,-302.502 -398.111;-398.875 301.494;131.407 482.214;188.149 -207.607;450.502 216.905;-42.129 131.046,nan;nan;nan;nan;nan;nan;nan;nan;nan;nan;nan;nan;nan;nan;nan;nan;nan;nan;nan;nan;nan;nan;nan;nan;nan;nan;nan;nan;nan;nan;nan;nan;nan;nan;nan;nan;nan;nan;nan;nan;nan;nan;nan;nan;nan;nan;nan;nan;nan;nan;nan;nan;nan;nan;nan;nan;nan;nan;nan;nan;nan;nan;nan;nan;nan;nan;nan;nan;nan;nan;nan;nan;nan;nan;nan;nan;nan;nan;nan;nan;nan;nan;nan;nan;nan;nan;nan;nan;nan;nan;nan;nan;nan;nan;nan;nan;nan;nan;nan;nan;42027.649;42058.762;42058.762;42064.738;42064.738;42064.738;42064.738;42072.032;42082.619;42082.619;42091.046;42091.046;42091.046;42091.046;42091.046;42091.046;42091.046;42091.046;42091.046;42091.046;42093.215;42095.302;42095.600;42096.859;42097.866;42099.090;42100.219;42100.804;42100.997;42101.810;42103.891;42104.831;42106.221;42107.249;42107.249;42107.405;42107.405;42108.407;42108.407;42108.407;42108.407;42108.407;42108.407;42108.407;42108.407;42108.448;42108.448;42108.630;42108.630;42108.706;42108.742;42108.828;42108.848;42108.848;42108.848;42109.019;42109.019;42109.019;42109.019;42109.031;42109.062;42109.070;42109.122;42109.185;42109.223;42109.266;42109.294;42109.313;42109.329;42109.341;42109.349;42109.354;42109.360;42109.368;42109.368;42109.368;42109.374;42109.374;42109.377;42109.380;42109.383;42109.388;42109.391;42109.394;42109.396;42109.398;42109.399;42109.399;42109.401;42109.402;42109.403;42109.403;42109.404;42109.404;42109.404;42109.404;42109.404;42109.404;42109.404;42109.404;42109.404,5D,385.0
LXSSA,2,500,6,19,6030,random,6030,42324.504032668665,43892.27036810799,1567.7663354393226,True,413.14187105753376,1.6354686829999991,384.366 -117.819;-419.580 -271.933;54.525 -480.481;-46.566 -28.513;401.580 294.964;-234.743 420.429,nan;nan;nan;nan;nan;nan;nan;nan;nan;nan;nan;nan;nan;nan;nan;nan;nan;nan;nan;nan;nan;nan;nan;nan;nan;nan;nan;nan;nan;nan;nan;nan;nan;nan;nan;nan;nan;nan;nan;nan;nan;nan;nan;nan;nan;nan;nan;nan;nan;nan;nan;nan;nan;nan;nan;nan;nan;nan;nan;nan;nan;nan;nan;42119.215;42119.215;42189.708;42189.708;42189.708;42189.708;42189.708;42189.708;42189.708;42189.708;42189.708;42189.708;42189.708;42189.708;42189.708;42189.708;42189.708;42189.708;42191.592;42191.592;42191.740;42191.740;42192.008;42192.008;42261.766;42261.766;42261.766;42261.766;42261.766;42261.766;42261.766;42261.766;42261.766;42261.766;42261.766;42261.766;42261.766;42261.766;42261.766;42261.766;42261.766;42275.119;42285.608;42285.608;42286.402;42286.402;42286.660;42286.660;42286.670;42296.613;42296.613;42296.613;42296.613;42296.993;42297.515;42303.256;42303.256;42303.256;42303.256;42304.015;42304.159;42305.462;42310.128;42310.128;42311.869;42311.869;42311.869;42312.715;42313.212;42314.055;42314.055;42315.980;42315.980;42316.029;42316.199;42316.199;42316.217;42316.724;42317.129;42317.186;42317.267;42317.267;42317.551;42317.767;42317.839;42317.878;42318.623;42318.623;42318.623;42318.849;42320.400;42320.400;42323.279;42323.279;42323.279;42323.405;42323.754;42323.754;42323.754;42323.805;42323.839;42323.839;42323.869;42323.877;42324.025;42324.025;42324.025;42324.040;42324.040;42324.053;42324.462;42324.462;42324.462;42324.473;42324.473;42324.480;42324.480;42324.485;42324.485;42324.486;42324.486;42324.487;42324.487;42324.489;42324.489;42324.491;42324.492;42324.492;42324.492;42324.493;42324.494;42324.494;42324.496;42324.496;42324.496;42324.496;42324.504;42324.504,5D,385.0
DE,2,500,6,29,6030,random,6030,41373.30566413319,43892.27036810799,2518.9647039747942,False,337.3510285797294,1.9386713840000027,-310.384 -57.664;232.221 262.999;-61.302 429.283;419.495 -222.340;63.579 -48.056;141.211 -418.869,nan;nan;nan;nan;nan;nan;nan;nan;nan;nan;nan;nan;nan;nan;nan;nan;nan;nan;nan;nan;nan;nan;nan;nan;nan;nan;nan;nan;nan;nan;nan;nan;nan;nan;nan;nan;nan;nan;nan;nan;nan;nan;nan;nan;nan;nan;nan;nan;nan;nan;nan;nan;nan;nan;nan;nan;nan;nan;nan;nan;nan;nan;nan;nan;nan;nan;nan;nan;nan;nan;nan;nan;nan;nan;nan;nan;nan;nan;nan;nan;nan;nan;nan;nan;nan;nan;nan;nan;nan;nan;nan;nan;nan;nan;nan;nan;nan;nan;nan;nan;nan;nan;nan;nan;nan;nan;nan;nan;nan;nan;nan;nan;nan;nan;nan;nan;nan;nan;nan;nan;nan;nan;nan;nan;nan;nan;nan;nan;nan;nan;nan;nan;nan;nan;nan;nan;nan;nan;nan;nan;nan;nan;nan;nan;nan;nan;nan;nan;nan;nan;nan;nan;nan;nan;nan;nan;nan;nan;nan;nan;nan;nan;nan;nan;nan;nan;nan;nan;nan;nan;nan;nan;nan;nan;nan;nan;nan;nan;nan;nan;nan;nan;nan;nan;nan;nan;nan;nan;nan;nan;nan;nan;nan;nan;nan;nan;nan;nan;nan;nan;nan,5D,385.0
