Algorithm,Dataset,Radius,Turbines,Seed,Budget,Init,Calls,Objective,Ideal,WakeLoss,Feasible,MinSpacing,Seconds,Coordinates,Curve,Spacing,SMin
SLSQP,1,1000,15,28,6030,random,6030,204692.43501762682,210686.06054602243,5993.6255283956125,True,462.12877132020816,5.675155270000687,236.260 964.138;969.304 -236.768;64.762 308.810;-185.868 -294.375;589.898 295.196;227.473 -530.957;-435.426 535.934;-141.296 -989.938;-895.848 444.348;512.494 -166.852;-242.323 964.816;-665.866 -745.382;656.565 754.269;-976.818 -103.064;-536.190 71.110,nan;nan;nan;nan;nan;nan;nan;nan;nan;nan;nan;nan;nan;nan;nan;nan;nan;nan;nan;nan;nan;nan;nan;204371.378;204624.631;204624.631;204624.631;204624.631;204624.631;204624.631;204624.631;204624.631;204692.435;204692.435;204692.435;204692.435;204692.435;204692.435;204692.435;204692.435;204692.435;204692.435;204692.435;204692.435;204692.435;204692.435;204692.435;204692.435;204692.435;204692.435;204692.435;204692.435;204692.435;204692.435;204692.435;204692.435;204692.435;204692.435;204692.435;204692.435;204692.435;204692.435;204692.435;204692.435;204692.435;204692.435;204692.435;204692.435;204692.435;204692.435;204692.435;204692.435;204692.435;204692.435;204692.435;204692.435;204692.435;204692.435;204692.435;204692.435;204692.435;204692.435;204692.435;204692.435;204692.435;204692.435;204692.435;204692.435;204692.435;204692.435;204692.435;204692.435;204692.435;204692.435;204692.435;204692.435;204692.435;204692.435;204692.435;204692.435;204692.435;204692.435;204692.435;204692.435;204692.435;204692.435;204692.435;204692.435;204692.435;204692.435;204692.435;204692.435;204692.435;204692.435;204692.435;204692.435;204692.435;204692.435;204692.435;204692.435;204692.435;204692.435;204692.435;204692.435;204692.435;204692.435;204692.435;204692.435;204692.435;204692.435;204692.435;204692.435;204692.435;204692.435;204692.435;204692.435;204692.435;204692.435;204692.435;204692.435;204692.435;204692.435;204692.435;204692.435;204692.435;204692.435;204692.435;204692.435;204692.435;204692.435;204692.435;204692.435;204692.435;204692.435;204692.435;204692.435;204692.435;204692.435;204692.435;204692.435;204692.435;204692.435;204692.435;204692.435;204692.435;204692.435;204692.435;204692.435;204692.435;204692.435;204692.435;204692.435;204692.435;204692.435;204692.435;204692.435;204692.435;204692.435;204692.435;204692.435;204692.435;204692.435;204692.435;204692.435;204692.435;204692.435;204692.435;204692.435;204692.435;204692.435;204692.435;204692.435;204692.435;204692.435;204692.435;204692.435;204692.435;204692.435;204692.435;204692.435;204692.435,6D,462.0
SSABV,1,1000,15,8,6030,random,6030,204696.0560583808,210686.06054602243,5990.004487641621,True,462.91372397228855,4.465624916998422,-194.670 514.594;68.045 -549.996;927.294 -374.090;510.722 -763.412;-102.249 -6.170;-535.508 -178.113;-398.864 -620.400;-627.889 342.817;-988.187 45.051;526.501 842.375;849.642 486.989;-852.398 -522.568;69.302 928.469;248.730 296.133;514.209 -85.727,nan;nan;nan;nan;nan;nan;nan;nan;nan;nan;nan;nan;nan;nan;nan;nan;nan;nan;nan;nan;nan;nan;nan;nan;nan;nan;nan;nan;nan;nan;nan;nan;nan;nan;nan;nan;nan;nan;nan;nan;nan;nan;nan;nan;nan;nan;nan;nan;nan;nan;nan;nan;nan;nan;nan;nan;nan;nan;nan;nan;nan;nan;nan;nan;nan;nan;nan;nan;nan;nan;nan;nan;nan;nan;nan;nan;nan;nan;nan;nan;nan;nan;nan;nan;nan;nan;nan;nan;nan;nan;nan;nan;nan;nan;nan;nan;nan;nan;nan;nan;nan;nan;nan;nan;nan;nan;nan;nan;nan;nan;nan;nan;nan;nan;nan;nan;nan;nan;nan;nan;nan;nan;nan;nan;nan;201365.042;201365.042;202614.944;202614.944;202711.107;202863.986;202960.140;202960.140;203026.506;203026.506;203060.657;203079.839;203106.716;203130.904;203190.162;203253.235;203323.698;203323.698;203391.649;203391.649;203420.346;203426.536;203455.246;203455.246;203526.734;203526.734;203574.614;203574.614;203703.514;203703.514;203748.338;203748.338;203748.338;203770.892;203770.892;203795.423;203795.423;203817.641;203829.255;203893.626;203893.626;203922.689;203922.689;203952.609;203952.609;203980.470;203980.470;203981.497;203981.497;203983.651;203983.651;204042.471;204042.471;204042.471;204126.330;204461.761;204545.615;204545.615;204569.138;204578.217;204601.739;204607.446;204630.968;204643.834;204667.356;204667.356;204676.316;204676.316;204676.316;204683.774;204683.774;204693.870;204693.870;204696.056;204696.056;204696.056,6D,462.0
RSDVNS,1,1000,15,18,6030,random,6030,203967.63701730466,210686.06054602243,6718.423528717773,True,465.153681281569,3.3675893119998364,915.184 -380.018;589.395 -713.585;345.145 253.960;-415.848 899.050;110.363 -975.151;-579.946 -416.447;-359.412 -825.999;-286.611 60.745;-0.695 582.789;810.943 580.968;-653.474 383.082;795.027 74.776;-924.316 -12.808;384.414 850.577;119.395 -210.288,nan;nan;nan;nan;nan;nan;nan;nan;nan;nan;nan;nan;nan;nan;nan;nan;nan;nan;nan;nan;nan;nan;nan;nan;nan;nan;nan;nan;nan;nan;nan;nan;nan;nan;nan;nan;nan;nan;nan;nan;nan;nan;nan;nan;nan;nan;nan;nan;nan;nan;nan;nan;nan;nan;nan;nan;nan;nan;nan;nan;nan;nan;nan;nan;nan;nan;nan;nan;nan;nan;nan;nan;nan;nan;nan;nan;nan;nan;nan;nan;nan;nan;nan;nan;nan;nan;nan;nan;nan;nan;nan;nan;nan;nan;nan;nan;nan;nan;nan;nan;nan;nan;nan;nan;nan;nan;nan;nan;nan;nan;nan;nan;nan;nan;nan;nan;nan;nan;nan;nan;nan;nan;nan;nan;nan;nan;nan;nan;nan;nan;nan;nan;nan;nan;nan;nan;nan;nan;nan;nan;nan;nan;nan;nan;nan;nan;nan;nan;nan;nan;nan;nan;nan;nan;nan;nan;nan;nan;nan;nan;nan;nan;nan;nan;nan;nan;nan;nan;nan;nan;nan;nan;202746.745;202746.745;202775.350;203595.943;203624.546;203648.878;203677.482;203692.850;203721.274;203721.274;203757.274;203757.274;203783.425;203783.425;203811.785;203812.875;203840.487;203840.487;203843.494;203853.244;203899.743;203899.743;203936.531;203936.531;203941.863;203959.515;203964.829;203964.829;203967.637,6D,462.0
BVNS,1,1000,15,28,6030,random,6030,203633.8306031015,210686.06054602243,7052.229942920938,True,464.1480549454354,2.8588423679993866,101.986 985.258;965.472 174.992;185.863 27.869;-375.300 -155.229;534.857 348.210;26.229 -409.542;-399.025 330.177;-80.599 -952.725;-797.896 586.469;652.021 -223.529;-388.308 897.158;-660.696 -733.230;565.134 820.991;-869.709 34.297;48.590 492.429,nan;nan;nan;nan;nan;nan;nan;nan;nan;nan;nan;nan;nan;nan;nan;nan;nan;nan;nan;nan;nan;nan;nan;nan;nan;nan;nan;nan;nan;nan;nan;nan;nan;nan;nan;nan;nan;nan;nan;nan;nan;nan;nan;nan;nan;nan;nan;nan;nan;nan;nan;nan;nan;nan;nan;nan;nan;nan;nan;nan;nan;nan;nan;nan;nan;nan;nan;nan;nan;nan;nan;nan;nan;nan;nan;nan;nan;nan;nan;nan;nan;nan;nan;nan;nan;nan;nan;nan;nan;nan;nan;nan;nan;nan;nan;nan;nan;nan;nan;nan;nan;nan;nan;nan;nan;nan;nan;nan;nan;nan;nan;nan;nan;nan;nan;nan;nan;nan;nan;nan;nan;nan;nan;nan;nan;nan;nan;nan;nan;nan;nan;nan;nan;nan;nan;nan;nan;nan;nan;nan;nan;nan;nan;nan;nan;nan;nan;nan;nan;nan;nan;nan;nan;nan;nan;nan;nan;nan;nan;202255.200;202255.200;202803.711;202957.726;203262.678;203262.678;203295.039;203332.825;203362.998;203362.998;203385.998;203385.998;203408.226;203408.226;203408.340;203429.634;203461.999;203461.999;203462.123;203476.792;203483.087;203491.084;203497.381;203505.347;203505.411;203518.118;203518.179;203524.336;203530.520;203559.926;203566.109;203573.666;203576.449;203579.617;203582.416;203585.462;203588.277;203604.096;203620.605;203620.605;203628.374;203633.831,6D,462.0
SSA,1,1000,15,8,6030,random,6030,199840.03266259105,210686.06054602243,10846.02788343138,False,418.74846488189183,3.059331053000278,618.181 785.291;-278.494 219.010;-400.971 -210.362;-200.693 630.468;82.957 -53.836;365.496 -930.655;-603.320 797.426;-456.289 -743.584;537.582 -120.440;622.848 333.596;-72.134 -974.750;-62.229 -520.576;574.602 -544.418;201.259 485.211;-954.052 146.669,nan;nan;nan;nan;nan;nan;nan;nan;nan;nan;nan;nan;nan;nan;nan;nan;nan;nan;nan;nan;nan;nan;nan;nan;nan;nan;nan;nan;nan;nan;nan;nan;nan;nan;nan;nan;nan;nan;nan;nan;nan;nan;nan;nan;nan;nan;nan;nan;nan;nan;nan;nan;nan;nan;nan;nan;nan;nan;nan;nan;nan;nan;nan;nan;nan;nan;nan;nan;nan;nan;nan;nan;nan;nan;nan;nan;nan;nan;nan;nan;nan;nan;nan;nan;nan;nan;nan;nan;nan;nan;nan;nan;nan;nan;nan;nan;nan;nan;nan;nan;nan;nan;nan;nan;nan;nan;nan;nan;nan;nan;nan;nan;nan;nan;nan;nan;nan;nan;nan;nan;nan;nan;nan;nan;nan;nan;nan;nan;nan;nan;nan;nan;nan;nan;nan;nan;nan;nan;nan;nan;nan;nan;nan;nan;nan;nan;nan;nan;nan;nan;nan;nan;nan;nan;nan;nan;nan;nan;nan;nan;nan;nan;nan;nan;nan;nan;nan;nan;nan;nan;nan;nan;nan;nan;nan;nan;nan;nan;nan;nan;nan;nan;nan;nan;nan;nan;nan;nan;nan;nan;nan;nan;nan;nan;nan;nan;nan;nan;nan;nan;nan,6D,462.0
LXSSA,1,1000,15,18,6030,random,6030,202160.83071260923,210686.06054602243,8525.229833413207,False,390.87802516641574,3.0420050930006255,278.756 549.075;389.920 -325.263;-889.815 -247.999;489.431 -824.836;343.842 934.496;-399.213 -307.133;-489.556 97.382;70.677 136.708;705.997 684.912;-655.248 749.237;-281.271 497.743;-689.721 -659.722;825.646 -453.213;-115.863 863.830;-14.865 -547.952,nan;nan;nan;nan;nan;nan;nan;nan;nan;nan;nan;nan;nan;nan;nan;nan;nan;nan;nan;nan;nan;nan;nan;nan;nan;nan;nan;nan;nan;nan;nan;nan;nan;nan;nan;nan;nan;nan;nan;nan;nan;nan;nan;nan;nan;nan;nan;nan;nan;nan;nan;nan;nan;nan;nan;nan;nan;nan;nan;nan;nan;nan;nan;nan;nan;nan;nan;nan;nan;nan;nan;nan;nan;nan;nan;nan;nan;nan;nan;nan;nan;nan;nan;nan;nan;nan;nan;nan;nan;nan;nan;nan;nan;nan;nan;nan;nan;nan;nan;nan;nan;nan;nan;nan;nan;nan;nan;nan;nan;nan;nan;nan;nan;nan;nan;nan;nan;nan;nan;nan;nan;nan;nan;nan;nan;nan;nan;nan;nan;nan;nan;nan;nan;nan;nan;nan;nan;nan;nan;nan;nan;nan;nan;nan;nan;nan;nan;nan;nan;nan;nan;nan;nan;nan;nan;nan;nan;nan;nan;nan;nan;nan;nan;nan;nan;nan;nan;nan;nan;nan;nan;nan;nan;nan;nan;nan;nan;nan;nan;nan;nan;nan;nan;nan;nan;nan;nan;nan;nan;nan;nan;nan;nan;nan;nan;nan;nan;nan;nan;nan;nan,6D,462.0
DE,1,1000,15,28,6030,random,6030,202688.30128876303,210686.06054602243,7997.7592572594,False,66.08512750420088,3.2471201680000377,287.709 -873.590;496.629 742.755;992.323 -111.221;82.110 -251.149;-235.648 338.384;-427.132 273.584;353.553 -521.002;-615.771 -744.924;-399.920 -197.542;-65.078 675.385;561.817 58.195;22.155 -223.352;281.393 327.360;-205.987 -713.149;-599.129 539.119,nan;nan;nan;nan;nan;nan;nan;nan;nan;nan;nan;nan;nan;nan;nan;nan;nan;nan;nan;nan;nan;nan;nan;nan;nan;nan;nan;nan;nan;nan;nan;nan;nan;nan;nan;nan;nan;nan;nan;nan;nan;nan;nan;nan;nan;nan;nan;nan;nan;nan;nan;nan;nan;nan;nan;nan;nan;nan;nan;nan;nan;nan;nan;nan;nan;nan;nan;nan;nan;nan;nan;nan;nan;nan;nan;nan;nan;nan;nan;nan;nan;nan;nan;nan;nan;nan;nan;nan;nan;nan;nan;nan;nan;nan;nan;nan;nan;nan;nan;nan;nan;nan;nan;nan;nan;nan;nan;nan;nan;nan;nan;nan;nan;nan;nan;nan;nan;nan;nan;nan;nan;nan;nan;nan;nan;nan;nan;nan;nan;nan;nan;nan;nan;nan;nan;nan;nan;nan;nan;nan;nan;nan;nan;nan;nan;nan;nan;nan;nan;nan;nan;nan;nan;nan;nan;nan;nan;nan;nan;nan;nan;nan;nan;nan;nan;nan;nan;nan;nan;nan;nan;nan;nan;nan;nan;nan;nan;nan;nan;nan;nan;nan;nan;nan;nan;nan;nan;nan;nan;nan;nan;nan;nan;nan;nan;nan;nan;nan;nan;nan;nan,6D,462.0
PSOBV,1,1000,15,8,6030,random,6030,207246.28495209792,210686.06054602243,3439.7755939245108,True,387.9355629130041,3.0142163399996207,-280.001 461.867;-221.267 -966.904;-79.504 -307.253;532.582 8.875;-674.576 720.402;155.797 563.892;282.728 -480.390;683.881 680.002;435.969 -892.945;923.438 -231.822;-675.379 -494.181;61.660 64.929;285.459 929.517;-987.527 -118.800;-445.028 -137.022,nan;nan;nan;nan;nan;nan;nan;nan;nan;nan;nan;nan;nan;nan;nan;nan;nan;nan;nan;nan;nan;nan;nan;nan;nan;nan;nan;nan;nan;nan;nan;nan;nan;nan;nan;nan;nan;nan;nan;nan;nan;nan;nan;nan;nan;nan;nan;nan;nan;nan;nan;nan;nan;nan;nan;nan;nan;nan;nan;nan;nan;nan;nan;nan;nan;nan;nan;nan;nan;nan;nan;nan;nan;nan;nan;nan;nan;nan;nan;nan;nan;nan;nan;nan;nan;nan;nan;nan;nan;nan;nan;nan;nan;nan;nan;nan;nan;nan;nan;nan;nan;nan;nan;nan;201358.068;202650.823;202842.585;204097.719;204097.719;204342.222;204342.222;204448.000;204522.763;204624.140;204624.140;204706.828;204706.828;204757.605;204788.802;205202.157;205202.157;205366.547;205366.547;205395.716;205542.621;205760.104;205761.842;205884.909;205884.909;205913.690;205913.690;205936.708;205936.708;206467.085;206467.085;206513.795;206513.795;206513.795;206536.682;206612.671;206612.671;206634.688;206641.008;206662.938;206662.938;206687.059;206687.059;206707.608;206707.608;206731.379;206731.379;206860.459;206860.459;206880.365;206892.801;206904.560;206912.086;206918.032;206920.014;206925.868;206925.868;206931.257;206931.257;206945.020;206945.020;206945.020;206945.020;207002.215;207002.215;207045.712;207045.712;207078.504;207078.504;207089.482;207107.810;207118.788;207118.788;207135.118;207135.118;207153.208;207153.208;207178.186;207178.186;207195.813;207195.813;207195.813;207201.212;207201.212;207203.925;207203.925;207204.398;207207.541;207207.541;207207.541;207207.541;207226.514;207226.514;207234.646;207234.646;207246.285;207246.285,5D,385.0
SSABV,1,1000,15,18,6030,random,6030,202841.06787194117,210686.06054602243,7844.992674081266,True,385.1038162250808,2.7810480469997856,124.117 -633.520;-133.016 -314.468;-400.023 736.961;198.161 -77.170;886.006 322.165;-484.707 347.787;288.440 538.899;681.955 -319.159;-93.996 474.295;-603.608 -635.771;-24.735 862.394;-812.769 124.529;-560.800 -217.221;-211.537 76.340;353.777 933.915,nan;nan;nan;nan;nan;nan;nan;nan;nan;nan;nan;nan;nan;nan;nan;nan;nan;nan;nan;nan;nan;nan;nan;nan;nan;nan;nan;nan;nan;nan;nan;nan;nan;nan;nan;nan;nan;nan;nan;nan;nan;nan;nan;nan;nan;nan;nan;nan;nan;nan;nan;nan;nan;nan;nan;nan;nan;nan;nan;nan;nan;nan;nan;nan;nan;nan;nan;nan;nan;nan;nan;nan;nan;nan;nan;nan;nan;nan;nan;nan;nan;nan;nan;nan;nan;nan;nan;nan;nan;nan;nan;nan;nan;nan;nan;nan;nan;nan;nan;nan;nan;nan;nan;nan;nan;nan;nan;nan;nan;nan;nan;nan;nan;nan;nan;nan;nan;nan;nan;nan;nan;nan;nan;nan;200901.523;200953.874;200953.874;201000.733;201000.895;201047.784;201047.784;201088.760;201088.760;201121.227;201121.227;201131.928;201131.928;201154.673;201154.673;201161.722;201161.722;201165.432;201167.706;201171.390;201233.839;201249.481;201274.285;201277.939;201289.436;201293.075;201295.673;201299.312;201301.439;201315.497;201322.936;201325.588;201325.845;201331.161;201989.548;201994.863;202461.260;202487.312;202487.312;202492.628;202499.086;202501.709;202502.734;202505.342;202505.342;202507.323;202507.323;202508.694;202509.248;202510.618;202510.618;202778.227;202778.227;202781.674;202781.674;202782.693;202782.693;202785.288;202785.288;202821.389;202821.389;202822.396;202822.396;202824.360;202824.360;202826.976;202826.976;202827.971;202827.971;202837.322;202837.322;202838.234;202838.234;202840.166;202840.166;202841.068;202841.068,5D,385.0
RSDVNS,1,1000,15,28,6030,random,6030,207174.58163490344,210686.06054602243,3511.4789111189893,True,387.8819545229993,2.993555152999761,574.786 680.139;-536.964 -226.747;963.544 253.851;222.713 -383.893;-755.101 612.656;-794.316 72.424;-389.132 420.563;562.564 -691.068;191.533 -939.683;-140.290 123.022;874.645 -434.221;-144.548 -561.625;228.198 451.769;576.611 -69.556;-838.828 -505.003,nan;nan;nan;nan;nan;nan;nan;nan;nan;nan;nan;nan;nan;nan;nan;nan;nan;nan;nan;nan;nan;nan;nan;nan;nan;nan;nan;nan;nan;nan;nan;nan;nan;nan;nan;nan;nan;nan;nan;nan;nan;nan;nan;nan;nan;nan;nan;nan;nan;nan;nan;nan;nan;nan;nan;nan;nan;nan;nan;nan;nan;nan;nan;nan;nan;nan;nan;nan;nan;nan;nan;nan;nan;nan;nan;nan;nan;nan;nan;nan;nan;nan;nan;nan;nan;nan;nan;nan;nan;nan;nan;nan;nan;nan;nan;nan;nan;nan;nan;nan;nan;nan;nan;nan;nan;nan;nan;nan;nan;nan;nan;nan;nan;nan;nan;nan;nan;nan;nan;nan;nan;nan;nan;nan;nan;nan;nan;nan;200942.546;202447.817;202499.689;202857.794;203639.558;203639.558;203750.937;203753.734;203864.241;203864.241;203921.116;203921.116;203981.971;204440.760;204492.650;204492.650;204541.950;204541.950;204718.582;204718.582;205159.188;205159.188;206014.036;206014.036;206068.399;206088.865;206205.691;206251.415;206292.660;206355.492;206392.098;206392.098;206471.337;206471.337;206525.384;206525.384;206568.942;206568.942;206574.355;206600.556;206649.828;206649.828;206658.370;206676.347;206704.566;206708.839;206760.320;206760.320;206769.194;206799.060;206807.935;206876.660;206885.535;206908.378;206917.146;206964.894;206969.618;206989.438;206994.147;207026.145;207030.855;207030.855;207096.462;207096.462;207096.462;207096.462;207096.462;207119.496;207125.096;207148.140;207151.538;207174.582;207174.582,5D,385.0
PSOC,1,1000,15,8,6030,random,6030,206490.39962819478,210686.06054602243,4195.660917827656,True,386.18953099108154,2.8596594400005415,-367.735 235.470;-106.204 -797.953;-84.330 -325.774;478.472 -39.030;-675.504 600.135;78.752 460.425;279.569 -506.783;679.901 673.148;471.366 -874.235;934.145 -276.050;-739.313 -521.371;44.541 40.849;250.474 806.335;-893.097 -117.149;-441.532 -148.241,nan;nan;nan;nan;nan;nan;nan;nan;nan;nan;nan;nan;nan;nan;nan;nan;nan;nan;nan;nan;nan;nan;nan;nan;nan;nan;nan;nan;nan;nan;nan;nan;nan;nan;nan;nan;nan;nan;nan;nan;nan;nan;nan;nan;nan;nan;nan;nan;nan;nan;nan;nan;nan;nan;nan;nan;nan;nan;nan;nan;nan;nan;nan;nan;nan;nan;nan;nan;nan;nan;nan;nan;nan;nan;nan;nan;nan;nan;nan;nan;nan;nan;nan;nan;nan;nan;nan;nan;nan;nan;nan;nan;nan;nan;nan;nan;nan;nan;nan;nan;nan;nan;nan;nan;nan;199954.930;201063.321;202732.681;204170.286;204170.286;204170.286;204170.286;204170.286;204170.286;204170.286;204170.286;204170.286;204170.286;204170.286;204944.312;204944.312;205064.009;205064.009;205064.009;205064.009;205064.009;205064.009;205064.009;205113.121;205113.121;205269.171;205269.171;205269.171;205269.171;205269.171;205269.171;205269.171;205269.171;205269.171;205269.171;205269.171;205269.171;205269.171;205269.171;205269.171;205594.615;205814.115;205814.115;205814.115;205814.115;205886.592;205886.592;205886.592;205886.592;205886.592;205903.156;205903.156;206172.750;206172.750;206172.750;206172.750;206293.325;206293.325;206293.325;206429.456;206429.456;206429.456;206429.456;206445.014;206445.014;206445.014;206445.014;206445.014;206445.014;206457.676;206457.676;206470.113;206470.113;206470.113;206470.113;206470.113;206470.113;206470.113;206470.113;206470.113;206472.521;206472.521;206478.857;206478.857;206478.857;206478.857;206478.857;206478.857;206483.246;206483.246;206484.433;206484.433;206484.433;206485.525;206490.400;206490.400,5D,385.0
SSA,1,1000,15,18,6030,random,6030,203538.65374722818,210686.06054602243,7147.406798794254,True,398.78570509781156,3.0218687530013995,469.702 -310.918;873.776 402.079;224.641 42.242;-409.513 -609.666;221.412 845.265;-910.517 360.659;640.287 58.163;594.862 -695.189;-647.633 671.142;-166.101 121.932;-480.811 -133.191;-827.746 -522.131;18.051 485.686;180.448 -600.707;-121.648 -322.410,nan;nan;nan;nan;nan;nan;nan;nan;nan;nan;nan;nan;nan;nan;nan;nan;nan;nan;nan;nan;nan;nan;nan;nan;nan;nan;nan;nan;nan;nan;nan;nan;nan;nan;nan;nan;nan;nan;nan;nan;nan;nan;nan;nan;nan;nan;nan;nan;nan;nan;nan;nan;nan;nan;nan;nan;nan;nan;nan;nan;nan;nan;nan;nan;nan;nan;nan;nan;nan;nan;nan;nan;nan;nan;nan;nan;nan;nan;nan;nan;nan;nan;nan;nan;nan;nan;nan;nan;nan;nan;nan;nan;nan;nan;nan;nan;nan;nan;nan;nan;nan;nan;nan;nan;nan;nan;nan;nan;nan;nan;nan;nan;nan;nan;nan;nan;nan;201591.209;201593.773;201593.773;201612.492;202894.752;203203.347;203232.507;203232.507;203263.557;203290.388;203325.439;203329.129;203351.323;203366.045;203376.881;203388.954;203392.880;203395.113;203434.646;203440.853;203447.187;203452.689;203454.903;203461.440;203500.018;203500.018;203501.362;203503.817;203505.889;203513.062;203514.200;203516.926;203519.174;203520.686;203520.686;203521.294;203532.600;203533.676;203534.943;203535.406;203535.856;203536.024;203536.631;203536.922;203537.200;203537.200;203537.379;203537.379;203537.383;203537.633;203537.730;203537.865;203537.949;203538.003;203538.081;203538.155;203538.245;203538.285;203538.319;203538.347;203538.375;203538.415;203538.447;203538.489;203538.514;203538.538;203538.552;203538.566;203538.576;203538.586;203538.603;203538.611;203538.615;203538.625;203538.631;203538.634;203538.638;203538.641;203538.644;203538.647;203538.650;203538.652;203538.653;203538.654,5D,385.0
LXSSA,1,1000,15,28,6030,random,6030,197791.0595436661,210686.06054602243,12895.001002356323,True,385.0039294018051,4.025349898000059,173.918 661.257;-187.294 -209.138;928.215 331.199;907.050 -287.001;-51.143 -737.893;-127.720 418.929;633.121 720.109;540.562 346.397;277.037 -232.110;618.182 -31.885;-254.955 824.455;315.941 -617.909;-687.066 -663.208;-792.766 -292.153;210.680 147.318,nan;nan;nan;nan;nan;nan;nan;nan;nan;nan;nan;nan;nan;nan;nan;nan;nan;nan;nan;nan;nan;nan;nan;nan;nan;nan;nan;nan;nan;nan;nan;nan;nan;nan;nan;nan;nan;nan;nan;nan;nan;nan;nan;nan;nan;nan;nan;nan;nan;nan;nan;nan;nan;nan;nan;nan;nan;nan;nan;nan;nan;nan;nan;nan;nan;nan;nan;nan;nan;nan;nan;nan;nan;nan;nan;nan;nan;nan;nan;nan;nan;nan;nan;nan;nan;nan;nan;nan;nan;nan;nan;nan;nan;nan;nan;nan;nan;nan;nan;nan;nan;nan;nan;nan;nan;nan;nan;nan;nan;nan;nan;nan;nan;nan;nan;nan;nan;nan;nan;nan;nan;nan;nan;nan;nan;nan;nan;nan;nan;nan;nan;nan;nan;nan;nan;nan;nan;nan;nan;nan;nan;nan;nan;nan;nan;nan;nan;nan;nan;nan;nan;nan;nan;nan;nan;197782.397;197782.397;197783.631;197783.631;197783.631;197784.024;197784.518;197784.518;197784.936;197785.292;197787.409;197787.409;197787.596;197787.661;197787.661;197787.928;197788.216;197788.216;197788.711;197788.711;197789.535;197789.535;197789.535;197789.609;197789.609;197789.647;197789.711;197789.711;197789.865;197789.865;197790.788;197790.788;197791.016;197791.016;197791.016;197791.025;197791.025;197791.034;197791.034;197791.044;197791.044;197791.050;197791.057;197791.057;197791.057;197791.060,5D,385.0
SLSQP,2,1000,15,8,6030,random,6030,104046.08981153142,109730.67592026998,5684.5861087385565,True,464.82478231789116,5.325427997999213,49.615 578.904;-680.434 731.923;862.557 493.176;217.957 -973.661;-986.823 -149.805;21.244 49.049;30.901 -530.498;833.450 28.078;-799.198 277.006;514.312 857.566;-445.425 -895.193;-456.955 -281.457;505.834 -459.128;431.339 302.463;-811.794 -581.708,nan;nan;nan;nan;nan;nan;nan;nan;nan;nan;nan;nan;nan;nan;nan;nan;nan;nan;nan;nan;nan;nan;nan;nan;nan;nan;nan;nan;nan;nan;nan;nan;nan;nan;nan;nan;103884.562;103884.562;103944.551;103970.403;103970.411;103970.411;103970.421;103970.454;103970.513;103970.513;103970.583;103970.655;103977.300;103995.256;103999.833;104008.097;104008.283;104008.283;104008.577;104008.676;104008.710;104008.766;104008.766;104008.781;104008.801;104008.801;104008.801;104008.801;104008.801;104046.066;104046.066;104046.066;104046.066;104046.066;104046.066;104046.066;104046.066;104046.066;104046.066;104046.066;104046.066;104046.066;104046.066;104046.066;104046.066;104046.066;104046.066;104046.066;104046.066;104046.066;104046.066;104046.066;104046.066;104046.066;104046.066;104046.066;104046.066;104046.066;104046.066;104046.070;104046.070;104046.078;104046.086;104046.090;104046.090;104046.090;104046.090;104046.090;104046.090;104046.090;104046.090;104046.090;104046.090;104046.090;104046.090;104046.090;104046.090;104046.090;104046.090;104046.090;104046.090;104046.090;104046.090;104046.090;104046.090;104046.090;104046.090;104046.090;104046.090;104046.090;104046.090;104046.090;104046.090;104046.090;104046.090;104046.090;104046.090;104046.090;104046.090;104046.090;104046.090;104046.090;104046.090;104046.090;104046.090;104046.090;104046.090;104046.090;104046.090;104046.090;104046.090;104046.090;104046.090;104046.090;104046.090;104046.090;104046.090;104046.090;104046.090;104046.090;104046.090;104046.090;104046.090;104046.090;104046.090;104046.090;104046.090;104046.090;104046.090;104046.090;104046.090;104046.090;104046.090;104046.090;104046.090;104046.090;104046.090;104046.090;104046.090;104046.090;104046.090;104046.090;104046.090;104046.090;104046.090;104046.090;104046.090;104046.090;104046.090;104046.090;104046.090;104046.090;104046.090;104046.090;104046.090;104046.090;104046.090;104046.090;104046.090;104046.090;104046.090;104046.090;104046.090;104046.090;104046.090,6D,462.0
PSOBV,2,1000,15,18,6030,random,6030,105554.85081065087,109730.67592026998,4175.825109619109,True,473.325795864506,3.6473710469999787,-82.475 455.556;979.303 -26.970;349.647 10.403;810.579 -553.692;-946.628 -185.844;-750.786 -652.020;476.629 815.398;-892.391 449.278;797.210 462.810;-454.671 153.182;350.047 -804.592;-126.284 -980.668;-86.049 -314.471;-69.961 976.334;-585.759 809.853,nan;nan;nan;nan;nan;nan;nan;nan;nan;nan;nan;nan;nan;nan;nan;nan;nan;nan;nan;nan;nan;nan;nan;nan;nan;nan;nan;nan;nan;nan;nan;nan;nan;nan;nan;nan;nan;nan;nan;nan;nan;nan;nan;nan;nan;nan;nan;nan;nan;nan;nan;nan;nan;nan;nan;nan;nan;nan;nan;nan;nan;nan;nan;nan;nan;nan;nan;nan;nan;nan;nan;nan;nan;nan;nan;nan;nan;nan;nan;nan;nan;nan;nan;nan;nan;nan;nan;nan;nan;nan;nan;nan;nan;nan;nan;nan;nan;nan;nan;nan;nan;nan;nan;nan;nan;102872.215;102872.215;102973.052;103256.472;103403.639;103563.599;103605.011;103759.931;103808.624;103883.033;104014.910;104014.910;104063.383;104141.184;104189.657;104189.657;104210.723;104210.723;104223.316;104357.183;104455.471;104455.471;104501.417;104501.417;104505.676;104511.956;104515.528;104518.000;104518.000;104518.000;104570.354;104587.810;104640.172;104640.172;104645.993;104659.790;104665.828;104754.962;104761.157;104762.385;104769.007;104769.007;104771.999;104774.845;104777.835;104777.835;104777.835;104782.771;104878.800;104882.923;104882.923;104902.047;104902.047;104915.354;104934.504;104934.504;104938.347;104938.347;104947.332;104947.332;104947.332;104969.088;104978.174;104993.314;104993.314;105039.572;105039.572;105043.080;105186.460;105186.460;105186.460;105246.676;105246.676;105250.202;105250.202;105250.202;105263.312;105465.766;105478.876;105483.066;105496.003;105496.003;105505.012;105505.012;105508.076;105508.076;105510.237;105510.689;105512.853;105513.195;105515.363;105515.363;105552.112;105552.830;105553.607;105554.851,6D,462.0
SSABV,2,1000,15,28,6030,random,6030,104851.30545346782,109730.67592026998,4879.370466802153,True,468.14734287937694,2.9709617309999885,-321.927 918.528;-269.306 -427.958;27.144 -989.138;-343.793 439.865;378.815 912.713;-523.979 -25.767;284.914 -598.348;-773.915 632.448;-979.342 151.227;163.602 368.936;-567.868 -823.056;117.904 -142.945;699.949 -47.773;795.826 596.805;-897.151 -422.739,nan;nan;nan;nan;nan;nan;nan;nan;nan;nan;nan;nan;nan;nan;nan;nan;nan;nan;nan;nan;nan;nan;nan;nan;nan;nan;nan;nan;nan;nan;nan;nan;nan;nan;nan;nan;nan;nan;nan;nan;nan;nan;nan;nan;nan;nan;nan;nan;nan;nan;nan;nan;nan;nan;nan;nan;nan;nan;nan;nan;nan;nan;nan;nan;nan;nan;nan;nan;nan;nan;nan;nan;nan;nan;nan;nan;nan;nan;nan;nan;nan;nan;nan;nan;nan;nan;nan;nan;nan;nan;nan;nan;nan;nan;nan;nan;nan;nan;nan;nan;nan;nan;nan;nan;nan;nan;nan;nan;nan;nan;nan;nan;nan;nan;nan;nan;nan;nan;nan;nan;nan;nan;nan;nan;nan;nan;nan;nan;nan;nan;nan;nan;nan;nan;nan;nan;nan;nan;nan;nan;nan;nan;103455.407;103519.787;103750.341;103814.484;103860.397;103924.786;103924.786;104093.899;104093.899;104150.970;104150.970;104281.223;104281.223;104299.234;104332.463;104350.303;104395.028;104412.937;104457.158;104489.710;104489.710;104547.129;104547.129;104604.397;104604.397;104619.976;104619.976;104624.726;104624.726;104624.726;104624.726;104683.046;104701.091;104759.427;104759.427;104759.427;104771.990;104771.990;104771.990;104784.942;104784.942;104789.349;104797.104;104801.507;104806.131;104810.524;104812.186;104816.578;104816.578;104820.837;104820.837;104827.850;104827.850;104847.565;104847.565;104851.305;104851.305;104851.305;104851.305,6D,462.0
BVNS,2,1000,15,8,6030,random,6030,104485.41861435448,109730.67592026998,5245.2573059154965,True,463.4681011509301,2.8663037980004447,-76.982 501.013;-432.912 837.113;849.918 510.442;173.468 -984.555;-993.409 113.161;59.113 38.964;161.017 -423.144;991.884 69.252;-806.918 538.781;467.320 877.190;-618.877 -724.878;-497.929 -118.085;559.127 -119.748;403.189 358.563;-928.479 -349.074,nan;nan;nan;nan;nan;nan;nan;nan;nan;nan;nan;nan;nan;nan;nan;nan;nan;nan;nan;nan;nan;nan;nan;nan;nan;nan;nan;nan;nan;nan;nan;nan;nan;nan;nan;nan;nan;nan;nan;nan;nan;nan;nan;nan;nan;nan;nan;nan;nan;nan;nan;nan;nan;nan;nan;nan;nan;nan;nan;nan;nan;nan;nan;nan;nan;nan;nan;nan;nan;nan;nan;nan;nan;nan;nan;nan;nan;nan;nan;nan;nan;nan;nan;nan;nan;nan;nan;nan;nan;nan;nan;nan;nan;nan;nan;nan;nan;nan;nan;nan;nan;nan;nan;nan;nan;nan;nan;nan;nan;nan;nan;nan;nan;nan;nan;nan;nan;nan;nan;nan;nan;nan;nan;nan;nan;nan;nan;nan;nan;nan;nan;nan;nan;nan;nan;nan;nan;nan;nan;nan;nan;nan;nan;nan;nan;nan;nan;nan;nan;nan;nan;103311.992;103311.992;103593.308;103707.107;103822.166;103822.166;104095.188;104153.754;104221.830;104221.830;104256.018;104256.018;104278.503;104278.503;104281.036;104283.800;104286.335;104286.548;104293.610;104333.785;104340.895;104340.895;104346.265;104346.265;104374.012;104405.557;104433.304;104433.304;104435.007;104435.742;104437.445;104438.056;104439.758;104440.001;104441.706;104441.918;104443.624;104443.806;104445.515;104445.667;104447.378;104447.378;104449.071;104449.071;104450.747;104450.747;104452.406;104452.406;104485.419;104485.419,6D,462.0
PSOC,2,1000,15,18,6030,random,6030,104382.9306821036,109730.67592026998,5347.745238166375,True,464.16160141956493,3.0310015070008376,-14.492 419.771;944.080 -19.453;301.171 78.090;779.331 -557.547;-860.845 -174.372;-624.095 -653.877;398.273 914.785;-897.837 409.188;841.486 526.823;-478.070 135.313;340.987 -717.061;-66.220 -985.964;-163.850 -309.171;-97.953 965.916;-532.705 695.761,nan;nan;nan;nan;nan;nan;nan;nan;nan;nan;nan;nan;nan;nan;nan;nan;nan;nan;nan;nan;nan;nan;nan;nan;nan;nan;nan;nan;nan;nan;nan;nan;nan;nan;nan;nan;nan;nan;nan;nan;nan;nan;nan;nan;nan;nan;nan;nan;nan;nan;nan;nan;nan;nan;nan;nan;nan;nan;nan;nan;nan;nan;nan;nan;nan;nan;nan;nan;nan;nan;nan;nan;nan;nan;nan;nan;nan;nan;nan;nan;nan;nan;nan;nan;nan;nan;nan;nan;nan;nan;nan;nan;nan;nan;nan;nan;nan;nan;nan;nan;nan;nan;nan;nan;nan;nan;nan;nan;nan;102909.092;103247.501;103560.638;103696.938;103696.938;103696.938;103696.938;103696.938;103883.009;103883.009;103988.332;103988.332;103988.332;103988.332;103988.332;103988.332;103988.332;103988.332;103988.332;103988.332;103988.332;103988.332;103988.332;103988.332;103988.332;103994.327;103994.327;103994.327;103994.327;103994.327;104000.264;104000.264;104000.264;104000.264;104000.264;104000.264;104000.264;104000.264;104032.528;104032.528;104032.528;104032.528;104032.528;104088.446;104088.446;104148.631;104148.631;104148.631;104148.631;104148.631;104148.631;104148.631;104148.631;104148.631;104153.329;104153.329;104153.329;104208.277;104208.277;104211.052;104211.052;104211.052;104211.052;104211.052;104211.052;104233.097;104233.097;104233.097;104233.097;104233.097;104233.097;104233.097;104233.097;104233.097;104235.140;104235.140;104235.140;104238.244;104249.521;104249.521;104379.086;104379.086;104379.086;104379.086;104379.086;104379.086;104380.136;104380.136;104380.136;104380.136;104382.931;104382.931,6D,462.0
SSA,2,1000,15,28,6030,random,6030,102296.55234584221,109730.67592026998,7434.123574427766,False,395.65651784015233,3.235448510999049,-266.758 886.749;-379.975 -301.629;-141.250 -887.448;-313.095 145.195;378.542 558.988;-722.150 346.599;320.194 -586.998;-673.436 739.245;-898.786 -436.879;-69.108 508.287;-558.702 -709.805;61.771 -158.934;715.764 -363.170;530.400 90.988;-719.136 -55.106,nan;nan;nan;nan;nan;nan;nan;nan;nan;nan;nan;nan;nan;nan;nan;nan;nan;nan;nan;nan;nan;nan;nan;nan;nan;nan;nan;nan;nan;nan;nan;nan;nan;nan;nan;nan;nan;nan;nan;nan;nan;nan;nan;nan;nan;nan;nan;nan;nan;nan;nan;nan;nan;nan;nan;nan;nan;nan;nan;nan;nan;nan;nan;nan;nan;nan;nan;nan;nan;nan;nan;nan;nan;nan;nan;nan;nan;nan;nan;nan;nan;nan;nan;nan;nan;nan;nan;nan;nan;nan;nan;nan;nan;nan;nan;nan;nan;nan;nan;nan;nan;nan;nan;nan;nan;nan;nan;nan;nan;nan;nan;nan;nan;nan;nan;nan;nan;nan;nan;nan;nan;nan;nan;nan;nan;nan;nan;nan;nan;nan;nan;nan;nan;nan;nan;nan;nan;nan;nan;nan;nan;nan;nan;nan;nan;nan;nan;nan;nan;nan;nan;nan;nan;nan;nan;nan;nan;nan;nan;nan;nan;nan;nan;nan;nan;nan;nan;nan;nan;nan;nan;nan;nan;nan;nan;nan;nan;nan;nan;nan;nan;nan;nan;nan;nan;nan;nan;nan;nan;nan;nan;nan;nan;nan;nan;nan;nan;nan;nan;nan;nan,6D,462.0
DE,2,1000,15,8,6030,random,6030,99042.06370814399,109730.67592026998,10688.612212125983,False,195.74477773582868,4.415410182000414,-298.451 -649.084;-80.580 439.374;242.496 -595.809;-550.017 516.553;247.558 -323.531;-88.344 -900.662;460.721 -739.351;-978.088 160.501;625.429 545.674;-370.742 831.668;122.030 658.632;216.081 41.235;315.822 686.211;-204.130 -264.680;-755.397 -266.728,nan;nan;nan;nan;nan;nan;nan;nan;nan;nan;nan;nan;nan;nan;nan;nan;nan;nan;nan;nan;nan;nan;nan;nan;nan;nan;nan;nan;nan;nan;nan;nan;nan;nan;nan;nan;nan;nan;nan;nan;nan;nan;nan;nan;nan;nan;nan;nan;nan;nan;nan;nan;nan;nan;nan;nan;nan;nan;nan;nan;nan;nan;nan;nan;nan;nan;nan;nan;nan;nan;nan;nan;nan;nan;nan;nan;nan;nan;nan;nan;nan;nan;nan;nan;nan;nan;nan;nan;nan;nan;nan;nan;nan;nan;nan;nan;nan;nan;nan;nan;nan;nan;nan;nan;nan;nan;nan;nan;nan;nan;nan;nan;nan;nan;nan;nan;nan;nan;nan;nan;nan;nan;nan;nan;nan;nan;nan;nan;nan;nan;nan;nan;nan;nan;nan;nan;nan;nan;nan;nan;nan;nan;nan;nan;nan;nan;nan;nan;nan;nan;nan;nan;nan;nan;nan;nan;nan;nan;nan;nan;nan;nan;nan;nan;nan;nan;nan;nan;nan;nan;nan;nan;nan;nan;nan;nan;nan;nan;nan;nan;nan;nan;nan;nan;nan;nan;nan;nan;nan;nan;nan;nan;nan;nan;nan;nan;nan;nan;nan;nan;nan,6D,462.0
SLSQP,2,1000,15,18,6030,random,6030,104004.7071652516,109730.67592026998,5725.9687550183735,True,400.5039293499163,5.7784939739995025,190.985 492.919;784.803 -513.898;-494.588 -798.368;-523.995 849.699;96.913 995.133;83.381 -879.104;-304.671 514.032;-990.292 -92.324;505.899 859.657;-788.871 549.293;338.824 -499.735;-731.740 -433.592;307.966 -17.503;630.510 421.939;-483.277 125.056,nan;nan;nan;nan;nan;102186.437;102435.832;102446.680;102843.162;102844.520;102844.536;102844.536;102926.668;102926.668;102926.668;102926.668;102926.668;102926.668;102926.668;102926.668;102926.668;103649.218;103649.218;103649.312;103683.825;103683.825;103683.825;103683.825;103683.825;103683.825;103683.825;103683.825;103683.825;103683.825;103683.825;103683.825;103683.825;103683.825;103683.825;103683.825;103683.825;103683.825;103683.825;103690.604;103884.647;103884.647;104004.707;104004.707;104004.707;104004.707;104004.707;104004.707;104004.707;104004.707;104004.707;104004.707;104004.707;104004.707;104004.707;104004.707;104004.707;104004.707;104004.707;104004.707;104004.707;104004.707;104004.707;104004.707;104004.707;104004.707;104004.707;104004.707;104004.707;104004.707;104004.707;104004.707;104004.707;104004.707;104004.707;104004.707;104004.707;104004.707;104004.707;104004.707;104004.707;104004.707;104004.707;104004.707;104004.707;104004.707;104004.707;104004.707;104004.707;104004.707;104004.707;104004.707;104004.707;104004.707;104004.707;104004.707;104004.707;104004.707;104004.707;104004.707;104004.707;104004.707;104004.707;104004.707;104004.707;104004.707;104004.707;104004.707;104004.707;104004.707;104004.707;104004.707;104004.707;104004.707;104004.707;104004.707;104004.707;104004.707;104004.707;104004.707;104004.707;104004.707;104004.707;104004.707;104004.707;104004.707;104004.707;104004.707;104004.707;104004.707;104004.707;104004.707;104004.707;104004.707;104004.707;104004.707;104004.707;104004.707;104004.707;104004.707;104004.707;104004.707;104004.707;104004.707;104004.707;104004.707;104004.707;104004.707;104004.707;104004.707;104004.707;104004.707;104004.707;104004.707;104004.707;104004.707;104004.707;104004.707;104004.707;104004.707;104004.707;104004.707;104004.707;104004.707;104004.707;104004.707;104004.707;104004.707;104004.707;104004.707;104004.707;104004.707;104004.707;104004.707;104004.707;104004.707;104004.707;104004.707;104004.707;104004.707;104004.707;104004.707;104004.707;104004.707;104004.707;104004.707;104004.707;104004.707;104004.707;104004.707;104004.707;104004.707;104004.707;104004.707;104004.707;104004.707;104004.707,5D,385.0
PSOBV,2,1000,15,28,6030,random,6030,104118.80529857951,109730.67592026998,5611.870621690468,True,388.0422673112994,3.824263314001655,991.406 -87.005;505.666 -141.158;-114.851 -760.115;175.363 922.751;-267.903 961.562;-924.602 379.898;-489.649 607.721;-286.931 -270.196;239.445 164.935;521.167 746.694;857.048 -508.335;127.642 -312.463;-81.424 387.350;703.282 318.540;-848.976 -50.723,nan;nan;nan;nan;nan;nan;nan;nan;nan;nan;nan;nan;nan;nan;nan;nan;nan;nan;nan;nan;nan;nan;nan;nan;nan;nan;nan;nan;nan;nan;nan;nan;nan;nan;nan;nan;nan;nan;nan;nan;nan;nan;nan;nan;nan;nan;nan;nan;nan;nan;nan;nan;nan;nan;nan;nan;nan;nan;nan;nan;nan;nan;nan;nan;nan;nan;nan;nan;nan;nan;nan;nan;nan;nan;nan;nan;nan;nan;nan;nan;nan;nan;nan;nan;nan;nan;nan;nan;nan;nan;nan;nan;nan;nan;nan;nan;nan;nan;nan;nan;nan;nan;101118.011;101678.522;101678.522;101769.450;101986.586;102007.814;102250.907;102272.127;102331.436;102352.649;102373.151;102448.330;102500.241;102767.321;102767.321;102814.748;102970.723;102992.880;103079.390;103101.720;103126.227;103148.568;103162.541;103185.130;103185.130;103342.721;103342.721;103356.026;103363.074;103472.959;103472.959;103498.362;103511.718;103614.236;103614.236;103614.236;103614.236;103615.408;103658.478;103659.609;103659.609;103659.609;103717.827;103717.827;103717.827;103761.587;103761.587;103779.459;103779.459;103833.645;103833.645;103849.269;103849.269;103855.586;103859.118;103865.437;103884.605;103890.974;103891.360;103897.836;103897.934;103904.512;103904.512;103909.373;103910.171;103915.027;103927.550;103932.408;103932.408;103938.575;103938.575;103938.575;103938.575;103951.341;104063.067;104075.833;104075.833;104083.789;104083.789;104088.789;104088.789;104091.382;104092.085;104094.678;104094.781;104097.376;104097.376;104101.880;104101.880;104109.004;104109.004;104113.396;104113.396;104115.949;104115.949;104117.617;104117.617;104117.870;104118.805,5D,385.0
RSDVNS,2,1000,15,8,6030,random,6030,103914.56338121647,109730.67592026998,5816.112539053502,True,397.5845396159164,2.902281664999464,-941.380 -301.672;950.750 -271.314;-198.652 979.993;287.480 903.180;-250.575 273.841;683.596 98.865;-33.855 607.167;871.449 470.262;418.764 -292.603;-442.723 -514.381;111.267 37.075;-29.609 -532.787;-887.835 286.744;-295.868 -948.277;432.984 439.132,nan;nan;nan;nan;nan;nan;nan;nan;nan;nan;nan;nan;nan;nan;nan;nan;nan;nan;nan;nan;nan;nan;nan;nan;nan;nan;nan;nan;nan;nan;nan;nan;nan;nan;nan;nan;nan;nan;nan;nan;nan;nan;nan;nan;nan;nan;nan;nan;nan;nan;nan;nan;nan;nan;nan;nan;nan;nan;nan;nan;nan;nan;nan;nan;nan;nan;nan;nan;nan;nan;nan;nan;nan;nan;nan;nan;nan;nan;nan;nan;nan;nan;nan;nan;nan;nan;nan;nan;nan;nan;nan;nan;nan;nan;nan;nan;nan;nan;nan;nan;nan;nan;nan;nan;nan;nan;nan;nan;nan;nan;nan;nan;nan;nan;nan;nan;nan;nan;nan;nan;nan;nan;nan;nan;nan;nan;nan;nan;nan;101687.685;102092.468;102272.382;102422.524;102586.297;102733.163;102780.161;102800.303;102828.175;102861.001;102888.894;102909.034;102939.390;102959.527;103031.212;103051.240;103107.726;103127.895;103127.895;103166.718;103166.718;103249.550;103249.550;103282.209;103282.209;103282.209;103309.119;103309.119;103313.706;103317.950;103342.214;103388.926;103413.184;103509.217;103509.217;103526.898;103542.706;103560.387;103560.387;103614.050;103614.050;103652.926;103652.926;103761.089;103761.089;103774.350;103774.350;103774.350;103774.350;103792.354;103793.039;103811.044;103811.044;103821.654;103825.117;103835.727;103835.727;103835.727;103845.877;103851.100;103851.100;103851.100;103852.851;103878.261;103878.261;103893.362;103893.362;103893.362;103895.109;103895.109;103914.563;103914.563,5D,385.0
BVNS,2,1000,15,18,6030,random,6030,104008.74427044227,109730.67592026998,5721.931649827704,True,386.0300821604399,2.8176350710000406,265.747 378.616;810.128 -582.391;-653.948 -573.397;-437.208 897.820;-11.813 752.077;188.959 -576.996;-223.544 421.558;-986.011 127.754;358.160 932.978;-673.280 574.277;509.551 -235.247;-717.136 -171.284;-20.469 13.937;615.466 637.676;-523.879 162.888,nan;nan;nan;nan;nan;nan;nan;nan;nan;nan;nan;nan;nan;nan;nan;nan;nan;nan;nan;nan;nan;nan;nan;nan;nan;nan;nan;nan;nan;nan;nan;nan;nan;nan;nan;nan;nan;nan;nan;nan;nan;nan;nan;nan;nan;nan;nan;nan;nan;nan;nan;nan;nan;nan;nan;nan;nan;nan;nan;nan;nan;nan;nan;nan;nan;nan;nan;nan;nan;nan;nan;nan;nan;nan;nan;nan;nan;nan;nan;nan;nan;nan;nan;nan;nan;nan;nan;nan;nan;nan;nan;nan;nan;nan;nan;nan;nan;nan;nan;nan;nan;nan;nan;nan;nan;101359.700;101359.700;101734.624;101795.214;102169.112;102169.112;102235.100;102314.901;102380.876;102397.919;102481.052;102569.957;102759.245;102759.245;102844.321;102844.321;102844.321;102844.321;102879.731;102992.862;103053.392;103095.833;103156.364;103156.364;103156.364;103171.591;103189.448;103189.448;103189.448;103198.726;103213.229;103213.229;103213.229;103225.603;103233.096;103233.096;103233.096;103233.096;103401.651;103415.497;103587.124;103587.124;103755.610;103755.610;103789.397;103789.397;103926.502;103926.502;103939.549;103939.549;103950.102;103950.102;103954.710;103954.710;103955.901;103957.730;103958.922;103958.922;103958.922;103958.922;103964.144;103964.825;103970.014;103970.014;103974.239;103974.239;103978.401;103978.401;103980.453;103981.362;103982.435;103982.502;103983.572;103983.572;103985.637;103986.461;103987.058;103987.504;103988.101;103988.101;103989.807;103995.242;103996.948;103996.948;103997.532;104003.983;104004.568;104004.568;104004.568;104004.804;104005.852;104005.852;104005.852;104008.680;104008.680;104008.744,5D,385.0
PSOC,2,1000,15,28,6030,random,6030,103773.00219468035,109730.67592026998,5957.67372558963,True,385.0617494450053,2.8120650649998424,989.382 -37.802;515.387 -132.996;-115.540 -595.668;175.574 979.389;-302.012 951.698;-902.612 390.701;-469.891 605.159;-284.871 -219.180;251.975 164.156;535.841 737.399;748.431 -486.495;120.699 -259.240;-122.316 355.424;658.876 351.731;-824.782 -48.163,nan;nan;nan;nan;nan;nan;nan;nan;nan;nan;nan;nan;nan;nan;nan;nan;nan;nan;nan;nan;nan;nan;nan;nan;nan;nan;nan;nan;nan;nan;nan;nan;nan;nan;nan;nan;nan;nan;nan;nan;nan;nan;nan;nan;nan;nan;nan;nan;nan;nan;nan;nan;nan;nan;nan;nan;nan;nan;nan;nan;nan;nan;nan;nan;nan;nan;nan;nan;nan;nan;nan;nan;nan;nan;nan;nan;nan;nan;nan;nan;nan;nan;nan;nan;nan;nan;nan;nan;nan;nan;nan;nan;nan;nan;nan;nan;nan;nan;nan;nan;nan;nan;nan;nan;nan;nan;nan;nan;nan;101287.454;101287.454;101623.949;102051.600;102051.600;102051.600;102051.600;102051.600;102051.600;102051.600;102051.600;102213.634;102213.634;102280.069;102343.593;102343.593;102343.593;102343.593;102343.593;102343.593;102344.444;102356.679;102356.679;102356.679;102374.538;102386.538;102475.652;102475.652;102475.652;102707.662;102761.414;102833.939;102833.939;103383.973;103383.973;103383.973;103383.973;103383.973;103383.973;103383.973;103383.973;103383.973;103383.973;103383.973;103383.973;103383.973;103383.973;103383.973;103422.395;103471.560;103471.560;103471.560;103471.560;103471.560;103471.560;103471.560;103471.560;103471.560;103471.560;103471.560;103471.560;103471.560;103471.560;103471.560;103497.964;103497.964;103497.964;103497.964;103497.964;103497.964;103497.964;103497.964;103497.964;103497.964;103639.927;103663.697;103663.697;103663.697;103686.018;103686.018;103692.896;103692.896;103692.896;103735.542;103735.542;103735.542;103771.833;103773.002;103773.002;103773.002;103773.002;103773.002,5D,385.0
LXSSA,2,1000,15,8,6030,random,6030,102985.07340535651,109730.67592026998,6745.602514913466,True,390.0248136916161,2.931239491001179,-774.507 582.327;-52.681 663.450;236.676 33.771;267.225 -955.276;-101.412 -812.278;-90.715 266.893;-637.690 -594.553;570.067 -200.882;-970.952 233.483;636.267 -619.084;592.502 193.482;-97.960 -184.512;166.461 -480.321;-827.148 -230.980;-459.934 133.585,nan;nan;nan;nan;nan;nan;nan;nan;nan;nan;nan;nan;nan;nan;nan;nan;nan;nan;nan;nan;nan;nan;nan;nan;nan;nan;nan;nan;nan;nan;nan;nan;nan;nan;nan;nan;nan;nan;nan;nan;nan;nan;nan;nan;nan;nan;nan;nan;nan;nan;nan;nan;nan;nan;nan;nan;nan;nan;nan;nan;nan;nan;nan;nan;nan;nan;nan;nan;nan;nan;nan;nan;nan;nan;nan;nan;nan;nan;nan;nan;nan;nan;nan;nan;nan;nan;nan;nan;nan;nan;nan;nan;nan;nan;nan;nan;nan;nan;nan;nan;nan;nan;nan;nan;nan;nan;nan;nan;nan;nan;nan;nan;102040.818;102241.936;102257.391;102460.262;102460.262;102460.262;102460.262;102460.262;102460.262;102460.262;102460.262;102644.295;102644.295;102667.618;102853.044;102892.041;102941.377;102941.377;102941.377;102941.377;102941.563;102941.563;102941.563;102945.602;102947.145;102947.536;102947.536;102948.258;102948.258;102948.276;102949.228;102967.547;102967.547;102967.829;102968.758;102968.758;102969.422;102970.496;102970.496;102970.717;102971.086;102975.863;102975.863;102977.957;102977.957;102977.989;102978.320;102979.142;102979.142;102979.872;102979.872;102979.872;102979.991;102980.080;102980.143;102980.279;102980.279;102980.279;102980.329;102980.329;102980.366;102981.949;102981.949;102982.201;102982.201;102983.153;102983.153;102983.528;102983.528;102984.419;102984.419;102984.487;102984.487;102984.487;102984.493;102984.626;102984.626;102984.898;102984.898;102984.959;102984.959;102984.972;102984.972;102985.007;102985.007;102985.007;102985.008;102985.073;102985.073,5D,385.0
DE,2,1000,15,18,6030,random,6030,100780.05011112652,109730.67592026998,8950.625809143457,False,252.17142063790914,4.564695683999162,-699.798 -183.488;218.675 -857.636;-368.287 381.926;-25.335 335.593;-396.370 -778.161;-36.868 -563.508;667.935 545.121;-453.068 82.565;862.186 384.320;-254.383 -182.858;-80.571 654.006;495.531 -288.608;303.632 923.550;-792.113 -592.429;-766.593 290.077,nan;nan;nan;nan;nan;nan;nan;nan;nan;nan;nan;nan;nan;nan;nan;nan;nan;nan;nan;nan;nan;nan;nan;nan;nan;nan;nan;nan;nan;nan;nan;nan;nan;nan;nan;nan;nan;nan;nan;nan;nan;nan;nan;nan;nan;nan;nan;nan;nan;nan;nan;nan;nan;nan;nan;nan;nan;nan;nan;nan;nan;nan;nan;nan;nan;nan;nan;nan;nan;nan;nan;nan;nan;nan;nan;nan;nan;nan;nan;nan;nan;nan;nan;nan;nan;nan;nan;nan;nan;nan;nan;nan;nan;nan;nan;nan;nan;nan;nan;nan;nan;nan;nan;nan;nan;nan;nan;nan;nan;nan;nan;nan;nan;nan;nan;nan;nan;nan;nan;nan;nan;nan;nan;nan;nan;nan;nan;nan;nan;nan;nan;nan;nan;nan;nan;nan;nan;nan;nan;nan;nan;nan;nan;nan;nan;nan;nan;nan;nan;nan;nan;nan;nan;nan;nan;nan;nan;nan;nan;nan;nan;nan;nan;nan;nan;nan;nan;nan;nan;nan;nan;nan;nan;nan;nan;nan;nan;nan;nan;nan;nan;nan;nan;nan;nan;nan;nan;nan;nan;nan;nan;nan;nan;nan;nan;nan;nan;nan;nan;nan;nan,5D,385.0
SLSQP,1,750,12,28,6030,random,6030,163878.8586769636,168548.84843681793,4669.989759854332,True,462.00076119391895,5.200528384999416,-294.477 -48.265;575.875 -480.195;-747.145 65.159;605.943 392.516;-111.080 406.567;-278.419 -695.112;255.040 705.291;-638.081 -393.974;194.663 -107.662;-565.141 491.921;182.676 -724.031;742.711 -49.246,nan;nan;nan;nan;nan;nan;nan;nan;nan;nan;nan;nan;nan;nan;nan;nan;nan;nan;nan;nan;nan;nan;nan;nan;nan;nan;nan;nan;nan;nan;nan;nan;nan;nan;nan;nan;nan;nan;nan;nan;nan;nan;nan;nan;nan;nan;nan;nan;nan;nan;nan;162611.099;162611.099;162611.099;162611.099;162611.099;162611.099;162611.099;162611.099;162611.099;162611.099;162611.099;162611.099;162611.099;162611.099;162611.099;162611.099;162611.099;162611.099;162611.099;162611.099;162611.099;162611.099;162611.099;162611.099;162611.099;162611.099;162611.099;162611.099;162611.099;162611.099;162611.099;162611.099;162611.099;162611.099;162611.099;162611.099;162611.099;162611.099;162611.099;162611.099;162611.099;162611.099;162611.099;162611.099;162611.099;162611.099;162611.099;162611.099;162611.099;162611.099;162611.099;162611.099;162611.099;162611.099;162611.099;162611.099;162611.099;162611.099;162611.099;162611.099;162611.099;162611.099;162611.099;162611.099;162611.099;162611.099;162611.099;162611.099;162611.099;162611.099;162611.099;162611.099;162611.099;162611.099;162611.099;162611.099;162611.099;162611.099;162611.099;162611.099;162611.099;162611.099;162611.099;162611.099;162611.099;162611.099;162611.099;162611.099;162611.099;162611.099;162611.099;162611.099;162611.099;162611.099;162611.099;162611.099;162611.099;162611.099;162611.099;162611.099;162611.099;162611.099;162611.099;162611.099;162611.099;162611.099;162611.099;162611.099;162611.099;162611.099;162611.099;162611.099;162611.099;162611.099;162611.099;162611.099;162611.099;162611.099;162611.099;163877.842;163878.302;163878.859;163878.859;163878.859;163878.859;163878.859;163878.859;163878.859;163878.859;163878.859;163878.859;163878.859;163878.859;163878.859;163878.859;163878.859;163878.859;163878.859;163878.859;163878.859;163878.859;163878.859;163878.859;163878.859;163878.859;163878.859;163878.859;163878.859;163878.859;163878.859,6D,462.0
SSABV,1,750,12,8,6030,random,6030,161892.02912023952,168548.84843681793,6656.819316578418,False,454.46967062892764,2.9817308130004676,-411.881 552.091;63.677 733.508;-181.349 -727.512;471.982 508.329;734.057 127.048;-337.265 -42.309;26.496 -314.744;-616.217 -426.418;10.575 263.681;292.909 -687.192;-723.341 198.019;485.263 -262.346,nan;nan;nan;nan;nan;nan;nan;nan;nan;nan;nan;nan;nan;nan;nan;nan;nan;nan;nan;nan;nan;nan;nan;nan;nan;nan;nan;nan;nan;nan;nan;nan;nan;nan;nan;nan;nan;nan;nan;nan;nan;nan;nan;nan;nan;nan;nan;nan;nan;nan;nan;nan;nan;nan;nan;nan;nan;nan;nan;nan;nan;nan;nan;nan;nan;nan;nan;nan;nan;nan;nan;nan;nan;nan;nan;nan;nan;nan;nan;nan;nan;nan;nan;nan;nan;nan;nan;nan;nan;nan;nan;nan;nan;nan;nan;nan;nan;nan;nan;nan;nan;nan;nan;nan;nan;nan;nan;nan;nan;nan;nan;nan;nan;nan;nan;nan;nan;nan;nan;nan;nan;nan;nan;nan;nan;nan;nan;nan;nan;nan;nan;nan;nan;nan;nan;nan;nan;nan;nan;nan;nan;nan;nan;nan;nan;nan;nan;nan;nan;nan;nan;nan;nan;nan;nan;nan;nan;nan;nan;nan;nan;nan;nan;nan;nan;nan;nan;nan;nan;nan;nan;nan;nan;nan;nan;nan;nan;nan;nan;nan;nan;nan;nan;nan;nan;nan;nan;nan;nan;nan;nan;nan;nan;nan;nan;nan;nan;nan;nan;nan;nan,6D,462.0
RSDVNS,1,750,12,18,6030,random,6030,163312.36562247536,168548.84843681793,5236.482814342569,False,427.11277664873455,2.6171972540014394,750.000 -1.479;438.067 -293.237;-574.382 -476.131;-243.508 364.968;272.041 -694.549;5.592 -313.831;578.441 454.271;100.926 683.662;-184.565 -717.720;-734.242 140.683;232.935 138.203;-364.574 -83.045,nan;nan;nan;nan;nan;nan;nan;nan;nan;nan;nan;nan;nan;nan;nan;nan;nan;nan;nan;nan;nan;nan;nan;nan;nan;nan;nan;nan;nan;nan;nan;nan;nan;nan;nan;nan;nan;nan;nan;nan;nan;nan;nan;nan;nan;nan;nan;nan;nan;nan;nan;nan;nan;nan;nan;nan;nan;nan;nan;nan;nan;nan;nan;nan;nan;nan;nan;nan;nan;nan;nan;nan;nan;nan;nan;nan;nan;nan;nan;nan;nan;nan;nan;nan;nan;nan;nan;nan;nan;nan;nan;nan;nan;nan;nan;nan;nan;nan;nan;nan;nan;nan;nan;nan;nan;nan;nan;nan;nan;nan;nan;nan;nan;nan;nan;nan;nan;nan;nan;nan;nan;nan;nan;nan;nan;nan;nan;nan;nan;nan;nan;nan;nan;nan;nan;nan;nan;nan;nan;nan;nan;nan;nan;nan;nan;nan;nan;nan;nan;nan;nan;nan;nan;nan;nan;nan;nan;nan;nan;nan;nan;nan;nan;nan;nan;nan;nan;nan;nan;nan;nan;nan;nan;nan;nan;nan;nan;nan;nan;nan;nan;nan;nan;nan;nan;nan;nan;nan;nan;nan;nan;nan;nan;nan;nan;nan;nan;nan;nan;nan;nan,6D,462.0
BVNS,1,750,12,28,6030,random,6030,162892.5268785501,168548.84843681793,5656.321558267839,False,455.6699569985093,2.341033022999909,-307.318 664.146;-410.329 -36.736;331.478 -649.846;669.205 -332.309;-65.927 270.089;724.971 191.837;-208.296 -720.487;-665.519 345.064;-32.431 -299.132;212.301 681.762;-591.034 -461.530;309.912 3.792,nan;nan;nan;nan;nan;nan;nan;nan;nan;nan;nan;nan;nan;nan;nan;nan;nan;nan;nan;nan;nan;nan;nan;nan;nan;nan;nan;nan;nan;nan;nan;nan;nan;nan;nan;nan;nan;nan;nan;nan;nan;nan;nan;nan;nan;nan;nan;nan;nan;nan;nan;nan;nan;nan;nan;nan;nan;nan;nan;nan;nan;nan;nan;nan;nan;nan;nan;nan;nan;nan;nan;nan;nan;nan;nan;nan;nan;nan;nan;nan;nan;nan;nan;nan;nan;nan;nan;nan;nan;nan;nan;nan;nan;nan;nan;nan;nan;nan;nan;nan;nan;nan;nan;nan;nan;nan;nan;nan;nan;nan;nan;nan;nan;nan;nan;nan;nan;nan;nan;nan;nan;nan;nan;nan;nan;nan;nan;nan;nan;nan;nan;nan;nan;nan;nan;nan;nan;nan;nan;nan;nan;nan;nan;nan;nan;nan;nan;nan;nan;nan;nan;nan;nan;nan;nan;nan;nan;nan;nan;nan;nan;nan;nan;nan;nan;nan;nan;nan;nan;nan;nan;nan;nan;nan;nan;nan;nan;nan;nan;nan;nan;nan;nan;nan;nan;nan;nan;nan;nan;nan;nan;nan;nan;nan;nan;nan;nan;nan;nan;nan;nan,6D,462.0
SSA,1,750,12,8,6030,random,6030,162927.71819893343,168548.84843681793,5621.130237884499,False,338.8080156415919,2.527271388000372,-477.282 56.943;688.976 279.365;177.980 -465.299;15.560 615.301;504.778 -554.706;233.519 218.578;-263.541 -323.917;-438.314 492.242;53.345 -111.900;-87.922 -704.780;-664.739 -347.306;716.935 -159.554,nan;nan;nan;nan;nan;nan;nan;nan;nan;nan;nan;nan;nan;nan;nan;nan;nan;nan;nan;nan;nan;nan;nan;nan;nan;nan;nan;nan;nan;nan;nan;nan;nan;nan;nan;nan;nan;nan;nan;nan;nan;nan;nan;nan;nan;nan;nan;nan;nan;nan;nan;nan;nan;nan;nan;nan;nan;nan;nan;nan;nan;nan;nan;nan;nan;nan;nan;nan;nan;nan;nan;nan;nan;nan;nan;nan;nan;nan;nan;nan;nan;nan;nan;nan;nan;nan;nan;nan;nan;nan;nan;nan;nan;nan;nan;nan;nan;nan;nan;nan;nan;nan;nan;nan;nan;nan;nan;nan;nan;nan;nan;nan;nan;nan;nan;nan;nan;nan;nan;nan;nan;nan;nan;nan;nan;nan;nan;nan;nan;nan;nan;nan;nan;nan;nan;nan;nan;nan;nan;nan;nan;nan;nan;nan;nan;nan;nan;nan;nan;nan;nan;nan;nan;nan;nan;nan;nan;nan;nan;nan;nan;nan;nan;nan;nan;nan;nan;nan;nan;nan;nan;nan;nan;nan;nan;nan;nan;nan;nan;nan;nan;nan;nan;nan;nan;nan;nan;nan;nan;nan;nan;nan;nan;nan;nan;nan;nan;nan;nan;nan;nan,6D,462.0
LXSSA,1,750,12,18,6030,random,6030,161769.8845309608,168548.84843681793,6778.963905857148,False,363.4171441857677,2.4786758959999133,-717.312 20.662;405.921 -21.964;-494.788 539.285;-53.542 624.138;453.806 -566.517;16.830 -322.686;376.276 648.818;684.705 306.050;-452.197 -441.123;64.930 178.702;-298.278 82.665;721.553 -202.099,nan;nan;nan;nan;nan;nan;nan;nan;nan;nan;nan;nan;nan;nan;nan;nan;nan;nan;nan;nan;nan;nan;nan;nan;nan;nan;nan;nan;nan;nan;nan;nan;nan;nan;nan;nan;nan;nan;nan;nan;nan;nan;nan;nan;nan;nan;nan;nan;nan;nan;nan;nan;nan;nan;nan;nan;nan;nan;nan;nan;nan;nan;nan;nan;nan;nan;nan;nan;nan;nan;nan;nan;nan;nan;nan;nan;nan;nan;nan;nan;nan;nan;nan;nan;nan;nan;nan;nan;nan;nan;nan;nan;nan;nan;nan;nan;nan;nan;nan;nan;nan;nan;nan;nan;nan;nan;nan;nan;nan;nan;nan;nan;nan;nan;nan;nan;nan;nan;nan;nan;nan;nan;nan;nan;nan;nan;nan;nan;nan;nan;nan;nan;nan;nan;nan;nan;nan;nan;nan;nan;nan;nan;nan;nan;nan;nan;nan;nan;nan;nan;nan;nan;nan;nan;nan;nan;nan;nan;nan;nan;nan;nan;nan;nan;nan;nan;nan;nan;nan;nan;nan;nan;nan;nan;nan;nan;nan;nan;nan;nan;nan;nan;nan;nan;nan;nan;nan;nan;nan;nan;nan;nan;nan;nan;nan;nan;nan;nan;nan;nan;nan,6D,462.0
DE,1,750,12,28,6030,random,6030,159216.79039398927,168548.84843681793,9332.058042828663,False,246.95659524296198,2.67004764199919,92.344 52.093;-55.705 534.713;381.393 88.797;628.091 -268.187;-82.853 -551.842;-219.273 196.231;354.124 479.082;-534.955 -367.276;-425.287 438.001;-585.362 249.949;-144.424 -187.962;400.958 -416.694,nan;nan;nan;nan;nan;nan;nan;nan;nan;nan;nan;nan;nan;nan;nan;nan;nan;nan;nan;nan;nan;nan;nan;nan;nan;nan;nan;nan;nan;nan;nan;nan;nan;nan;nan;nan;nan;nan;nan;nan;nan;nan;nan;nan;nan;nan;nan;nan;nan;nan;nan;nan;nan;nan;nan;nan;nan;nan;nan;nan;nan;nan;nan;nan;nan;nan;nan;nan;nan;nan;nan;nan;nan;nan;nan;nan;nan;nan;nan;nan;nan;nan;nan;nan;nan;nan;nan;nan;nan;nan;nan;nan;nan;nan;nan;nan;nan;nan;nan;nan;nan;nan;nan;nan;nan;nan;nan;nan;nan;nan;nan;nan;nan;nan;nan;nan;nan;nan;nan;nan;nan;nan;nan;nan;nan;nan;nan;nan;nan;nan;nan;nan;nan;nan;nan;nan;nan;nan;nan;nan;nan;nan;nan;nan;nan;nan;nan;nan;nan;nan;nan;nan;nan;nan;nan;nan;nan;nan;nan;nan;nan;nan;nan;nan;nan;nan;nan;nan;nan;nan;nan;nan;nan;nan;nan;nan;nan;nan;nan;nan;nan;nan;nan;nan;nan;nan;nan;nan;nan;nan;nan;nan;nan;nan;nan;nan;nan;nan;nan;nan;nan,6D,462.0
PSOBV,1,750,12,8,6030,random,6030,163796.0932663426,168548.84843681793,4752.755170475342,True,385.5190490009824,2.2758945659988967,461.434 -378.364;-239.353 622.498;-296.720 -141.296;-714.758 -209.819;398.484 633.252;187.065 -34.541;-73.682 -456.371;-453.553 -596.826;747.980 29.054;208.345 -719.212;-622.853 417.795;-118.389 249.241,nan;nan;nan;nan;nan;nan;nan;nan;nan;nan;nan;nan;nan;nan;nan;nan;nan;nan;nan;nan;nan;nan;nan;nan;nan;nan;nan;nan;nan;nan;nan;nan;nan;nan;nan;nan;nan;nan;nan;nan;nan;nan;nan;nan;nan;nan;nan;nan;nan;nan;nan;nan;nan;nan;nan;nan;nan;nan;nan;nan;nan;nan;nan;nan;nan;nan;nan;nan;nan;nan;nan;nan;nan;nan;nan;nan;nan;nan;nan;nan;nan;nan;nan;nan;nan;nan;nan;nan;nan;nan;nan;nan;nan;nan;nan;nan;nan;nan;nan;nan;162425.484;162534.351;162534.351;162573.677;162666.221;162694.112;162743.857;162841.953;162841.953;162844.517;162873.765;162913.515;162925.938;162999.508;163002.643;163034.859;163034.859;163099.134;163099.134;163153.522;163208.417;163208.417;163256.544;163264.569;163297.049;163304.985;163304.985;163335.870;163371.030;163371.030;163371.030;163402.540;163403.705;163425.930;163425.930;163463.747;163469.410;163474.564;163480.238;163480.724;163517.636;163518.120;163521.122;163521.166;163521.584;163521.584;163525.941;163538.349;163566.641;163566.641;163577.170;163577.170;163628.585;163628.585;163634.947;163634.947;163661.654;163661.654;163673.064;163673.064;163685.182;163687.917;163694.366;163697.100;163697.100;163711.596;163711.596;163714.270;163737.193;163737.193;163739.863;163739.863;163739.863;163746.956;163748.284;163751.459;163755.333;163762.271;163765.446;163766.773;163766.773;163768.082;163768.082;163768.082;163771.590;163782.756;163784.473;163786.263;163787.870;163789.659;163789.700;163789.871;163790.148;163793.402;163793.571;163793.614;163793.768;163795.855;163795.897;163796.051;163796.093,5D,385.0
SSABV,1,750,12,18,6030,random,6030,165356.37910506953,168548.84843681793,3192.4693317484052,True,385.5428851981221,2.4168188710009417,216.161 291.129;-351.009 -662.736;-530.908 527.977;672.229 -243.154;436.779 -565.826;-1.445 -500.107;-646.412 47.915;699.578 260.787;-223.414 273.501;69.903 681.299;42.197 -54.200;451.185 597.337,nan;nan;nan;nan;nan;nan;nan;nan;nan;nan;nan;nan;nan;nan;nan;nan;nan;nan;nan;nan;nan;nan;nan;nan;nan;nan;nan;nan;nan;nan;nan;nan;nan;nan;nan;nan;nan;nan;nan;nan;nan;nan;nan;nan;nan;nan;nan;nan;nan;nan;nan;nan;nan;nan;nan;nan;nan;nan;nan;nan;nan;nan;nan;nan;nan;nan;nan;nan;nan;nan;nan;nan;nan;nan;nan;nan;nan;nan;nan;nan;nan;nan;nan;nan;nan;nan;nan;nan;nan;nan;nan;nan;nan;nan;nan;nan;nan;nan;nan;nan;nan;nan;nan;nan;nan;nan;nan;nan;nan;nan;nan;nan;nan;nan;nan;nan;nan;nan;nan;nan;nan;nan;nan;nan;nan;nan;nan;nan;nan;nan;nan;nan;nan;nan;nan;nan;nan;nan;nan;nan;nan;nan;nan;nan;nan;nan;nan;nan;nan;nan;nan;nan;nan;nan;nan;nan;nan;nan;nan;nan;nan;nan;nan;nan;nan;nan;nan;nan;nan;nan;nan;nan;nan;nan;nan;nan;nan;nan;nan;nan;nan;nan;nan;nan;nan;165293.270;165338.195;165340.205;165341.050;165343.193;165345.204;165345.204;165348.036;165348.395;165348.395;165350.087;165350.933;165354.378;165354.378;165354.435;165356.379,5D,385.0
RSDVNS,1,750,12,28,6030,random,6030,164995.756134107,168548.84843681793,3553.092302710924,True,388.74596030700565,2.3774651430012455,228.808 -681.235;-641.038 -383.241;134.501 730.725;31.177 -249.128;-348.016 661.716;405.215 -106.344;-417.053 -51.257;-181.475 310.450;546.522 508.335;216.947 265.629;-184.537 -586.273;731.321 124.630,nan;nan;nan;nan;nan;nan;nan;nan;nan;nan;nan;nan;nan;nan;nan;nan;nan;nan;nan;nan;nan;nan;nan;nan;nan;nan;nan;nan;nan;nan;nan;nan;nan;nan;nan;nan;nan;nan;nan;nan;nan;nan;nan;nan;nan;nan;nan;nan;nan;nan;nan;nan;nan;nan;nan;nan;nan;nan;nan;nan;nan;nan;nan;nan;nan;nan;nan;nan;nan;nan;nan;nan;nan;nan;nan;nan;nan;nan;nan;nan;nan;nan;nan;nan;nan;nan;nan;nan;nan;nan;nan;nan;nan;nan;nan;nan;nan;nan;nan;nan;nan;nan;nan;nan;nan;nan;nan;nan;nan;nan;nan;nan;nan;nan;nan;nan;nan;nan;nan;nan;nan;nan;nan;nan;nan;nan;nan;nan;nan;nan;nan;nan;nan;nan;nan;nan;nan;nan;nan;nan;nan;nan;nan;nan;nan;nan;nan;nan;nan;nan;nan;nan;nan;nan;nan;161854.613;163071.479;163071.479;163427.861;164068.673;164068.673;164622.341;164639.137;164694.912;164724.841;164724.841;164791.817;164816.103;164816.103;164836.696;164836.696;164843.885;164906.203;164906.203;164910.256;164910.256;164912.369;164912.369;164937.147;164947.672;164947.672;164955.424;164957.084;164957.084;164957.084;164959.817;164963.613;164966.364;164969.137;164972.393;164975.166;164977.871;164978.834;164981.539;164981.539;164983.723;164985.854;164985.854;164985.854;164986.266;164995.756,5D,385.0
PSOC,1,750,12,8,6030,random,6030,163851.65242191055,168548.84843681793,4697.196014907386,True,386.1378723331085,2.41245186299966,460.136 -394.050;-247.842 704.670;-310.665 -152.786;-695.907 -245.306;335.116 655.275;242.163 -56.478;-82.337 -468.669;-452.706 -589.275;747.235 -58.157;215.401 -714.544;-597.295 185.462;-107.526 320.968,nan;nan;nan;nan;nan;nan;nan;nan;nan;nan;nan;nan;nan;nan;nan;nan;nan;nan;nan;nan;nan;nan;nan;nan;nan;nan;nan;nan;nan;nan;nan;nan;nan;nan;nan;nan;nan;nan;nan;nan;nan;nan;nan;nan;nan;nan;nan;nan;nan;nan;nan;nan;nan;nan;nan;nan;nan;nan;nan;nan;nan;nan;nan;nan;nan;nan;nan;nan;nan;nan;nan;nan;nan;nan;nan;nan;nan;nan;nan;nan;nan;nan;nan;nan;nan;nan;nan;nan;nan;nan;nan;nan;nan;nan;nan;nan;nan;nan;nan;nan;162425.484;162481.767;162481.767;162481.767;162481.767;162523.518;162523.518;162523.518;162529.554;162529.554;162554.882;162554.882;162583.699;162583.699;162583.699;162611.292;162611.292;162611.292;162611.292;162611.292;162611.292;162611.292;162616.497;162616.497;162649.560;162649.560;162649.560;162649.560;162649.560;162722.430;162722.430;162925.582;162925.582;163000.979;163000.979;163000.979;163000.979;163000.979;163000.979;163000.979;163000.979;163000.979;163000.979;163000.979;163000.979;163188.625;163188.625;163212.151;163212.151;163273.083;163332.587;163332.587;163332.587;163353.930;163353.930;163353.930;163353.930;163353.930;163353.930;163353.930;163371.431;163424.962;163576.583;163587.095;163614.996;163614.996;163614.996;163614.996;163614.996;163614.996;163666.813;163666.813;163666.813;163666.813;163666.813;163666.813;163666.813;163666.813;163666.813;163666.813;163702.305;163702.305;163759.157;163769.083;163769.083;163769.083;163769.083;163769.083;163791.145;163791.145;163791.145;163791.145;163801.877;163801.877;163801.877;163801.877;163801.877;163801.877;163838.153;163838.153;163851.652,5D,385.0
SSA,1,750,12,18,6030,random,6030,158833.09720117628,168548.84843681793,9715.751235641656,False,343.5048338040819,2.4490994949992455,-297.928 -446.516;-7.116 57.385;-685.166 -303.665;435.107 -610.120;672.960 -307.731;-367.527 326.265;191.739 359.084;-390.868 -52.199;74.685 -502.453;326.607 -136.025;329.280 673.851;608.610 150.674,nan;nan;nan;nan;nan;nan;nan;nan;nan;nan;nan;nan;nan;nan;nan;nan;nan;nan;nan;nan;nan;nan;nan;nan;nan;nan;nan;nan;nan;nan;nan;nan;nan;nan;nan;nan;nan;nan;nan;nan;nan;nan;nan;nan;nan;nan;nan;nan;nan;nan;nan;nan;nan;nan;nan;nan;nan;nan;nan;nan;nan;nan;nan;nan;nan;nan;nan;nan;nan;nan;nan;nan;nan;nan;nan;nan;nan;nan;nan;nan;nan;nan;nan;nan;nan;nan;nan;nan;nan;nan;nan;nan;nan;nan;nan;nan;nan;nan;nan;nan;nan;nan;nan;nan;nan;nan;nan;nan;nan;nan;nan;nan;nan;nan;nan;nan;nan;nan;nan;nan;nan;nan;nan;nan;nan;nan;nan;nan;nan;nan;nan;nan;nan;nan;nan;nan;nan;nan;nan;nan;nan;nan;nan;nan;nan;nan;nan;nan;nan;nan;nan;nan;nan;nan;nan;nan;nan;nan;nan;nan;nan;nan;nan;nan;nan;nan;nan;nan;nan;nan;nan;nan;nan;nan;nan;nan;nan;nan;nan;nan;nan;nan;nan;nan;nan;nan;nan;nan;nan;nan;nan;nan;nan;nan;nan;nan;nan;nan;nan;nan;nan,5D,385.0
LXSSA,1,750,12,28,6030,random,6030,157656.94014218656,168548.84843681793,10891.908294631372,False,325.17231591271275,3.4152318259984895,-555.444 -64.469;521.228 446.725;-220.218 176.229;127.796 -737.882;170.318 369.952;406.690 -136.536;681.910 -309.716;-152.287 550.764;132.586 -381.911;-501.760 533.505;112.217 18.460;-216.217 -237.529,nan;nan;nan;nan;nan;nan;nan;nan;nan;nan;nan;nan;nan;nan;nan;nan;nan;nan;nan;nan;nan;nan;nan;nan;nan;nan;nan;nan;nan;nan;nan;nan;nan;nan;nan;nan;nan;nan;nan;nan;nan;nan;nan;nan;nan;nan;nan;nan;nan;nan;nan;nan;nan;nan;nan;nan;nan;nan;nan;nan;nan;nan;nan;nan;nan;nan;nan;nan;nan;nan;nan;nan;nan;nan;nan;nan;nan;nan;nan;nan;nan;nan;nan;nan;nan;nan;nan;nan;nan;nan;nan;nan;nan;nan;nan;nan;nan;nan;nan;nan;nan;nan;nan;nan;nan;nan;nan;nan;nan;nan;nan;nan;nan;nan;nan;nan;nan;nan;nan;nan;nan;nan;nan;nan;nan;nan;nan;nan;nan;nan;nan;nan;nan;nan;nan;nan;nan;nan;nan;nan;nan;nan;nan;nan;nan;nan;nan;nan;nan;nan;nan;nan;nan;nan;nan;nan;nan;nan;nan;nan;nan;nan;nan;nan;nan;nan;nan;nan;nan;nan;nan;nan;nan;nan;nan;nan;nan;nan;nan;nan;nan;nan;nan;nan;nan;nan;nan;nan;nan;nan;nan;nan;nan;nan;nan;nan;nan;nan;nan;nan;nan,5D,385.0
SLSQP,2,750,12,8,6030,random,6030,83243.92398399195,87784.54073621597,4540.6167522240285,True,462.55369865796627,4.977200862000245,-619.310 -422.982;493.896 189.645;213.160 -200.007;12.787 283.109;-131.885 -738.265;-255.509 -110.587;-427.314 426.727;710.711 -239.506;387.946 641.397;-749.617 23.935;-64.706 747.203;435.032 -610.932,nan;nan;nan;nan;nan;nan;nan;nan;nan;nan;nan;nan;nan;nan;nan;nan;nan;nan;nan;nan;nan;nan;nan;nan;nan;nan;nan;nan;nan;nan;nan;nan;nan;nan;nan;nan;nan;nan;nan;nan;nan;nan;nan;nan;nan;nan;nan;nan;nan;nan;nan;nan;nan;nan;nan;nan;nan;nan;nan;nan;nan;nan;nan;nan;nan;nan;nan;nan;nan;nan;nan;nan;nan;nan;nan;83243.913;83243.916;83243.922;83243.922;83243.924;83243.924;83243.924;83243.924;83243.924;83243.924;83243.924;83243.924;83243.924;83243.924;83243.924;83243.924;83243.924;83243.924;83243.924;83243.924;83243.924;83243.924;83243.924;83243.924;83243.924;83243.924;83243.924;83243.924;83243.924;83243.924;83243.924;83243.924;83243.924;83243.924;83243.924;83243.924;83243.924;83243.924;83243.924;83243.924;83243.924;83243.924;83243.924;83243.924;83243.924;83243.924;83243.924;83243.924;83243.924;83243.924;83243.924;83243.924;83243.924;83243.924;83243.924;83243.924;83243.924;83243.924;83243.924;83243.924;83243.924;83243.924;83243.924;83243.924;83243.924;83243.924;83243.924;83243.924;83243.924;83243.924;83243.924;83243.924;83243.924;83243.924;83243.924;83243.924;83243.924;83243.924;83243.924;83243.924;83243.924;83243.924;83243.924;83243.924;83243.924;83243.924;83243.924;83243.924;83243.924;83243.924;83243.924;83243.924;83243.924;83243.924;83243.924;83243.924;83243.924;83243.924;83243.924;83243.924;83243.924;83243.924;83243.924;83243.924;83243.924;83243.924;83243.924;83243.924;83243.924;83243.924;83243.924;83243.924;83243.924;83243.924;83243.924;83243.924;83243.924;83243.924;83243.924;83243.924;83243.924;83243.924;83243.924;83243.924;83243.924;83243.924,6D,462.0
PSOBV,2,750,12,18,6030,random,6030,82031.96369977377,87784.54073621597,5752.577036442206,True,462.0987159626425,3.2302819630003796,289.475 -32.359;696.577 -268.887;-650.637 370.103;151.020 734.127;262.345 -518.581;-554.652 -503.954;-309.076 681.883;-166.359 -216.556;-153.192 -733.733;-71.726 269.596;-744.633 -82.715;551.482 501.573,nan;nan;nan;nan;nan;nan;nan;nan;nan;nan;nan;nan;nan;nan;nan;nan;nan;nan;nan;nan;nan;nan;nan;nan;nan;nan;nan;nan;nan;nan;nan;nan;nan;nan;nan;nan;nan;nan;nan;nan;nan;nan;nan;nan;nan;nan;nan;nan;nan;nan;nan;nan;nan;nan;nan;nan;nan;nan;nan;nan;nan;nan;nan;nan;nan;nan;nan;nan;nan;nan;nan;nan;nan;nan;nan;nan;nan;nan;nan;nan;nan;nan;nan;nan;nan;nan;nan;nan;nan;nan;nan;nan;nan;nan;nan;nan;nan;nan;nan;nan;nan;nan;nan;nan;nan;nan;nan;nan;nan;nan;nan;nan;nan;nan;nan;nan;nan;nan;nan;nan;nan;nan;nan;nan;nan;nan;nan;nan;nan;nan;nan;nan;nan;nan;nan;nan;nan;nan;nan;nan;nan;nan;nan;nan;nan;nan;nan;nan;nan;nan;nan;nan;nan;nan;nan;nan;nan;nan;nan;nan;nan;nan;nan;nan;nan;nan;nan;nan;nan;nan;nan;nan;nan;nan;nan;nan;nan;nan;nan;nan;nan;nan;nan;nan;nan;nan;nan;nan;nan;nan;nan;nan;nan;nan;nan;82025.570;82025.570;82027.707;82029.839;82029.839;82031.964,6D,462.0
SSABV,2,750,12,28,6030,random,6030,82248.2840816006,87784.54073621597,5536.2566546153685,False,456.66506684392346,2.4966415199996845,202.317 251.924;101.332 -202.775;744.133 -45.960;-656.159 362.740;497.210 -435.635;-256.625 103.726;163.350 716.003;145.174 -730.953;-674.820 -294.376;-254.680 -491.527;634.165 400.418;-309.428 678.881,nan;nan;nan;nan;nan;nan;nan;nan;nan;nan;nan;nan;nan;nan;nan;nan;nan;nan;nan;nan;nan;nan;nan;nan;nan;nan;nan;nan;nan;nan;nan;nan;nan;nan;nan;nan;nan;nan;nan;nan;nan;nan;nan;nan;nan;nan;nan;nan;nan;nan;nan;nan;nan;nan;nan;nan;nan;nan;nan;nan;nan;nan;nan;nan;nan;nan;nan;nan;nan;nan;nan;nan;nan;nan;nan;nan;nan;nan;nan;nan;nan;nan;nan;nan;nan;nan;nan;nan;nan;nan;nan;nan;nan;nan;nan;nan;nan;nan;nan;nan;nan;nan;nan;nan;nan;nan;nan;nan;nan;nan;nan;nan;nan;nan;nan;nan;nan;nan;nan;nan;nan;nan;nan;nan;nan;nan;nan;nan;nan;nan;nan;nan;nan;nan;nan;nan;nan;nan;nan;nan;nan;nan;nan;nan;nan;nan;nan;nan;nan;nan;nan;nan;nan;nan;nan;nan;nan;nan;nan;nan;nan;nan;nan;nan;nan;nan;nan;nan;nan;nan;nan;nan;nan;nan;nan;nan;nan;nan;nan;nan;nan;nan;nan;nan;nan;nan;nan;nan;nan;nan;nan;nan;nan;nan;nan;nan;nan;nan;nan;nan;nan,6D,462.0
BVNS,2,750,12,8,6030,random,6030,81990.4683537588,87784.54073621597,5794.072382457176,True,462.02565845403666,2.3883779699990555,340.166 -667.655;-304.780 672.882;720.699 -204.066;-666.613 341.665;670.086 335.084;-422.380 -53.964;-20.168 -288.875;-152.921 -734.189;320.163 26.514;-558.818 -497.852;-82.978 259.523;230.138 681.555,nan;nan;nan;nan;nan;nan;nan;nan;nan;nan;nan;nan;nan;nan;nan;nan;nan;nan;nan;nan;nan;nan;nan;nan;nan;nan;nan;nan;nan;nan;nan;nan;nan;nan;nan;nan;nan;nan;nan;nan;nan;nan;nan;nan;nan;nan;nan;nan;nan;nan;nan;nan;nan;nan;nan;nan;nan;nan;nan;nan;nan;nan;nan;nan;nan;nan;nan;nan;nan;nan;nan;nan;nan;nan;nan;nan;nan;nan;nan;nan;nan;nan;nan;nan;nan;nan;nan;nan;nan;nan;nan;nan;nan;nan;nan;nan;nan;nan;nan;nan;nan;nan;nan;nan;nan;nan;nan;nan;nan;nan;nan;nan;nan;nan;nan;nan;nan;nan;nan;nan;nan;nan;nan;nan;nan;nan;nan;nan;nan;nan;nan;nan;nan;nan;nan;nan;nan;nan;nan;nan;nan;nan;nan;nan;nan;nan;nan;nan;nan;nan;nan;nan;nan;nan;nan;nan;nan;nan;nan;nan;nan;nan;nan;nan;nan;nan;nan;81889.809;81889.809;81926.493;81931.931;81931.931;81935.267;81938.927;81938.927;81942.519;81942.865;81946.044;81949.504;81949.504;81963.484;81966.807;81966.807;81967.922;81967.922;81973.284;81974.383;81974.383;81979.672;81980.755;81980.755;81980.755;81980.755;81984.151;81986.769;81986.769;81987.620;81988.406;81989.616;81990.468;81990.468,6D,462.0
PSOC,2,750,12,18,6030,random,6030,82103.31583503661,87784.54073621597,5681.224901179361,False,445.3948589353538,2.7133074100001977,321.426 54.466;707.391 -216.212;-599.816 360.301;182.664 720.329;362.497 -564.007;-569.307 -483.563;-297.104 687.014;-198.033 -182.337;-154.873 -695.469;-67.771 297.030;-747.542 -60.594;570.967 468.627,nan;nan;nan;nan;nan;nan;nan;nan;nan;nan;nan;nan;nan;nan;nan;nan;nan;nan;nan;nan;nan;nan;nan;nan;nan;nan;nan;nan;nan;nan;nan;nan;nan;nan;nan;nan;nan;nan;nan;nan;nan;nan;nan;nan;nan;nan;nan;nan;nan;nan;nan;nan;nan;nan;nan;nan;nan;nan;nan;nan;nan;nan;nan;nan;nan;nan;nan;nan;nan;nan;nan;nan;nan;nan;nan;nan;nan;nan;nan;nan;nan;nan;nan;nan;nan;nan;nan;nan;nan;nan;nan;nan;nan;nan;nan;nan;nan;nan;nan;nan;nan;nan;nan;nan;nan;nan;nan;nan;nan;nan;nan;nan;nan;nan;nan;nan;nan;nan;nan;nan;nan;nan;nan;nan;nan;nan;nan;nan;nan;nan;nan;nan;nan;nan;nan;nan;nan;nan;nan;nan;nan;nan;nan;nan;nan;nan;nan;nan;nan;nan;nan;nan;nan;nan;nan;nan;nan;nan;nan;nan;nan;nan;nan;nan;nan;nan;nan;nan;nan;nan;nan;nan;nan;nan;nan;nan;nan;nan;nan;nan;nan;nan;nan;nan;nan;nan;nan;nan;nan;nan;nan;nan;nan;nan;nan;nan;nan;nan;nan;nan;nan,6D,462.0
SSA,2,750,12,28,6030,random,6030,80935.44291381842,87784.54073621597,6849.097822397554,False,338.6013892475523,2.579032014000404,-174.409 586.219;363.202 -46.464;-265.830 198.897;-575.189 481.305;102.819 -586.663;133.981 737.936;-537.092 -3.754;-83.233 -187.952;-604.447 -433.300;695.330 251.328;132.059 288.980;464.088 589.159,nan;nan;nan;nan;nan;nan;nan;nan;nan;nan;nan;nan;nan;nan;nan;nan;nan;nan;nan;nan;nan;nan;nan;nan;nan;nan;nan;nan;nan;nan;nan;nan;nan;nan;nan;nan;nan;nan;nan;nan;nan;nan;nan;nan;nan;nan;nan;nan;nan;nan;nan;nan;nan;nan;nan;nan;nan;nan;nan;nan;nan;nan;nan;nan;nan;nan;nan;nan;nan;nan;nan;nan;nan;nan;nan;nan;nan;nan;nan;nan;nan;nan;nan;nan;nan;nan;nan;nan;nan;nan;nan;nan;nan;nan;nan;nan;nan;nan;nan;nan;nan;nan;nan;nan;nan;nan;nan;nan;nan;nan;nan;nan;nan;nan;nan;nan;nan;nan;nan;nan;nan;nan;nan;nan;nan;nan;nan;nan;nan;nan;nan;nan;nan;nan;nan;nan;nan;nan;nan;nan;nan;nan;nan;nan;nan;nan;nan;nan;nan;nan;nan;nan;nan;nan;nan;nan;nan;nan;nan;nan;nan;nan;nan;nan;nan;nan;nan;nan;nan;nan;nan;nan;nan;nan;nan;nan;nan;nan;nan;nan;nan;nan;nan;nan;nan;nan;nan;nan;nan;nan;nan;nan;nan;nan;nan;nan;nan;nan;nan;nan;nan,6D,462.0
DE,2,750,12,8,6030,random,6030,79394.03902372251,87784.54073621597,8390.501712493467,False,226.7308207069083,3.866676412999368,-439.201 449.242;207.437 462.404;-387.997 -252.641;329.597 167.523;-122.209 -713.557;6.783 -109.671;180.474 -485.202;704.855 -180.148;-723.158 124.668;103.071 157.896;-226.420 626.229;576.020 465.729,nan;nan;nan;nan;nan;nan;nan;nan;nan;nan;nan;nan;nan;nan;nan;nan;nan;nan;nan;nan;nan;nan;nan;nan;nan;nan;nan;nan;nan;nan;nan;nan;nan;nan;nan;nan;nan;nan;nan;nan;nan;nan;nan;nan;nan;nan;nan;nan;nan;nan;nan;nan;nan;nan;nan;nan;nan;nan;nan;nan;nan;nan;nan;nan;nan;nan;nan;nan;nan;nan;nan;nan;nan;nan;nan;nan;nan;nan;nan;nan;nan;nan;nan;nan;nan;nan;nan;nan;nan;nan;nan;nan;nan;nan;nan;nan;nan;nan;nan;nan;nan;nan;nan;nan;nan;nan;nan;nan;nan;nan;nan;nan;nan;nan;nan;nan;nan;nan;nan;nan;nan;nan;nan;nan;nan;nan;nan;nan;nan;nan;nan;nan;nan;nan;nan;nan;nan;nan;nan;nan;nan;nan;nan;nan;nan;nan;nan;nan;nan;nan;nan;nan;nan;nan;nan;nan;nan;nan;nan;nan;nan;nan;nan;nan;nan;nan;nan;nan;nan;nan;nan;nan;nan;nan;nan;nan;nan;nan;nan;nan;nan;nan;nan;nan;nan;nan;nan;nan;nan;nan;nan;nan;nan;nan;nan;nan;nan;nan;nan;nan;nan,6D,462.0
SLSQP,2,750,12,18,6030,random,6030,82322.75471932825,87784.54073621597,5461.786016887723,True,391.4295524724732,4.863556382000752,-285.148 -595.093;575.902 361.713;-50.584 -272.596;-622.695 146.042;-180.650 183.862;-129.613 638.789;239.451 48.104;253.449 -689.401;294.903 683.511;745.487 -81.333;-689.121 -293.911;393.939 -311.550,nan;nan;nan;nan;nan;nan;nan;nan;nan;nan;nan;nan;nan;nan;nan;nan;nan;nan;nan;81372.586;81372.586;81372.586;81372.586;81372.586;81457.094;81457.094;81457.094;81457.094;81457.094;81457.094;81457.094;81457.094;81457.094;81457.094;81457.094;81457.094;81457.094;81498.979;81499.602;81499.602;81499.602;81499.604;81499.607;81499.616;81499.622;81499.625;81499.625;81499.630;81499.658;81499.703;81499.703;81499.703;81499.703;81499.703;81499.703;81499.703;81499.703;81499.703;81499.703;81499.703;81499.703;81499.703;81510.303;81518.041;81523.435;81528.981;81528.981;81528.981;81528.981;81528.981;81528.981;81528.981;81528.981;81528.981;81528.981;81528.981;81735.305;81740.281;81742.691;81742.691;81744.032;81744.886;81744.886;81744.886;81744.886;81744.886;81744.886;81744.886;81744.886;81744.886;81744.886;81744.886;81744.886;81744.886;81744.886;82030.322;82030.322;82030.322;82030.322;82030.322;82030.322;82030.322;82030.322;82030.322;82030.322;82030.322;82030.322;82030.322;82030.322;82030.322;82030.322;82030.322;82037.939;82042.007;82042.028;82042.028;82042.054;82042.089;82042.109;82042.126;82042.143;82042.166;82042.166;82042.189;82042.206;82042.216;82042.216;82042.216;82042.216;82042.216;82042.216;82042.216;82042.216;82042.216;82042.216;82042.216;82042.216;82042.216;82042.216;82042.216;82042.216;82042.216;82042.216;82042.216;82042.216;82042.216;82042.216;82153.643;82153.643;82153.643;82153.643;82153.643;82153.643;82153.643;82153.643;82153.643;82153.643;82153.643;82153.643;82153.643;82153.643;82153.643;82153.643;82322.755;82322.755;82322.755;82322.755;82322.755;82322.755;82322.755;82322.755;82322.755;82322.755;82322.755;82322.755;82322.755;82322.755;82322.755;82322.755;82322.755;82322.755;82322.755;82322.755;82322.755;82322.755;82322.755;82322.755;82322.755;82322.755;82322.755;82322.755;82322.755;82322.755;82322.755;82322.755;82322.755;82322.755;82322.755;82322.755;82322.755;82322.755,5D,385.0
PSOBV,2,750,12,28,6030,random,6030,82922.6408071356,87784.54073621597,4861.899929080377,True,385.57464253607293,2.8814562679999653,-331.101 -67.880;733.113 152.891;559.514 -300.462;248.208 -590.948;-398.282 441.477;346.403 112.782;127.998 430.534;-123.509 738.649;60.673 -221.901;554.904 504.134;-744.527 80.368;-453.404 -565.353,nan;nan;nan;nan;nan;nan;nan;nan;nan;nan;nan;nan;nan;nan;nan;nan;nan;nan;nan;nan;nan;nan;nan;nan;nan;nan;nan;nan;nan;nan;nan;nan;nan;nan;nan;nan;nan;nan;nan;nan;nan;nan;nan;nan;nan;nan;nan;nan;nan;nan;nan;nan;nan;nan;nan;nan;nan;nan;nan;nan;nan;nan;nan;nan;nan;nan;nan;nan;nan;nan;nan;nan;nan;nan;nan;nan;nan;nan;nan;nan;nan;nan;nan;nan;nan;nan;nan;nan;nan;nan;nan;nan;nan;nan;nan;nan;nan;nan;nan;nan;nan;80618.594;80777.306;80790.813;81057.453;81057.453;81223.157;81300.626;81374.271;81461.559;81578.571;81593.785;81760.937;81760.937;81818.753;81818.753;81853.815;81853.815;81853.815;82123.054;82261.263;82443.816;82455.955;82455.955;82459.662;82459.662;82462.151;82480.890;82480.890;82481.067;82509.618;82535.364;82535.364;82535.364;82538.248;82538.248;82545.403;82553.279;82553.279;82562.493;82562.493;82568.088;82569.514;82579.013;82580.436;82589.410;82589.919;82594.981;82598.296;82639.015;82653.748;82653.748;82808.880;82808.880;82810.764;82811.513;82823.578;82824.059;82832.713;82834.672;82835.164;82836.661;82838.527;82838.801;82838.801;82849.247;82849.247;82858.140;82858.140;82866.845;82866.845;82871.979;82894.207;82899.339;82901.991;82906.638;82909.475;82909.475;82910.360;82910.843;82910.883;82911.366;82911.878;82911.878;82911.878;82911.878;82914.246;82915.654;82916.386;82917.793;82918.029;82918.029;82919.326;82919.829;82920.066;82920.066;82920.066;82921.242;82921.359;82921.942;82922.641,5D,385.0
RSDVNS,2,750,12,8,6030,random,6030,83217.85095980561,87784.54073621597,4566.689776410363,True,385.86156474838515,2.4522886119993927,-222.651 -248.678;-265.522 -700.959;174.902 4.187;-252.738 146.404;-573.552 360.804;189.536 -724.325;356.169 -344.059;-612.095 -100.256;304.739 683.606;-90.301 512.811;663.373 -17.972;541.076 353.482,nan;nan;nan;nan;nan;nan;nan;nan;nan;nan;nan;nan;nan;nan;nan;nan;nan;nan;nan;nan;nan;nan;nan;nan;nan;nan;nan;nan;nan;nan;nan;nan;nan;nan;nan;nan;nan;nan;nan;nan;nan;nan;nan;nan;nan;nan;nan;nan;nan;nan;nan;nan;nan;nan;nan;nan;nan;nan;nan;nan;nan;nan;nan;nan;nan;nan;nan;nan;nan;nan;nan;nan;nan;nan;nan;nan;nan;nan;nan;nan;nan;nan;nan;nan;nan;nan;nan;nan;nan;nan;nan;nan;nan;nan;nan;nan;nan;nan;nan;nan;nan;nan;nan;nan;nan;nan;nan;nan;nan;nan;nan;nan;nan;nan;nan;nan;nan;nan;nan;nan;nan;nan;nan;nan;nan;nan;nan;nan;nan;nan;nan;nan;nan;81572.086;82061.219;82183.546;82223.595;82345.879;82385.165;82460.510;82525.838;82525.838;82579.981;82579.981;82596.481;82618.364;82678.275;82694.783;82694.783;82694.783;82864.084;82866.328;82876.979;82880.219;82880.219;82882.267;82883.988;82883.988;82885.520;82994.313;82994.313;82994.359;82995.602;82999.545;83050.627;83050.627;83050.760;83050.760;83050.760;83050.760;83055.176;83057.868;83071.270;83073.304;83074.407;83077.503;83079.409;83080.511;83082.329;83084.909;83086.010;83086.010;83150.210;83150.210;83154.249;83174.136;83175.558;83179.597;83180.632;83180.632;83180.637;83180.637;83180.637;83180.639;83209.553;83209.555;83212.156;83213.120;83215.119;83216.339;83217.851,5D,385.0
BVNS,2,750,12,18,6030,random,6030,82654.63232396255,87784.54073621597,5129.908412253426,True,385.0542556531375,2.2652627540010144,-527.962 -219.119;272.014 -105.248;-505.672 553.606;232.123 279.274;579.471 -432.106;-443.586 -603.485;-131.031 415.552;80.203 737.495;99.532 -498.372;-237.970 44.294;-650.446 175.503;465.495 587.233,nan;nan;nan;nan;nan;nan;nan;nan;nan;nan;nan;nan;nan;nan;nan;nan;nan;nan;nan;nan;nan;nan;nan;nan;nan;nan;nan;nan;nan;nan;nan;nan;nan;nan;nan;nan;nan;nan;nan;nan;nan;nan;nan;nan;nan;nan;nan;nan;nan;nan;nan;nan;nan;nan;nan;nan;nan;nan;nan;nan;nan;nan;nan;nan;nan;nan;nan;nan;nan;nan;nan;nan;nan;nan;nan;nan;nan;nan;nan;nan;nan;nan;nan;nan;nan;nan;nan;nan;nan;nan;nan;nan;nan;nan;nan;nan;nan;nan;nan;nan;nan;nan;nan;nan;nan;nan;nan;nan;nan;nan;nan;nan;81412.625;81517.068;81550.691;81550.691;81581.103;81586.368;81589.323;81594.626;81597.460;81605.360;81610.649;81731.964;81836.782;81842.040;81842.098;81848.508;81849.529;81854.847;81860.107;81861.115;81889.136;81897.087;81932.204;81937.396;81937.396;81939.919;81948.782;81948.782;81951.285;81953.713;81953.713;81955.005;81956.031;81958.125;82181.537;82182.339;82356.946;82358.236;82358.511;82359.805;82558.255;82559.551;82561.396;82561.925;82563.226;82565.040;82565.536;82566.840;82567.319;82568.625;82568.625;82569.638;82576.415;82580.142;82580.142;82586.835;82586.835;82587.834;82588.586;82589.586;82596.176;82596.176;82597.905;82597.905;82598.886;82605.375;82605.375;82606.336;82612.736;82612.736;82613.677;82619.989;82619.989;82620.910;82621.244;82627.136;82628.039;82628.039;82634.179;82634.179;82635.064;82641.121;82641.121;82647.099;82647.964;82647.964;82653.861;82653.861;82654.632,5D,385.0
PSOC,2,750,12,28,6030,random,6030,82215.19381100891,87784.54073621597,5569.3469252070645,True,385.93275002198334,2.408823896001195,-310.333 -23.532;735.345 140.158;608.737 -275.670;249.987 -514.735;-332.571 414.889;346.159 112.424;126.864 432.431;-104.580 741.263;68.979 -167.157;522.307 470.351;-689.267 116.717;-416.484 -553.780,nan;nan;nan;nan;nan;nan;nan;nan;nan;nan;nan;nan;nan;nan;nan;nan;nan;nan;nan;nan;nan;nan;nan;nan;nan;nan;nan;nan;nan;nan;nan;nan;nan;nan;nan;nan;nan;nan;nan;nan;nan;nan;nan;nan;nan;nan;nan;nan;nan;nan;nan;nan;nan;nan;nan;nan;nan;nan;nan;nan;nan;nan;nan;nan;nan;nan;nan;nan;nan;nan;nan;nan;nan;nan;nan;nan;nan;nan;nan;nan;nan;nan;nan;nan;nan;nan;nan;nan;nan;nan;nan;nan;nan;nan;nan;nan;nan;nan;nan;nan;nan;79634.887;79634.887;79634.887;79634.887;79635.130;79888.088;80042.407;81067.042;81067.042;81067.042;81067.042;81149.473;81181.316;81181.316;81181.316;81181.316;81181.316;81181.316;81181.316;81181.316;81181.316;81295.890;81392.427;81392.427;81392.427;81566.070;81566.070;81566.070;81595.692;81595.692;81595.692;81595.692;81595.692;81595.692;81595.692;81595.692;81595.692;81595.692;81595.692;81595.692;81595.692;81595.692;81595.692;81595.692;81595.692;81595.692;81595.692;81684.883;81684.883;81687.493;81687.493;81687.493;81703.680;81712.231;81712.231;81712.231;81713.662;81713.662;81758.332;81758.332;81758.332;81758.332;81814.918;81844.599;81844.599;81844.599;81844.599;81884.090;81906.501;81906.501;81906.501;81906.501;81906.501;82034.044;82042.987;82042.987;82042.987;82124.208;82124.208;82127.203;82127.203;82127.203;82127.203;82127.203;82127.203;82127.203;82137.673;82137.673;82137.673;82137.673;82137.952;82137.952;82137.952;82159.614;82159.614;82159.614;82164.494;82164.494;82164.494;82215.194,5D,385.0
LXSSA,2,750,12,8,6030,random,6030,80211.43618096162,87784.54073621597,7573.104555254351,False,358.88569745370165,2.5582880599995406,230.344 224.928;242.125 -133.764;332.424 -510.833;662.821 269.967;-265.933 687.597;438.455 600.947;-494.696 91.310;-141.403 -143.031;-474.635 -529.653;-574.545 476.231;77.282 582.595;-169.675 288.316,nan;nan;nan;nan;nan;nan;nan;nan;nan;nan;nan;nan;nan;nan;nan;nan;nan;nan;nan;nan;nan;nan;nan;nan;nan;nan;nan;nan;nan;nan;nan;nan;nan;nan;nan;nan;nan;nan;nan;nan;nan;nan;nan;nan;nan;nan;nan;nan;nan;nan;nan;nan;nan;nan;nan;nan;nan;nan;nan;nan;nan;nan;nan;nan;nan;nan;nan;nan;nan;nan;nan;nan;nan;nan;nan;nan;nan;nan;nan;nan;nan;nan;nan;nan;nan;nan;nan;nan;nan;nan;nan;nan;nan;nan;nan;nan;nan;nan;nan;nan;nan;nan;nan;nan;nan;nan;nan;nan;nan;nan;nan;nan;nan;nan;nan;nan;nan;nan;nan;nan;nan;nan;nan;nan;nan;nan;nan;nan;nan;nan;nan;nan;nan;nan;nan;nan;nan;nan;nan;nan;nan;nan;nan;nan;nan;nan;nan;nan;nan;nan;nan;nan;nan;nan;nan;nan;nan;nan;nan;nan;nan;nan;nan;nan;nan;nan;nan;nan;nan;nan;nan;nan;nan;nan;nan;nan;nan;nan;nan;nan;nan;nan;nan;nan;nan;nan;nan;nan;nan;nan;nan;nan;nan;nan;nan;nan;nan;nan;nan;nan;nan,5D,385.0
DE,2,750,12,18,6030,random,6030,80466.25483017355,87784.54073621597,7318.285906042423,False,258.1162259995145,3.5105989940002473,464.762 -287.185;365.384 -525.404;-587.038 44.169;-3.007 -390.218;-187.361 285.474;715.655 -153.479;-416.722 597.507;46.684 489.001;604.759 370.996;-86.695 -121.972;-624.928 -278.176;308.512 221.518,nan;nan;nan;nan;nan;nan;nan;nan;nan;nan;nan;nan;nan;nan;nan;nan;nan;nan;nan;nan;nan;nan;nan;nan;nan;nan;nan;nan;nan;nan;nan;nan;nan;nan;nan;nan;nan;nan;nan;nan;nan;nan;nan;nan;nan;nan;nan;nan;nan;nan;nan;nan;nan;nan;nan;nan;nan;nan;nan;nan;nan;nan;nan;nan;nan;nan;nan;nan;nan;nan;nan;nan;nan;nan;nan;nan;nan;nan;nan;nan;nan;nan;nan;nan;nan;nan;nan;nan;nan;nan;nan;nan;nan;nan;nan;nan;nan;nan;nan;nan;nan;nan;nan;nan;nan;nan;nan;nan;nan;nan;nan;nan;nan;nan;nan;nan;nan;nan;nan;nan;nan;nan;nan;nan;nan;nan;nan;nan;nan;nan;nan;nan;nan;nan;nan;nan;nan;nan;nan;nan;nan;nan;nan;nan;nan;nan;nan;nan;nan;nan;nan;nan;nan;nan;nan;nan;nan;nan;nan;nan;nan;nan;nan;nan;nan;nan;nan;nan;nan;nan;nan;nan;nan;nan;nan;nan;nan;nan;nan;nan;nan;nan;nan;nan;nan;nan;nan;nan;nan;nan;nan;nan;nan;nan;nan;nan;nan;nan;nan;nan;nan,5D,385.0
SLSQP,1,1000,10,28,6030,random,6030,139439.68766050777,140457.3736973483,1017.6860368405178,True,478.4276007632174,4.584475144998578,-373.265 927.691;-947.832 220.174;-480.233 118.960;382.124 -826.370;445.298 185.092;942.397 329.079;-462.592 -884.232;-10.098 468.509;-22.459 -551.488;-659.055 -345.699,nan;nan;nan;nan;nan;nan;136830.344;136830.344;136830.344;136831.140;136831.140;136831.140;136831.140;136851.437;136984.796;136984.796;136984.796;136984.796;136984.796;136984.796;136984.796;136984.796;136984.796;136984.796;136984.796;138345.239;138346.563;138346.563;138346.563;138346.563;138346.563;138346.563;138372.555;138375.720;138375.720;138375.720;138375.720;138375.720;138395.260;138395.260;138395.260;138395.260;138449.386;138449.386;138449.386;138449.386;138449.386;138449.387;138449.388;138449.576;138449.577;138449.577;138449.577;138449.577;138449.577;138449.577;138449.577;138449.577;138449.577;138449.577;138449.577;138449.577;138449.577;138449.577;138449.578;138449.588;138449.605;138449.617;138449.617;138449.629;138449.642;138449.655;138450.327;138450.327;138454.944;138456.360;138456.360;138456.360;138456.360;138626.504;138626.505;138626.824;138626.824;138626.824;138626.824;138626.824;138626.824;138626.824;138626.824;138626.824;138626.824;138780.412;138863.310;138909.010;138909.010;138909.010;138909.010;138909.010;138909.010;138909.010;139252.611;139257.215;139259.805;139260.351;139260.589;139261.091;139261.360;139262.180;139262.180;139262.180;139262.180;139262.180;139262.180;139262.180;139262.180;139262.180;139262.180;139262.180;139262.180;139262.433;139416.200;139416.200;139416.200;139424.118;139424.118;139424.118;139431.878;139432.186;139432.187;139432.190;139432.199;139432.199;139432.199;139432.199;139432.199;139432.199;139432.199;139432.199;139432.345;139432.415;139432.415;139432.415;139432.415;139435.364;139435.368;139435.894;139435.894;139438.425;139438.425;139438.425;139438.425;139438.425;139438.425;139438.425;139438.425;139438.425;139438.425;139438.425;139438.425;139438.425;139438.425;139438.425;139438.425;139438.425;139438.425;139438.425;139438.425;139438.425;139438.425;139438.425;139438.425;139438.425;139438.425;139438.425;139438.425;139438.425;139438.425;139438.425;139438.425;139438.425;139438.425;139438.425;139438.425;139438.425;139438.425;139438.425;139438.425;139438.425;139438.425;139438.425;139438.425;139438.425;139438.425;139438.425;139438.425;139438.425;139438.425;139438.425;139438.425;139438.425;139439.688,6D,462.0
SSABV,1,1000,10,8,6030,random,6030,139465.7948462279,140457.3736973483,991.5788511204009,True,489.65875066595333,2.765955225999278,908.222 175.314;839.490 -541.995;319.367 -420.549;-235.359 970.741;321.238 337.795;-860.863 504.401;505.407 860.793;-244.284 87.350;1.253 -860.442;-488.282 -871.449,nan;nan;nan;nan;nan;nan;nan;nan;nan;nan;nan;nan;nan;nan;nan;nan;nan;nan;nan;nan;nan;nan;nan;nan;nan;nan;nan;nan;nan;nan;nan;nan;nan;nan;nan;nan;nan;nan;nan;nan;nan;nan;nan;nan;nan;nan;137817.867;137817.867;137817.867;137866.869;137922.146;138108.777;138174.743;138909.055;138909.055;138909.055;138940.942;138950.241;138960.927;138960.927;138962.164;138973.967;138975.326;138976.206;138978.446;138981.293;138983.501;138985.331;138987.470;138988.721;138989.805;138991.014;138991.369;138991.728;138992.122;138992.420;138992.677;138992.857;138993.011;138993.169;138993.232;138993.282;138993.299;138993.332;138993.353;138993.368;138993.383;138993.400;138993.408;138993.413;138993.418;138993.421;138993.424;138993.425;138993.427;138993.428;138993.429;138993.430;138993.430;138993.431;138993.431;139013.761;139025.656;139040.333;139040.755;139055.440;139055.440;139055.707;139211.686;139214.098;139368.768;139395.221;139397.721;139399.776;139401.017;139401.017;139407.489;139407.489;139408.145;139408.145;139409.116;139409.116;139410.053;139413.189;139413.314;139413.314;139413.594;139414.851;139415.325;139415.783;139416.070;139417.310;139417.766;139418.770;139419.546;139423.264;139423.264;139423.713;139424.702;139424.713;139426.062;139429.110;139429.369;139430.469;139430.873;139432.195;139433.169;139433.189;139433.901;139436.997;139437.256;139437.485;139438.966;139439.396;139440.353;139440.381;139441.072;139441.772;139442.027;139442.056;139442.430;139442.679;139442.925;139443.098;139443.318;139443.346;139443.503;139443.656;139443.776;139443.805;139443.847;139443.878;139443.878;139446.923;139449.916;139452.857;139452.857;139452.894;139452.922;139454.239;139454.239;139455.498;139456.419;139456.449;139457.102;139459.987;139460.653;139460.691;139460.691;139463.533;139463.533;139463.561;139463.561;139464.175;139464.626;139464.705;139464.953;139465.155;139465.604;139465.604;139465.795,6D,462.0
RSDVNS,1,1000,10,18,6030,random,6030,139562.78164002366,140457.3736973483,894.5920573246258,True,465.0016971950418,2.116974153999763,392.500 -919.569;372.035 218.839;-700.557 -700.473;800.976 595.043;-86.825 995.326;-702.577 49.427;-372.318 617.396;-66.348 -994.965;184.899 -476.152;795.688 -506.783,nan;nan;nan;nan;nan;nan;nan;nan;nan;nan;nan;nan;nan;nan;nan;nan;nan;nan;nan;nan;nan;nan;nan;nan;nan;nan;nan;nan;nan;nan;nan;nan;nan;nan;nan;nan;nan;nan;nan;nan;nan;nan;nan;nan;nan;nan;nan;nan;nan;nan;nan;nan;nan;nan;nan;nan;nan;nan;nan;nan;nan;nan;nan;nan;nan;nan;nan;nan;nan;nan;nan;nan;nan;nan;nan;nan;nan;nan;nan;nan;nan;nan;nan;nan;nan;nan;nan;nan;nan;nan;nan;nan;nan;nan;nan;nan;nan;nan;nan;nan;nan;nan;nan;137646.880;138619.887;138682.439;138682.439;138705.186;138716.492;138723.034;138744.746;138762.308;138771.100;138772.138;138803.252;139058.133;139066.919;139217.545;139217.545;139217.968;139219.563;139241.358;139266.954;139267.544;139268.749;139305.988;139307.422;139334.284;139335.651;139336.872;139352.970;139399.546;139405.761;139427.970;139455.317;139474.922;139474.922;139474.922;139508.016;139509.055;139511.166;139511.166;139511.166;139515.699;139515.858;139519.889;139523.059;139523.555;139525.458;139525.458;139525.938;139526.070;139526.070;139526.140;139526.185;139526.185;139527.068;139528.592;139528.592;139529.128;139529.741;139550.231;139550.768;139551.297;139551.297;139551.300;139551.300;139551.731;139552.482;139552.482;139552.703;139552.963;139553.178;139553.707;139554.445;139554.660;139555.116;139555.116;139555.335;139555.548;139556.278;139556.788;139557.002;139557.217;139557.429;139557.934;139558.643;139558.855;139558.974;139559.069;139559.771;139559.982;139560.678;139560.678;139560.888;139561.007;139561.696;139562.260;139562.378;139562.525;139562.782,6D,462.0
BVNS,1,1000,10,28,6030,random,6030,138900.01695416737,140457.3736973483,1557.3567431809206,True,462.46295472146926,2.0326342640000803,-397.405 -917.012;-372.686 361.056;208.212 868.015;586.952 14.811;-455.069 890.215;-142.418 -413.043;591.971 -782.086;918.836 -393.078;7.409 97.619;918.191 394.846,nan;nan;nan;nan;nan;nan;nan;nan;nan;nan;nan;nan;nan;nan;nan;nan;nan;nan;nan;nan;nan;nan;nan;nan;nan;nan;nan;nan;nan;nan;nan;nan;nan;nan;nan;nan;nan;nan;nan;nan;nan;nan;nan;nan;nan;nan;nan;nan;nan;nan;nan;nan;135251.477;136274.758;136972.038;137157.146;137157.146;137519.149;137861.483;137878.612;137881.592;137948.200;137965.330;137971.091;137971.091;138038.920;138277.622;138277.622;138279.977;138307.497;138307.497;138413.847;138559.716;138666.067;138747.029;138748.098;138785.115;138807.205;138808.317;138808.317;138808.317;138838.585;138867.268;138867.268;138871.335;138872.602;138872.602;138873.145;138873.145;138887.138;138887.138;138887.382;138887.382;138894.577;138894.815;138898.541;138898.541;138898.704;138898.863;138898.863;138898.979;138899.092;138899.092;138899.212;138899.289;138899.409;138899.593;138899.593;138899.690;138899.767;138899.843;138899.843;138899.898;138899.942;138900.017;138900.017;138900.017;138900.017;138900.017;138900.017;138900.017;138900.017;138900.017;138900.017;138900.017;138900.017;138900.017;138900.017;138900.017;138900.017;138900.017;138900.017;138900.017;138900.017;138900.017;138900.017;138900.017;138900.017;138900.017;138900.017;138900.017;138900.017;138900.017;138900.017;138900.017;138900.017;138900.017;138900.017;138900.017;138900.017;138900.017;138900.017;138900.017;138900.017;138900.017;138900.017;138900.017;138900.017;138900.017;138900.017;138900.017;138900.017;138900.017;138900.017;138900.017;138900.017;138900.017;138900.017;138900.017;138900.017;138900.017;138900.017;138900.017;138900.017;138900.017;138900.017;138900.017;138900.017;138900.017;138900.017;138900.017;138900.017;138900.017;138900.017;138900.017;138900.017;138900.017;138900.017;138900.017;138900.017;138900.017;138900.017;138900.017;138900.017;138900.017;138900.017;138900.017;138900.017;138900.017;138900.017;138900.017,6D,462.0
SSA,1,1000,10,8,6030,random,6030,139782.71269054318,140457.3736973483,674.6610068051086,True,478.8256608164288,2.0461327630000596,98.502 -437.142;347.596 300.880;-148.691 -913.646;128.155 831.380;568.826 -526.971;-860.642 -500.592;-557.903 825.126;-860.848 255.502;790.727 63.226;-129.070 154.722,nan;nan;nan;nan;nan;nan;nan;nan;nan;nan;nan;nan;nan;nan;nan;nan;nan;nan;nan;nan;nan;nan;nan;nan;nan;nan;nan;nan;nan;nan;nan;nan;nan;nan;nan;nan;nan;nan;nan;nan;nan;nan;nan;nan;nan;nan;nan;nan;nan;nan;nan;nan;nan;nan;nan;nan;nan;nan;nan;nan;nan;nan;nan;nan;nan;nan;nan;nan;nan;nan;nan;nan;nan;nan;nan;nan;nan;nan;nan;137368.201;137368.201;137368.201;137368.201;137368.201;137368.201;137368.201;137970.447;137970.447;137970.447;137970.447;138882.727;138882.727;138882.727;138882.727;138882.727;139260.002;139260.002;139260.002;139260.002;139260.002;139260.002;139260.002;139260.002;139342.163;139342.163;139551.825;139551.825;139551.825;139551.825;139551.825;139553.959;139591.167;139591.167;139687.621;139687.621;139687.621;139697.924;139697.924;139697.924;139702.684;139718.807;139756.593;139757.193;139757.193;139758.659;139769.912;139770.338;139771.407;139772.576;139773.065;139774.134;139774.917;139775.900;139776.366;139777.345;139777.786;139778.478;139778.765;139779.285;139779.515;139779.988;139780.317;139780.482;139780.781;139780.966;139781.108;139781.279;139781.570;139781.686;139781.762;139781.884;139782.011;139782.090;139782.140;139782.235;139782.303;139782.361;139782.406;139782.452;139782.492;139782.514;139782.527;139782.561;139782.585;139782.598;139782.610;139782.625;139782.640;139782.649;139782.657;139782.664;139782.671;139782.676;139782.681;139782.684;139782.687;139782.689;139782.694;139782.696;139782.698;139782.700;139782.702;139782.703;139782.705;139782.706;139782.707;139782.708;139782.709;139782.710;139782.710;139782.711;139782.711;139782.711;139782.712;139782.712;139782.712;139782.712;139782.712;139782.712;139782.713;139782.713,6D,462.0
LXSSA,1,1000,10,18,6030,random,6030,138865.80873024772,140457.3736973483,1591.5649671005667,True,463.8635203803136,2.2788173200005986,-350.064 -119.469;-294.313 749.658;374.939 65.701;-493.625 -848.391;403.321 660.676;373.178 -820.570;866.669 -17.266;-26.921 -480.059;-830.305 -529.304;-829.074 335.010,nan;nan;nan;nan;nan;nan;nan;nan;nan;nan;nan;nan;nan;nan;nan;nan;nan;nan;nan;nan;nan;nan;nan;nan;nan;nan;nan;nan;nan;nan;nan;nan;nan;nan;nan;nan;nan;nan;nan;nan;nan;nan;nan;nan;nan;nan;nan;nan;nan;nan;nan;nan;nan;nan;nan;nan;nan;nan;nan;nan;nan;nan;nan;nan;nan;nan;nan;nan;nan;nan;nan;nan;nan;nan;nan;nan;nan;nan;nan;nan;nan;nan;nan;137916.835;137916.835;137916.835;137916.835;138165.472;138165.472;138165.472;138354.511;138374.801;138374.801;138508.263;138508.263;138517.771;138517.771;138570.346;138570.346;138570.346;138570.346;138570.346;138819.392;138819.392;138819.392;138819.392;138819.392;138819.392;138819.392;138819.392;138819.392;138820.631;138820.631;138820.631;138820.631;138821.198;138821.198;138824.652;138829.549;138829.549;138829.549;138830.499;138830.499;138831.047;138833.671;138833.671;138835.446;138836.686;138838.184;138838.184;138841.238;138841.238;138841.836;138843.163;138843.163;138843.366;138843.931;138845.636;138845.636;138846.658;138846.681;138848.198;138848.198;138856.939;138856.939;138862.609;138862.609;138862.609;138863.200;138863.200;138863.535;138863.535;138863.801;138863.801;138863.936;138863.980;138864.045;138864.066;138864.157;138864.380;138864.380;138864.573;138864.573;138864.573;138864.654;138864.799;138864.799;138864.973;138864.973;138865.017;138865.017;138865.072;138865.072;138865.097;138865.097;138865.294;138865.294;138865.413;138865.413;138865.602;138865.602;138865.619;138865.619;138865.683;138865.683;138865.683;138865.685;138865.727;138865.727;138865.762;138865.762;138865.780;138865.780;138865.807;138865.807;138865.807;138865.807;138865.807;138865.808;138865.809;138865.809,6D,462.0
DE,1,1000,10,28,6030,random,6030,133385.91939424718,140457.3736973483,7071.454303101113,False,388.53826418098487,2.4560642650012596,206.604 836.081;128.743 -762.402;-322.092 -563.373;-692.559 -215.020;686.599 425.628;-301.570 89.210;-739.585 170.662;-5.272 -191.511;277.046 234.629;859.841 -224.470,nan;nan;nan;nan;nan;nan;nan;nan;nan;nan;nan;nan;nan;nan;nan;nan;nan;nan;nan;nan;nan;nan;nan;nan;nan;nan;nan;nan;nan;nan;nan;nan;nan;nan;nan;nan;nan;nan;nan;nan;nan;nan;nan;nan;nan;nan;nan;nan;nan;nan;nan;nan;nan;nan;nan;nan;nan;nan;nan;nan;nan;nan;nan;nan;nan;nan;nan;nan;nan;nan;nan;nan;nan;nan;nan;nan;nan;nan;nan;nan;nan;nan;nan;nan;nan;nan;nan;nan;nan;nan;nan;nan;nan;nan;nan;nan;nan;nan;nan;nan;nan;nan;nan;nan;nan;nan;nan;nan;nan;nan;nan;nan;nan;nan;nan;nan;nan;nan;nan;nan;nan;nan;nan;nan;nan;nan;nan;nan;nan;nan;nan;nan;nan;nan;nan;nan;nan;nan;nan;nan;nan;nan;nan;nan;nan;nan;nan;nan;nan;nan;nan;nan;nan;nan;nan;nan;nan;nan;nan;nan;nan;nan;nan;nan;nan;nan;nan;nan;nan;nan;nan;nan;nan;nan;nan;nan;nan;nan;nan;nan;nan;nan;nan;nan;nan;nan;nan;nan;nan;nan;nan;nan;nan;nan;nan;nan;nan;nan;nan;nan;nan,6D,462.0
PSOBV,1,1000,10,8,6030,random,6030,139683.39440408623,140457.3736973483,773.9792932620621,True,406.91403673273,2.178509621999183,940.480 222.174;29.527 -142.838;255.356 -966.744;-263.075 744.249;54.817 998.265;-578.010 451.758;536.915 711.465;-946.682 -182.698;547.709 -449.325;-299.888 -686.841,nan;nan;nan;nan;nan;nan;nan;nan;nan;nan;nan;135502.995;135502.995;135844.594;135844.594;135844.594;135844.594;135844.594;135844.594;135844.594;135844.594;135844.594;137061.375;137061.375;137061.375;137061.375;137160.692;137160.692;137896.663;137896.663;137896.663;137896.663;137969.041;137969.041;138665.353;138672.463;138720.633;138720.633;138720.633;138720.633;138720.633;139356.187;139356.187;139356.187;139356.187;139356.187;139420.172;139420.172;139420.172;139420.172;139420.172;139420.172;139420.172;139420.172;139420.172;139437.792;139437.792;139437.792;139437.792;139437.792;139437.792;139437.792;139438.290;139438.290;139438.290;139438.290;139438.290;139438.290;139438.290;139438.290;139439.476;139439.476;139440.440;139441.270;139441.872;139441.872;139442.439;139442.534;139442.603;139442.653;139442.690;139442.717;139442.736;139442.751;139442.761;139442.769;139442.774;139442.778;139442.781;139442.783;139442.785;139471.851;139471.851;139471.851;139482.106;139482.106;139482.106;139483.150;139483.150;139483.150;139483.150;139513.490;139533.160;139544.864;139556.793;139568.591;139568.591;139578.593;139593.232;139601.876;139601.876;139618.070;139623.998;139632.709;139632.709;139649.454;139649.454;139654.029;139654.693;139655.567;139656.596;139657.577;139658.242;139658.242;139662.762;139667.530;139667.996;139668.478;139668.928;139669.629;139669.629;139670.204;139671.857;139672.433;139672.636;139673.599;139673.771;139674.339;139674.542;139675.492;139675.492;139675.949;139676.633;139676.719;139677.086;139677.286;139677.286;139677.639;139677.639;139678.574;139678.725;139679.081;139679.186;139679.380;139679.531;139679.886;139679.991;139680.184;139680.503;139680.685;139680.695;139680.840;139680.979;139681.027;139681.268;139681.543;139681.643;139681.643;139681.818;139681.818;139682.282;139682.306;139682.426;139682.563;139682.707;139682.844;139682.844;139682.916;139682.938;139682.938;139683.118;139683.214;139683.299;139683.394;139683.394;139683.394;139683.394;139683.394;139683.394;139683.394;139683.394;139683.394;139683.394;139683.394;139683.394;139683.394;139683.394;139683.394;139683.394;139683.394;139683.394,5D,385.0
SSABV,1,1000,10,18,6030,random,6030,138700.6441762938,140457.3736973483,1756.7295210544835,True,407.2423857273489,2.152361493999706,-634.681 -678.573;49.344 518.749;-108.634 -586.361;-329.814 282.715;138.311 -219.815;725.482 -687.901;411.679 176.849;409.988 893.113;-463.110 -154.612;-823.673 34.704,nan;nan;nan;nan;nan;nan;nan;nan;nan;nan;nan;nan;nan;nan;nan;nan;nan;nan;nan;nan;nan;nan;nan;nan;nan;nan;nan;nan;nan;nan;nan;nan;nan;nan;135774.139;135774.139;135774.139;135774.139;135774.139;135774.139;135774.139;135774.139;135774.139;135774.139;135774.139;135774.139;136067.166;136067.166;136509.425;136840.138;136840.138;137309.409;137364.875;137823.161;137823.161;137823.161;137823.161;137823.161;137823.161;137823.161;137823.161;137832.970;137889.419;137894.047;137900.827;137909.438;137913.135;137920.444;137925.075;137929.551;137930.498;137931.843;137934.031;137934.414;137935.763;137936.419;137936.936;137937.394;137937.673;137938.031;137938.307;137938.540;137938.693;137938.818;137938.907;137938.991;137939.031;137939.074;137939.114;137939.132;137939.148;137939.159;137939.163;137939.169;137939.173;137939.177;137939.178;137939.180;137939.182;137939.183;137939.184;138064.639;138117.469;138137.609;138159.816;138297.444;138297.444;138298.869;138310.039;138321.204;138323.869;138327.821;138327.821;138356.097;138356.097;138367.681;138390.636;138390.636;138398.563;138399.124;138401.194;138403.483;138404.045;138404.808;138406.819;138409.325;138409.886;138675.488;138675.592;138676.153;138676.153;138676.457;138676.629;138676.629;138680.547;138680.830;138681.683;138681.966;138682.655;138682.935;138682.935;138683.056;138684.183;138684.183;138685.303;138686.414;138687.517;138687.517;138688.612;138688.612;138688.686;138691.038;138691.038;138692.982;138693.122;138693.466;138693.466;138693.593;138693.720;138694.063;138694.063;138694.201;138694.543;138694.668;138694.882;138695.008;138695.133;138695.471;138695.471;138695.609;138695.945;138696.070;138696.070;138696.207;138696.541;138696.665;138696.665;138696.789;138697.122;138697.257;138697.453;138697.589;138697.712;138697.847;138697.847;138697.969;138698.031;138698.047;138698.123;138698.186;138698.260;138698.270;138698.340;138698.404;138698.473;138698.493;138699.019;138699.562;138700.104;138700.104;138700.644,5D,385.0
RSDVNS,1,1000,10,28,6030,random,6030,139828.49688506318,140457.3736973483,628.8768122851034,True,398.22277389740515,2.0650849209996522,2.260 81.107;-331.358 -505.969;-979.749 158.320;970.162 -173.555;11.025 -950.000;751.084 643.625;-638.598 726.376;206.678 599.322;573.333 -1.193;-729.025 -526.999,nan;nan;nan;nan;nan;nan;nan;nan;nan;nan;nan;nan;nan;nan;nan;nan;nan;nan;nan;nan;nan;nan;135277.354;135277.354;135277.354;135277.354;135277.354;135277.354;135277.354;135277.354;135277.354;135277.354;135277.354;135277.354;135277.354;136161.877;136161.877;136161.877;136161.877;136161.877;136161.877;136161.877;136161.877;136161.877;139236.825;139236.825;139236.825;139236.825;139236.825;139236.825;139236.825;139236.825;139236.825;139236.825;139236.825;139236.825;139236.825;139236.825;139236.825;139236.825;139236.825;139236.825;139236.825;139236.825;139236.825;139236.825;139236.825;139236.825;139236.825;139236.825;139236.825;139236.825;139236.825;139236.825;139236.825;139236.825;139236.825;139236.825;139236.825;139236.825;139236.825;139236.825;139236.825;139236.825;139236.825;139236.825;139236.825;139236.825;139236.825;139236.825;139236.825;139236.825;139236.825;139236.825;139236.825;139236.825;139236.825;139236.825;139236.825;139236.825;139264.717;139297.106;139297.106;139328.969;139352.634;139359.526;139379.594;139389.467;139391.010;139408.908;139429.183;139439.021;139447.572;139465.685;139487.570;139506.879;139522.566;139532.372;139555.824;139589.806;139712.286;139736.842;139736.842;139752.563;139756.393;139756.393;139758.955;139760.554;139763.217;139766.980;139769.411;139779.463;139779.463;139781.134;139782.267;139782.657;139793.610;139793.610;139795.532;139795.532;139800.307;139801.278;139801.278;139802.425;139805.424;139805.424;139806.100;139806.894;139807.652;139807.652;139807.687;139807.687;139808.242;139809.467;139810.303;139811.271;139811.822;139812.140;139812.143;139812.517;139812.883;139813.201;139813.201;139813.515;139813.877;139813.877;139814.107;139814.107;139814.107;139814.823;139814.823;139815.070;139815.070;139815.088;139815.354;139815.468;139815.486;139815.486;139815.486;139815.486;139815.486;139815.486;139815.486;139815.486;139815.486;139815.486;139815.486;139815.486;139815.486;139815.486;139815.486;139815.486;139815.486;139815.486;139815.486;139815.486;139816.681;139826.665;139828.485;139828.485;139828.497,5D,385.0
PSOC,1,1000,10,8,6030,random,6030,139669.3683480725,140457.3736973483,788.0053492758016,True,413.89816494046534,2.129175023999778,905.957 86.759;23.640 -158.812;351.825 -892.693;-281.017 735.479;39.221 997.699;-625.504 485.501;518.180 735.464;-888.344 -127.906;491.936 -465.542;-269.947 -913.566,nan;nan;nan;nan;nan;nan;nan;nan;nan;nan;nan;135502.995;135502.995;135844.594;135844.594;135844.594;135844.594;135844.594;135844.594;135844.594;135844.594;135844.594;137061.375;137061.375;137061.375;137061.375;137160.692;137160.692;137896.663;137896.663;137896.663;137896.663;137969.041;137969.041;138665.353;138672.463;138720.633;138720.633;138720.633;138720.633;138720.633;139356.187;139356.187;139356.187;139356.187;139356.187;139420.172;139420.172;139420.172;139420.172;139420.172;139420.172;139420.172;139420.172;139420.172;139437.792;139437.792;139437.792;139437.792;139437.792;139437.792;139437.792;139438.290;139438.290;139438.290;139438.290;139438.290;139438.290;139438.290;139438.290;139439.476;139439.476;139440.440;139441.270;139441.872;139441.872;139442.439;139442.534;139442.603;139442.653;139442.690;139442.717;139442.736;139442.751;139442.761;139442.769;139442.774;139442.778;139442.781;139442.783;139442.785;139471.851;139471.851;139471.851;139482.106;139482.106;139482.106;139483.150;139483.150;139483.150;139483.150;139483.150;139483.150;139496.540;139496.540;139508.061;139508.061;139521.691;139521.691;139521.691;139521.691;139539.227;139539.227;139539.227;139539.227;139563.314;139583.088;139583.088;139583.088;139583.088;139583.088;139583.088;139583.088;139583.088;139583.088;139583.088;139583.088;139584.789;139584.789;139584.789;139584.789;139585.865;139585.865;139585.865;139591.189;139591.189;139591.570;139610.616;139610.750;139613.474;139613.474;139614.245;139615.767;139615.767;139629.267;139629.267;139629.267;139629.267;139629.267;139629.267;139629.892;139629.892;139631.535;139631.535;139631.535;139631.535;139632.001;139632.001;139632.309;139632.329;139632.541;139632.740;139632.740;139632.897;139633.511;139635.806;139635.806;139635.806;139635.806;139635.806;139635.806;139635.806;139635.806;139635.806;139635.806;139636.762;139636.762;139636.762;139636.762;139636.762;139637.091;139637.091;139637.405;139637.405;139637.405;139637.405;139637.427;139637.427;139637.427;139637.761;139637.998;139638.049;139638.049;139639.370;139639.370;139639.370;139639.370;139639.370;139639.370;139639.370;139669.368,5D,385.0
SSA,1,1000,10,18,6030,random,6030,139312.1050393182,140457.3736973483,1145.2686580300797,True,443.49150714370006,2.0956397999998444,-924.418 -282.910;559.859 606.830;-731.053 -682.027;-92.265 309.185;273.677 -71.483;13.106 918.795;-565.649 412.271;-402.414 -19.509;-82.701 -603.710;727.862 27.133,nan;nan;nan;nan;nan;nan;nan;nan;nan;nan;nan;nan;nan;nan;nan;nan;nan;nan;nan;nan;nan;nan;nan;nan;nan;nan;nan;nan;nan;nan;nan;nan;nan;nan;nan;nan;nan;nan;nan;nan;nan;nan;nan;nan;nan;nan;nan;nan;nan;nan;nan;nan;nan;nan;nan;nan;nan;nan;nan;nan;nan;nan;nan;nan;nan;nan;nan;nan;nan;nan;nan;nan;nan;nan;nan;nan;nan;137028.141;137988.287;137988.287;137988.287;137988.287;137988.287;138441.177;138441.177;138521.051;138567.175;138567.175;138598.996;138606.249;138606.249;139087.903;139087.903;139087.903;139087.903;139087.903;139087.903;139087.903;139114.560;139234.532;139234.532;139234.532;139248.777;139248.777;139248.777;139248.777;139248.777;139248.777;139250.662;139250.662;139258.606;139268.984;139270.834;139270.834;139274.526;139283.839;139283.839;139285.010;139285.010;139285.010;139285.010;139288.600;139293.165;139293.165;139296.447;139296.447;139300.480;139300.480;139300.480;139300.480;139300.480;139300.646;139301.594;139303.719;139303.719;139303.719;139303.719;139304.478;139305.011;139305.654;139306.750;139306.750;139306.957;139307.444;139307.854;139308.489;139308.883;139309.467;139309.881;139310.056;139310.355;139310.486;139310.710;139310.988;139311.099;139311.207;139311.311;139311.458;139311.509;139311.585;139311.636;139311.708;139311.771;139311.804;139311.847;139311.886;139311.938;139311.959;139311.980;139311.992;139312.001;139312.015;139312.030;139312.041;139312.049;139312.055;139312.062;139312.066;139312.074;139312.080;139312.084;139312.087;139312.091;139312.092;139312.094;139312.095;139312.096;139312.097;139312.098;139312.099;139312.100;139312.101;139312.102;139312.102;139312.103;139312.103;139312.104;139312.104;139312.104;139312.105;139312.105,5D,385.0
LXSSA,1,1000,10,28,6030,random,6030,139099.29225373847,140457.3736973483,1358.0814436098153,True,426.2024488945026,2.8998508129989204,-518.759 -505.392;65.762 -863.300;-164.876 836.926;692.410 -709.202;800.821 0.728;-333.929 364.118;-159.921 -94.617;-711.765 -125.395;-880.312 474.396;269.186 450.451,nan;nan;nan;nan;nan;nan;nan;nan;nan;nan;nan;nan;nan;nan;nan;nan;nan;nan;nan;nan;nan;nan;nan;nan;nan;nan;nan;nan;nan;nan;nan;nan;nan;nan;nan;nan;nan;nan;nan;nan;nan;nan;nan;nan;nan;nan;nan;nan;nan;nan;nan;nan;nan;nan;nan;nan;nan;nan;nan;134834.462;134834.462;134834.462;134834.462;136026.037;136026.037;136872.909;136872.909;136872.909;136872.909;136872.909;136872.909;137678.485;137678.485;137678.485;137678.485;137678.485;137678.485;137743.286;137743.286;137743.286;137743.286;138515.337;138515.337;138526.551;138526.551;138540.896;138540.896;138669.641;138669.641;138669.641;138669.641;138669.641;138669.641;138694.456;138694.456;138726.915;138726.915;138742.163;138742.163;138820.419;138837.038;138944.310;138957.742;138957.742;138976.101;138976.101;138976.101;138991.840;138991.840;138998.578;138998.578;139013.941;139013.941;139022.566;139022.566;139023.428;139024.720;139026.322;139029.549;139029.650;139031.969;139034.596;139035.272;139035.272;139038.184;139039.554;139041.946;139047.564;139047.564;139048.665;139049.611;139053.473;139053.473;139056.172;139056.172;139056.221;139056.720;139061.790;139061.790;139062.170;139062.882;139068.414;139068.414;139069.272;139069.272;139069.368;139069.698;139070.030;139070.079;139071.611;139071.611;139076.022;139076.022;139077.349;139077.349;139083.873;139083.873;139096.966;139096.966;139096.966;139097.073;139097.073;139097.136;139097.136;139097.185;139097.361;139097.361;139097.361;139097.380;139097.939;139097.939;139097.939;139097.957;139098.478;139098.478;139098.830;139098.830;139098.864;139098.864;139098.864;139098.869;139099.133;139099.133;139099.194;139099.194;139099.221;139099.221;139099.221;139099.223;139099.271;139099.271;139099.271;139099.272;139099.272;139099.273;139099.281;139099.281;139099.292;139099.292;139099.292;139099.292,5D,385.0
SLSQP,2,1000,10,8,6030,random,6030,71422.37053351579,73153.78394684664,1731.4134133308544,True,462.02250180488653,4.848674672000925,988.684 149.932;721.231 -261.824;384.840 -893.612;16.578 964.872;-1.418 160.100;-952.812 300.301;512.341 500.857;-986.887 -160.463;-218.365 -464.766;-425.929 -888.510,nan;nan;nan;nan;nan;nan;nan;70454.321;70454.321;70454.321;70454.321;70454.321;70454.321;70454.321;70454.321;70454.321;70945.967;70958.467;70958.467;70958.467;70958.467;70961.863;70963.744;70964.271;70964.871;70965.024;70971.572;70972.667;70973.885;70975.692;70979.247;70980.606;70980.606;70980.606;70980.606;70980.606;70980.606;70980.606;70980.606;70980.606;70980.606;70980.606;70980.606;70980.606;70980.606;70980.606;70980.606;70983.746;70985.068;70989.774;70990.284;70990.769;70991.373;70991.467;70991.565;70991.657;70991.659;70991.659;70991.660;70991.660;70991.660;70991.660;70991.660;70991.660;70991.660;70991.660;70991.660;70991.660;70991.660;70991.660;70991.660;70991.660;70991.660;70991.660;70991.660;70991.660;70991.660;70991.660;70991.660;70991.660;70991.660;70991.660;70991.660;70991.660;70991.660;70991.660;70991.660;70991.660;70991.660;70991.660;70991.660;70991.660;70991.660;70991.660;70991.660;70991.660;70991.660;70991.660;70991.660;70991.660;70991.660;70991.660;70991.660;70991.660;70991.660;70991.660;70991.660;70991.660;70991.660;70991.660;70991.660;70991.660;70991.660;70991.660;70991.660;70991.660;70991.660;70991.660;70991.660;70991.660;70991.660;70991.660;70991.660;70991.660;70991.660;70991.660;70991.660;70991.660;70991.660;70991.660;70991.660;70991.660;70991.660;70991.660;70991.660;70991.660;70991.660;70991.660;70991.660;70991.660;70991.660;70991.660;70991.660;70991.660;70991.660;70991.660;70991.660;70991.660;70991.660;70991.660;70991.660;70991.660;70991.660;70991.660;70991.660;70991.660;70991.660;71422.371;71422.371;71422.371;71422.371;71422.371;71422.371;71422.371;71422.371;71422.371;71422.371;71422.371;71422.371;71422.371;71422.371;71422.371;71422.371;71422.371;71422.371;71422.371;71422.371;71422.371;71422.371;71422.371;71422.371;71422.371;71422.371;71422.371;71422.371;71422.371;71422.371;71422.371;71422.371;71422.371;71422.371;71422.371;71422.371;71422.371;71422.371;71422.371;71422.371;71422.371;71422.371;71422.371;71422.371,6D,462.0
PSOBV,2,1000,10,18,6030,random,6030,71961.970257139,73153.78394684664,1191.8136897076474,True,553.7607163469595,2.8151465360006114,207.708 956.423;-327.453 -234.230;-62.673 473.158;374.784 -45.575;790.744 383.642;559.606 -738.530;968.245 -249.671;-707.243 -706.167;-998.600 -44.067;-603.868 730.367,nan;nan;nan;nan;nan;nan;nan;nan;nan;nan;nan;nan;nan;nan;nan;nan;nan;nan;nan;nan;nan;nan;nan;nan;nan;nan;nan;nan;nan;nan;nan;nan;nan;nan;nan;nan;70753.566;70753.566;70753.566;70753.566;70753.566;70753.566;70753.566;70753.566;70753.566;70930.113;70930.113;70930.113;71078.588;71143.731;71143.731;71143.731;71143.731;71143.731;71143.731;71143.731;71143.731;71143.731;71143.731;71143.731;71143.731;71272.318;71321.868;71321.868;71321.868;71321.868;71321.868;71321.868;71430.030;71430.030;71430.030;71430.030;71430.030;71430.030;71449.165;71449.165;71574.652;71574.652;71574.652;71574.652;71574.652;71574.652;71574.652;71574.652;71574.652;71574.652;71580.195;71580.195;71580.195;71580.195;71580.195;71580.195;71580.195;71609.729;71627.453;71637.021;71637.021;71637.021;71637.021;71637.021;71647.610;71671.077;71671.077;71671.077;71712.985;71722.881;71752.443;71752.443;71761.937;71763.800;71765.516;71765.516;71774.537;71774.747;71783.110;71783.314;71787.580;71787.580;71834.441;71834.441;71870.054;71871.745;71871.745;71876.763;71878.406;71878.482;71878.482;71878.546;71878.599;71878.639;71878.639;71882.254;71882.254;71909.611;71911.627;71913.170;71913.695;71915.186;71916.358;71917.451;71917.451;71918.449;71919.568;71919.568;71921.609;71922.142;71922.930;71923.881;71924.893;71925.820;71927.474;71928.411;71928.411;71929.188;71931.181;71931.181;71933.091;71933.859;71934.971;71935.832;71936.853;71937.691;71938.805;71939.563;71940.771;71941.528;71942.318;71943.434;71943.434;71943.971;71945.912;71946.657;71947.722;71948.468;71949.205;71951.082;71951.082;71951.829;71952.558;71954.472;71954.472;71955.162;71955.697;71955.697;71957.439;71957.965;71957.965;71957.965;71958.524;71958.884;71959.747;71960.060;71960.060;71960.312;71960.340;71960.591;71960.591;71961.017;71961.496;71961.651;71961.970,6D,462.0
SSABV,2,1000,10,28,6030,random,6030,71573.66576742005,73153.78394684664,1580.1181794265867,True,463.0434680368204,2.125123858999359,-423.241 698.799;60.775 -808.674;353.849 900.954;732.942 -415.213;114.577 -57.202;-898.772 -435.436;853.593 519.505;-631.525 -57.298;-868.304 375.648;-534.026 -772.254,nan;nan;nan;nan;nan;nan;nan;nan;nan;nan;nan;nan;nan;nan;nan;nan;nan;nan;nan;nan;nan;nan;nan;nan;nan;nan;nan;nan;nan;nan;nan;nan;nan;nan;nan;nan;nan;nan;nan;nan;nan;70324.368;70324.368;70324.368;70888.926;70888.926;70888.926;70888.926;70888.926;70888.926;70888.926;70888.926;70888.926;70888.926;70888.926;70888.926;70888.926;70888.926;70925.769;70935.277;71019.834;71052.127;71052.127;71126.443;71149.226;71149.226;71149.835;71151.141;71152.561;71154.333;71154.936;71155.767;71156.208;71156.950;71157.350;71157.621;71157.808;71157.957;71158.172;71158.278;71158.391;71158.454;71158.559;71158.612;71158.644;71158.668;71158.689;71158.709;71158.723;71158.731;71158.734;71158.737;71158.740;71158.743;71158.745;71158.747;71158.748;71158.749;71158.749;71158.750;71158.750;71178.558;71191.713;71203.223;71289.205;71371.082;71371.082;71424.357;71424.357;71433.159;71433.159;71441.247;71445.674;71445.674;71459.212;71459.725;71459.725;71468.270;71472.450;71514.699;71514.699;71514.699;71518.634;71520.949;71527.129;71528.177;71528.177;71529.141;71529.141;71532.228;71532.842;71535.709;71535.709;71537.452;71537.452;71537.978;71538.481;71541.507;71545.938;71546.952;71546.952;71548.984;71549.850;71551.440;71552.061;71552.923;71553.380;71553.746;71554.882;71555.168;71555.168;71555.595;71555.876;71556.304;71556.545;71556.711;71557.277;71557.981;71558.223;71558.364;71558.364;71558.503;71558.522;71558.619;71558.638;71559.648;71559.680;71560.686;71560.686;71560.705;71561.707;71561.707;71561.726;71562.723;71562.756;71563.750;71563.750;71564.740;71564.758;71565.745;71565.745;71565.763;71566.746;71566.746;71566.778;71567.756;71567.775;71568.749;71568.749;71568.781;71569.752;71570.719;71570.719;71570.737;71571.700;71571.700;71571.719;71572.678;71572.710;71573.666;71573.666,6D,462.0
BVNS,2,1000,10,8,6030,random,6030,71765.90928953228,73153.78394684664,1387.874657314358,True,511.88425433918275,2.008604070999354,957.812 273.657;570.136 -149.617;535.562 -843.523;-7.722 998.501;6.892 35.735;-955.074 295.959;392.357 524.354;-727.531 -162.571;-35.388 -499.673;-277.594 -959.375,nan;nan;nan;nan;nan;nan;nan;nan;nan;nan;nan;nan;nan;69852.913;70357.480;70501.651;70501.651;70616.702;70663.190;70696.205;70696.205;70704.758;70740.483;70740.483;70779.623;70779.623;70782.735;70794.167;70798.454;70801.687;70813.291;70813.291;70824.198;70837.245;70837.245;70844.213;70924.286;70924.286;70938.688;70962.465;70962.465;70962.465;70992.276;70993.477;70997.684;71000.102;71002.214;71003.415;71007.632;71012.516;71013.719;71016.099;71016.099;71018.156;71018.156;71022.752;71022.752;71026.408;71028.367;71028.367;71029.574;71030.756;71031.444;71033.424;71036.064;71038.459;71039.147;71040.804;71041.663;71043.011;71043.699;71043.846;71044.560;71045.720;71046.417;71046.996;71047.426;71048.137;71049.990;71050.586;71051.120;71051.808;71052.921;71053.522;71053.522;71054.539;71054.539;71054.539;71055.109;71055.613;71055.956;71055.956;71055.956;71056.405;71056.679;71056.679;71056.929;71057.132;71058.040;71058.040;71058.210;71058.458;71058.458;71058.458;71058.458;71058.458;71058.458;71058.458;71058.458;71058.458;71058.458;71058.458;71058.458;71189.790;71212.703;71262.837;71308.532;71320.600;71355.913;71355.913;71362.779;71362.779;71402.977;71420.995;71483.584;71493.717;71499.259;71499.259;71501.588;71501.588;71507.538;71645.620;71645.620;71648.914;71650.906;71654.200;71654.823;71655.727;71655.727;71656.061;71656.061;71679.263;71739.349;71741.774;71741.774;71743.418;71743.418;71744.022;71744.335;71745.962;71745.962;71747.574;71749.171;71750.753;71750.753;71752.321;71753.874;71755.414;71755.414;71758.659;71758.949;71758.949;71759.174;71759.705;71760.195;71760.542;71760.770;71760.833;71761.061;71761.142;71761.142;71761.738;71761.738;71762.077;71762.614;71762.614;71762.684;71763.088;71763.088;71763.558;71763.558;71763.558;71764.025;71764.025;71764.089;71764.488;71764.488;71764.946;71764.946;71764.946;71765.402;71765.402;71765.460;71765.853;71765.853;71765.909;71765.909;71765.909;71765.909;71765.909;71765.909,6D,462.0
PSOC,2,1000,10,18,6030,random,6030,71848.5694242348,73153.78394684664,1305.2145226118446,True,477.2168826310507,2.211214076000033,190.940 911.416;-322.573 -234.512;-25.464 486.086;378.043 -48.116;754.206 354.678;480.929 -713.243;972.706 -217.808;-686.853 -719.181;-957.759 -49.215;-569.130 712.065,nan;nan;nan;nan;nan;nan;nan;nan;nan;nan;nan;nan;nan;nan;nan;nan;nan;nan;nan;nan;nan;nan;nan;nan;nan;nan;nan;nan;nan;nan;nan;nan;nan;nan;nan;nan;70753.566;70753.566;70753.566;70753.566;70753.566;70753.566;70753.566;70753.566;70753.566;70930.113;70930.113;70930.113;71078.588;71143.731;71143.731;71143.731;71143.731;71143.731;71143.731;71143.731;71143.731;71143.731;71143.731;71143.731;71143.731;71272.318;71321.868;71321.868;71321.868;71321.868;71321.868;71321.868;71430.030;71430.030;71430.030;71430.030;71430.030;71430.030;71449.165;71449.165;71574.652;71574.652;71574.652;71574.652;71574.652;71574.652;71574.652;71574.652;71574.652;71574.652;71580.195;71580.195;71580.195;71580.195;71580.195;71580.195;71580.195;71609.729;71627.453;71637.021;71637.021;71637.021;71637.021;71637.021;71647.610;71647.610;71647.610;71647.610;71648.010;71649.776;71649.776;71649.776;71655.080;71675.879;71675.879;71675.879;71675.879;71675.879;71689.277;71694.496;71694.496;71694.496;71694.546;71694.546;71695.798;71695.798;71696.146;71703.129;71703.129;71710.202;71710.202;71710.202;71745.842;71745.842;71745.842;71753.269;71767.257;71767.257;71767.257;71767.257;71767.257;71767.381;71769.494;71769.494;71770.347;71770.347;71770.347;71770.462;71770.462;71770.462;71772.363;71772.363;71772.928;71772.928;71780.994;71780.994;71780.994;71780.994;71780.994;71780.994;71780.994;71780.994;71780.994;71780.994;71780.994;71781.091;71781.677;71783.667;71785.717;71788.106;71788.517;71789.672;71790.497;71791.090;71791.517;71792.137;71792.367;71818.627;71821.539;71823.188;71826.009;71827.276;71829.336;71830.799;71831.844;71831.844;71832.414;71832.414;71832.414;71832.414;71832.414;71832.421;71832.421;71832.421;71832.421;71833.318;71833.318;71833.318;71833.758;71840.007;71840.007;71840.007;71848.569;71848.569;71848.569,6D,462.0
SSA,2,1000,10,28,6030,random,6030,71124.89558810207,73153.78394684664,2028.8883587445744,True,477.75222974327636,2.2087703719989804,43.450 968.164;278.124 -151.175;198.167 477.369;-286.146 272.651;-529.506 -649.613;-802.645 470.394;565.200 -824.954;863.879 503.699;-508.386 -150.264;118.084 -653.779,nan;nan;nan;nan;nan;nan;nan;nan;nan;nan;nan;nan;nan;nan;nan;nan;nan;nan;nan;nan;nan;nan;nan;nan;nan;nan;nan;nan;nan;nan;nan;nan;nan;nan;nan;nan;nan;nan;nan;nan;nan;nan;nan;nan;nan;nan;nan;nan;nan;nan;nan;nan;nan;nan;nan;nan;nan;nan;nan;nan;nan;nan;nan;nan;nan;nan;nan;nan;nan;nan;nan;nan;nan;nan;nan;nan;nan;nan;nan;nan;nan;nan;nan;nan;nan;nan;nan;70051.145;70468.365;70468.365;70468.365;70468.365;70468.365;70470.378;70470.378;70631.011;70631.011;70631.011;70631.011;70793.559;70813.755;70813.755;70813.755;70813.755;70813.755;70813.755;70848.687;70848.687;70848.687;70903.831;70903.831;70933.311;70983.291;70983.291;70983.291;70983.291;70996.755;70996.781;70996.781;70996.781;70996.781;70996.781;70996.781;70997.089;71014.377;71016.441;71019.130;71021.541;71098.798;71103.536;71105.699;71107.883;71110.915;71112.868;71114.257;71115.343;71116.901;71118.171;71118.384;71119.213;71120.156;71120.868;71120.868;71121.467;71121.883;71122.239;71122.545;71122.885;71122.963;71123.156;71123.339;71123.560;71123.666;71123.922;71124.034;71124.172;71124.319;71124.365;71124.402;71124.508;71124.577;71124.603;71124.615;71124.627;71124.666;71124.704;71124.751;71124.768;71124.781;71124.813;71124.830;71124.845;71124.851;71124.859;71124.868;71124.874;71124.877;71124.877;71124.877;71124.877;71124.879;71124.884;71124.884;71124.886;71124.886;71124.888;71124.889;71124.889;71124.890;71124.891;71124.891;71124.892;71124.893;71124.894;71124.894;71124.894;71124.895;71124.895;71124.895;71124.895;71124.896,6D,462.0
DE,2,1000,10,8,6030,random,6030,69580.73637878073,73153.78394684664,3573.0475680659147,False,367.3132309895863,3.5762281690003874,-387.946 -57.089;-731.475 307.377;373.908 356.096;-16.093 -559.138;384.959 802.067;370.305 -644.895;562.965 -124.164;-350.294 308.289;-259.790 -914.791;-752.492 -285.744,nan;nan;nan;nan;nan;nan;nan;nan;nan;nan;nan;nan;nan;nan;nan;nan;nan;nan;nan;nan;nan;nan;nan;nan;nan;nan;nan;nan;nan;nan;nan;nan;nan;nan;nan;nan;nan;nan;nan;nan;nan;nan;nan;nan;nan;nan;nan;nan;nan;nan;nan;nan;nan;nan;nan;nan;nan;nan;nan;nan;nan;nan;nan;nan;nan;nan;nan;nan;nan;nan;nan;nan;nan;nan;nan;nan;nan;nan;nan;nan;nan;nan;nan;nan;nan;nan;nan;nan;nan;nan;nan;nan;nan;nan;nan;nan;nan;nan;nan;nan;nan;nan;nan;nan;nan;nan;nan;nan;nan;nan;nan;nan;nan;nan;nan;nan;nan;nan;nan;nan;nan;nan;nan;nan;nan;nan;nan;nan;nan;nan;nan;nan;nan;nan;nan;nan;nan;nan;nan;nan;nan;nan;nan;nan;nan;nan;nan;nan;nan;nan;nan;nan;nan;nan;nan;nan;nan;nan;nan;nan;nan;nan;nan;nan;nan;nan;nan;nan;nan;nan;nan;nan;nan;nan;nan;nan;nan;nan;nan;nan;nan;nan;nan;nan;nan;nan;nan;nan;nan;nan;nan;nan;nan;nan;nan;nan;nan;nan;nan;nan;nan,6D,462.0
SLSQP,2,1000,10,18,6030,random,6030,71240.44157446364,73153.78394684664,1913.3423723830056,True,415.5899442658909,4.918990008000037,395.807 532.660;119.004 992.731;-254.876 90.630;-107.638 -481.989;981.070 168.402;407.741 -913.097;838.057 -221.806;-26.558 -898.969;-993.191 -115.504;-696.026 714.592,nan;nan;70190.766;70213.825;70216.617;70217.438;70217.438;70217.438;70670.167;71016.449;71016.449;71016.449;71016.449;71016.449;71016.449;71016.449;71016.449;71016.449;71016.449;71016.449;71016.449;71016.449;71016.449;71016.449;71016.449;71016.449;71016.449;71016.449;71016.449;71016.449;71016.449;71016.449;71016.449;71016.449;71016.449;71016.449;71016.449;71016.449;71016.449;71016.449;71016.449;71016.449;71016.449;71235.716;71235.716;71235.717;71235.719;71235.721;71235.724;71235.727;71235.905;71235.905;71235.905;71235.905;71235.905;71235.905;71235.905;71235.905;71235.905;71237.175;71237.175;71237.175;71237.175;71237.175;71237.175;71237.175;71237.175;71237.175;71237.175;71237.175;71237.175;71237.175;71237.175;71237.175;71237.175;71237.175;71237.175;71237.175;71237.175;71237.175;71237.175;71237.175;71237.188;71237.728;71237.792;71237.824;71237.855;71237.918;71237.950;71237.950;71237.950;71237.950;71237.952;71237.953;71237.955;71237.956;71237.958;71237.958;71237.960;71237.960;71237.960;71237.960;71237.960;71237.960;71237.960;71237.960;71237.960;71237.960;71237.960;71237.960;71237.960;71237.960;71237.960;71237.960;71239.539;71239.811;71240.060;71240.295;71240.295;71240.296;71240.296;71240.296;71240.296;71240.296;71240.296;71240.296;71240.296;71240.436;71240.442;71240.442;71240.442;71240.442;71240.442;71240.442;71240.442;71240.442;71240.442;71240.442;71240.442;71240.442;71240.442;71240.442;71240.442;71240.442;71240.442;71240.442;71240.442;71240.442;71240.442;71240.442;71240.442;71240.442;71240.442;71240.442;71240.442;71240.442;71240.442;71240.442;71240.442;71240.442;71240.442;71240.442;71240.442;71240.442;71240.442;71240.442;71240.442;71240.442;71240.442;71240.442;71240.442;71240.442;71240.442;71240.442;71240.442;71240.442;71240.442;71240.442;71240.442;71240.442;71240.442;71240.442;71240.442;71240.442;71240.442;71240.442;71240.442;71240.442;71240.442;71240.442;71240.442;71240.442;71240.442;71240.442;71240.442;71240.442;71240.442;71240.442;71240.442;71240.442;71240.442,5D,385.0
PSOBV,2,1000,10,28,6030,random,6030,71665.13995918425,73153.78394684664,1488.6439876623917,True,405.26174194776604,2.6090674830011267,275.122 54.296;-170.867 850.909;505.678 -862.088;-599.958 -799.866;-737.117 426.996;-857.219 -334.553;668.459 464.044;674.890 -361.254;-953.607 84.404;42.402 -563.817,nan;nan;nan;nan;nan;nan;nan;nan;nan;nan;nan;nan;nan;nan;nan;nan;nan;nan;nan;nan;nan;nan;nan;nan;nan;70027.241;70027.241;70027.241;70027.241;70027.241;70027.241;70027.241;70333.172;70333.172;70333.172;70333.172;70353.436;70353.436;70353.436;70353.436;70353.436;70631.492;70631.492;70631.492;70631.492;70631.492;70631.492;70631.492;70631.492;70631.492;70718.233;70718.233;70718.233;70934.145;70934.145;70934.145;70934.145;70934.145;70934.145;70934.145;70934.145;70934.145;70934.145;70934.145;70934.145;70934.145;70934.145;70934.145;70934.145;70934.145;70934.145;70934.145;70934.145;70934.145;70934.145;70989.044;70989.044;71020.281;71020.281;71030.277;71030.277;71115.170;71115.170;71115.170;71115.170;71215.502;71215.502;71215.502;71215.502;71215.502;71215.502;71215.502;71215.502;71215.502;71350.973;71350.973;71351.690;71351.690;71351.690;71351.690;71363.086;71377.098;71379.276;71389.370;71405.635;71407.722;71439.546;71493.133;71493.133;71516.608;71516.608;71518.235;71543.257;71543.257;71550.373;71550.373;71558.282;71580.635;71586.225;71609.346;71611.281;71611.281;71616.023;71637.142;71637.142;71637.269;71637.381;71637.509;71637.509;71638.649;71639.366;71642.085;71642.168;71643.584;71644.295;71645.641;71645.641;71645.641;71646.600;71646.600;71646.661;71647.788;71647.788;71650.470;71650.470;71651.597;71651.753;71652.155;71652.642;71652.799;71653.734;71653.734;71654.045;71654.738;71654.738;71655.131;71655.818;71655.818;71656.388;71657.053;71657.053;71657.385;71657.560;71657.891;71658.222;71658.553;71658.726;71659.056;71659.385;71659.716;71659.887;71660.217;71660.217;71660.387;71660.716;71660.885;71660.885;71661.213;71661.381;71661.709;71661.709;71661.832;71662.199;71662.199;71662.350;71662.472;71662.883;71662.883;71663.032;71663.367;71663.367;71663.515;71663.661;71663.994;71663.994;71664.191;71664.523;71664.642;71664.758;71664.810;71665.140,5D,385.0
RSDVNS,2,1000,10,8,6030,random,6030,71679.85032956231,73153.78394684664,1473.9336172843323,True,415.86553232835985,2.0146453239995026,501.687 -312.088;-415.783 -309.989;49.897 -3.778;81.238 648.095;445.175 -826.478;-547.697 725.080;-521.849 -836.182;-747.009 -3.743;693.499 398.700;-832.755 403.186,nan;nan;nan;nan;nan;nan;nan;nan;nan;nan;nan;nan;nan;nan;nan;nan;nan;nan;nan;nan;nan;nan;nan;nan;nan;nan;nan;nan;nan;nan;nan;nan;nan;nan;nan;nan;nan;nan;nan;70386.008;70386.008;70386.008;70386.008;70386.008;70386.008;70386.008;70386.008;70386.008;70386.008;70386.008;70386.008;70386.008;70386.008;70386.008;70386.008;70386.008;70386.008;70386.008;70386.008;70386.008;70386.008;70386.008;70386.008;70386.008;70386.008;70386.008;70386.008;70386.008;70386.008;70386.008;70386.008;70386.008;70386.008;70386.008;70386.008;70386.008;70386.008;70386.008;70386.008;70386.008;70386.008;70386.008;70386.008;70386.008;70386.008;70386.008;70386.008;70386.008;70386.008;70386.008;70386.008;70386.008;70386.008;70386.008;70386.008;70386.008;70386.008;70386.008;70386.008;70386.008;70478.618;70601.849;70694.845;70752.403;70841.998;70997.589;71037.435;71178.565;71178.565;71217.503;71249.203;71285.149;71285.149;71309.203;71318.415;71328.755;71328.755;71335.955;71335.955;71376.819;71397.164;71397.164;71449.558;71453.656;71461.762;71465.652;71467.685;71467.685;71502.470;71502.470;71510.187;71511.373;71513.332;71513.946;71516.973;71516.973;71517.543;71520.054;71520.054;71522.454;71523.309;71525.519;71525.519;71527.649;71529.743;71530.550;71530.550;71530.550;71531.728;71532.125;71532.752;71533.636;71534.661;71535.055;71535.196;71536.468;71538.329;71538.722;71539.483;71539.877;71540.411;71540.411;71540.411;71540.984;71540.984;71541.475;71541.686;71541.686;71542.266;71542.266;71542.574;71542.574;71542.574;71542.574;71542.574;71542.574;71542.574;71542.574;71542.574;71542.574;71542.574;71542.574;71542.574;71542.574;71542.574;71542.574;71542.574;71542.574;71542.574;71639.241;71639.241;71646.962;71655.166;71656.672;71663.585;71664.897;71667.239;71667.239;71676.940;71677.509;71679.850,5D,385.0
BVNS,2,1000,10,18,6030,random,6030,71917.21924785717,73153.78394684664,1236.564698989474,True,455.2399590394446,1.9321483479998278,336.285 604.308;-183.310 981.250;-275.158 249.959;-28.218 -417.912;959.375 279.969;431.689 -901.562;945.435 -175.057;-299.643 -903.125;-713.634 -199.537;-810.273 585.279,nan;nan;nan;nan;nan;nan;nan;nan;nan;nan;nan;nan;69966.270;70219.997;70335.465;70493.008;70493.008;70745.807;70807.672;70835.325;70853.774;70891.393;70936.026;70944.180;70956.808;70965.702;70971.370;70992.709;70994.633;71001.112;71013.269;71013.269;71069.487;71097.731;71129.149;71129.149;71129.969;71208.755;71208.755;71222.207;71266.161;71437.279;71482.556;71489.297;71493.211;71560.322;71567.312;71567.312;71567.312;71570.464;71571.609;71574.584;71574.993;71576.145;71580.540;71580.776;71581.506;71582.141;71582.377;71582.377;71582.377;71584.724;71586.780;71588.220;71588.594;71590.902;71592.306;71592.306;71592.889;71594.470;71594.784;71608.485;71608.485;71608.796;71608.796;71608.949;71608.949;71610.053;71612.128;71612.128;71613.022;71614.117;71614.332;71614.743;71615.365;71615.520;71615.520;71616.065;71616.547;71617.091;71617.562;71617.886;71617.886;71617.991;71618.194;71619.216;71619.216;71619.216;71619.216;71619.216;71619.216;71619.216;71619.216;71619.216;71619.216;71619.216;71619.216;71619.216;71619.216;71619.216;71619.216;71619.216;71619.216;71619.216;71619.216;71619.216;71619.216;71619.216;71619.216;71619.216;71670.959;71696.922;71703.904;71703.956;71707.414;71707.466;71707.466;71709.041;71739.669;71741.315;71742.891;71742.891;71744.422;71745.810;71745.810;71749.641;71749.641;71751.069;71863.318;71863.318;71864.589;71864.589;71866.579;71868.255;71868.255;71869.114;71869.849;71869.966;71870.701;71870.701;71870.796;71882.324;71882.324;71883.312;71883.327;71884.173;71913.945;71914.368;71914.383;71914.804;71915.126;71915.141;71915.459;71915.470;71915.470;71915.470;71915.621;71915.831;71915.831;71915.934;71915.938;71916.178;71916.255;71916.436;71916.439;71916.520;71916.936;71917.048;71917.052;71917.219;71917.219;71917.219;71917.219;71917.219;71917.219;71917.219;71917.219;71917.219;71917.219;71917.219;71917.219;71917.219;71917.219;71917.219;71917.219;71917.219;71917.219;71917.219;71917.219;71917.219;71917.219,5D,385.0
PSOC,2,1000,10,28,6030,random,6030,71584.66735078991,73153.78394684664,1569.1165960567305,True,421.64286870011,2.0805616400011786,313.320 76.656;20.905 853.936;445.470 -864.082;-522.417 -726.353;-730.092 417.676;-782.449 -331.406;646.419 452.996;596.161 -343.974;-959.754 51.146;51.840 -546.289,nan;nan;nan;nan;nan;nan;nan;nan;nan;nan;nan;nan;nan;nan;nan;nan;nan;nan;nan;nan;nan;nan;nan;nan;nan;70027.241;70027.241;70027.241;70027.241;70027.241;70027.241;70027.241;70333.172;70333.172;70333.172;70333.172;70353.436;70353.436;70353.436;70353.436;70353.436;70631.492;70631.492;70631.492;70631.492;70631.492;70631.492;70631.492;70631.492;70631.492;70718.233;70718.233;70718.233;70934.145;70934.145;70934.145;70934.145;70934.145;70934.145;70934.145;70934.145;70934.145;70934.145;70934.145;70934.145;70934.145;70934.145;70934.145;70934.145;70934.145;70934.145;70934.145;70934.145;70934.145;70934.145;70989.044;70989.044;71020.281;71020.281;71030.277;71030.277;71115.170;71115.170;71115.170;71115.170;71215.502;71215.502;71215.502;71215.502;71215.502;71215.502;71215.502;71215.502;71215.502;71350.973;71350.973;71351.690;71351.690;71351.690;71351.690;71363.086;71363.086;71363.086;71363.086;71376.350;71376.350;71376.350;71376.350;71376.350;71376.876;71381.063;71381.063;71391.840;71391.840;71391.840;71391.840;71391.840;71391.840;71391.840;71391.840;71391.840;71391.840;71391.840;71391.840;71427.523;71482.878;71482.878;71482.878;71482.878;71482.878;71482.878;71482.878;71482.878;71482.878;71482.878;71482.878;71486.394;71503.579;71503.579;71503.579;71503.579;71503.579;71503.808;71503.808;71526.987;71526.987;71526.987;71536.724;71536.724;71536.724;71536.724;71536.724;71536.724;71536.724;71536.724;71536.724;71540.717;71540.717;71540.717;71540.717;71544.500;71544.500;71550.112;71550.112;71550.112;71550.112;71550.112;71550.112;71552.836;71552.836;71552.836;71552.836;71553.330;71553.330;71556.848;71556.848;71567.676;71567.676;71567.676;71567.676;71567.676;71572.870;71572.870;71575.749;71575.749;71575.749;71575.749;71579.105;71579.130;71580.485;71580.485;71580.485;71581.185;71581.185;71581.185;71582.299;71582.299;71583.524;71583.524;71583.524;71584.667,5D,385.0
LXSSA,2,1000,10,8,6030,random,6030,70983.40039792292,73153.78394684664,2170.3835489237244,True,462.63731472906403,2.0287402289995953,920.983 79.371;724.677 -396.279;-122.915 -976.515;375.089 327.908;-18.069 22.122;-471.361 787.010;-32.076 641.884;-816.365 -574.863;157.845 -589.544;-342.653 -377.482,nan;nan;nan;nan;nan;nan;nan;nan;nan;nan;nan;nan;nan;nan;nan;nan;nan;nan;nan;nan;nan;nan;nan;nan;nan;nan;nan;nan;nan;nan;nan;nan;nan;nan;nan;nan;nan;nan;nan;nan;nan;nan;nan;nan;nan;nan;nan;nan;nan;nan;nan;nan;nan;nan;nan;70018.071;70018.071;70018.071;70018.071;70018.071;70018.071;70018.071;70018.071;70018.071;70018.071;70018.071;70018.071;70018.071;70018.071;70018.071;70018.071;70018.071;70018.071;70018.071;70018.071;70018.071;70018.071;70018.071;70018.071;70448.023;70448.023;70448.023;70448.023;70448.023;70448.023;70448.023;70448.023;70448.023;70448.023;70526.534;70526.534;70526.534;70581.182;70622.136;70622.136;70622.136;70669.876;70721.331;70721.331;70721.331;70721.331;70721.331;70721.331;70836.468;70859.875;70859.875;70859.875;70861.754;70861.754;70862.161;70862.161;70862.161;70862.161;70949.334;70949.334;70949.334;70949.334;70949.334;70949.334;70949.334;70949.334;70951.819;70951.819;70951.819;70951.819;70952.861;70954.061;70954.740;70955.198;70955.453;70958.588;70958.918;70961.345;70962.337;70962.381;70962.381;70964.624;70965.761;70966.290;70967.387;70967.387;70968.273;70968.273;70968.273;70968.839;70971.074;70971.074;70973.147;70973.147;70973.147;70973.281;70973.522;70973.591;70973.591;70973.702;70973.702;70973.805;70973.805;70973.914;70973.928;70973.989;70973.989;70974.073;70974.240;70974.240;70974.430;70974.430;70974.472;70974.472;70974.472;70974.492;70974.522;70974.522;70974.523;70974.533;70974.535;70974.539;70974.547;70974.547;70974.568;70974.568;70974.674;70974.674;70974.873;70974.873;70974.965;70974.965;70975.026;70975.026;70976.018;70976.018;70977.062;70977.062;70977.439;70977.439;70982.198;70982.198;70982.198;70982.198;70983.400;70983.400,5D,385.0
DE,2,1000,10,18,6030,random,6030,69211.62543434504,73153.78394684664,3942.158512501599,True,405.15200936391886,3.109090855999966,-44.473 -388.221;-252.152 298.893;242.088 281.690;-346.389 -851.988;-488.941 -80.602;729.660 261.043;820.245 -157.890;281.775 -121.513;-796.474 306.418;-862.670 -257.220,nan;nan;nan;nan;nan;nan;nan;nan;nan;nan;nan;nan;nan;nan;nan;nan;nan;nan;nan;nan;nan;nan;nan;nan;nan;nan;nan;nan;nan;nan;nan;nan;nan;nan;nan;nan;nan;nan;nan;nan;nan;nan;nan;nan;nan;nan;nan;nan;nan;nan;nan;nan;nan;nan;nan;nan;nan;nan;nan;nan;nan;nan;nan;nan;nan;nan;nan;nan;nan;nan;nan;nan;nan;nan;nan;nan;nan;nan;nan;nan;nan;nan;nan;nan;nan;nan;nan;nan;nan;nan;nan;nan;nan;nan;nan;nan;nan;nan;nan;nan;nan;nan;nan;nan;nan;nan;nan;nan;nan;nan;nan;nan;nan;nan;nan;nan;nan;nan;nan;nan;nan;nan;nan;nan;nan;nan;nan;nan;nan;nan;nan;nan;nan;nan;nan;nan;nan;69211.625;69211.625;69211.625;69211.625;69211.625;69211.625;69211.625;69211.625;69211.625;69211.625;69211.625;69211.625;69211.625;69211.625;69211.625;69211.625;69211.625;69211.625;69211.625;69211.625;69211.625;69211.625;69211.625;69211.625;69211.625;69211.625;69211.625;69211.625;69211.625;69211.625;69211.625;69211.625;69211.625;69211.625;69211.625;69211.625;69211.625;69211.625;69211.625;69211.625;69211.625;69211.625;69211.625;69211.625;69211.625;69211.625;69211.625;69211.625;69211.625;69211.625;69211.625;69211.625;69211.625;69211.625;69211.625;69211.625;69211.625;69211.625;69211.625;69211.625;69211.625;69211.625;69211.625;69211.625,5D,385.0
SLSQP,1,500,10,28,6030,random,6030,102036.10477526956,140457.3736973483,38421.26892207873,False,53.196910718724176,5.263666278000528,-104.952 -431.162;-186.343 221.153;-95.894 334.008;394.257 -137.126;-177.535 349.795;-71.209 -30.740;370.985 -283.231;396.137 -190.289;3.705 48.809;458.314 59.142,nan;nan;nan;nan;nan;nan;nan;nan;nan;nan;nan;nan;nan;nan;nan;nan;nan;nan;nan;nan;nan;nan;nan;nan;nan;nan;nan;nan;nan;nan;nan;nan;nan;nan;nan;nan;nan;nan;nan;nan;nan;nan;nan;nan;nan;nan;nan;nan;nan;nan;nan;nan;nan;nan;nan;nan;nan;nan;nan;nan;nan;nan;nan;nan;nan;nan;nan;nan;nan;nan;nan;nan;nan;nan;nan;nan;nan;nan;nan;nan;nan;nan;nan;nan;nan;nan;nan;nan;nan;nan;nan;nan;nan;nan;nan;nan;nan;nan;nan;nan;nan;nan;nan;nan;nan;nan;nan;nan;nan;nan;nan;nan;nan;nan;nan;nan;nan;nan;nan;nan;nan;nan;nan;nan;nan;nan;nan;nan;nan;nan;nan;nan;nan;nan;nan;nan;nan;nan;nan;nan;nan;nan;nan;nan;nan;nan;nan;nan;nan;nan;nan;nan;nan;nan;nan;nan;nan;nan;nan;nan;nan;nan;nan;nan;nan;nan;nan;nan;nan;nan;nan;nan;nan;nan;nan;nan;nan;nan;nan;nan;nan;nan;nan;nan;nan;nan;nan;nan;nan;nan;nan;nan;nan;nan;nan;nan;nan;nan;nan;nan;nan,6D,462.0
SSABV,1,500,10,8,6030,random,6030,132691.82878110197,140457.3736973483,7765.544916246319,False,318.5782778621734,3.0354518809999718,-380.926 323.524;227.126 445.246;247.542 -434.003;-107.806 487.529;-195.344 13.186;-446.976 -224.002;464.631 -184.025;-107.277 -488.342;449.975 217.364;129.527 -2.096,nan;nan;nan;nan;nan;nan;nan;nan;nan;nan;nan;nan;nan;nan;nan;nan;nan;nan;nan;nan;nan;nan;nan;nan;nan;nan;nan;nan;nan;nan;nan;nan;nan;nan;nan;nan;nan;nan;nan;nan;nan;nan;nan;nan;nan;nan;nan;nan;nan;nan;nan;nan;nan;nan;nan;nan;nan;nan;nan;nan;nan;nan;nan;nan;nan;nan;nan;nan;nan;nan;nan;nan;nan;nan;nan;nan;nan;nan;nan;nan;nan;nan;nan;nan;nan;nan;nan;nan;nan;nan;nan;nan;nan;nan;nan;nan;nan;nan;nan;nan;nan;nan;nan;nan;nan;nan;nan;nan;nan;nan;nan;nan;nan;nan;nan;nan;nan;nan;nan;nan;nan;nan;nan;nan;nan;nan;nan;nan;nan;nan;nan;nan;nan;nan;nan;nan;nan;nan;nan;nan;nan;nan;nan;nan;nan;nan;nan;nan;nan;nan;nan;nan;nan;nan;nan;nan;nan;nan;nan;nan;nan;nan;nan;nan;nan;nan;nan;nan;nan;nan;nan;nan;nan;nan;nan;nan;nan;nan;nan;nan;nan;nan;nan;nan;nan;nan;nan;nan;nan;nan;nan;nan;nan;nan;nan;nan;nan;nan;nan;nan;nan,6D,462.0
RSDVNS,1,500,10,18,6030,random,6030,133148.4997012827,140457.3736973483,7308.87399606558,False,297.2538608295776,2.3266013550000935,202.500 -455.097;154.767 60.982;-378.404 -325.237;394.238 303.772;37.838 497.663;-496.601 37.214;-348.659 357.135;-92.549 -491.233;-132.550 -42.764;469.719 -154.954,nan;nan;nan;nan;nan;nan;nan;nan;nan;nan;nan;nan;nan;nan;nan;nan;nan;nan;nan;nan;nan;nan;nan;nan;nan;nan;nan;nan;nan;nan;nan;nan;nan;nan;nan;nan;nan;nan;nan;nan;nan;nan;nan;nan;nan;nan;nan;nan;nan;nan;nan;nan;nan;nan;nan;nan;nan;nan;nan;nan;nan;nan;nan;nan;nan;nan;nan;nan;nan;nan;nan;nan;nan;nan;nan;nan;nan;nan;nan;nan;nan;nan;nan;nan;nan;nan;nan;nan;nan;nan;nan;nan;nan;nan;nan;nan;nan;nan;nan;nan;nan;nan;nan;nan;nan;nan;nan;nan;nan;nan;nan;nan;nan;nan;nan;nan;nan;nan;nan;nan;nan;nan;nan;nan;nan;nan;nan;nan;nan;nan;nan;nan;nan;nan;nan;nan;nan;nan;nan;nan;nan;nan;nan;nan;nan;nan;nan;nan;nan;nan;nan;nan;nan;nan;nan;nan;nan;nan;nan;nan;nan;nan;nan;nan;nan;nan;nan;nan;nan;nan;nan;nan;nan;nan;nan;nan;nan;nan;nan;nan;nan;nan;nan;nan;nan;nan;nan;nan;nan;nan;nan;nan;nan;nan;nan;nan;nan;nan;nan;nan;nan,6D,462.0
BVNS,1,500,10,28,6030,random,6030,129903.25563305413,140457.3736973483,10554.118064294162,False,306.09393373901094,2.052239393000491,-135.421 -481.162;-451.968 213.340;197.856 459.008;144.257 27.718;-190.035 462.295;-446.209 -225.272;226.454 -445.731;453.949 -209.039;-154.889 -37.128;458.314 199.767,nan;nan;nan;nan;nan;nan;nan;nan;nan;nan;nan;nan;nan;nan;nan;nan;nan;nan;nan;nan;nan;nan;nan;nan;nan;nan;nan;nan;nan;nan;nan;nan;nan;nan;nan;nan;nan;nan;nan;nan;nan;nan;nan;nan;nan;nan;nan;nan;nan;nan;nan;nan;nan;nan;nan;nan;nan;nan;nan;nan;nan;nan;nan;nan;nan;nan;nan;nan;nan;nan;nan;nan;nan;nan;nan;nan;nan;nan;nan;nan;nan;nan;nan;nan;nan;nan;nan;nan;nan;nan;nan;nan;nan;nan;nan;nan;nan;nan;nan;nan;nan;nan;nan;nan;nan;nan;nan;nan;nan;nan;nan;nan;nan;nan;nan;nan;nan;nan;nan;nan;nan;nan;nan;nan;nan;nan;nan;nan;nan;nan;nan;nan;nan;nan;nan;nan;nan;nan;nan;nan;nan;nan;nan;nan;nan;nan;nan;nan;nan;nan;nan;nan;nan;nan;nan;nan;nan;nan;nan;nan;nan;nan;nan;nan;nan;nan;nan;nan;nan;nan;nan;nan;nan;nan;nan;nan;nan;nan;nan;nan;nan;nan;nan;nan;nan;nan;nan;nan;nan;nan;nan;nan;nan;nan;nan;nan;nan;nan;nan;nan;nan,6D,462.0
SSA,1,500,10,8,6030,random,6030,134612.23745348622,140457.3736973483,5845.136243862071,False,289.10909073991377,2.1332193210000696,131.419 31.418;156.827 416.123;475.891 153.176;-128.926 483.092;79.537 -491.632;-418.316 273.882;-190.401 -121.368;-481.216 -8.301;-312.161 -390.583;248.598 -250.377,nan;nan;nan;nan;nan;nan;nan;nan;nan;nan;nan;nan;nan;nan;nan;nan;nan;nan;nan;nan;nan;nan;nan;nan;nan;nan;nan;nan;nan;nan;nan;nan;nan;nan;nan;nan;nan;nan;nan;nan;nan;nan;nan;nan;nan;nan;nan;nan;nan;nan;nan;nan;nan;nan;nan;nan;nan;nan;nan;nan;nan;nan;nan;nan;nan;nan;nan;nan;nan;nan;nan;nan;nan;nan;nan;nan;nan;nan;nan;nan;nan;nan;nan;nan;nan;nan;nan;nan;nan;nan;nan;nan;nan;nan;nan;nan;nan;nan;nan;nan;nan;nan;nan;nan;nan;nan;nan;nan;nan;nan;nan;nan;nan;nan;nan;nan;nan;nan;nan;nan;nan;nan;nan;nan;nan;nan;nan;nan;nan;nan;nan;nan;nan;nan;nan;nan;nan;nan;nan;nan;nan;nan;nan;nan;nan;nan;nan;nan;nan;nan;nan;nan;nan;nan;nan;nan;nan;nan;nan;nan;nan;nan;nan;nan;nan;nan;nan;nan;nan;nan;nan;nan;nan;nan;nan;nan;nan;nan;nan;nan;nan;nan;nan;nan;nan;nan;nan;nan;nan;nan;nan;nan;nan;nan;nan;nan;nan;nan;nan;nan;nan,6D,462.0
LXSSA,1,500,10,18,6030,random,6030,132948.8267797425,140457.3736973483,7508.546917605796,False,246.03032852928627,2.2418147059997864,194.873 371.737;-181.568 464.969;-117.595 127.263;160.054 -87.798;485.038 121.403;2.163 -498.851;395.118 -303.632;-200.685 -155.758;-401.914 -297.313;-476.648 150.950,nan;nan;nan;nan;nan;nan;nan;nan;nan;nan;nan;nan;nan;nan;nan;nan;nan;nan;nan;nan;nan;nan;nan;nan;nan;nan;nan;nan;nan;nan;nan;nan;nan;nan;nan;nan;nan;nan;nan;nan;nan;nan;nan;nan;nan;nan;nan;nan;nan;nan;nan;nan;nan;nan;nan;nan;nan;nan;nan;nan;nan;nan;nan;nan;nan;nan;nan;nan;nan;nan;nan;nan;nan;nan;nan;nan;nan;nan;nan;nan;nan;nan;nan;nan;nan;nan;nan;nan;nan;nan;nan;nan;nan;nan;nan;nan;nan;nan;nan;nan;nan;nan;nan;nan;nan;nan;nan;nan;nan;nan;nan;nan;nan;nan;nan;nan;nan;nan;nan;nan;nan;nan;nan;nan;nan;nan;nan;nan;nan;nan;nan;nan;nan;nan;nan;nan;nan;nan;nan;nan;nan;nan;nan;nan;nan;nan;nan;nan;nan;nan;nan;nan;nan;nan;nan;nan;nan;nan;nan;nan;nan;nan;nan;nan;nan;nan;nan;nan;nan;nan;nan;nan;nan;nan;nan;nan;nan;nan;nan;nan;nan;nan;nan;nan;nan;nan;nan;nan;nan;nan;nan;nan;nan;nan;nan;nan;nan;nan;nan;nan;nan,6D,462.0
DE,1,500,10,28,6030,random,6030,132396.39680624663,140457.3736973483,8060.976891101658,False,74.24212402812172,2.370389276999049,-10.666 343.273;-317.127 254.259;-122.332 -457.937;178.057 -167.452;332.107 345.451;-38.045 -39.493;436.721 -41.294;-462.808 -122.537;500.000 -2.466;190.536 -432.114,nan;nan;nan;nan;nan;nan;nan;nan;nan;nan;nan;nan;nan;nan;nan;nan;nan;nan;nan;nan;nan;nan;nan;nan;nan;nan;nan;nan;nan;nan;nan;nan;nan;nan;nan;nan;nan;nan;nan;nan;nan;nan;nan;nan;nan;nan;nan;nan;nan;nan;nan;nan;nan;nan;nan;nan;nan;nan;nan;nan;nan;nan;nan;nan;nan;nan;nan;nan;nan;nan;nan;nan;nan;nan;nan;nan;nan;nan;nan;nan;nan;nan;nan;nan;nan;nan;nan;nan;nan;nan;nan;nan;nan;nan;nan;nan;nan;nan;nan;nan;nan;nan;nan;nan;nan;nan;nan;nan;nan;nan;nan;nan;nan;nan;nan;nan;nan;nan;nan;nan;nan;nan;nan;nan;nan;nan;nan;nan;nan;nan;nan;nan;nan;nan;nan;nan;nan;nan;nan;nan;nan;nan;nan;nan;nan;nan;nan;nan;nan;nan;nan;nan;nan;nan;nan;nan;nan;nan;nan;nan;nan;nan;nan;nan;nan;nan;nan;nan;nan;nan;nan;nan;nan;nan;nan;nan;nan;nan;nan;nan;nan;nan;nan;nan;nan;nan;nan;nan;nan;nan;nan;nan;nan;nan;nan;nan;nan;nan;nan;nan;nan,6D,462.0
PSOBV,1,500,10,8,6030,random,6030,131927.01082669967,140457.3736973483,8530.36287064862,False,334.68918247199645,2.2025494650006294,453.212 -210.577;107.487 -120.859;175.934 -467.876;-120.604 485.201;223.698 446.837;-456.890 202.386;471.133 166.219;-466.707 -179.053;-112.549 131.333;-204.843 -455.854,nan;nan;nan;nan;nan;nan;nan;nan;nan;nan;nan;nan;nan;nan;nan;nan;nan;nan;nan;nan;nan;nan;nan;nan;nan;nan;nan;nan;nan;nan;nan;nan;nan;nan;nan;nan;nan;nan;nan;nan;nan;nan;nan;nan;nan;nan;nan;nan;nan;nan;nan;nan;nan;nan;nan;nan;nan;nan;nan;nan;nan;nan;nan;nan;nan;nan;nan;nan;nan;nan;nan;nan;nan;nan;nan;nan;nan;nan;nan;nan;nan;nan;nan;nan;nan;nan;nan;nan;nan;nan;nan;nan;nan;nan;nan;nan;nan;nan;nan;nan;nan;nan;nan;nan;nan;nan;nan;nan;nan;nan;nan;nan;nan;nan;nan;nan;nan;nan;nan;nan;nan;nan;nan;nan;nan;nan;nan;nan;nan;nan;nan;nan;nan;nan;nan;nan;nan;nan;nan;nan;nan;nan;nan;nan;nan;nan;nan;nan;nan;nan;nan;nan;nan;nan;nan;nan;nan;nan;nan;nan;nan;nan;nan;nan;nan;nan;nan;nan;nan;nan;nan;nan;nan;nan;nan;nan;nan;nan;nan;nan;nan;nan;nan;nan;nan;nan;nan;nan;nan;nan;nan;nan;nan;nan;nan;nan;nan;nan;nan;nan;nan,5D,385.0
SSABV,1,500,10,18,6030,random,6030,129526.19288595654,140457.3736973483,10931.18081139175,False,332.1531594195449,2.1900929429993994,-476.828 150.284;134.314 481.261;163.165 47.379;-177.607 -466.182;452.979 210.956;463.294 -187.412;194.288 -460.214;-447.785 -222.378;-134.811 -99.373;-146.822 275.745,nan;nan;nan;nan;nan;nan;nan;nan;nan;nan;nan;nan;nan;nan;nan;nan;nan;nan;nan;nan;nan;nan;nan;nan;nan;nan;nan;nan;nan;nan;nan;nan;nan;nan;nan;nan;nan;nan;nan;nan;nan;nan;nan;nan;nan;nan;nan;nan;nan;nan;nan;nan;nan;nan;nan;nan;nan;nan;nan;nan;nan;nan;nan;nan;nan;nan;nan;nan;nan;nan;nan;nan;nan;nan;nan;nan;nan;nan;nan;nan;nan;nan;nan;nan;nan;nan;nan;nan;nan;nan;nan;nan;nan;nan;nan;nan;nan;nan;nan;nan;nan;nan;nan;nan;nan;nan;nan;nan;nan;nan;nan;nan;nan;nan;nan;nan;nan;nan;nan;nan;nan;nan;nan;nan;nan;nan;nan;nan;nan;nan;nan;nan;nan;nan;nan;nan;nan;nan;nan;nan;nan;nan;nan;nan;nan;nan;nan;nan;nan;nan;nan;nan;nan;nan;nan;nan;nan;nan;nan;nan;nan;nan;nan;nan;nan;nan;nan;nan;nan;nan;nan;nan;nan;nan;nan;nan;nan;nan;nan;nan;nan;nan;nan;nan;nan;nan;nan;nan;nan;nan;nan;nan;nan;nan;nan;nan;nan;nan;nan;nan;nan,5D,385.0
RSDVNS,1,500,10,28,6030,random,6030,133713.84871861828,140457.3736973483,6743.524978730013,False,337.044527666113,2.1741572299997642,-195.423 65.681;111.153 -484.644;-289.861 406.506;408.559 -285.220;-248.381 -433.185;40.640 497.720;351.287 354.632;495.136 49.826;138.574 -43.564;-473.168 -152.483,nan;nan;nan;nan;nan;nan;nan;nan;nan;nan;nan;nan;nan;nan;nan;nan;nan;nan;nan;nan;nan;nan;nan;nan;nan;nan;nan;nan;nan;nan;nan;nan;nan;nan;nan;nan;nan;nan;nan;nan;nan;nan;nan;nan;nan;nan;nan;nan;nan;nan;nan;nan;nan;nan;nan;nan;nan;nan;nan;nan;nan;nan;nan;nan;nan;nan;nan;nan;nan;nan;nan;nan;nan;nan;nan;nan;nan;nan;nan;nan;nan;nan;nan;nan;nan;nan;nan;nan;nan;nan;nan;nan;nan;nan;nan;nan;nan;nan;nan;nan;nan;nan;nan;nan;nan;nan;nan;nan;nan;nan;nan;nan;nan;nan;nan;nan;nan;nan;nan;nan;nan;nan;nan;nan;nan;nan;nan;nan;nan;nan;nan;nan;nan;nan;nan;nan;nan;nan;nan;nan;nan;nan;nan;nan;nan;nan;nan;nan;nan;nan;nan;nan;nan;nan;nan;nan;nan;nan;nan;nan;nan;nan;nan;nan;nan;nan;nan;nan;nan;nan;nan;nan;nan;nan;nan;nan;nan;nan;nan;nan;nan;nan;nan;nan;nan;nan;nan;nan;nan;nan;nan;nan;nan;nan;nan;nan;nan;nan;nan;nan;nan,5D,385.0
PSOC,1,500,10,8,6030,random,6030,131163.51852999988,140457.3736973483,9293.855167348403,False,328.63225480597924,2.233442078000735,454.272 -207.472;155.519 -62.078;123.357 -461.644;-172.690 468.084;205.461 454.143;-449.325 217.841;463.939 169.066;-483.467 -126.479;-130.109 100.451;-267.815 -419.097,nan;nan;nan;nan;nan;nan;nan;nan;nan;nan;nan;nan;nan;nan;nan;nan;nan;nan;nan;nan;nan;nan;nan;nan;nan;nan;nan;nan;nan;nan;nan;nan;nan;nan;nan;nan;nan;nan;nan;nan;nan;nan;nan;nan;nan;nan;nan;nan;nan;nan;nan;nan;nan;nan;nan;nan;nan;nan;nan;nan;nan;nan;nan;nan;nan;nan;nan;nan;nan;nan;nan;nan;nan;nan;nan;nan;nan;nan;nan;nan;nan;nan;nan;nan;nan;nan;nan;nan;nan;nan;nan;nan;nan;nan;nan;nan;nan;nan;nan;nan;nan;nan;nan;nan;nan;nan;nan;nan;nan;nan;nan;nan;nan;nan;nan;nan;nan;nan;nan;nan;nan;nan;nan;nan;nan;nan;nan;nan;nan;nan;nan;nan;nan;nan;nan;nan;nan;nan;nan;nan;nan;nan;nan;nan;nan;nan;nan;nan;nan;nan;nan;nan;nan;nan;nan;nan;nan;nan;nan;nan;nan;nan;nan;nan;nan;nan;nan;nan;nan;nan;nan;nan;nan;nan;nan;nan;nan;nan;nan;nan;nan;nan;nan;nan;nan;nan;nan;nan;nan;nan;nan;nan;nan;nan;nan;nan;nan;nan;nan;nan;nan,5D,385.0
SSA,1,500,10,18,6030,random,6030,129076.60017383366,140457.3736973483,11380.773523514625,False,296.9252663918021,2.348734745000911,-476.876 81.440;359.605 347.396;4.791 499.977;23.765 -422.192;94.699 213.273;375.032 -329.427;332.758 -6.184;-119.964 -59.141;-215.057 260.450;-329.472 -374.281,nan;nan;nan;nan;nan;nan;nan;nan;nan;nan;nan;nan;nan;nan;nan;nan;nan;nan;nan;nan;nan;nan;nan;nan;nan;nan;nan;nan;nan;nan;nan;nan;nan;nan;nan;nan;nan;nan;nan;nan;nan;nan;nan;nan;nan;nan;nan;nan;nan;nan;nan;nan;nan;nan;nan;nan;nan;nan;nan;nan;nan;nan;nan;nan;nan;nan;nan;nan;nan;nan;nan;nan;nan;nan;nan;nan;nan;nan;nan;nan;nan;nan;nan;nan;nan;nan;nan;nan;nan;nan;nan;nan;nan;nan;nan;nan;nan;nan;nan;nan;nan;nan;nan;nan;nan;nan;nan;nan;nan;nan;nan;nan;nan;nan;nan;nan;nan;nan;nan;nan;nan;nan;nan;nan;nan;nan;nan;nan;nan;nan;nan;nan;nan;nan;nan;nan;nan;nan;nan;nan;nan;nan;nan;nan;nan;nan;nan;nan;nan;nan;nan;nan;nan;nan;nan;nan;nan;nan;nan;nan;nan;nan;nan;nan;nan;nan;nan;nan;nan;nan;nan;nan;nan;nan;nan;nan;nan;nan;nan;nan;nan;nan;nan;nan;nan;nan;nan;nan;nan;nan;nan;nan;nan;nan;nan;nan;nan;nan;nan;nan;nan,5D,385.0
LXSSA,1,500,10,28,6030,random,6030,132364.17372142317,140457.3736973483,8093.199975925119,False,289.4418726262096,3.115871670999695,462.368 -176.008;-191.362 -444.641;-123.450 431.896;479.047 142.324;-391.010 205.709;-485.455 -105.716;180.475 -241.683;291.149 378.033;-152.194 -111.701;62.516 154.618,nan;nan;nan;nan;nan;nan;nan;nan;nan;nan;nan;nan;nan;nan;nan;nan;nan;nan;nan;nan;nan;nan;nan;nan;nan;nan;nan;nan;nan;nan;nan;nan;nan;nan;nan;nan;nan;nan;nan;nan;nan;nan;nan;nan;nan;nan;nan;nan;nan;nan;nan;nan;nan;nan;nan;nan;nan;nan;nan;nan;nan;nan;nan;nan;nan;nan;nan;nan;nan;nan;nan;nan;nan;nan;nan;nan;nan;nan;nan;nan;nan;nan;nan;nan;nan;nan;nan;nan;nan;nan;nan;nan;nan;nan;nan;nan;nan;nan;nan;nan;nan;nan;nan;nan;nan;nan;nan;nan;nan;nan;nan;nan;nan;nan;nan;nan;nan;nan;nan;nan;nan;nan;nan;nan;nan;nan;nan;nan;nan;nan;nan;nan;nan;nan;nan;nan;nan;nan;nan;nan;nan;nan;nan;nan;nan;nan;nan;nan;nan;nan;nan;nan;nan;nan;nan;nan;nan;nan;nan;nan;nan;nan;nan;nan;nan;nan;nan;nan;nan;nan;nan;nan;nan;nan;nan;nan;nan;nan;nan;nan;nan;nan;nan;nan;nan;nan;nan;nan;nan;nan;nan;nan;nan;nan;nan;nan;nan;nan;nan;nan;nan,5D,385.0
SLSQP,2,500,10,8,6030,random,6030,61876.710788461234,73153.78394684664,11277.073158385407,False,129.7911331318587,5.224347948998911,432.850 82.638;179.713 -37.671;165.840 -435.728;24.939 368.901;28.904 -98.544;-410.034 152.776;184.224 198.389;-253.462 -92.226;-22.820 -217.583;-108.197 -442.584,nan;nan;nan;nan;nan;nan;nan;nan;nan;nan;nan;nan;nan;nan;nan;nan;nan;nan;nan;nan;nan;nan;nan;nan;nan;nan;nan;nan;nan;nan;nan;nan;nan;nan;nan;nan;nan;nan;nan;nan;nan;nan;nan;nan;nan;nan;nan;nan;nan;nan;nan;nan;nan;nan;nan;nan;nan;nan;nan;nan;nan;nan;nan;nan;nan;nan;nan;nan;nan;nan;nan;nan;nan;nan;nan;nan;nan;nan;nan;nan;nan;nan;nan;nan;nan;nan;nan;nan;nan;nan;nan;nan;nan;nan;nan;nan;nan;nan;nan;nan;nan;nan;nan;nan;nan;nan;nan;nan;nan;nan;nan;nan;nan;nan;nan;nan;nan;nan;nan;nan;nan;nan;nan;nan;nan;nan;nan;nan;nan;nan;nan;nan;nan;nan;nan;nan;nan;nan;nan;nan;nan;nan;nan;nan;nan;nan;nan;nan;nan;nan;nan;nan;nan;nan;nan;nan;nan;nan;nan;nan;nan;nan;nan;nan;nan;nan;nan;nan;nan;nan;nan;nan;nan;nan;nan;nan;nan;nan;nan;nan;nan;nan;nan;nan;nan;nan;nan;nan;nan;nan;nan;nan;nan;nan;nan;nan;nan;nan;nan;nan;nan,6D,462.0
PSOBV,2,500,10,18,6030,random,6030,65973.46759170596,73153.78394684664,7180.316355140676,False,327.3534649697046,2.8581609549983114,278.063 415.355;-44.107 498.028;-196.805 25.230;-452.573 -212.448;489.288 102.604;153.902 -475.310;415.279 -278.227;-200.210 -457.888;128.261 -13.420;-368.933 336.727,nan;nan;nan;nan;nan;nan;nan;nan;nan;nan;nan;nan;nan;nan;nan;nan;nan;nan;nan;nan;nan;nan;nan;nan;nan;nan;nan;nan;nan;nan;nan;nan;nan;nan;nan;nan;nan;nan;nan;nan;nan;nan;nan;nan;nan;nan;nan;nan;nan;nan;nan;nan;nan;nan;nan;nan;nan;nan;nan;nan;nan;nan;nan;nan;nan;nan;nan;nan;nan;nan;nan;nan;nan;nan;nan;nan;nan;nan;nan;nan;nan;nan;nan;nan;nan;nan;nan;nan;nan;nan;nan;nan;nan;nan;nan;nan;nan;nan;nan;nan;nan;nan;nan;nan;nan;nan;nan;nan;nan;nan;nan;nan;nan;nan;nan;nan;nan;nan;nan;nan;nan;nan;nan;nan;nan;nan;nan;nan;nan;nan;nan;nan;nan;nan;nan;nan;nan;nan;nan;nan;nan;nan;nan;nan;nan;nan;nan;nan;nan;nan;nan;nan;nan;nan;nan;nan;nan;nan;nan;nan;nan;nan;nan;nan;nan;nan;nan;nan;nan;nan;nan;nan;nan;nan;nan;nan;nan;nan;nan;nan;nan;nan;nan;nan;nan;nan;nan;nan;nan;nan;nan;nan;nan;nan;nan;nan;nan;nan;nan;nan;nan,6D,462.0
SSABV,2,500,10,28,6030,random,6030,66890.49012073713,73153.78394684664,6263.293826109511,False,283.2924004741214,2.3332339379994664,-405.710 -291.349;-139.400 480.165;417.482 274.561;201.314 457.663;-93.977 133.808;359.744 -346.058;62.821 -127.471;497.221 -47.456;-473.267 160.063;-3.873 -500.000,nan;nan;nan;nan;nan;nan;nan;nan;nan;nan;nan;nan;nan;nan;nan;nan;nan;nan;nan;nan;nan;nan;nan;nan;nan;nan;nan;nan;nan;nan;nan;nan;nan;nan;nan;nan;nan;nan;nan;nan;nan;nan;nan;nan;nan;nan;nan;nan;nan;nan;nan;nan;nan;nan;nan;nan;nan;nan;nan;nan;nan;nan;nan;nan;nan;nan;nan;nan;nan;nan;nan;nan;nan;nan;nan;nan;nan;nan;nan;nan;nan;nan;nan;nan;nan;nan;nan;nan;nan;nan;nan;nan;nan;nan;nan;nan;nan;nan;nan;nan;nan;nan;nan;nan;nan;nan;nan;nan;nan;nan;nan;nan;nan;nan;nan;nan;nan;nan;nan;nan;nan;nan;nan;nan;nan;nan;nan;nan;nan;nan;nan;nan;nan;nan;nan;nan;nan;nan;nan;nan;nan;nan;nan;nan;nan;nan;nan;nan;nan;nan;nan;nan;nan;nan;nan;nan;nan;nan;nan;nan;nan;nan;nan;nan;nan;nan;nan;nan;nan;nan;nan;nan;nan;nan;nan;nan;nan;nan;nan;nan;nan;nan;nan;nan;nan;nan;nan;nan;nan;nan;nan;nan;nan;nan;nan;nan;nan;nan;nan;nan;nan,6D,462.0
BVNS,2,500,10,8,6030,random,6030,66657.54318759138,73153.78394684664,6496.240759255263,False,304.0585793418014,2.0868108829999983,482.850 129.513;467.213 -177.514;244.746 -435.728;-77.405 493.901;25.779 139.737;-414.721 278.558;284.224 410.889;-478.462 -144.570;-48.601 -155.083;-176.947 -467.584,nan;nan;nan;nan;nan;nan;nan;nan;nan;nan;nan;nan;nan;nan;nan;nan;nan;nan;nan;nan;nan;nan;nan;nan;nan;nan;nan;nan;nan;nan;nan;nan;nan;nan;nan;nan;nan;nan;nan;nan;nan;nan;nan;nan;nan;nan;nan;nan;nan;nan;nan;nan;nan;nan;nan;nan;nan;nan;nan;nan;nan;nan;nan;nan;nan;nan;nan;nan;nan;nan;nan;nan;nan;nan;nan;nan;nan;nan;nan;nan;nan;nan;nan;nan;nan;nan;nan;nan;nan;nan;nan;nan;nan;nan;nan;nan;nan;nan;nan;nan;nan;nan;nan;nan;nan;nan;nan;nan;nan;nan;nan;nan;nan;nan;nan;nan;nan;nan;nan;nan;nan;nan;nan;nan;nan;nan;nan;nan;nan;nan;nan;nan;nan;nan;nan;nan;nan;nan;nan;nan;nan;nan;nan;nan;nan;nan;nan;nan;nan;nan;nan;nan;nan;nan;nan;nan;nan;nan;nan;nan;nan;nan;nan;nan;nan;nan;nan;nan;nan;nan;nan;nan;nan;nan;nan;nan;nan;nan;nan;nan;nan;nan;nan;nan;nan;nan;nan;nan;nan;nan;nan;nan;nan;nan;nan;nan;nan;nan;nan;nan;nan,6D,462.0
PSOC,2,500,10,18,6030,random,6030,66297.31417405089,73153.78394684664,6856.469772795754,False,326.12085205843914,2.2234754510009225,281.781 411.800;-61.014 495.783;-227.194 31.939;-448.493 -219.689;487.149 111.780;161.595 -472.677;422.620 -267.019;-200.592 -457.640;118.942 -10.229;-354.175 352.915,nan;nan;nan;nan;nan;nan;nan;nan;nan;nan;nan;nan;nan;nan;nan;nan;nan;nan;nan;nan;nan;nan;nan;nan;nan;nan;nan;nan;nan;nan;nan;nan;nan;nan;nan;nan;nan;nan;nan;nan;nan;nan;nan;nan;nan;nan;nan;nan;nan;nan;nan;nan;nan;nan;nan;nan;nan;nan;nan;nan;nan;nan;nan;nan;nan;nan;nan;nan;nan;nan;nan;nan;nan;nan;nan;nan;nan;nan;nan;nan;nan;nan;nan;nan;nan;nan;nan;nan;nan;nan;nan;nan;nan;nan;nan;nan;nan;nan;nan;nan;nan;nan;nan;nan;nan;nan;nan;nan;nan;nan;nan;nan;nan;nan;nan;nan;nan;nan;nan;nan;nan;nan;nan;nan;nan;nan;nan;nan;nan;nan;nan;nan;nan;nan;nan;nan;nan;nan;nan;nan;nan;nan;nan;nan;nan;nan;nan;nan;nan;nan;nan;nan;nan;nan;nan;nan;nan;nan;nan;nan;nan;nan;nan;nan;nan;nan;nan;nan;nan;nan;nan;nan;nan;nan;nan;nan;nan;nan;nan;nan;nan;nan;nan;nan;nan;nan;nan;nan;nan;nan;nan;nan;nan;nan;nan;nan;nan;nan;nan;nan;nan,6D,462.0
SSA,2,500,10,28,6030,random,6030,66659.11721750499,73153.78394684664,6494.666729341654,False,291.61010324975075,2.1074199600006978,160.705 -471.766;-133.958 481.721;465.334 -164.482;171.229 469.767;120.207 71.642;-254.495 -430.387;-83.440 -138.748;439.419 238.497;-470.500 -68.593;-312.450 251.120,nan;nan;nan;nan;nan;nan;nan;nan;nan;nan;nan;nan;nan;nan;nan;nan;nan;nan;nan;nan;nan;nan;nan;nan;nan;nan;nan;nan;nan;nan;nan;nan;nan;nan;nan;nan;nan;nan;nan;nan;nan;nan;nan;nan;nan;nan;nan;nan;nan;nan;nan;nan;nan;nan;nan;nan;nan;nan;nan;nan;nan;nan;nan;nan;nan;nan;nan;nan;nan;nan;nan;nan;nan;nan;nan;nan;nan;nan;nan;nan;nan;nan;nan;nan;nan;nan;nan;nan;nan;nan;nan;nan;nan;nan;nan;nan;nan;nan;nan;nan;nan;nan;nan;nan;nan;nan;nan;nan;nan;nan;nan;nan;nan;nan;nan;nan;nan;nan;nan;nan;nan;nan;nan;nan;nan;nan;nan;nan;nan;nan;nan;nan;nan;nan;nan;nan;nan;nan;nan;nan;nan;nan;nan;nan;nan;nan;nan;nan;nan;nan;nan;nan;nan;nan;nan;nan;nan;nan;nan;nan;nan;nan;nan;nan;nan;nan;nan;nan;nan;nan;nan;nan;nan;nan;nan;nan;nan;nan;nan;nan;nan;nan;nan;nan;nan;nan;nan;nan;nan;nan;nan;nan;nan;nan;nan;nan;nan;nan;nan;nan;nan,6D,462.0
DE,2,500,10,8,6030,random,6030,62205.07678274441,73153.78394684664,10948.707164102234,False,116.44489706960938,3.2287850659995456,-361.891 209.546;308.997 104.050;224.856 -421.206;-208.145 -258.081;-453.671 -202.828;420.584 137.334;60.162 -389.231;297.199 390.597;-91.851 73.140;-12.411 500.000,nan;nan;nan;nan;nan;nan;nan;nan;nan;nan;nan;nan;nan;nan;nan;nan;nan;nan;nan;nan;nan;nan;nan;nan;nan;nan;nan;nan;nan;nan;nan;nan;nan;nan;nan;nan;nan;nan;nan;nan;nan;nan;nan;nan;nan;nan;nan;nan;nan;nan;nan;nan;nan;nan;nan;nan;nan;nan;nan;nan;nan;nan;nan;nan;nan;nan;nan;nan;nan;nan;nan;nan;nan;nan;nan;nan;nan;nan;nan;nan;nan;nan;nan;nan;nan;nan;nan;nan;nan;nan;nan;nan;nan;nan;nan;nan;nan;nan;nan;nan;nan;nan;nan;nan;nan;nan;nan;nan;nan;nan;nan;nan;nan;nan;nan;nan;nan;nan;nan;nan;nan;nan;nan;nan;nan;nan;nan;nan;nan;nan;nan;nan;nan;nan;nan;nan;nan;nan;nan;nan;nan;nan;nan;nan;nan;nan;nan;nan;nan;nan;nan;nan;nan;nan;nan;nan;nan;nan;nan;nan;nan;nan;nan;nan;nan;nan;nan;nan;nan;nan;nan;nan;nan;nan;nan;nan;nan;nan;nan;nan;nan;nan;nan;nan;nan;nan;nan;nan;nan;nan;nan;nan;nan;nan;nan;nan;nan;nan;nan;nan;nan,6D,462.0
SLSQP,2,500,10,18,6030,random,6030,64046.108231194885,73153.78394684664,9107.675715651756,False,94.2095533345208,5.486477387001287,164.781 277.124;-24.334 487.786;-3.755 171.522;-69.741 -239.022;444.196 187.131;159.655 -464.631;406.199 -81.255;-24.057 -364.366;-137.757 -173.836;-351.982 295.886,nan;nan;nan;nan;nan;nan;nan;nan;nan;nan;nan;nan;nan;nan;nan;nan;nan;nan;nan;nan;nan;nan;nan;nan;nan;nan;nan;nan;nan;nan;nan;nan;nan;nan;nan;nan;nan;nan;nan;nan;nan;nan;nan;nan;nan;nan;nan;nan;nan;nan;nan;nan;nan;nan;nan;nan;nan;nan;nan;nan;nan;nan;nan;nan;nan;nan;nan;nan;nan;nan;nan;nan;nan;nan;nan;nan;nan;nan;nan;nan;nan;nan;nan;nan;nan;nan;nan;nan;nan;nan;nan;nan;nan;nan;nan;nan;nan;nan;nan;nan;nan;nan;nan;nan;nan;nan;nan;nan;nan;nan;nan;nan;nan;nan;nan;nan;nan;nan;nan;nan;nan;nan;nan;nan;nan;nan;nan;nan;nan;nan;nan;nan;nan;nan;nan;nan;nan;nan;nan;nan;nan;nan;nan;nan;nan;nan;nan;nan;nan;nan;nan;nan;nan;nan;nan;nan;nan;nan;nan;nan;nan;nan;nan;nan;nan;nan;nan;nan;nan;nan;nan;nan;nan;nan;nan;nan;nan;nan;nan;nan;nan;nan;nan;nan;nan;nan;nan;nan;nan;nan;nan;nan;nan;nan;nan;nan;nan;nan;nan;nan;nan,5D,385.0
PSOBV,2,500,10,28,6030,random,6030,65967.96634888275,73153.78394684664,7185.817597963891,False,334.30909500442067,3.1985981639991223,-124.165 102.240;424.328 263.710;-471.208 166.059;134.718 -109.284;117.169 485.911;-453.195 -211.149;-171.746 -469.294;487.259 -111.577;209.359 -453.958;-229.712 443.889,nan;nan;nan;nan;nan;nan;nan;nan;nan;nan;nan;nan;nan;nan;nan;nan;nan;nan;nan;nan;nan;nan;nan;nan;nan;nan;nan;nan;nan;nan;nan;nan;nan;nan;nan;nan;nan;nan;nan;nan;nan;nan;nan;nan;nan;nan;nan;nan;nan;nan;nan;nan;nan;nan;nan;nan;nan;nan;nan;nan;nan;nan;nan;nan;nan;nan;nan;nan;nan;nan;nan;nan;nan;nan;nan;nan;nan;nan;nan;nan;nan;nan;nan;nan;nan;nan;nan;nan;nan;nan;nan;nan;nan;nan;nan;nan;nan;nan;nan;nan;nan;nan;nan;nan;nan;nan;nan;nan;nan;nan;nan;nan;nan;nan;nan;nan;nan;nan;nan;nan;nan;nan;nan;nan;nan;nan;nan;nan;nan;nan;nan;nan;nan;nan;nan;nan;nan;nan;nan;nan;nan;nan;nan;nan;nan;nan;nan;nan;nan;nan;nan;nan;nan;nan;nan;nan;nan;nan;nan;nan;nan;nan;nan;nan;nan;nan;nan;nan;nan;nan;nan;nan;nan;nan;nan;nan;nan;nan;nan;nan;nan;nan;nan;nan;nan;nan;nan;nan;nan;nan;nan;nan;nan;nan;nan;nan;nan;nan;nan;nan;nan,5D,385.0
RSDVNS,2,500,10,8,6030,random,6030,65127.84079788672,73153.78394684664,8025.943148959923,False,323.0006509927329,2.4214074079991406,-222.236 76.116;121.641 149.004;110.611 -487.288;18.600 -177.670;-303.329 397.473;-267.658 -418.455;451.963 -165.752;-485.114 -119.514;64.232 494.054;438.261 240.241,nan;nan;nan;nan;nan;nan;nan;nan;nan;nan;nan;nan;nan;nan;nan;nan;nan;nan;nan;nan;nan;nan;nan;nan;nan;nan;nan;nan;nan;nan;nan;nan;nan;nan;nan;nan;nan;nan;nan;nan;nan;nan;nan;nan;nan;nan;nan;nan;nan;nan;nan;nan;nan;nan;nan;nan;nan;nan;nan;nan;nan;nan;nan;nan;nan;nan;nan;nan;nan;nan;nan;nan;nan;nan;nan;nan;nan;nan;nan;nan;nan;nan;nan;nan;nan;nan;nan;nan;nan;nan;nan;nan;nan;nan;nan;nan;nan;nan;nan;nan;nan;nan;nan;nan;nan;nan;nan;nan;nan;nan;nan;nan;nan;nan;nan;nan;nan;nan;nan;nan;nan;nan;nan;nan;nan;nan;nan;nan;nan;nan;nan;nan;nan;nan;nan;nan;nan;nan;nan;nan;nan;nan;nan;nan;nan;nan;nan;nan;nan;nan;nan;nan;nan;nan;nan;nan;nan;nan;nan;nan;nan;nan;nan;nan;nan;nan;nan;nan;nan;nan;nan;nan;nan;nan;nan;nan;nan;nan;nan;nan;nan;nan;nan;nan;nan;nan;nan;nan;nan;nan;nan;nan;nan;nan;nan;nan;nan;nan;nan;nan;nan,5D,385.0
BVNS,2,500,10,18,6030,random,6030,65793.05570869637,73153.78394684664,7360.728238150274,False,334.67201929935214,2.402163226999619,242.361 434.185;-136.967 475.000;120.234 101.542;-132.078 -118.331;475.000 155.610;207.251 -450.000;453.968 -203.935;-154.509 -475.000;-475.000 -151.331;-436.386 230.921,nan;nan;nan;nan;nan;nan;nan;nan;nan;nan;nan;nan;nan;nan;nan;nan;nan;nan;nan;nan;nan;nan;nan;nan;nan;nan;nan;nan;nan;nan;nan;nan;nan;nan;nan;nan;nan;nan;nan;nan;nan;nan;nan;nan;nan;nan;nan;nan;nan;nan;nan;nan;nan;nan;nan;nan;nan;nan;nan;nan;nan;nan;nan;nan;nan;nan;nan;nan;nan;nan;nan;nan;nan;nan;nan;nan;nan;nan;nan;nan;nan;nan;nan;nan;nan;nan;nan;nan;nan;nan;nan;nan;nan;nan;nan;nan;nan;nan;nan;nan;nan;nan;nan;nan;nan;nan;nan;nan;nan;nan;nan;nan;nan;nan;nan;nan;nan;nan;nan;nan;nan;nan;nan;nan;nan;nan;nan;nan;nan;nan;nan;nan;nan;nan;nan;nan;nan;nan;nan;nan;nan;nan;nan;nan;nan;nan;nan;nan;nan;nan;nan;nan;nan;nan;nan;nan;nan;nan;nan;nan;nan;nan;nan;nan;nan;nan;nan;nan;nan;nan;nan;nan;nan;nan;nan;nan;nan;nan;nan;nan;nan;nan;nan;nan;nan;nan;nan;nan;nan;nan;nan;nan;nan;nan;nan;nan;nan;nan;nan;nan;nan,5D,385.0
PSOC,2,500,10,28,6030,random,6030,65833.49450044522,73153.78394684664,7320.289446401424,False,342.2499849517513,2.2211675549988286,-111.118 120.731;419.468 269.063;-465.821 178.792;131.451 -120.713;115.597 486.383;-428.618 -171.551;-180.622 -459.656;489.937 -98.165;199.955 -458.120;-234.643 441.220,nan;nan;nan;nan;nan;nan;nan;nan;nan;nan;nan;nan;nan;nan;nan;nan;nan;nan;nan;nan;nan;nan;nan;nan;nan;nan;nan;nan;nan;nan;nan;nan;nan;nan;nan;nan;nan;nan;nan;nan;nan;nan;nan;nan;nan;nan;nan;nan;nan;nan;nan;nan;nan;nan;nan;nan;nan;nan;nan;nan;nan;nan;nan;nan;nan;nan;nan;nan;nan;nan;nan;nan;nan;nan;nan;nan;nan;nan;nan;nan;nan;nan;nan;nan;nan;nan;nan;nan;nan;nan;nan;nan;nan;nan;nan;nan;nan;nan;nan;nan;nan;nan;nan;nan;nan;nan;nan;nan;nan;nan;nan;nan;nan;nan;nan;nan;nan;nan;nan;nan;nan;nan;nan;nan;nan;nan;nan;nan;nan;nan;nan;nan;nan;nan;nan;nan;nan;nan;nan;nan;nan;nan;nan;nan;nan;nan;nan;nan;nan;nan;nan;nan;nan;nan;nan;nan;nan;nan;nan;nan;nan;nan;nan;nan;nan;nan;nan;nan;nan;nan;nan;nan;nan;nan;nan;nan;nan;nan;nan;nan;nan;nan;nan;nan;nan;nan;nan;nan;nan;nan;nan;nan;nan;nan;nan;nan;nan;nan;nan;nan;nan,5D,385.0
LXSSA,2,500,10,8,6030,random,6030,65440.37706798944,73153.78394684664,7713.406878857204,False,290.5789755010941,2.231751806999455,204.612 -84.959;418.298 162.388;299.302 -400.329;-138.442 471.134;-76.109 -160.006;-446.667 -83.071;90.097 250.750;-444.255 226.935;-311.496 -387.914;-3.672 -500.000,nan;nan;nan;nan;nan;nan;nan;nan;nan;nan;nan;nan;nan;nan;nan;nan;nan;nan;nan;nan;nan;nan;nan;nan;nan;nan;nan;nan;nan;nan;nan;nan;nan;nan;nan;nan;nan;nan;nan;nan;nan;nan;nan;nan;nan;nan;nan;nan;nan;nan;nan;nan;nan;nan;nan;nan;nan;nan;nan;nan;nan;nan;nan;nan;nan;nan;nan;nan;nan;nan;nan;nan;nan;nan;nan;nan;nan;nan;nan;nan;nan;nan;nan;nan;nan;nan;nan;nan;nan;nan;nan;nan;nan;nan;nan;nan;nan;nan;nan;nan;nan;nan;nan;nan;nan;nan;nan;nan;nan;nan;nan;nan;nan;nan;nan;nan;nan;nan;nan;nan;nan;nan;nan;nan;nan;nan;nan;nan;nan;nan;nan;nan;nan;nan;nan;nan;nan;nan;nan;nan;nan;nan;nan;nan;nan;nan;nan;nan;nan;nan;nan;nan;nan;nan;nan;nan;nan;nan;nan;nan;nan;nan;nan;nan;nan;nan;nan;nan;nan;nan;nan;nan;nan;nan;nan;nan;nan;nan;nan;nan;nan;nan;nan;nan;nan;nan;nan;nan;nan;nan;nan;nan;nan;nan;nan;nan;nan;nan;nan;nan;nan,5D,385.0
DE,2,500,10,18,6030,random,6030,65462.77582505446,73153.78394684664,7691.008121792183,False,239.67516378821375,3.296414972999628,442.641 218.343;176.580 -407.154;-416.915 93.461;213.770 147.194;165.570 422.706;-194.578 -403.231;-419.065 -220.198;-322.371 379.518;432.565 -110.402;-172.072 -58.197,nan;nan;nan;nan;nan;nan;nan;nan;nan;nan;nan;nan;nan;nan;nan;nan;nan;nan;nan;nan;nan;nan;nan;nan;nan;nan;nan;nan;nan;nan;nan;nan;nan;nan;nan;nan;nan;nan;nan;nan;nan;nan;nan;nan;nan;nan;nan;nan;nan;nan;nan;nan;nan;nan;nan;nan;nan;nan;nan;nan;nan;nan;nan;nan;nan;nan;nan;nan;nan;nan;nan;nan;nan;nan;nan;nan;nan;nan;nan;nan;nan;nan;nan;nan;nan;nan;nan;nan;nan;nan;nan;nan;nan;nan;nan;nan;nan;nan;nan;nan;nan;nan;nan;nan;nan;nan;nan;nan;nan;nan;nan;nan;nan;nan;nan;nan;nan;nan;nan;nan;nan;nan;nan;nan;nan;nan;nan;nan;nan;nan;nan;nan;nan;nan;nan;nan;nan;nan;nan;nan;nan;nan;nan;nan;nan;nan;nan;nan;nan;nan;nan;nan;nan;nan;nan;nan;nan;nan;nan;nan;nan;nan;nan;nan;nan;nan;nan;nan;nan;nan;nan;nan;nan;nan;nan;nan;nan;nan;nan;nan;nan;nan;nan;nan;nan;nan;nan;nan;nan;nan;nan;nan;nan;nan;nan;nan;nan;nan;nan;nan;nan,5D,385.0
SLSQP,1,750,8,28,6030,random,6030,111477.26725792792,112365.89895787863,888.6316999507108,True,466.2439158019703,3.592874642001334,-567.021 -470.939;-167.624 729.249;293.628 -689.912;297.215 688.551;69.268 233.032;738.211 93.432;-565.238 468.709;-176.408 -725.506,nan;nan;nan;110288.261;110489.318;110537.642;110538.301;110538.694;110538.695;110538.699;110539.145;110539.156;110539.166;110539.166;110539.166;110539.166;110539.166;110539.166;110539.166;110539.166;111254.135;111254.138;111254.145;111254.155;111254.165;111254.176;111254.913;111255.052;111255.052;111255.052;111255.052;111255.052;111255.052;111255.052;111255.052;111255.052;111255.052;111255.052;111255.052;111255.052;111255.052;111255.052;111262.640;111262.640;111262.640;111262.640;111355.182;111358.436;111377.729;111377.731;111377.736;111377.746;111377.760;111377.790;111377.807;111378.706;111378.706;111378.753;111378.966;111378.966;111378.966;111378.966;111378.966;111378.966;111378.966;111378.966;111378.966;111379.364;111379.364;111379.364;111379.364;111379.364;111379.364;111379.364;111379.364;111379.364;111379.364;111379.364;111379.364;111379.364;111379.364;111379.364;111379.364;111379.364;111379.364;111379.364;111379.364;111379.364;111379.364;111379.364;111379.364;111379.364;111379.364;111379.364;111379.364;111379.364;111379.364;111379.364;111379.364;111379.364;111379.364;111379.364;111379.364;111379.364;111379.364;111379.364;111379.364;111379.364;111379.364;111379.364;111379.364;111379.364;111379.364;111379.364;111379.364;111379.364;111379.364;111379.364;111379.364;111379.364;111379.364;111379.364;111379.364;111379.364;111379.364;111379.364;111379.364;111379.364;111379.364;111379.364;111379.364;111379.364;111379.364;111379.364;111379.364;111379.364;111379.364;111379.364;111379.364;111379.364;111379.364;111379.364;111379.364;111379.364;111379.364;111379.364;111379.364;111379.364;111379.364;111379.364;111379.364;111379.364;111379.364;111379.364;111379.364;111379.364;111379.364;111379.364;111379.364;111379.364;111379.364;111379.364;111379.364;111379.364;111379.364;111379.364;111379.364;111379.364;111379.364;111379.364;111379.364;111379.364;111379.364;111379.364;111379.364;111379.364;111379.364;111477.267;111477.267;111477.267;111477.267;111477.267;111477.267;111477.267;111477.267;111477.267;111477.267;111477.267;111477.267;111477.267;111477.267;111477.267;111477.267;111477.267;111477.267;111477.267;111477.267;111477.267;111477.267;111477.267;111477.267,6D,462.0
SSABV,1,750,8,8,6030,random,6030,111933.15576768226,112365.89895787863,432.74319019637187,True,473.92118560804863,2.123142686999927,-734.304 -139.711;-390.212 396.308;-370.148 -651.929;159.094 -604.871;178.688 728.287;744.672 -88.344;366.577 197.392;-38.656 -90.932,nan;nan;nan;nan;nan;nan;nan;nan;nan;nan;nan;nan;nan;nan;nan;nan;nan;nan;nan;nan;nan;nan;nan;nan;nan;nan;nan;nan;nan;nan;nan;nan;nan;nan;nan;nan;nan;nan;nan;nan;nan;nan;nan;nan;nan;nan;nan;nan;nan;111359.626;111359.626;111359.626;111576.791;111596.193;111597.357;111820.640;111820.640;111840.496;111840.918;111841.192;111841.942;111843.822;111843.822;111844.957;111846.100;111846.638;111847.200;111847.752;111848.112;111848.457;111848.674;111848.826;111848.935;111849.031;111849.087;111849.189;111849.226;111849.279;111849.292;111849.314;111849.330;111849.350;111849.363;111849.369;111849.378;111849.382;111849.386;111849.390;111849.393;111849.396;111849.398;111849.399;111849.399;111849.400;111849.401;111849.401;111849.401;111849.401;111849.401;111849.401;111849.402;111862.050;111867.456;111871.169;111874.236;111874.236;111891.440;111894.474;111906.542;111909.435;111909.435;111911.584;111911.584;111914.028;111915.260;111915.260;111916.415;111916.999;111918.128;111919.236;111919.236;111919.782;111919.782;111919.944;111920.105;111920.264;111920.424;111920.583;111920.739;111920.894;111920.894;111921.054;111921.208;111921.360;111921.512;111921.670;111921.820;111921.969;111922.116;111922.274;111922.420;111922.564;111922.707;111922.865;111923.007;111923.007;111923.147;111923.417;111923.687;111923.828;111923.967;111924.123;111924.261;111924.399;111924.536;111924.673;111924.673;111924.946;111925.207;111925.466;111925.724;111925.824;111925.979;111926.095;111926.349;111926.601;111926.852;111927.101;111927.349;111927.349;111927.463;111927.823;111928.067;111928.067;111928.310;111928.552;111928.792;111928.903;111929.141;111929.378;111929.614;111929.848;111930.080;111930.189;111930.420;111930.649;111930.878;111931.104;111931.330;111931.330;111931.436;111931.660;111931.882;111932.104;111932.323;111932.427;111932.646;111932.863;111933.010;111933.112;111933.156,6D,462.0
RSDVNS,1,750,8,18,6030,random,6030,111470.970404267,112365.89895787863,894.9285536116222,True,463.244972712823,2.0133341110013134,-234.328 -181.685;669.427 334.710;-485.449 -571.240;-729.026 -75.890;307.780 -111.524;-220.665 393.978;463.677 -583.863;86.633 740.625,nan;nan;nan;nan;nan;nan;nan;nan;nan;nan;nan;nan;nan;nan;nan;nan;nan;nan;nan;nan;nan;nan;nan;nan;nan;nan;nan;nan;nan;nan;nan;nan;nan;nan;nan;nan;nan;nan;nan;nan;nan;nan;nan;nan;nan;nan;nan;nan;nan;nan;nan;nan;nan;nan;nan;nan;nan;nan;nan;nan;nan;nan;nan;nan;nan;nan;nan;nan;nan;nan;nan;nan;nan;nan;nan;nan;nan;nan;nan;nan;nan;nan;nan;nan;nan;nan;nan;nan;nan;nan;nan;nan;nan;nan;nan;nan;nan;nan;nan;nan;nan;nan;nan;nan;nan;nan;nan;nan;nan;nan;nan;110463.371;110489.391;110506.796;110511.373;110519.085;110522.323;111266.474;111278.922;111278.922;111279.835;111280.331;111283.451;111286.417;111289.239;111289.239;111308.706;111317.583;111320.812;111322.406;111323.734;111323.734;111324.080;111324.409;111325.052;111326.903;111327.602;111327.602;111327.723;111327.881;111332.307;111333.873;111333.983;111333.983;111334.298;111334.298;111334.353;111334.434;111334.434;111334.434;111334.891;111336.075;111336.075;111336.088;111336.088;111336.088;111336.088;111336.088;111336.088;111336.088;111336.088;111336.088;111336.088;111336.088;111336.088;111336.088;111336.088;111336.088;111336.088;111336.088;111336.088;111344.642;111347.518;111347.518;111381.840;111389.940;111403.145;111410.445;111417.887;111419.287;111428.379;111429.771;111433.351;111434.714;111436.057;111437.605;111438.937;111440.248;111441.540;111444.328;111445.590;111446.749;111446.787;111446.970;111446.983;111449.346;111456.317;111456.428;111463.189;111464.417;111470.970,6D,462.0
BVNS,1,750,8,28,6030,random,6030,111310.06087917413,112365.89895787863,1055.8380787045025,True,494.16467218096057,1.7905874449988914,169.643 -192.498;2.251 748.828;-203.421 -721.875;540.804 -518.746;729.227 47.015;-634.161 -399.937;321.047 344.464;-219.659 273.388,nan;nan;nan;nan;nan;nan;nan;nan;nan;nan;nan;nan;nan;nan;nan;nan;nan;nan;nan;nan;nan;nan;nan;nan;108695.743;109518.965;109595.262;109635.551;109705.745;109741.170;109793.639;109818.343;109892.483;109910.258;110502.562;110514.261;110518.980;110528.593;110528.993;110532.357;110550.298;110569.225;110573.078;110586.835;110594.353;110609.430;110614.993;110617.282;110622.731;110638.477;110654.463;110668.282;110668.282;110687.166;110694.588;110694.588;110699.028;110699.569;110703.414;110706.614;110707.913;110707.913;110708.375;110709.669;110710.157;110710.766;110711.035;110711.035;110711.675;110714.499;110715.137;110715.380;110715.507;110715.507;110715.657;110715.657;110715.657;110716.600;110717.537;110718.315;110718.358;110718.358;110718.371;110718.371;110718.371;110718.371;110718.371;110718.371;110718.371;110724.629;111205.338;111205.338;111239.679;111239.679;111259.614;111268.737;111270.943;111270.943;111280.519;111281.577;111282.620;111282.653;111283.692;111284.397;111285.166;111286.036;111286.859;111286.967;111287.010;111287.928;111288.048;111288.048;111292.768;111296.555;111297.524;111298.370;111298.385;111298.774;111298.822;111298.832;111299.279;111299.319;111299.323;111300.279;111300.721;111301.156;111301.189;111301.214;111301.231;111301.231;111303.561;111305.418;111305.834;111306.247;111306.382;111306.634;111306.822;111306.822;111307.007;111307.190;111307.195;111308.117;111308.353;111309.273;111309.477;111309.548;111309.639;111309.705;111309.705;111309.795;111309.883;111309.972;111310.059;111310.061;111310.061;111310.061;111310.061;111310.061;111310.061;111310.061;111310.061;111310.061;111310.061;111310.061;111310.061;111310.061;111310.061;111310.061;111310.061;111310.061;111310.061;111310.061;111310.061;111310.061;111310.061;111310.061;111310.061;111310.061;111310.061;111310.061;111310.061;111310.061;111310.061;111310.061;111310.061;111310.061;111310.061;111310.061;111310.061;111310.061;111310.061;111310.061;111310.061;111310.061;111310.061;111310.061;111310.061;111310.061;111310.061;111310.061;111310.061,6D,462.0
SSA,1,750,8,8,6030,random,6030,111729.9022126898,112365.89895787863,635.9967451888224,True,499.6719360001539,1.9418421529990155,-732.523 153.880;459.996 558.886;22.851 -749.652;464.339 -515.642;-301.352 -316.073;653.723 95.384;117.062 86.975;-293.698 518.347,nan;nan;nan;nan;nan;nan;nan;nan;nan;nan;nan;nan;nan;nan;nan;nan;nan;nan;nan;nan;nan;nan;nan;nan;nan;nan;nan;nan;nan;nan;nan;nan;nan;nan;nan;nan;nan;nan;nan;nan;nan;nan;nan;nan;nan;nan;nan;nan;nan;nan;nan;nan;nan;nan;nan;nan;nan;nan;nan;nan;nan;nan;nan;nan;nan;nan;nan;nan;nan;nan;nan;nan;nan;nan;nan;nan;nan;nan;nan;nan;nan;nan;nan;110275.733;110587.445;110587.445;110587.445;110616.190;110616.190;110616.190;110985.529;110985.529;111409.309;111560.665;111560.665;111560.665;111560.665;111560.665;111560.665;111560.665;111560.665;111560.665;111644.893;111644.893;111644.893;111644.893;111644.893;111644.893;111644.893;111666.312;111674.409;111678.598;111678.598;111679.892;111679.892;111681.674;111685.747;111690.871;111693.449;111695.187;111695.187;111695.187;111696.159;111696.526;111699.028;111700.092;111702.162;111726.462;111726.630;111727.713;111727.713;111727.955;111728.009;111728.138;111728.138;111728.138;111728.583;111728.628;111728.628;111728.840;111729.217;111729.271;111729.271;111729.492;111729.554;111729.605;111729.605;111729.605;111729.605;111729.605;111729.663;111729.663;111729.686;111729.733;111729.785;111729.799;111729.799;111729.799;111729.813;111729.836;111729.836;111729.837;111729.848;111729.858;111729.858;111729.858;111729.866;111729.866;111729.866;111729.870;111729.876;111729.880;111729.889;111729.889;111729.891;111729.891;111729.892;111729.892;111729.892;111729.893;111729.895;111729.895;111729.896;111729.897;111729.898;111729.898;111729.899;111729.899;111729.900;111729.900;111729.901;111729.901;111729.901;111729.901;111729.902;111729.902;111729.902;111729.902;111729.902;111729.902;111729.902,6D,462.0
LXSSA,1,750,8,18,6030,random,6030,110737.67571884037,112365.89895787863,1628.223239038256,True,499.14611323798135,1.8734267100007855,146.408 -680.049;-143.976 -227.278;-569.864 -487.598;519.950 -346.436;137.862 238.932;-226.638 581.443;-540.765 154.946;641.057 342.408,nan;nan;nan;nan;nan;nan;nan;nan;nan;nan;nan;nan;nan;nan;nan;nan;nan;nan;nan;nan;nan;nan;nan;nan;nan;nan;nan;nan;nan;nan;nan;nan;nan;nan;nan;nan;nan;nan;nan;nan;nan;nan;nan;nan;nan;nan;nan;nan;nan;nan;nan;nan;nan;nan;nan;nan;nan;nan;nan;nan;nan;nan;nan;nan;nan;nan;nan;nan;nan;nan;nan;nan;nan;nan;nan;109171.185;109171.185;109171.185;109171.185;109171.185;109171.185;109171.185;109171.185;109601.319;109601.319;109601.319;109601.319;109608.209;109883.544;109929.414;110297.668;110297.668;110297.668;110297.668;110297.668;110333.967;110370.895;110370.895;110370.895;110371.165;110568.007;110614.815;110614.815;110642.875;110642.875;110642.875;110642.875;110652.971;110652.971;110659.448;110659.448;110663.038;110671.815;110671.815;110671.815;110671.815;110671.815;110671.815;110677.187;110677.602;110677.602;110677.602;110677.602;110678.901;110680.805;110681.755;110685.460;110685.460;110687.195;110687.195;110690.369;110690.369;110691.594;110691.732;110691.823;110691.877;110692.703;110694.575;110694.575;110697.627;110697.627;110697.627;110698.398;110698.398;110699.278;110699.546;110700.142;110700.444;110700.781;110701.408;110701.408;110702.473;110702.473;110702.473;110702.802;110703.474;110703.474;110703.474;110703.567;110703.896;110703.896;110705.030;110705.030;110707.352;110707.352;110711.406;110711.406;110718.404;110718.404;110728.277;110728.277;110728.277;110728.296;110728.296;110728.309;110736.183;110736.183;110736.183;110736.188;110736.188;110736.195;110736.835;110736.835;110736.835;110736.839;110737.438;110737.438;110737.496;110737.496;110737.562;110737.562;110737.610;110737.610;110737.652;110737.652;110737.675;110737.675;110737.675;110737.675;110737.675;110737.676,6D,462.0
DE,1,750,8,28,6030,random,6030,110135.83895352544,112365.89895787863,2230.0600043531886,False,411.8300926808393,2.2272034709985746,457.868 214.748;-335.642 -464.146;-139.099 206.258;-526.091 25.827;694.457 -180.256;152.662 -154.117;230.584 707.592;243.409 -555.825,nan;nan;nan;nan;nan;nan;nan;nan;nan;nan;nan;nan;nan;nan;nan;nan;nan;nan;nan;nan;nan;nan;nan;nan;nan;nan;nan;nan;nan;nan;nan;nan;nan;nan;nan;nan;nan;nan;nan;nan;nan;nan;nan;nan;nan;nan;nan;nan;nan;nan;nan;nan;nan;nan;nan;nan;nan;nan;nan;nan;nan;nan;nan;nan;nan;nan;nan;nan;nan;nan;nan;nan;nan;nan;nan;nan;nan;nan;nan;nan;nan;nan;nan;nan;nan;nan;nan;nan;nan;nan;nan;nan;nan;nan;nan;nan;nan;nan;nan;nan;nan;nan;nan;nan;nan;nan;nan;nan;nan;nan;nan;nan;nan;nan;nan;nan;nan;nan;nan;nan;nan;nan;nan;nan;nan;nan;nan;nan;nan;nan;nan;nan;nan;nan;nan;nan;nan;nan;nan;nan;nan;nan;nan;nan;nan;nan;nan;nan;nan;nan;nan;nan;nan;nan;nan;nan;nan;nan;nan;nan;nan;nan;nan;nan;nan;nan;nan;nan;nan;nan;nan;nan;nan;nan;nan;nan;nan;nan;nan;nan;nan;nan;nan;nan;nan;nan;nan;nan;nan;nan;nan;nan;nan;nan;nan;nan;nan;nan;nan;nan;nan,6D,462.0
PSOBV,1,750,8,8,6030,random,6030,111817.00608264735,112365.89895787863,548.8928752312786,True,385.8302247714208,1.8035062450016994,-710.088 -239.392;-559.101 295.691;-322.076 -595.756;150.260 -733.693;392.166 639.229;666.026 -316.179;133.747 352.725;-135.523 -93.620,nan;nan;nan;nan;nan;nan;nan;nan;nan;nan;nan;nan;nan;nan;110704.847;110704.847;110704.847;110704.847;110704.847;110963.902;110963.902;110963.902;110963.902;110963.902;110997.791;110997.791;111124.943;111176.248;111176.248;111176.248;111176.248;111176.248;111176.248;111176.248;111176.248;111333.897;111333.897;111333.897;111333.897;111333.897;111333.897;111419.864;111419.864;111438.244;111438.244;111626.010;111626.010;111626.010;111626.010;111626.010;111626.010;111660.637;111660.637;111660.637;111660.637;111660.637;111660.637;111660.637;111701.865;111701.865;111701.865;111701.865;111701.865;111701.865;111701.865;111701.865;111702.269;111702.269;111702.830;111702.830;111702.830;111704.106;111704.106;111704.563;111704.563;111704.563;111704.563;111704.563;111704.563;111704.713;111704.713;111711.179;111711.179;111723.559;111751.279;111751.279;111751.279;111751.279;111751.279;111751.279;111751.279;111751.279;111751.279;111751.279;111751.279;111751.279;111751.279;111751.279;111751.279;111751.279;111751.279;111753.853;111753.853;111758.245;111761.608;111766.328;111769.548;111769.548;111771.281;111772.838;111775.126;111775.724;111777.973;111779.047;111779.877;111779.877;111780.031;111780.577;111780.909;111780.996;111781.193;111781.760;111781.760;111781.961;111782.688;111783.189;111783.905;111784.612;111785.309;111785.798;111785.996;111786.674;111787.162;111787.831;111788.490;111789.141;111789.782;111790.316;111790.793;111798.768;111799.400;111800.025;111800.641;111801.249;111801.716;111802.175;111802.315;111802.907;111803.491;111804.068;111804.585;111805.042;111805.610;111806.118;111806.616;111807.106;111807.586;111808.035;111808.595;111809.036;111809.508;111809.942;111810.061;111810.494;111811.040;111811.466;111812.005;111812.424;111812.955;111813.367;111813.891;111814.409;111814.678;111814.678;111814.877;111814.957;111815.008;111815.079;111815.121;111815.183;111815.215;111815.215;111815.758;111815.983;111816.110;111816.110;111816.207;111816.211;111816.219;111816.281;111816.558;111816.827;111816.876;111816.939;111816.986;111817.002;111817.004;111817.004;111817.006;111817.006;111817.006,5D,385.0
SSABV,1,750,8,18,6030,random,6030,111240.09085987578,112365.89895787863,1125.8080980028462,True,413.5489104065619,1.796290157999465,342.132 -92.112;-424.693 -540.108;44.707 302.070;285.026 692.093;747.786 -1.358;-745.027 83.095;527.649 348.731;-405.959 508.265,nan;nan;nan;nan;nan;nan;nan;nan;nan;nan;nan;nan;nan;nan;nan;nan;nan;nan;nan;nan;nan;nan;nan;nan;nan;nan;nan;nan;nan;nan;nan;nan;nan;nan;nan;nan;nan;nan;nan;nan;nan;nan;nan;nan;nan;nan;nan;nan;nan;111024.711;111024.711;111024.711;111057.327;111057.327;111057.327;111072.922;111072.922;111072.922;111072.922;111072.922;111076.155;111078.960;111083.122;111092.536;111096.405;111099.249;111102.177;111102.177;111104.789;111106.823;111107.814;111108.506;111109.056;111109.495;111110.169;111110.595;111110.798;111111.056;111111.243;111111.369;111111.463;111111.570;111111.620;111111.664;111111.688;111111.720;111111.735;111111.747;111111.756;111111.764;111111.769;111111.774;111111.779;111111.781;111111.783;111111.784;111111.786;111111.786;111111.787;111111.787;111111.788;111127.311;111127.311;111153.532;111155.610;111158.752;111160.072;111160.857;111162.128;111175.071;111175.628;111175.897;111178.109;111186.562;111188.362;111188.362;111188.362;111194.788;111194.913;111195.893;111196.021;111196.462;111196.462;111196.898;111197.189;111197.620;111197.898;111198.201;111198.630;111198.648;111205.268;111205.268;111205.383;111205.808;111205.913;111206.332;111206.495;111206.773;111206.795;111206.893;111207.306;111207.863;111207.883;111208.681;111208.987;111209.399;111209.399;111209.675;111209.948;111209.969;111210.240;111210.509;111210.529;111210.796;111211.059;111211.080;111211.099;111211.361;111211.361;111211.361;111211.808;111215.204;111218.323;111218.323;111221.423;111221.696;111224.790;111225.058;111228.141;111228.408;111228.682;111231.738;111231.868;111232.141;111235.179;111235.451;111235.649;111235.718;111235.915;111236.111;111236.307;111236.502;111236.696;111236.889;111237.081;111237.273;111237.400;111237.591;111237.781;111237.970;111238.158;111238.158;111238.201;111238.243;111238.283;111238.322;111238.359;111238.545;111238.580;111238.580;111240.091,5D,385.0
RSDVNS,1,750,8,28,6030,random,6030,111025.12210115635,112365.89895787863,1340.776856722281,True,399.7837197848611,1.8832813480003097,-437.481 70.201;-608.746 431.442;-56.916 730.001;612.089 423.627;-439.974 -606.431;275.244 112.189;535.640 -519.308;-67.724 -277.493,nan;nan;nan;nan;nan;nan;nan;nan;nan;nan;nan;nan;nan;nan;nan;nan;nan;nan;nan;nan;nan;nan;nan;nan;nan;nan;nan;nan;nan;nan;nan;nan;nan;nan;nan;nan;nan;nan;nan;nan;nan;nan;nan;nan;nan;nan;nan;nan;nan;nan;nan;nan;109869.853;109869.853;109869.853;109869.853;109869.853;109869.853;109869.853;109869.853;109869.853;109869.853;109869.853;109869.853;109869.853;109869.853;109869.853;109869.853;109869.853;109869.853;109869.853;109869.853;109869.853;109869.853;109869.853;109869.853;109869.853;109869.853;109869.853;109869.853;109869.853;109869.853;109869.853;109869.853;109869.853;109869.853;109869.853;109869.853;109869.853;109869.853;109869.853;109869.853;109869.853;109869.853;109869.853;109869.853;109869.853;109869.853;109869.853;109869.853;110268.534;110375.360;110460.879;110497.689;110514.922;110533.344;110549.211;110571.676;110579.244;110592.975;110592.975;110600.677;110602.618;110609.707;110609.707;110630.004;110645.882;110648.164;110649.271;110665.193;110832.258;110832.258;110847.062;110847.076;110848.205;110848.205;110851.314;110854.625;110855.620;110856.527;110856.527;110857.017;110857.017;110857.288;110857.361;110857.617;110857.674;110857.915;110857.956;110858.183;110858.208;110858.420;110858.429;110858.627;110858.627;110860.468;110860.715;110860.962;110860.962;110862.925;110863.170;110863.170;110863.265;110863.265;110863.356;110863.356;110864.283;110864.692;110865.076;110865.198;110865.198;110865.198;110865.198;110865.198;110865.198;110865.198;110865.198;110865.198;110865.198;110865.198;110865.198;110865.198;110865.198;110865.198;110936.903;110944.253;110949.099;110949.099;110953.541;110963.435;110965.767;110968.046;110968.046;110968.910;110970.178;110971.207;110971.778;110972.813;110973.679;110974.378;110985.043;110985.043;110991.935;110995.982;110997.097;111000.257;111000.257;111000.975;111022.760;111023.007;111025.122,5D,385.0
PSOC,1,750,8,8,6030,random,6030,111782.66794876417,112365.89895787863,583.2310091144609,True,419.596206930807,1.7948287859999255,-664.163 -241.195;-524.696 217.224;-319.918 -552.843;122.147 -706.087;382.533 637.882;645.597 -290.835;110.935 318.046;-69.730 -98.593,nan;nan;nan;nan;nan;nan;nan;nan;nan;nan;nan;nan;nan;nan;110704.847;110704.847;110704.847;110704.847;110704.847;110963.902;110963.902;110963.902;110963.902;110963.902;110997.791;110997.791;111124.943;111176.248;111176.248;111176.248;111176.248;111176.248;111176.248;111176.248;111176.248;111333.897;111333.897;111333.897;111333.897;111333.897;111333.897;111419.864;111419.864;111438.244;111438.244;111626.010;111626.010;111626.010;111626.010;111626.010;111626.010;111660.637;111660.637;111660.637;111660.637;111660.637;111660.637;111660.637;111701.865;111701.865;111701.865;111701.865;111701.865;111701.865;111701.865;111701.865;111702.269;111702.269;111702.830;111702.830;111702.830;111704.106;111704.106;111704.563;111704.563;111704.563;111704.563;111704.563;111704.563;111704.713;111704.713;111711.179;111711.179;111723.559;111751.279;111751.279;111751.279;111751.279;111751.279;111751.279;111751.279;111751.279;111751.279;111751.279;111751.279;111751.279;111751.279;111751.279;111751.279;111751.279;111751.279;111751.279;111751.279;111751.279;111751.279;111753.394;111753.616;111753.616;111753.616;111753.616;111753.616;111755.240;111755.240;111755.240;111756.372;111756.372;111756.769;111757.808;111757.808;111758.017;111758.017;111758.017;111758.467;111758.467;111758.467;111758.467;111758.467;111758.467;111758.467;111761.770;111761.770;111761.770;111761.770;111761.770;111761.770;111762.988;111762.988;111762.988;111762.988;111762.988;111765.295;111765.295;111765.295;111765.295;111765.295;111765.295;111766.668;111766.668;111766.668;111766.668;111773.824;111773.824;111773.824;111773.824;111774.388;111774.388;111775.513;111778.163;111778.163;111778.163;111778.163;111778.163;111778.163;111778.163;111778.163;111778.163;111778.163;111778.163;111778.163;111780.106;111780.597;111780.597;111781.425;111781.873;111782.174;111782.174;111782.249;111782.249;111782.249;111782.249;111782.249;111782.249;111782.249;111782.249;111782.249;111782.249;111782.249;111782.249;111782.249;111782.249;111782.249;111782.249;111782.573;111782.573;111782.573;111782.573;111782.573;111782.573;111782.573;111782.573;111782.668,5D,385.0
SSA,1,750,8,18,6030,random,6030,111449.18145995348,112365.89895787863,916.7174979251431,True,390.90474483264745,1.8325627319991327,-427.031 -77.089;676.061 46.183;497.143 555.218;-598.472 -429.843;106.592 538.580;-17.586 -351.534;475.782 -575.926;-354.923 526.017,nan;nan;nan;nan;nan;nan;nan;nan;nan;nan;nan;nan;nan;nan;nan;nan;nan;nan;nan;nan;nan;nan;nan;nan;nan;nan;nan;nan;nan;nan;nan;nan;nan;nan;nan;nan;nan;nan;nan;nan;nan;nan;nan;nan;nan;nan;nan;nan;nan;nan;nan;nan;nan;nan;nan;nan;nan;nan;nan;nan;nan;nan;nan;nan;111208.673;111208.673;111208.673;111208.673;111208.673;111208.673;111208.673;111208.673;111208.673;111208.673;111208.673;111208.673;111208.673;111208.673;111208.673;111208.673;111208.673;111208.673;111208.673;111208.673;111208.673;111208.673;111208.673;111208.673;111208.673;111208.673;111208.673;111208.673;111208.673;111208.673;111208.673;111339.307;111339.307;111346.440;111346.440;111346.440;111360.366;111360.366;111360.366;111363.983;111363.983;111378.541;111378.541;111384.670;111387.086;111387.086;111387.086;111387.086;111387.344;111392.183;111392.183;111409.206;111418.107;111418.191;111423.541;111423.541;111423.541;111427.361;111430.832;111431.670;111433.308;111434.516;111434.516;111436.806;111436.806;111438.288;111440.007;111441.036;111441.789;111441.789;111442.718;111443.000;111443.579;111443.882;111444.467;111444.727;111444.956;111445.426;111445.766;111446.255;111446.771;111447.024;111447.291;111447.663;111447.765;111447.875;111447.966;111448.060;111448.248;111448.376;111448.412;111448.526;111448.647;111448.694;111448.743;111448.800;111448.818;111448.849;111448.885;111448.939;111448.976;111449.009;111449.027;111449.044;111449.061;111449.073;111449.091;111449.110;111449.117;111449.128;111449.132;111449.141;111449.148;111449.153;111449.156;111449.157;111449.160;111449.162;111449.164;111449.167;111449.170;111449.171;111449.172;111449.174;111449.175;111449.176;111449.177;111449.178;111449.179;111449.179;111449.180;111449.180;111449.181;111449.181;111449.181;111449.181;111449.181,5D,385.0
LXSSA,1,750,8,28,6030,random,6030,111598.89972735893,112365.89895787863,766.9992305196938,True,422.7497032284365,2.2712952549991314,-695.634 232.712;693.578 115.763;-370.866 -323.286;78.365 26.966;-119.870 -724.425;470.186 -348.481;-354.361 660.913;274.369 401.532,nan;nan;nan;nan;nan;nan;nan;nan;nan;nan;nan;nan;nan;nan;nan;nan;nan;nan;nan;nan;nan;nan;nan;nan;nan;nan;nan;nan;nan;nan;nan;nan;nan;nan;nan;nan;nan;nan;nan;nan;nan;nan;nan;nan;nan;nan;nan;nan;nan;nan;nan;nan;nan;nan;nan;nan;nan;nan;nan;nan;nan;nan;nan;nan;nan;108251.540;108251.540;108251.540;108251.540;110926.505;110926.505;110926.505;110926.505;111217.115;111217.115;111217.115;111217.115;111217.115;111217.115;111217.115;111217.115;111301.242;111365.250;111365.250;111365.250;111365.250;111365.250;111365.250;111365.250;111375.015;111375.015;111375.015;111375.015;111375.015;111470.943;111490.349;111490.349;111490.918;111532.268;111532.268;111532.268;111532.268;111532.268;111532.402;111532.402;111544.572;111544.572;111544.654;111544.654;111564.778;111564.778;111577.592;111577.592;111577.609;111580.843;111580.843;111580.843;111581.044;111581.044;111581.168;111585.561;111585.561;111585.700;111587.688;111587.688;111587.943;111588.477;111588.477;111592.509;111592.509;111593.197;111593.197;111593.357;111594.048;111594.341;111594.341;111594.841;111594.841;111595.192;111595.955;111595.955;111596.861;111596.861;111596.910;111597.084;111597.084;111597.084;111597.723;111597.723;111597.723;111597.839;111597.839;111597.839;111597.873;111597.900;111597.979;111597.979;111598.018;111598.031;111598.031;111598.051;111598.051;111598.067;111598.160;111598.160;111598.175;111598.175;111598.192;111598.192;111598.198;111598.203;111598.225;111598.225;111598.225;111598.230;111598.230;111598.234;111598.236;111598.237;111598.244;111598.244;111598.253;111598.253;111598.279;111598.279;111598.346;111598.346;111598.437;111598.437;111598.664;111598.664;111598.845;111598.845;111598.897;111598.897;111598.897;111598.897;111598.897;111598.897;111598.900;111598.900,5D,385.0
SLSQP,2,750,8,8,6030,random,6030,56824.06506857485,58523.02715747732,1698.9620889024736,True,463.0768370708278,3.7304041150000558,293.357 -679.061;0.806 725.380;272.341 152.536;-658.900 277.149;499.849 558.906;-460.963 -141.493;2.768 -291.066;-284.626 -691.200,nan;nan;nan;56300.870;56300.870;56322.635;56322.635;56411.267;56411.271;56411.276;56411.316;56412.806;56412.806;56412.806;56412.806;56412.944;56413.317;56413.785;56413.828;56413.912;56534.062;56534.062;56631.687;56631.687;56631.687;56631.687;56639.817;56642.664;56642.664;56642.664;56642.664;56642.664;56642.664;56642.664;56642.664;56642.664;56642.664;56642.664;56642.664;56642.664;56642.664;56642.664;56642.664;56642.664;56642.664;56642.664;56642.664;56642.664;56665.004;56665.345;56708.683;56709.270;56709.428;56709.815;56714.856;56714.881;56715.001;56715.063;56715.076;56715.083;56715.089;56715.091;56715.092;56715.092;56715.094;56715.094;56715.095;56715.095;56715.095;56715.095;56715.095;56715.095;56715.095;56715.095;56715.095;56715.095;56715.095;56715.095;56715.095;56715.095;56715.095;56715.095;56715.095;56715.095;56715.095;56715.095;56715.095;56715.095;56715.095;56715.095;56715.095;56715.095;56715.095;56715.095;56715.095;56715.095;56715.095;56715.095;56715.095;56715.095;56715.095;56715.095;56715.095;56715.095;56715.095;56715.095;56715.095;56715.095;56715.095;56715.095;56715.095;56715.095;56715.095;56715.095;56715.095;56715.095;56715.095;56715.095;56715.095;56715.095;56715.095;56715.095;56715.095;56715.095;56715.095;56715.095;56715.095;56715.095;56715.095;56715.095;56715.095;56715.095;56715.095;56715.095;56715.095;56715.095;56715.095;56715.095;56715.095;56715.095;56715.095;56715.095;56715.095;56715.095;56715.095;56715.095;56715.095;56715.095;56715.095;56715.095;56715.095;56715.095;56715.095;56715.095;56715.095;56715.095;56715.095;56715.095;56715.095;56799.090;56799.090;56799.920;56799.920;56799.920;56799.920;56799.920;56799.920;56799.920;56799.920;56799.920;56799.920;56799.920;56799.920;56820.671;56824.065;56824.065;56824.065;56824.065;56824.065;56824.065;56824.065;56824.065;56824.065;56824.065;56824.065;56824.065;56824.065;56824.065;56824.065;56824.065;56824.065;56824.065;56824.065;56824.065;56824.065;56824.065;56824.065;56824.065;56824.065;56824.065;56824.065,6D,462.0
PSOBV,2,750,8,18,6030,random,6030,57254.20115329564,58523.02715747732,1268.826004181683,True,462.54123918282306,2.3883201370008464,651.269 -371.720;33.906 -728.835;-311.606 -4.755;39.312 725.721;651.504 371.178;-602.137 -364.666;-555.840 503.445;216.291 194.699,nan;nan;nan;nan;nan;nan;nan;nan;nan;nan;nan;nan;nan;nan;nan;nan;nan;nan;nan;nan;nan;nan;nan;nan;nan;nan;nan;nan;nan;nan;nan;nan;nan;nan;nan;nan;nan;nan;56206.121;56206.121;56206.121;56206.121;56366.041;56366.041;56439.847;56480.074;56504.393;56504.393;56504.393;56635.192;56635.192;56635.192;56635.192;56635.192;56635.192;56643.302;56643.302;56643.302;56643.302;56643.302;56643.302;56643.302;56643.302;56643.302;56648.193;56648.193;56652.105;56652.105;56652.105;56653.535;56655.813;56665.652;56725.274;56725.274;56800.574;56800.574;56806.603;56806.603;56806.603;56899.102;56899.102;56899.102;56930.277;56930.277;56930.277;56930.277;56938.690;56938.690;56941.319;56941.319;56941.319;56941.319;56957.425;56957.425;56957.425;56957.425;56959.725;56959.725;56959.725;56959.725;56968.224;56978.313;57083.595;57083.595;57089.082;57097.717;57097.717;57109.514;57113.660;57119.384;57119.707;57144.984;57144.984;57238.408;57242.444;57242.572;57242.572;57244.565;57245.172;57247.139;57247.139;57247.402;57248.862;57249.836;57250.473;57250.473;57250.926;57251.559;57252.011;57252.640;57253.265;57253.494;57253.494;57253.554;57253.717;57254.201;57254.201;57254.201;57254.201;57254.201;57254.201;57254.201;57254.201;57254.201;57254.201;57254.201;57254.201;57254.201;57254.201;57254.201;57254.201;57254.201;57254.201;57254.201;57254.201;57254.201;57254.201;57254.201;57254.201;57254.201;57254.201;57254.201;57254.201;57254.201;57254.201;57254.201;57254.201;57254.201;57254.201;57254.201;57254.201;57254.201;57254.201;57254.201;57254.201;57254.201;57254.201;57254.201;57254.201;57254.201;57254.201;57254.201;57254.201;57254.201;57254.201;57254.201;57254.201;57254.201;57254.201;57254.201;57254.201;57254.201;57254.201;57254.201;57254.201;57254.201;57254.201;57254.201;57254.201;57254.201;57254.201,6D,462.0
SSABV,2,750,8,28,6030,random,6030,57247.4492584839,58523.02715747732,1275.5778989934188,True,477.3265529580108,1.8022945810007514,484.155 -532.775;612.571 432.696;-47.850 -724.173;115.815 100.246;138.427 736.778;-644.218 -379.837;-343.540 446.748;587.762 -66.829,nan;nan;nan;nan;nan;nan;nan;nan;nan;nan;nan;nan;nan;nan;nan;nan;nan;nan;nan;nan;nan;nan;nan;nan;nan;nan;nan;nan;nan;nan;nan;nan;nan;nan;nan;nan;nan;nan;nan;nan;nan;nan;nan;nan;nan;nan;nan;nan;nan;nan;56398.022;56398.022;56398.022;56485.982;56587.998;56599.116;56615.172;56615.172;56615.172;56615.404;56615.404;56617.090;56618.477;56621.695;56623.632;56627.284;56628.369;56629.764;56630.484;56631.984;56632.555;56633.698;56634.189;56634.940;56635.174;56635.518;56635.635;56635.790;56635.866;56636.033;56636.138;56636.196;56636.254;56636.280;56636.322;56636.351;56636.363;56636.379;56636.392;56636.397;56636.399;56636.404;56636.406;56636.409;56636.411;56636.412;56636.414;56636.415;56636.416;56636.416;56636.416;56676.918;56697.670;56716.842;56729.895;56742.103;56760.587;57008.007;57008.007;57008.007;57015.576;57035.179;57035.692;57044.433;57069.829;57069.829;57074.244;57078.609;57098.757;57102.842;57106.187;57107.710;57110.174;57111.548;57113.968;57116.363;57116.363;57116.363;57118.356;57118.979;57120.163;57120.179;57122.153;57124.107;57124.696;57165.492;57165.537;57167.339;57244.776;57244.776;57244.776;57245.746;57246.561;57246.561;57247.043;57247.449;57247.449;57247.449;57247.449;57247.449;57247.449;57247.449;57247.449;57247.449;57247.449;57247.449;57247.449;57247.449;57247.449;57247.449;57247.449;57247.449;57247.449;57247.449;57247.449;57247.449;57247.449;57247.449;57247.449;57247.449;57247.449;57247.449;57247.449;57247.449;57247.449;57247.449;57247.449;57247.449;57247.449;57247.449;57247.449;57247.449;57247.449;57247.449;57247.449;57247.449;57247.449;57247.449;57247.449;57247.449;57247.449;57247.449;57247.449;57247.449;57247.449;57247.449;57247.449;57247.449;57247.449;57247.449;57247.449,6D,462.0
BVNS,2,750,8,8,6030,random,6030,57208.08240659347,58523.02715747732,1314.9447508838493,True,483.05625401104123,1.6918263040006423,-737.471 -119.380;-487.075 517.451;-492.946 -564.694;229.479 -651.900;240.365 709.310;734.737 -145.104;85.769 233.352;-137.714 -194.898,nan;nan;nan;nan;nan;nan;nan;nan;nan;nan;nan;56369.210;56444.756;56519.699;56544.516;56567.881;56613.005;56637.924;56657.180;56657.180;56697.063;56719.902;56722.905;56727.592;56730.373;56730.373;56732.313;56734.277;56738.742;56738.854;56740.772;56741.483;56741.483;56745.088;56748.317;56751.123;56753.399;56755.640;56758.372;56760.569;56762.788;56763.477;56763.477;56765.267;56766.865;56767.039;56768.140;56769.055;56770.129;56770.595;56771.004;56771.412;56771.818;56773.143;56773.143;56774.031;56774.566;56774.796;56775.588;56775.588;56775.792;56775.993;56776.650;56776.851;56776.851;56776.851;56776.851;56776.851;56776.851;56776.851;56776.851;56776.851;56776.851;56805.510;56806.231;56847.507;56860.100;56860.100;56876.169;56884.682;56885.149;56889.873;56889.873;56895.122;56901.757;56905.856;56909.047;56911.323;56911.323;56915.179;56915.179;56916.064;56921.328;56924.383;56926.623;56927.478;56927.478;56930.451;56932.470;56933.953;56933.953;56935.167;56936.444;56938.065;56938.788;56939.073;56939.340;56939.890;56941.786;56941.786;56942.923;56943.472;56943.749;56945.212;56946.664;56947.912;56947.912;56949.149;56949.154;56949.154;56949.658;56950.129;56950.129;56950.235;56950.340;56950.340;56950.340;56950.340;56950.340;56950.340;56950.340;56950.340;56950.340;56950.340;56950.340;56950.340;56950.340;56950.340;56950.340;56950.340;56950.340;56950.340;56950.340;56950.340;56950.340;56950.340;56950.340;56950.340;56950.340;56950.340;56950.340;56950.340;56950.340;56950.340;56950.340;56950.340;56950.340;56950.340;56950.340;56950.340;56950.340;56950.340;57014.689;57016.545;57019.836;57021.583;57035.182;57035.182;57182.262;57184.657;57184.674;57184.674;57185.851;57189.978;57189.978;57191.156;57191.156;57192.152;57193.786;57194.636;57195.597;57196.608;57197.188;57198.140;57199.415;57199.992;57200.939;57201.780;57202.781;57203.154;57203.723;57203.724;57205.343;57205.343;57205.841;57206.328;57207.134;57207.418;57207.418;57207.800;57208.082,6D,462.0
PSOC,2,750,8,18,6030,random,6030,57136.898375388126,58523.02715747732,1386.1287820891957,True,475.3006177244373,1.7827927969992743,651.687 -366.366;30.392 -723.839;-293.844 -1.806;126.624 736.645;650.462 359.685;-609.206 -357.414;-553.311 497.600;169.453 158.474,nan;nan;nan;nan;nan;nan;nan;nan;nan;nan;nan;nan;nan;nan;nan;nan;nan;nan;nan;nan;nan;nan;nan;nan;nan;nan;nan;nan;nan;nan;nan;nan;nan;nan;nan;nan;nan;nan;56206.121;56206.121;56206.121;56206.121;56366.041;56366.041;56439.847;56480.074;56504.393;56504.393;56504.393;56635.192;56635.192;56635.192;56635.192;56635.192;56635.192;56643.302;56643.302;56643.302;56643.302;56643.302;56643.302;56643.302;56643.302;56643.302;56648.193;56648.193;56652.105;56652.105;56652.105;56653.535;56655.813;56665.652;56725.274;56725.274;56800.574;56800.574;56806.603;56806.603;56806.603;56899.102;56899.102;56899.102;56930.277;56930.277;56930.277;56930.277;56938.690;56938.690;56941.319;56941.319;56941.319;56941.319;56957.425;56957.425;56957.425;56957.425;56959.725;56959.725;56959.725;56959.725;56968.224;56968.224;56968.224;56968.224;56968.224;56977.853;56977.853;56977.853;56977.853;56977.853;57003.267;57003.267;57003.267;57003.267;57003.267;57003.267;57003.267;57003.267;57003.267;57003.885;57006.534;57006.534;57007.252;57007.252;57007.252;57007.252;57007.252;57007.252;57007.252;57007.252;57007.252;57007.252;57007.252;57007.252;57007.252;57011.841;57011.841;57011.841;57012.625;57012.625;57012.625;57081.662;57093.718;57093.718;57093.718;57093.718;57096.452;57096.499;57096.499;57096.499;57096.499;57096.499;57096.499;57096.499;57096.499;57096.499;57105.626;57105.626;57105.626;57105.626;57105.626;57105.626;57105.626;57105.626;57105.626;57106.571;57107.439;57107.439;57108.511;57109.959;57111.005;57111.763;57111.763;57111.763;57112.093;57112.093;57112.093;57112.093;57112.093;57112.591;57112.591;57115.563;57115.563;57116.256;57117.190;57117.190;57117.190;57117.190;57117.190;57121.828;57122.492;57122.492;57123.849;57123.849;57123.849;57123.849;57124.605;57124.605;57126.112;57126.112;57136.898,6D,462.0
SSA,2,750,8,28,6030,random,6030,56988.54581576763,58523.02715747732,1534.4813417096884,True,498.71063722055305,1.8110174080011348,488.160 -569.386;599.895 430.114;-92.209 -563.478;-193.407 -18.605;108.817 742.062;-604.313 -444.190;-509.796 550.098;682.906 -110.271,nan;nan;nan;nan;nan;nan;nan;nan;nan;nan;nan;nan;nan;nan;nan;nan;nan;nan;nan;nan;nan;nan;nan;nan;nan;nan;nan;nan;nan;nan;nan;nan;nan;nan;nan;nan;nan;nan;nan;nan;nan;nan;nan;nan;nan;nan;nan;nan;nan;nan;nan;nan;nan;nan;nan;nan;nan;nan;nan;nan;nan;nan;nan;nan;nan;nan;nan;nan;nan;nan;nan;nan;nan;nan;nan;nan;nan;nan;nan;nan;nan;nan;nan;nan;nan;nan;nan;nan;nan;nan;nan;nan;56619.586;56656.381;56738.224;56738.224;56853.801;56853.801;56853.801;56853.801;56853.801;56853.801;56853.801;56853.801;56853.801;56853.801;56925.459;56925.459;56925.459;56925.459;56928.850;56938.296;56938.296;56948.622;56948.622;56953.204;56960.717;56967.054;56972.480;56973.896;56974.400;56975.126;56975.126;56976.641;56977.447;56977.916;56979.234;56979.234;56979.234;56979.836;56979.836;56979.836;56980.013;56982.084;56982.918;56983.301;56984.030;56985.084;56985.698;56986.526;56986.526;56986.526;56986.526;56986.617;56987.025;56987.157;56987.388;56987.522;56987.636;56987.777;56987.874;56988.010;56988.073;56988.182;56988.264;56988.436;56988.436;56988.436;56988.436;56988.446;56988.446;56988.446;56988.446;56988.454;56988.454;56988.454;56988.454;56988.465;56988.465;56988.476;56988.478;56988.488;56988.492;56988.498;56988.507;56988.514;56988.514;56988.518;56988.521;56988.525;56988.526;56988.529;56988.533;56988.536;56988.537;56988.538;56988.538;56988.539;56988.540;56988.541;56988.541;56988.543;56988.543;56988.543;56988.544;56988.544;56988.545;56988.545;56988.545;56988.546;56988.546,6D,462.0
DE,2,750,8,8,6030,random,6030,55602.49229122793,58523.02715747732,2920.5348662493925,False,360.53901518879127,3.183771959000296,-412.098 -525.217;-65.864 -113.785;-2.604 -633.681;-195.029 222.823;197.522 630.377;-423.606 504.715;687.710 49.980;453.382 -254.311,nan;nan;nan;nan;nan;nan;nan;nan;nan;nan;nan;nan;nan;nan;nan;nan;nan;nan;nan;nan;nan;nan;nan;nan;nan;nan;nan;nan;nan;nan;nan;nan;nan;nan;nan;nan;nan;nan;nan;nan;nan;nan;nan;nan;nan;nan;nan;nan;nan;nan;nan;nan;nan;nan;nan;nan;nan;nan;nan;nan;nan;nan;nan;nan;nan;nan;nan;nan;nan;nan;nan;nan;nan;nan;nan;nan;nan;nan;nan;nan;nan;nan;nan;nan;nan;nan;nan;nan;nan;nan;nan;nan;nan;nan;nan;nan;nan;nan;nan;nan;nan;nan;nan;nan;nan;nan;nan;nan;nan;nan;nan;nan;nan;nan;nan;nan;nan;nan;nan;nan;nan;nan;nan;nan;nan;nan;nan;nan;nan;nan;nan;nan;nan;nan;nan;nan;nan;nan;nan;nan;nan;nan;nan;nan;nan;nan;nan;nan;nan;nan;nan;nan;nan;nan;nan;nan;nan;nan;nan;nan;nan;nan;nan;nan;nan;nan;nan;nan;nan;nan;nan;nan;nan;nan;nan;nan;nan;nan;nan;nan;nan;nan;nan;nan;nan;nan;nan;nan;nan;nan;nan;nan;nan;nan;nan;nan;nan;nan;nan;nan;nan,6D,462.0
SLSQP,2,750,8,18,6030,random,6030,56680.12214106201,58523.02715747732,1842.9050164153086,True,438.3736476295546,3.586204422001174,630.385 -361.866;-511.204 -395.917;-544.653 441.888;42.979 726.652;49.893 -543.783;-149.917 197.972;-697.578 0.865;605.021 399.072,nan;55670.988;55868.323;55891.343;55891.343;56609.539;56609.539;56609.539;56609.539;56609.539;56609.539;56609.548;56609.569;56609.617;56609.717;56609.768;56609.820;56609.820;56609.820;56609.820;56609.820;56609.820;56609.820;56609.820;56609.820;56609.820;56609.820;56609.820;56609.820;56609.820;56609.820;56609.820;56609.820;56609.820;56609.820;56609.820;56609.820;56609.820;56609.820;56609.820;56609.820;56609.820;56609.820;56609.820;56609.820;56609.820;56609.820;56609.820;56609.820;56609.820;56609.820;56609.820;56609.820;56609.820;56609.820;56609.820;56609.820;56609.820;56609.820;56609.820;56609.820;56609.820;56609.820;56609.820;56609.820;56609.820;56648.235;56648.235;56648.235;56648.235;56648.235;56648.395;56648.395;56648.395;56648.395;56648.395;56648.395;56648.395;56648.395;56648.395;56648.395;56651.240;56651.935;56651.935;56651.935;56651.935;56651.935;56680.122;56680.122;56680.122;56680.122;56680.122;56680.122;56680.122;56680.122;56680.122;56680.122;56680.122;56680.122;56680.122;56680.122;56680.122;56680.122;56680.122;56680.122;56680.122;56680.122;56680.122;56680.122;56680.122;56680.122;56680.122;56680.122;56680.122;56680.122;56680.122;56680.122;56680.122;56680.122;56680.122;56680.122;56680.122;56680.122;56680.122;56680.122;56680.122;56680.122;56680.122;56680.122;56680.122;56680.122;56680.122;56680.122;56680.122;56680.122;56680.122;56680.122;56680.122;56680.122;56680.122;56680.122;56680.122;56680.122;56680.122;56680.122;56680.122;56680.122;56680.122;56680.122;56680.122;56680.122;56680.122;56680.122;56680.122;56680.122;56680.122;56680.122;56680.122;56680.122;56680.122;56680.122;56680.122;56680.122;56680.122;56680.122;56680.122;56680.122;56680.122;56680.122;56680.122;56680.122;56680.122;56680.122;56680.122;56680.122;56680.122;56680.122;56680.122;56680.122;56680.122;56680.122;56680.122;56680.122;56680.122;56680.122;56680.122;56680.122;56680.122;56680.122;56680.122;56680.122;56680.122;56680.122;56680.122;56680.122;56680.122;56680.122;56680.122;56680.122;56680.122;56680.122,5D,385.0
PSOBV,2,750,8,28,6030,random,6030,57323.56170867459,58523.02715747732,1199.46544880273,True,385.1737204861344,2.13321797000026,164.001 -148.771;200.703 704.195;-169.341 -729.842;357.393 -515.174;736.445 139.267;-515.173 509.867;121.510 327.250;-393.286 -317.583,nan;nan;nan;nan;nan;nan;nan;nan;nan;nan;nan;nan;55634.442;55634.442;55634.442;55634.442;55634.442;55634.442;55994.399;55994.399;56172.748;56172.748;56497.095;56497.095;56497.095;56497.095;56497.095;56497.095;56497.095;56497.095;56497.095;56497.095;56497.095;56497.095;56574.929;56574.929;56747.265;56747.265;56851.184;56851.184;56851.184;56851.184;56851.184;56851.184;56851.184;56851.184;56851.184;56851.184;56851.184;56851.184;56926.165;56926.165;56938.894;56938.894;56938.894;56938.894;56938.894;56938.894;56959.449;56973.160;56973.160;56973.160;56973.160;56973.160;56973.160;56973.160;56973.160;56973.160;56973.160;56973.160;56973.160;56973.160;56973.160;56973.160;56973.160;56973.160;56973.160;56973.542;56973.542;56973.542;56977.241;56977.241;56977.241;56977.241;56978.658;56978.658;56979.868;56979.868;56986.070;56986.070;56986.070;56986.070;56989.774;56989.774;56991.286;56991.286;56991.286;56991.286;56991.286;56991.286;56993.533;57022.414;57029.783;57056.146;57060.166;57073.835;57150.315;57179.358;57192.179;57253.882;57253.882;57253.882;57253.882;57262.198;57276.797;57276.797;57279.202;57279.751;57279.751;57280.497;57281.195;57282.374;57282.691;57283.541;57284.078;57296.563;57299.535;57299.883;57300.827;57302.087;57302.563;57303.470;57304.231;57305.132;57305.491;57306.052;57306.400;57306.746;57307.102;57307.659;57308.003;57308.136;57308.385;57308.630;57308.871;57309.109;57309.211;57309.344;57309.476;57309.552;57309.781;57309.912;57310.138;57310.359;57310.359;57310.422;57310.478;57320.336;57320.390;57320.439;57320.481;57320.657;57320.690;57320.717;57320.717;57321.184;57321.368;57321.817;57322.112;57322.406;57322.579;57322.763;57323.056;57323.229;57323.294;57323.380;57323.465;57323.484;57323.497;57323.562;57323.562;57323.562;57323.562;57323.562;57323.562;57323.562;57323.562;57323.562;57323.562;57323.562;57323.562;57323.562;57323.562;57323.562;57323.562;57323.562;57323.562;57323.562;57323.562;57323.562;57323.562,5D,385.0
RSDVNS,2,750,8,8,6030,random,6030,56805.548777003634,58523.02715747732,1717.4783804736871,True,414.3950430323882,2.176047054999799,151.491 -88.073;-740.625 -92.754;-488.225 567.181;-350.239 176.434;639.864 -380.215;-509.537 -545.096;721.455 190.704;282.332 -693.750,nan;nan;nan;nan;nan;nan;nan;nan;nan;nan;nan;nan;nan;nan;nan;nan;nan;nan;nan;nan;nan;nan;nan;nan;nan;nan;nan;nan;nan;nan;nan;nan;nan;nan;nan;nan;nan;nan;nan;nan;nan;nan;nan;nan;nan;nan;nan;nan;nan;nan;nan;nan;nan;nan;nan;nan;nan;nan;nan;nan;nan;nan;nan;nan;nan;nan;nan;nan;nan;nan;nan;nan;nan;nan;nan;nan;nan;nan;nan;nan;nan;nan;nan;nan;nan;nan;nan;nan;nan;nan;nan;nan;nan;nan;nan;nan;nan;nan;nan;nan;55391.797;55616.022;55853.568;55913.402;55978.954;55997.296;56029.876;56053.269;56074.169;56085.748;56200.405;56208.799;56208.799;56283.151;56325.546;56344.791;56419.792;56485.037;56533.404;56533.404;56547.072;56554.163;56555.517;56556.144;56556.144;56562.775;56565.605;56569.173;56571.276;56574.046;56575.274;56575.274;56576.387;56580.157;56581.279;56582.255;56583.300;56584.376;56585.399;56585.399;56586.362;56587.339;56588.265;56589.218;56590.098;56590.926;56591.870;56592.654;56593.314;56593.899;56595.811;56596.448;56597.220;56597.805;56598.377;56598.638;56599.551;56600.115;56600.376;56601.267;56601.267;56603.174;56603.453;56604.983;56605.868;56605.868;56606.129;56606.417;56606.717;56606.978;56606.978;56607.116;56607.116;56607.116;56607.116;56607.116;56607.116;56607.116;56607.116;56607.116;56607.116;56607.116;56607.116;56607.116;56607.116;56607.116;56607.116;56693.434;56728.090;56728.090;56753.022;56765.292;56775.202;56778.368;56785.518;56785.518;56788.374;56788.837;56793.645;56800.590;56805.549,5D,385.0
BVNS,2,750,8,18,6030,random,6030,56795.75934425415,58523.02715747732,1727.267813223174,True,406.58496971616484,1.7240001120007946,697.173 -253.015;-605.882 -440.218;-510.389 486.520;-158.384 727.396;178.311 -652.012;-179.354 250.453;-664.820 71.915;337.568 665.040,nan;nan;nan;nan;nan;nan;nan;nan;nan;nan;nan;nan;nan;nan;56057.492;56116.941;56121.695;56177.961;56220.617;56244.048;56249.297;56249.297;56284.979;56291.785;56308.499;56311.078;56317.289;56336.551;56339.946;56339.946;56341.799;56347.423;56347.423;56532.725;56539.803;56549.475;56552.428;56553.630;56553.633;56553.635;56553.635;56553.635;56558.784;56558.784;56563.616;56565.070;56565.853;56567.737;56572.476;56573.128;56573.129;56573.129;56575.674;56575.674;56578.299;56578.299;56578.415;56578.788;56580.052;56580.208;56581.401;56581.752;56582.917;56583.070;56583.255;56583.412;56583.520;56583.576;56583.761;56583.761;56584.001;56584.001;56584.001;56584.001;56584.001;56584.001;56584.001;56584.001;56584.001;56584.001;56584.001;56584.001;56584.001;56584.001;56584.001;56584.001;56584.001;56584.001;56584.001;56584.001;56584.001;56584.001;56584.001;56584.001;56584.001;56584.001;56584.001;56584.001;56584.001;56584.001;56584.001;56584.001;56584.001;56584.001;56584.001;56584.001;56584.001;56584.001;56584.001;56584.001;56584.001;56584.001;56584.001;56584.001;56584.001;56584.001;56584.001;56584.001;56584.001;56584.001;56584.001;56584.001;56584.001;56584.001;56584.001;56584.001;56584.001;56584.001;56584.001;56584.001;56584.001;56584.001;56584.001;56584.001;56584.001;56584.001;56584.001;56584.001;56584.001;56584.001;56584.001;56584.001;56584.001;56584.001;56584.001;56584.001;56584.001;56584.001;56607.227;56610.002;56612.397;56612.397;56622.125;56622.125;56624.865;56625.262;56631.507;56631.507;56631.507;56632.860;56633.317;56635.985;56636.070;56636.070;56638.471;56638.693;56641.087;56641.541;56642.856;56643.806;56644.383;56644.605;56644.605;56644.620;56645.280;56645.806;56646.467;56646.915;56646.915;56646.915;56646.915;56646.915;56646.915;56646.915;56646.915;56646.915;56646.915;56646.915;56646.915;56646.915;56646.915;56675.088;56693.221;56698.847;56701.717;56703.074;56707.424;56707.424;56774.737;56784.380;56795.759,5D,385.0
PSOC,2,750,8,28,6030,random,6030,57272.12090391221,58523.02715747732,1250.90625356511,True,403.1380850432263,1.945499278999705,125.259 -118.733;223.516 694.790;-168.606 -720.304;398.644 -490.023;649.797 135.109;-568.210 487.973;151.135 298.203;-367.350 -283.740,nan;nan;nan;nan;nan;nan;nan;nan;nan;nan;nan;nan;55634.442;55634.442;55634.442;55634.442;55634.442;55634.442;55994.399;55994.399;56172.748;56172.748;56497.095;56497.095;56497.095;56497.095;56497.095;56497.095;56497.095;56497.095;56497.095;56497.095;56497.095;56497.095;56574.929;56574.929;56747.265;56747.265;56851.184;56851.184;56851.184;56851.184;56851.184;56851.184;56851.184;56851.184;56851.184;56851.184;56851.184;56851.184;56926.165;56926.165;56938.894;56938.894;56938.894;56938.894;56938.894;56938.894;56959.449;56973.160;56973.160;56973.160;56973.160;56973.160;56973.160;56973.160;56973.160;56973.160;56973.160;56973.160;56973.160;56973.160;56973.160;56973.160;56973.160;56973.160;56973.160;56973.542;56973.542;56973.542;56977.241;56977.241;56977.241;56977.241;56978.658;56978.658;56979.868;56979.868;56986.070;56986.070;56986.070;56986.070;56989.774;56989.774;56991.286;56991.286;56991.286;56991.286;56991.286;56991.286;56993.533;56993.533;56995.997;56996.056;56996.648;56996.648;56996.648;56996.648;56996.648;56996.648;56996.648;56997.060;56997.060;56997.060;56997.060;56997.287;56997.543;56997.543;56997.620;56997.620;56997.721;56997.855;56998.512;57002.087;57002.426;57002.426;57003.129;57003.129;57005.753;57009.396;57009.396;57009.396;57009.396;57009.696;57012.476;57013.559;57014.833;57015.135;57015.135;57016.110;57016.110;57019.780;57019.780;57021.709;57115.229;57115.229;57115.229;57115.229;57115.229;57115.229;57115.229;57115.229;57115.229;57115.229;57120.614;57120.614;57120.614;57120.614;57120.614;57120.614;57120.614;57120.614;57120.614;57120.614;57128.605;57128.605;57181.753;57226.989;57226.989;57226.989;57271.859;57271.859;57271.859;57271.859;57271.859;57271.859;57271.859;57271.859;57271.859;57271.859;57271.859;57272.121;57272.121;57272.121;57272.121;57272.121;57272.121;57272.121;57272.121;57272.121;57272.121;57272.121;57272.121;57272.121;57272.121;57272.121;57272.121;57272.121;57272.121;57272.121;57272.121,5D,385.0
LXSSA,2,750,8,8,6030,random,6030,56730.73369092657,58523.02715747732,1792.2934665507491,True,410.86449813395217,1.7901322680008889,-706.606 -129.353;-351.488 124.311;-196.157 -276.348;-439.577 -607.341;168.733 584.573;732.450 -161.195;-337.535 651.852;512.002 347.996,nan;nan;nan;nan;nan;nan;nan;nan;nan;nan;nan;nan;nan;nan;nan;nan;nan;nan;nan;nan;nan;nan;nan;nan;nan;nan;nan;nan;nan;nan;nan;nan;nan;nan;nan;nan;nan;nan;nan;nan;nan;nan;nan;nan;nan;nan;nan;nan;nan;nan;nan;nan;nan;nan;nan;nan;nan;56125.207;56125.207;56125.207;56125.207;56125.207;56125.207;56125.207;56125.207;56356.421;56356.421;56356.421;56356.421;56356.421;56356.421;56356.421;56356.421;56356.421;56356.421;56356.421;56356.421;56356.421;56356.421;56356.421;56356.421;56568.444;56568.444;56568.444;56568.444;56568.444;56568.444;56570.003;56570.003;56570.003;56570.003;56570.003;56570.003;56641.414;56641.414;56641.414;56641.414;56641.414;56641.414;56644.212;56644.212;56680.692;56680.692;56680.692;56680.692;56680.692;56680.692;56680.692;56680.692;56688.854;56688.854;56694.679;56694.679;56694.679;56700.214;56702.319;56704.322;56706.071;56706.732;56708.127;56710.011;56710.087;56710.754;56712.972;56712.972;56716.243;56717.007;56717.991;56717.991;56719.247;56719.247;56719.875;56719.875;56719.875;56721.391;56721.449;56721.787;56721.787;56722.773;56723.471;56723.471;56723.513;56724.128;56725.521;56725.521;56728.123;56728.123;56728.123;56728.487;56728.487;56728.680;56728.810;56728.866;56728.988;56729.131;56729.421;56729.421;56729.679;56729.679;56730.069;56730.069;56730.273;56730.273;56730.427;56730.427;56730.427;56730.459;56730.459;56730.488;56730.552;56730.552;56730.552;56730.568;56730.587;56730.587;56730.680;56730.680;56730.696;56730.696;56730.696;56730.700;56730.706;56730.706;56730.706;56730.708;56730.710;56730.711;56730.715;56730.715;56730.719;56730.719;56730.729;56730.729;56730.733;56730.733;56730.733;56730.733;56730.733;56730.733;56730.733;56730.734,5D,385.0
DE,2,750,8,18,6030,random,6030,55452.00356569552,58523.02715747732,3071.023591781799,False,353.2363775213605,2.265792574000443,570.595 184.428;122.269 133.278;199.846 -394.754;96.965 -732.676;-300.621 -256.020;81.119 667.022;-518.496 505.047;544.961 -192.056,nan;nan;nan;nan;nan;nan;nan;nan;nan;nan;nan;nan;nan;nan;nan;nan;nan;nan;nan;nan;nan;nan;nan;nan;nan;nan;nan;nan;nan;nan;nan;nan;nan;nan;nan;nan;nan;nan;nan;nan;nan;nan;nan;nan;nan;nan;nan;nan;nan;nan;nan;nan;nan;nan;nan;nan;nan;nan;nan;nan;nan;nan;nan;nan;nan;nan;nan;nan;nan;nan;nan;nan;nan;nan;nan;nan;nan;nan;nan;nan;nan;nan;nan;nan;nan;nan;nan;nan;nan;nan;nan;nan;nan;nan;nan;nan;nan;nan;nan;nan;nan;nan;nan;nan;nan;nan;nan;nan;nan;nan;nan;nan;nan;nan;nan;nan;nan;nan;nan;nan;nan;nan;nan;nan;nan;nan;nan;nan;nan;nan;nan;nan;nan;nan;nan;nan;nan;nan;nan;nan;nan;nan;nan;nan;nan;nan;nan;nan;nan;nan;nan;nan;nan;nan;nan;nan;nan;nan;nan;nan;nan;nan;nan;nan;nan;nan;nan;nan;nan;nan;nan;nan;nan;nan;nan;nan;nan;nan;nan;nan;nan;nan;nan;nan;nan;nan;nan;nan;nan;nan;nan;nan;nan;nan;nan;nan;nan;nan;nan;nan;nan,5D,385.0
SLSQP,1,500,6,28,6030,random,6030,83290.75674421107,84274.42421840897,983.6674741978932,True,462.00733841969026,2.080563560999508,-404.109 -290.626;452.903 211.834;21.377 -488.519;-210.826 129.167;74.123 492.989;419.715 -254.473,nan;nan;nan;nan;nan;nan;nan;nan;nan;nan;nan;nan;nan;nan;nan;nan;nan;nan;nan;nan;nan;nan;nan;nan;nan;nan;nan;nan;nan;82059.121;82059.250;82059.250;82059.629;82059.629;82059.629;82059.629;82059.629;82059.629;82059.629;82059.629;82059.629;82059.629;82059.629;82059.629;82059.629;82059.629;82059.629;82071.399;82071.399;82071.399;82071.532;82071.532;82071.532;82071.532;82071.532;82071.532;82071.532;82071.532;82071.532;82071.532;82071.532;82071.532;82071.532;82071.532;82071.532;82071.532;82071.532;82071.532;82071.532;82071.532;82071.532;82071.532;82071.532;82071.532;82071.532;82071.532;82071.532;82071.532;82071.532;82071.532;82417.348;82417.348;82417.348;82417.348;82417.348;82417.348;82417.348;82417.348;82417.348;82417.348;82417.348;82417.348;82417.348;82417.348;82417.348;82417.348;82417.348;82417.348;82417.348;82417.348;82417.348;82417.348;82417.348;82417.348;82417.348;82417.348;82417.348;82417.348;82417.348;82417.348;82417.348;82417.348;82417.348;82427.430;82427.430;82427.430;82427.430;82427.430;82427.430;82427.430;82427.430;82427.430;82427.430;82427.430;82427.430;82427.430;82427.430;82427.430;82427.430;82427.430;82427.430;82427.430;82427.430;82427.430;82427.430;82427.430;82427.430;82427.430;82427.430;82427.430;82427.430;82427.430;82427.430;82427.430;82427.430;82427.430;82427.430;82427.430;82427.430;82427.430;82427.430;82427.430;82427.430;82563.026;82563.493;82563.493;82563.493;82563.493;82563.493;82563.493;82563.493;82563.493;82563.493;82563.493;82563.493;82563.493;82563.493;82563.493;82563.493;82563.493;82563.493;82563.493;82563.493;82563.493;82563.493;82563.493;82563.493;82563.493;82563.493;82563.493;82563.493;82563.493;82563.493;82563.493;82563.493;82563.493;82563.493;82563.493;82563.493;82563.493;83289.688;83289.791;83290.604;83290.757;83290.757;83290.757;83290.757;83290.757;83290.757;83290.757;83290.757,6D,462.0
SSABV,1,500,6,8,6030,random,6030,83963.6682814443,84274.42421840897,310.7559369646624,True,489.21114390533046,1.6506945340006496,-336.467 -369.163;-335.503 370.414;-8.196 -6.443;155.870 -475.000;156.904 474.690;499.252 19.325,nan;nan;nan;nan;nan;nan;nan;nan;nan;nan;nan;nan;nan;nan;nan;nan;nan;nan;nan;nan;nan;nan;nan;nan;nan;nan;nan;nan;nan;nan;nan;nan;nan;nan;nan;nan;nan;nan;nan;nan;nan;nan;nan;nan;nan;nan;nan;nan;nan;nan;82514.600;82514.600;82537.364;82602.424;83309.601;83309.601;83309.601;83321.118;83357.171;83357.171;83357.951;83357.951;83357.951;83358.230;83358.230;83358.230;83358.758;83359.269;83359.693;83360.264;83360.462;83360.799;83361.174;83361.400;83361.410;83361.476;83361.613;83361.658;83361.771;83361.803;83361.826;83361.862;83361.898;83361.915;83361.936;83361.950;83361.960;83361.968;83361.976;83361.982;83361.985;83361.987;83361.987;83361.988;83361.989;83361.990;83361.990;83361.990;83361.990;83361.991;83361.991;83364.184;83378.105;83386.897;83405.315;83405.371;83406.488;83408.322;83409.354;83409.379;83409.906;83415.915;83416.410;83416.428;83416.437;83416.854;83417.118;83417.119;83417.120;83418.608;83418.621;83418.621;83418.692;83419.434;83419.473;83419.473;83419.473;83419.473;83419.473;83419.473;83419.473;83419.473;83419.473;83419.473;83419.473;83419.473;83419.473;83419.473;83419.473;83419.473;83419.473;83419.473;83419.473;83419.473;83419.473;83419.473;83419.473;83419.473;83419.473;83419.473;83419.473;83419.473;83419.473;83419.473;83419.473;83419.473;83419.473;83419.473;83419.473;83419.473;83419.473;83419.473;83419.473;83419.473;83419.473;83419.473;83419.473;83419.473;83419.473;83419.473;83676.348;83697.987;83702.409;83702.568;83702.643;83704.394;83705.239;83706.929;83706.948;83961.467;83962.532;83962.768;83962.775;83962.776;83962.776;83962.894;83963.229;83963.417;83963.417;83963.417;83963.643;83963.643;83963.668;83963.668;83963.668;83963.668;83963.668;83963.668;83963.668;83963.668;83963.668,6D,462.0
RSDVNS,1,500,6,18,6030,random,6030,83924.41880056182,84274.42421840897,350.0054178471473,True,466.4882152443435,1.7916005140014022,479.367 -141.985;-498.493 24.580;-242.228 -437.325;301.034 399.131;-19.817 -27.270;-235.267 441.066,nan;nan;nan;nan;nan;nan;nan;nan;nan;nan;nan;nan;nan;nan;nan;nan;nan;nan;nan;nan;nan;nan;nan;nan;nan;nan;nan;nan;nan;nan;nan;nan;nan;nan;nan;nan;nan;nan;nan;nan;nan;nan;nan;nan;nan;nan;nan;nan;nan;nan;nan;nan;nan;nan;nan;nan;nan;nan;nan;nan;nan;nan;nan;nan;nan;nan;nan;nan;nan;nan;nan;nan;nan;nan;nan;nan;nan;nan;nan;nan;nan;nan;nan;nan;nan;nan;nan;nan;nan;nan;nan;nan;nan;nan;nan;nan;nan;nan;nan;nan;nan;nan;nan;nan;nan;nan;nan;nan;nan;nan;83632.109;83709.320;83713.424;83717.244;83717.334;83719.312;83725.203;83726.912;83727.913;83728.325;83729.997;83729.997;83730.941;83731.607;83732.183;83732.421;83732.421;83733.253;83733.253;83733.334;83733.690;83733.865;83733.865;83733.866;83733.866;83733.866;83733.866;83733.866;83733.866;83733.866;83733.866;83733.866;83733.866;83733.866;83733.866;83733.866;83733.866;83733.866;83733.866;83733.866;83734.352;83735.279;83736.167;83736.787;83736.793;83737.031;83737.315;83737.315;83737.318;83737.318;83737.318;83737.678;83737.792;83737.851;83737.887;83737.887;83737.887;83737.887;83737.887;83737.887;83737.887;83737.887;83737.887;83737.887;83737.887;83737.887;83737.887;83737.887;83917.614;83918.523;83919.717;83920.514;83921.108;83921.407;83921.577;83922.167;83922.665;83923.382;83923.382;83923.526;83923.820;83924.065;83924.135;83924.192;83924.301;83924.357;83924.391;83924.419;83924.419;83924.419;83924.419,6D,462.0
BVNS,1,500,6,28,6030,random,6030,82887.78599746796,84274.42421840897,1386.6382209410076,True,468.7493816095501,1.5899740149998252,376.836 328.005;-103.863 488.520;3.226 -31.866;-477.508 148.159;155.471 -475.203;-324.487 -380.143,nan;nan;nan;nan;nan;nan;nan;nan;nan;nan;nan;nan;nan;nan;nan;nan;nan;nan;nan;nan;nan;nan;nan;nan;nan;nan;nan;nan;nan;nan;nan;nan;nan;nan;nan;nan;80308.942;80389.179;80401.274;80404.876;80461.360;80463.725;80469.304;80470.733;80497.217;80498.642;80500.640;80500.640;80513.430;80525.665;80528.925;80541.234;80553.307;80554.421;80560.371;80566.462;80567.574;80567.999;80573.834;80573.987;80574.131;80574.131;80574.932;80575.045;80575.045;80576.770;80577.136;80578.581;80580.023;80580.023;80580.023;80580.023;80580.023;80580.023;80580.023;80580.023;80580.023;80580.023;81402.684;81684.080;81700.127;81735.022;81744.202;81783.570;81828.116;81833.850;81842.566;81842.566;81843.990;81858.911;81859.969;81872.945;81873.650;81874.149;81881.486;81882.077;81882.077;81885.975;81890.089;81893.295;81893.295;81894.892;81896.429;81896.516;81896.516;81896.516;81896.516;81896.516;81896.516;82223.110;82234.590;82302.782;82302.782;82345.597;82349.512;82349.512;82351.728;82353.102;82356.648;82356.648;82357.020;82357.362;82361.214;82365.043;82365.126;82370.006;82370.345;82374.131;82374.468;82375.138;82375.138;82375.305;82375.305;82375.305;82375.305;82375.305;82375.305;82375.305;82375.305;82375.305;82480.894;82559.725;82568.985;82568.985;82577.952;82820.050;82823.255;82853.188;82853.188;82854.361;82855.212;82856.714;82871.174;82871.174;82871.598;82872.339;82879.447;82879.595;82880.124;82883.615;82883.740;82883.951;82884.022;82885.776;82885.897;82887.646;82887.751;82887.786;82887.786;82887.786;82887.786;82887.786;82887.786;82887.786;82887.786;82887.786;82887.786;82887.786;82887.786;82887.786;82887.786;82887.786;82887.786;82887.786;82887.786;82887.786;82887.786;82887.786;82887.786;82887.786;82887.786;82887.786;82887.786;82887.786;82887.786;82887.786;82887.786;82887.786;82887.786;82887.786;82887.786,6D,462.0
SSA,1,500,6,8,6030,random,6030,81109.30025366502,84274.42421840897,3165.1239647439506,False,445.98415390127366,1.838538489999337,-307.807 27.314;-194.308 460.700;-275.164 -417.474;169.990 -465.021;141.195 149.873;479.027 -143.294,nan;nan;nan;nan;nan;nan;nan;nan;nan;nan;nan;nan;nan;nan;nan;nan;nan;nan;nan;nan;nan;nan;nan;nan;nan;nan;nan;nan;nan;nan;nan;nan;nan;nan;nan;nan;nan;nan;nan;nan;nan;nan;nan;nan;nan;nan;nan;nan;nan;nan;nan;nan;nan;nan;nan;nan;nan;nan;nan;nan;nan;nan;nan;nan;nan;nan;nan;nan;nan;nan;nan;nan;nan;nan;nan;nan;nan;nan;nan;nan;nan;nan;nan;nan;nan;nan;nan;nan;nan;nan;nan;nan;nan;nan;nan;nan;nan;nan;nan;nan;nan;nan;nan;nan;nan;nan;nan;nan;nan;nan;nan;nan;nan;nan;nan;nan;nan;nan;nan;nan;nan;nan;nan;nan;nan;nan;nan;nan;nan;nan;nan;nan;nan;nan;nan;nan;nan;nan;nan;nan;nan;nan;nan;nan;nan;nan;nan;nan;nan;nan;nan;nan;nan;nan;nan;nan;nan;nan;nan;nan;nan;nan;nan;nan;nan;nan;nan;nan;nan;nan;nan;nan;nan;nan;nan;nan;nan;nan;nan;nan;nan;nan;nan;nan;nan;nan;nan;nan;nan;nan;nan;nan;nan;nan;nan;nan;nan;nan;nan;nan;nan,6D,462.0
LXSSA,1,500,6,18,6030,random,6030,83275.04595196628,84274.42421840897,999.3782664426835,False,460.1548219775744,1.7921549069997127,396.349 -301.479;-19.586 -499.579;-181.843 -68.981;-344.841 361.570;109.199 441.686;471.726 154.736,nan;nan;nan;nan;nan;nan;nan;nan;nan;nan;nan;nan;nan;nan;nan;nan;nan;nan;nan;nan;nan;nan;nan;nan;nan;nan;nan;nan;nan;nan;nan;nan;nan;nan;nan;nan;nan;nan;nan;nan;nan;nan;nan;nan;nan;nan;nan;nan;nan;nan;nan;nan;nan;nan;nan;nan;nan;nan;nan;nan;nan;nan;nan;nan;nan;nan;nan;nan;nan;nan;nan;nan;nan;nan;nan;nan;nan;nan;nan;nan;nan;nan;nan;nan;nan;nan;nan;nan;nan;nan;nan;nan;nan;nan;nan;nan;nan;nan;nan;nan;nan;nan;nan;nan;nan;nan;nan;nan;nan;nan;nan;nan;nan;nan;nan;nan;nan;nan;nan;nan;nan;nan;nan;nan;nan;nan;nan;nan;nan;nan;nan;nan;nan;nan;nan;nan;nan;nan;nan;nan;nan;nan;nan;nan;nan;nan;nan;nan;nan;nan;nan;nan;nan;nan;nan;nan;nan;nan;nan;nan;nan;nan;nan;nan;nan;nan;nan;nan;nan;nan;nan;nan;nan;nan;nan;nan;nan;nan;nan;nan;nan;nan;nan;nan;nan;nan;nan;nan;nan;nan;nan;nan;nan;nan;nan;nan;nan;nan;nan;nan;nan,6D,462.0
DE,1,500,6,28,6030,random,6030,79096.23785293775,84274.42421840897,5178.1863654712215,False,328.3487544217932,2.157418900000266,117.103 391.514;161.319 -40.282;-184.351 -279.045;148.198 -468.445;436.847 138.316;-278.310 183.444,nan;nan;nan;nan;nan;nan;nan;nan;nan;nan;nan;nan;nan;nan;nan;nan;nan;nan;nan;nan;nan;nan;nan;nan;nan;nan;nan;nan;nan;nan;nan;nan;nan;nan;nan;nan;nan;nan;nan;nan;nan;nan;nan;nan;nan;nan;nan;nan;nan;nan;nan;nan;nan;nan;nan;nan;nan;nan;nan;nan;nan;nan;nan;nan;nan;nan;nan;nan;nan;nan;nan;nan;nan;nan;nan;nan;nan;nan;nan;nan;nan;nan;nan;nan;nan;nan;nan;nan;nan;nan;nan;nan;nan;nan;nan;nan;nan;nan;nan;nan;nan;nan;nan;nan;nan;nan;nan;nan;nan;nan;nan;nan;nan;nan;nan;nan;nan;nan;nan;nan;nan;nan;nan;nan;nan;nan;nan;nan;nan;nan;nan;nan;nan;nan;nan;nan;nan;nan;nan;nan;nan;nan;nan;nan;nan;nan;nan;nan;nan;nan;nan;nan;nan;nan;nan;nan;nan;nan;nan;nan;nan;nan;nan;nan;nan;nan;nan;nan;nan;nan;nan;nan;nan;nan;nan;nan;nan;nan;nan;nan;nan;nan;nan;nan;nan;nan;nan;nan;nan;nan;nan;nan;nan;nan;nan;nan;nan;nan;nan;nan;nan,6D,462.0
PSOBV,1,500,6,8,6030,random,6030,82823.98006851824,84274.42421840897,1450.4441498907254,True,387.7110750520743,1.6337713729990355,-4.529 -31.176;-389.307 313.653;-426.304 -260.444;-111.807 -487.185;4.215 498.917;499.220 3.141,nan;nan;nan;nan;nan;nan;nan;nan;nan;nan;nan;nan;nan;nan;nan;nan;nan;nan;nan;nan;nan;nan;nan;nan;nan;nan;nan;nan;nan;nan;nan;nan;nan;80758.667;80949.116;80949.116;80971.739;81678.943;81687.177;81687.177;81687.177;81687.177;81687.177;81687.177;81687.177;81687.177;81687.177;81687.177;81696.304;81696.304;81794.775;82534.330;82534.330;82535.603;82535.603;82583.079;82587.766;82657.170;82657.170;82661.210;82661.210;82661.210;82666.880;82666.880;82666.880;82669.307;82676.795;82679.944;82691.526;82692.076;82696.567;82696.567;82696.567;82701.641;82701.641;82713.463;82715.129;82715.129;82716.638;82720.281;82722.750;82722.750;82729.970;82729.970;82739.705;82740.229;82740.229;82740.229;82740.229;82740.229;82740.229;82740.229;82745.493;82755.224;82763.848;82763.848;82763.848;82763.848;82763.848;82763.848;82763.848;82770.105;82781.666;82786.757;82786.757;82812.562;82813.488;82813.488;82817.455;82818.249;82818.455;82818.657;82820.062;82821.599;82822.617;82822.977;82822.977;82823.050;82823.932;82823.980;82823.980;82823.980;82823.980;82823.980;82823.980;82823.980;82823.980;82823.980;82823.980;82823.980;82823.980;82823.980;82823.980;82823.980;82823.980;82823.980;82823.980;82823.980;82823.980;82823.980;82823.980;82823.980;82823.980;82823.980;82823.980;82823.980;82823.980;82823.980;82823.980;82823.980;82823.980;82823.980;82823.980;82823.980;82823.980;82823.980;82823.980;82823.980;82823.980;82823.980;82823.980;82823.980;82823.980;82823.980;82823.980;82823.980;82823.980;82823.980;82823.980;82823.980;82823.980;82823.980;82823.980;82823.980;82823.980;82823.980;82823.980;82823.980;82823.980;82823.980;82823.980;82823.980;82823.980;82823.980;82823.980;82823.980;82823.980;82823.980;82823.980;82823.980;82823.980;82823.980;82823.980;82823.980;82823.980;82823.980;82823.980;82823.980;82823.980;82823.980;82823.980,5D,385.0
SSABV,1,500,6,18,6030,random,6030,82649.78242444171,84274.42421840897,1624.6417939672538,True,385.3761127549891,1.7006626700003835,-61.552 -495.661;160.176 -35.150;-431.775 251.968;-321.873 -211.499;334.527 371.390;-61.137 414.522,nan;nan;nan;nan;nan;nan;nan;nan;nan;nan;nan;nan;nan;nan;nan;nan;nan;nan;nan;nan;nan;nan;nan;nan;nan;nan;nan;nan;nan;nan;nan;nan;nan;nan;nan;nan;nan;nan;nan;nan;nan;nan;nan;nan;nan;nan;nan;nan;82194.302;82287.936;82287.936;82287.936;82287.936;82338.989;82391.239;82420.482;82420.482;82482.492;82509.718;82524.428;82533.592;82542.423;82547.849;82547.849;82552.163;82554.708;82555.537;82558.803;82561.495;82563.170;82564.490;82565.464;82565.949;82566.378;82566.593;82566.876;82567.168;82567.498;82567.707;82567.919;82568.038;82568.099;82568.183;82568.263;82568.324;82568.356;82568.386;82568.414;82568.431;82568.446;82568.458;82568.466;82568.471;82568.476;82568.480;82568.482;82568.483;82568.484;82568.485;82568.486;82568.486;82570.933;82578.539;82578.539;82581.253;82620.101;82620.101;82620.653;82620.653;82621.395;82621.682;82622.270;82622.449;82623.295;82632.098;82632.849;82633.417;82633.595;82634.336;82634.895;82635.072;82635.194;82635.530;82639.958;82644.360;82644.818;82644.956;82644.956;82645.072;82645.116;82647.340;82649.571;82649.686;82649.754;82649.782;82649.782;82649.782;82649.782;82649.782;82649.782;82649.782;82649.782;82649.782;82649.782;82649.782;82649.782;82649.782;82649.782;82649.782;82649.782;82649.782;82649.782;82649.782;82649.782;82649.782;82649.782;82649.782;82649.782;82649.782;82649.782;82649.782;82649.782;82649.782;82649.782;82649.782;82649.782;82649.782;82649.782;82649.782;82649.782;82649.782;82649.782;82649.782;82649.782;82649.782;82649.782;82649.782;82649.782;82649.782;82649.782;82649.782;82649.782;82649.782;82649.782;82649.782;82649.782;82649.782;82649.782;82649.782;82649.782;82649.782;82649.782;82649.782;82649.782;82649.782;82649.782;82649.782;82649.782;82649.782;82649.782;82649.782,5D,385.0
RSDVNS,1,500,6,28,6030,random,6030,82594.35012785847,84274.42421840897,1680.0740905504936,True,398.2854336262815,1.690131884000948,-215.560 450.801;-74.693 78.259;258.289 427.575;51.866 -497.237;-370.219 -335.760;451.145 -215.261,nan;nan;nan;nan;nan;nan;nan;nan;nan;nan;nan;nan;nan;nan;nan;nan;nan;nan;nan;nan;nan;nan;nan;nan;nan;nan;nan;nan;nan;nan;nan;nan;nan;nan;nan;nan;nan;nan;nan;nan;nan;nan;nan;nan;nan;nan;nan;nan;nan;nan;nan;nan;nan;nan;nan;nan;nan;nan;nan;nan;nan;nan;nan;nan;nan;nan;nan;nan;nan;nan;nan;nan;nan;nan;nan;nan;nan;nan;nan;nan;nan;nan;nan;nan;nan;nan;nan;nan;nan;nan;nan;nan;nan;nan;nan;nan;nan;nan;nan;nan;nan;78354.738;79888.241;81270.788;81403.935;81493.154;81543.376;81604.975;81704.202;81767.078;81770.551;81808.090;82483.040;82534.237;82540.525;82540.525;82545.739;82547.809;82560.032;82574.400;82575.966;82575.966;82577.373;82584.293;82584.433;82584.433;82584.550;82587.456;82590.873;82590.943;82590.978;82592.416;82594.114;82594.304;82594.339;82594.350;82594.350;82594.350;82594.350;82594.350;82594.350;82594.350;82594.350;82594.350;82594.350;82594.350;82594.350;82594.350;82594.350;82594.350;82594.350;82594.350;82594.350;82594.350;82594.350;82594.350;82594.350;82594.350;82594.350;82594.350;82594.350;82594.350;82594.350;82594.350;82594.350;82594.350;82594.350;82594.350;82594.350;82594.350;82594.350;82594.350;82594.350;82594.350;82594.350;82594.350;82594.350;82594.350;82594.350;82594.350;82594.350;82594.350;82594.350;82594.350;82594.350;82594.350;82594.350;82594.350;82594.350;82594.350;82594.350;82594.350;82594.350;82594.350;82594.350;82594.350;82594.350;82594.350;82594.350;82594.350;82594.350,5D,385.0
PSOC,1,500,6,8,6030,random,6030,82828.43770139471,84274.42421840897,1445.9865170142584,True,412.89824068027275,1.7686727339987556,-3.971 -37.341;-381.179 322.528;-429.738 -255.413;-90.360 -490.588;7.641 497.964;497.632 7.649,nan;nan;nan;nan;nan;nan;nan;nan;nan;nan;nan;nan;nan;nan;nan;nan;nan;nan;nan;nan;nan;nan;nan;nan;nan;nan;nan;nan;nan;nan;nan;nan;nan;80758.667;80949.116;80949.116;80971.739;81678.943;81687.177;81687.177;81687.177;81687.177;81687.177;81687.177;81687.177;81687.177;81687.177;81687.177;81696.304;81696.304;81794.775;82534.330;82534.330;82535.603;82535.603;82583.079;82587.766;82657.170;82657.170;82661.210;82661.210;82661.210;82666.880;82666.880;82666.880;82669.307;82676.795;82679.944;82691.526;82692.076;82696.567;82696.567;82696.567;82701.641;82701.641;82713.463;82715.129;82715.129;82716.638;82720.281;82722.750;82722.750;82729.970;82729.970;82739.705;82740.229;82740.229;82740.229;82740.229;82740.229;82740.229;82740.229;82745.493;82755.224;82763.848;82763.848;82763.848;82763.848;82763.848;82763.848;82763.848;82770.656;82770.656;82782.484;82782.484;82782.484;82782.484;82783.442;82783.442;82783.442;82783.442;82783.442;82787.024;82787.024;82787.024;82787.024;82787.024;82787.024;82787.024;82787.024;82787.024;82787.024;82787.024;82787.024;82787.024;82787.024;82787.024;82787.024;82788.177;82791.470;82791.470;82793.364;82793.797;82820.376;82820.376;82820.376;82820.376;82820.664;82820.664;82822.326;82822.326;82822.387;82822.387;82822.387;82822.387;82823.461;82823.461;82823.461;82823.461;82823.461;82823.461;82823.461;82823.461;82823.461;82823.461;82823.461;82823.496;82823.496;82823.496;82823.709;82823.709;82823.965;82823.965;82823.965;82824.499;82824.709;82824.709;82824.884;82824.884;82824.884;82824.884;82824.884;82824.966;82824.966;82824.966;82824.966;82824.966;82825.262;82825.262;82825.601;82826.353;82826.899;82827.593;82828.179;82828.179;82828.179;82828.179;82828.179;82828.179;82828.179;82828.179;82828.179;82828.179;82828.179;82828.438;82828.438;82828.438;82828.438;82828.438;82828.438;82828.438,5D,385.0
SSA,1,500,6,18,6030,random,6030,82237.55082198222,84274.42421840897,2036.8733964267449,True,386.09490194260627,1.623750941000253,417.667 274.675;-369.173 332.501;-131.119 -345.840;92.023 482.100;453.913 -209.673;-49.720 74.144,nan;nan;nan;nan;nan;nan;nan;nan;nan;nan;nan;nan;nan;nan;nan;nan;nan;nan;nan;nan;nan;nan;nan;nan;nan;nan;nan;nan;nan;nan;nan;nan;nan;nan;nan;nan;nan;nan;nan;nan;nan;nan;nan;nan;nan;nan;nan;nan;nan;nan;nan;nan;nan;nan;nan;nan;nan;nan;nan;nan;nan;nan;nan;nan;nan;nan;nan;nan;nan;nan;nan;nan;nan;81268.862;81268.862;81268.862;81268.862;81268.862;81268.862;81268.862;81268.862;81268.862;81957.246;81957.246;81957.246;81957.246;81957.246;81957.246;81957.246;81957.246;81957.246;81957.246;81957.246;81957.246;81957.246;81957.246;81957.246;81957.246;81957.246;81957.246;81957.246;81957.246;81957.246;81957.246;81960.848;82067.216;82067.216;82069.573;82087.214;82129.780;82129.780;82144.099;82175.227;82175.227;82186.950;82186.950;82186.950;82193.696;82194.450;82200.337;82202.657;82202.657;82202.657;82213.177;82213.177;82218.450;82221.431;82221.431;82221.479;82222.131;82222.131;82224.130;82224.298;82224.856;82224.856;82225.888;82226.889;82228.242;82229.696;82230.832;82231.493;82231.908;82232.952;82234.006;82234.302;82234.380;82234.991;82235.065;82235.650;82235.877;82235.877;82235.921;82236.122;82236.295;82236.295;82236.384;82236.540;82236.606;82236.810;82236.833;82236.970;82237.019;82237.086;82237.142;82237.193;82237.316;82237.316;82237.364;82237.409;82237.409;82237.427;82237.432;82237.458;82237.464;82237.487;82237.503;82237.510;82237.512;82237.527;82237.530;82237.531;82237.536;82237.540;82237.540;82237.540;82237.540;82237.542;82237.542;82237.544;82237.544;82237.544;82237.545;82237.546;82237.546;82237.547;82237.548;82237.549;82237.549;82237.550;82237.550;82237.551,5D,385.0
LXSSA,1,500,6,28,6030,random,6030,81908.00723096592,84274.42421840897,2366.4169874430518,True,405.67181464659535,1.7882898829993792,19.366 402.646;-340.300 -366.289;315.306 -388.049;-379.005 326.026;-107.147 2.962;296.873 95.464,nan;nan;nan;nan;nan;nan;nan;nan;nan;nan;nan;nan;nan;nan;nan;nan;nan;nan;nan;nan;nan;nan;nan;nan;nan;nan;nan;nan;nan;nan;nan;nan;nan;nan;nan;nan;nan;nan;nan;nan;nan;nan;nan;nan;nan;nan;nan;nan;nan;nan;nan;nan;nan;nan;nan;nan;nan;nan;nan;nan;nan;nan;nan;nan;nan;nan;nan;nan;nan;nan;nan;nan;nan;nan;nan;nan;nan;nan;nan;nan;nan;79980.757;79980.757;81437.241;81437.241;81513.169;81513.169;81513.169;81513.169;81558.269;81558.269;81558.269;81606.680;81606.680;81606.680;81747.208;81747.208;81751.376;81751.376;81799.271;81799.271;81799.271;81841.710;81841.710;81841.710;81842.698;81842.698;81849.068;81849.068;81850.871;81850.871;81857.566;81857.566;81859.402;81869.669;81869.669;81869.669;81887.477;81887.477;81888.398;81888.398;81888.398;81890.550;81890.653;81894.388;81895.775;81895.775;81896.328;81896.328;81897.130;81897.130;81898.310;81899.864;81899.864;81899.864;81899.864;81900.766;81902.258;81902.495;81902.694;81903.235;81903.246;81903.361;81903.385;81904.014;81904.082;81905.074;81905.074;81905.154;81905.375;81905.506;81905.935;81905.948;81906.545;81906.545;81906.545;81906.745;81907.167;81907.167;81907.167;81907.287;81907.341;81907.341;81907.341;81907.370;81907.394;81907.433;81907.699;81907.699;81907.699;81907.699;81907.699;81907.705;81907.715;81907.724;81907.856;81907.856;81907.937;81907.937;81907.968;81907.968;81907.968;81907.979;81907.990;81907.990;81907.996;81907.996;81907.996;81907.999;81908.000;81908.001;81908.001;81908.002;81908.002;81908.003;81908.006;81908.006;81908.006;81908.007;81908.007;81908.007,5D,385.0
SLSQP,2,500,6,8,6030,random,6030,42779.29338322599,43892.27036810799,1112.9769848819997,True,461.9999998894589,2.0471353930006444,-499.984 3.977;-283.288 412.005;-289.806 -407.446;245.294 -435.696;324.446 380.441;496.850 -48.186,nan;nan;nan;nan;nan;nan;nan;nan;nan;nan;nan;nan;nan;nan;nan;nan;nan;nan;nan;nan;nan;nan;nan;nan;nan;nan;nan;nan;nan;nan;nan;nan;nan;nan;nan;nan;nan;nan;nan;nan;nan;nan;nan;nan;nan;nan;nan;nan;42778.821;42778.821;42778.821;42778.821;42778.827;42778.827;42778.827;42778.827;42778.827;42779.293;42779.293;42779.294;42779.294;42779.294;42779.294;42779.294;42779.294;42779.294;42779.294;42779.294;42779.294;42779.294;42779.294;42779.294;42779.294;42779.294;42779.294;42779.294;42779.294;42779.294;42779.294;42779.294;42779.294;42779.294;42779.294;42779.294;42779.294;42779.294;42779.294;42779.294;42779.294;42779.294;42779.294;42779.294;42779.294;42779.294;42779.294;42779.294;42779.294;42779.294;42779.294;42779.294;42779.294;42779.294;42779.294;42779.294;42779.294;42779.294;42779.294;42779.294;42779.294;42779.294;42779.294;42779.294;42779.294;42779.294;42779.294;42779.294;42779.294;42779.294;42779.294;42779.294;42779.294;42779.294;42779.294;42779.294;42779.294;42779.294;42779.294;42779.294;42779.294;42779.294;42779.294;42779.294;42779.294;42779.294;42779.294;42779.294;42779.294;42779.294;42779.294;42779.294;42779.294;42779.294;42779.294;42779.294;42779.294;42779.294;42779.294;42779.294;42779.294;42779.294;42779.294;42779.294;42779.294;42779.294;42779.294;42779.294;42779.294;42779.294;42779.294;42779.294;42779.294;42779.294;42779.294;42779.294;42779.294;42779.294;42779.294;42779.294;42779.294;42779.294;42779.294;42779.294;42779.294;42779.294;42779.294;42779.294;42779.294;42779.294;42779.294;42779.294;42779.294;42779.294;42779.294;42779.294;42779.294;42779.294;42779.294;42779.294;42779.294;42779.294;42779.294;42779.294;42779.294;42779.294;42779.294;42779.294;42779.294;42779.294;42779.294;42779.294;42779.294,6D,462.0
PSOBV,2,500,6,18,6030,random,6030,42543.36571302221,43892.27036810799,1348.9046550857747,True,472.91099773206287,1.6618021260001115,447.572 -120.987;-92.289 -487.500;-484.974 -119.023;-215.073 450.000;343.157 363.643;-24.910 17.007,nan;nan;nan;nan;nan;nan;nan;nan;nan;nan;nan;nan;nan;nan;nan;nan;nan;nan;nan;nan;nan;nan;nan;nan;nan;nan;nan;nan;nan;nan;nan;nan;nan;nan;nan;nan;nan;nan;nan;nan;nan;nan;nan;nan;nan;nan;nan;42014.415;42014.415;42131.473;42131.473;42131.473;42220.605;42220.605;42220.605;42220.605;42220.605;42220.605;42220.605;42220.605;42220.605;42220.605;42220.605;42220.605;42220.605;42220.605;42220.605;42220.605;42220.605;42223.969;42223.969;42299.735;42299.735;42299.735;42299.735;42299.735;42299.735;42299.735;42299.735;42299.735;42299.735;42299.735;42299.735;42299.735;42299.735;42299.735;42299.735;42308.830;42308.830;42308.830;42308.830;42308.830;42314.815;42314.815;42314.815;42314.815;42314.815;42314.815;42314.815;42314.815;42314.815;42322.550;42322.550;42325.967;42327.460;42328.117;42329.464;42331.143;42331.143;42332.217;42332.612;42332.612;42333.871;42334.158;42334.367;42334.510;42334.608;42334.608;42334.608;42334.608;42334.608;42334.608;42334.608;42334.608;42334.608;42334.608;42334.608;42334.608;42334.608;42334.608;42334.608;42334.608;42334.608;42334.608;42334.608;42334.608;42334.608;42334.608;42334.608;42334.608;42334.608;42334.608;42334.608;42334.608;42334.608;42334.608;42334.608;42334.608;42334.608;42334.608;42334.608;42334.608;42334.608;42334.608;42334.608;42334.608;42334.608;42334.608;42334.608;42334.608;42334.608;42334.608;42334.608;42334.608;42334.608;42334.608;42334.608;42334.608;42334.608;42334.608;42334.608;42334.608;42334.608;42334.608;42334.608;42334.608;42334.608;42334.608;42334.608;42334.608;42334.608;42334.608;42334.608;42334.608;42334.608;42334.608;42334.608;42334.608;42334.608;42334.608;42334.608;42334.608;42334.608;42334.608;42477.837;42477.837;42518.152;42534.768;42539.389;42539.389;42543.366,6D,462.0
SSABV,2,500,6,28,6030,random,6030,42571.75815795812,43892.27036810799,1320.512210149871,True,462.477840762725,1.6029863610001485,-19.835 -44.414;-348.768 327.267;486.672 113.276;155.543 475.000;340.870 -365.702;-440.751 -236.028,nan;nan;nan;nan;nan;nan;nan;nan;nan;nan;nan;nan;nan;nan;nan;nan;nan;nan;nan;nan;nan;nan;nan;nan;nan;nan;nan;nan;nan;nan;nan;nan;nan;nan;nan;nan;nan;nan;nan;nan;nan;nan;nan;nan;nan;nan;nan;nan;nan;nan;nan;nan;nan;nan;41898.679;42122.603;42122.603;42128.708;42128.708;42130.169;42133.280;42136.452;42136.452;42136.457;42138.307;42138.958;42140.902;42141.694;42143.135;42143.385;42144.099;42144.430;42144.620;42144.898;42145.206;42145.206;42145.262;42145.411;42145.569;42145.607;42145.708;42145.767;42145.794;42145.828;42145.849;42145.855;42145.858;42145.860;42145.869;42145.876;42145.880;42145.884;42145.886;42145.888;42145.890;42145.891;42145.892;42145.892;42145.892;42145.893;42145.893;42155.461;42156.604;42167.744;42170.384;42171.631;42177.601;42177.601;42178.915;42180.624;42181.774;42182.618;42183.191;42183.762;42184.088;42184.507;42184.670;42184.670;42184.670;42184.670;42184.670;42184.670;42184.670;42184.670;42184.670;42184.670;42371.589;42371.934;42375.308;42375.434;42395.352;42396.848;42396.848;42398.979;42400.846;42404.378;42406.222;42407.063;42407.063;42408.468;42409.010;42409.019;42409.390;42409.390;42409.390;42409.390;42409.390;42409.390;42409.390;42409.390;42420.958;42427.261;42548.996;42549.525;42551.336;42552.673;42552.840;42552.906;42553.875;42554.696;42554.696;42555.147;42555.601;42555.841;42556.356;42556.614;42557.076;42557.529;42557.981;42558.448;42558.908;42559.357;42559.805;42560.268;42560.695;42561.110;42561.524;42561.952;42562.762;42562.788;42563.200;42563.623;42564.428;42564.836;42564.862;42565.282;42566.082;42566.486;42566.890;42566.928;42567.723;42568.124;42568.525;42568.562;42569.351;42569.750;42570.148;42570.554;42570.968;42571.363;42571.758,6D,462.0
BVNS,2,500,6,8,6030,random,6030,42674.83118601343,43892.27036810799,1217.4391820945602,True,462.07438408771134,1.5612087650006288,-499.219 7.360;-279.015 414.556;-273.745 -417.780;218.176 -449.613;240.533 438.089;493.318 -78.386,nan;nan;nan;nan;nan;nan;nan;nan;nan;nan;nan;nan;nan;nan;nan;nan;nan;nan;nan;nan;nan;nan;nan;nan;nan;nan;nan;nan;nan;nan;42462.133;42470.503;42475.961;42480.517;42484.304;42488.770;42514.612;42559.056;42563.900;42568.981;42571.691;42571.971;42571.971;42664.002;42666.516;42667.874;42668.414;42670.661;42670.690;42671.925;42672.421;42672.599;42673.887;42674.065;42674.312;42674.831;42674.831;42674.831;42674.831;42674.831;42674.831;42674.831;42674.831;42674.831;42674.831;42674.831;42674.831;42674.831;42674.831;42674.831;42674.831;42674.831;42674.831;42674.831;42674.831;42674.831;42674.831;42674.831;42674.831;42674.831;42674.831;42674.831;42674.831;42674.831;42674.831;42674.831;42674.831;42674.831;42674.831;42674.831;42674.831;42674.831;42674.831;42674.831;42674.831;42674.831;42674.831;42674.831;42674.831;42674.831;42674.831;42674.831;42674.831;42674.831;42674.831;42674.831;42674.831;42674.831;42674.831;42674.831;42674.831;42674.831;42674.831;42674.831;42674.831;42674.831;42674.831;42674.831;42674.831;42674.831;42674.831;42674.831;42674.831;42674.831;42674.831;42674.831;42674.831;42674.831;42674.831;42674.831;42674.831;42674.831;42674.831;42674.831;42674.831;42674.831;42674.831;42674.831;42674.831;42674.831;42674.831;42674.831;42674.831;42674.831;42674.831;42674.831;42674.831;42674.831;42674.831;42674.831;42674.831;42674.831;42674.831;42674.831;42674.831;42674.831;42674.831;42674.831;42674.831;42674.831;42674.831;42674.831;42674.831;42674.831;42674.831;42674.831;42674.831;42674.831;42674.831;42674.831;42674.831;42674.831;42674.831;42674.831;42674.831;42674.831;42674.831;42674.831;42674.831;42674.831;42674.831;42674.831;42674.831;42674.831;42674.831;42674.831;42674.831;42674.831;42674.831;42674.831;42674.831;42674.831;42674.831;42674.831;42674.831;42674.831;42674.831;42674.831;42674.831;42674.831;42674.831,6D,462.0
PSOC,2,500,6,18,6030,random,6030,42352.69853645881,43892.27036810799,1539.5718316491766,True,478.35940573072713,1.6592443850004202,498.988 -31.287;43.789 -497.687;-471.688 -165.124;-354.879 352.175;296.463 402.085;-17.982 -3.143,nan;nan;nan;nan;nan;nan;nan;nan;nan;nan;nan;nan;nan;nan;nan;nan;nan;nan;nan;nan;nan;nan;nan;nan;nan;nan;nan;nan;nan;nan;nan;nan;nan;nan;nan;nan;nan;nan;nan;nan;nan;nan;nan;nan;nan;nan;nan;42014.415;42014.415;42131.473;42131.473;42131.473;42220.605;42220.605;42220.605;42220.605;42220.605;42220.605;42220.605;42220.605;42220.605;42220.605;42220.605;42220.605;42220.605;42220.605;42220.605;42220.605;42220.605;42223.969;42223.969;42299.735;42299.735;42299.735;42299.735;42299.735;42299.735;42299.735;42299.735;42299.735;42299.735;42299.735;42299.735;42299.735;42299.735;42299.735;42299.735;42308.830;42308.830;42308.830;42308.830;42308.830;42314.815;42314.815;42314.815;42314.815;42314.815;42314.815;42314.815;42314.815;42314.815;42314.815;42314.815;42314.815;42314.815;42314.815;42314.815;42318.948;42318.948;42318.948;42318.948;42318.948;42321.574;42321.574;42325.761;42325.761;42326.577;42329.447;42329.447;42330.306;42330.306;42330.306;42330.306;42331.012;42331.504;42331.504;42331.504;42331.504;42331.504;42331.665;42331.953;42331.953;42332.061;42333.419;42335.445;42335.445;42337.007;42337.007;42337.007;42337.007;42337.007;42337.007;42340.148;42340.148;42340.148;42340.148;42340.148;42341.278;42341.278;42341.983;42341.983;42341.983;42341.983;42341.983;42341.983;42341.983;42341.983;42342.850;42342.850;42343.892;42344.772;42345.245;42346.028;42347.029;42347.029;42347.029;42348.091;42349.516;42349.516;42349.516;42349.516;42349.516;42349.516;42349.516;42349.516;42349.516;42349.516;42349.831;42349.831;42349.831;42349.831;42350.591;42350.591;42350.591;42351.084;42351.084;42351.084;42351.084;42351.084;42351.084;42351.084;42351.437;42351.994;42352.400;42352.536;42352.536;42352.536;42352.590;42352.699;42352.699;42352.699,6D,462.0
SSA,2,500,6,28,6030,random,6030,42373.02511383619,43892.27036810799,1519.2452542717947,True,472.3424757451095,1.6613559950001218,463.534 -187.448;-479.656 -141.175;231.498 442.741;-378.061 327.216;-78.229 -455.132;21.971 19.414,nan;nan;nan;nan;nan;nan;nan;nan;nan;nan;nan;nan;nan;nan;nan;nan;nan;nan;nan;nan;nan;nan;nan;nan;nan;nan;nan;nan;nan;nan;nan;nan;nan;nan;nan;nan;nan;nan;nan;nan;nan;nan;nan;nan;nan;nan;nan;nan;nan;nan;nan;nan;nan;nan;nan;nan;nan;nan;nan;nan;nan;nan;nan;nan;nan;nan;nan;nan;nan;nan;nan;nan;nan;nan;nan;nan;nan;nan;nan;nan;nan;nan;nan;nan;nan;nan;nan;nan;42138.982;42249.592;42249.592;42249.592;42249.647;42279.723;42281.206;42281.206;42281.206;42284.995;42284.995;42284.995;42284.995;42284.995;42284.995;42284.995;42284.995;42284.995;42304.600;42304.600;42314.648;42317.090;42319.469;42324.359;42324.359;42328.357;42328.357;42332.223;42332.223;42335.076;42337.680;42342.047;42345.452;42352.233;42353.702;42356.413;42358.281;42361.184;42361.184;42361.184;42363.399;42364.940;42366.486;42367.292;42368.457;42369.193;42369.810;42370.847;42371.133;42371.226;42371.560;42371.739;42371.739;42371.817;42371.995;42372.052;42372.075;42372.075;42372.075;42372.129;42372.392;42372.401;42372.580;42372.616;42372.710;42372.713;42372.779;42372.813;42372.838;42372.856;42372.942;42372.942;42372.942;42372.959;42372.959;42372.984;42372.984;42372.984;42372.984;42373.001;42373.001;42373.001;42373.001;42373.012;42373.012;42373.014;42373.014;42373.014;42373.014;42373.014;42373.017;42373.017;42373.017;42373.018;42373.018;42373.020;42373.021;42373.022;42373.022;42373.022;42373.023;42373.023;42373.023;42373.023;42373.024;42373.024;42373.024;42373.025;42373.025;42373.025;42373.025;42373.025;42373.025,6D,462.0
DE,2,500,6,8,6030,random,6030,42338.314722374795,43892.27036810799,1553.9556457331928,True,463.6402767424978,1.99891279700023,-473.638 65.708;-17.574 -17.770;-317.305 -372.681;164.203 -463.237;266.786 420.094;454.282 -45.628,nan;nan;nan;nan;nan;nan;nan;nan;nan;nan;nan;nan;nan;nan;nan;nan;nan;nan;nan;nan;nan;nan;nan;nan;nan;nan;nan;nan;nan;nan;nan;nan;nan;nan;nan;nan;nan;nan;nan;nan;nan;nan;nan;nan;nan;nan;nan;nan;nan;nan;nan;nan;nan;nan;nan;nan;nan;nan;nan;nan;nan;nan;nan;nan;nan;nan;nan;nan;nan;nan;nan;nan;nan;nan;nan;nan;nan;nan;nan;nan;nan;nan;nan;nan;nan;nan;nan;nan;nan;nan;nan;nan;nan;nan;nan;nan;nan;nan;nan;nan;nan;nan;nan;nan;nan;nan;nan;nan;nan;nan;nan;nan;nan;nan;nan;nan;nan;nan;nan;nan;nan;nan;nan;nan;nan;nan;nan;nan;nan;nan;nan;nan;nan;nan;nan;nan;nan;nan;nan;nan;nan;nan;nan;nan;nan;nan;nan;nan;nan;nan;nan;nan;nan;nan;nan;nan;nan;nan;nan;nan;nan;nan;nan;nan;nan;nan;nan;nan;nan;nan;nan;nan;nan;nan;nan;nan;nan;nan;nan;nan;nan;nan;nan;nan;nan;nan;nan;nan;nan;nan;nan;nan;nan;nan;nan;nan;41903.050;41903.050;42017.847;42338.315;42338.315,6D,462.0
SLSQP,2,500,6,18,6030,random,6030,42760.753697645545,43892.27036810799,1131.5166704624426,True,404.14523981364437,2.0342485520013724,463.065 -170.378;7.798 -496.681;-342.593 -164.626;-425.391 250.234;32.800 491.819;338.039 226.936,nan;41816.858;42066.027;42374.854;42387.079;42398.018;42399.314;42399.336;42399.384;42399.641;42399.761;42401.279;42402.583;42405.734;42405.734;42405.734;42405.734;42405.734;42405.734;42426.814;42438.995;42438.995;42438.995;42590.088;42635.911;42635.916;42691.322;42691.322;42691.322;42691.322;42691.322;42749.939;42751.143;42752.204;42752.940;42753.111;42753.182;42753.250;42753.341;42753.346;42753.348;42760.754;42760.754;42760.754;42760.754;42760.754;42760.754;42760.754;42760.754;42760.754;42760.754;42760.754;42760.754;42760.754;42760.754;42760.754;42760.754;42760.754;42760.754;42760.754;42760.754;42760.754;42760.754;42760.754;42760.754;42760.754;42760.754;42760.754;42760.754;42760.754;42760.754;42760.754;42760.754;42760.754;42760.754;42760.754;42760.754;42760.754;42760.754;42760.754;42760.754;42760.754;42760.754;42760.754;42760.754;42760.754;42760.754;42760.754;42760.754;42760.754;42760.754;42760.754;42760.754;42760.754;42760.754;42760.754;42760.754;42760.754;42760.754;42760.754;42760.754;42760.754;42760.754;42760.754;42760.754;42760.754;42760.754;42760.754;42760.754;42760.754;42760.754;42760.754;42760.754;42760.754;42760.754;42760.754;42760.754;42760.754;42760.754;42760.754;42760.754;42760.754;42760.754;42760.754;42760.754;42760.754;42760.754;42760.754;42760.754;42760.754;42760.754;42760.754;42760.754;42760.754;42760.754;42760.754;42760.754;42760.754;42760.754;42760.754;42760.754;42760.754;42760.754;42760.754;42760.754;42760.754;42760.754;42760.754;42760.754;42760.754;42760.754;42760.754;42760.754;42760.754;42760.754;42760.754;42760.754;42760.754;42760.754;42760.754;42760.754;42760.754;42760.754;42760.754;42760.754;42760.754;42760.754;42760.754;42760.754;42760.754;42760.754;42760.754;42760.754;42760.754;42760.754;42760.754;42760.754;42760.754;42760.754;42760.754;42760.754;42760.754;42760.754;42760.754;42760.754;42760.754;42760.754;42760.754;42760.754;42760.754;42760.754;42760.754;42760.754;42760.754;42760.754;42760.754;42760.754;42760.754;42760.754;42760.754;42760.754,5D,385.0
PSOBV,2,500,6,28,6030,random,6030,42424.066050614194,43892.27036810799,1468.2043174937935,True,412.7794759505768,1.5988773400003993,368.198 337.922;-32.121 476.562;8.924 28.422;-437.263 -240.018;-421.377 172.455;-93.387 -490.417,nan;nan;nan;nan;nan;nan;nan;nan;nan;nan;nan;nan;nan;nan;nan;nan;nan;nan;nan;nan;nan;nan;nan;nan;nan;nan;nan;nan;nan;nan;nan;nan;nan;41777.014;42115.065;42115.065;42115.065;42115.065;42115.065;42115.065;42115.065;42115.065;42115.065;42115.065;42115.065;42115.065;42115.065;42115.065;42115.065;42115.065;42118.647;42159.620;42159.620;42159.620;42159.620;42159.620;42159.620;42159.620;42159.620;42159.620;42159.620;42159.620;42159.620;42159.620;42176.227;42176.227;42176.227;42176.227;42181.510;42194.355;42194.355;42197.767;42197.767;42197.767;42200.122;42226.643;42226.643;42226.643;42227.721;42227.721;42227.721;42230.869;42241.765;42241.765;42241.765;42243.046;42248.169;42252.747;42252.747;42252.747;42252.747;42252.747;42252.747;42255.151;42255.151;42255.907;42256.056;42256.056;42303.361;42303.361;42303.361;42340.460;42340.460;42348.440;42372.162;42385.873;42389.484;42393.008;42400.168;42402.202;42403.935;42405.854;42406.107;42412.732;42412.944;42416.213;42417.794;42419.200;42419.200;42419.299;42420.924;42421.619;42421.619;42423.285;42423.285;42423.599;42423.599;42423.640;42423.664;42423.664;42423.664;42423.664;42423.664;42423.664;42423.664;42423.664;42423.664;42423.664;42423.664;42423.664;42423.664;42423.664;42423.664;42423.664;42423.664;42423.664;42423.664;42423.664;42423.664;42423.664;42423.664;42423.664;42423.664;42423.664;42423.664;42423.664;42423.826;42424.066;42424.066;42424.066;42424.066;42424.066;42424.066;42424.066;42424.066;42424.066;42424.066;42424.066;42424.066;42424.066;42424.066;42424.066;42424.066;42424.066;42424.066;42424.066;42424.066;42424.066;42424.066;42424.066;42424.066;42424.066;42424.066;42424.066;42424.066;42424.066;42424.066;42424.066;42424.066;42424.066;42424.066;42424.066;42424.066;42424.066;42424.066;42424.066;42424.066;42424.066;42424.066;42424.066;42424.066,5D,385.0
RSDVNS,2,500,6,8,6030,random,6030,42554.22855463648,43892.27036810799,1338.0418134715073,True,398.08087910067894,1.6994480920002388,409.469 -286.261;-206.750 -455.136;259.842 427.096;76.180 73.915;-498.228 -34.596;-209.574 451.676,nan;nan;nan;nan;nan;nan;nan;nan;nan;nan;nan;nan;nan;nan;nan;nan;nan;nan;nan;nan;nan;nan;nan;nan;nan;nan;nan;nan;nan;nan;nan;nan;nan;nan;nan;nan;nan;nan;nan;nan;nan;nan;nan;nan;nan;nan;nan;nan;nan;nan;nan;nan;nan;nan;nan;nan;nan;nan;nan;nan;nan;nan;nan;nan;nan;nan;nan;nan;nan;nan;nan;nan;nan;nan;nan;nan;nan;nan;nan;nan;nan;nan;nan;nan;nan;nan;nan;nan;nan;nan;nan;nan;nan;nan;nan;nan;nan;nan;nan;nan;nan;nan;nan;nan;41958.719;42135.246;42218.156;42252.385;42254.630;42376.202;42387.058;42397.749;42406.305;42414.615;42414.615;42424.357;42424.357;42453.287;42454.219;42456.147;42457.329;42460.126;42461.212;42462.382;42462.382;42463.546;42463.630;42464.706;42465.862;42465.944;42467.012;42467.093;42467.093;42468.157;42468.580;42468.810;42469.295;42469.956;42469.981;42470.640;42470.689;42470.689;42470.689;42470.689;42470.689;42470.689;42470.689;42470.689;42470.689;42470.689;42470.689;42470.689;42470.689;42470.689;42470.689;42536.970;42539.422;42541.806;42542.827;42544.012;42544.012;42544.621;42544.945;42545.535;42545.765;42545.864;42545.864;42545.864;42545.864;42545.864;42545.864;42545.864;42545.864;42545.864;42545.864;42545.864;42545.864;42545.864;42545.864;42545.864;42545.864;42545.864;42545.864;42545.864;42547.409;42547.409;42549.781;42550.355;42550.666;42550.666;42552.585;42552.764;42552.764;42553.384;42553.628;42554.229;42554.229;42554.229;42554.229;42554.229;42554.229,5D,385.0
BVNS,2,500,6,18,6030,random,6030,42693.13734533614,43892.27036810799,1199.13302277185,True,385.85222917927985,1.5258464039998216,435.886 -243.755;-102.182 -489.366;-240.882 -129.305;-386.357 314.636;27.930 478.549;313.166 129.353,nan;nan;nan;nan;nan;nan;nan;nan;nan;nan;nan;nan;nan;41982.367;42029.065;42263.534;42291.065;42483.629;42503.234;42521.572;42523.441;42531.215;42531.990;42531.990;42540.088;42545.530;42675.892;42678.280;42680.974;42684.385;42686.254;42687.405;42688.756;42690.910;42691.162;42692.385;42692.952;42693.076;42693.137;42693.137;42693.137;42693.137;42693.137;42693.137;42693.137;42693.137;42693.137;42693.137;42693.137;42693.137;42693.137;42693.137;42693.137;42693.137;42693.137;42693.137;42693.137;42693.137;42693.137;42693.137;42693.137;42693.137;42693.137;42693.137;42693.137;42693.137;42693.137;42693.137;42693.137;42693.137;42693.137;42693.137;42693.137;42693.137;42693.137;42693.137;42693.137;42693.137;42693.137;42693.137;42693.137;42693.137;42693.137;42693.137;42693.137;42693.137;42693.137;42693.137;42693.137;42693.137;42693.137;42693.137;42693.137;42693.137;42693.137;42693.137;42693.137;42693.137;42693.137;42693.137;42693.137;42693.137;42693.137;42693.137;42693.137;42693.137;42693.137;42693.137;42693.137;42693.137;42693.137;42693.137;42693.137;42693.137;42693.137;42693.137;42693.137;42693.137;42693.137;42693.137;42693.137;42693.137;42693.137;42693.137;42693.137;42693.137;42693.137;42693.137;42693.137;42693.137;42693.137;42693.137;42693.137;42693.137;42693.137;42693.137;42693.137;42693.137;42693.137;42693.137;42693.137;42693.137;42693.137;42693.137;42693.137;42693.137;42693.137;42693.137;42693.137;42693.137;42693.137;42693.137;42693.137;42693.137;42693.137;42693.137;42693.137;42693.137;42693.137;42693.137;42693.137;42693.137;42693.137;42693.137;42693.137;42693.137;42693.137;42693.137;42693.137;42693.137;42693.137;42693.137;42693.137;42693.137;42693.137;42693.137;42693.137;42693.137;42693.137;42693.137;42693.137;42693.137;42693.137;42693.137;42693.137;42693.137;42693.137;42693.137;42693.137;42693.137;42693.137;42693.137;42693.137;42693.137;42693.137;42693.137;42693.137;42693.137;42693.137;42693.137;42693.137,5D,385.0
PSOC,2,500,6,28,6030,random,6030,42463.636177101056,43892.27036810799,1428.6341910069314,True,407.69275738675316,1.6660085479998088,357.241 346.914;-36.766 495.786;0.233 -31.829;-435.908 -186.414;-395.150 260.340;-80.193 -431.511,nan;nan;nan;nan;nan;nan;nan;nan;nan;nan;nan;nan;nan;nan;nan;nan;nan;nan;nan;nan;nan;nan;nan;nan;nan;nan;nan;nan;nan;nan;nan;nan;nan;41777.014;42115.065;42115.065;42115.065;42115.065;42115.065;42115.065;42115.065;42115.065;42115.065;42115.065;42115.065;42115.065;42115.065;42115.065;42115.065;42115.065;42118.647;42159.620;42159.620;42159.620;42159.620;42159.620;42159.620;42159.620;42159.620;42159.620;42159.620;42159.620;42159.620;42159.620;42176.227;42176.227;42176.227;42176.227;42181.510;42194.355;42194.355;42197.767;42197.767;42197.767;42200.122;42226.643;42226.643;42226.643;42227.721;42227.721;42227.721;42230.869;42241.765;42241.765;42241.765;42243.046;42248.169;42252.747;42252.747;42252.747;42252.747;42252.747;42252.747;42255.151;42255.151;42255.907;42256.056;42256.056;42303.361;42303.361;42303.361;42303.361;42303.361;42317.157;42317.157;42317.157;42317.157;42317.157;42317.157;42317.157;42344.029;42344.029;42344.029;42344.029;42344.029;42344.029;42344.029;42346.348;42347.387;42347.387;42347.387;42347.901;42347.901;42348.431;42356.769;42357.261;42357.261;42359.253;42364.523;42372.039;42372.039;42377.963;42377.963;42377.963;42377.963;42377.963;42377.963;42377.963;42378.521;42378.521;42385.942;42385.942;42385.942;42385.942;42385.942;42385.942;42385.942;42385.942;42385.942;42385.942;42385.942;42387.174;42387.174;42387.174;42387.174;42387.174;42387.174;42397.399;42397.399;42398.230;42398.230;42398.230;42398.230;42398.230;42398.230;42398.230;42398.230;42398.230;42399.149;42400.742;42400.742;42400.742;42400.742;42400.742;42401.176;42404.600;42404.600;42404.734;42404.734;42404.734;42404.734;42404.734;42404.734;42404.734;42404.734;42404.734;42404.734;42404.734;42404.734;42405.680;42444.500;42444.500;42444.500;42455.249;42455.249;42455.249;42455.249;42455.249;42463.636;42463.636;42463.636,5D,385.0
LXSSA,2,500,6,8,6030,random,6030,42392.48399059748,43892.27036810799,1499.786377510507,True,427.72013836994097,1.6001131979992351,-197.840 -456.941;-73.431 448.659;-455.186 -108.512;22.992 31.950;413.876 280.515;291.114 -389.410,nan;nan;nan;nan;nan;nan;nan;nan;nan;nan;nan;nan;nan;nan;nan;nan;nan;nan;nan;nan;nan;nan;nan;41540.919;41540.919;41540.919;41540.919;41540.919;41540.919;41540.919;41540.919;41540.919;41540.919;42079.545;42079.545;42079.545;42079.545;42079.545;42079.545;42079.545;42079.545;42079.545;42079.545;42079.545;42079.545;42079.545;42079.545;42079.545;42079.545;42079.545;42079.545;42079.545;42079.545;42079.545;42079.545;42228.467;42228.467;42228.467;42228.467;42228.467;42228.467;42228.467;42228.467;42228.467;42228.467;42228.467;42228.467;42276.894;42276.894;42276.894;42276.894;42281.672;42281.672;42281.672;42281.672;42281.672;42281.672;42293.883;42293.883;42293.883;42293.883;42293.883;42293.883;42293.883;42293.883;42293.883;42293.883;42295.338;42295.338;42295.338;42295.338;42301.755;42301.755;42301.755;42301.755;42301.755;42301.755;42301.755;42305.369;42307.081;42307.081;42308.512;42308.512;42308.512;42322.218;42327.114;42329.128;42329.745;42332.990;42340.087;42340.087;42348.585;42354.433;42354.979;42354.979;42354.979;42354.979;42359.468;42359.468;42359.468;42359.816;42359.816;42364.355;42365.289;42365.980;42365.980;42368.277;42371.944;42371.944;42379.628;42379.628;42379.628;42380.128;42380.128;42380.128;42380.254;42380.903;42380.968;42381.215;42381.728;42381.728;42383.860;42383.860;42385.361;42385.361;42385.361;42385.361;42385.364;42385.448;42385.541;42385.627;42385.627;42385.748;42385.821;42385.831;42385.939;42385.939;42386.282;42386.282;42386.681;42386.681;42387.194;42387.194;42387.589;42387.589;42388.536;42388.536;42391.557;42391.557;42391.557;42391.570;42391.570;42391.585;42391.585;42391.594;42391.594;42391.605;42391.621;42391.621;42391.621;42391.626;42391.662;42391.662;42392.040;42392.040;42392.040;42392.041;42392.259;42392.259;42392.259;42392.260;42392.260;42392.261;42392.349;42392.349;42392.410;42392.410;42392.453;42392.453;42392.484;42392.484,5D,385.0
DE,2,500,6,18,6030,random,6030,42834.668822312124,43892.27036810799,1057.6015457958638,True,420.7323689402861,1.8399063299984846,439.130 -236.887;5.696 -461.672;-421.564 -232.807;-230.235 154.271;21.178 491.624;418.646 241.715,nan;nan;nan;nan;nan;nan;nan;nan;nan;nan;nan;nan;nan;nan;nan;nan;nan;nan;nan;nan;nan;nan;nan;nan;nan;nan;nan;nan;nan;nan;nan;nan;nan;nan;nan;nan;nan;nan;nan;nan;nan;nan;nan;nan;nan;nan;nan;nan;nan;nan;nan;nan;nan;nan;nan;nan;nan;nan;nan;nan;nan;nan;nan;nan;nan;nan;nan;nan;nan;nan;nan;nan;nan;nan;nan;nan;nan;nan;nan;nan;nan;nan;nan;nan;nan;nan;nan;nan;nan;nan;nan;nan;nan;nan;nan;nan;nan;nan;nan;nan;nan;nan;nan;nan;nan;nan;nan;nan;nan;nan;nan;nan;nan;nan;nan;nan;nan;nan;nan;nan;nan;nan;nan;41476.435;41476.435;42148.374;42148.374;42148.374;42148.374;42148.374;42148.374;42148.374;42148.374;42148.374;42148.374;42148.374;42148.374;42148.374;42148.374;42484.947;42484.947;42484.947;42484.947;42484.947;42484.947;42484.947;42484.947;42484.947;42484.947;42484.947;42484.947;42484.947;42484.947;42484.947;42484.947;42484.947;42484.947;42484.947;42484.947;42484.947;42712.318;42712.318;42712.318;42712.318;42712.318;42712.318;42712.318;42712.318;42712.318;42712.318;42712.318;42712.318;42712.318;42712.318;42712.318;42712.318;42712.318;42712.318;42712.318;42712.318;42712.318;42712.318;42712.318;42712.318;42712.318;42712.318;42781.435;42781.435;42781.435;42781.435;42781.435;42781.435;42781.435;42781.435;42781.435;42781.435;42781.435;42834.669;42834.669;42834.669;42834.669,5D,385.0
