Algorithm,Dataset,Radius,Turbines,Seed,Budget,Init,Calls,Objective,Ideal,WakeLoss,Feasible,MinSpacing,Seconds,Coordinates,Curve,Spacing,SMin
SLSQP,1,1000,15,1,6030,random,6030,205233.94303426656,210686.06054602243,5452.117511755874,True,462.2228097781529,5.653215930000442,185.703 574.806;-220.253 970.950;104.111 -606.732;822.542 -568.697;-817.800 567.822;-473.571 -645.153;-69.696 -111.248;395.955 51.389;-892.264 -448.824;897.196 440.254;478.924 -877.851;990.647 -136.450;597.015 791.970;-503.967 93.778;-161.794 -986.669,nan;nan;nan;nan;nan;nan;nan;nan;nan;nan;202226.773;202237.337;202237.337;202237.337;203204.532;203212.672;203212.672;203212.883;203213.267;203213.528;203213.528;203213.788;203214.057;203214.405;203214.405;203214.405;203214.405;203214.405;203214.405;203214.405;203214.405;203214.405;203214.405;203214.405;203214.405;203214.405;203214.405;203892.821;203892.821;203892.821;203892.821;203892.821;203892.821;203892.821;203892.821;203892.821;203892.821;203892.821;203892.821;203892.821;203892.821;203892.821;203892.821;203892.821;203892.821;203892.821;203892.821;203892.821;203892.821;203892.821;203892.821;203892.821;203892.821;203892.821;203892.821;203892.821;203892.821;203892.821;203892.821;203892.821;203892.821;203994.225;203994.225;203994.225;203994.225;203994.225;204191.514;204191.514;204191.514;204191.514;204191.514;204191.514;204191.514;204191.514;204191.514;204191.514;204191.514;204191.514;204191.514;204191.514;204191.514;204191.514;204191.514;204191.514;204191.514;204191.514;204191.514;204191.514;204191.514;204191.514;204191.514;204191.514;204191.514;204191.514;204191.514;204191.514;204191.514;204191.514;204191.514;204191.514;204191.514;204191.514;204191.514;204191.514;204191.514;204191.514;204191.514;204191.514;204191.514;204191.514;204191.514;204191.514;204191.514;204191.514;204191.514;204191.514;204191.514;204191.514;204191.514;204191.514;204191.514;204191.514;204191.514;204191.514;204191.514;204191.514;204191.514;204191.514;204191.514;204191.514;204191.514;204191.514;204191.514;204191.514;204191.514;204191.514;204191.514;204191.514;204191.514;204191.514;204191.514;204191.514;204191.514;204191.514;204191.514;204191.514;204191.514;204191.514;204191.514;204191.514;204191.514;204191.514;204191.514;204191.514;204191.514;204191.514;204191.514;204191.514;204191.514;204191.514;204191.514;204191.514;204191.514;204191.514;204191.514;204191.514;204191.514;204191.514;204191.514;204191.514;204191.514;204191.514;204191.514;204191.514;204191.514;204191.514;204191.514;204191.514;204191.514;204191.514;204191.514;204191.514;205233.808;205233.808;205233.808;205233.808;205233.906;205233.906;205233.906;205233.906;205233.943,6D,462.0
PSOBV,1,1000,15,11,6030,random,6030,203979.47129940393,210686.06054602243,6706.589246618503,True,462.2854270889752,4.45981561500048,446.852 288.060;-733.169 215.084;986.550 -93.764;-405.577 907.926;617.718 -749.232;-384.222 -159.777;73.926 988.274;153.809 -492.286;-45.699 -909.305;-842.493 -242.611;765.168 624.101;72.381 11.956;523.308 -177.210;-149.426 505.186;-502.583 -697.759,nan;nan;nan;nan;nan;nan;nan;nan;nan;nan;nan;nan;nan;nan;nan;nan;nan;nan;nan;nan;nan;nan;nan;nan;nan;nan;nan;nan;nan;nan;nan;nan;nan;nan;nan;nan;nan;nan;nan;nan;nan;nan;nan;nan;nan;nan;nan;nan;nan;nan;nan;nan;nan;nan;nan;nan;nan;nan;nan;nan;nan;nan;nan;nan;nan;nan;nan;nan;nan;nan;nan;nan;nan;nan;nan;nan;nan;nan;nan;nan;nan;nan;nan;nan;nan;nan;nan;nan;nan;nan;nan;nan;nan;nan;nan;nan;nan;nan;nan;nan;nan;nan;nan;nan;nan;nan;nan;nan;nan;nan;nan;nan;nan;nan;nan;nan;nan;nan;nan;nan;nan;nan;nan;nan;nan;nan;nan;nan;nan;nan;nan;nan;nan;nan;nan;nan;nan;nan;nan;nan;nan;nan;nan;202418.138;202418.138;202983.604;202983.604;203116.585;203151.660;203197.788;203197.788;203230.536;203230.836;203263.406;203263.406;203312.860;203312.860;203371.905;203371.905;203382.810;203384.095;203394.986;203422.591;203433.481;203433.481;203444.100;203444.100;203733.460;203733.460;203744.634;203744.634;203751.333;203754.228;203760.981;203760.981;203767.584;203767.584;203774.042;203774.042;203787.814;203787.814;203793.688;203793.688;203818.108;203818.108;203818.216;203829.924;203830.034;203841.435;203870.863;203870.863;203879.925;203879.925;203904.318;203904.318;203904.416;203923.451;203923.551;203966.527;203979.471;203979.471,6D,462.0
SSABV,1,1000,15,21,6030,random,6030,205565.6376789134,210686.06054602243,5120.422867109039,True,462.6473869793743,3.511882780999258,679.607 -198.951;-46.266 -935.848;654.098 -748.320;370.017 420.125;-252.478 61.092;-726.241 33.668;22.616 -438.201;-375.470 918.838;-106.727 535.330;230.897 893.997;868.023 381.226;-907.035 -413.226;-764.740 635.841;-446.939 -363.206;231.313 -25.298,nan;nan;nan;nan;nan;nan;nan;nan;nan;nan;nan;nan;nan;nan;nan;nan;nan;nan;nan;nan;nan;nan;nan;nan;nan;nan;nan;nan;nan;nan;nan;nan;nan;nan;nan;nan;nan;nan;nan;nan;nan;nan;nan;nan;nan;nan;nan;nan;nan;nan;nan;nan;nan;nan;nan;nan;nan;nan;nan;nan;nan;nan;nan;nan;nan;nan;nan;nan;nan;nan;nan;nan;nan;nan;nan;nan;nan;nan;nan;nan;nan;nan;nan;nan;nan;nan;nan;nan;nan;nan;nan;nan;nan;nan;nan;nan;nan;nan;nan;nan;nan;nan;nan;nan;nan;nan;nan;nan;nan;nan;nan;nan;nan;nan;nan;nan;nan;nan;nan;nan;nan;nan;nan;nan;nan;nan;nan;nan;nan;nan;nan;nan;nan;nan;nan;nan;nan;nan;nan;nan;nan;nan;nan;nan;nan;nan;nan;nan;nan;nan;nan;nan;nan;nan;204113.338;204163.471;204592.708;204622.547;205178.107;205207.945;205212.151;205240.728;205244.827;205272.212;205272.212;205297.465;205297.465;205321.858;205321.858;205341.867;205341.867;205352.016;205359.531;205374.472;205375.377;205390.319;205390.319;205415.422;205415.422;205424.376;205427.167;205436.123;205437.295;205446.251;205446.251;205454.734;205454.734;205462.708;205462.708;205486.777;205486.777;205523.365;205523.365;205545.446;205545.446;205549.625;205553.414;205557.570;205557.570;205565.638;205565.638,6D,462.0
BVNS,1,1000,15,1,6030,random,6030,206151.30255295013,210686.06054602243,4534.7579930723,True,462.77082356556394,3.340542590000041,-972.465 -166.552;876.964 -338.944;659.489 -750.527;-266.094 -460.805;758.542 498.615;301.995 -443.208;159.720 -920.405;-0.702 -56.156;-314.384 -934.690;288.293 514.633;452.177 46.626;-710.119 -676.106;3.350 925.665;-532.093 -24.322;-192.135 369.578,nan;nan;nan;nan;nan;nan;nan;nan;nan;nan;nan;nan;nan;nan;nan;nan;nan;nan;nan;nan;nan;nan;nan;nan;nan;nan;nan;nan;nan;nan;nan;nan;nan;nan;nan;nan;nan;nan;nan;nan;nan;nan;nan;nan;nan;nan;nan;nan;nan;nan;nan;nan;nan;nan;nan;nan;nan;nan;nan;nan;nan;nan;nan;nan;nan;nan;nan;nan;nan;nan;nan;nan;nan;nan;nan;nan;nan;nan;nan;nan;nan;nan;nan;nan;nan;nan;nan;nan;nan;nan;nan;nan;nan;nan;nan;nan;nan;nan;nan;nan;nan;nan;nan;nan;nan;nan;nan;nan;nan;nan;nan;nan;nan;nan;nan;nan;nan;nan;nan;nan;nan;nan;nan;nan;nan;nan;nan;nan;nan;nan;nan;nan;nan;nan;nan;nan;nan;nan;nan;nan;nan;nan;nan;nan;nan;nan;nan;nan;nan;nan;nan;nan;nan;nan;nan;nan;nan;nan;nan;nan;nan;nan;nan;nan;nan;nan;204476.863;204562.563;204562.563;204590.001;204590.001;204629.116;204629.116;204648.923;204648.923;204685.037;204694.956;204712.405;205033.325;205088.951;205088.951;205103.254;205103.254;205114.625;205134.704;205141.522;205166.777;205179.088;205179.369;205191.680;205262.534;205692.598;205692.598;206078.841;206078.841;206104.147;206104.147;206114.902;206114.902;206125.679;206151.303,6D,462.0
PSOC,1,1000,15,11,6030,random,6030,204540.44777732407,210686.06054602243,6145.612768698367,True,464.48004582381174,3.2158907729999555,407.826 346.621;-664.001 244.374;938.840 -298.868;-491.143 861.121;680.985 -713.948;-373.021 -161.894;245.838 844.460;173.014 -438.757;-65.328 -975.724;-864.687 -225.455;775.498 630.451;61.642 35.858;513.825 -110.989;-78.286 485.961;-586.451 -618.438,nan;nan;nan;nan;nan;nan;nan;nan;nan;nan;nan;nan;nan;nan;nan;nan;nan;nan;nan;nan;nan;nan;nan;nan;nan;nan;nan;nan;nan;nan;nan;nan;nan;nan;nan;nan;nan;nan;nan;nan;nan;nan;nan;nan;nan;nan;nan;nan;nan;nan;nan;nan;nan;nan;nan;nan;nan;nan;nan;nan;nan;nan;nan;nan;nan;nan;nan;nan;nan;nan;nan;nan;nan;nan;nan;nan;nan;nan;nan;nan;nan;nan;nan;nan;nan;nan;nan;nan;nan;nan;nan;nan;nan;nan;nan;nan;nan;nan;nan;nan;nan;nan;nan;nan;nan;nan;nan;nan;nan;nan;nan;nan;nan;nan;nan;nan;nan;nan;nan;nan;nan;nan;nan;nan;nan;nan;nan;nan;nan;nan;nan;nan;nan;nan;nan;nan;nan;nan;nan;nan;nan;nan;nan;nan;nan;nan;nan;nan;nan;nan;nan;nan;nan;nan;nan;nan;nan;nan;nan;nan;nan;nan;nan;nan;nan;203283.787;203294.788;203294.788;203294.788;203315.069;203383.781;203383.781;203383.781;203399.729;203399.729;203400.640;203464.374;203464.374;204364.850;204364.850;204455.428;204455.428;204455.894;204459.038;204459.038;204469.794;204469.794;204473.671;204497.001;204497.001;204497.001;204497.001;204497.001;204497.001;204497.001;204497.001;204502.658;204540.448;204540.448;204540.448;204540.448,6D,462.0
SSA,1,1000,15,21,6030,random,6030,200860.20146948786,210686.06054602243,9825.859076534573,True,462.16542097379624,2.9807741119993807,-661.721 -670.020;384.394 -159.491;878.586 -375.876;483.568 -616.614;189.596 -973.436;-403.118 311.355;-43.684 17.722;709.398 658.337;264.586 902.493;-188.912 801.547;704.060 179.081;-760.822 17.928;208.931 404.787;-271.017 -917.327;-343.991 -333.578,nan;nan;nan;nan;nan;nan;nan;nan;nan;nan;nan;nan;nan;nan;nan;nan;nan;nan;nan;nan;nan;nan;nan;nan;nan;nan;nan;nan;nan;nan;nan;nan;nan;nan;nan;nan;nan;nan;nan;nan;nan;nan;nan;nan;nan;nan;nan;nan;nan;nan;nan;nan;nan;nan;nan;nan;nan;nan;nan;nan;nan;nan;nan;nan;nan;nan;nan;nan;nan;nan;nan;nan;nan;nan;nan;nan;nan;nan;nan;nan;nan;nan;nan;nan;nan;nan;nan;nan;nan;nan;nan;nan;nan;nan;nan;nan;nan;nan;nan;nan;nan;nan;nan;nan;nan;nan;nan;nan;nan;nan;nan;nan;nan;nan;nan;nan;nan;nan;nan;nan;nan;nan;nan;nan;nan;nan;nan;nan;nan;nan;nan;nan;nan;nan;nan;nan;nan;200786.661;200786.661;200786.661;200840.605;200840.605;200840.605;200840.605;200842.657;200844.071;200844.071;200844.071;200845.248;200845.248;200846.779;200848.361;200849.594;200850.553;200851.704;200852.960;200853.753;200854.449;200854.988;200855.676;200856.362;200856.680;200857.114;200857.543;200857.884;200858.084;200858.439;200858.530;200858.762;200859.002;200859.145;200859.231;200859.374;200859.499;200859.571;200859.644;200859.757;200859.822;200859.918;200859.985;200860.027;200860.042;200860.060;200860.082;200860.099;200860.109;200860.121;200860.129;200860.142;200860.151;200860.165;200860.171;200860.176;200860.181;200860.185;200860.188;200860.191;200860.195;200860.198;200860.200;200860.201,6D,462.0
DE,1,1000,15,1,6030,random,6030,201879.3600760288,210686.06054602243,8806.700469993637,False,202.69907719147062,4.540448581999954,58.353 608.505;366.689 -418.963;855.206 -480.883;-59.812 -942.883;-775.473 -391.790;-464.517 -78.640;-216.525 -105.224;435.855 -45.804;-504.878 -686.795;76.959 237.307;879.187 323.268;-304.211 -392.636;214.557 737.685;-585.468 261.614;-825.893 143.504,nan;nan;nan;nan;nan;nan;nan;nan;nan;nan;nan;nan;nan;nan;nan;nan;nan;nan;nan;nan;nan;nan;nan;nan;nan;nan;nan;nan;nan;nan;nan;nan;nan;nan;nan;nan;nan;nan;nan;nan;nan;nan;nan;nan;nan;nan;nan;nan;nan;nan;nan;nan;nan;nan;nan;nan;nan;nan;nan;nan;nan;nan;nan;nan;nan;nan;nan;nan;nan;nan;nan;nan;nan;nan;nan;nan;nan;nan;nan;nan;nan;nan;nan;nan;nan;nan;nan;nan;nan;nan;nan;nan;nan;nan;nan;nan;nan;nan;nan;nan;nan;nan;nan;nan;nan;nan;nan;nan;nan;nan;nan;nan;nan;nan;nan;nan;nan;nan;nan;nan;nan;nan;nan;nan;nan;nan;nan;nan;nan;nan;nan;nan;nan;nan;nan;nan;nan;nan;nan;nan;nan;nan;nan;nan;nan;nan;nan;nan;nan;nan;nan;nan;nan;nan;nan;nan;nan;nan;nan;nan;nan;nan;nan;nan;nan;nan;nan;nan;nan;nan;nan;nan;nan;nan;nan;nan;nan;nan;nan;nan;nan;nan;nan;nan;nan;nan;nan;nan;nan;nan;nan;nan;nan;nan;nan;nan;nan;nan;nan;nan;nan,6D,462.0
SLSQP,1,1000,15,11,6030,random,6030,203571.901433697,210686.06054602243,7114.159112325433,True,385.57798761062816,5.703831269999682,401.341 353.628;-533.761 845.346;93.474 -155.019;-74.253 192.167;563.047 -0.056;-335.124 -522.327;712.748 -487.526;13.920 -999.807;-366.125 -930.227;-211.934 598.195;964.311 263.788;-606.646 351.665;346.633 848.809;-80.876 996.656;139.059 -630.218,nan;nan;nan;nan;200959.068;201005.552;201005.552;201005.552;201005.552;201028.644;201237.302;201237.302;201237.302;201532.130;201532.130;201532.130;201532.130;201532.130;201769.354;201770.300;201819.039;201819.239;201819.239;201825.525;201825.525;201825.525;201825.525;201825.525;201825.525;201825.525;201825.525;201849.429;201854.352;201854.352;201854.352;201854.352;201854.352;201854.352;201854.352;201854.352;202100.669;202100.669;202100.669;203223.043;203223.043;203223.043;203223.043;203223.043;203223.043;203223.043;203223.043;203223.043;203223.043;203223.043;203223.043;203223.043;203223.043;203223.043;203223.043;203223.043;203223.043;203223.043;203223.043;203223.043;203223.043;203223.043;203223.043;203223.043;203223.043;203223.043;203223.043;203223.043;203223.043;203223.043;203223.043;203223.043;203223.043;203223.043;203223.043;203223.043;203223.043;203223.043;203223.043;203223.043;203223.043;203223.043;203223.043;203223.043;203223.043;203223.043;203223.043;203223.043;203223.043;203223.043;203223.043;203223.043;203223.043;203223.043;203223.043;203223.043;203223.043;203223.043;203223.043;203223.043;203223.043;203223.043;203223.043;203223.043;203223.043;203223.043;203223.043;203223.043;203223.043;203223.043;203223.043;203223.043;203223.043;203223.043;203223.043;203223.043;203223.043;203223.043;203223.043;203223.043;203223.043;203223.043;203223.043;203223.043;203223.043;203223.043;203223.043;203223.043;203223.043;203223.043;203223.043;203223.043;203223.043;203223.043;203223.043;203223.043;203223.043;203223.043;203223.043;203223.043;203223.043;203223.043;203223.043;203223.043;203223.043;203223.043;203223.043;203223.043;203223.043;203223.043;203223.043;203223.043;203223.043;203223.043;203223.043;203223.043;203223.043;203223.043;203223.043;203223.043;203223.043;203223.043;203223.043;203223.043;203223.043;203223.043;203223.043;203223.043;203223.043;203562.185;203562.685;203562.685;203562.708;203562.748;203562.788;203562.829;203562.871;203562.913;203562.913;203568.163;203568.371;203568.374;203568.379;203568.379;203568.386;203568.400;203568.415;203568.415;203568.442;203568.456;203568.456;203569.907;203569.907;203569.907;203571.901;203571.901;203571.901,5D,385.0
PSOBV,1,1000,15,21,6030,random,6030,206941.7574184813,210686.06054602243,3744.3031275411195,True,387.5585556435536,3.4536239200006094,-386.144 -921.433;180.664 -983.357;890.170 424.140;872.735 -8.361;6.921 -374.657;-242.380 -67.638;396.068 568.426;407.970 -414.871;839.041 -513.963;-340.400 937.228;-0.362 494.428;-683.903 20.075;-900.797 -433.336;233.733 -19.377;581.985 -804.004,nan;nan;nan;nan;nan;nan;nan;nan;nan;nan;nan;nan;nan;nan;nan;nan;nan;nan;nan;nan;nan;nan;nan;nan;nan;nan;nan;nan;nan;nan;nan;nan;nan;nan;nan;nan;nan;nan;nan;nan;nan;nan;nan;nan;nan;nan;nan;nan;nan;nan;nan;nan;nan;nan;nan;nan;nan;nan;nan;nan;nan;nan;nan;nan;nan;nan;nan;nan;nan;nan;nan;nan;nan;nan;nan;nan;nan;nan;nan;nan;nan;nan;nan;nan;nan;nan;201149.493;201149.493;201149.493;201866.400;201866.400;201866.400;201866.400;201866.400;201866.400;201866.400;201866.400;201866.400;201866.400;201866.400;201866.400;203350.270;203350.270;203691.699;204643.384;204690.530;204993.000;205040.711;205114.171;205161.776;205228.023;205275.630;205286.666;205341.804;205341.804;205390.054;205390.054;205411.206;205422.086;205542.623;205542.623;205576.038;205576.038;205580.906;205606.369;205611.087;205640.113;205645.292;205669.167;205688.344;205688.344;205759.468;205759.468;205760.171;205779.581;205780.255;205797.359;205806.509;205806.509;205833.034;205846.463;205872.988;205872.988;205887.846;205888.296;205903.190;205903.190;205945.709;205945.709;205952.400;205952.400;205952.400;205952.400;206793.960;206793.960;206820.430;206828.495;206839.854;206839.854;206849.173;206849.173;206849.173;206853.577;206853.577;206853.577;206869.236;206869.236;206879.818;206879.818;206887.855;206887.855;206891.710;206892.614;206896.469;206896.469;206898.169;206898.503;206900.202;206900.202;206901.618;206901.618;206901.618;206902.949;206902.949;206904.211;206904.211;206916.329;206916.329;206917.075;206917.075;206917.075;206920.660;206921.234;206924.815;206924.828;206928.388;206930.663;206934.222;206934.222;206941.757;206941.757,5D,385.0
RSDVNS,1,1000,15,1,6030,random,6030,207350.0068204856,210686.06054602243,3336.0537255368254,True,386.3838360719313,2.9398927219999678,-895.651 436.192;-194.281 -593.696;-373.800 921.388;820.644 456.167;-17.266 -190.594;146.747 845.421;-799.883 -355.627;-431.690 -114.261;-538.772 -829.379;-210.693 470.262;397.249 -912.929;742.434 -668.190;942.775 76.302;367.722 503.563;129.234 166.940,nan;nan;nan;nan;nan;nan;nan;nan;nan;nan;nan;nan;nan;nan;nan;nan;nan;nan;nan;nan;nan;nan;nan;nan;nan;nan;nan;nan;nan;nan;nan;nan;nan;nan;nan;nan;nan;nan;nan;nan;nan;nan;nan;nan;nan;nan;nan;nan;nan;nan;nan;nan;nan;nan;nan;nan;nan;nan;nan;nan;nan;nan;nan;nan;nan;nan;nan;nan;nan;nan;nan;nan;nan;nan;nan;nan;nan;nan;nan;nan;nan;nan;nan;nan;nan;nan;nan;nan;nan;nan;nan;nan;nan;nan;nan;nan;nan;nan;nan;nan;nan;nan;nan;nan;nan;nan;nan;nan;nan;nan;nan;nan;nan;nan;nan;nan;nan;nan;nan;nan;nan;nan;nan;nan;nan;nan;nan;nan;nan;203194.357;203354.726;204533.454;204584.035;205426.974;205484.079;205892.089;205949.376;205999.433;206056.735;206069.891;206127.224;206127.224;206177.560;206183.191;206234.443;206237.378;206288.629;206288.629;206331.413;206331.413;206540.366;206540.366;206548.556;206560.757;206575.710;206588.304;206623.489;206623.489;206630.718;206651.190;206651.190;206656.541;206688.648;206694.059;206717.664;206723.068;206723.469;206728.914;206728.914;206850.521;206850.521;206855.612;206855.612;206855.612;206859.317;206859.317;206861.376;206861.376;206867.579;206874.197;206882.458;206882.458;206916.370;206916.370;206916.370;206933.119;206933.119;206956.432;206956.432;206958.233;206958.233;206958.233;206972.128;206972.128;207314.622;207314.622;207344.308;207344.308;207349.053;207349.053;207350.007,5D,385.0
BVNS,1,1000,15,11,6030,random,6030,207714.07810022196,210686.06054602243,2971.982445800473,True,393.47250695460946,2.76193308800066,446.113 392.132;-601.464 685.264;-156.834 -374.082;-374.760 61.579;267.385 26.117;-576.126 -538.993;677.377 -520.671;26.441 -929.671;-385.542 -903.610;-162.573 468.602;897.937 325.450;-861.393 313.418;266.496 951.304;-132.612 978.493;231.007 -440.411,nan;nan;nan;nan;nan;nan;nan;nan;nan;nan;nan;nan;nan;nan;nan;nan;nan;nan;nan;nan;nan;nan;nan;nan;nan;nan;nan;nan;nan;nan;nan;nan;nan;nan;nan;nan;nan;nan;nan;nan;nan;nan;nan;nan;nan;nan;nan;nan;nan;nan;nan;nan;nan;nan;nan;nan;nan;nan;nan;nan;nan;nan;nan;nan;nan;nan;nan;nan;nan;nan;nan;nan;nan;nan;nan;nan;nan;nan;nan;nan;nan;nan;nan;nan;nan;nan;nan;nan;nan;199660.242;200453.734;201999.452;201999.452;202903.171;202903.171;202958.307;203084.179;203136.498;203286.723;203491.654;203572.934;203615.604;203745.320;203784.735;203820.907;203867.003;203879.269;203925.365;203932.154;204083.916;204083.916;205022.733;205460.609;205683.129;205683.129;205733.866;205733.866;206220.728;206220.728;206571.203;206671.564;206776.316;206776.316;206799.940;206890.164;206913.866;206923.235;206951.490;207070.257;207090.090;207113.551;207133.153;207133.153;207149.594;207149.594;207164.893;207164.893;207198.988;207198.988;207217.690;207217.690;207237.889;207237.889;207249.614;207249.614;207249.614;207260.112;207260.112;207269.219;207269.219;207269.219;207427.853;207440.798;207599.269;207599.269;207623.768;207623.768;207633.473;207633.473;207633.473;207633.473;207646.475;207659.212;207664.680;207668.223;207673.692;207677.438;207682.913;207684.564;207690.040;207690.040;207696.694;207696.694;207699.477;207699.477;207699.954;207699.954;207700.748;207700.748;207700.989;207701.837;207702.080;207702.226;207702.469;207703.681;207703.924;207704.058;207704.301;207704.301;207706.550;207706.550;207706.875;207706.875;207707.073;207707.073;207707.162;207707.162;207707.162;207707.162;207712.558;207714.078,5D,385.0
PSOC,1,1000,15,21,6030,random,6030,206706.66794568382,210686.06054602243,3979.392600338615,True,395.0575611701132,2.8579189899992343,-409.684 -720.999;166.617 -961.656;888.701 447.070;866.881 -16.127;10.901 -455.595;-221.279 -130.618;458.721 859.933;390.751 -313.656;848.208 -444.320;-336.739 929.167;30.235 463.562;-624.795 90.833;-840.264 -360.348;167.040 32.245;535.338 -685.531,nan;nan;nan;nan;nan;nan;nan;nan;nan;nan;nan;nan;nan;nan;nan;nan;nan;nan;nan;nan;nan;nan;nan;nan;nan;nan;nan;nan;nan;nan;nan;nan;nan;nan;nan;nan;nan;nan;nan;nan;nan;nan;nan;nan;nan;nan;nan;nan;nan;nan;nan;nan;nan;nan;nan;nan;nan;nan;nan;nan;nan;nan;nan;nan;nan;nan;nan;nan;nan;nan;nan;nan;nan;nan;nan;nan;nan;nan;nan;nan;nan;nan;nan;nan;nan;nan;201149.493;201149.493;201149.493;201866.400;201866.400;201866.400;201866.400;201866.400;201866.400;201866.400;201866.400;201866.400;201866.400;201866.400;201866.400;203312.006;203312.006;203540.560;203540.560;203540.560;203660.896;203660.896;203660.896;204412.783;204412.783;204412.783;204412.783;204412.783;204412.783;204414.933;204791.030;204791.030;204791.030;204791.030;204896.088;204896.088;204896.088;204948.793;204948.793;204948.793;205041.381;205086.990;205086.990;205086.990;205086.990;205086.990;205086.990;205086.990;205092.316;205092.316;205092.316;205092.316;205092.316;205120.451;205120.451;205120.451;205305.127;205305.127;205305.127;205305.127;205305.127;205305.127;205305.127;205305.127;205305.127;205305.127;205305.127;205305.127;205305.127;205377.555;205377.555;205377.555;205377.555;205377.555;205377.555;205377.555;205377.555;205377.555;205377.555;205377.555;205377.555;205377.555;205442.234;205507.266;205540.705;205540.705;205540.705;205642.343;205642.343;205642.343;205750.525;205750.525;205780.684;205780.684;205780.684;205780.684;205819.122;205819.122;205819.122;205819.122;205819.122;205819.122;205836.711;205836.711;205836.711;205902.524;206388.598;206462.286;206525.436;206525.436;206525.436;206525.436;206654.151;206706.668;206706.668,5D,385.0
LXSSA,1,1000,15,1,6030,random,6030,204195.9960950999,210686.06054602243,6490.0644509225385,False,377.6784460094626,3.1034133090006435,-760.136 641.761;-403.099 505.653;385.809 -574.131;506.383 241.115;-24.777 -629.186;-598.553 172.222;862.970 42.052;-385.424 -141.872;-42.294 371.305;246.387 650.906;-210.965 840.805;939.149 -333.948;-705.053 -438.187;172.834 51.126;-951.337 307.071,nan;nan;nan;nan;nan;nan;nan;nan;nan;nan;nan;nan;nan;nan;nan;nan;nan;nan;nan;nan;nan;nan;nan;nan;nan;nan;nan;nan;nan;nan;nan;nan;nan;nan;nan;nan;nan;nan;nan;nan;nan;nan;nan;nan;nan;nan;nan;nan;nan;nan;nan;nan;nan;nan;nan;nan;nan;nan;nan;nan;nan;nan;nan;nan;nan;nan;nan;nan;nan;nan;nan;nan;nan;nan;nan;nan;nan;nan;nan;nan;nan;nan;nan;nan;nan;nan;nan;nan;nan;nan;nan;nan;nan;nan;nan;nan;nan;nan;nan;nan;nan;nan;nan;nan;nan;nan;nan;nan;nan;nan;nan;nan;nan;nan;nan;nan;nan;nan;nan;nan;nan;nan;nan;nan;nan;nan;nan;nan;nan;nan;nan;nan;nan;nan;nan;nan;nan;nan;nan;nan;nan;nan;nan;nan;nan;nan;nan;nan;nan;nan;nan;nan;nan;nan;nan;nan;nan;nan;nan;nan;nan;nan;nan;nan;nan;nan;nan;nan;nan;nan;nan;nan;nan;nan;nan;nan;nan;nan;nan;nan;nan;nan;nan;nan;nan;nan;nan;nan;nan;nan;nan;nan;nan;nan;nan;nan;nan;nan;nan;nan;nan,5D,385.0
DE,1,1000,15,11,6030,random,6030,201459.52196109097,210686.06054602243,9226.538584931463,False,153.4207449941118,4.1711820410000655,570.401 -536.945;-460.948 285.258;-319.949 -376.608;-850.791 -35.158;439.033 714.457;295.680 -835.398;486.698 -95.625;18.599 23.641;616.651 90.878;-453.227 -605.381;721.124 203.232;-246.314 77.892;192.138 690.280;413.726 381.425;996.765 -10.572,nan;nan;nan;nan;nan;nan;nan;nan;nan;nan;nan;nan;nan;nan;nan;nan;nan;nan;nan;nan;nan;nan;nan;nan;nan;nan;nan;nan;nan;nan;nan;nan;nan;nan;nan;nan;nan;nan;nan;nan;nan;nan;nan;nan;nan;nan;nan;nan;nan;nan;nan;nan;nan;nan;nan;nan;nan;nan;nan;nan;nan;nan;nan;nan;nan;nan;nan;nan;nan;nan;nan;nan;nan;nan;nan;nan;nan;nan;nan;nan;nan;nan;nan;nan;nan;nan;nan;nan;nan;nan;nan;nan;nan;nan;nan;nan;nan;nan;nan;nan;nan;nan;nan;nan;nan;nan;nan;nan;nan;nan;nan;nan;nan;nan;nan;nan;nan;nan;nan;nan;nan;nan;nan;nan;nan;nan;nan;nan;nan;nan;nan;nan;nan;nan;nan;nan;nan;nan;nan;nan;nan;nan;nan;nan;nan;nan;nan;nan;nan;nan;nan;nan;nan;nan;nan;nan;nan;nan;nan;nan;nan;nan;nan;nan;nan;nan;nan;nan;nan;nan;nan;nan;nan;nan;nan;nan;nan;nan;nan;nan;nan;nan;nan;nan;nan;nan;nan;nan;nan;nan;nan;nan;nan;nan;nan;nan;nan;nan;nan;nan;nan,5D,385.0
SLSQP,2,1000,15,21,6030,random,6030,104510.2557988639,109730.67592026998,5220.420121406074,True,463.3805132947502,5.186104397000236,-644.748 49.511;-289.065 -901.243;212.944 492.715;320.610 -896.227;-52.196 97.578;-399.040 -414.775;420.747 43.248;994.424 -80.714;621.054 783.444;143.354 983.299;158.156 -344.737;-577.015 807.442;-946.370 -322.049;-899.546 436.550;794.032 -598.258,nan;nan;nan;nan;nan;nan;nan;103907.455;104065.315;104065.315;104065.315;104065.315;104065.315;104065.315;104065.315;104065.315;104071.258;104086.501;104086.501;104086.501;104086.501;104086.501;104086.501;104086.501;104086.501;104086.501;104086.501;104086.501;104086.501;104086.501;104086.501;104086.501;104086.501;104086.501;104086.501;104086.501;104086.501;104086.501;104086.501;104086.501;104086.501;104086.501;104086.501;104100.919;104192.571;104192.571;104194.620;104208.355;104209.385;104211.209;104216.085;104227.650;104229.548;104230.111;104230.131;104230.163;104230.163;104230.231;104230.277;104230.327;104230.846;104230.846;104230.846;104230.846;104230.855;104230.855;104230.855;104230.855;104230.855;104230.855;104230.855;104230.855;104230.855;104230.855;104236.725;104269.927;104308.317;104309.130;104309.130;104309.130;104309.130;104309.130;104309.130;104309.130;104309.130;104309.130;104309.130;104309.130;104417.971;104418.054;104418.054;104418.128;104418.128;104418.733;104418.733;104418.733;104418.733;104418.733;104418.733;104418.733;104418.733;104418.733;104418.733;104426.825;104429.649;104429.649;104429.854;104429.854;104429.854;104429.854;104429.854;104429.854;104429.854;104429.854;104429.854;104429.854;104429.854;104484.626;104485.670;104485.670;104485.670;104485.670;104485.670;104485.670;104485.670;104485.670;104485.670;104485.670;104485.670;104485.670;104485.670;104485.670;104485.670;104485.670;104485.670;104485.670;104485.670;104485.670;104485.670;104485.670;104485.670;104485.670;104506.480;104506.480;104506.480;104506.480;104506.480;104506.480;104506.480;104506.480;104506.480;104506.480;104506.480;104506.480;104506.480;104506.480;104506.480;104506.480;104506.480;104506.480;104506.480;104506.480;104506.480;104506.480;104506.480;104506.480;104506.480;104506.480;104506.480;104506.480;104506.480;104506.480;104506.916;104507.618;104507.980;104508.680;104509.454;104510.256;104510.256;104510.256;104510.256;104510.256;104510.256;104510.256;104510.256;104510.256;104510.256;104510.256;104510.256;104510.256;104510.256;104510.256;104510.256;104510.256;104510.256;104510.256;104510.256;104510.256;104510.256;104510.256;104510.256,6D,462.0
SSABV,2,1000,15,1,6030,random,6030,103772.00811131635,109730.67592026998,5958.667808953629,True,462.7101660302389,3.69717396499982,-842.545 -206.597;799.695 -595.748;243.814 -893.810;-402.438 15.603;364.057 925.463;-806.265 274.841;-138.740 -377.822;-269.318 -906.196;-116.773 396.035;-101.232 858.484;672.524 362.606;-701.361 -687.622;-526.023 660.989;148.755 4.565;569.046 -190.234,nan;nan;nan;nan;nan;nan;nan;nan;nan;nan;nan;nan;nan;nan;nan;nan;nan;nan;nan;nan;nan;nan;nan;nan;nan;nan;nan;nan;nan;nan;nan;nan;nan;nan;nan;nan;nan;nan;nan;nan;nan;nan;nan;nan;nan;nan;nan;nan;nan;nan;nan;nan;nan;nan;nan;nan;nan;nan;nan;nan;nan;nan;nan;nan;nan;nan;nan;nan;nan;nan;nan;nan;nan;nan;nan;nan;nan;nan;nan;nan;nan;nan;nan;nan;nan;nan;nan;nan;nan;nan;nan;nan;nan;nan;nan;nan;nan;nan;nan;nan;nan;nan;nan;nan;nan;nan;nan;nan;nan;nan;nan;nan;nan;nan;nan;nan;nan;nan;nan;nan;nan;nan;nan;nan;nan;nan;nan;nan;nan;nan;nan;nan;nan;nan;nan;nan;nan;nan;nan;nan;nan;nan;nan;nan;nan;nan;nan;nan;nan;nan;nan;nan;nan;nan;nan;nan;nan;nan;nan;nan;103445.102;103481.955;103524.074;103561.169;103561.169;103595.131;103595.278;103603.066;103603.066;103655.138;103655.138;103689.364;103689.364;103700.021;103700.021;103707.520;103707.520;103713.462;103713.857;103719.783;103719.783;103725.550;103725.550;103731.162;103731.162;103736.622;103736.622;103741.932;103741.932;103747.094;103747.094;103752.111;103752.164;103757.181;103757.181;103762.055;103762.187;103767.061;103767.129;103772.003;103772.008,6D,462.0
RSDVNS,2,1000,15,11,6030,random,6030,103941.83028500162,109730.67592026998,5788.845635268357,True,463.36388111872293,3.0394086530004643,-162.749 955.700;-244.195 -77.732;36.360 -965.708;528.353 524.095;945.291 299.780;829.880 -186.831;-290.066 -588.335;395.980 76.481;171.006 -378.746;-470.165 608.999;318.830 939.462;-960.328 -166.251;-638.764 173.370;5.790 408.488;621.789 -651.283,nan;nan;nan;nan;nan;nan;nan;nan;nan;nan;nan;nan;nan;nan;nan;nan;nan;nan;nan;nan;nan;nan;nan;nan;nan;nan;nan;nan;nan;nan;nan;nan;nan;nan;nan;nan;nan;nan;nan;nan;nan;nan;nan;nan;nan;nan;nan;nan;nan;nan;nan;nan;nan;nan;nan;nan;nan;nan;nan;nan;nan;nan;nan;nan;nan;nan;nan;nan;nan;nan;nan;nan;nan;nan;nan;nan;nan;nan;nan;nan;nan;nan;nan;nan;nan;nan;nan;nan;nan;nan;nan;nan;nan;nan;nan;nan;nan;nan;nan;nan;nan;nan;nan;nan;nan;nan;nan;nan;nan;nan;nan;nan;nan;nan;nan;nan;nan;nan;nan;nan;nan;nan;nan;nan;nan;nan;nan;nan;nan;nan;nan;nan;nan;nan;nan;nan;nan;nan;nan;nan;nan;nan;nan;nan;nan;nan;nan;nan;nan;nan;nan;nan;nan;nan;nan;nan;nan;nan;nan;nan;nan;nan;nan;nan;nan;nan;nan;nan;nan;nan;nan;nan;nan;nan;nan;nan;nan;nan;nan;nan;nan;nan;nan;nan;nan;nan;nan;nan;nan;nan;nan;nan;103484.294;103725.271;103730.188;103906.331;103913.453;103931.732;103936.650;103936.775;103941.830,6D,462.0
BVNS,2,1000,15,21,6030,random,6030,102611.62915977817,109730.67592026998,7119.0467604918085,True,464.6343005617894,2.9249211710002783,-395.575 -129.719;38.737 -615.198;212.237 478.369;648.585 -758.706;-220.351 305.512;73.633 -54.292;532.815 138.239;996.681 80.064;656.636 717.779;226.890 950.311;460.222 -328.719;-463.170 715.169;-870.671 -197.407;-687.575 280.916;922.536 -382.017,nan;nan;nan;nan;nan;nan;nan;nan;nan;nan;nan;nan;nan;nan;nan;nan;nan;nan;nan;nan;nan;nan;nan;nan;nan;nan;nan;nan;nan;nan;nan;nan;nan;nan;nan;nan;nan;nan;nan;nan;nan;nan;nan;nan;nan;nan;nan;nan;nan;nan;nan;nan;nan;nan;nan;nan;nan;nan;nan;nan;nan;nan;nan;nan;nan;nan;nan;nan;nan;nan;nan;nan;nan;nan;nan;nan;nan;nan;nan;nan;nan;nan;nan;nan;nan;nan;nan;nan;nan;nan;nan;nan;nan;nan;nan;nan;nan;nan;nan;nan;nan;nan;nan;nan;nan;nan;nan;nan;nan;nan;nan;nan;nan;nan;nan;nan;nan;nan;nan;nan;nan;nan;nan;nan;nan;nan;nan;nan;nan;nan;nan;nan;nan;nan;nan;nan;nan;nan;nan;nan;nan;nan;nan;nan;nan;nan;nan;nan;nan;nan;nan;nan;nan;nan;nan;nan;nan;nan;nan;nan;nan;nan;nan;nan;nan;nan;nan;nan;nan;nan;nan;nan;nan;nan;nan;nan;nan;nan;nan;nan;nan;nan;nan;nan;nan;nan;nan;nan;nan;nan;nan;nan;nan;nan;nan;nan;nan;nan;nan;102611.629;102611.629,6D,462.0
SSA,2,1000,15,1,6030,random,6030,103001.1580874981,109730.67592026998,6729.517832771875,False,444.361951166746,3.0119906359996094,-655.360 -484.750;253.129 -337.797;512.646 -714.741;-79.085 464.673;109.825 -965.266;-983.557 -180.597;-952.871 262.704;-745.627 664.991;-130.466 -72.767;324.548 111.418;742.271 662.470;-449.927 -891.481;286.972 731.741;-494.254 274.398;-159.313 -533.779,nan;nan;nan;nan;nan;nan;nan;nan;nan;nan;nan;nan;nan;nan;nan;nan;nan;nan;nan;nan;nan;nan;nan;nan;nan;nan;nan;nan;nan;nan;nan;nan;nan;nan;nan;nan;nan;nan;nan;nan;nan;nan;nan;nan;nan;nan;nan;nan;nan;nan;nan;nan;nan;nan;nan;nan;nan;nan;nan;nan;nan;nan;nan;nan;nan;nan;nan;nan;nan;nan;nan;nan;nan;nan;nan;nan;nan;nan;nan;nan;nan;nan;nan;nan;nan;nan;nan;nan;nan;nan;nan;nan;nan;nan;nan;nan;nan;nan;nan;nan;nan;nan;nan;nan;nan;nan;nan;nan;nan;nan;nan;nan;nan;nan;nan;nan;nan;nan;nan;nan;nan;nan;nan;nan;nan;nan;nan;nan;nan;nan;nan;nan;nan;nan;nan;nan;nan;nan;nan;nan;nan;nan;nan;nan;nan;nan;nan;nan;nan;nan;nan;nan;nan;nan;nan;nan;nan;nan;nan;nan;nan;nan;nan;nan;nan;nan;nan;nan;nan;nan;nan;nan;nan;nan;nan;nan;nan;nan;nan;nan;nan;nan;nan;nan;nan;nan;nan;nan;nan;nan;nan;nan;nan;nan;nan;nan;nan;nan;nan;nan;nan,6D,462.0
LXSSA,2,1000,15,11,6030,random,6030,102250.80026081778,109730.67592026998,7479.875659452198,False,446.61993337843404,3.1675921930000186,108.838 -4.017;-820.071 547.237;-270.479 -458.764;75.245 448.440;534.648 -139.318;-751.776 -554.320;971.626 -231.619;253.784 -842.014;-244.099 -917.256;-139.837 979.236;957.870 287.202;-374.911 438.842;533.867 440.995;319.787 858.558;-389.275 -19.017,nan;nan;nan;nan;nan;nan;nan;nan;nan;nan;nan;nan;nan;nan;nan;nan;nan;nan;nan;nan;nan;nan;nan;nan;nan;nan;nan;nan;nan;nan;nan;nan;nan;nan;nan;nan;nan;nan;nan;nan;nan;nan;nan;nan;nan;nan;nan;nan;nan;nan;nan;nan;nan;nan;nan;nan;nan;nan;nan;nan;nan;nan;nan;nan;nan;nan;nan;nan;nan;nan;nan;nan;nan;nan;nan;nan;nan;nan;nan;nan;nan;nan;nan;nan;nan;nan;nan;nan;nan;nan;nan;nan;nan;nan;nan;nan;nan;nan;nan;nan;nan;nan;nan;nan;nan;nan;nan;nan;nan;nan;nan;nan;nan;nan;nan;nan;nan;nan;nan;nan;nan;nan;nan;nan;nan;nan;nan;nan;nan;nan;nan;nan;nan;nan;nan;nan;nan;nan;nan;nan;nan;nan;nan;nan;nan;nan;nan;nan;nan;nan;nan;nan;nan;nan;nan;nan;nan;nan;nan;nan;nan;nan;nan;nan;nan;nan;nan;nan;nan;nan;nan;nan;nan;nan;nan;nan;nan;nan;nan;nan;nan;nan;nan;nan;nan;nan;nan;nan;nan;nan;nan;nan;nan;nan;nan;nan;nan;nan;nan;nan;nan,6D,462.0
DE,2,1000,15,21,6030,random,6030,101368.55506019476,109730.67592026998,8362.120860075214,False,213.28954473060483,3.3490013740001814,-991.299 -81.245;382.574 -776.756;-115.055 319.917;856.589 61.741;317.917 -188.433;-374.295 -476.925;709.318 -232.673;740.768 516.720;-52.825 986.802;-639.751 643.819;-40.119 -71.108;262.123 812.796;-446.445 -276.209;186.845 256.189;4.229 -547.214,nan;nan;nan;nan;nan;nan;nan;nan;nan;nan;nan;nan;nan;nan;nan;nan;nan;nan;nan;nan;nan;nan;nan;nan;nan;nan;nan;nan;nan;nan;nan;nan;nan;nan;nan;nan;nan;nan;nan;nan;nan;nan;nan;nan;nan;nan;nan;nan;nan;nan;nan;nan;nan;nan;nan;nan;nan;nan;nan;nan;nan;nan;nan;nan;nan;nan;nan;nan;nan;nan;nan;nan;nan;nan;nan;nan;nan;nan;nan;nan;nan;nan;nan;nan;nan;nan;nan;nan;nan;nan;nan;nan;nan;nan;nan;nan;nan;nan;nan;nan;nan;nan;nan;nan;nan;nan;nan;nan;nan;nan;nan;nan;nan;nan;nan;nan;nan;nan;nan;nan;nan;nan;nan;nan;nan;nan;nan;nan;nan;nan;nan;nan;nan;nan;nan;nan;nan;nan;nan;nan;nan;nan;nan;nan;nan;nan;nan;nan;nan;nan;nan;nan;nan;nan;nan;nan;nan;nan;nan;nan;nan;nan;nan;nan;nan;nan;nan;nan;nan;nan;nan;nan;nan;nan;nan;nan;nan;nan;nan;nan;nan;nan;nan;nan;nan;nan;nan;nan;nan;nan;nan;nan;nan;nan;nan;nan;nan;nan;nan;nan;nan,6D,462.0
PSOBV,2,1000,15,1,6030,random,6030,105103.18459841053,109730.67592026998,4627.491321859445,True,386.5094222537052,2.983018104000621,-897.345 -321.170;811.302 235.655;116.004 -439.913;-512.031 -148.741;236.470 475.963;717.239 -667.338;-866.397 100.640;-799.458 482.120;562.647 -135.129;-45.846 94.221;256.354 -804.447;-267.561 -954.921;-219.238 659.842;-725.183 -667.219;80.610 981.737,nan;nan;nan;nan;nan;nan;nan;nan;nan;nan;nan;nan;nan;nan;nan;nan;nan;nan;nan;nan;nan;nan;nan;nan;nan;nan;nan;nan;nan;nan;nan;nan;nan;nan;nan;nan;nan;nan;nan;nan;nan;nan;nan;nan;nan;nan;nan;nan;nan;nan;nan;nan;nan;nan;nan;nan;nan;nan;nan;nan;nan;nan;nan;nan;nan;nan;nan;nan;nan;nan;nan;nan;nan;nan;nan;nan;nan;nan;nan;nan;nan;101220.411;101220.411;101220.411;101220.411;101220.411;102390.276;102390.276;102390.276;102390.276;102516.388;102658.152;102658.152;102658.152;102658.152;102658.152;102676.985;102676.985;102784.487;102784.487;102784.487;102961.449;102961.449;103231.083;103231.083;103355.157;103355.157;103469.762;103469.762;103553.577;103583.585;103667.407;103667.407;103690.404;103863.883;103919.143;103919.143;103959.615;103959.615;104001.597;104001.597;104015.730;104024.880;104039.007;104039.007;104039.007;104047.638;104047.638;104115.437;104115.437;104293.783;104314.899;104314.899;104314.899;104327.987;104338.328;104363.299;104379.418;104379.418;104386.292;104386.292;104386.292;104393.934;104393.934;104393.934;104533.288;104533.288;104670.818;104670.818;104722.197;104738.903;104773.229;104773.229;104795.114;104796.248;104864.309;104864.309;104886.011;104886.011;104893.787;104893.787;104894.631;104897.041;104912.516;104912.516;104913.366;104918.807;104949.190;104949.190;104950.007;104950.007;104950.007;104950.137;104969.391;104969.391;104970.260;104970.260;105011.508;105011.508;105011.508;105011.508;105016.226;105020.102;105024.824;105027.758;105032.483;105033.087;105040.300;105040.300;105081.274;105081.274;105085.934;105085.934;105087.770;105088.736;105090.571;105091.050;105098.183;105098.183;105100.043;105103.185,5D,385.0
SSABV,2,1000,15,11,6030,random,6030,104404.03014850986,109730.67592026998,5326.645771760115,True,385.54331164312936,2.923579835000055,71.161 155.338;10.036 724.343;-644.196 344.166;-628.069 763.774;-675.515 -40.103;272.184 -960.425;-168.922 -802.140;617.733 -597.346;458.994 -131.118;-253.412 -82.865;150.869 -460.274;417.686 588.264;987.363 -147.742;-257.966 407.415;781.327 361.368,nan;nan;nan;nan;nan;nan;nan;nan;nan;nan;nan;nan;nan;nan;nan;nan;nan;nan;nan;nan;nan;nan;nan;nan;nan;nan;nan;nan;nan;nan;nan;nan;nan;nan;nan;nan;nan;nan;nan;nan;nan;nan;nan;nan;nan;nan;nan;nan;nan;nan;nan;nan;nan;nan;nan;nan;nan;nan;nan;nan;nan;nan;nan;100431.802;100431.802;100810.215;100810.215;100886.119;100894.372;101151.478;101151.478;101152.644;101301.709;101302.404;101303.570;101304.994;101305.921;101306.430;101306.815;101307.174;101307.465;101307.896;101308.045;101308.175;101308.336;101308.457;101308.506;101308.554;101308.580;101308.596;101308.609;101308.628;101308.648;101308.654;101308.662;101308.667;101308.672;101308.674;101308.676;101308.677;101308.679;101651.086;101651.086;101911.618;101988.518;102224.916;102404.186;102700.339;102700.339;102904.375;102965.465;103169.370;103169.370;103368.749;103368.749;103444.700;103474.954;103550.868;103550.868;103630.316;103774.612;103787.057;103838.344;103871.332;103877.105;103964.180;103964.180;103978.565;103978.565;103978.565;103990.759;103990.759;103992.543;103992.543;103992.543;104134.115;104134.115;104273.475;104273.475;104273.475;104293.719;104293.719;104293.719;104315.216;104315.216;104324.413;104324.413;104328.691;104328.691;104328.691;104331.025;104331.025;104332.461;104332.461;104332.536;104332.536;104343.386;104343.386;104353.923;104353.923;104354.728;104354.728;104355.880;104355.880;104355.880;104362.247;104362.681;104369.048;104369.048;104373.496;104374.202;104378.650;104378.650;104380.925;104381.646;104383.918;104383.918;104386.004;104386.004;104388.070;104388.070;104388.070;104389.239;104389.239;104389.239;104393.427;104393.427;104395.607;104395.975;104398.155;104398.155;104400.319;104400.319;104401.334;104401.334;104402.344;104402.344;104403.350;104403.350;104403.606;104404.030,5D,385.0
RSDVNS,2,1000,15,21,6030,random,6030,104212.65446463514,109730.67592026998,5518.0214556348365,True,386.35935357423136,2.9336173520005104,-844.120 -13.327;993.188 -1.985;-395.297 -591.888;-197.671 975.917;-280.932 556.006;323.709 -764.903;560.050 -51.366;744.775 644.178;145.726 697.587;53.980 -254.400;-890.018 441.329;-113.987 -906.687;-432.443 112.105;-762.220 -470.890;649.383 -458.255,nan;nan;nan;nan;nan;nan;nan;nan;nan;nan;nan;nan;nan;nan;nan;nan;nan;nan;nan;nan;nan;nan;nan;nan;nan;nan;nan;nan;nan;nan;nan;nan;nan;nan;nan;nan;nan;nan;nan;nan;nan;nan;nan;nan;nan;nan;nan;nan;nan;nan;nan;nan;nan;nan;nan;nan;nan;nan;nan;nan;nan;nan;nan;nan;nan;nan;nan;nan;nan;nan;nan;nan;nan;nan;nan;nan;nan;nan;nan;nan;nan;nan;nan;nan;nan;nan;nan;nan;nan;nan;nan;nan;nan;nan;nan;nan;nan;nan;nan;nan;nan;nan;nan;nan;nan;nan;nan;nan;nan;nan;nan;nan;nan;nan;nan;nan;nan;nan;102109.425;102109.425;102485.076;102485.076;102651.871;102777.531;102944.977;102992.410;103201.244;103344.807;103459.398;103459.398;103459.398;103522.498;103568.195;103629.423;103629.423;103685.064;103685.064;103739.666;103739.666;103775.947;103775.947;103873.394;103873.394;103873.394;103880.933;103897.208;103904.772;103915.269;103940.841;103940.841;103945.546;103962.549;103968.041;103972.743;103978.729;103983.447;103988.154;103989.063;103993.770;103999.769;104004.476;104015.845;104020.551;104020.747;104025.468;104025.468;104025.468;104026.539;104026.539;104097.826;104097.826;104097.826;104113.988;104113.988;104119.893;104121.253;104127.018;104127.018;104131.139;104131.266;104141.022;104141.022;104148.607;104153.143;104158.465;104158.465;104162.701;104162.713;104171.967;104171.967;104173.737;104176.215;104187.574;104187.574;104196.243;104196.243;104197.939;104207.322;104209.014;104211.227;104212.654,5D,385.0
PSOC,2,1000,15,1,6030,random,6030,104013.4099821705,109730.67592026998,5717.265938099474,True,389.6024729830888,3.5931954769994263,-928.362 -331.302;757.991 229.554;25.981 -341.545;-516.501 -151.055;168.970 457.997;687.167 -601.929;-849.959 81.920;-705.818 478.321;434.116 -140.589;-11.626 76.691;242.207 -756.206;-236.521 -899.540;-209.318 629.772;-726.884 -667.536;41.003 928.317,nan;nan;nan;nan;nan;nan;nan;nan;nan;nan;nan;nan;nan;nan;nan;nan;nan;nan;nan;nan;nan;nan;nan;nan;nan;nan;nan;nan;nan;nan;nan;nan;nan;nan;nan;nan;nan;nan;nan;nan;nan;nan;nan;nan;nan;nan;nan;nan;nan;nan;nan;nan;nan;nan;nan;nan;nan;nan;nan;nan;nan;nan;nan;nan;nan;nan;nan;nan;nan;nan;nan;nan;nan;nan;nan;nan;nan;nan;nan;nan;nan;101220.411;101220.411;101220.411;101220.411;101220.411;102390.276;102390.276;102390.276;102390.276;102516.388;102658.152;102658.152;102658.152;102658.152;102658.152;102676.985;102676.985;102784.487;102784.487;102784.487;102784.487;102855.323;102883.405;102884.283;102884.283;102884.283;103078.531;103194.323;103194.323;103194.323;103194.323;103194.323;103194.323;103194.323;103194.323;103194.323;103194.323;103194.323;103194.323;103194.323;103249.395;103249.395;103249.395;103249.395;103314.105;103314.601;103314.601;103314.601;103314.601;103316.075;103316.075;103316.075;103316.799;103318.619;103318.619;103318.619;103320.773;103420.292;103432.988;103432.988;103432.988;103432.988;103432.988;103432.988;103432.988;103432.988;103525.256;103525.256;103525.256;103525.256;103529.913;103529.913;103529.913;103676.190;103676.190;103676.190;103676.190;103676.190;103676.190;103772.315;103772.315;103772.315;103772.315;103772.315;103772.315;103830.628;103830.628;103830.628;103883.704;103883.704;103883.704;103883.704;103883.704;103883.704;103883.704;103883.704;103883.704;103883.704;103883.704;103883.704;103883.704;103883.704;103883.704;103883.704;103883.704;103883.704;103883.704;103883.704;103920.602;103920.602;103920.602;103920.602;103991.423;103991.423;103991.423;103991.423;103991.423;103991.423;103991.423;104013.410,5D,385.0
SSA,2,1000,15,11,6030,random,6030,102640.7662246839,109730.67592026998,7089.909695586073,True,398.11967244251144,4.534387456999866,931.441 -192.857;-148.415 403.538;278.608 388.270;563.001 -7.141;-292.799 775.665;-888.671 457.069;299.527 -313.939;-529.706 36.623;-996.838 68.270;693.023 -683.512;78.114 28.620;-603.934 -426.050;812.878 302.796;467.533 877.131;-114.674 -398.579,nan;nan;nan;nan;nan;nan;nan;nan;nan;nan;nan;nan;nan;nan;nan;nan;nan;nan;nan;nan;nan;nan;nan;nan;nan;nan;nan;nan;nan;nan;nan;nan;nan;nan;nan;nan;nan;nan;nan;nan;nan;nan;nan;nan;nan;nan;nan;nan;nan;nan;nan;nan;nan;nan;nan;nan;nan;nan;nan;nan;nan;nan;nan;nan;nan;nan;nan;nan;nan;nan;nan;nan;nan;nan;nan;nan;nan;nan;nan;nan;nan;nan;nan;nan;nan;nan;nan;nan;nan;nan;nan;nan;nan;nan;nan;nan;nan;nan;nan;nan;nan;nan;nan;nan;nan;nan;nan;101266.072;101436.114;101904.088;101954.229;102331.212;102331.212;102331.212;102331.212;102331.212;102365.127;102374.371;102510.589;102510.589;102519.898;102530.047;102533.368;102533.368;102559.277;102579.973;102579.973;102579.973;102582.156;102582.726;102582.726;102585.080;102589.287;102606.338;102606.338;102610.303;102614.911;102615.968;102618.756;102622.219;102624.764;102626.219;102628.004;102629.532;102629.991;102630.648;102631.802;102632.261;102633.319;102633.658;102634.365;102635.128;102635.742;102636.669;102637.085;102637.506;102637.847;102638.432;102638.715;102639.058;102639.213;102639.430;102639.623;102639.873;102639.928;102640.056;102640.183;102640.242;102640.315;102640.352;102640.429;102640.475;102640.501;102640.539;102640.557;102640.594;102640.619;102640.636;102640.658;102640.669;102640.685;102640.690;102640.702;102640.712;102640.718;102640.725;102640.733;102640.741;102640.746;102640.751;102640.754;102640.756;102640.757;102640.759;102640.761;102640.763;102640.764;102640.764;102640.765;102640.766;102640.766,5D,385.0
LXSSA,2,1000,15,21,6030,random,6030,102810.47552020979,109730.67592026998,6920.200400060188,True,391.40355436458,6.067821327999809,-263.726 962.700;109.712 -993.706;529.695 -783.892;185.246 -465.370;-42.708 133.684;-127.505 553.665;324.238 -37.102;-227.763 -490.405;787.149 100.498;118.342 858.224;-502.105 -157.480;615.799 706.975;-310.319 -927.487;-729.559 -575.030;707.363 -406.851,nan;nan;nan;nan;nan;nan;nan;nan;nan;nan;nan;nan;nan;nan;nan;nan;nan;nan;nan;nan;nan;nan;nan;nan;nan;nan;nan;nan;nan;nan;nan;nan;nan;nan;nan;nan;nan;nan;nan;nan;nan;nan;nan;nan;nan;nan;nan;nan;nan;nan;nan;nan;nan;nan;nan;nan;nan;nan;nan;nan;nan;nan;nan;nan;nan;nan;nan;nan;nan;nan;nan;nan;nan;nan;nan;nan;nan;nan;nan;nan;nan;nan;nan;nan;nan;nan;nan;nan;nan;nan;nan;nan;nan;nan;nan;nan;nan;nan;nan;101846.751;101846.751;102345.223;102345.223;102639.520;102639.520;102639.520;102639.520;102639.520;102639.520;102639.520;102639.520;102639.520;102639.520;102643.252;102643.252;102643.252;102643.252;102643.252;102643.252;102643.252;102643.252;102645.318;102645.318;102645.978;102645.978;102649.004;102649.004;102655.284;102655.284;102666.503;102666.503;102666.503;102666.503;102666.853;102666.853;102668.806;102668.806;102669.348;102671.272;102671.272;102672.907;102674.141;102674.141;102674.853;102674.978;102675.491;102677.224;102679.110;102679.110;102679.788;102680.131;102687.197;102687.197;102687.197;102687.197;102687.386;102687.471;102688.342;102688.342;102689.935;102689.935;102689.935;102690.009;102690.229;102690.229;102762.931;102762.931;102809.770;102809.770;102809.770;102809.866;102810.114;102810.114;102810.114;102810.148;102810.272;102810.272;102810.272;102810.287;102810.287;102810.309;102810.309;102810.321;102810.337;102810.337;102810.337;102810.346;102810.347;102810.351;102810.364;102810.364;102810.379;102810.379;102810.386;102810.386;102810.426;102810.426;102810.440;102810.440;102810.476;102810.476,5D,385.0
SLSQP,1,750,12,1,6030,random,6030,162699.966114811,168548.84843681793,5848.882322006946,True,462.0098016431108,7.614319446000081,578.389 197.824;-42.114 740.381;-213.768 -80.734;92.580 291.980;682.574 -310.670;-675.956 -324.381;210.403 -265.294;181.847 -727.357;-475.406 579.926;-642.903 149.179;409.869 628.003;-283.323 -569.095,nan;nan;nan;nan;nan;nan;nan;nan;nan;nan;nan;nan;nan;nan;nan;nan;nan;nan;nan;nan;nan;nan;nan;nan;nan;nan;nan;nan;nan;nan;nan;nan;nan;nan;nan;nan;nan;nan;nan;nan;nan;nan;nan;nan;nan;nan;nan;nan;nan;nan;nan;nan;nan;nan;nan;nan;nan;nan;nan;nan;nan;nan;nan;nan;nan;nan;nan;nan;nan;nan;nan;nan;nan;nan;nan;nan;nan;nan;nan;nan;nan;nan;nan;nan;nan;nan;nan;nan;nan;nan;nan;nan;nan;nan;nan;nan;nan;nan;nan;nan;nan;nan;nan;nan;nan;nan;nan;nan;nan;nan;nan;nan;nan;nan;nan;nan;162699.966;162699.966;162699.966;162699.966;162699.966;162699.966;162699.966;162699.966;162699.966;162699.966;162699.966;162699.966;162699.966;162699.966;162699.966;162699.966;162699.966;162699.966;162699.966;162699.966;162699.966;162699.966;162699.966;162699.966;162699.966;162699.966;162699.966;162699.966;162699.966;162699.966;162699.966;162699.966;162699.966;162699.966;162699.966;162699.966;162699.966;162699.966;162699.966;162699.966;162699.966;162699.966;162699.966;162699.966;162699.966;162699.966;162699.966;162699.966;162699.966;162699.966;162699.966;162699.966;162699.966;162699.966;162699.966;162699.966;162699.966;162699.966;162699.966;162699.966;162699.966;162699.966;162699.966;162699.966;162699.966;162699.966;162699.966;162699.966;162699.966;162699.966;162699.966;162699.966;162699.966;162699.966;162699.966;162699.966;162699.966;162699.966;162699.966;162699.966;162699.966;162699.966;162699.966;162699.966;162699.966,6D,462.0
PSOBV,1,750,12,11,6030,random,6030,160922.97083779756,168548.84843681793,7625.877599020372,False,451.34844533745496,3.5203110780003044,248.392 -187.650;432.343 612.078;-330.905 -669.722;-738.173 124.193;-210.426 -219.115;150.339 258.266;-155.938 707.477;722.667 -200.046;-303.937 267.529;-657.381 -331.902;462.694 -587.664;703.798 250.908,nan;nan;nan;nan;nan;nan;nan;nan;nan;nan;nan;nan;nan;nan;nan;nan;nan;nan;nan;nan;nan;nan;nan;nan;nan;nan;nan;nan;nan;nan;nan;nan;nan;nan;nan;nan;nan;nan;nan;nan;nan;nan;nan;nan;nan;nan;nan;nan;nan;nan;nan;nan;nan;nan;nan;nan;nan;nan;nan;nan;nan;nan;nan;nan;nan;nan;nan;nan;nan;nan;nan;nan;nan;nan;nan;nan;nan;nan;nan;nan;nan;nan;nan;nan;nan;nan;nan;nan;nan;nan;nan;nan;nan;nan;nan;nan;nan;nan;nan;nan;nan;nan;nan;nan;nan;nan;nan;nan;nan;nan;nan;nan;nan;nan;nan;nan;nan;nan;nan;nan;nan;nan;nan;nan;nan;nan;nan;nan;nan;nan;nan;nan;nan;nan;nan;nan;nan;nan;nan;nan;nan;nan;nan;nan;nan;nan;nan;nan;nan;nan;nan;nan;nan;nan;nan;nan;nan;nan;nan;nan;nan;nan;nan;nan;nan;nan;nan;nan;nan;nan;nan;nan;nan;nan;nan;nan;nan;nan;nan;nan;nan;nan;nan;nan;nan;nan;nan;nan;nan;nan;nan;nan;nan;nan;nan;nan;nan;nan;nan;nan;nan,6D,462.0
SSABV,1,750,12,21,6030,random,6030,162192.28424061523,168548.84843681793,6356.5641962027,False,441.8526573948103,2.728125638000165,-674.897 -124.931;685.115 -287.814;168.270 232.758;-151.083 702.141;384.814 -643.521;-258.059 -332.118;669.294 336.848;-279.998 127.776;195.302 -225.356;-566.122 489.577;339.301 666.387;-44.341 -748.688,nan;nan;nan;nan;nan;nan;nan;nan;nan;nan;nan;nan;nan;nan;nan;nan;nan;nan;nan;nan;nan;nan;nan;nan;nan;nan;nan;nan;nan;nan;nan;nan;nan;nan;nan;nan;nan;nan;nan;nan;nan;nan;nan;nan;nan;nan;nan;nan;nan;nan;nan;nan;nan;nan;nan;nan;nan;nan;nan;nan;nan;nan;nan;nan;nan;nan;nan;nan;nan;nan;nan;nan;nan;nan;nan;nan;nan;nan;nan;nan;nan;nan;nan;nan;nan;nan;nan;nan;nan;nan;nan;nan;nan;nan;nan;nan;nan;nan;nan;nan;nan;nan;nan;nan;nan;nan;nan;nan;nan;nan;nan;nan;nan;nan;nan;nan;nan;nan;nan;nan;nan;nan;nan;nan;nan;nan;nan;nan;nan;nan;nan;nan;nan;nan;nan;nan;nan;nan;nan;nan;nan;nan;nan;nan;nan;nan;nan;nan;nan;nan;nan;nan;nan;nan;nan;nan;nan;nan;nan;nan;nan;nan;nan;nan;nan;nan;nan;nan;nan;nan;nan;nan;nan;nan;nan;nan;nan;nan;nan;nan;nan;nan;nan;nan;nan;nan;nan;nan;nan;nan;nan;nan;nan;nan;nan;nan;nan;nan;nan;nan;nan,6D,462.0
BVNS,1,750,12,1,6030,random,6030,162164.9359497621,168548.84843681793,6383.912487055844,False,439.87409762603056,2.4776850460002606,-296.855 687.043;-197.750 -713.683;-579.968 -464.783;227.057 -263.792;-223.335 -177.574;435.953 133.272;49.798 374.957;-745.902 -39.756;-390.351 246.533;716.041 -219.091;482.936 572.949;262.469 -702.239,nan;nan;nan;nan;nan;nan;nan;nan;nan;nan;nan;nan;nan;nan;nan;nan;nan;nan;nan;nan;nan;nan;nan;nan;nan;nan;nan;nan;nan;nan;nan;nan;nan;nan;nan;nan;nan;nan;nan;nan;nan;nan;nan;nan;nan;nan;nan;nan;nan;nan;nan;nan;nan;nan;nan;nan;nan;nan;nan;nan;nan;nan;nan;nan;nan;nan;nan;nan;nan;nan;nan;nan;nan;nan;nan;nan;nan;nan;nan;nan;nan;nan;nan;nan;nan;nan;nan;nan;nan;nan;nan;nan;nan;nan;nan;nan;nan;nan;nan;nan;nan;nan;nan;nan;nan;nan;nan;nan;nan;nan;nan;nan;nan;nan;nan;nan;nan;nan;nan;nan;nan;nan;nan;nan;nan;nan;nan;nan;nan;nan;nan;nan;nan;nan;nan;nan;nan;nan;nan;nan;nan;nan;nan;nan;nan;nan;nan;nan;nan;nan;nan;nan;nan;nan;nan;nan;nan;nan;nan;nan;nan;nan;nan;nan;nan;nan;nan;nan;nan;nan;nan;nan;nan;nan;nan;nan;nan;nan;nan;nan;nan;nan;nan;nan;nan;nan;nan;nan;nan;nan;nan;nan;nan;nan;nan;nan;nan;nan;nan;nan;nan,6D,462.0
PSOC,1,750,12,11,6030,random,6030,162587.64316591196,168548.84843681793,5961.205270905979,False,433.09951688412235,2.5152738079996197,295.128 -107.250;435.892 610.170;-214.110 -709.248;-718.737 211.173;-125.795 -248.974;130.388 302.962;-146.075 715.006;719.654 -210.739;-282.754 173.005;-586.283 -230.366;393.863 -561.642;705.845 241.767,nan;nan;nan;nan;nan;nan;nan;nan;nan;nan;nan;nan;nan;nan;nan;nan;nan;nan;nan;nan;nan;nan;nan;nan;nan;nan;nan;nan;nan;nan;nan;nan;nan;nan;nan;nan;nan;nan;nan;nan;nan;nan;nan;nan;nan;nan;nan;nan;nan;nan;nan;nan;nan;nan;nan;nan;nan;nan;nan;nan;nan;nan;nan;nan;nan;nan;nan;nan;nan;nan;nan;nan;nan;nan;nan;nan;nan;nan;nan;nan;nan;nan;nan;nan;nan;nan;nan;nan;nan;nan;nan;nan;nan;nan;nan;nan;nan;nan;nan;nan;nan;nan;nan;nan;nan;nan;nan;nan;nan;nan;nan;nan;nan;nan;nan;nan;nan;nan;nan;nan;nan;nan;nan;nan;nan;nan;nan;nan;nan;nan;nan;nan;nan;nan;nan;nan;nan;nan;nan;nan;nan;nan;nan;nan;nan;nan;nan;nan;nan;nan;nan;nan;nan;nan;nan;nan;nan;nan;nan;nan;nan;nan;nan;nan;nan;nan;nan;nan;nan;nan;nan;nan;nan;nan;nan;nan;nan;nan;nan;nan;nan;nan;nan;nan;nan;nan;nan;nan;nan;nan;nan;nan;nan;nan;nan;nan;nan;nan;nan;nan;nan,6D,462.0
SSA,1,750,12,21,6030,random,6030,160945.81237708603,168548.84843681793,7603.036059731909,False,389.1447652911335,2.555943479999769,-539.852 -395.816;-149.445 -250.581;-245.209 -707.197;-25.242 322.560;376.110 212.359;242.634 -168.153;-458.910 585.871;-411.401 143.929;721.242 -45.308;-748.272 -50.883;384.522 634.380;549.497 -464.779,nan;nan;nan;nan;nan;nan;nan;nan;nan;nan;nan;nan;nan;nan;nan;nan;nan;nan;nan;nan;nan;nan;nan;nan;nan;nan;nan;nan;nan;nan;nan;nan;nan;nan;nan;nan;nan;nan;nan;nan;nan;nan;nan;nan;nan;nan;nan;nan;nan;nan;nan;nan;nan;nan;nan;nan;nan;nan;nan;nan;nan;nan;nan;nan;nan;nan;nan;nan;nan;nan;nan;nan;nan;nan;nan;nan;nan;nan;nan;nan;nan;nan;nan;nan;nan;nan;nan;nan;nan;nan;nan;nan;nan;nan;nan;nan;nan;nan;nan;nan;nan;nan;nan;nan;nan;nan;nan;nan;nan;nan;nan;nan;nan;nan;nan;nan;nan;nan;nan;nan;nan;nan;nan;nan;nan;nan;nan;nan;nan;nan;nan;nan;nan;nan;nan;nan;nan;nan;nan;nan;nan;nan;nan;nan;nan;nan;nan;nan;nan;nan;nan;nan;nan;nan;nan;nan;nan;nan;nan;nan;nan;nan;nan;nan;nan;nan;nan;nan;nan;nan;nan;nan;nan;nan;nan;nan;nan;nan;nan;nan;nan;nan;nan;nan;nan;nan;nan;nan;nan;nan;nan;nan;nan;nan;nan;nan;nan;nan;nan;nan;nan,6D,462.0
DE,1,750,12,1,6030,random,6030,160990.0628813396,168548.84843681793,7558.785555478331,False,128.8650651716334,3.859370238000338,312.601 148.016;-185.340 -703.479;-45.781 312.642;382.426 -262.515;-362.095 -65.345;-77.888 -316.758;-405.027 520.191;-593.178 -431.718;641.776 358.439;533.576 52.830;88.328 469.798;206.500 521.193,nan;nan;nan;nan;nan;nan;nan;nan;nan;nan;nan;nan;nan;nan;nan;nan;nan;nan;nan;nan;nan;nan;nan;nan;nan;nan;nan;nan;nan;nan;nan;nan;nan;nan;nan;nan;nan;nan;nan;nan;nan;nan;nan;nan;nan;nan;nan;nan;nan;nan;nan;nan;nan;nan;nan;nan;nan;nan;nan;nan;nan;nan;nan;nan;nan;nan;nan;nan;nan;nan;nan;nan;nan;nan;nan;nan;nan;nan;nan;nan;nan;nan;nan;nan;nan;nan;nan;nan;nan;nan;nan;nan;nan;nan;nan;nan;nan;nan;nan;nan;nan;nan;nan;nan;nan;nan;nan;nan;nan;nan;nan;nan;nan;nan;nan;nan;nan;nan;nan;nan;nan;nan;nan;nan;nan;nan;nan;nan;nan;nan;nan;nan;nan;nan;nan;nan;nan;nan;nan;nan;nan;nan;nan;nan;nan;nan;nan;nan;nan;nan;nan;nan;nan;nan;nan;nan;nan;nan;nan;nan;nan;nan;nan;nan;nan;nan;nan;nan;nan;nan;nan;nan;nan;nan;nan;nan;nan;nan;nan;nan;nan;nan;nan;nan;nan;nan;nan;nan;nan;nan;nan;nan;nan;nan;nan;nan;nan;nan;nan;nan;nan,6D,462.0
SLSQP,1,750,12,11,6030,random,6030,165935.0325437778,168548.84843681793,2613.815893040126,True,385.27027424640625,4.928662567000174,141.487 -357.899;-143.527 733.592;-247.838 -280.979;-746.352 -69.090;-602.669 429.794;231.765 129.471;-198.428 274.440;715.637 218.746;679.767 -309.466;-598.474 -449.423;429.945 -613.292;445.551 592.218,nan;nan;nan;nan;nan;nan;nan;nan;nan;nan;nan;nan;nan;nan;nan;nan;nan;nan;nan;nan;nan;nan;nan;nan;nan;nan;nan;nan;nan;nan;nan;nan;nan;nan;nan;nan;nan;nan;nan;nan;nan;165833.322;165894.990;165894.990;165894.990;165894.990;165894.990;165894.990;165894.990;165894.990;165894.990;165894.990;165894.990;165894.990;165894.990;165894.990;165894.990;165894.990;165894.990;165894.990;165894.990;165894.990;165894.990;165894.990;165894.990;165894.990;165894.990;165894.990;165894.990;165894.990;165894.990;165894.990;165894.990;165894.990;165894.990;165935.033;165935.033;165935.033;165935.033;165935.033;165935.033;165935.033;165935.033;165935.033;165935.033;165935.033;165935.033;165935.033;165935.033;165935.033;165935.033;165935.033;165935.033;165935.033;165935.033;165935.033;165935.033;165935.033;165935.033;165935.033;165935.033;165935.033;165935.033;165935.033;165935.033;165935.033;165935.033;165935.033;165935.033;165935.033;165935.033;165935.033;165935.033;165935.033;165935.033;165935.033;165935.033;165935.033;165935.033;165935.033;165935.033;165935.033;165935.033;165935.033;165935.033;165935.033;165935.033;165935.033;165935.033;165935.033;165935.033;165935.033;165935.033;165935.033;165935.033;165935.033;165935.033;165935.033;165935.033;165935.033;165935.033;165935.033;165935.033;165935.033;165935.033;165935.033;165935.033;165935.033;165935.033;165935.033;165935.033;165935.033;165935.033;165935.033;165935.033;165935.033;165935.033;165935.033;165935.033;165935.033;165935.033;165935.033;165935.033;165935.033;165935.033;165935.033;165935.033;165935.033;165935.033;165935.033;165935.033;165935.033;165935.033;165935.033;165935.033;165935.033;165935.033;165935.033;165935.033;165935.033;165935.033;165935.033;165935.033;165935.033;165935.033;165935.033;165935.033;165935.033;165935.033;165935.033;165935.033;165935.033;165935.033;165935.033;165935.033;165935.033;165935.033;165935.033;165935.033;165935.033;165935.033,5D,385.0
PSOBV,1,750,12,21,6030,random,6030,163699.8979129632,168548.84843681793,4848.950523854728,True,385.0565504715756,2.834502462999808,-423.173 618.779;727.096 136.302;108.518 741.380;-648.845 -253.015;-79.353 380.916;458.296 -593.036;328.258 422.434;-275.614 -371.275;498.055 -196.091;104.038 -435.559;173.067 11.042;-454.207 115.478,nan;nan;nan;nan;nan;nan;nan;nan;nan;nan;nan;nan;nan;nan;nan;nan;nan;nan;nan;nan;nan;nan;nan;nan;nan;nan;nan;nan;nan;nan;nan;nan;nan;nan;nan;nan;nan;nan;nan;nan;nan;nan;nan;nan;nan;nan;nan;nan;nan;nan;nan;nan;nan;nan;nan;nan;nan;nan;nan;nan;nan;nan;nan;nan;nan;nan;nan;nan;nan;nan;nan;nan;nan;nan;nan;nan;nan;nan;nan;nan;nan;nan;nan;nan;nan;nan;nan;nan;nan;nan;nan;nan;nan;nan;nan;nan;nan;nan;nan;158285.908;158285.908;158640.601;160870.698;160870.698;161024.869;162342.735;162896.320;162967.235;162967.235;163033.812;163109.254;163109.254;163148.733;163266.227;163283.660;163317.991;163383.294;163413.904;163413.904;163413.904;163496.096;163501.379;163542.565;163542.565;163542.565;163545.093;163545.093;163545.093;163605.417;163605.417;163626.455;163627.119;163630.304;163638.253;163638.253;163642.050;163649.895;163649.895;163651.999;163652.670;163657.385;163662.084;163662.084;163665.832;163666.495;163666.495;163666.771;163666.771;163666.771;163670.659;163674.292;163674.292;163676.613;163677.562;163679.259;163679.883;163681.561;163683.423;163684.046;163684.046;163684.726;163684.726;163685.333;163685.625;163685.625;163685.625;163687.559;163688.112;163690.046;163690.046;163691.856;163692.167;163692.782;163693.092;163693.994;163693.994;163694.332;163694.332;163694.634;163696.558;163696.558;163697.480;163697.480;163697.734;163697.861;163698.070;163698.372;163698.499;163698.499;163698.625;163698.625;163698.926;163699.051;163699.051;163699.351;163699.475;163699.475;163699.599;163699.599;163699.898;163699.898,5D,385.0
RSDVNS,1,750,12,1,6030,random,6030,163364.35570790435,168548.84843681793,5184.492728913581,True,387.67456537144363,2.4799035449996154,-150.239 730.631;120.018 -25.571;370.180 -652.210;446.095 -252.989;-506.148 222.588;-262.802 -697.161;711.761 233.518;27.573 -434.994;-307.770 -154.933;-703.262 -243.156;-30.379 361.950;359.710 569.502,nan;nan;nan;nan;nan;nan;nan;nan;nan;nan;nan;nan;nan;nan;nan;nan;nan;nan;nan;nan;nan;nan;nan;nan;nan;nan;nan;nan;nan;nan;nan;nan;nan;nan;nan;nan;nan;nan;nan;nan;nan;nan;nan;nan;nan;nan;nan;nan;nan;nan;nan;nan;nan;nan;nan;nan;nan;nan;nan;nan;nan;nan;nan;nan;nan;nan;nan;nan;nan;nan;nan;nan;nan;nan;nan;nan;nan;nan;nan;nan;nan;nan;nan;nan;nan;nan;nan;nan;nan;nan;nan;nan;nan;nan;nan;nan;nan;nan;nan;nan;nan;nan;nan;nan;nan;nan;nan;nan;nan;nan;nan;nan;nan;nan;nan;nan;nan;nan;nan;nan;nan;nan;nan;nan;nan;nan;nan;nan;nan;nan;nan;nan;nan;nan;nan;nan;nan;nan;nan;nan;nan;nan;nan;nan;160103.618;161363.255;161363.255;161889.975;162305.346;162305.346;162361.529;162438.291;162488.914;162570.088;162575.293;162626.286;162626.286;162681.807;162691.472;162691.472;162704.917;162714.357;162719.171;163216.812;163221.587;163264.358;163269.129;163269.129;163280.369;163280.369;163283.872;163283.872;163284.284;163300.783;163307.059;163307.059;163307.059;163308.752;163308.752;163317.079;163317.079;163318.479;163318.479;163323.868;163327.262;163332.653;163334.202;163339.090;163344.635;163344.635;163350.116;163350.868;163358.714;163361.217;163361.217;163361.978;163361.979;163362.671;163363.360;163363.360;163364.356,5D,385.0
BVNS,1,750,12,11,6030,random,6030,164522.90485010864,168548.84843681793,4025.943586709298,True,385.42589387356406,2.3460566459998518,53.985 -564.870;337.957 240.759;-236.629 -219.907;-710.745 -134.760;-633.080 400.265;209.248 -122.541;-144.410 196.350;735.221 137.950;668.652 -290.011;-548.436 -503.903;439.923 -604.693;413.494 625.349,nan;nan;nan;nan;nan;nan;nan;nan;nan;nan;nan;nan;nan;nan;nan;nan;nan;nan;nan;nan;nan;nan;nan;nan;nan;nan;nan;nan;nan;nan;nan;nan;nan;nan;nan;nan;nan;nan;nan;nan;nan;nan;nan;nan;nan;nan;nan;nan;nan;nan;nan;nan;nan;nan;nan;nan;nan;nan;nan;nan;nan;nan;nan;nan;nan;nan;nan;nan;nan;nan;nan;nan;nan;nan;nan;nan;nan;nan;nan;nan;nan;nan;nan;nan;nan;nan;nan;nan;nan;nan;nan;nan;nan;nan;nan;nan;nan;nan;nan;nan;nan;nan;nan;162825.915;163290.266;163348.887;163373.770;163407.230;163459.715;163507.492;163535.175;163565.560;163582.433;163626.956;163657.412;163668.514;163699.017;163751.312;163751.312;163764.565;163764.565;163776.896;163776.896;163786.304;163862.955;163862.955;163899.665;163902.149;163919.783;163952.993;163952.993;163962.192;163965.494;163977.640;163977.640;163981.379;163981.379;163981.379;163983.306;163992.441;163994.371;163998.086;163998.535;164001.395;164003.970;164052.591;164052.591;164063.586;164063.586;164063.679;164063.679;164065.293;164421.703;164432.138;164432.993;164440.219;164441.076;164445.887;164451.466;164456.814;164456.903;164462.251;164463.093;164467.183;164473.098;164473.235;164478.474;164479.302;164483.409;164484.241;164484.241;164484.793;164484.793;164490.076;164490.625;164490.625;164491.157;164491.157;164496.363;164496.363;164500.343;164500.343;164502.898;164504.335;164506.478;164509.051;164509.051;164511.618;164512.257;164514.149;164514.788;164514.788;164517.227;164517.272;164519.651;164522.062;164522.108;164522.905;164522.905;164522.905;164522.905,5D,385.0
PSOC,1,750,12,21,6030,random,6030,161177.8857522406,168548.84843681793,7370.962684577331,True,386.3337298018674,2.3905258530003266,-456.399 593.939;657.296 135.528;88.247 701.807;-681.307 -252.139;-78.985 336.871;459.794 -591.567;358.909 401.968;-278.702 -401.665;464.205 -204.007;107.129 -433.830;138.918 6.729;-415.361 37.486,nan;nan;nan;nan;nan;nan;nan;nan;nan;nan;nan;nan;nan;nan;nan;nan;nan;nan;nan;nan;nan;nan;nan;nan;nan;nan;nan;nan;nan;nan;nan;nan;nan;nan;nan;nan;nan;nan;nan;nan;nan;nan;nan;nan;nan;nan;nan;nan;nan;nan;nan;nan;nan;nan;nan;nan;nan;nan;nan;nan;nan;nan;nan;nan;nan;nan;nan;nan;nan;nan;nan;nan;nan;nan;nan;nan;nan;nan;nan;nan;nan;nan;nan;nan;nan;nan;nan;nan;nan;nan;nan;nan;nan;nan;nan;nan;nan;nan;nan;158285.908;158285.908;158329.026;158331.244;158331.244;158336.461;158336.461;158356.028;158768.990;159758.783;159758.783;160254.881;160254.881;160254.881;160254.881;160254.881;160265.674;160265.674;160267.093;160267.093;160267.093;160267.093;160267.093;160338.620;160338.620;160338.620;160338.620;160338.620;160338.620;160338.620;160379.046;160397.674;160700.198;160715.581;160860.390;160860.390;160860.390;160889.566;160889.566;160889.566;160889.566;160889.566;160889.566;160895.873;160895.873;160908.785;160908.785;160922.158;160922.158;160922.158;160922.158;160983.795;160983.795;160983.795;160983.795;160984.871;161050.894;161050.894;161050.894;161050.894;161050.894;161050.894;161050.894;161050.894;161056.781;161056.781;161056.781;161056.781;161056.781;161056.781;161071.693;161071.693;161071.693;161071.693;161071.693;161071.693;161071.693;161071.693;161071.693;161092.125;161092.125;161122.698;161122.698;161122.698;161122.698;161122.698;161122.698;161122.698;161122.698;161151.386;161151.386;161162.699;161162.699;161162.699;161162.699;161162.699;161162.699;161162.699;161165.832;161165.832;161165.832;161177.886,5D,385.0
LXSSA,1,750,12,1,6030,random,6030,160012.31921277283,168548.84843681793,8536.529224045109,False,370.90637046798486,2.427644665999651,-143.656 730.392;468.680 -583.945;-174.413 -167.022;-608.048 257.713;291.927 -257.862;12.699 -520.709;-225.908 325.410;126.502 464.716;-406.104 -598.273;489.818 567.396;590.626 179.303;144.238 93.862,nan;nan;nan;nan;nan;nan;nan;nan;nan;nan;nan;nan;nan;nan;nan;nan;nan;nan;nan;nan;nan;nan;nan;nan;nan;nan;nan;nan;nan;nan;nan;nan;nan;nan;nan;nan;nan;nan;nan;nan;nan;nan;nan;nan;nan;nan;nan;nan;nan;nan;nan;nan;nan;nan;nan;nan;nan;nan;nan;nan;nan;nan;nan;nan;nan;nan;nan;nan;nan;nan;nan;nan;nan;nan;nan;nan;nan;nan;nan;nan;nan;nan;nan;nan;nan;nan;nan;nan;nan;nan;nan;nan;nan;nan;nan;nan;nan;nan;nan;nan;nan;nan;nan;nan;nan;nan;nan;nan;nan;nan;nan;nan;nan;nan;nan;nan;nan;nan;nan;nan;nan;nan;nan;nan;nan;nan;nan;nan;nan;nan;nan;nan;nan;nan;nan;nan;nan;nan;nan;nan;nan;nan;nan;nan;nan;nan;nan;nan;nan;nan;nan;nan;nan;nan;nan;nan;nan;nan;nan;nan;nan;nan;nan;nan;nan;nan;nan;nan;nan;nan;nan;nan;nan;nan;nan;nan;nan;nan;nan;nan;nan;nan;nan;nan;nan;nan;nan;nan;nan;nan;nan;nan;nan;nan;nan;nan;nan;nan;nan;nan;nan,5D,385.0
DE,1,750,12,11,6030,random,6030,156883.888049409,168548.84843681793,11664.960387408937,False,248.1790060492574,3.259414100999493,-444.904 -388.231;17.522 553.631;-155.650 -474.640;330.634 289.638;413.203 -566.725;179.341 -188.622;366.303 -25.410;-392.222 314.811;-572.131 31.105;-148.169 -112.886;10.678 225.393;672.394 -127.088,nan;nan;nan;nan;nan;nan;nan;nan;nan;nan;nan;nan;nan;nan;nan;nan;nan;nan;nan;nan;nan;nan;nan;nan;nan;nan;nan;nan;nan;nan;nan;nan;nan;nan;nan;nan;nan;nan;nan;nan;nan;nan;nan;nan;nan;nan;nan;nan;nan;nan;nan;nan;nan;nan;nan;nan;nan;nan;nan;nan;nan;nan;nan;nan;nan;nan;nan;nan;nan;nan;nan;nan;nan;nan;nan;nan;nan;nan;nan;nan;nan;nan;nan;nan;nan;nan;nan;nan;nan;nan;nan;nan;nan;nan;nan;nan;nan;nan;nan;nan;nan;nan;nan;nan;nan;nan;nan;nan;nan;nan;nan;nan;nan;nan;nan;nan;nan;nan;nan;nan;nan;nan;nan;nan;nan;nan;nan;nan;nan;nan;nan;nan;nan;nan;nan;nan;nan;nan;nan;nan;nan;nan;nan;nan;nan;nan;nan;nan;nan;nan;nan;nan;nan;nan;nan;nan;nan;nan;nan;nan;nan;nan;nan;nan;nan;nan;nan;nan;nan;nan;nan;nan;nan;nan;nan;nan;nan;nan;nan;nan;nan;nan;nan;nan;nan;nan;nan;nan;nan;nan;nan;nan;nan;nan;nan;nan;nan;nan;nan;nan;nan,5D,385.0
SLSQP,2,750,12,21,6030,random,6030,83023.76321301165,87784.54073621597,4760.7775232043205,True,462.4683288379411,4.7835548570001265,369.177 651.805;-194.057 187.750;-91.917 742.445;-746.788 69.157;-511.849 547.477;281.495 -668.670;274.963 164.212;-191.004 -645.542;492.033 -253.246;18.535 -223.992;736.768 139.159;-602.208 -422.260,nan;nan;nan;nan;nan;nan;nan;nan;nan;nan;nan;nan;nan;nan;nan;nan;nan;nan;nan;nan;nan;nan;nan;nan;nan;nan;nan;nan;nan;nan;nan;nan;nan;nan;nan;nan;nan;nan;nan;nan;nan;nan;nan;nan;83022.232;83022.235;83022.238;83022.242;83022.242;83022.248;83022.255;83022.263;83022.271;83022.280;83022.288;83022.288;83022.297;83022.306;83022.315;83022.325;83022.338;83022.351;83022.351;83022.365;83022.379;83022.394;83022.410;83022.426;83022.443;83022.443;83022.464;83022.483;83022.505;83022.527;83022.555;83022.585;83022.585;83022.592;83022.599;83022.605;83022.612;83022.618;83022.625;83022.625;83022.657;83022.688;83022.695;83022.725;83022.755;83022.761;83022.761;83022.788;83022.815;83022.821;83022.827;83022.834;83022.840;83022.840;83022.846;83022.853;83022.859;83022.888;83022.894;83022.901;83022.901;83022.908;83022.914;83022.921;83022.928;83022.935;83022.941;83022.941;83022.952;83022.963;83022.973;83022.984;83022.995;83023.006;83023.006;83023.017;83023.028;83023.038;83023.049;83023.059;83023.070;83023.070;83023.081;83023.092;83023.103;83023.114;83023.124;83023.135;83023.135;83023.146;83023.157;83023.169;83023.180;83023.191;83023.201;83023.201;83023.213;83023.224;83023.235;83023.246;83023.256;83023.267;83023.267;83023.278;83023.289;83023.300;83023.311;83023.322;83023.333;83023.333;83023.344;83023.354;83023.365;83023.375;83023.386;83023.396;83023.396;83023.407;83023.417;83023.427;83023.437;83023.447;83023.457;83023.457;83023.467;83023.476;83023.485;83023.495;83023.504;83023.514;83023.514;83023.524;83023.534;83023.543;83023.552;83023.561;83023.572;83023.572;83023.582;83023.592;83023.602;83023.612;83023.622;83023.633;83023.633;83023.644;83023.654;83023.665;83023.676;83023.687;83023.698;83023.698;83023.712;83023.725;83023.738;83023.751;83023.763,6D,462.0
SSABV,2,750,12,1,6030,random,6030,83341.54791215554,87784.54073621597,4442.992824060435,True,465.1011060237262,3.5096360369998365,-521.233 536.056;-740.349 118.887;-293.072 -58.070;172.925 -612.021;243.451 -131.457;-305.938 -683.290;-102.743 740.309;660.020 241.955;47.631 300.188;376.000 645.845;-657.114 -361.151;669.439 -333.409,nan;nan;nan;nan;nan;nan;nan;nan;nan;nan;nan;nan;nan;nan;nan;nan;nan;nan;nan;nan;nan;nan;nan;nan;nan;nan;nan;nan;nan;nan;nan;nan;nan;nan;nan;nan;nan;nan;nan;nan;nan;nan;nan;nan;nan;nan;nan;nan;nan;nan;nan;nan;nan;nan;nan;nan;nan;nan;nan;nan;nan;nan;nan;nan;nan;nan;nan;nan;nan;nan;nan;nan;nan;nan;nan;nan;nan;nan;nan;nan;nan;nan;nan;nan;nan;nan;nan;nan;nan;nan;nan;nan;nan;nan;nan;nan;nan;nan;nan;nan;nan;nan;nan;nan;nan;nan;nan;nan;nan;nan;nan;nan;nan;nan;nan;nan;nan;nan;nan;nan;nan;nan;nan;nan;nan;nan;nan;nan;nan;nan;nan;nan;nan;nan;nan;nan;nan;nan;nan;nan;nan;nan;nan;nan;nan;nan;nan;nan;82861.289;83010.415;83011.809;83124.681;83128.415;83183.275;83188.477;83192.230;83193.623;83197.376;83199.407;83202.336;83206.089;83206.592;83210.345;83214.007;83215.450;83219.112;83220.495;83222.685;83226.170;83226.170;83227.630;83231.022;83231.022;83232.464;83233.851;83233.851;83235.147;83237.219;83238.530;83321.779;83321.779;83322.590;83326.812;83326.812;83330.989;83335.120;83335.120;83335.928;83335.928;83336.651;83337.292;83337.292;83338.247;83338.247;83340.226;83340.873;83340.873;83341.212;83341.212;83341.419;83341.548,6D,462.0
RSDVNS,2,750,12,11,6030,random,6030,82199.19190309395,87784.54073621597,5585.348833122029,False,454.4888183384327,2.562772774000223,617.433 390.584;285.035 -136.416;747.063 -57.048;-385.757 272.731;-141.771 -620.925;-217.587 706.122;-582.846 -463.245;-193.497 -157.815;517.887 -534.313;72.140 265.126;-741.230 -30.788;260.026 688.888,nan;nan;nan;nan;nan;nan;nan;nan;nan;nan;nan;nan;nan;nan;nan;nan;nan;nan;nan;nan;nan;nan;nan;nan;nan;nan;nan;nan;nan;nan;nan;nan;nan;nan;nan;nan;nan;nan;nan;nan;nan;nan;nan;nan;nan;nan;nan;nan;nan;nan;nan;nan;nan;nan;nan;nan;nan;nan;nan;nan;nan;nan;nan;nan;nan;nan;nan;nan;nan;nan;nan;nan;nan;nan;nan;nan;nan;nan;nan;nan;nan;nan;nan;nan;nan;nan;nan;nan;nan;nan;nan;nan;nan;nan;nan;nan;nan;nan;nan;nan;nan;nan;nan;nan;nan;nan;nan;nan;nan;nan;nan;nan;nan;nan;nan;nan;nan;nan;nan;nan;nan;nan;nan;nan;nan;nan;nan;nan;nan;nan;nan;nan;nan;nan;nan;nan;nan;nan;nan;nan;nan;nan;nan;nan;nan;nan;nan;nan;nan;nan;nan;nan;nan;nan;nan;nan;nan;nan;nan;nan;nan;nan;nan;nan;nan;nan;nan;nan;nan;nan;nan;nan;nan;nan;nan;nan;nan;nan;nan;nan;nan;nan;nan;nan;nan;nan;nan;nan;nan;nan;nan;nan;nan;nan;nan;nan;nan;nan;nan;nan;nan,6D,462.0
BVNS,2,750,12,21,6030,random,6030,81976.73153327155,87784.54073621597,5807.809202944423,True,462.0533076841025,2.413046554000175,324.855 675.233;-144.678 -180.915;-341.518 667.627;-730.347 -157.430;-459.432 220.062;504.402 -509.169;-4.804 350.086;61.040 -646.331;741.534 -111.879;290.694 -5.124;648.082 340.746;-488.662 -556.130,nan;nan;nan;nan;nan;nan;nan;nan;nan;nan;nan;nan;nan;nan;nan;nan;nan;nan;nan;nan;nan;nan;nan;nan;nan;nan;nan;nan;nan;nan;nan;nan;nan;nan;nan;nan;nan;nan;nan;nan;nan;nan;nan;nan;nan;nan;nan;nan;nan;nan;nan;nan;nan;nan;nan;nan;nan;nan;nan;nan;nan;nan;nan;nan;nan;nan;nan;nan;nan;nan;nan;nan;nan;nan;nan;nan;nan;nan;nan;nan;nan;nan;nan;nan;nan;nan;nan;nan;nan;nan;nan;nan;nan;nan;nan;nan;nan;nan;nan;nan;nan;nan;nan;nan;nan;nan;nan;nan;nan;nan;nan;nan;nan;nan;nan;nan;nan;nan;nan;nan;nan;nan;nan;nan;nan;nan;nan;nan;nan;nan;nan;nan;nan;nan;nan;nan;nan;nan;nan;nan;nan;nan;nan;nan;nan;nan;nan;nan;nan;nan;nan;nan;nan;nan;nan;nan;nan;nan;nan;nan;nan;nan;nan;nan;nan;nan;nan;nan;nan;nan;nan;nan;nan;nan;nan;nan;nan;nan;nan;nan;nan;nan;nan;nan;nan;nan;nan;nan;nan;nan;nan;81969.134;81969.134;81970.496;81971.320;81972.391;81973.752;81974.570;81975.374;81976.732;81976.732,6D,462.0
SSA,2,750,12,1,6030,random,6030,81905.14419961168,87784.54073621597,5879.396536604298,False,392.6619714016515,2.5961323600004107,-195.362 696.532;-95.102 211.309;188.668 -721.877;-522.426 58.680;-661.574 -353.298;-589.622 463.508;-270.028 -266.985;422.779 361.663;-259.406 -703.707;732.474 -40.582;115.279 -191.342;471.489 -397.739,nan;nan;nan;nan;nan;nan;nan;nan;nan;nan;nan;nan;nan;nan;nan;nan;nan;nan;nan;nan;nan;nan;nan;nan;nan;nan;nan;nan;nan;nan;nan;nan;nan;nan;nan;nan;nan;nan;nan;nan;nan;nan;nan;nan;nan;nan;nan;nan;nan;nan;nan;nan;nan;nan;nan;nan;nan;nan;nan;nan;nan;nan;nan;nan;nan;nan;nan;nan;nan;nan;nan;nan;nan;nan;nan;nan;nan;nan;nan;nan;nan;nan;nan;nan;nan;nan;nan;nan;nan;nan;nan;nan;nan;nan;nan;nan;nan;nan;nan;nan;nan;nan;nan;nan;nan;nan;nan;nan;nan;nan;nan;nan;nan;nan;nan;nan;nan;nan;nan;nan;nan;nan;nan;nan;nan;nan;nan;nan;nan;nan;nan;nan;nan;nan;nan;nan;nan;nan;nan;nan;nan;nan;nan;nan;nan;nan;nan;nan;nan;nan;nan;nan;nan;nan;nan;nan;nan;nan;nan;nan;nan;nan;nan;nan;nan;nan;nan;nan;nan;nan;nan;nan;nan;nan;nan;nan;nan;nan;nan;nan;nan;nan;nan;nan;nan;nan;nan;nan;nan;nan;nan;nan;nan;nan;nan;nan;nan;nan;nan;nan;nan,6D,462.0
LXSSA,2,750,12,11,6030,random,6030,82218.4781559451,87784.54073621597,5566.062580270882,False,444.6222270720447,2.4555247429998417,138.546 -141.917;66.252 746.376;172.292 -590.138;-293.244 4.260;-341.861 470.242;87.862 302.279;589.934 -414.799;709.151 95.446;-278.543 -668.420;-740.263 106.588;493.436 564.819;-604.898 -328.877,nan;nan;nan;nan;nan;nan;nan;nan;nan;nan;nan;nan;nan;nan;nan;nan;nan;nan;nan;nan;nan;nan;nan;nan;nan;nan;nan;nan;nan;nan;nan;nan;nan;nan;nan;nan;nan;nan;nan;nan;nan;nan;nan;nan;nan;nan;nan;nan;nan;nan;nan;nan;nan;nan;nan;nan;nan;nan;nan;nan;nan;nan;nan;nan;nan;nan;nan;nan;nan;nan;nan;nan;nan;nan;nan;nan;nan;nan;nan;nan;nan;nan;nan;nan;nan;nan;nan;nan;nan;nan;nan;nan;nan;nan;nan;nan;nan;nan;nan;nan;nan;nan;nan;nan;nan;nan;nan;nan;nan;nan;nan;nan;nan;nan;nan;nan;nan;nan;nan;nan;nan;nan;nan;nan;nan;nan;nan;nan;nan;nan;nan;nan;nan;nan;nan;nan;nan;nan;nan;nan;nan;nan;nan;nan;nan;nan;nan;nan;nan;nan;nan;nan;nan;nan;nan;nan;nan;nan;nan;nan;nan;nan;nan;nan;nan;nan;nan;nan;nan;nan;nan;nan;nan;nan;nan;nan;nan;nan;nan;nan;nan;nan;nan;nan;nan;nan;nan;nan;nan;nan;nan;nan;nan;nan;nan;nan;nan;nan;nan;nan;nan,6D,462.0
DE,2,750,12,21,6030,random,6030,80465.55357648164,87784.54073621597,7318.98715973433,False,208.83836260036892,2.8797780089998923,-465.342 587.201;551.272 -474.241;504.753 537.167;-10.801 -110.268;-379.163 122.136;527.929 -202.301;-213.921 671.894;327.107 -619.752;83.438 259.809;-568.929 -319.527;-480.849 -130.172;162.494 -317.854,nan;nan;nan;nan;nan;nan;nan;nan;nan;nan;nan;nan;nan;nan;nan;nan;nan;nan;nan;nan;nan;nan;nan;nan;nan;nan;nan;nan;nan;nan;nan;nan;nan;nan;nan;nan;nan;nan;nan;nan;nan;nan;nan;nan;nan;nan;nan;nan;nan;nan;nan;nan;nan;nan;nan;nan;nan;nan;nan;nan;nan;nan;nan;nan;nan;nan;nan;nan;nan;nan;nan;nan;nan;nan;nan;nan;nan;nan;nan;nan;nan;nan;nan;nan;nan;nan;nan;nan;nan;nan;nan;nan;nan;nan;nan;nan;nan;nan;nan;nan;nan;nan;nan;nan;nan;nan;nan;nan;nan;nan;nan;nan;nan;nan;nan;nan;nan;nan;nan;nan;nan;nan;nan;nan;nan;nan;nan;nan;nan;nan;nan;nan;nan;nan;nan;nan;nan;nan;nan;nan;nan;nan;nan;nan;nan;nan;nan;nan;nan;nan;nan;nan;nan;nan;nan;nan;nan;nan;nan;nan;nan;nan;nan;nan;nan;nan;nan;nan;nan;nan;nan;nan;nan;nan;nan;nan;nan;nan;nan;nan;nan;nan;nan;nan;nan;nan;nan;nan;nan;nan;nan;nan;nan;nan;nan;nan;nan;nan;nan;nan;nan,6D,462.0
PSOBV,2,750,12,1,6030,random,6030,83197.82027797696,87784.54073621597,4586.720458239011,True,390.01296255181046,2.265215503000036,-32.328 -305.205;-625.914 -370.087;-133.807 -737.650;411.138 -627.098;549.885 -245.236;-116.290 272.736;208.948 615.889;-363.915 -62.117;-291.274 635.917;-583.961 370.562;626.722 361.481;237.954 109.574,nan;nan;nan;nan;nan;nan;nan;nan;nan;nan;nan;nan;nan;nan;nan;nan;nan;nan;nan;nan;nan;nan;nan;nan;nan;nan;nan;nan;nan;nan;nan;nan;nan;nan;nan;nan;nan;nan;nan;nan;nan;nan;nan;nan;nan;nan;81159.857;81159.857;81503.143;81503.143;81503.143;81503.143;81503.143;81503.143;81799.341;81799.341;81799.341;81799.341;81960.260;81960.260;81960.260;81964.757;81964.757;81964.757;81973.044;81973.044;81973.044;81973.044;81977.222;82068.574;82072.503;82072.503;82072.503;82072.503;82100.182;82100.182;82100.182;82109.502;82109.502;82109.502;82111.695;82145.150;82145.150;82206.234;82472.676;82472.676;82472.676;82472.676;82472.676;82472.676;82472.676;82472.676;82472.676;82472.676;82472.676;82472.676;82472.676;82472.676;82472.676;82472.676;82472.676;82510.427;82526.606;82564.357;82624.929;82650.618;82684.402;82741.300;82741.300;82766.712;82766.712;82766.712;82823.283;82840.905;82844.217;82861.844;82861.844;82868.187;82876.689;82876.689;82876.689;82876.689;82923.612;82937.102;82958.238;82976.193;82990.675;82990.675;82992.411;82993.799;82999.953;83001.688;83001.688;83002.924;83004.273;83013.647;83014.884;83015.293;83015.293;83020.502;83036.224;83064.631;83081.294;83127.878;83128.449;83142.012;83144.542;83145.107;83150.433;83150.998;83152.274;83162.113;83162.678;83164.730;83164.730;83164.730;83164.730;83168.503;83171.822;83173.617;83175.592;83176.055;83178.029;83179.004;83179.004;83179.004;83179.004;83180.993;83181.603;83183.324;83184.288;83184.764;83186.835;83187.311;83187.311;83187.311;83188.752;83188.973;83189.963;83190.183;83190.885;83191.268;83191.546;83192.016;83192.236;83192.676;83193.143;83193.362;83193.802;83194.186;83194.265;83194.922;83195.142;83195.381;83196.038;83196.258;83196.493;83196.879;83197.149;83197.601;83197.820,5D,385.0
SSABV,2,750,12,11,6030,random,6030,80808.44748020975,87784.54073621597,6976.093256006221,True,385.9515090412588,2.413064905000283,420.773 319.996;-55.225 175.128;236.349 -440.504;-190.662 559.376;-707.403 -247.462;278.148 -48.369;621.561 -416.627;-401.009 -633.565;746.694 -48.277;-387.531 -30.562;1.911 -747.656;-142.519 -334.155,nan;nan;nan;nan;nan;nan;nan;nan;nan;nan;nan;nan;nan;nan;nan;nan;nan;nan;nan;nan;nan;nan;nan;nan;nan;nan;nan;nan;nan;nan;nan;nan;nan;nan;nan;nan;nan;nan;nan;nan;nan;nan;nan;nan;nan;nan;nan;nan;nan;nan;nan;nan;nan;nan;nan;nan;nan;nan;nan;nan;nan;nan;nan;nan;nan;nan;nan;nan;nan;nan;nan;nan;nan;nan;nan;nan;nan;nan;nan;nan;nan;nan;nan;nan;nan;nan;nan;nan;nan;nan;nan;nan;nan;nan;nan;nan;nan;nan;nan;nan;nan;nan;nan;nan;nan;nan;nan;nan;nan;nan;nan;nan;nan;nan;nan;nan;nan;nan;nan;nan;nan;nan;nan;nan;nan;nan;nan;nan;nan;nan;nan;nan;nan;nan;nan;nan;nan;nan;nan;nan;nan;nan;nan;nan;nan;nan;nan;80565.215;80689.550;80731.456;80733.151;80736.137;80737.832;80742.074;80744.591;80746.286;80748.772;80750.467;80752.148;80752.148;80753.816;80755.471;80755.471;80757.113;80757.113;80758.664;80760.202;80760.202;80761.467;80762.502;80762.781;80764.760;80764.760;80765.789;80767.422;80767.422;80773.265;80774.961;80793.649;80794.648;80794.648;80796.181;80797.118;80797.177;80798.699;80799.639;80799.693;80800.682;80800.682;80801.667;80802.608;80802.648;80803.625;80804.567;80804.598;80805.566;80805.566;80806.531;80807.474;80807.491;80808.447,5D,385.0
RSDVNS,2,750,12,21,6030,random,6030,82384.7153379234,87784.54073621597,5399.825398292582,True,386.09351645334726,2.528613382000003,-717.715 -206.845;-650.027 213.768;54.536 337.824;382.683 -310.233;394.367 588.779;80.444 -47.399;-316.947 478.899;-462.170 -587.450;615.697 244.569;219.771 -680.372;736.867 -127.831;-305.237 -233.560,nan;nan;nan;nan;nan;nan;nan;nan;nan;nan;nan;nan;nan;nan;nan;nan;nan;nan;nan;nan;nan;nan;nan;nan;nan;nan;nan;nan;nan;nan;nan;nan;nan;nan;nan;nan;nan;nan;nan;nan;nan;nan;nan;nan;nan;nan;nan;nan;nan;nan;nan;nan;nan;nan;nan;nan;nan;nan;nan;nan;nan;nan;nan;nan;nan;nan;nan;nan;nan;nan;nan;nan;nan;nan;nan;nan;nan;nan;nan;nan;nan;nan;nan;nan;nan;nan;nan;nan;nan;nan;nan;nan;nan;nan;nan;nan;nan;nan;nan;nan;nan;nan;nan;nan;nan;nan;nan;nan;nan;nan;nan;nan;nan;nan;nan;nan;nan;nan;nan;nan;nan;nan;nan;nan;nan;nan;nan;nan;nan;nan;nan;nan;nan;nan;nan;nan;nan;nan;nan;nan;nan;nan;nan;nan;nan;81971.129;81971.129;82140.874;82169.099;82223.394;82251.589;82291.705;82291.705;82312.111;82312.111;82312.111;82312.111;82312.111;82316.024;82323.297;82324.392;82331.672;82331.672;82337.213;82337.532;82342.286;82345.360;82350.860;82350.860;82351.485;82353.306;82353.466;82355.043;82356.136;82356.921;82357.552;82359.078;82359.716;82361.382;82361.471;82362.117;82362.117;82362.424;82367.866;82367.866;82368.059;82368.059;82368.059;82370.754;82371.349;82374.044;82374.361;82376.573;82378.297;82378.614;82379.876;82380.640;82381.584;82383.153;82383.470;82384.715,5D,385.0
PSOC,2,750,12,1,6030,random,6030,83153.45241577075,87784.54073621597,4631.088320445226,True,387.49450125187684,2.5466741049995107,-32.310 -289.374;-636.453 -383.801;-283.917 -686.385;380.017 -635.620;518.375 -235.370;-118.237 264.550;187.097 601.783;-351.308 -61.688;-278.553 622.167;-584.836 366.325;607.086 338.782;235.517 106.405,nan;nan;nan;nan;nan;nan;nan;nan;nan;nan;nan;nan;nan;nan;nan;nan;nan;nan;nan;nan;nan;nan;nan;nan;nan;nan;nan;nan;nan;nan;nan;nan;nan;nan;nan;nan;nan;nan;nan;nan;nan;nan;nan;nan;nan;nan;81159.857;81159.857;81503.143;81503.143;81503.143;81503.143;81503.143;81503.143;81799.341;81799.341;81799.341;81799.341;81960.260;81960.260;81960.260;81964.757;81964.757;81964.757;81973.044;81973.044;81973.044;81973.044;81977.222;82068.574;82072.503;82072.503;82072.503;82072.503;82100.182;82100.182;82100.182;82109.502;82109.502;82109.502;82111.695;82145.150;82145.150;82206.234;82472.676;82472.676;82472.676;82472.676;82472.676;82472.676;82472.676;82472.676;82472.676;82472.676;82472.676;82472.676;82472.676;82472.676;82472.676;82472.676;82472.676;82472.676;82472.676;82479.557;82479.557;82479.557;82505.503;82505.503;82505.503;82505.503;82505.503;82594.177;82594.177;82594.177;82594.177;82594.177;82594.177;82594.177;82594.177;82594.177;82594.177;82648.561;82648.561;82658.465;82658.465;82658.465;82664.880;82664.880;82668.505;82676.869;82676.869;82676.869;82676.869;82676.869;82676.869;82693.415;82693.415;82693.415;82737.560;82737.560;82776.958;82776.958;82776.958;82776.958;82776.958;82776.958;82776.958;82776.958;82776.958;82809.693;82816.301;82831.857;82831.857;82845.038;82852.885;82852.885;82852.885;82852.885;82852.885;82852.885;82852.885;82852.885;82889.609;82902.842;82902.842;82902.842;82902.842;82950.544;82979.228;82979.228;82979.228;82979.228;83021.332;83076.894;83076.894;83076.894;83076.894;83076.894;83076.894;83076.894;83076.894;83076.894;83076.894;83076.894;83080.034;83080.034;83099.863;83099.863;83099.863;83099.863;83099.863;83114.578;83114.578;83115.065;83115.065;83115.065;83122.488;83126.058;83131.433;83131.433;83153.452,5D,385.0
SSA,2,750,12,11,6030,random,6030,81154.70172068369,87784.54073621597,6629.839015532285,False,367.7757497719216,2.5209184389996153,-520.890 -158.056;7.646 -71.110;-308.952 178.867;-21.895 -444.714;-342.110 -646.487;54.761 301.139;317.088 -616.922;442.694 236.837;633.715 -401.130;-117.715 640.510;378.553 -136.269;300.266 592.686,nan;nan;nan;nan;nan;nan;nan;nan;nan;nan;nan;nan;nan;nan;nan;nan;nan;nan;nan;nan;nan;nan;nan;nan;nan;nan;nan;nan;nan;nan;nan;nan;nan;nan;nan;nan;nan;nan;nan;nan;nan;nan;nan;nan;nan;nan;nan;nan;nan;nan;nan;nan;nan;nan;nan;nan;nan;nan;nan;nan;nan;nan;nan;nan;nan;nan;nan;nan;nan;nan;nan;nan;nan;nan;nan;nan;nan;nan;nan;nan;nan;nan;nan;nan;nan;nan;nan;nan;nan;nan;nan;nan;nan;nan;nan;nan;nan;nan;nan;nan;nan;nan;nan;nan;nan;nan;nan;nan;nan;nan;nan;nan;nan;nan;nan;nan;nan;nan;nan;nan;nan;nan;nan;nan;nan;nan;nan;nan;nan;nan;nan;nan;nan;nan;nan;nan;nan;nan;nan;nan;nan;nan;nan;nan;nan;nan;nan;nan;nan;nan;nan;nan;nan;nan;nan;nan;nan;nan;nan;nan;nan;nan;nan;nan;nan;nan;nan;nan;nan;nan;nan;nan;nan;nan;nan;nan;nan;nan;nan;nan;nan;nan;nan;nan;nan;nan;nan;nan;nan;nan;nan;nan;nan;nan;nan;nan;nan;nan;nan;nan;nan,5D,385.0
LXSSA,2,750,12,21,6030,random,6030,80792.34141499232,87784.54073621597,6992.199321223656,False,295.8024015087119,3.3513950070000647,466.509 275.525;-295.661 -600.687;-43.483 741.142;153.369 448.783;-605.142 -403.959;383.546 634.573;270.869 -327.236;141.361 -22.609;-136.665 174.918;540.635 -514.897;-334.264 -105.714;74.249 -690.085,nan;nan;nan;nan;nan;nan;nan;nan;nan;nan;nan;nan;nan;nan;nan;nan;nan;nan;nan;nan;nan;nan;nan;nan;nan;nan;nan;nan;nan;nan;nan;nan;nan;nan;nan;nan;nan;nan;nan;nan;nan;nan;nan;nan;nan;nan;nan;nan;nan;nan;nan;nan;nan;nan;nan;nan;nan;nan;nan;nan;nan;nan;nan;nan;nan;nan;nan;nan;nan;nan;nan;nan;nan;nan;nan;nan;nan;nan;nan;nan;nan;nan;nan;nan;nan;nan;nan;nan;nan;nan;nan;nan;nan;nan;nan;nan;nan;nan;nan;nan;nan;nan;nan;nan;nan;nan;nan;nan;nan;nan;nan;nan;nan;nan;nan;nan;nan;nan;nan;nan;nan;nan;nan;nan;nan;nan;nan;nan;nan;nan;nan;nan;nan;nan;nan;nan;nan;nan;nan;nan;nan;nan;nan;nan;nan;nan;nan;nan;nan;nan;nan;nan;nan;nan;nan;nan;nan;nan;nan;nan;nan;nan;nan;nan;nan;nan;nan;nan;nan;nan;nan;nan;nan;nan;nan;nan;nan;nan;nan;nan;nan;nan;nan;nan;nan;nan;nan;nan;nan;nan;nan;nan;nan;nan;nan;nan;nan;nan;nan;nan;nan,5D,385.0
SLSQP,1,1000,10,1,6030,random,6030,138817.61252031667,140457.3736973483,1639.7611770316144,True,462.58431679008294,4.599706472999969,-521.741 -571.450;105.629 72.752;642.689 762.626;842.778 -530.165;105.031 -639.175;-271.339 -962.455;-666.856 743.724;-976.275 -209.495;230.250 973.124;512.082 -858.934,nan;nan;nan;nan;138140.690;138147.081;138154.187;138156.385;138156.385;138156.385;138156.385;138156.385;138156.385;138156.385;138156.385;138156.385;138156.385;138156.385;138156.385;138156.385;138156.385;138156.385;138156.385;138156.385;138718.084;138718.084;138731.541;138731.541;138731.541;138731.541;138731.541;138731.541;138731.541;138731.541;138731.541;138731.541;138731.541;138731.541;138731.541;138731.541;138731.541;138731.541;138731.541;138731.541;138731.541;138731.541;138731.541;138731.541;138731.541;138731.541;138731.541;138731.541;138731.541;138731.541;138731.541;138731.541;138731.541;138731.541;138731.541;138731.541;138731.541;138731.541;138731.541;138731.541;138731.541;138731.541;138731.541;138731.541;138731.541;138731.541;138731.541;138731.541;138731.541;138731.541;138731.541;138731.541;138731.541;138731.541;138731.541;138731.541;138731.541;138731.541;138731.541;138731.541;138731.541;138731.541;138731.541;138731.541;138731.541;138731.541;138731.541;138731.541;138731.541;138731.541;138731.541;138731.541;138731.541;138731.541;138731.541;138731.541;138731.541;138731.541;138731.541;138731.541;138731.541;138731.541;138731.541;138731.541;138731.541;138731.541;138731.541;138731.541;138731.541;138731.541;138731.541;138731.541;138731.541;138731.541;138731.541;138731.541;138731.541;138731.541;138731.541;138792.025;138792.025;138792.025;138792.025;138792.025;138792.025;138792.025;138792.025;138792.025;138792.025;138792.025;138792.025;138792.025;138792.025;138792.025;138792.025;138792.025;138792.025;138815.541;138816.217;138816.217;138816.217;138816.339;138817.611;138817.613;138817.613;138817.613;138817.613;138817.613;138817.613;138817.613;138817.613;138817.613;138817.613;138817.613;138817.613;138817.613;138817.613;138817.613;138817.613;138817.613;138817.613;138817.613;138817.613;138817.613;138817.613;138817.613;138817.613;138817.613;138817.613;138817.613;138817.613;138817.613;138817.613;138817.613;138817.613;138817.613;138817.613;138817.613;138817.613;138817.613;138817.613;138817.613;138817.613;138817.613;138817.613;138817.613;138817.613;138817.613;138817.613;138817.613;138817.613;138817.613;138817.613;138817.613;138817.613;138817.613;138817.613,6D,462.0
PSOBV,1,1000,10,11,6030,random,6030,139493.98687123612,140457.3736973483,963.3868261121679,True,485.0523279964976,2.6573439969997708,-764.833 407.358;-276.150 955.189;470.252 185.331;950.268 292.941;922.339 -384.959;-967.833 -246.736;487.387 -812.903;208.738 942.563;-284.257 -953.650;44.916 -394.095,nan;nan;nan;nan;nan;nan;nan;nan;nan;nan;nan;nan;nan;nan;nan;nan;nan;nan;nan;nan;nan;nan;nan;nan;nan;nan;nan;nan;nan;nan;nan;nan;nan;nan;nan;nan;nan;nan;nan;137734.891;137734.891;137734.891;137976.205;137976.205;137976.205;138004.758;138004.758;138004.758;138691.533;138691.533;138691.533;138691.533;138691.533;138691.533;138710.908;138710.908;138710.908;138710.908;138734.696;138734.696;138734.696;138827.119;138827.119;139153.053;139153.053;139153.053;139153.053;139153.053;139153.053;139153.053;139153.053;139153.053;139153.053;139153.053;139153.053;139153.053;139153.053;139153.053;139153.053;139153.053;139153.053;139153.053;139153.053;139153.053;139153.053;139153.053;139153.053;139153.053;139164.589;139195.013;139195.013;139195.013;139195.013;139195.013;139195.013;139201.972;139203.286;139203.286;139208.695;139208.695;139208.695;139238.589;139247.602;139277.483;139277.483;139286.522;139298.491;139320.915;139320.915;139332.829;139357.799;139374.576;139374.576;139377.624;139387.314;139394.681;139394.681;139397.762;139402.746;139409.476;139409.476;139409.476;139432.357;139432.956;139440.296;139447.803;139448.403;139450.321;139450.907;139451.539;139453.284;139454.304;139455.413;139456.479;139457.156;139458.822;139458.822;139459.439;139459.439;139460.084;139463.089;139463.733;139464.839;139468.430;139468.430;139478.011;139478.354;139482.787;139483.058;139483.544;139483.879;139484.693;139484.693;139484.993;139484.993;139485.147;139487.174;139488.913;139489.106;139489.456;139489.550;139489.780;139490.101;139490.331;139490.565;139490.721;139490.874;139491.024;139491.024;139491.166;139491.166;139491.240;139491.638;139491.712;139491.901;139491.901;139491.901;139492.698;139492.772;139493.204;139493.562;139493.635;139493.747;139493.828;139493.858;139493.891;139493.987;139493.987;139493.987;139493.987;139493.987;139493.987;139493.987;139493.987;139493.987;139493.987;139493.987;139493.987;139493.987;139493.987;139493.987,6D,462.0
SSABV,1,1000,10,21,6030,random,6030,139656.1225807177,140457.3736973483,801.2511166305922,True,474.6621762804787,2.078266251000059,121.658 957.828;-846.552 -514.501;98.074 222.652;-206.871 -423.818;-849.160 218.904;916.410 -399.429;536.954 -842.538;564.210 334.133;-395.429 79.505;-587.510 808.975,nan;nan;nan;nan;nan;nan;nan;nan;nan;nan;nan;nan;nan;nan;nan;nan;nan;nan;nan;nan;nan;nan;nan;nan;nan;nan;nan;nan;nan;nan;nan;nan;nan;nan;nan;nan;nan;nan;nan;nan;nan;nan;nan;138842.975;138842.975;138842.975;138842.975;138842.975;138842.975;138842.975;138842.975;138842.975;138842.975;138842.975;138842.975;138842.975;138888.254;138888.254;138888.254;138888.254;138894.800;138894.800;138895.662;138897.902;138897.902;138897.902;138899.764;138901.497;138903.283;138908.896;138909.473;138910.206;138911.341;138911.771;138912.033;138912.222;138912.558;138912.646;138912.763;138912.926;138913.050;138913.153;138913.222;138913.290;138913.316;138913.351;138913.362;138913.378;138913.383;138913.393;138913.395;138913.404;138913.406;138913.408;138913.411;138913.412;138913.413;138913.414;138913.415;138913.415;138913.416;139440.277;139457.397;139512.904;139517.186;139544.661;139544.661;139554.526;139560.773;139565.271;139565.271;139569.624;139569.624;139583.052;139585.035;139597.021;139597.021;139597.021;139598.794;139606.291;139606.291;139608.062;139608.235;139609.281;139610.043;139610.947;139611.172;139612.063;139612.063;139612.225;139612.308;139612.384;139616.896;139617.016;139617.050;139617.098;139617.098;139617.098;139617.124;139618.243;139618.499;139619.610;139620.146;139620.146;139621.095;139621.625;139622.560;139623.085;139623.085;139624.005;139624.524;139625.045;139625.045;139625.952;139644.241;139644.241;139644.716;139646.970;139647.127;139647.225;139648.554;139648.703;139648.941;139650.106;139650.275;139650.419;139651.713;139652.857;139652.991;139653.116;139653.116;139653.133;139653.133;139653.391;139653.391;139653.629;139653.709;139653.714;139653.730;139653.741;139653.741;139653.741;139654.503;139654.630;139654.631;139654.759;139654.962;139655.071;139655.077;139655.187;139655.945;139655.945;139656.123;139656.123;139656.123;139656.123;139656.123;139656.123;139656.123;139656.123;139656.123,6D,462.0
BVNS,1,1000,10,1,6030,random,6030,139261.2834101359,140457.3736973483,1196.0902872123988,True,484.43227204754345,1.9649854449999111,-456.778 -414.971;387.473 85.709;901.943 426.988;950.000 -309.581;152.818 -574.673;-281.216 -925.372;-755.187 650.943;-975.000 -209.205;581.659 808.688;624.371 -685.636,nan;nan;nan;nan;nan;nan;nan;nan;nan;nan;nan;nan;nan;nan;nan;nan;nan;nan;nan;nan;nan;nan;nan;nan;nan;nan;nan;nan;nan;nan;nan;nan;nan;nan;nan;nan;nan;nan;nan;nan;nan;nan;136997.395;137188.994;137468.389;137660.000;137744.745;137758.381;137800.111;137811.819;137850.455;137879.837;137915.988;137922.807;137939.214;137956.064;137956.064;137961.488;137962.558;137965.230;137976.398;137977.047;137985.627;138001.985;138118.538;138119.952;138121.517;138122.062;138138.444;138139.744;138140.882;138141.176;138141.176;138141.176;138147.075;138147.075;138152.735;138154.991;138197.436;138197.436;138198.612;138201.505;138202.063;138202.167;138207.799;138208.317;138208.317;138208.483;138208.647;138208.647;138232.773;138233.047;138233.047;138233.280;138233.280;138233.487;138233.535;138233.615;138233.615;138234.358;138242.334;138242.622;138243.334;138243.467;138243.467;138243.600;138243.619;138243.705;138243.705;138243.720;138243.848;138243.858;138243.858;138243.858;138248.179;138248.543;138248.543;138252.837;138253.191;138253.253;138253.440;138257.710;138257.771;138258.209;138258.209;138258.276;138258.338;138258.338;138258.391;138258.435;138258.438;138258.458;138258.458;138258.458;138258.458;138258.458;138258.458;138258.458;138258.458;138258.458;138258.458;138581.938;138697.912;138734.033;138789.999;138868.809;138909.172;138917.306;139039.164;139045.075;139077.129;139077.129;139089.041;139089.041;139122.253;139127.495;139160.700;139165.846;139165.846;139169.324;139169.324;139188.125;139199.326;139203.493;139203.793;139207.960;139207.960;139209.873;139211.727;139211.939;139213.045;139214.841;139225.532;139225.746;139226.812;139228.481;139228.697;139229.239;139229.239;139229.768;139230.285;139230.790;139230.790;139231.284;139231.500;139231.984;139231.984;139251.086;139251.425;139251.425;139254.510;139259.271;139259.271;139259.744;139260.385;139260.385;139260.552;139260.575;139260.575;139261.258;139261.283,6D,462.0
PSOC,1,1000,10,11,6030,random,6030,139715.0590497033,140457.3736973483,742.314647644991,True,491.9528691925227,2.1224787229994035,-697.339 420.381;-296.863 947.028;472.889 178.162;954.098 290.776;709.077 -308.435;-919.947 -197.696;477.737 -742.601;263.412 962.995;-253.846 -846.751;53.491 -437.806,nan;nan;nan;nan;nan;nan;nan;nan;nan;nan;nan;nan;nan;nan;nan;nan;nan;nan;nan;nan;nan;nan;nan;nan;nan;nan;nan;nan;nan;nan;nan;nan;nan;nan;nan;nan;nan;nan;nan;137734.891;137734.891;137734.891;137976.205;137976.205;137976.205;138004.758;138004.758;138004.758;138691.533;138691.533;138691.533;138691.533;138691.533;138691.533;138710.908;138710.908;138710.908;138710.908;138734.696;138734.696;138734.696;138827.119;138827.119;139153.053;139153.053;139153.053;139153.053;139153.053;139153.053;139153.053;139153.053;139153.053;139153.053;139153.053;139153.053;139153.053;139153.053;139153.053;139153.053;139153.053;139153.053;139153.053;139153.053;139153.053;139153.053;139153.053;139153.053;139153.053;139164.589;139195.013;139195.013;139195.013;139195.013;139195.013;139195.013;139201.972;139203.286;139203.286;139208.695;139208.695;139208.695;139208.695;139210.132;139210.132;139210.132;139217.667;139219.313;139219.313;139219.313;139219.313;139219.313;139219.313;139219.313;139221.258;139222.436;139222.436;139223.827;139226.167;139226.167;139235.844;139236.841;139236.841;139236.841;139239.749;139251.445;139280.951;139292.356;139292.356;139293.452;139293.452;139297.703;139297.703;139297.703;139311.990;139311.990;139311.990;139311.990;139311.990;139311.990;139311.990;139311.990;139311.990;139311.990;139311.990;139311.990;139311.990;139311.990;139311.990;139317.031;139317.031;139365.805;139365.805;139365.805;139365.805;139365.805;139365.805;139365.805;139371.688;139379.245;139386.624;139414.482;139414.482;139414.482;139414.482;139414.482;139414.482;139414.482;139414.482;139422.253;139422.253;139422.253;139422.253;139422.253;139422.253;139423.386;139424.055;139587.781;139636.026;139636.026;139654.691;139679.808;139680.283;139698.233;139698.233;139698.233;139698.233;139698.233;139698.233;139702.214;139702.214;139702.214;139702.214;139702.214;139702.214;139715.059;139715.059;139715.059;139715.059;139715.059;139715.059;139715.059,6D,462.0
SSA,1,1000,10,21,6030,random,6030,138355.6899632962,140457.3736973483,2101.683734052087,True,473.1302991362862,2.134897534000629,617.188 597.642;-803.402 -451.621;-311.148 438.106;-39.811 -541.503;-805.196 420.093;304.463 -214.705;641.486 -623.649;898.143 -156.626;-262.657 -124.140;-270.144 961.111,nan;nan;nan;nan;nan;nan;nan;nan;nan;nan;nan;nan;nan;nan;nan;nan;nan;nan;nan;nan;nan;nan;nan;nan;nan;nan;nan;nan;nan;nan;nan;nan;nan;nan;nan;nan;nan;nan;nan;nan;nan;nan;nan;nan;nan;nan;nan;nan;nan;nan;nan;nan;nan;nan;nan;nan;nan;nan;nan;nan;nan;nan;nan;nan;nan;nan;nan;nan;nan;nan;nan;nan;nan;nan;nan;nan;nan;nan;nan;nan;nan;nan;nan;nan;nan;nan;nan;nan;nan;nan;nan;nan;nan;nan;nan;137718.680;137718.680;137718.680;137718.680;137718.680;137718.680;137754.860;137754.860;137754.860;137840.313;137840.313;138130.964;138130.964;138130.964;138130.964;138145.341;138167.433;138167.433;138167.433;138201.732;138241.238;138267.347;138267.347;138267.347;138267.347;138267.347;138267.347;138269.991;138269.991;138269.991;138272.289;138277.298;138286.257;138287.176;138291.062;138297.683;138303.099;138304.291;138307.852;138309.662;138312.249;138334.507;138337.504;138339.360;138339.460;138341.359;138342.807;138344.435;138346.793;138348.761;138349.912;138349.912;138351.044;138351.753;138352.380;138352.465;138353.016;138353.193;138353.193;138353.625;138353.822;138354.077;138354.331;138354.380;138354.499;138354.526;138354.668;138354.724;138354.842;138354.951;138355.040;138355.120;138355.216;138355.266;138355.334;138355.419;138355.435;138355.446;138355.472;138355.507;138355.527;138355.556;138355.583;138355.596;138355.614;138355.629;138355.640;138355.643;138355.648;138355.656;138355.662;138355.666;138355.670;138355.675;138355.678;138355.680;138355.681;138355.684;138355.684;138355.686;138355.687;138355.688;138355.689;138355.689;138355.690;138355.690,6D,462.0
DE,1,1000,10,1,6030,random,6030,135112.5954544296,140457.3736973483,5344.778242918692,False,350.7845564483022,3.1839696429997275,-528.778 191.496;664.323 596.169;377.964 -307.690;-657.083 739.651;-469.876 -351.701;712.468 -473.098;-211.132 340.329;193.859 364.322;48.003 -756.239;-380.605 -818.584,nan;nan;nan;nan;nan;nan;nan;nan;nan;nan;nan;nan;nan;nan;nan;nan;nan;nan;nan;nan;nan;nan;nan;nan;nan;nan;nan;nan;nan;nan;nan;nan;nan;nan;nan;nan;nan;nan;nan;nan;nan;nan;nan;nan;nan;nan;nan;nan;nan;nan;nan;nan;nan;nan;nan;nan;nan;nan;nan;nan;nan;nan;nan;nan;nan;nan;nan;nan;nan;nan;nan;nan;nan;nan;nan;nan;nan;nan;nan;nan;nan;nan;nan;nan;nan;nan;nan;nan;nan;nan;nan;nan;nan;nan;nan;nan;nan;nan;nan;nan;nan;nan;nan;nan;nan;nan;nan;nan;nan;nan;nan;nan;nan;nan;nan;nan;nan;nan;nan;nan;nan;nan;nan;nan;nan;nan;nan;nan;nan;nan;nan;nan;nan;nan;nan;nan;nan;nan;nan;nan;nan;nan;nan;nan;nan;nan;nan;nan;nan;nan;nan;nan;nan;nan;nan;nan;nan;nan;nan;nan;nan;nan;nan;nan;nan;nan;nan;nan;nan;nan;nan;nan;nan;nan;nan;nan;nan;nan;nan;nan;nan;nan;nan;nan;nan;nan;nan;nan;nan;nan;nan;nan;nan;nan;nan;nan;nan;nan;nan;nan;nan,6D,462.0
SLSQP,1,1000,10,11,6030,random,6030,139180.63393867505,140457.3736973483,1276.7397586732404,True,390.8135780843003,4.831489102999512,3.473 355.847;669.333 -378.221;-109.441 -993.993;933.946 352.008;201.671 979.445;415.718 646.561;-797.817 602.784;-333.332 -460.210;-672.793 191.673;283.348 -316.975,nan;136947.307;137027.281;137820.440;137826.292;137878.594;137986.444;137986.444;138141.939;138146.819;138147.269;138147.766;138150.615;138152.842;138158.129;138159.844;138160.939;138161.462;138161.462;138161.462;138161.462;138161.462;138161.462;138161.462;138161.462;138161.462;138161.462;138711.618;138711.618;138711.618;138711.618;138972.256;138974.316;138976.383;138976.575;138976.662;138976.663;138976.663;138976.663;138976.664;138976.664;138976.664;138976.664;138976.664;138976.664;138978.310;138979.568;138981.793;138981.800;138981.807;138981.819;138981.839;138981.845;138981.852;138981.860;138981.871;138981.881;138981.893;138981.905;138981.925;138981.955;138981.955;138981.991;138982.000;138982.009;138982.019;138982.047;138982.047;138982.047;138982.047;138982.047;138982.047;138982.047;138982.047;138982.047;138982.047;138982.047;138983.400;138983.661;138984.105;138984.109;138984.109;138984.109;138984.109;138984.109;138984.109;138984.109;138984.109;138984.109;138984.109;138984.109;138984.109;138984.109;138984.109;138984.109;138984.109;138984.109;138984.109;138984.109;138984.109;138984.109;138984.109;138984.109;138984.109;138984.109;138984.109;138984.109;138984.109;138984.109;138984.109;138984.109;138984.109;138984.109;138984.109;138984.109;138984.109;138984.109;138984.109;138984.109;138984.109;138984.109;138984.109;138984.109;138984.109;138984.109;138984.109;138984.109;138984.109;138984.109;138984.109;138984.109;138984.109;138984.109;138984.109;138984.109;138984.109;138984.109;138984.109;138984.109;138984.109;138984.109;138984.109;138984.109;138984.109;138984.109;138984.109;138984.109;138984.109;138984.109;139044.106;139044.106;139044.106;139044.106;139044.106;139044.106;139044.106;139044.106;139044.106;139044.106;139044.106;139044.106;139044.106;139044.106;139044.106;139044.106;139044.106;139044.106;139044.106;139044.106;139044.106;139044.106;139044.106;139044.106;139044.106;139044.106;139044.106;139149.985;139149.985;139149.985;139149.985;139149.985;139149.985;139149.985;139149.985;139149.985;139149.985;139149.985;139149.985;139149.985;139149.985;139180.632;139180.634;139180.634;139180.634;139180.634;139180.634;139180.634;139180.634;139180.634;139180.634;139180.634,5D,385.0
PSOBV,1,1000,10,21,6030,random,6030,139981.50884512241,140457.3736973483,475.8648522258736,True,405.2100655561751,2.8452174510002806,-91.119 764.811;-955.839 293.559;446.034 629.735;-477.184 -876.082;-795.790 -281.390;-456.294 188.785;413.520 -725.833;679.706 -39.977;841.255 540.320;212.993 9.458,nan;nan;nan;nan;nan;nan;nan;nan;nan;nan;nan;nan;nan;nan;nan;nan;nan;nan;nan;nan;nan;nan;nan;nan;nan;nan;nan;nan;nan;nan;136243.753;136243.753;136922.359;136922.359;136976.976;136976.976;137000.651;137297.867;137297.867;137297.867;137297.867;137377.173;138049.868;138049.868;138049.868;138049.868;138049.868;138049.868;138161.397;138161.397;138161.397;138161.397;138324.897;138324.897;138859.586;138859.586;138859.586;138859.586;138859.586;138859.586;139383.036;139383.036;139383.036;139383.036;139817.060;139817.060;139817.060;139817.060;139817.060;139817.060;139817.060;139817.060;139817.060;139817.060;139817.060;139817.060;139820.828;139820.828;139820.828;139828.269;139828.269;139830.935;139830.935;139830.935;139830.935;139830.935;139830.935;139830.935;139831.551;139831.551;139831.551;139831.551;139832.162;139832.162;139832.162;139832.162;139832.162;139832.162;139832.162;139848.058;139864.378;139879.337;139893.550;139894.107;139903.152;139907.047;139917.185;139918.041;139918.041;139918.875;139918.875;139921.459;139941.943;139944.588;139946.531;139946.930;139948.660;139950.476;139950.808;139950.808;139950.808;139951.741;139953.333;139954.656;139954.656;139955.893;139956.825;139956.858;139958.203;139960.018;139961.263;139961.294;139962.195;139963.126;139963.994;139964.026;139964.701;139964.733;139965.939;139965.939;139965.939;139966.414;139967.006;139967.012;139967.468;139967.912;139967.987;139967.994;139968.449;139968.455;139969.042;139969.042;139969.042;139977.492;139977.825;139978.183;139978.213;139978.516;139978.806;139978.823;139979.052;139979.341;139979.569;139979.585;139979.796;139980.005;139980.212;139980.228;139980.262;139980.434;139980.472;139980.500;139980.655;139980.692;139980.917;139980.933;139980.933;139980.944;139980.944;139981.088;139981.088;139981.200;139981.310;139981.314;139981.395;139981.420;139981.424;139981.509;139981.509;139981.509;139981.509;139981.509;139981.509;139981.509;139981.509;139981.509;139981.509;139981.509;139981.509;139981.509;139981.509,5D,385.0
RSDVNS,1,1000,10,1,6030,random,6030,139365.6453162525,140457.3736973483,1091.7283810957742,True,391.5691312841,2.1021444460002385,-56.600 -910.068;345.999 -937.955;-870.081 -492.228;-875.742 300.097;544.414 836.788;945.392 153.061;-364.036 289.024;-468.442 -882.277;4.444 421.497;-687.658 724.785,nan;nan;nan;nan;nan;nan;nan;137554.068;137554.068;137554.068;137554.068;137554.068;137554.068;137554.068;137554.068;137554.068;137554.068;137554.068;137554.068;137554.068;137554.068;137554.068;137554.068;137554.068;137554.068;137554.068;137554.068;137554.068;137554.068;137554.068;137554.068;137554.068;137554.068;137554.068;137554.068;137554.068;137554.068;137554.068;137554.068;137554.068;137554.068;137554.068;137554.068;137554.068;137554.068;137554.068;137554.068;137554.068;137554.068;137554.068;137554.068;137554.068;137554.068;137554.068;137554.068;137554.068;137554.068;137554.068;137554.068;137554.068;137554.068;137554.068;137554.068;137554.068;137554.068;137554.068;137554.068;137554.068;137554.068;137554.068;137554.068;137554.068;137554.068;137554.068;137554.068;137554.068;137554.068;137554.068;137554.068;137554.068;137554.068;137554.068;137554.068;137554.068;137554.068;137554.068;137554.068;137554.068;137554.068;137554.068;137554.068;137554.068;137554.068;137554.068;137554.068;137554.068;137554.068;137554.068;137554.068;137554.068;137625.456;137653.627;137713.404;137846.735;138024.735;138035.248;138068.182;138417.487;138451.987;138500.481;138500.481;138531.941;138535.813;138542.063;138551.082;138564.840;138752.167;138758.445;138775.799;138784.772;138808.013;138821.331;138821.331;138847.138;139115.439;139115.439;139118.281;139122.047;139122.047;139133.691;139159.139;139159.139;139167.840;139167.928;139180.125;139218.702;139238.905;139248.721;139261.040;139267.255;139274.549;139278.828;139288.389;139292.669;139296.772;139296.831;139300.371;139300.448;139300.448;139300.909;139319.861;139319.861;139320.032;139332.422;139332.422;139333.300;139333.397;139333.397;139333.397;139334.147;139337.757;139340.978;139340.978;139341.722;139342.620;139343.063;139345.594;139346.338;139347.081;139349.729;139350.026;139350.471;139353.972;139357.431;139357.506;139357.950;139357.950;139358.047;139358.117;139358.540;139358.607;139358.647;139358.660;139358.660;139359.066;139360.310;139360.497;139360.848;139362.272;139362.490;139362.621;139362.839;139362.839;139363.380;139363.380;139363.380;139363.848;139364.085;139364.557;139364.937;139365.645,5D,385.0
BVNS,1,1000,10,11,6030,random,6030,139326.1997534365,140457.3736973483,1131.1739439117955,True,424.6061050525681,2.0686219170002005,-978.482 199.312;525.872 186.612;-45.672 464.925;945.920 124.559;744.660 -355.432;-778.123 -571.871;539.689 -748.445;532.575 846.299;-14.351 -782.305;218.868 -233.193,nan;nan;nan;nan;nan;nan;nan;nan;nan;nan;nan;nan;nan;137025.106;137759.873;137817.443;138124.422;138226.546;138295.669;138887.545;138887.545;138931.532;138960.241;138965.506;138992.508;138994.293;139002.996;139002.996;139007.477;139163.011;139171.983;139171.983;139171.983;139176.658;139206.152;139206.152;139207.813;139210.582;139220.967;139220.967;139221.296;139221.296;139223.513;139224.980;139243.859;139245.931;139247.410;139247.410;139248.739;139248.992;139262.470;139263.678;139264.718;139266.965;139266.965;139267.974;139274.647;139274.903;139274.903;139275.882;139282.291;139282.291;139283.235;139291.527;139291.751;139292.471;139292.639;139293.232;139293.232;139294.301;139297.423;139297.423;139297.694;139297.862;139297.889;139298.925;139298.932;139298.932;139299.407;139302.531;139302.651;139303.006;139303.089;139303.372;139303.568;139303.651;139305.337;139305.421;139305.473;139305.608;139307.225;139307.308;139307.360;139307.443;139307.619;139307.702;139307.753;139307.836;139307.918;139308.449;139308.500;139308.583;139309.187;139309.269;139309.269;139309.793;139310.244;139310.326;139310.377;139310.459;139310.632;139310.713;139310.764;139310.845;139310.926;139311.444;139311.494;139311.575;139313.239;139313.320;139313.320;139313.836;139313.917;139314.047;139314.047;139314.218;139314.298;139314.428;139314.428;139314.939;139315.019;139315.148;139315.295;139315.739;139315.819;139315.899;139315.947;139316.027;139316.519;139316.599;139316.599;139317.103;139317.183;139317.310;139317.310;139317.810;139317.977;139318.056;139318.104;139318.183;139318.262;139318.388;139318.535;139318.972;139319.408;139319.486;139319.486;139319.978;139320.056;139320.182;139320.182;139320.669;139320.834;139320.912;139320.959;139321.037;139321.037;139321.161;139321.384;139322.905;139323.254;139323.254;139323.319;139323.319;139323.541;139323.555;139325.061;139325.061;139325.069;139325.071;139325.344;139325.344;139325.344;139325.591;139325.650;139325.896;139325.896;139325.955;139326.200;139326.200;139326.200;139326.200;139326.200;139326.200;139326.200;139326.200;139326.200;139326.200;139326.200;139326.200;139326.200,5D,385.0
PSOC,1,1000,10,21,6030,random,6030,139961.5818778141,140457.3736973483,495.7918195341772,True,473.3652200911706,2.068623977000243,-124.899 722.473;-935.264 304.194;386.938 842.480;-479.533 -753.875;-776.335 -260.373;-468.402 226.002;402.725 -678.538;642.930 -77.120;824.321 474.516;150.087 -5.399,nan;nan;nan;nan;nan;nan;nan;nan;nan;nan;nan;nan;nan;nan;nan;nan;nan;nan;nan;nan;nan;nan;nan;nan;nan;nan;nan;nan;nan;nan;136243.753;136243.753;136922.359;136922.359;136976.976;136976.976;137000.651;137297.867;137297.867;137297.867;137297.867;137377.173;138049.868;138049.868;138049.868;138049.868;138049.868;138049.868;138161.397;138161.397;138161.397;138161.397;138324.897;138324.897;138859.586;138859.586;138859.586;138859.586;138859.586;138859.586;139383.036;139383.036;139383.036;139383.036;139817.060;139817.060;139817.060;139817.060;139817.060;139817.060;139817.060;139817.060;139817.060;139817.060;139817.060;139817.060;139820.828;139820.828;139820.828;139828.269;139828.269;139830.935;139830.935;139830.935;139830.935;139830.935;139830.935;139830.935;139831.551;139831.551;139831.551;139831.551;139832.162;139832.162;139832.162;139832.162;139832.162;139832.162;139832.162;139848.058;139864.378;139864.378;139864.378;139864.378;139864.378;139864.378;139864.378;139864.378;139889.229;139889.229;139889.229;139889.229;139889.229;139889.229;139907.985;139907.985;139911.917;139911.917;139917.702;139917.702;139919.118;139919.118;139919.936;139929.454;139929.454;139929.454;139929.454;139929.454;139929.454;139929.454;139929.454;139929.454;139929.454;139929.454;139930.545;139937.990;139937.990;139937.990;139937.990;139938.500;139938.500;139941.662;139941.662;139941.662;139941.662;139941.662;139941.662;139941.753;139941.753;139941.881;139942.122;139942.297;139942.425;139942.517;139942.792;139946.070;139946.070;139946.070;139946.070;139946.201;139946.201;139946.201;139952.467;139952.467;139953.588;139953.588;139954.207;139954.207;139954.207;139954.207;139954.207;139954.207;139954.207;139954.207;139954.207;139954.646;139954.646;139955.903;139955.903;139955.903;139955.903;139955.903;139955.903;139955.903;139955.903;139955.903;139955.903;139955.903;139955.903;139955.903;139956.118;139956.118;139957.818;139957.818;139957.818;139959.887;139959.887;139961.582;139961.582;139961.582;139961.582,5D,385.0
LXSSA,1,1000,10,1,6030,random,6030,138766.95586388264,140457.3736973483,1690.4178334656463,True,417.7937297467106,2.1375982650006335,-665.229 746.612;81.185 564.788;-715.437 313.540;394.924 -211.156;-720.949 -548.805;-103.350 -38.519;-292.770 -755.745;-529.061 -60.379;602.356 -674.942;890.720 304.982,nan;nan;nan;nan;nan;nan;nan;nan;nan;nan;nan;nan;nan;nan;nan;nan;nan;nan;nan;nan;nan;nan;nan;nan;nan;nan;nan;nan;nan;nan;nan;nan;nan;nan;nan;nan;nan;nan;nan;nan;nan;nan;nan;nan;nan;nan;nan;nan;nan;nan;nan;nan;nan;nan;nan;nan;nan;nan;nan;nan;nan;nan;nan;nan;nan;nan;nan;nan;nan;nan;nan;nan;nan;nan;nan;nan;nan;nan;nan;135946.603;135946.603;135946.603;135946.603;135946.603;135946.603;135950.775;136309.979;137679.941;137679.941;138232.951;138232.951;138314.497;138314.497;138314.497;138314.497;138314.497;138314.497;138421.784;138421.784;138433.893;138433.893;138611.306;138611.306;138623.842;138677.134;138677.134;138677.134;138677.134;138677.134;138677.134;138677.134;138692.646;138692.646;138702.085;138702.085;138720.198;138720.198;138720.359;138720.359;138720.359;138727.493;138727.493;138727.493;138730.932;138730.932;138731.332;138731.332;138732.742;138749.640;138750.789;138750.789;138751.910;138751.910;138756.642;138756.642;138756.642;138758.580;138759.179;138759.710;138760.154;138761.240;138761.240;138761.589;138762.167;138762.883;138763.497;138764.057;138764.357;138764.557;138764.593;138764.669;138764.817;138764.933;138765.034;138765.308;138765.666;138765.666;138765.666;138765.752;138765.774;138765.934;138765.990;138765.998;138766.236;138766.236;138766.298;138766.309;138766.375;138766.375;138766.379;138766.419;138766.466;138766.466;138766.466;138766.490;138766.490;138766.514;138766.611;138766.611;138766.611;138766.621;138766.668;138766.668;138766.701;138766.701;138766.763;138766.763;138766.871;138766.871;138766.890;138766.890;138766.913;138766.913;138766.941;138766.941;138766.941;138766.942;138766.955;138766.955;138766.955;138766.956,5D,385.0
DE,1,1000,10,11,6030,random,6030,137363.7670718557,140457.3736973483,3093.6066254925972,True,388.0335002699878,3.3380894559995795,365.932 -874.403;-0.009 -673.881;249.094 824.593;-523.994 56.223;-908.200 110.590;150.922 123.442;-544.637 -373.812;659.649 328.684;-505.971 810.366;432.580 -228.980,nan;nan;nan;nan;nan;nan;nan;nan;nan;nan;nan;nan;nan;nan;nan;nan;nan;nan;nan;nan;nan;nan;nan;nan;nan;nan;nan;nan;nan;nan;nan;nan;nan;nan;nan;nan;nan;nan;nan;nan;nan;nan;nan;nan;nan;nan;nan;nan;nan;nan;nan;nan;nan;nan;nan;nan;nan;nan;nan;nan;nan;nan;nan;nan;nan;nan;nan;nan;nan;nan;nan;nan;nan;nan;nan;nan;nan;nan;nan;nan;nan;nan;nan;nan;nan;nan;nan;nan;nan;nan;137363.767;137363.767;137363.767;137363.767;137363.767;137363.767;137363.767;137363.767;137363.767;137363.767;137363.767;137363.767;137363.767;137363.767;137363.767;137363.767;137363.767;137363.767;137363.767;137363.767;137363.767;137363.767;137363.767;137363.767;137363.767;137363.767;137363.767;137363.767;137363.767;137363.767;137363.767;137363.767;137363.767;137363.767;137363.767;137363.767;137363.767;137363.767;137363.767;137363.767;137363.767;137363.767;137363.767;137363.767;137363.767;137363.767;137363.767;137363.767;137363.767;137363.767;137363.767;137363.767;137363.767;137363.767;137363.767;137363.767;137363.767;137363.767;137363.767;137363.767;137363.767;137363.767;137363.767;137363.767;137363.767;137363.767;137363.767;137363.767;137363.767;137363.767;137363.767;137363.767;137363.767;137363.767;137363.767;137363.767;137363.767;137363.767;137363.767;137363.767;137363.767;137363.767;137363.767;137363.767;137363.767;137363.767;137363.767;137363.767;137363.767;137363.767;137363.767;137363.767;137363.767;137363.767;137363.767;137363.767;137363.767;137363.767;137363.767;137363.767;137363.767;137363.767;137363.767;137363.767;137363.767;137363.767;137363.767;137363.767;137363.767;137363.767;137363.767,5D,385.0
SLSQP,2,1000,10,21,6030,random,6030,71548.88052466032,73153.78394684664,1604.9034221863258,True,485.0488716507499,4.7761966970001595,-959.228 282.629;-639.295 764.146;969.232 245.782;27.621 -986.347;-810.592 -585.544;-378.735 -288.611;311.947 -593.370;584.554 774.132;925.064 -282.450;-96.464 224.670,nan;nan;nan;70227.245;70228.456;70228.456;70228.456;70228.456;70401.406;70403.149;70404.434;70405.583;70410.258;70411.317;70411.317;70412.359;70413.357;70413.357;70413.357;70413.357;70413.357;70413.357;70413.357;70413.357;70413.357;70413.357;70413.357;70413.357;70413.357;70413.357;70413.357;70420.123;70420.123;70420.123;70420.123;70420.123;70420.123;70420.123;70420.123;70553.833;70553.833;70553.833;70553.833;70560.912;70560.978;70561.154;70561.154;70561.154;70561.154;70569.565;70573.722;70573.722;70573.722;70573.722;70573.722;70573.722;70573.722;70573.722;70573.722;70573.722;70573.722;70573.722;70573.722;70573.722;70573.722;70573.722;70912.564;70962.024;70962.024;70962.024;70962.024;71049.351;71059.742;71060.673;71060.815;71337.790;71337.790;71337.790;71337.790;71337.790;71337.790;71337.790;71337.790;71337.790;71337.790;71337.790;71337.790;71337.790;71337.790;71337.790;71337.790;71337.790;71337.790;71337.790;71337.790;71337.790;71337.790;71337.790;71337.790;71337.790;71337.790;71548.881;71548.881;71548.881;71548.881;71548.881;71548.881;71548.881;71548.881;71548.881;71548.881;71548.881;71548.881;71548.881;71548.881;71548.881;71548.881;71548.881;71548.881;71548.881;71548.881;71548.881;71548.881;71548.881;71548.881;71548.881;71548.881;71548.881;71548.881;71548.881;71548.881;71548.881;71548.881;71548.881;71548.881;71548.881;71548.881;71548.881;71548.881;71548.881;71548.881;71548.881;71548.881;71548.881;71548.881;71548.881;71548.881;71548.881;71548.881;71548.881;71548.881;71548.881;71548.881;71548.881;71548.881;71548.881;71548.881;71548.881;71548.881;71548.881;71548.881;71548.881;71548.881;71548.881;71548.881;71548.881;71548.881;71548.881;71548.881;71548.881;71548.881;71548.881;71548.881;71548.881;71548.881;71548.881;71548.881;71548.881;71548.881;71548.881;71548.881;71548.881;71548.881;71548.881;71548.881;71548.881;71548.881;71548.881;71548.881;71548.881;71548.881;71548.881;71548.881;71548.881;71548.881;71548.881;71548.881;71548.881;71548.881;71548.881;71548.881,6D,462.0
SSABV,2,1000,10,1,6030,random,6030,71065.34295516541,73153.78394684664,2088.440991681229,True,502.0054313820369,2.596224321999216,835.564 499.393;-29.483 998.774;-697.773 -329.565;363.873 671.198;996.989 -73.770;-558.337 665.340;353.081 158.017;-959.392 281.258;559.314 -632.785;-136.549 -80.869,nan;nan;nan;nan;nan;nan;nan;nan;nan;nan;nan;nan;nan;nan;nan;nan;nan;nan;nan;nan;nan;nan;nan;nan;nan;nan;nan;nan;nan;nan;nan;nan;nan;nan;nan;nan;nan;nan;nan;nan;nan;nan;nan;nan;nan;nan;nan;nan;nan;nan;nan;69616.365;69938.523;70203.080;70262.995;70262.995;70262.995;70262.995;70262.995;70262.995;70262.995;70270.698;70270.698;70275.093;70281.717;70284.867;70286.419;70286.933;70287.997;70289.356;70290.683;70290.933;70291.507;70292.163;70292.675;70293.023;70293.384;70293.703;70293.808;70294.038;70294.122;70294.222;70294.277;70294.344;70294.365;70294.393;70294.408;70294.419;70294.436;70294.442;70294.448;70294.449;70294.453;70294.456;70294.459;70294.460;70294.460;70294.462;70294.462;70294.462;70294.463;70472.212;70514.358;70580.084;70611.009;70620.811;70630.843;70632.831;70639.437;70791.515;70795.437;70795.437;70801.624;70815.526;70815.526;70888.557;70888.557;70914.884;70929.954;70932.755;70948.157;70961.258;70967.570;70967.570;70970.111;70984.859;70984.859;70985.735;70985.735;70991.410;70995.962;70995.962;70997.464;70997.464;70998.532;70999.524;70999.524;71002.287;71004.993;71005.825;71008.512;71009.579;71010.630;71011.027;71011.667;71012.251;71012.643;71013.160;71013.235;71013.628;71015.554;71018.257;71019.034;71021.738;71024.400;71024.792;71025.240;71026.668;71029.274;71029.666;71030.106;71032.672;71033.064;71033.888;71034.885;71037.398;71039.872;71040.264;71040.689;71042.040;71044.464;71044.856;71045.048;71045.440;71045.885;71046.690;71047.625;71048.018;71050.799;71051.192;71051.590;71052.895;71055.223;71055.615;71056.007;71057.288;71059.570;71059.610;71059.986;71060.026;71060.422;71060.800;71060.800;71060.805;71060.805;71061.951;71062.533;71063.678;71064.206;71065.343;71065.343,6D,462.0
RSDVNS,2,1000,10,11,6030,random,6030,71500.109477336,73153.78394684664,1653.6744695106463,True,463.05443192618816,2.1448505210000803,-531.628 -846.207;-622.418 782.137;57.883 756.836;-410.892 -37.769;239.477 -70.270;-276.457 405.341;820.620 -481.032;453.203 -862.186;838.895 541.833;-900.220 -212.759,nan;nan;nan;nan;nan;nan;nan;nan;nan;nan;nan;nan;nan;nan;nan;nan;nan;nan;nan;nan;nan;nan;nan;nan;nan;nan;nan;nan;nan;nan;nan;nan;nan;nan;nan;nan;nan;nan;nan;nan;nan;nan;nan;nan;nan;nan;nan;nan;nan;nan;nan;nan;nan;nan;nan;nan;nan;nan;nan;nan;nan;nan;nan;nan;nan;nan;nan;nan;nan;nan;nan;nan;nan;nan;nan;nan;nan;nan;nan;nan;nan;nan;nan;nan;nan;nan;nan;nan;nan;nan;nan;nan;nan;nan;nan;nan;nan;nan;nan;nan;70602.279;70631.059;70715.252;70787.941;70824.216;70878.559;70884.672;71142.522;71166.137;71191.154;71191.154;71244.006;71246.947;71246.947;71246.947;71246.947;71246.947;71328.940;71338.522;71360.069;71379.615;71389.175;71390.604;71391.139;71399.657;71413.534;71413.534;71436.955;71438.076;71438.406;71438.573;71458.137;71458.137;71458.964;71458.964;71461.457;71461.457;71463.379;71465.280;71465.280;71467.322;71470.603;71470.932;71470.932;71470.981;71472.875;71473.320;71473.320;71474.004;71474.049;71475.916;71475.916;71477.149;71485.519;71485.519;71487.551;71487.551;71488.040;71488.262;71488.784;71489.342;71489.428;71489.721;71489.721;71489.743;71490.670;71491.514;71493.293;71494.525;71494.525;71494.525;71495.332;71495.942;71495.942;71496.220;71496.467;71496.467;71496.578;71497.041;71497.041;71497.461;71498.341;71498.352;71498.814;71498.814;71499.233;71500.109;71500.109;71500.109;71500.109;71500.109;71500.109;71500.109;71500.109;71500.109;71500.109;71500.109;71500.109;71500.109;71500.109;71500.109,6D,462.0
BVNS,2,1000,10,21,6030,random,6030,70975.57915717215,73153.78394684664,2178.2047896744916,True,504.8220012016882,2.0264798460002567,-187.251 386.096;-511.785 858.206;852.890 521.512;-63.538 -997.141;-833.865 -550.864;-622.137 -54.719;57.487 -502.698;348.174 511.181;740.773 -547.769;179.649 5.512,nan;nan;nan;nan;nan;nan;nan;nan;nan;nan;nan;nan;nan;nan;nan;nan;nan;nan;nan;nan;nan;nan;nan;nan;nan;nan;nan;nan;nan;nan;nan;nan;69205.174;69356.500;69787.912;69984.904;69984.904;70018.822;70058.719;70072.630;70076.734;70145.917;70188.571;70202.525;70271.215;70347.192;70385.363;70398.175;70464.538;70477.349;70577.683;70577.683;70577.683;70629.323;70662.361;70668.020;70679.789;70689.131;70698.637;70704.297;70704.297;70709.712;70714.721;70721.590;70721.590;70724.528;70733.592;70733.592;70733.743;70733.743;70744.204;70744.574;70745.590;70747.391;70751.776;70752.131;70753.539;70755.023;70759.271;70759.619;70759.695;70760.473;70760.873;70760.873;70768.942;70770.318;70774.454;70774.454;70774.740;70774.756;70774.756;70779.602;70779.602;70783.543;70785.577;70787.570;70789.463;70790.325;70791.028;70791.168;70791.515;70796.260;70796.933;70800.236;70800.775;70802.802;70802.935;70807.576;70807.576;70811.365;70811.460;70815.194;70815.194;70815.288;70815.352;70819.032;70819.054;70819.514;70824.035;70824.093;70827.675;70828.341;70830.367;70830.422;70830.457;70830.871;70835.372;70835.412;70838.971;70839.630;70839.668;70839.743;70839.767;70839.807;70839.861;70840.206;70840.816;70840.858;70845.228;70845.235;70848.785;70852.294;70852.296;70855.755;70855.862;70856.153;70856.799;70856.799;70856.799;70857.502;70859.273;70859.274;70859.592;70859.592;70859.696;70861.452;70861.553;70861.553;70863.296;70865.025;70865.123;70865.123;70866.840;70866.936;70868.639;70926.848;70954.477;70955.865;70956.188;70956.189;70957.564;70957.885;70959.247;70959.248;70959.567;70960.917;70961.233;70961.233;70962.572;70962.886;70964.213;70964.213;70965.530;70967.718;70967.718;70969.422;70969.422;70971.115;70971.115;70971.115;70972.726;70973.821;70973.821;70974.663;70974.751;70974.751;70974.905;70974.913;70975.559;70975.573;70975.579,6D,462.0
SSA,2,1000,10,1,6030,random,6030,71193.41733199854,73153.78394684664,1960.3666148480988,True,462.2821466454299,2.2162083209996126,-488.497 -296.370;499.911 866.077;416.637 -754.655;224.487 120.650;493.365 -290.359;-665.378 746.506;50.515 555.194;-221.052 958.088;-678.796 284.418;-276.549 -732.996,nan;nan;nan;nan;nan;nan;nan;nan;nan;nan;nan;nan;nan;nan;nan;nan;nan;nan;nan;nan;nan;nan;nan;nan;nan;nan;nan;nan;nan;nan;nan;nan;nan;nan;nan;nan;nan;nan;nan;nan;nan;nan;nan;nan;nan;nan;nan;nan;nan;nan;nan;nan;nan;nan;nan;nan;nan;nan;nan;nan;nan;nan;nan;nan;nan;nan;nan;nan;nan;nan;nan;nan;nan;nan;nan;nan;nan;nan;nan;70178.778;70178.778;70178.778;70178.778;70178.778;70178.778;70178.778;70178.778;70178.778;70178.778;70178.778;70178.778;70178.778;70178.778;70178.778;70178.778;70178.778;70178.778;70830.156;70952.495;70952.495;70952.495;70952.495;70952.495;70952.495;70952.495;70952.495;70952.495;70952.495;70968.340;70968.340;70968.340;70968.340;70976.401;70976.401;71008.857;71022.058;71027.133;71027.133;71067.670;71067.670;71067.670;71158.135;71164.563;71164.563;71164.563;71164.950;71166.752;71171.123;71173.457;71173.518;71173.518;71176.996;71179.478;71180.716;71181.743;71182.813;71184.833;71185.189;71185.403;71185.513;71185.871;71187.099;71187.180;71188.467;71188.920;71189.412;71190.003;71190.640;71190.913;71191.113;71191.235;71191.404;71191.585;71191.779;71192.050;71192.211;71192.324;71192.447;71192.555;71192.656;71192.788;71192.899;71192.943;71193.029;71193.070;71193.115;71193.151;71193.191;71193.214;71193.235;71193.251;71193.275;71193.300;71193.323;71193.346;71193.365;71193.368;71193.376;71193.383;71193.386;71193.393;71193.396;71193.398;71193.400;71193.404;71193.406;71193.407;71193.408;71193.408;71193.410;71193.411;71193.413;71193.414;71193.414;71193.415;71193.415;71193.416;71193.416;71193.417;71193.417;71193.417,6D,462.0
LXSSA,2,1000,10,11,6030,random,6030,69984.1648686973,73153.78394684664,3169.619078149335,True,480.1329169386015,2.2265315739996367,-31.358 -154.263;992.062 -45.687;-173.638 316.476;481.135 69.381;844.505 448.857;-803.969 -529.572;-239.955 -635.548;173.686 678.454;-557.584 -80.265;328.390 -472.240,nan;nan;nan;nan;nan;nan;nan;nan;nan;nan;nan;nan;nan;nan;nan;nan;nan;nan;nan;nan;nan;nan;nan;nan;nan;nan;nan;nan;nan;nan;nan;nan;nan;nan;nan;nan;nan;nan;nan;nan;nan;nan;nan;nan;nan;nan;nan;nan;nan;nan;nan;nan;nan;nan;nan;nan;nan;nan;nan;nan;nan;nan;nan;nan;nan;nan;nan;nan;nan;nan;nan;nan;nan;nan;nan;nan;nan;nan;nan;nan;nan;nan;nan;nan;nan;nan;nan;nan;nan;nan;nan;nan;nan;nan;nan;nan;nan;nan;nan;69501.764;69501.764;69605.448;69605.448;69605.448;69605.448;69605.448;69642.312;69642.312;69642.312;69800.199;69800.199;69800.199;69831.339;69854.070;69869.794;69929.692;69929.692;69931.420;69931.420;69934.265;69934.265;69934.900;69934.900;69941.342;69941.342;69941.342;69942.668;69942.668;69970.998;69970.998;69970.998;69970.998;69970.998;69971.516;69971.516;69972.213;69972.213;69972.213;69973.807;69974.576;69974.576;69974.576;69975.760;69975.760;69977.257;69977.372;69977.793;69979.627;69979.627;69979.757;69979.877;69979.877;69979.944;69980.017;69980.188;69980.243;69980.456;69981.368;69981.368;69981.427;69981.476;69981.476;69981.625;69981.625;69981.746;69981.995;69981.995;69982.282;69982.282;69982.282;69982.304;69982.309;69982.349;69982.349;69982.360;69982.627;69982.627;69982.674;69982.674;69982.747;69982.747;69982.972;69982.972;69983.989;69983.989;69983.989;69983.993;69984.138;69984.138;69984.138;69984.141;69984.150;69984.150;69984.162;69984.162;69984.162;69984.163;69984.163;69984.164;69984.165;69984.165,6D,462.0
DE,2,1000,10,21,6030,random,6030,69449.38540871312,73153.78394684664,3704.3985381335224,False,397.22276987761126,2.651132779999898,-217.734 -601.378;-683.312 627.464;274.331 -516.799;442.368 233.912;-747.172 -41.117;-378.566 -220.238;290.875 633.968;-348.717 175.862;84.443 -10.264;782.192 -464.645,nan;nan;nan;nan;nan;nan;nan;nan;nan;nan;nan;nan;nan;nan;nan;nan;nan;nan;nan;nan;nan;nan;nan;nan;nan;nan;nan;nan;nan;nan;nan;nan;nan;nan;nan;nan;nan;nan;nan;nan;nan;nan;nan;nan;nan;nan;nan;nan;nan;nan;nan;nan;nan;nan;nan;nan;nan;nan;nan;nan;nan;nan;nan;nan;nan;nan;nan;nan;nan;nan;nan;nan;nan;nan;nan;nan;nan;nan;nan;nan;nan;nan;nan;nan;nan;nan;nan;nan;nan;nan;nan;nan;nan;nan;nan;nan;nan;nan;nan;nan;nan;nan;nan;nan;nan;nan;nan;nan;nan;nan;nan;nan;nan;nan;nan;nan;nan;nan;nan;nan;nan;nan;nan;nan;nan;nan;nan;nan;nan;nan;nan;nan;nan;nan;nan;nan;nan;nan;nan;nan;nan;nan;nan;nan;nan;nan;nan;nan;nan;nan;nan;nan;nan;nan;nan;nan;nan;nan;nan;nan;nan;nan;nan;nan;nan;nan;nan;nan;nan;nan;nan;nan;nan;nan;nan;nan;nan;nan;nan;nan;nan;nan;nan;nan;nan;nan;nan;nan;nan;nan;nan;nan;nan;nan;nan;nan;nan;nan;nan;nan;nan,6D,462.0
PSOBV,2,1000,10,1,6030,random,6030,71771.16751577785,73153.78394684664,1382.616431068789,True,399.228723141719,2.0108031669997217,-422.922 -341.703;418.881 -907.477;939.737 -15.001;541.912 229.139;-873.858 5.629;-553.497 831.927;559.442 828.753;55.104 518.157;544.485 -528.522;-437.228 -773.263,nan;nan;nan;nan;nan;nan;nan;nan;nan;nan;nan;nan;nan;nan;nan;nan;nan;nan;nan;nan;nan;nan;nan;nan;nan;nan;nan;nan;nan;nan;nan;nan;nan;70157.876;70157.876;70157.876;70722.854;70722.854;70722.854;70722.854;70734.414;70734.414;70804.572;70905.980;70905.980;70905.980;70905.980;70905.980;70905.980;70905.980;70905.980;70905.980;70905.980;71016.093;71016.093;71016.093;71016.093;71123.106;71123.106;71123.106;71123.106;71123.106;71261.492;71261.492;71261.492;71261.492;71261.492;71261.492;71261.492;71280.350;71280.350;71280.350;71280.350;71280.350;71280.350;71280.350;71280.350;71280.350;71280.350;71280.350;71280.350;71280.350;71280.350;71280.350;71369.875;71369.875;71369.875;71369.875;71369.875;71369.875;71369.875;71369.875;71369.875;71369.875;71369.875;71369.875;71377.348;71377.348;71377.348;71377.348;71377.348;71476.300;71523.269;71607.969;71607.969;71639.065;71639.065;71657.400;71657.400;71664.990;71673.106;71682.450;71705.348;71713.442;71717.299;71717.299;71717.299;71721.347;71722.579;71722.579;71723.382;71723.382;71727.631;71727.631;71728.380;71731.932;71731.932;71732.299;71733.336;71733.336;71734.031;71734.583;71736.041;71737.462;71738.120;71739.540;71740.363;71741.263;71741.829;71750.477;71750.477;71750.477;71750.655;71751.961;71752.285;71752.285;71752.520;71753.269;71753.269;71753.378;71753.536;71753.641;71754.130;71754.235;71755.175;71756.109;71756.109;71756.109;71756.198;71756.353;71756.353;71770.145;71770.575;71770.690;71770.923;71771.039;71771.092;71771.168;71771.168;71771.168;71771.168;71771.168;71771.168;71771.168;71771.168;71771.168;71771.168;71771.168;71771.168;71771.168;71771.168;71771.168;71771.168;71771.168;71771.168;71771.168;71771.168;71771.168;71771.168;71771.168;71771.168;71771.168;71771.168;71771.168;71771.168;71771.168;71771.168;71771.168;71771.168;71771.168;71771.168,5D,385.0
SSABV,2,1000,10,11,6030,random,6030,71084.724985839,73153.78394684664,2069.058961007642,True,438.0098520820793,2.095529606999662,590.567 727.727;-996.768 -8.152;476.275 239.820;-480.361 -223.774;992.562 -76.929;-712.837 696.454;907.252 388.384;-351.621 194.889;169.092 -888.837;855.387 -494.119,nan;nan;nan;nan;nan;nan;nan;nan;nan;nan;nan;nan;nan;nan;nan;nan;nan;nan;nan;nan;nan;nan;nan;nan;nan;nan;nan;nan;nan;nan;nan;nan;nan;nan;nan;nan;nan;nan;nan;nan;70336.456;70336.456;70336.456;70336.456;70336.456;70336.456;70336.456;70336.456;70463.534;70468.158;70578.689;70648.404;70748.889;70748.889;70748.889;70748.889;70748.889;70748.889;70753.247;70753.247;70753.247;70754.813;70756.127;70757.870;70759.715;70762.391;70764.946;70766.102;70767.518;70767.991;70768.573;70769.395;70770.315;70771.090;70771.537;70771.940;70772.258;70772.364;70772.497;70772.609;70772.711;70772.789;70772.841;70772.890;70772.918;70772.942;70772.970;70772.986;70772.998;70773.003;70773.009;70773.013;70773.017;70773.020;70773.022;70773.024;70773.024;70773.026;70773.026;70773.027;70773.027;70806.004;70839.797;70844.521;70851.969;70861.645;70867.728;70885.384;70886.741;70886.741;70965.642;71009.438;71009.438;71009.438;71028.316;71029.116;71039.441;71043.174;71044.006;71044.006;71044.006;71051.968;71051.968;71058.725;71060.673;71060.782;71062.564;71062.564;71062.564;71064.860;71065.534;71066.401;71066.401;71066.401;71066.652;71066.652;71067.639;71067.639;71068.067;71068.067;71068.636;71068.853;71068.860;71068.913;71069.272;71069.279;71069.492;71069.492;71069.492;71069.492;71069.492;71069.492;71069.492;71069.492;71069.492;71069.492;71069.492;71069.492;71069.492;71069.492;71069.492;71069.492;71069.492;71069.492;71069.492;71069.492;71069.492;71069.492;71069.492;71069.492;71069.492;71069.492;71069.492;71069.492;71069.492;71069.492;71069.492;71069.492;71069.492;71069.492;71069.492;71069.492;71069.492;71069.492;71069.492;71071.085;71071.085;71072.947;71073.611;71075.473;71076.078;71080.385;71081.565;71081.669;71082.280;71082.754;71082.989;71083.098;71084.000;71084.122;71084.725,5D,385.0
RSDVNS,2,1000,10,21,6030,random,6030,71204.9823451173,73153.78394684664,1948.8016017293412,True,394.71235724629383,2.05047000400009,-754.367 -557.776;241.539 -829.778;-915.810 213.809;565.025 -204.042;940.121 -326.926;260.131 933.041;212.576 499.988;115.140 -57.355;950.505 221.304;-335.360 -126.209,nan;nan;nan;nan;68769.218;68769.218;68769.218;68769.218;68769.218;68769.218;68769.218;68769.218;68769.218;68769.218;68769.218;68769.218;68769.218;68769.218;68769.218;68769.218;68769.218;68769.218;68769.218;68769.218;68769.218;68769.218;68769.218;68769.218;68769.218;68769.218;68769.218;68769.218;68769.218;68769.218;68769.218;68769.218;68769.218;68769.218;69521.207;69521.207;69521.207;69521.207;69521.207;69521.207;69521.207;69521.207;69521.207;69521.207;69521.207;69521.207;69521.207;69521.207;69521.207;69521.207;69521.207;69521.207;69521.207;69521.207;69521.207;69521.207;69521.207;69521.207;69521.207;69521.207;69521.207;69521.207;69521.207;69521.207;69521.207;69521.207;69521.207;69521.207;69521.207;69521.207;69521.207;69521.207;69521.207;69521.207;69521.207;69521.207;69521.207;69521.207;69521.207;69521.207;69521.207;69521.207;69521.207;69521.207;69521.207;69521.207;69521.207;69521.207;69521.207;69521.207;69521.207;69521.207;69521.207;69521.207;69521.207;69521.207;69652.658;69820.942;69859.447;69896.305;69956.817;70010.581;70058.416;70182.365;70274.366;70358.022;70358.022;70378.143;70454.462;70497.570;70502.940;70526.250;70569.579;70569.579;70690.608;70801.585;70816.416;70816.416;70820.988;70820.988;70895.985;70901.720;70920.989;70941.301;70941.301;70955.901;70969.762;70975.502;70975.502;70978.240;70978.240;70981.051;71023.427;71023.427;71024.832;71025.172;71025.172;71026.637;71026.637;71027.805;71028.244;71031.527;71032.444;71033.399;71033.652;71033.652;71033.652;71034.285;71035.010;71037.966;71037.966;71038.596;71039.318;71042.248;71042.248;71042.875;71043.595;71043.595;71043.835;71044.032;71044.032;71046.937;71047.559;71047.755;71047.755;71048.372;71048.568;71049.181;71049.181;71049.244;71049.993;71050.935;71051.747;71052.105;71052.105;71053.541;71053.638;71053.780;71053.833;71053.930;71053.994;71054.298;71054.298;71054.337;71054.337;71054.337;71054.337;71054.337;71054.337;71054.337;71054.337;71054.337;71054.337;71092.564;71118.186;71121.762;71204.982,5D,385.0
PSOC,2,1000,10,1,6030,random,6030,71660.04712437482,73153.78394684664,1493.736822471823,True,394.6589772259915,2.16390278200015,-338.549 -301.098;478.021 -869.089;881.580 -4.624;543.613 228.323;-857.972 20.164;-500.672 823.975;517.749 815.237;82.324 538.453;544.601 -480.086;-424.062 -744.519,nan;nan;nan;nan;nan;nan;nan;nan;nan;nan;nan;nan;nan;nan;nan;nan;nan;nan;nan;nan;nan;nan;nan;nan;nan;nan;nan;nan;nan;nan;nan;nan;nan;70157.876;70157.876;70157.876;70722.854;70722.854;70722.854;70722.854;70734.414;70734.414;70804.572;70905.980;70905.980;70905.980;70905.980;70905.980;70905.980;70905.980;70905.980;70905.980;70905.980;71016.093;71016.093;71016.093;71016.093;71123.106;71123.106;71123.106;71123.106;71123.106;71261.492;71261.492;71261.492;71261.492;71261.492;71261.492;71261.492;71280.350;71280.350;71280.350;71280.350;71280.350;71280.350;71280.350;71280.350;71280.350;71280.350;71280.350;71280.350;71280.350;71280.350;71280.350;71369.875;71369.875;71369.875;71369.875;71369.875;71369.875;71369.875;71369.875;71369.875;71369.875;71369.875;71369.875;71377.348;71377.348;71377.348;71377.348;71377.348;71377.348;71396.030;71396.030;71396.030;71396.030;71396.030;71396.030;71396.030;71396.030;71396.359;71396.359;71396.359;71396.359;71396.359;71405.357;71405.357;71405.357;71405.357;71405.357;71405.357;71418.562;71418.562;71418.562;71418.562;71443.527;71443.527;71484.333;71484.333;71540.201;71540.201;71540.201;71540.201;71540.201;71540.201;71540.201;71552.915;71552.915;71552.915;71552.915;71552.915;71552.915;71580.913;71580.913;71600.147;71600.147;71600.147;71600.147;71600.147;71600.147;71602.694;71602.694;71602.694;71602.694;71602.694;71602.694;71605.664;71605.664;71608.492;71611.330;71611.330;71611.330;71611.330;71611.330;71611.330;71611.330;71614.670;71614.670;71614.670;71615.784;71617.944;71619.485;71624.743;71624.743;71624.743;71624.743;71625.248;71625.248;71625.248;71626.018;71626.018;71648.222;71649.297;71658.138;71658.138;71659.146;71659.146;71659.146;71659.146;71659.146;71659.146;71659.146;71659.146;71659.146;71659.146;71659.146;71659.146;71659.146;71659.146;71659.146;71660.047,5D,385.0
SSA,2,1000,10,11,6030,random,6030,71235.55679745834,73153.78394684664,1918.2271493883018,True,411.8873396225678,2.137447135000002,-211.638 431.200;-841.035 524.586;141.475 -912.040;-630.242 -278.326;939.059 -317.218;-179.599 903.029;565.369 432.540;-328.289 -558.461;324.213 -531.922;454.455 -96.226,nan;nan;nan;nan;nan;nan;nan;nan;nan;nan;nan;nan;nan;nan;nan;nan;nan;nan;nan;nan;nan;nan;nan;nan;nan;nan;nan;nan;nan;nan;nan;nan;nan;nan;nan;nan;nan;nan;nan;nan;nan;nan;nan;nan;nan;nan;nan;nan;nan;nan;nan;nan;nan;nan;nan;nan;nan;nan;nan;nan;nan;nan;nan;nan;nan;nan;nan;nan;nan;nan;nan;nan;nan;nan;nan;nan;nan;nan;nan;nan;nan;nan;69920.257;69920.257;70481.317;70481.317;70481.317;70481.317;70481.317;70481.317;70481.317;70481.317;70481.317;70481.317;70481.317;70628.381;70763.706;70763.706;70763.706;70991.132;71031.160;71031.160;71139.838;71139.838;71139.838;71139.838;71147.689;71147.689;71177.838;71177.838;71202.169;71202.169;71202.169;71202.169;71202.169;71207.670;71207.670;71207.670;71207.670;71207.670;71212.591;71212.591;71213.078;71216.091;71216.091;71216.091;71217.378;71217.378;71221.645;71221.645;71221.900;71222.116;71223.671;71224.940;71225.754;71226.094;71227.365;71228.419;71228.965;71229.608;71230.041;71230.370;71231.184;71231.869;71232.436;71232.837;71233.323;71233.476;71233.728;71233.990;71234.098;71234.124;71234.252;71234.349;71234.372;71234.500;71234.582;71234.687;71234.799;71234.842;71234.948;71235.012;71235.087;71235.167;71235.216;71235.270;71235.308;71235.339;71235.374;71235.409;71235.424;71235.431;71235.445;71235.456;71235.475;71235.483;71235.500;71235.504;71235.514;71235.519;71235.527;71235.533;71235.536;71235.540;71235.541;71235.544;71235.546;71235.547;71235.548;71235.550;71235.551;71235.551;71235.553;71235.553;71235.554;71235.555;71235.555;71235.556;71235.556;71235.556;71235.557,5D,385.0
LXSSA,2,1000,10,21,6030,random,6030,71193.05263535131,73153.78394684664,1960.7313114953286,True,423.1391068510676,2.9387751869999192,-538.147 -678.174;-219.820 661.806;441.394 -690.326;-725.132 685.798;-815.344 -35.971;4.937 303.293;-256.185 -337.733;602.332 -176.395;66.325 997.793;613.222 653.526,nan;nan;nan;nan;nan;nan;nan;nan;nan;nan;nan;nan;nan;nan;nan;nan;nan;nan;nan;nan;nan;nan;nan;nan;nan;nan;nan;nan;nan;nan;nan;nan;nan;nan;nan;nan;nan;nan;nan;nan;nan;nan;nan;nan;nan;nan;nan;nan;nan;nan;nan;nan;nan;nan;nan;nan;nan;nan;nan;nan;nan;nan;nan;nan;nan;69929.939;69929.939;69929.939;69929.939;69929.939;69929.939;69929.939;69929.939;70057.998;70057.998;70057.998;70386.942;70386.942;70386.942;70386.942;70386.942;70425.316;70425.316;70425.316;70948.110;70948.110;70948.110;70948.110;70948.110;70960.536;70960.536;70961.178;70961.178;70961.178;70961.178;70961.178;70961.178;70969.927;70969.927;71129.948;71129.948;71157.012;71157.012;71157.322;71157.322;71158.558;71158.558;71158.905;71158.905;71158.905;71158.905;71158.905;71158.905;71158.905;71158.905;71158.905;71158.905;71159.635;71159.635;71162.864;71162.864;71164.051;71164.051;71164.334;71170.018;71170.018;71170.018;71170.671;71170.671;71170.671;71174.566;71174.629;71174.629;71175.162;71175.162;71177.355;71177.355;71177.633;71179.423;71180.200;71180.680;71180.942;71181.926;71182.250;71182.359;71182.665;71183.097;71183.274;71183.439;71183.685;71183.685;71183.685;71183.840;71183.846;71184.085;71185.040;71185.040;71185.194;71185.194;71185.194;71185.345;71186.389;71186.389;71188.624;71188.624;71191.974;71191.974;71192.794;71192.794;71192.794;71192.814;71192.814;71192.827;71192.827;71192.849;71192.876;71192.876;71192.878;71192.883;71192.883;71192.888;71192.912;71192.912;71192.969;71192.969;71192.969;71192.973;71192.973;71192.975;71192.985;71192.985;71193.022;71193.022;71193.042;71193.042;71193.042;71193.043;71193.052;71193.052;71193.053;71193.053,5D,385.0
SLSQP,1,500,10,1,6030,random,6030,114848.46527817695,140457.3736973483,25608.908419171334,False,92.54146438853898,5.352296377999664,-199.752 -356.994;401.308 41.559;474.740 136.604;493.913 46.071;26.426 -364.572;-144.295 -473.781;-339.605 245.637;-469.600 -133.457;362.346 192.678;190.942 -311.363,nan;nan;nan;nan;nan;nan;nan;nan;nan;nan;nan;nan;nan;nan;nan;nan;nan;nan;nan;nan;nan;nan;nan;nan;nan;nan;nan;nan;nan;nan;nan;nan;nan;nan;nan;nan;nan;nan;nan;nan;nan;nan;nan;nan;nan;nan;nan;nan;nan;nan;nan;nan;nan;nan;nan;nan;nan;nan;nan;nan;nan;nan;nan;nan;nan;nan;nan;nan;nan;nan;nan;nan;nan;nan;nan;nan;nan;nan;nan;nan;nan;nan;nan;nan;nan;nan;nan;nan;nan;nan;nan;nan;nan;nan;nan;nan;nan;nan;nan;nan;nan;nan;nan;nan;nan;nan;nan;nan;nan;nan;nan;nan;nan;nan;nan;nan;nan;nan;nan;nan;nan;nan;nan;nan;nan;nan;nan;nan;nan;nan;nan;nan;nan;nan;nan;nan;nan;nan;nan;nan;nan;nan;nan;nan;nan;nan;nan;nan;nan;nan;nan;nan;nan;nan;nan;nan;nan;nan;nan;nan;nan;nan;nan;nan;nan;nan;nan;nan;nan;nan;nan;nan;nan;nan;nan;nan;nan;nan;nan;nan;nan;nan;nan;nan;nan;nan;nan;nan;nan;nan;nan;nan;nan;nan;nan;nan;nan;nan;nan;nan;nan,6D,462.0
PSOBV,1,500,10,11,6030,random,6030,134032.04296856053,140457.3736973483,6425.330728787754,False,311.66839610934784,3.00315899799989,-106.900 -485.860;-138.478 479.608;-25.096 2.700;446.786 217.680;-394.620 302.045;199.235 457.138;242.870 -437.033;-392.410 -309.591;-500.000 0.306;472.228 -162.969,nan;nan;nan;nan;nan;nan;nan;nan;nan;nan;nan;nan;nan;nan;nan;nan;nan;nan;nan;nan;nan;nan;nan;nan;nan;nan;nan;nan;nan;nan;nan;nan;nan;nan;nan;nan;nan;nan;nan;nan;nan;nan;nan;nan;nan;nan;nan;nan;nan;nan;nan;nan;nan;nan;nan;nan;nan;nan;nan;nan;nan;nan;nan;nan;nan;nan;nan;nan;nan;nan;nan;nan;nan;nan;nan;nan;nan;nan;nan;nan;nan;nan;nan;nan;nan;nan;nan;nan;nan;nan;nan;nan;nan;nan;nan;nan;nan;nan;nan;nan;nan;nan;nan;nan;nan;nan;nan;nan;nan;nan;nan;nan;nan;nan;nan;nan;nan;nan;nan;nan;nan;nan;nan;nan;nan;nan;nan;nan;nan;nan;nan;nan;nan;nan;nan;nan;nan;nan;nan;nan;nan;nan;nan;nan;nan;nan;nan;nan;nan;nan;nan;nan;nan;nan;nan;nan;nan;nan;nan;nan;nan;nan;nan;nan;nan;nan;nan;nan;nan;nan;nan;nan;nan;nan;nan;nan;nan;nan;nan;nan;nan;nan;nan;nan;nan;nan;nan;nan;nan;nan;nan;nan;nan;nan;nan;nan;nan;nan;nan;nan;nan,6D,462.0
SSABV,1,500,10,21,6030,random,6030,131839.10733632103,140457.3736973483,8618.266361027258,False,306.23269330573294,2.2227051480003865,69.659 494.466;-155.161 -475.261;-280.604 413.644;244.733 -435.831;-136.739 -41.104;157.234 44.676;-446.359 -224.995;-474.119 158.206;486.643 -114.166;376.933 328.461,nan;nan;nan;nan;nan;nan;nan;nan;nan;nan;nan;nan;nan;nan;nan;nan;nan;nan;nan;nan;nan;nan;nan;nan;nan;nan;nan;nan;nan;nan;nan;nan;nan;nan;nan;nan;nan;nan;nan;nan;nan;nan;nan;nan;nan;nan;nan;nan;nan;nan;nan;nan;nan;nan;nan;nan;nan;nan;nan;nan;nan;nan;nan;nan;nan;nan;nan;nan;nan;nan;nan;nan;nan;nan;nan;nan;nan;nan;nan;nan;nan;nan;nan;nan;nan;nan;nan;nan;nan;nan;nan;nan;nan;nan;nan;nan;nan;nan;nan;nan;nan;nan;nan;nan;nan;nan;nan;nan;nan;nan;nan;nan;nan;nan;nan;nan;nan;nan;nan;nan;nan;nan;nan;nan;nan;nan;nan;nan;nan;nan;nan;nan;nan;nan;nan;nan;nan;nan;nan;nan;nan;nan;nan;nan;nan;nan;nan;nan;nan;nan;nan;nan;nan;nan;nan;nan;nan;nan;nan;nan;nan;nan;nan;nan;nan;nan;nan;nan;nan;nan;nan;nan;nan;nan;nan;nan;nan;nan;nan;nan;nan;nan;nan;nan;nan;nan;nan;nan;nan;nan;nan;nan;nan;nan;nan;nan;nan;nan;nan;nan;nan,6D,462.0
BVNS,1,500,10,1,6030,random,6030,128499.0550278335,140457.3736973483,11958.318669514789,False,235.06678612816,2.1383389080001507,-349.752 -356.994;-21.348 259.528;474.740 156.917;493.913 -77.367;7.676 -101.291;-8.357 -499.563;-339.605 366.731;-500.000 1.699;274.846 417.678;340.942 -365.269,nan;nan;nan;nan;nan;nan;nan;nan;nan;nan;nan;nan;nan;nan;nan;nan;nan;nan;nan;nan;nan;nan;nan;nan;nan;nan;nan;nan;nan;nan;nan;nan;nan;nan;nan;nan;nan;nan;nan;nan;nan;nan;nan;nan;nan;nan;nan;nan;nan;nan;nan;nan;nan;nan;nan;nan;nan;nan;nan;nan;nan;nan;nan;nan;nan;nan;nan;nan;nan;nan;nan;nan;nan;nan;nan;nan;nan;nan;nan;nan;nan;nan;nan;nan;nan;nan;nan;nan;nan;nan;nan;nan;nan;nan;nan;nan;nan;nan;nan;nan;nan;nan;nan;nan;nan;nan;nan;nan;nan;nan;nan;nan;nan;nan;nan;nan;nan;nan;nan;nan;nan;nan;nan;nan;nan;nan;nan;nan;nan;nan;nan;nan;nan;nan;nan;nan;nan;nan;nan;nan;nan;nan;nan;nan;nan;nan;nan;nan;nan;nan;nan;nan;nan;nan;nan;nan;nan;nan;nan;nan;nan;nan;nan;nan;nan;nan;nan;nan;nan;nan;nan;nan;nan;nan;nan;nan;nan;nan;nan;nan;nan;nan;nan;nan;nan;nan;nan;nan;nan;nan;nan;nan;nan;nan;nan;nan;nan;nan;nan;nan;nan,6D,462.0
PSOC,1,500,10,11,6030,random,6030,133895.7878971465,140457.3736973483,6561.585800201778,False,309.8932994280961,2.2784068460005074,-83.069 -414.865;-134.513 479.673;-14.411 46.424;434.621 246.957;-392.376 307.800;181.379 463.646;248.456 -433.907;-391.496 -310.129;-496.536 4.472;472.929 -144.124,nan;nan;nan;nan;nan;nan;nan;nan;nan;nan;nan;nan;nan;nan;nan;nan;nan;nan;nan;nan;nan;nan;nan;nan;nan;nan;nan;nan;nan;nan;nan;nan;nan;nan;nan;nan;nan;nan;nan;nan;nan;nan;nan;nan;nan;nan;nan;nan;nan;nan;nan;nan;nan;nan;nan;nan;nan;nan;nan;nan;nan;nan;nan;nan;nan;nan;nan;nan;nan;nan;nan;nan;nan;nan;nan;nan;nan;nan;nan;nan;nan;nan;nan;nan;nan;nan;nan;nan;nan;nan;nan;nan;nan;nan;nan;nan;nan;nan;nan;nan;nan;nan;nan;nan;nan;nan;nan;nan;nan;nan;nan;nan;nan;nan;nan;nan;nan;nan;nan;nan;nan;nan;nan;nan;nan;nan;nan;nan;nan;nan;nan;nan;nan;nan;nan;nan;nan;nan;nan;nan;nan;nan;nan;nan;nan;nan;nan;nan;nan;nan;nan;nan;nan;nan;nan;nan;nan;nan;nan;nan;nan;nan;nan;nan;nan;nan;nan;nan;nan;nan;nan;nan;nan;nan;nan;nan;nan;nan;nan;nan;nan;nan;nan;nan;nan;nan;nan;nan;nan;nan;nan;nan;nan;nan;nan;nan;nan;nan;nan;nan;nan,6D,462.0
SSA,1,500,10,21,6030,random,6030,132862.45704219217,140457.3736973483,7594.916655156121,False,215.26428367252964,2.3475304779994985,-499.999 -0.868;-237.854 -174.702;162.872 43.806;483.213 -128.473;90.779 -486.587;295.640 -234.090;397.688 303.001;139.644 480.095;-70.766 182.110;-369.134 336.523,nan;nan;nan;nan;nan;nan;nan;nan;nan;nan;nan;nan;nan;nan;nan;nan;nan;nan;nan;nan;nan;nan;nan;nan;nan;nan;nan;nan;nan;nan;nan;nan;nan;nan;nan;nan;nan;nan;nan;nan;nan;nan;nan;nan;nan;nan;nan;nan;nan;nan;nan;nan;nan;nan;nan;nan;nan;nan;nan;nan;nan;nan;nan;nan;nan;nan;nan;nan;nan;nan;nan;nan;nan;nan;nan;nan;nan;nan;nan;nan;nan;nan;nan;nan;nan;nan;nan;nan;nan;nan;nan;nan;nan;nan;nan;nan;nan;nan;nan;nan;nan;nan;nan;nan;nan;nan;nan;nan;nan;nan;nan;nan;nan;nan;nan;nan;nan;nan;nan;nan;nan;nan;nan;nan;nan;nan;nan;nan;nan;nan;nan;nan;nan;nan;nan;nan;nan;nan;nan;nan;nan;nan;nan;nan;nan;nan;nan;nan;nan;nan;nan;nan;nan;nan;nan;nan;nan;nan;nan;nan;nan;nan;nan;nan;nan;nan;nan;nan;nan;nan;nan;nan;nan;nan;nan;nan;nan;nan;nan;nan;nan;nan;nan;nan;nan;nan;nan;nan;nan;nan;nan;nan;nan;nan;nan;nan;nan;nan;nan;nan;nan,6D,462.0
DE,1,500,10,1,6030,random,6030,126516.6094562388,140457.3736973483,13940.764241109486,False,214.0473620403153,3.4113767039998493,-500.000 6.418;-378.666 -287.989;-46.992 111.285;64.253 -450.279;38.432 -167.262;217.595 -2.558;228.254 -312.729;500.000 -12.700;-309.254 352.965;-20.375 374.363,nan;nan;nan;nan;nan;nan;nan;nan;nan;nan;nan;nan;nan;nan;nan;nan;nan;nan;nan;nan;nan;nan;nan;nan;nan;nan;nan;nan;nan;nan;nan;nan;nan;nan;nan;nan;nan;nan;nan;nan;nan;nan;nan;nan;nan;nan;nan;nan;nan;nan;nan;nan;nan;nan;nan;nan;nan;nan;nan;nan;nan;nan;nan;nan;nan;nan;nan;nan;nan;nan;nan;nan;nan;nan;nan;nan;nan;nan;nan;nan;nan;nan;nan;nan;nan;nan;nan;nan;nan;nan;nan;nan;nan;nan;nan;nan;nan;nan;nan;nan;nan;nan;nan;nan;nan;nan;nan;nan;nan;nan;nan;nan;nan;nan;nan;nan;nan;nan;nan;nan;nan;nan;nan;nan;nan;nan;nan;nan;nan;nan;nan;nan;nan;nan;nan;nan;nan;nan;nan;nan;nan;nan;nan;nan;nan;nan;nan;nan;nan;nan;nan;nan;nan;nan;nan;nan;nan;nan;nan;nan;nan;nan;nan;nan;nan;nan;nan;nan;nan;nan;nan;nan;nan;nan;nan;nan;nan;nan;nan;nan;nan;nan;nan;nan;nan;nan;nan;nan;nan;nan;nan;nan;nan;nan;nan;nan;nan;nan;nan;nan;nan,6D,462.0
SLSQP,1,500,10,11,6030,random,6030,121866.6764875431,140457.3736973483,18590.697209805192,False,89.85397573919415,5.057401877000302,-434.553 74.656;187.936 68.306;103.727 99.650;402.647 31.029;361.393 -148.028;-359.374 -278.123;293.282 -270.316;272.538 402.837;44.387 -356.777;123.497 -120.503,nan;nan;nan;nan;nan;nan;nan;nan;nan;nan;nan;nan;nan;nan;nan;nan;nan;nan;nan;nan;nan;nan;nan;nan;nan;nan;nan;nan;nan;nan;nan;nan;nan;nan;nan;nan;nan;nan;nan;nan;nan;nan;nan;nan;nan;nan;nan;nan;nan;nan;nan;nan;nan;nan;nan;nan;nan;nan;nan;nan;nan;nan;nan;nan;nan;nan;nan;nan;nan;nan;nan;nan;nan;nan;nan;nan;nan;nan;nan;nan;nan;nan;nan;nan;nan;nan;nan;nan;nan;nan;nan;nan;nan;nan;nan;nan;nan;nan;nan;nan;nan;nan;nan;nan;nan;nan;nan;nan;nan;nan;nan;nan;nan;nan;nan;nan;nan;nan;nan;nan;nan;nan;nan;nan;nan;nan;nan;nan;nan;nan;nan;nan;nan;nan;nan;nan;nan;nan;nan;nan;nan;nan;nan;nan;nan;nan;nan;nan;nan;nan;nan;nan;nan;nan;nan;nan;nan;nan;nan;nan;nan;nan;nan;nan;nan;nan;nan;nan;nan;nan;nan;nan;nan;nan;nan;nan;nan;nan;nan;nan;nan;nan;nan;nan;nan;nan;nan;nan;nan;nan;nan;nan;nan;nan;nan;nan;nan;nan;nan;nan;nan,5D,385.0
PSOBV,1,500,10,21,6030,random,6030,133304.98594702352,140457.3736973483,7152.387750324764,False,326.3972686130666,3.047091931000068,372.115 333.589;-22.137 435.425;-423.910 264.951;290.416 -406.696;-487.995 -107.430;489.940 -99.135;0.892 -244.196;-161.687 70.595;-281.715 -412.561;178.507 61.592,nan;nan;nan;nan;nan;nan;nan;nan;nan;nan;nan;nan;nan;nan;nan;nan;nan;nan;nan;nan;nan;nan;nan;nan;nan;nan;nan;nan;nan;nan;nan;nan;nan;nan;nan;nan;nan;nan;nan;nan;nan;nan;nan;nan;nan;nan;nan;nan;nan;nan;nan;nan;nan;nan;nan;nan;nan;nan;nan;nan;nan;nan;nan;nan;nan;nan;nan;nan;nan;nan;nan;nan;nan;nan;nan;nan;nan;nan;nan;nan;nan;nan;nan;nan;nan;nan;nan;nan;nan;nan;nan;nan;nan;nan;nan;nan;nan;nan;nan;nan;nan;nan;nan;nan;nan;nan;nan;nan;nan;nan;nan;nan;nan;nan;nan;nan;nan;nan;nan;nan;nan;nan;nan;nan;nan;nan;nan;nan;nan;nan;nan;nan;nan;nan;nan;nan;nan;nan;nan;nan;nan;nan;nan;nan;nan;nan;nan;nan;nan;nan;nan;nan;nan;nan;nan;nan;nan;nan;nan;nan;nan;nan;nan;nan;nan;nan;nan;nan;nan;nan;nan;nan;nan;nan;nan;nan;nan;nan;nan;nan;nan;nan;nan;nan;nan;nan;nan;nan;nan;nan;nan;nan;nan;nan;nan;nan;nan;nan;nan;nan;nan,5D,385.0
RSDVNS,1,500,10,1,6030,random,6030,132715.8049662862,140457.3736973483,7741.568731062085,False,320.2973376212276,2.2593853219996163,-475.215 154.064;-454.161 -207.664;-1.885 500.000;115.599 -486.344;-203.311 -456.570;-119.420 165.602;81.887 -122.525;333.717 371.574;406.827 -290.680;496.175 55.766,nan;nan;nan;nan;nan;nan;nan;nan;nan;nan;nan;nan;nan;nan;nan;nan;nan;nan;nan;nan;nan;nan;nan;nan;nan;nan;nan;nan;nan;nan;nan;nan;nan;nan;nan;nan;nan;nan;nan;nan;nan;nan;nan;nan;nan;nan;nan;nan;nan;nan;nan;nan;nan;nan;nan;nan;nan;nan;nan;nan;nan;nan;nan;nan;nan;nan;nan;nan;nan;nan;nan;nan;nan;nan;nan;nan;nan;nan;nan;nan;nan;nan;nan;nan;nan;nan;nan;nan;nan;nan;nan;nan;nan;nan;nan;nan;nan;nan;nan;nan;nan;nan;nan;nan;nan;nan;nan;nan;nan;nan;nan;nan;nan;nan;nan;nan;nan;nan;nan;nan;nan;nan;nan;nan;nan;nan;nan;nan;nan;nan;nan;nan;nan;nan;nan;nan;nan;nan;nan;nan;nan;nan;nan;nan;nan;nan;nan;nan;nan;nan;nan;nan;nan;nan;nan;nan;nan;nan;nan;nan;nan;nan;nan;nan;nan;nan;nan;nan;nan;nan;nan;nan;nan;nan;nan;nan;nan;nan;nan;nan;nan;nan;nan;nan;nan;nan;nan;nan;nan;nan;nan;nan;nan;nan;nan;nan;nan;nan;nan;nan;nan,5D,385.0
BVNS,1,500,10,11,6030,random,6030,129878.76860348212,140457.3736973483,10578.605093866165,False,331.0425093469369,2.287545764999777,-484.553 99.656;128.561 104.243;-179.086 337.150;477.647 147.436;461.393 -192.560;-410.937 -284.373;226.876 -445.316;236.600 440.337;-125.925 -483.340;-128.066 -104.878,nan;nan;nan;nan;nan;nan;nan;nan;nan;nan;nan;nan;nan;nan;nan;nan;nan;nan;nan;nan;nan;nan;nan;nan;nan;nan;nan;nan;nan;nan;nan;nan;nan;nan;nan;nan;nan;nan;nan;nan;nan;nan;nan;nan;nan;nan;nan;nan;nan;nan;nan;nan;nan;nan;nan;nan;nan;nan;nan;nan;nan;nan;nan;nan;nan;nan;nan;nan;nan;nan;nan;nan;nan;nan;nan;nan;nan;nan;nan;nan;nan;nan;nan;nan;nan;nan;nan;nan;nan;nan;nan;nan;nan;nan;nan;nan;nan;nan;nan;nan;nan;nan;nan;nan;nan;nan;nan;nan;nan;nan;nan;nan;nan;nan;nan;nan;nan;nan;nan;nan;nan;nan;nan;nan;nan;nan;nan;nan;nan;nan;nan;nan;nan;nan;nan;nan;nan;nan;nan;nan;nan;nan;nan;nan;nan;nan;nan;nan;nan;nan;nan;nan;nan;nan;nan;nan;nan;nan;nan;nan;nan;nan;nan;nan;nan;nan;nan;nan;nan;nan;nan;nan;nan;nan;nan;nan;nan;nan;nan;nan;nan;nan;nan;nan;nan;nan;nan;nan;nan;nan;nan;nan;nan;nan;nan;nan;nan;nan;nan;nan;nan,5D,385.0
PSOC,1,500,10,21,6030,random,6030,134143.96774359365,140457.3736973483,6313.405953754642,False,287.00153161407917,2.2085307580000517,345.350 360.738;-46.608 352.436;-425.329 262.364;295.455 -403.278;-480.765 -133.279;488.136 -98.846;15.199 -341.418;-166.267 -23.553;-277.419 -415.908;180.144 3.218,nan;nan;nan;nan;nan;nan;nan;nan;nan;nan;nan;nan;nan;nan;nan;nan;nan;nan;nan;nan;nan;nan;nan;nan;nan;nan;nan;nan;nan;nan;nan;nan;nan;nan;nan;nan;nan;nan;nan;nan;nan;nan;nan;nan;nan;nan;nan;nan;nan;nan;nan;nan;nan;nan;nan;nan;nan;nan;nan;nan;nan;nan;nan;nan;nan;nan;nan;nan;nan;nan;nan;nan;nan;nan;nan;nan;nan;nan;nan;nan;nan;nan;nan;nan;nan;nan;nan;nan;nan;nan;nan;nan;nan;nan;nan;nan;nan;nan;nan;nan;nan;nan;nan;nan;nan;nan;nan;nan;nan;nan;nan;nan;nan;nan;nan;nan;nan;nan;nan;nan;nan;nan;nan;nan;nan;nan;nan;nan;nan;nan;nan;nan;nan;nan;nan;nan;nan;nan;nan;nan;nan;nan;nan;nan;nan;nan;nan;nan;nan;nan;nan;nan;nan;nan;nan;nan;nan;nan;nan;nan;nan;nan;nan;nan;nan;nan;nan;nan;nan;nan;nan;nan;nan;nan;nan;nan;nan;nan;nan;nan;nan;nan;nan;nan;nan;nan;nan;nan;nan;nan;nan;nan;nan;nan;nan;nan;nan;nan;nan;nan;nan,5D,385.0
LXSSA,1,500,10,1,6030,random,6030,129356.3089396036,140457.3736973483,11101.064757744694,False,278.3654471566317,2.3736226470000474,-173.030 92.406;405.039 -161.600;-173.779 -468.830;414.358 153.341;95.322 166.396;182.448 -465.313;210.698 443.852;53.638 -204.004;-228.156 444.037;-306.761 -154.441,nan;nan;nan;nan;nan;nan;nan;nan;nan;nan;nan;nan;nan;nan;nan;nan;nan;nan;nan;nan;nan;nan;nan;nan;nan;nan;nan;nan;nan;nan;nan;nan;nan;nan;nan;nan;nan;nan;nan;nan;nan;nan;nan;nan;nan;nan;nan;nan;nan;nan;nan;nan;nan;nan;nan;nan;nan;nan;nan;nan;nan;nan;nan;nan;nan;nan;nan;nan;nan;nan;nan;nan;nan;nan;nan;nan;nan;nan;nan;nan;nan;nan;nan;nan;nan;nan;nan;nan;nan;nan;nan;nan;nan;nan;nan;nan;nan;nan;nan;nan;nan;nan;nan;nan;nan;nan;nan;nan;nan;nan;nan;nan;nan;nan;nan;nan;nan;nan;nan;nan;nan;nan;nan;nan;nan;nan;nan;nan;nan;nan;nan;nan;nan;nan;nan;nan;nan;nan;nan;nan;nan;nan;nan;nan;nan;nan;nan;nan;nan;nan;nan;nan;nan;nan;nan;nan;nan;nan;nan;nan;nan;nan;nan;nan;nan;nan;nan;nan;nan;nan;nan;nan;nan;nan;nan;nan;nan;nan;nan;nan;nan;nan;nan;nan;nan;nan;nan;nan;nan;nan;nan;nan;nan;nan;nan;nan;nan;nan;nan;nan;nan,5D,385.0
DE,1,500,10,11,6030,random,6030,125923.12941015419,140457.3736973483,14534.244287194102,False,218.93500895499005,3.288855804999912,-396.296 -67.104;441.839 -10.070;-62.009 -442.676;-344.924 -337.927;48.292 303.202;299.064 -326.137;-357.385 148.568;164.375 -32.075;-63.680 -181.214;-35.459 57.360,nan;nan;nan;nan;nan;nan;nan;nan;nan;nan;nan;nan;nan;nan;nan;nan;nan;nan;nan;nan;nan;nan;nan;nan;nan;nan;nan;nan;nan;nan;nan;nan;nan;nan;nan;nan;nan;nan;nan;nan;nan;nan;nan;nan;nan;nan;nan;nan;nan;nan;nan;nan;nan;nan;nan;nan;nan;nan;nan;nan;nan;nan;nan;nan;nan;nan;nan;nan;nan;nan;nan;nan;nan;nan;nan;nan;nan;nan;nan;nan;nan;nan;nan;nan;nan;nan;nan;nan;nan;nan;nan;nan;nan;nan;nan;nan;nan;nan;nan;nan;nan;nan;nan;nan;nan;nan;nan;nan;nan;nan;nan;nan;nan;nan;nan;nan;nan;nan;nan;nan;nan;nan;nan;nan;nan;nan;nan;nan;nan;nan;nan;nan;nan;nan;nan;nan;nan;nan;nan;nan;nan;nan;nan;nan;nan;nan;nan;nan;nan;nan;nan;nan;nan;nan;nan;nan;nan;nan;nan;nan;nan;nan;nan;nan;nan;nan;nan;nan;nan;nan;nan;nan;nan;nan;nan;nan;nan;nan;nan;nan;nan;nan;nan;nan;nan;nan;nan;nan;nan;nan;nan;nan;nan;nan;nan;nan;nan;nan;nan;nan;nan,5D,385.0
SLSQP,2,500,10,21,6030,random,6030,61612.53970790989,73153.78394684664,11541.24423893675,False,79.08059392507987,4.881691514000522,379.825 253.542;70.365 206.240;-169.032 116.358;192.341 -454.669;-463.361 -155.611;310.366 -74.626;362.093 -206.796;-195.385 382.552;-120.876 7.184;295.607 -163.979,nan;nan;nan;nan;nan;nan;nan;nan;nan;nan;nan;nan;nan;nan;nan;nan;nan;nan;nan;nan;nan;nan;nan;nan;nan;nan;nan;nan;nan;nan;nan;nan;nan;nan;nan;nan;nan;nan;nan;nan;nan;nan;nan;nan;nan;nan;nan;nan;nan;nan;nan;nan;nan;nan;nan;nan;nan;nan;nan;nan;nan;nan;nan;nan;nan;nan;nan;nan;nan;nan;nan;nan;nan;nan;nan;nan;nan;nan;nan;nan;nan;nan;nan;nan;nan;nan;nan;nan;nan;nan;nan;nan;nan;nan;nan;nan;nan;nan;nan;nan;nan;nan;nan;nan;nan;nan;nan;nan;nan;nan;nan;nan;nan;nan;nan;nan;nan;nan;nan;nan;nan;nan;nan;nan;nan;nan;nan;nan;nan;nan;nan;nan;nan;nan;nan;nan;nan;nan;nan;nan;nan;nan;nan;nan;nan;nan;nan;nan;nan;nan;nan;nan;nan;nan;nan;nan;nan;nan;nan;nan;nan;nan;nan;nan;nan;nan;nan;nan;nan;nan;nan;nan;nan;nan;nan;nan;nan;nan;nan;nan;nan;nan;nan;nan;nan;nan;nan;nan;nan;nan;nan;nan;nan;nan;nan;nan;nan;nan;nan;nan;nan,6D,462.0
SSABV,2,500,10,1,6030,random,6030,66353.0699194194,73153.78394684664,6800.714027427239,False,305.3777003595535,3.029880910999964,-226.709 445.363;434.779 246.851;394.447 -307.254;-123.622 10.451;200.732 -16.127;-460.094 194.755;-466.635 -179.192;-274.821 -416.811;154.326 475.343;76.545 -493.906,nan;nan;nan;nan;nan;nan;nan;nan;nan;nan;nan;nan;nan;nan;nan;nan;nan;nan;nan;nan;nan;nan;nan;nan;nan;nan;nan;nan;nan;nan;nan;nan;nan;nan;nan;nan;nan;nan;nan;nan;nan;nan;nan;nan;nan;nan;nan;nan;nan;nan;nan;nan;nan;nan;nan;nan;nan;nan;nan;nan;nan;nan;nan;nan;nan;nan;nan;nan;nan;nan;nan;nan;nan;nan;nan;nan;nan;nan;nan;nan;nan;nan;nan;nan;nan;nan;nan;nan;nan;nan;nan;nan;nan;nan;nan;nan;nan;nan;nan;nan;nan;nan;nan;nan;nan;nan;nan;nan;nan;nan;nan;nan;nan;nan;nan;nan;nan;nan;nan;nan;nan;nan;nan;nan;nan;nan;nan;nan;nan;nan;nan;nan;nan;nan;nan;nan;nan;nan;nan;nan;nan;nan;nan;nan;nan;nan;nan;nan;nan;nan;nan;nan;nan;nan;nan;nan;nan;nan;nan;nan;nan;nan;nan;nan;nan;nan;nan;nan;nan;nan;nan;nan;nan;nan;nan;nan;nan;nan;nan;nan;nan;nan;nan;nan;nan;nan;nan;nan;nan;nan;nan;nan;nan;nan;nan;nan;nan;nan;nan;nan;nan,6D,462.0
RSDVNS,2,500,10,11,6030,random,6030,66804.84913871491,73153.78394684664,6348.934808131729,False,302.8330675147062,2.249936911000077,-223.627 -446.541;-310.428 391.069;110.973 486.230;-134.352 -157.166;232.239 -19.510;-80.416 171.421;419.685 -270.203;158.633 -472.499;414.760 277.167;-498.547 -4.817,nan;nan;nan;nan;nan;nan;nan;nan;nan;nan;nan;nan;nan;nan;nan;nan;nan;nan;nan;nan;nan;nan;nan;nan;nan;nan;nan;nan;nan;nan;nan;nan;nan;nan;nan;nan;nan;nan;nan;nan;nan;nan;nan;nan;nan;nan;nan;nan;nan;nan;nan;nan;nan;nan;nan;nan;nan;nan;nan;nan;nan;nan;nan;nan;nan;nan;nan;nan;nan;nan;nan;nan;nan;nan;nan;nan;nan;nan;nan;nan;nan;nan;nan;nan;nan;nan;nan;nan;nan;nan;nan;nan;nan;nan;nan;nan;nan;nan;nan;nan;nan;nan;nan;nan;nan;nan;nan;nan;nan;nan;nan;nan;nan;nan;nan;nan;nan;nan;nan;nan;nan;nan;nan;nan;nan;nan;nan;nan;nan;nan;nan;nan;nan;nan;nan;nan;nan;nan;nan;nan;nan;nan;nan;nan;nan;nan;nan;nan;nan;nan;nan;nan;nan;nan;nan;nan;nan;nan;nan;nan;nan;nan;nan;nan;nan;nan;nan;nan;nan;nan;nan;nan;nan;nan;nan;nan;nan;nan;nan;nan;nan;nan;nan;nan;nan;nan;nan;nan;nan;nan;nan;nan;nan;nan;nan;nan;nan;nan;nan;nan;nan,6D,462.0
BVNS,2,500,10,21,6030,random,6030,66480.71327588905,73153.78394684664,6673.07067095759,False,277.4952222764472,2.2413186730000234,379.825 324.635;48.490 221.083;-469.032 172.608;171.247 -469.513;-463.361 -187.642;499.219 27.718;437.093 -242.734;-200.854 457.552;-231.814 -442.816;-20.018 -116.323,nan;nan;nan;nan;nan;nan;nan;nan;nan;nan;nan;nan;nan;nan;nan;nan;nan;nan;nan;nan;nan;nan;nan;nan;nan;nan;nan;nan;nan;nan;nan;nan;nan;nan;nan;nan;nan;nan;nan;nan;nan;nan;nan;nan;nan;nan;nan;nan;nan;nan;nan;nan;nan;nan;nan;nan;nan;nan;nan;nan;nan;nan;nan;nan;nan;nan;nan;nan;nan;nan;nan;nan;nan;nan;nan;nan;nan;nan;nan;nan;nan;nan;nan;nan;nan;nan;nan;nan;nan;nan;nan;nan;nan;nan;nan;nan;nan;nan;nan;nan;nan;nan;nan;nan;nan;nan;nan;nan;nan;nan;nan;nan;nan;nan;nan;nan;nan;nan;nan;nan;nan;nan;nan;nan;nan;nan;nan;nan;nan;nan;nan;nan;nan;nan;nan;nan;nan;nan;nan;nan;nan;nan;nan;nan;nan;nan;nan;nan;nan;nan;nan;nan;nan;nan;nan;nan;nan;nan;nan;nan;nan;nan;nan;nan;nan;nan;nan;nan;nan;nan;nan;nan;nan;nan;nan;nan;nan;nan;nan;nan;nan;nan;nan;nan;nan;nan;nan;nan;nan;nan;nan;nan;nan;nan;nan;nan;nan;nan;nan;nan;nan,6D,462.0
SSA,2,500,10,1,6030,random,6030,66854.23854703314,73153.78394684664,6299.545399813505,False,245.05694207843732,2.2864194389994736,-18.724 -499.649;-264.278 424.449;-266.947 -273.697;495.742 65.118;384.287 -301.668;195.479 460.204;-344.816 16.047;178.487 145.794;89.760 -151.664;-149.716 207.820,nan;nan;nan;nan;nan;nan;nan;nan;nan;nan;nan;nan;nan;nan;nan;nan;nan;nan;nan;nan;nan;nan;nan;nan;nan;nan;nan;nan;nan;nan;nan;nan;nan;nan;nan;nan;nan;nan;nan;nan;nan;nan;nan;nan;nan;nan;nan;nan;nan;nan;nan;nan;nan;nan;nan;nan;nan;nan;nan;nan;nan;nan;nan;nan;nan;nan;nan;nan;nan;nan;nan;nan;nan;nan;nan;nan;nan;nan;nan;nan;nan;nan;nan;nan;nan;nan;nan;nan;nan;nan;nan;nan;nan;nan;nan;nan;nan;nan;nan;nan;nan;nan;nan;nan;nan;nan;nan;nan;nan;nan;nan;nan;nan;nan;nan;nan;nan;nan;nan;nan;nan;nan;nan;nan;nan;nan;nan;nan;nan;nan;nan;nan;nan;nan;nan;nan;nan;nan;nan;nan;nan;nan;nan;nan;nan;nan;nan;nan;nan;nan;nan;nan;nan;nan;nan;nan;nan;nan;nan;nan;nan;nan;nan;nan;nan;nan;nan;nan;nan;nan;nan;nan;nan;nan;nan;nan;nan;nan;nan;nan;nan;nan;nan;nan;nan;nan;nan;nan;nan;nan;nan;nan;nan;nan;nan;nan;nan;nan;nan;nan;nan,6D,462.0
LXSSA,2,500,10,11,6030,random,6030,64824.89608857936,73153.78394684664,8328.887858267284,False,232.76189652392821,2.2959845350005708,151.597 -287.779;211.608 227.231;461.657 -191.086;-42.241 493.878;-192.777 -453.805;448.748 220.522;-471.183 -167.253;-179.670 93.370;-420.165 268.214;41.806 21.770,nan;nan;nan;nan;nan;nan;nan;nan;nan;nan;nan;nan;nan;nan;nan;nan;nan;nan;nan;nan;nan;nan;nan;nan;nan;nan;nan;nan;nan;nan;nan;nan;nan;nan;nan;nan;nan;nan;nan;nan;nan;nan;nan;nan;nan;nan;nan;nan;nan;nan;nan;nan;nan;nan;nan;nan;nan;nan;nan;nan;nan;nan;nan;nan;nan;nan;nan;nan;nan;nan;nan;nan;nan;nan;nan;nan;nan;nan;nan;nan;nan;nan;nan;nan;nan;nan;nan;nan;nan;nan;nan;nan;nan;nan;nan;nan;nan;nan;nan;nan;nan;nan;nan;nan;nan;nan;nan;nan;nan;nan;nan;nan;nan;nan;nan;nan;nan;nan;nan;nan;nan;nan;nan;nan;nan;nan;nan;nan;nan;nan;nan;nan;nan;nan;nan;nan;nan;nan;nan;nan;nan;nan;nan;nan;nan;nan;nan;nan;nan;nan;nan;nan;nan;nan;nan;nan;nan;nan;nan;nan;nan;nan;nan;nan;nan;nan;nan;nan;nan;nan;nan;nan;nan;nan;nan;nan;nan;nan;nan;nan;nan;nan;nan;nan;nan;nan;nan;nan;nan;nan;nan;nan;nan;nan;nan;nan;nan;nan;nan;nan;nan,6D,462.0
DE,2,500,10,21,6030,random,6030,63535.97292057209,73153.78394684664,9617.811026274554,False,200.0816224765364,2.5687422729997706,-220.562 -120.457;-136.083 274.285;55.277 389.152;75.059 -72.333;-415.999 120.498;381.816 -153.216;-36.542 -429.142;203.127 -419.450;-348.488 -274.300;367.279 225.709,nan;nan;nan;nan;nan;nan;nan;nan;nan;nan;nan;nan;nan;nan;nan;nan;nan;nan;nan;nan;nan;nan;nan;nan;nan;nan;nan;nan;nan;nan;nan;nan;nan;nan;nan;nan;nan;nan;nan;nan;nan;nan;nan;nan;nan;nan;nan;nan;nan;nan;nan;nan;nan;nan;nan;nan;nan;nan;nan;nan;nan;nan;nan;nan;nan;nan;nan;nan;nan;nan;nan;nan;nan;nan;nan;nan;nan;nan;nan;nan;nan;nan;nan;nan;nan;nan;nan;nan;nan;nan;nan;nan;nan;nan;nan;nan;nan;nan;nan;nan;nan;nan;nan;nan;nan;nan;nan;nan;nan;nan;nan;nan;nan;nan;nan;nan;nan;nan;nan;nan;nan;nan;nan;nan;nan;nan;nan;nan;nan;nan;nan;nan;nan;nan;nan;nan;nan;nan;nan;nan;nan;nan;nan;nan;nan;nan;nan;nan;nan;nan;nan;nan;nan;nan;nan;nan;nan;nan;nan;nan;nan;nan;nan;nan;nan;nan;nan;nan;nan;nan;nan;nan;nan;nan;nan;nan;nan;nan;nan;nan;nan;nan;nan;nan;nan;nan;nan;nan;nan;nan;nan;nan;nan;nan;nan;nan;nan;nan;nan;nan;nan,6D,462.0
PSOBV,2,500,10,1,6030,random,6030,66786.39715861763,73153.78394684664,6367.386788229007,False,335.6647056446074,2.272481169000457,-252.344 28.653;355.966 -350.847;82.611 154.265;499.219 -17.060;-136.057 -481.063;-0.695 500.000;-351.178 355.503;-428.985 -256.775;378.318 326.275;44.952 -188.428,nan;nan;nan;nan;nan;nan;nan;nan;nan;nan;nan;nan;nan;nan;nan;nan;nan;nan;nan;nan;nan;nan;nan;nan;nan;nan;nan;nan;nan;nan;nan;nan;nan;nan;nan;nan;nan;nan;nan;nan;nan;nan;nan;nan;nan;nan;nan;nan;nan;nan;nan;nan;nan;nan;nan;nan;nan;nan;nan;nan;nan;nan;nan;nan;nan;nan;nan;nan;nan;nan;nan;nan;nan;nan;nan;nan;nan;nan;nan;nan;nan;nan;nan;nan;nan;nan;nan;nan;nan;nan;nan;nan;nan;nan;nan;nan;nan;nan;nan;nan;nan;nan;nan;nan;nan;nan;nan;nan;nan;nan;nan;nan;nan;nan;nan;nan;nan;nan;nan;nan;nan;nan;nan;nan;nan;nan;nan;nan;nan;nan;nan;nan;nan;nan;nan;nan;nan;nan;nan;nan;nan;nan;nan;nan;nan;nan;nan;nan;nan;nan;nan;nan;nan;nan;nan;nan;nan;nan;nan;nan;nan;nan;nan;nan;nan;nan;nan;nan;nan;nan;nan;nan;nan;nan;nan;nan;nan;nan;nan;nan;nan;nan;nan;nan;nan;nan;nan;nan;nan;nan;nan;nan;nan;nan;nan;nan;nan;nan;nan;nan;nan,5D,385.0
SSABV,2,500,10,11,6030,random,6030,66365.27851710783,73153.78394684664,6788.505429738812,False,336.19714867193784,2.209670750999976,67.404 -155.320;-370.794 -334.870;-500.000 2.122;210.487 181.992;-38.601 -497.930;-281.468 412.766;500.000 -2.029;75.823 493.496;-154.285 97.429;322.491 -382.099,nan;nan;nan;nan;nan;nan;nan;nan;nan;nan;nan;nan;nan;nan;nan;nan;nan;nan;nan;nan;nan;nan;nan;nan;nan;nan;nan;nan;nan;nan;nan;nan;nan;nan;nan;nan;nan;nan;nan;nan;nan;nan;nan;nan;nan;nan;nan;nan;nan;nan;nan;nan;nan;nan;nan;nan;nan;nan;nan;nan;nan;nan;nan;nan;nan;nan;nan;nan;nan;nan;nan;nan;nan;nan;nan;nan;nan;nan;nan;nan;nan;nan;nan;nan;nan;nan;nan;nan;nan;nan;nan;nan;nan;nan;nan;nan;nan;nan;nan;nan;nan;nan;nan;nan;nan;nan;nan;nan;nan;nan;nan;nan;nan;nan;nan;nan;nan;nan;nan;nan;nan;nan;nan;nan;nan;nan;nan;nan;nan;nan;nan;nan;nan;nan;nan;nan;nan;nan;nan;nan;nan;nan;nan;nan;nan;nan;nan;nan;nan;nan;nan;nan;nan;nan;nan;nan;nan;nan;nan;nan;nan;nan;nan;nan;nan;nan;nan;nan;nan;nan;nan;nan;nan;nan;nan;nan;nan;nan;nan;nan;nan;nan;nan;nan;nan;nan;nan;nan;nan;nan;nan;nan;nan;nan;nan;nan;nan;nan;nan;nan;nan,5D,385.0
RSDVNS,2,500,10,21,6030,random,6030,65264.72667052701,73153.78394684664,7889.057276319632,False,304.5567814832233,2.3688939940002456,-424.144 -262.484;414.475 279.002;-229.989 416.385;-111.035 -486.615;-143.710 -24.205;-477.711 136.119;191.707 -453.417;439.869 -230.456;187.180 9.635;96.910 469.846,nan;nan;nan;nan;nan;nan;nan;nan;nan;nan;nan;nan;nan;nan;nan;nan;nan;nan;nan;nan;nan;nan;nan;nan;nan;nan;nan;nan;nan;nan;nan;nan;nan;nan;nan;nan;nan;nan;nan;nan;nan;nan;nan;nan;nan;nan;nan;nan;nan;nan;nan;nan;nan;nan;nan;nan;nan;nan;nan;nan;nan;nan;nan;nan;nan;nan;nan;nan;nan;nan;nan;nan;nan;nan;nan;nan;nan;nan;nan;nan;nan;nan;nan;nan;nan;nan;nan;nan;nan;nan;nan;nan;nan;nan;nan;nan;nan;nan;nan;nan;nan;nan;nan;nan;nan;nan;nan;nan;nan;nan;nan;nan;nan;nan;nan;nan;nan;nan;nan;nan;nan;nan;nan;nan;nan;nan;nan;nan;nan;nan;nan;nan;nan;nan;nan;nan;nan;nan;nan;nan;nan;nan;nan;nan;nan;nan;nan;nan;nan;nan;nan;nan;nan;nan;nan;nan;nan;nan;nan;nan;nan;nan;nan;nan;nan;nan;nan;nan;nan;nan;nan;nan;nan;nan;nan;nan;nan;nan;nan;nan;nan;nan;nan;nan;nan;nan;nan;nan;nan;nan;nan;nan;nan;nan;nan;nan;nan;nan;nan;nan;nan,5D,385.0
PSOC,2,500,10,1,6030,random,6030,66212.20058786706,73153.78394684664,6941.58335897958,False,308.07627024468894,2.2701389069998186,-208.496 -28.267;349.328 -357.483;40.261 200.321;500.000 -2.246;-112.482 -468.062;-38.904 498.052;-392.775 296.325;-431.173 -252.758;377.216 326.528;150.178 -98.378,nan;nan;nan;nan;nan;nan;nan;nan;nan;nan;nan;nan;nan;nan;nan;nan;nan;nan;nan;nan;nan;nan;nan;nan;nan;nan;nan;nan;nan;nan;nan;nan;nan;nan;nan;nan;nan;nan;nan;nan;nan;nan;nan;nan;nan;nan;nan;nan;nan;nan;nan;nan;nan;nan;nan;nan;nan;nan;nan;nan;nan;nan;nan;nan;nan;nan;nan;nan;nan;nan;nan;nan;nan;nan;nan;nan;nan;nan;nan;nan;nan;nan;nan;nan;nan;nan;nan;nan;nan;nan;nan;nan;nan;nan;nan;nan;nan;nan;nan;nan;nan;nan;nan;nan;nan;nan;nan;nan;nan;nan;nan;nan;nan;nan;nan;nan;nan;nan;nan;nan;nan;nan;nan;nan;nan;nan;nan;nan;nan;nan;nan;nan;nan;nan;nan;nan;nan;nan;nan;nan;nan;nan;nan;nan;nan;nan;nan;nan;nan;nan;nan;nan;nan;nan;nan;nan;nan;nan;nan;nan;nan;nan;nan;nan;nan;nan;nan;nan;nan;nan;nan;nan;nan;nan;nan;nan;nan;nan;nan;nan;nan;nan;nan;nan;nan;nan;nan;nan;nan;nan;nan;nan;nan;nan;nan;nan;nan;nan;nan;nan;nan,5D,385.0
SSA,2,500,10,11,6030,random,6030,65047.19176960589,73153.78394684664,8106.592177240753,False,280.22696709601485,2.2063945039999453,98.944 108.044;-155.109 475.330;-340.482 -224.414;-480.923 136.797;391.296 -257.257;427.913 104.472;266.262 423.143;-117.505 -485.997;-200.898 147.443;22.263 -199.897,nan;nan;nan;nan;nan;nan;nan;nan;nan;nan;nan;nan;nan;nan;nan;nan;nan;nan;nan;nan;nan;nan;nan;nan;nan;nan;nan;nan;nan;nan;nan;nan;nan;nan;nan;nan;nan;nan;nan;nan;nan;nan;nan;nan;nan;nan;nan;nan;nan;nan;nan;nan;nan;nan;nan;nan;nan;nan;nan;nan;nan;nan;nan;nan;nan;nan;nan;nan;nan;nan;nan;nan;nan;nan;nan;nan;nan;nan;nan;nan;nan;nan;nan;nan;nan;nan;nan;nan;nan;nan;nan;nan;nan;nan;nan;nan;nan;nan;nan;nan;nan;nan;nan;nan;nan;nan;nan;nan;nan;nan;nan;nan;nan;nan;nan;nan;nan;nan;nan;nan;nan;nan;nan;nan;nan;nan;nan;nan;nan;nan;nan;nan;nan;nan;nan;nan;nan;nan;nan;nan;nan;nan;nan;nan;nan;nan;nan;nan;nan;nan;nan;nan;nan;nan;nan;nan;nan;nan;nan;nan;nan;nan;nan;nan;nan;nan;nan;nan;nan;nan;nan;nan;nan;nan;nan;nan;nan;nan;nan;nan;nan;nan;nan;nan;nan;nan;nan;nan;nan;nan;nan;nan;nan;nan;nan;nan;nan;nan;nan;nan;nan,5D,385.0
LXSSA,2,500,10,21,6030,random,6030,64709.01943337501,73153.78394684664,8444.76451347163,False,281.89666778634336,3.199421538999559,281.179 354.737;-403.139 -272.323;369.673 -336.636;132.309 -32.792;-84.235 -251.317;-419.226 272.291;-233.956 16.726;482.714 19.565;-67.038 299.981;53.794 -497.109,nan;nan;nan;nan;nan;nan;nan;nan;nan;nan;nan;nan;nan;nan;nan;nan;nan;nan;nan;nan;nan;nan;nan;nan;nan;nan;nan;nan;nan;nan;nan;nan;nan;nan;nan;nan;nan;nan;nan;nan;nan;nan;nan;nan;nan;nan;nan;nan;nan;nan;nan;nan;nan;nan;nan;nan;nan;nan;nan;nan;nan;nan;nan;nan;nan;nan;nan;nan;nan;nan;nan;nan;nan;nan;nan;nan;nan;nan;nan;nan;nan;nan;nan;nan;nan;nan;nan;nan;nan;nan;nan;nan;nan;nan;nan;nan;nan;nan;nan;nan;nan;nan;nan;nan;nan;nan;nan;nan;nan;nan;nan;nan;nan;nan;nan;nan;nan;nan;nan;nan;nan;nan;nan;nan;nan;nan;nan;nan;nan;nan;nan;nan;nan;nan;nan;nan;nan;nan;nan;nan;nan;nan;nan;nan;nan;nan;nan;nan;nan;nan;nan;nan;nan;nan;nan;nan;nan;nan;nan;nan;nan;nan;nan;nan;nan;nan;nan;nan;nan;nan;nan;nan;nan;nan;nan;nan;nan;nan;nan;nan;nan;nan;nan;nan;nan;nan;nan;nan;nan;nan;nan;nan;nan;nan;nan;nan;nan;nan;nan;nan;nan,5D,385.0
SLSQP,1,750,8,1,6030,random,6030,111678.40942555493,112365.89895787863,687.4895323236997,True,466.4631557345098,3.6128257280006437,-27.073 301.543;-586.568 465.021;247.534 698.956;615.505 351.156;615.601 -427.416;191.015 -234.246;-407.212 -57.221;-8.036 -749.407,nan;nan;nan;110510.412;110510.412;110599.100;111427.225;111427.225;111427.291;111427.291;111427.291;111427.291;111427.291;111427.291;111427.291;111427.291;111427.291;111427.291;111427.291;111427.291;111427.291;111427.291;111427.291;111427.291;111432.634;111432.872;111432.872;111438.671;111438.671;111438.671;111438.671;111440.327;111440.327;111440.327;111440.327;111440.327;111440.327;111440.327;111440.327;111440.327;111440.327;111440.327;111440.327;111440.327;111440.327;111440.327;111440.327;111440.327;111440.327;111440.327;111440.327;111440.327;111440.327;111440.327;111440.327;111440.327;111440.327;111440.327;111471.240;111471.240;111471.240;111471.240;111471.240;111471.240;111471.280;111471.280;111471.280;111471.280;111471.280;111471.280;111471.280;111471.280;111471.434;111485.547;111605.156;111606.685;111608.022;111610.601;111611.890;111651.541;111651.541;111656.659;111656.659;111678.158;111678.357;111678.359;111678.359;111678.359;111678.359;111678.359;111678.359;111678.360;111678.360;111678.360;111678.360;111678.360;111678.383;111678.409;111678.409;111678.409;111678.409;111678.409;111678.409;111678.409;111678.409;111678.409;111678.409;111678.409;111678.409;111678.409;111678.409;111678.409;111678.409;111678.409;111678.409;111678.409;111678.409;111678.409;111678.409;111678.409;111678.409;111678.409;111678.409;111678.409;111678.409;111678.409;111678.409;111678.409;111678.409;111678.409;111678.409;111678.409;111678.409;111678.409;111678.409;111678.409;111678.409;111678.409;111678.409;111678.409;111678.409;111678.409;111678.409;111678.409;111678.409;111678.409;111678.409;111678.409;111678.409;111678.409;111678.409;111678.409;111678.409;111678.409;111678.409;111678.409;111678.409;111678.409;111678.409;111678.409;111678.409;111678.409;111678.409;111678.409;111678.409;111678.409;111678.409;111678.409;111678.409;111678.409;111678.409;111678.409;111678.409;111678.409;111678.409;111678.409;111678.409;111678.409;111678.409;111678.409;111678.409;111678.409;111678.409;111678.409;111678.409;111678.409;111678.409;111678.409;111678.409;111678.409;111678.409;111678.409;111678.409;111678.409;111678.409;111678.409;111678.409;111678.409;111678.409;111678.409;111678.409,6D,462.0
PSOBV,1,750,8,11,6030,random,6030,111485.3367607146,112365.89895787863,880.5621971640212,True,462.19468705048564,2.2304627729999993,514.156 -544.997;-371.652 649.613;-52.937 -687.391;-631.778 -403.713;-620.207 257.542;209.048 719.398;748.828 7.985;44.776 287.381,nan;nan;nan;nan;nan;nan;nan;nan;nan;nan;nan;nan;nan;nan;nan;nan;nan;nan;nan;nan;nan;nan;nan;nan;nan;nan;nan;nan;nan;nan;nan;nan;nan;nan;nan;nan;nan;nan;nan;nan;108353.794;110232.948;110232.948;110238.177;110238.177;110238.177;110238.177;110238.177;110638.265;110638.265;110670.103;110670.103;110715.953;110715.953;110715.953;110715.953;110715.953;110715.953;110715.953;110715.953;110715.953;110856.055;110856.055;110856.055;110856.055;110857.900;110857.900;110857.900;110881.383;110881.383;110881.383;110881.383;110881.383;110881.383;110881.383;110897.513;110897.513;110897.513;110897.513;110897.513;110897.513;110897.513;110897.513;110897.513;110897.513;110897.513;110897.513;110897.513;110897.513;110921.871;110921.871;111173.676;111173.676;111173.676;111173.676;111173.676;111173.676;111173.676;111173.676;111194.908;111194.908;111217.560;111255.824;111264.516;111265.010;111269.376;111271.326;111271.391;111274.743;111298.666;111299.202;111300.944;111300.944;111302.520;111302.520;111308.717;111310.943;111312.540;111313.292;111315.788;111315.788;111319.103;111321.620;111322.404;111322.404;111322.487;111325.438;111325.806;111327.421;111328.301;111328.686;111330.288;111330.671;111330.926;111330.926;111331.053;111331.146;111331.146;111331.146;111331.146;111331.146;111331.146;111331.146;111331.146;111331.146;111331.146;111331.146;111331.146;111343.785;111360.059;111373.400;111375.105;111379.415;111409.888;111409.888;111418.251;111428.310;111429.817;111431.799;111431.799;111432.524;111433.202;111436.855;111438.188;111438.875;111439.547;111439.869;111440.244;111444.218;111448.122;111451.957;111453.119;111454.255;111459.054;111459.054;111473.061;111473.368;111473.689;111476.041;111478.259;111479.938;111480.404;111480.724;111480.724;111481.959;111481.959;111482.558;111482.799;111483.030;111483.128;111483.193;111483.257;111483.401;111483.786;111483.859;111483.901;111483.949;111483.991;111484.441;111484.889;111485.337,6D,462.0
SSABV,1,750,8,21,6030,random,6030,111494.54497102166,112365.89895787863,871.3539868569642,True,462.0883991816399,1.950710541999797,13.138 749.306;503.523 554.285;-431.628 457.548;-642.188 -360.749;35.056 -342.627;709.237 -242.374;-250.322 -706.062;205.053 110.101,nan;nan;nan;nan;nan;nan;nan;nan;nan;nan;nan;nan;nan;nan;nan;nan;nan;nan;nan;nan;nan;nan;nan;nan;nan;nan;nan;nan;nan;nan;nan;nan;nan;nan;nan;nan;nan;nan;nan;nan;nan;nan;nan;nan;nan;nan;nan;nan;nan;nan;nan;nan;nan;nan;nan;109381.826;109405.364;109423.014;109444.790;109458.609;109458.609;109469.552;109480.680;109480.680;109480.680;109489.439;109493.112;109498.026;109498.026;109498.497;109499.891;109499.891;109500.639;109501.349;109501.969;109501.969;109502.295;109502.632;109502.780;109502.861;109502.965;109503.101;109503.126;109503.154;109503.209;109503.259;109503.282;109503.305;109503.321;109503.336;109503.357;109503.369;109503.375;109503.380;109503.383;109503.383;109503.385;109503.387;109503.387;109503.388;109503.389;109861.639;109905.440;109943.792;109991.959;110034.860;110067.492;110758.536;110788.367;110815.860;110859.141;110872.971;110900.246;110928.477;110960.595;110960.595;110961.797;110999.656;111010.551;111013.589;111414.449;111453.101;111453.101;111463.923;111464.740;111465.104;111467.332;111467.678;111469.875;111470.198;111471.224;111472.662;111473.365;111474.790;111475.772;111476.301;111476.809;111477.105;111477.479;111477.844;111478.202;111478.202;111478.334;111479.510;111480.984;111483.137;111485.269;111485.269;111485.276;111485.743;111486.582;111486.582;111487.044;111487.878;111489.988;111489.988;111490.533;111490.762;111491.176;111491.238;111492.284;111492.372;111492.372;111492.372;111492.598;111493.011;111493.011;111493.532;111493.594;111493.615;111493.636;111494.462;111494.503;111494.545;111494.545;111494.545;111494.545;111494.545;111494.545;111494.545;111494.545;111494.545;111494.545;111494.545;111494.545;111494.545;111494.545;111494.545;111494.545;111494.545;111494.545;111494.545;111494.545;111494.545;111494.545;111494.545;111494.545;111494.545;111494.545;111494.545;111494.545,6D,462.0
BVNS,1,750,8,1,6030,random,6030,110650.65851147329,112365.89895787863,1715.2404464053398,True,462.00505148778063,1.801639373999933,36.747 328.069;-448.796 447.065;433.586 611.795;604.263 182.473;675.420 -325.902;235.336 -140.134;-279.281 -67.377;-97.946 -743.520,nan;nan;nan;nan;nan;nan;nan;nan;nan;nan;nan;nan;nan;nan;nan;nan;nan;nan;nan;nan;nan;nan;nan;nan;nan;nan;nan;nan;nan;nan;nan;nan;nan;nan;nan;nan;nan;nan;nan;nan;nan;nan;nan;nan;nan;nan;107706.174;107706.174;108591.477;108635.048;108679.280;108681.505;108713.065;108743.727;108773.527;108802.498;108830.672;108858.078;108884.746;108910.704;108935.976;108960.589;108982.516;109005.893;109011.368;109016.141;109046.531;109048.582;109054.908;109061.107;109067.180;109073.133;109078.968;109084.688;109086.559;109092.027;109116.392;109130.056;109141.719;109144.013;109149.298;109151.153;109172.874;109178.502;109180.012;109575.605;109576.469;109576.469;109589.737;109592.328;109592.828;109593.311;109599.993;109600.421;109606.567;109607.024;109607.451;109607.451;109610.702;109611.991;109612.233;109612.459;109615.686;109615.898;109615.898;109616.003;109619.355;109619.355;109619.355;109619.355;109619.355;109619.355;109619.355;109619.355;109619.355;109619.355;109619.355;109619.355;109619.355;109619.355;109619.355;109628.170;109665.052;109718.018;109720.174;109745.417;109769.168;109773.393;109788.257;109793.714;109798.663;109800.448;109800.981;109802.692;109803.805;110548.865;110581.809;110581.809;110582.556;110584.012;110584.760;110596.216;110596.250;110598.458;110599.179;110599.381;110600.127;110609.973;110611.370;110613.601;110613.601;110613.966;110614.654;110620.513;110620.793;110621.143;110630.076;110630.157;110630.499;110630.820;110631.098;110631.335;110631.611;110631.885;110632.119;110632.119;110632.588;110632.920;110643.503;110643.845;110643.870;110644.043;110644.043;110644.382;110644.393;110644.569;110647.410;110647.748;110647.883;110648.053;110648.166;110648.280;110648.292;110648.512;110648.681;110648.849;110649.016;110649.128;110649.262;110649.275;110649.373;110649.526;110649.692;110649.858;110649.990;110650.042;110650.220;110650.385;110650.549;110650.659;110650.659,6D,462.0
PSOC,1,750,8,11,6030,random,6030,111913.36689477478,112365.89895787863,452.5320631038485,True,478.9328421233071,1.8466631050005162,520.159 -535.541;-347.190 566.520;-34.502 -737.509;-637.355 -389.396;-497.158 74.243;204.452 702.075;680.082 -21.089;-27.436 167.717,nan;nan;nan;nan;nan;nan;nan;nan;nan;nan;nan;nan;nan;nan;nan;nan;nan;nan;nan;nan;nan;nan;nan;nan;nan;nan;nan;nan;nan;nan;nan;nan;nan;nan;nan;nan;nan;nan;nan;nan;108353.794;110232.948;110232.948;110238.177;110238.177;110238.177;110238.177;110238.177;110638.265;110638.265;110670.103;110670.103;110715.953;110715.953;110715.953;110715.953;110715.953;110715.953;110715.953;110715.953;110715.953;110856.055;110856.055;110856.055;110856.055;110857.900;110857.900;110857.900;110881.383;110881.383;110881.383;110881.383;110881.383;110881.383;110881.383;110897.513;110897.513;110897.513;110897.513;110897.513;110897.513;110897.513;110897.513;110897.513;110897.513;110897.513;110897.513;110897.513;110897.513;110921.871;110921.871;111173.676;111173.676;111173.676;111173.676;111173.676;111173.676;111173.676;111173.676;111194.908;111194.908;111194.908;111194.908;111194.908;111194.908;111194.908;111194.908;111194.908;111194.908;111194.908;111194.908;111194.908;111194.908;111218.565;111218.565;111218.565;111218.565;111218.565;111218.565;111218.565;111218.565;111218.565;111218.565;111541.460;111547.177;111553.030;111553.030;111553.545;111554.603;111567.109;111567.109;111572.971;111572.971;111572.971;111572.971;111579.212;111603.692;111606.456;111606.456;111606.456;111606.456;111606.456;111606.456;111606.456;111832.262;111832.262;111832.262;111832.262;111832.262;111832.262;111832.262;111833.196;111834.689;111834.689;111834.689;111834.689;111843.263;111843.263;111843.263;111843.263;111843.263;111843.263;111843.263;111843.263;111843.374;111843.374;111843.415;111843.634;111843.634;111844.059;111844.059;111844.059;111844.059;111844.059;111844.433;111844.433;111848.813;111852.418;111854.813;111854.813;111854.813;111854.813;111854.969;111865.746;111885.737;111885.737;111886.141;111886.141;111894.711;111894.711;111906.369;111906.369;111913.367;111913.367;111913.367;111913.367;111913.367;111913.367;111913.367;111913.367;111913.367,6D,462.0
SSA,1,750,8,21,6030,random,6030,110562.3284108169,112365.89895787863,1803.570547061725,True,470.57862718910286,2.0186474330002966,-119.002 -613.086;-117.919 222.039;609.615 388.932;700.531 -267.874;-275.641 687.856;-649.394 328.204;192.763 642.669;147.037 -191.394,nan;nan;nan;nan;nan;nan;nan;nan;nan;nan;nan;nan;nan;nan;nan;nan;nan;nan;nan;nan;nan;nan;nan;nan;nan;nan;nan;nan;nan;nan;nan;nan;nan;nan;nan;nan;nan;nan;nan;nan;nan;nan;nan;nan;nan;nan;nan;nan;nan;nan;nan;nan;nan;nan;nan;nan;nan;nan;nan;nan;nan;nan;nan;nan;nan;nan;nan;nan;nan;nan;nan;nan;nan;nan;nan;nan;nan;nan;nan;nan;nan;nan;nan;nan;nan;nan;110290.251;110290.251;110290.251;110290.251;110290.251;110290.251;110331.580;110331.580;110331.580;110331.580;110331.580;110331.580;110331.580;110354.539;110354.539;110354.539;110354.539;110370.125;110370.125;110370.125;110421.651;110421.651;110430.672;110449.886;110449.886;110458.187;110475.467;110475.467;110477.269;110481.708;110481.708;110482.318;110489.089;110518.613;110518.613;110518.613;110519.798;110525.757;110529.211;110533.638;110539.060;110539.060;110542.870;110542.870;110542.870;110544.668;110544.668;110545.351;110546.554;110548.050;110548.578;110550.042;110551.627;110552.611;110553.406;110554.815;110556.340;110556.862;110557.853;110558.243;110558.761;110559.303;110559.659;110559.927;110560.115;110560.451;110560.791;110560.997;110561.042;110561.111;110561.307;110561.451;110561.574;110561.663;110561.779;110561.812;110561.880;110561.923;110561.930;110562.005;110562.059;110562.117;110562.154;110562.177;110562.189;110562.203;110562.208;110562.230;110562.239;110562.248;110562.260;110562.278;110562.281;110562.283;110562.288;110562.294;110562.298;110562.300;110562.306;110562.310;110562.313;110562.315;110562.317;110562.319;110562.321;110562.324;110562.325;110562.326;110562.326;110562.327;110562.327;110562.328;110562.328;110562.328;110562.328,6D,462.0
DE,1,750,8,1,6030,random,6030,111272.47811644182,112365.89895787863,1093.420841436804,False,390.83981089027105,2.367181733000507,262.429 -208.075;-719.639 162.997;-411.147 485.900;120.812 243.797;552.050 -470.515;-45.625 686.145;-137.936 -262.803;-547.535 -360.988,nan;nan;nan;nan;nan;nan;nan;nan;nan;nan;nan;nan;nan;nan;nan;nan;nan;nan;nan;nan;nan;nan;nan;nan;nan;nan;nan;nan;nan;nan;nan;nan;nan;nan;nan;nan;nan;nan;nan;nan;nan;nan;nan;nan;nan;nan;nan;nan;nan;nan;nan;nan;nan;nan;nan;nan;nan;nan;nan;nan;nan;nan;nan;nan;nan;nan;nan;nan;nan;nan;nan;nan;nan;nan;nan;nan;nan;nan;nan;nan;nan;nan;nan;nan;nan;nan;nan;nan;nan;nan;nan;nan;nan;nan;nan;nan;nan;nan;nan;nan;nan;nan;nan;nan;nan;nan;nan;nan;nan;nan;nan;nan;nan;nan;nan;nan;nan;nan;nan;nan;nan;nan;nan;nan;nan;nan;nan;nan;nan;nan;nan;nan;nan;nan;nan;nan;nan;nan;nan;nan;nan;nan;nan;nan;nan;nan;nan;nan;nan;nan;nan;nan;nan;nan;nan;nan;nan;nan;nan;nan;nan;nan;nan;nan;nan;nan;nan;nan;nan;nan;nan;nan;nan;nan;nan;nan;nan;nan;nan;nan;nan;nan;nan;nan;nan;nan;nan;nan;nan;nan;nan;nan;nan;nan;nan;nan;nan;nan;nan;nan;nan,6D,462.0
SLSQP,1,750,8,11,6030,random,6030,111178.9499811789,112365.89895787863,1186.9489766997285,True,385.3843798210914,3.7941172740002003,-166.312 245.076;423.714 -266.020;-151.167 -734.600;677.714 273.001;-4.256 720.313;248.224 119.338;-487.390 569.195;-367.806 -415.871,nan;nan;110249.467;110258.862;110258.862;110258.862;110258.862;110258.862;110258.862;110258.862;110547.545;110570.658;110614.681;110637.908;110641.602;110641.602;110641.602;110649.833;110670.912;110681.112;110760.618;110778.782;110778.782;110778.782;110778.782;110778.782;110778.782;110778.782;110778.782;110778.782;110778.782;110778.782;110778.782;110778.782;110778.782;110778.782;110778.782;110778.782;110778.782;110778.782;110778.782;110778.782;110778.782;110778.782;110778.782;110778.782;110778.782;110778.782;110778.782;110778.782;110778.782;110778.782;110778.782;110778.782;110778.782;110778.782;110778.782;110778.782;110778.782;110778.782;110778.782;110778.782;110778.782;110778.782;110778.782;110778.782;110778.782;110778.782;110778.782;111019.044;111019.044;111019.044;111019.044;111040.827;111040.827;111040.827;111040.827;111040.827;111040.827;111040.827;111040.827;111040.827;111040.827;111040.827;111040.827;111040.827;111040.827;111040.827;111040.827;111040.827;111125.167;111126.336;111129.592;111129.592;111129.592;111129.592;111129.592;111129.592;111129.592;111129.592;111129.592;111129.592;111129.592;111129.592;111129.592;111129.592;111129.592;111129.592;111129.592;111129.592;111129.592;111129.592;111129.592;111129.592;111129.592;111129.592;111129.592;111129.592;111129.592;111129.592;111129.592;111129.592;111129.592;111129.592;111129.592;111129.592;111129.592;111129.592;111129.592;111129.592;111129.592;111129.592;111129.592;111129.592;111159.358;111159.358;111159.358;111159.358;111159.358;111159.358;111159.358;111159.358;111159.358;111160.349;111160.349;111160.617;111160.634;111160.634;111160.634;111160.634;111160.652;111165.709;111165.709;111172.850;111173.548;111174.992;111176.545;111176.629;111176.976;111177.010;111177.014;111177.018;111177.018;111177.018;111177.019;111177.020;111177.022;111177.026;111177.029;111177.068;111177.087;111177.106;111177.126;111177.145;111177.165;111177.297;111177.624;111178.007;111178.027;111178.834;111178.939;111178.941;111178.945;111178.948;111178.948;111178.949;111178.949;111178.950;111178.950;111178.950;111178.950;111178.950;111178.950;111178.950;111178.950;111178.950;111178.950;111178.950;111178.950;111178.950;111178.950,5D,385.0
PSOBV,1,750,8,21,6030,random,6030,111151.92186896167,112365.89895787863,1213.9770889169595,True,390.3860251362837,2.625078319999375,637.500 -372.730;233.795 -405.253;-741.384 103.137;-472.217 -580.838;-337.459 166.172;229.949 685.086;-154.672 618.243;567.206 463.097,nan;nan;nan;nan;nan;nan;nan;nan;nan;nan;nan;nan;nan;nan;nan;nan;nan;nan;nan;nan;nan;nan;nan;nan;nan;nan;nan;nan;nan;nan;nan;nan;nan;nan;nan;nan;nan;nan;nan;nan;nan;nan;nan;109178.482;109178.482;109178.482;109178.482;109178.482;109178.482;109178.482;109394.563;109437.672;109507.099;109507.099;109628.849;109960.458;109960.458;109960.458;109960.458;109960.458;109960.458;109960.458;109960.458;109960.458;110108.223;110185.111;110185.111;110225.258;110225.258;110421.672;110421.672;110593.737;110593.737;110639.015;110639.015;110639.015;110671.135;110671.135;110671.135;110671.135;110703.207;110703.207;110798.003;110798.003;110802.290;110802.290;110816.114;110824.806;110824.806;110824.806;110824.806;110824.806;110824.806;110824.806;110846.258;110846.258;110846.258;110846.258;110846.258;110846.258;110907.315;110930.287;110946.622;110958.498;110969.888;110974.856;110979.181;110979.181;110981.588;110981.588;111000.250;111005.244;111011.152;111031.881;111034.153;111036.197;111036.954;111038.850;111044.737;111045.436;111047.293;111047.911;111047.911;111048.778;111048.779;111049.723;111049.884;111050.520;111056.083;111057.929;111075.515;111076.048;111077.390;111079.336;111087.920;111089.568;111089.691;111090.319;111090.837;111090.837;111117.697;111119.942;111119.942;111119.942;111120.288;111120.701;111120.714;111120.714;111120.918;111121.566;111121.746;111121.949;111122.075;111122.120;111122.246;111122.246;111122.414;111122.414;111122.456;111122.497;111122.499;111122.499;111124.073;111124.174;111124.262;111124.363;111124.686;111124.748;111124.874;111124.936;111125.061;111125.123;111125.211;111125.264;111125.264;111125.264;111125.264;111125.264;111125.264;111125.264;111125.264;111125.264;111125.264;111125.264;111125.264;111125.264;111125.264;111125.264;111125.264;111125.264;111125.264;111125.264;111125.264;111125.264;111125.264;111125.264;111128.243;111128.243;111132.813;111150.749;111151.922,5D,385.0
RSDVNS,1,750,8,1,6030,random,6030,111108.7749511441,112365.89895787863,1257.1240067345207,True,393.3613339502522,2.1788115330000437,-550.567 509.004;-92.578 99.356;634.267 337.331;137.231 -729.468;-625.414 -366.861;-238.102 -298.138;368.709 -85.529;19.908 692.981,nan;nan;nan;nan;nan;nan;nan;nan;nan;nan;nan;nan;nan;nan;nan;nan;nan;nan;nan;nan;nan;nan;nan;nan;nan;nan;nan;nan;nan;nan;nan;nan;nan;nan;nan;nan;nan;nan;nan;nan;nan;nan;nan;nan;nan;nan;nan;nan;nan;nan;nan;nan;nan;nan;nan;nan;nan;nan;nan;nan;nan;nan;nan;nan;nan;nan;nan;nan;nan;nan;nan;nan;nan;nan;nan;nan;nan;109789.884;109789.884;109789.884;109789.884;109789.884;109789.884;109789.884;109789.884;109789.884;109789.884;109789.884;109789.884;109789.884;109789.884;109789.884;109789.884;109789.884;109789.884;109789.884;109789.884;109789.884;109789.884;109789.884;109992.328;110785.795;110809.688;110815.922;110831.998;110840.265;110840.265;110856.429;110880.855;110886.493;110886.493;110898.130;110921.166;110922.527;110932.381;110934.746;110941.775;110943.998;110946.091;110947.408;110947.408;110947.408;110949.252;110950.731;110951.223;110951.569;110956.000;110956.000;110961.761;110961.761;110966.540;110966.540;110966.830;110967.112;110969.852;110971.828;110972.015;110974.728;110977.416;110980.079;110999.887;111002.410;111002.668;111002.776;111002.776;111003.010;111003.261;111003.405;111003.739;111004.737;111005.984;111007.225;111008.461;111008.461;111010.142;111010.334;111010.756;111010.919;111011.029;111011.642;111012.254;111012.865;111013.474;111014.081;111014.081;111014.138;111014.159;111014.215;111014.215;111014.215;111014.215;111014.215;111014.215;111014.215;111014.215;111014.215;111014.215;111014.215;111014.215;111014.215;111014.215;111014.215;111024.457;111024.457;111042.961;111053.256;111061.716;111064.690;111072.794;111082.668;111085.443;111085.443;111088.000;111099.718;111101.327;111101.327;111102.370;111105.493;111107.056;111108.047;111108.775,5D,385.0
BVNS,1,750,8,11,6030,random,6030,111587.89669483542,112365.89895787863,778.0022630432068,True,412.37444052738175,1.7751306890004344,279.588 -695.560;436.765 609.625;-253.151 -383.195;-660.938 -321.851;-620.209 421.259;279.361 43.678;-66.337 284.699;737.100 73.728,nan;nan;nan;nan;nan;nan;nan;nan;nan;nan;nan;nan;nan;nan;nan;110371.184;110856.454;110929.788;110984.793;111011.897;111058.787;111070.304;111090.517;111118.058;111142.977;111186.221;111194.846;111202.386;111268.140;111268.140;111273.211;111297.036;111297.814;111298.550;111298.550;111307.635;111310.335;111311.454;111313.768;111314.028;111314.830;111315.052;111316.304;111316.450;111317.616;111318.836;111318.836;111318.854;111318.854;111319.510;111320.125;111320.686;111321.277;111321.597;111321.759;111321.759;111321.759;111323.404;111323.482;111323.725;111324.756;111324.756;111324.945;111325.091;111325.234;111325.793;111326.351;111326.430;111326.523;111326.615;111326.615;111326.619;111326.619;111326.619;111326.619;111326.619;111326.619;111326.619;111380.512;111411.726;111438.234;111475.921;111497.467;111512.996;111513.687;111526.119;111526.119;111527.997;111538.677;111547.527;111547.527;111548.190;111558.305;111558.305;111562.694;111564.269;111568.534;111569.572;111570.455;111574.613;111575.184;111576.724;111576.960;111577.590;111582.113;111582.995;111583.855;111584.100;111584.100;111584.853;111585.299;111585.721;111585.721;111586.836;111587.085;111587.236;111587.236;111587.445;111587.793;111587.793;111587.897;111587.897;111587.897;111587.897;111587.897;111587.897;111587.897;111587.897;111587.897;111587.897;111587.897;111587.897;111587.897;111587.897;111587.897;111587.897;111587.897;111587.897;111587.897;111587.897;111587.897;111587.897;111587.897;111587.897;111587.897;111587.897;111587.897;111587.897;111587.897;111587.897;111587.897;111587.897;111587.897;111587.897;111587.897;111587.897;111587.897;111587.897;111587.897;111587.897;111587.897;111587.897;111587.897;111587.897;111587.897;111587.897;111587.897;111587.897;111587.897;111587.897;111587.897;111587.897;111587.897;111587.897;111587.897;111587.897;111587.897;111587.897;111587.897;111587.897;111587.897;111587.897;111587.897;111587.897;111587.897;111587.897;111587.897;111587.897;111587.897;111587.897;111587.897;111587.897;111587.897;111587.897;111587.897;111587.897;111587.897;111587.897;111587.897;111587.897;111587.897,5D,385.0
PSOC,1,750,8,21,6030,random,6030,111859.0916792276,112365.89895787863,506.8072786510311,True,413.7779584098674,2.0011352339997757,646.690 -375.144;186.152 -481.345;-689.032 22.902;-489.609 -552.390;-237.450 59.873;342.785 646.372;-87.086 566.286;648.490 367.523,nan;nan;nan;nan;nan;nan;nan;nan;nan;nan;nan;nan;nan;nan;nan;nan;nan;nan;nan;nan;nan;nan;nan;nan;nan;nan;nan;nan;nan;nan;nan;nan;nan;nan;nan;nan;nan;nan;nan;nan;nan;nan;nan;109178.482;109178.482;109178.482;109178.482;109178.482;109178.482;109178.482;109394.563;109437.672;109507.099;109507.099;109628.849;109960.458;109960.458;109960.458;109960.458;109960.458;109960.458;109960.458;109960.458;109960.458;110108.223;110185.111;110185.111;110225.258;110225.258;110421.672;110421.672;110593.737;110593.737;110639.015;110639.015;110639.015;110671.135;110671.135;110671.135;110671.135;110703.207;110703.207;110798.003;110798.003;110802.290;110802.290;110816.114;110824.806;110824.806;110824.806;110824.806;110824.806;110824.806;110824.806;110846.258;110846.258;110846.258;110846.258;110846.258;110846.258;110907.315;110907.315;110907.315;110907.315;110907.315;110907.315;111417.045;111452.465;111747.999;111747.999;111747.999;111747.999;111794.790;111794.790;111794.790;111794.790;111794.790;111794.790;111794.790;111794.790;111794.790;111794.790;111794.790;111794.790;111794.790;111794.790;111794.790;111795.581;111795.581;111809.511;111809.511;111809.511;111809.511;111809.957;111809.957;111809.957;111809.957;111809.957;111809.957;111809.957;111809.957;111809.957;111810.133;111810.133;111810.133;111810.697;111810.697;111810.697;111810.982;111812.174;111812.661;111812.661;111814.202;111814.202;111814.224;111814.224;111814.224;111814.224;111814.224;111814.224;111814.224;111814.224;111814.224;111814.224;111822.279;111822.590;111822.590;111822.763;111823.006;111823.006;111823.150;111823.150;111823.162;111823.390;111823.390;111826.477;111826.477;111826.477;111826.477;111826.566;111827.843;111827.843;111827.843;111833.484;111833.484;111833.484;111833.484;111833.484;111841.545;111841.545;111841.545;111841.545;111848.708;111848.708;111848.708;111848.708;111848.708;111852.072;111852.072;111852.072;111859.092,5D,385.0
LXSSA,1,750,8,1,6030,random,6030,111867.7847490699,112365.89895787863,498.11420880872174,True,424.73564063531444,1.9411118799998803,744.391 -40.885;-660.009 111.032;-258.143 248.524;581.470 469.913;120.677 -733.669;314.692 -20.081;145.059 445.477;-447.867 -377.076,nan;nan;nan;nan;nan;nan;nan;nan;nan;nan;nan;nan;nan;nan;nan;nan;nan;nan;nan;nan;nan;nan;nan;nan;nan;nan;nan;nan;nan;nan;nan;nan;nan;nan;nan;nan;nan;nan;nan;nan;nan;nan;nan;nan;nan;nan;nan;nan;nan;nan;nan;nan;nan;nan;nan;nan;nan;108755.759;108755.759;108755.759;108755.759;108755.759;108755.759;108755.759;108755.759;108755.759;108755.759;110625.275;110625.275;111112.353;111112.353;111112.353;111112.353;111112.353;111112.353;111732.556;111732.556;111732.556;111732.556;111740.732;111740.732;111789.407;111789.407;111827.524;111827.524;111827.524;111827.524;111827.524;111827.524;111827.524;111827.524;111827.524;111827.524;111827.524;111827.524;111827.524;111827.524;111827.666;111827.666;111827.666;111827.666;111828.711;111828.711;111828.711;111828.711;111828.711;111828.711;111828.711;111828.711;111828.939;111828.939;111828.939;111828.939;111828.939;111828.939;111829.065;111832.509;111832.606;111832.606;111833.501;111833.501;111833.678;111833.678;111833.785;111833.785;111834.227;111834.352;111834.379;111835.271;111835.712;111835.744;111835.744;111836.518;111836.579;111837.039;111837.039;111837.214;111837.314;111837.361;111837.561;111837.581;111837.654;111837.654;111838.344;111838.344;111838.996;111838.996;111839.171;111839.171;111842.764;111842.764;111865.288;111865.288;111865.988;111865.988;111865.988;111866.023;111866.547;111866.547;111867.432;111867.432;111867.432;111867.453;111867.453;111867.469;111867.601;111867.601;111867.601;111867.611;111867.628;111867.628;111867.628;111867.628;111867.628;111867.631;111867.631;111867.633;111867.641;111867.641;111867.646;111867.646;111867.655;111867.655;111867.665;111867.665;111867.693;111867.693;111867.699;111867.699;111867.756;111867.756;111867.756;111867.756;111867.779;111867.779;111867.779;111867.779;111867.785;111867.785;111867.785;111867.785,5D,385.0
DE,1,750,8,11,6030,random,6030,108635.76144420277,112365.89895787863,3730.137513675858,False,359.72017653010994,3.229018631999679,-116.323 547.308;160.040 -606.787;-249.144 -488.209;-98.736 -112.889;473.940 99.141;263.974 -192.943;213.333 375.044;647.010 -265.273,nan;nan;nan;nan;nan;nan;nan;nan;nan;nan;nan;nan;nan;nan;nan;nan;nan;nan;nan;nan;nan;nan;nan;nan;nan;nan;nan;nan;nan;nan;nan;nan;nan;nan;nan;nan;nan;nan;nan;nan;nan;nan;nan;nan;nan;nan;nan;nan;nan;nan;nan;nan;nan;nan;nan;nan;nan;nan;nan;nan;nan;nan;nan;nan;nan;nan;nan;nan;nan;nan;nan;nan;nan;nan;nan;nan;nan;nan;nan;nan;nan;nan;nan;nan;nan;nan;nan;nan;nan;nan;nan;nan;nan;nan;nan;nan;nan;nan;nan;nan;nan;nan;nan;nan;nan;nan;nan;nan;nan;nan;nan;nan;nan;nan;nan;nan;nan;nan;nan;nan;nan;nan;nan;nan;nan;nan;nan;nan;nan;nan;nan;nan;nan;nan;nan;nan;nan;nan;nan;nan;nan;nan;nan;nan;nan;nan;nan;nan;nan;nan;nan;nan;nan;nan;nan;nan;nan;nan;nan;nan;nan;nan;nan;nan;nan;nan;nan;nan;nan;nan;nan;nan;nan;nan;nan;nan;nan;nan;nan;nan;nan;nan;nan;nan;nan;nan;nan;nan;nan;nan;nan;nan;nan;nan;nan;nan;nan;nan;nan;nan;nan,5D,385.0
SLSQP,2,750,8,21,6030,random,6030,57010.54077479718,58523.02715747732,1512.4863826801447,True,472.24131667795064,3.64132863299983,167.681 730.461;51.255 -251.203;-433.687 611.186;-703.430 -253.215;-435.918 138.950;607.669 -439.453;742.770 99.549;-161.782 -732.343,nan;nan;nan;56709.107;56709.107;56750.265;56750.960;56751.594;56752.324;56752.370;56752.371;56752.371;56752.372;56752.372;56752.373;56752.373;56968.335;56968.335;56968.335;56968.335;56968.335;56968.335;56968.335;56968.335;56968.335;56968.335;56968.335;56968.335;56968.335;56968.335;56968.335;56968.335;56968.335;56968.335;56968.335;56968.335;56968.335;56968.335;56968.335;56968.335;56968.335;56968.335;56968.335;56968.335;56968.335;56968.335;56968.335;56968.335;56968.335;56968.335;56968.335;56968.335;56968.335;56968.335;56968.335;56968.335;56968.335;56968.335;56968.335;56968.335;56968.335;56968.335;56968.335;56968.335;56968.335;56968.335;56968.335;56968.335;56968.335;56968.335;56968.335;56968.335;56968.335;56968.335;56968.335;56968.335;56968.335;56968.335;56968.335;56968.335;56968.335;56968.335;56968.335;56968.335;56968.335;56968.335;56968.335;56968.335;56968.335;56968.335;56968.335;56968.335;56968.335;56968.335;56968.335;56968.335;56968.335;56968.335;56968.335;56968.335;56968.335;56968.335;56968.335;56968.335;56968.335;56968.335;56968.335;56968.335;56968.335;56968.335;56968.335;56968.335;56968.335;56968.335;56968.335;56968.335;56968.335;56968.335;56968.335;56968.335;56968.335;56968.335;56968.335;56968.335;56968.335;56968.335;56968.335;56968.335;56968.335;56968.335;56968.335;56968.335;56968.335;56968.335;56968.335;56968.335;56968.335;56968.335;56968.335;56968.335;56968.335;56968.335;56968.335;56968.335;56968.335;56968.335;56968.335;56968.335;56968.335;56968.335;56968.335;57010.529;57010.530;57010.535;57010.541;57010.541;57010.541;57010.541;57010.541;57010.541;57010.541;57010.541;57010.541;57010.541;57010.541;57010.541;57010.541;57010.541;57010.541;57010.541;57010.541;57010.541;57010.541;57010.541;57010.541;57010.541;57010.541;57010.541;57010.541;57010.541;57010.541;57010.541;57010.541;57010.541;57010.541;57010.541;57010.541;57010.541;57010.541;57010.541;57010.541;57010.541;57010.541;57010.541;57010.541;57010.541;57010.541;57010.541;57010.541;57010.541;57010.541,6D,462.0
SSABV,2,750,8,1,6030,random,6030,56844.20982057708,58523.02715747732,1678.8173369002398,True,462.0048935949535,2.0171743060000153,-498.398 -41.867;153.628 -691.763;637.394 373.300;-556.558 -500.197;87.723 -114.334;-592.084 444.058;712.500 -190.505;142.084 685.788,nan;nan;nan;nan;nan;nan;nan;nan;nan;nan;nan;nan;nan;nan;nan;nan;nan;nan;nan;nan;nan;nan;nan;nan;nan;nan;nan;nan;nan;nan;nan;nan;nan;nan;nan;nan;nan;nan;nan;nan;nan;nan;nan;nan;nan;nan;nan;nan;nan;nan;nan;56107.934;56107.934;56182.162;56182.162;56182.162;56182.162;56182.162;56183.150;56229.576;56233.434;56241.751;56243.863;56252.793;56256.245;56261.548;56263.860;56266.673;56267.575;56268.560;56269.542;56270.772;56271.543;56272.128;56272.462;56272.811;56273.156;56273.381;56273.531;56273.614;56273.748;56273.790;56273.857;56273.892;56273.935;56273.966;56273.977;56273.987;56273.997;56274.006;56274.014;56274.021;56274.023;56274.025;56274.027;56274.029;56274.030;56274.030;56274.031;56274.031;56274.031;56357.260;56442.051;56520.847;56520.847;56537.007;56548.428;56557.182;56562.805;56568.271;56568.271;56570.947;56570.947;56572.629;56577.844;56583.305;56587.375;56590.213;56590.660;56597.060;56597.381;56599.005;56604.095;56605.365;56610.362;56611.928;56748.151;56790.295;56793.899;56793.899;56796.355;56798.130;56799.874;56801.223;56801.462;56803.906;56803.916;56804.145;56804.366;56804.578;56804.781;56804.781;56806.549;56806.550;56807.764;56810.732;56810.734;56810.830;56810.832;56810.832;56811.554;56812.159;56812.763;56813.637;56814.071;56814.675;56815.038;56815.376;56815.376;56815.551;56815.982;56816.413;56816.841;56817.267;56817.693;56818.117;56818.166;56818.771;56818.773;56818.821;56818.869;56818.916;56818.962;56819.008;56819.054;56819.055;56819.055;56819.055;56819.055;56819.055;56819.055;56819.055;56819.055;56819.055;56819.055;56819.055;56819.055;56819.055;56819.055;56819.055;56819.055;56819.055;56819.055;56819.055;56819.055;56819.055;56819.055;56819.055;56819.055;56830.113;56844.210,6D,462.0
RSDVNS,2,750,8,11,6030,random,6030,56949.44372444025,58523.02715747732,1573.5834330370708,True,462.7080119465962,1.919338907000565,351.437 -334.549;-229.972 -43.413;-72.067 460.328;-505.270 -553.200;439.671 607.111;427.042 144.575;-746.211 -66.032;-43.631 -747.819,nan;nan;nan;nan;nan;nan;nan;nan;nan;nan;nan;nan;nan;nan;nan;nan;nan;nan;nan;nan;nan;nan;nan;nan;nan;nan;nan;nan;nan;nan;nan;nan;nan;nan;nan;nan;nan;nan;nan;nan;nan;nan;nan;nan;nan;nan;nan;nan;nan;nan;nan;nan;nan;nan;nan;nan;nan;nan;nan;nan;nan;nan;nan;nan;nan;nan;nan;nan;nan;nan;nan;nan;nan;nan;nan;nan;nan;nan;nan;nan;nan;nan;nan;nan;nan;nan;nan;nan;nan;nan;nan;nan;nan;nan;nan;nan;nan;nan;nan;nan;nan;nan;nan;nan;nan;nan;nan;nan;nan;nan;56500.389;56577.638;56720.273;56726.136;56738.797;56738.797;56742.888;56814.835;56817.391;56817.391;56818.369;56821.398;56851.487;56860.468;56866.189;56871.854;56876.380;56880.752;56884.540;56888.234;56891.254;56891.422;56896.728;56899.842;56903.715;56906.602;56911.947;56914.770;56920.003;56922.764;56925.127;56927.888;56928.020;56930.721;56930.721;56931.325;56932.323;56932.922;56934.245;56938.520;56942.738;56944.047;56945.342;56945.342;56945.732;56945.732;56946.993;56947.284;56947.478;56947.478;56948.106;56948.581;56948.901;56949.045;56949.292;56949.388;56949.388;56949.444;56949.444;56949.444;56949.444;56949.444;56949.444;56949.444;56949.444;56949.444;56949.444;56949.444;56949.444;56949.444;56949.444;56949.444;56949.444;56949.444;56949.444;56949.444;56949.444;56949.444;56949.444;56949.444;56949.444;56949.444;56949.444;56949.444;56949.444;56949.444;56949.444;56949.444;56949.444;56949.444;56949.444,6D,462.0
BVNS,2,750,8,21,6030,random,6030,57305.40513338809,58523.02715747732,1217.622024089229,True,479.2088561787039,1.8484268020001764,348.023 626.015;213.688 -45.773;-409.402 626.170;-687.443 -292.210;-489.987 144.428;659.723 -257.797;679.697 272.718;196.812 -536.127,nan;nan;nan;nan;nan;nan;nan;nan;nan;nan;nan;nan;nan;nan;nan;nan;nan;nan;nan;nan;nan;nan;nan;nan;nan;nan;nan;nan;nan;nan;nan;55871.165;55871.165;56050.913;56546.522;56739.463;56780.209;56789.342;56819.708;56819.708;56838.864;56955.445;56959.422;56971.420;56971.420;56980.683;56980.683;56985.181;56985.181;56991.789;56998.029;57001.721;57003.680;57011.005;57012.962;57015.740;57017.678;57021.289;57024.798;57026.766;57030.229;57032.125;57034.037;57045.339;57045.339;57046.425;57047.378;57049.740;57050.102;57050.288;57056.271;57062.423;57062.892;57068.762;57074.775;57074.775;57077.730;57079.405;57080.731;57081.255;57081.720;57082.238;57082.238;57083.229;57084.061;57084.506;57085.164;57085.819;57086.077;57086.905;57086.905;57087.135;57087.494;57087.716;57087.936;57088.073;57088.293;57088.514;57088.733;57089.088;57089.306;57089.525;57089.742;57090.094;57090.311;57090.527;57090.743;57269.638;57269.987;57270.245;57270.502;57270.608;57270.849;57271.106;57271.362;57271.617;57271.871;57272.125;57272.379;57272.632;57272.759;57273.104;57273.207;57273.311;57273.404;57273.746;57273.849;57274.189;57274.424;57274.527;57274.630;57274.732;57274.825;57275.161;57275.494;57275.824;57275.926;57276.028;57276.129;57276.223;57276.551;57276.877;57276.978;57277.302;57277.302;57277.402;57277.496;57277.818;57278.137;57278.454;57278.547;57278.641;57278.956;57279.049;57279.142;57279.235;57279.327;57279.349;57279.476;57279.569;57279.660;57279.751;57280.065;57280.155;57280.244;57280.332;57280.645;57280.732;57280.818;57280.818;57280.870;57280.870;57280.870;57280.870;57280.870;57280.870;57280.870;57280.870;57280.870;57280.870;57280.870;57280.870;57280.870;57280.870;57280.870;57280.870;57280.870;57280.870;57280.870;57280.870;57280.870;57280.870;57280.870;57280.870;57280.870;57280.870;57294.758;57297.621;57297.621;57298.739;57305.405,6D,462.0
SSA,2,750,8,1,6030,random,6030,56200.93592780507,58523.02715747732,2322.0912296722527,True,470.2402139414003,1.8558928319998813,-217.116 -341.612;-271.644 699.077;734.664 -150.895;248.253 -168.223;-79.609 209.338;-691.648 -156.365;252.894 599.957;-593.105 303.434,nan;nan;nan;nan;nan;nan;nan;nan;nan;nan;nan;nan;nan;nan;nan;nan;nan;nan;nan;nan;nan;nan;nan;nan;nan;nan;nan;nan;nan;nan;nan;nan;nan;nan;nan;nan;nan;nan;nan;nan;nan;nan;nan;nan;nan;nan;nan;nan;nan;nan;nan;nan;nan;nan;nan;nan;nan;nan;nan;nan;nan;nan;nan;nan;nan;nan;nan;nan;nan;nan;nan;nan;nan;nan;nan;nan;nan;nan;nan;nan;nan;nan;nan;nan;nan;nan;nan;nan;nan;nan;nan;nan;nan;nan;nan;nan;nan;nan;55448.608;55552.730;55552.730;55927.182;55984.853;56064.617;56127.506;56127.506;56140.361;56165.184;56165.184;56165.184;56165.184;56165.184;56165.184;56165.184;56168.959;56180.523;56181.754;56181.754;56181.754;56181.754;56184.573;56184.573;56184.604;56184.604;56191.567;56191.567;56191.567;56191.567;56191.567;56191.567;56191.567;56193.280;56193.280;56193.280;56193.768;56194.433;56196.236;56196.236;56196.236;56197.507;56197.507;56198.601;56198.601;56198.734;56199.329;56199.329;56199.363;56199.535;56199.790;56199.999;56200.248;56200.401;56200.402;56200.502;56200.553;56200.585;56200.617;56200.683;56200.710;56200.729;56200.753;56200.753;56200.776;56200.776;56200.808;56200.808;56200.808;56200.813;56200.838;56200.838;56200.844;56200.857;56200.864;56200.870;56200.878;56200.885;56200.892;56200.896;56200.902;56200.910;56200.917;56200.921;56200.921;56200.923;56200.926;56200.926;56200.926;56200.928;56200.930;56200.931;56200.932;56200.932;56200.934;56200.934;56200.934;56200.935;56200.935;56200.935;56200.936;56200.936;56200.936,6D,462.0
LXSSA,2,750,8,11,6030,random,6030,55446.417610865385,58523.02715747732,3076.609546611937,False,459.59619317092626,2.002404712000498,276.085 242.906;-274.527 355.658;-315.949 -468.173;141.381 -513.761;-550.301 -62.314;631.171 -114.141;-75.645 -71.614;197.123 723.630,nan;nan;nan;nan;nan;nan;nan;nan;nan;nan;nan;nan;nan;nan;nan;nan;nan;nan;nan;nan;nan;nan;nan;nan;nan;nan;nan;nan;nan;nan;nan;nan;nan;nan;nan;nan;nan;nan;nan;nan;nan;nan;nan;nan;nan;nan;nan;nan;nan;nan;nan;nan;nan;nan;nan;nan;nan;nan;nan;nan;nan;nan;nan;nan;nan;nan;nan;nan;nan;nan;nan;nan;nan;nan;nan;nan;nan;nan;nan;nan;nan;nan;nan;nan;nan;nan;nan;nan;nan;nan;nan;nan;nan;nan;nan;nan;nan;nan;nan;nan;nan;nan;nan;nan;nan;nan;nan;nan;nan;nan;nan;nan;nan;nan;nan;nan;nan;nan;nan;nan;nan;nan;nan;nan;nan;nan;nan;nan;nan;nan;nan;nan;nan;nan;nan;nan;nan;nan;nan;nan;nan;nan;nan;nan;nan;nan;nan;nan;nan;nan;nan;nan;nan;nan;nan;nan;nan;nan;nan;nan;nan;nan;nan;nan;nan;nan;nan;nan;nan;nan;nan;nan;nan;nan;nan;nan;nan;nan;nan;nan;nan;nan;nan;nan;nan;nan;nan;nan;nan;nan;nan;nan;nan;nan;nan;nan;nan;nan;nan;nan;nan,6D,462.0
DE,2,750,8,21,6030,random,6030,56176.07712575557,58523.02715747732,2346.9500317217535,False,438.5292449430644,2.2575362600000517,106.355 208.773;-404.145 -542.323;229.467 678.470;475.158 -278.863;568.443 312.344;-578.696 -115.466;-325.346 285.855;274.948 -694.504,nan;nan;nan;nan;nan;nan;nan;nan;nan;nan;nan;nan;nan;nan;nan;nan;nan;nan;nan;nan;nan;nan;nan;nan;nan;nan;nan;nan;nan;nan;nan;nan;nan;nan;nan;nan;nan;nan;nan;nan;nan;nan;nan;nan;nan;nan;nan;nan;nan;nan;nan;nan;nan;nan;nan;nan;nan;nan;nan;nan;nan;nan;nan;nan;nan;nan;nan;nan;nan;nan;nan;nan;nan;nan;nan;nan;nan;nan;nan;nan;nan;nan;nan;nan;nan;nan;nan;nan;nan;nan;nan;nan;nan;nan;nan;nan;nan;nan;nan;nan;nan;nan;nan;nan;nan;nan;nan;nan;nan;nan;nan;nan;nan;nan;nan;nan;nan;nan;nan;nan;nan;nan;nan;nan;nan;nan;nan;nan;nan;nan;nan;nan;nan;nan;nan;nan;nan;nan;nan;nan;nan;nan;nan;nan;nan;nan;nan;nan;nan;nan;nan;nan;nan;nan;nan;nan;nan;nan;nan;nan;nan;nan;nan;nan;nan;nan;nan;nan;nan;nan;nan;nan;nan;nan;nan;nan;nan;nan;nan;nan;nan;nan;nan;nan;nan;nan;nan;nan;nan;nan;nan;nan;nan;nan;nan;nan;nan;nan;nan;nan;nan,6D,462.0
PSOBV,2,750,8,1,6030,random,6030,57374.71418512542,58523.02715747732,1148.3129723519014,True,390.3792982492424,1.7912760769995657,-110.050 -244.072;-449.512 559.938;-639.251 -143.518;284.935 -691.954;646.078 -242.322;501.847 548.862;-432.230 -612.674;135.086 59.743,nan;nan;nan;nan;nan;nan;nan;nan;nan;nan;nan;nan;nan;nan;nan;nan;nan;nan;nan;nan;nan;nan;nan;nan;nan;nan;nan;nan;nan;nan;nan;nan;nan;nan;nan;nan;55401.465;55576.856;55847.737;55847.737;55847.737;55847.737;55995.074;55995.074;55995.074;55995.074;55995.074;55995.074;55995.074;55995.074;55995.074;55995.074;55995.074;55995.074;55995.074;55995.074;56119.487;56119.487;56354.380;56354.380;56354.380;56354.380;56354.380;56354.380;56354.380;56354.380;56354.380;56354.380;56354.380;56354.380;56354.380;56354.380;56354.380;56354.380;56354.380;56354.380;56354.380;56354.380;56354.380;56354.380;56360.174;56374.350;56374.350;56374.350;56374.350;56374.350;56374.350;56374.350;56374.350;56374.350;56374.350;56374.350;56387.634;56387.634;56389.745;56389.745;56397.752;56397.752;56486.184;56486.184;56486.184;56607.411;56706.362;56712.129;56739.870;56765.379;56765.379;56775.393;56780.703;56783.566;56798.645;56798.645;56804.033;56809.252;56819.998;56819.998;56822.752;56824.081;56824.081;56827.509;56827.509;56827.873;56832.069;56835.236;56838.117;56838.479;56839.809;56840.280;56841.611;56841.611;56841.964;56842.998;56844.043;56845.488;56846.518;56847.955;56848.614;56848.789;56850.348;56851.765;56851.940;56851.940;56852.268;56852.983;56853.622;56853.622;56853.709;56853.709;56853.709;56853.709;56853.709;56853.709;56853.709;56963.225;56969.614;57005.867;57018.712;57024.310;57210.933;57210.933;57230.046;57277.768;57282.743;57282.743;57290.814;57297.733;57302.882;57302.882;57308.793;57312.644;57316.906;57320.244;57321.780;57324.252;57325.447;57325.447;57327.942;57332.201;57337.808;57339.299;57340.458;57341.438;57342.890;57344.012;57344.973;57346.388;57346.388;57348.723;57348.723;57351.019;57351.019;57353.277;57353.277;57354.167;57355.496;57356.370;57357.679;57370.641;57370.641;57372.632;57374.714,5D,385.0
SSABV,2,750,8,11,6030,random,6030,56935.57279627822,58523.02715747732,1587.454361199103,True,385.62806405305224,1.7608145490003153,529.887 530.032;365.063 -53.626;-594.626 456.659;-476.705 -522.128;-223.013 -231.698;-45.663 244.983;529.380 -531.072;-29.573 -747.656,nan;nan;nan;nan;nan;nan;nan;nan;nan;nan;nan;nan;nan;nan;nan;nan;nan;nan;nan;nan;nan;nan;nan;nan;nan;nan;nan;nan;nan;nan;nan;nan;nan;nan;nan;nan;nan;nan;nan;nan;nan;nan;nan;55627.197;55627.197;55627.197;55627.197;55627.197;55674.268;55674.268;55680.397;55686.611;55743.036;55760.753;55760.753;55816.700;55820.532;55823.113;55836.393;55836.393;55836.393;55840.791;55845.005;55849.749;55854.818;55857.942;55860.763;55862.611;55865.532;55867.289;55868.389;55869.653;55870.520;55871.130;55871.683;55871.960;55872.310;55872.496;55872.760;55872.893;55872.969;55873.046;55873.127;55873.210;55873.262;55873.297;55873.332;55873.357;55873.374;55873.382;55873.391;55873.397;55873.400;55873.404;55873.406;55873.407;55873.409;55873.410;55873.411;55873.411;55873.412;55999.624;56138.854;56157.692;56183.680;56206.636;56206.636;56219.443;56229.217;56234.133;56242.446;56246.681;56250.822;56250.822;56252.456;56253.965;56255.355;56256.544;56257.068;56257.068;56261.871;56269.152;56273.862;56280.999;56285.618;56287.638;56291.067;56293.064;56295.040;56295.040;56295.679;56296.282;56296.865;56296.874;56303.469;56304.000;56304.251;56304.251;56307.491;56308.567;56310.259;56313.175;56313.175;56313.232;56313.232;56313.232;56314.981;56315.515;56315.515;56316.312;56316.889;56316.952;56316.952;56317.747;56318.539;56318.539;56318.601;56318.609;56318.614;56318.614;56318.614;56318.614;56318.614;56318.614;56489.489;56613.689;56665.429;56732.780;56819.084;56848.649;56855.973;56868.481;56868.481;56872.148;56881.780;56901.422;56911.053;56912.042;56912.042;56915.363;56915.585;56916.470;56916.630;56916.630;56919.068;56921.436;56923.628;56925.578;56927.657;56927.657;56929.708;56931.332;56932.555;56932.911;56932.911;56933.925;56934.089;56934.894;56934.983;56934.983;56935.573,5D,385.0
RSDVNS,2,750,8,21,6030,random,6030,56935.20636235629,58523.02715747732,1587.820795121028,True,393.5986350096731,1.888617706000332,186.333 -686.497;-140.852 1.547;-723.978 167.072;712.500 -227.813;611.966 430.751;18.371 361.502;-541.680 -256.063;-503.133 519.257,nan;nan;nan;nan;nan;nan;nan;nan;nan;nan;nan;nan;nan;nan;nan;nan;nan;nan;nan;nan;nan;nan;nan;nan;nan;nan;nan;nan;nan;nan;nan;nan;nan;nan;nan;nan;nan;nan;nan;nan;nan;nan;nan;nan;nan;nan;nan;nan;nan;nan;nan;nan;nan;nan;nan;nan;nan;nan;nan;nan;nan;nan;nan;nan;nan;nan;nan;nan;nan;nan;nan;nan;nan;nan;nan;nan;nan;nan;nan;nan;nan;nan;nan;nan;nan;nan;nan;nan;nan;nan;nan;nan;nan;nan;nan;nan;nan;nan;nan;nan;55712.872;56271.785;56277.930;56373.986;56396.334;56419.540;56437.867;56437.867;56457.267;56461.109;56479.592;56497.218;56501.099;56502.806;56623.965;56650.683;56652.961;56652.961;56659.069;56685.118;56685.118;56687.943;56687.943;56692.921;56692.921;56696.860;56699.315;56700.024;56701.180;56703.612;56704.291;56706.700;56706.700;56707.897;56709.003;56710.199;56711.107;56711.107;56712.298;56712.579;56712.579;56712.579;56712.579;56712.579;56712.579;56712.579;56712.579;56712.579;56712.579;56712.579;56712.579;56712.579;56712.579;56712.579;56712.579;56712.579;56712.579;56712.579;56712.579;56712.579;56712.579;56712.579;56712.579;56739.782;56747.940;56754.259;56763.512;56765.985;56775.007;56778.388;56778.861;56782.681;56785.508;56788.259;56818.725;56823.700;56828.579;56833.794;56838.587;56843.682;56877.303;56877.303;56882.027;56885.785;56889.663;56892.309;56893.267;56894.413;56895.807;56904.289;56912.566;56913.904;56921.964;56929.833;56929.833;56929.833;56932.105;56933.745;56934.391;56934.391;56935.206,5D,385.0
PSOC,2,750,8,1,6030,random,6030,56933.35398122977,58523.02715747732,1589.6731762475538,True,422.6489049101065,1.8655256729998655,-65.261 -350.949;-417.786 428.769;-584.198 -169.997;174.661 -729.119;655.337 -161.301;478.256 424.661;-435.696 -608.371;176.065 -3.971,nan;nan;nan;nan;nan;nan;nan;nan;nan;nan;nan;nan;nan;nan;nan;nan;nan;nan;nan;nan;nan;nan;nan;nan;nan;nan;nan;nan;nan;nan;nan;nan;nan;nan;nan;nan;55401.465;55576.856;55847.737;55847.737;55847.737;55847.737;55995.074;55995.074;55995.074;55995.074;55995.074;55995.074;55995.074;55995.074;55995.074;55995.074;55995.074;55995.074;55995.074;55995.074;56119.487;56119.487;56354.380;56354.380;56354.380;56354.380;56354.380;56354.380;56354.380;56354.380;56354.380;56354.380;56354.380;56354.380;56354.380;56354.380;56354.380;56354.380;56354.380;56354.380;56354.380;56354.380;56354.380;56354.380;56360.174;56374.350;56374.350;56374.350;56374.350;56374.350;56374.350;56374.350;56374.350;56374.350;56374.350;56374.350;56387.634;56387.634;56389.745;56389.745;56397.752;56397.752;56486.184;56486.184;56486.184;56486.184;56486.184;56486.184;56486.184;56486.184;56486.184;56486.184;56612.601;56612.601;56742.208;56742.208;56742.208;56742.208;56748.077;56748.077;56748.077;56748.077;56832.467;56832.467;56832.467;56832.467;56839.583;56839.583;56839.583;56841.863;56841.863;56841.863;56841.863;56841.863;56841.863;56841.863;56841.863;56841.863;56841.863;56841.863;56841.863;56860.888;56860.888;56860.888;56860.888;56860.888;56860.888;56866.499;56866.499;56866.499;56882.324;56882.324;56882.324;56884.799;56884.799;56885.392;56885.392;56885.392;56886.091;56887.694;56887.694;56888.757;56888.757;56888.757;56888.757;56889.738;56890.922;56895.644;56895.644;56895.644;56895.644;56895.644;56901.947;56901.947;56904.157;56904.157;56904.157;56905.631;56905.631;56906.442;56909.241;56910.264;56910.264;56911.705;56911.705;56920.749;56920.749;56920.749;56920.749;56923.370;56923.370;56923.640;56923.899;56927.878;56930.514;56930.514;56931.244;56931.244;56931.244;56931.244;56931.244;56931.244;56933.354;56933.354;56933.354,5D,385.0
SSA,2,750,8,11,6030,random,6030,56494.84819590562,58523.02715747732,2028.178961571699,True,420.3787560596469,1.836559612000201,283.824 -685.797;451.053 -218.341;-609.561 -376.839;-749.265 19.647;-197.959 -525.245;-144.143 200.123;695.492 152.726;266.426 466.330,nan;nan;nan;nan;nan;nan;nan;nan;nan;nan;nan;nan;nan;nan;nan;nan;nan;nan;nan;nan;nan;nan;nan;nan;nan;nan;nan;nan;nan;nan;nan;nan;nan;nan;nan;nan;nan;nan;nan;nan;nan;nan;nan;nan;nan;nan;nan;nan;nan;nan;nan;nan;nan;nan;nan;nan;nan;nan;nan;nan;nan;nan;nan;nan;nan;nan;nan;nan;nan;nan;nan;nan;nan;nan;nan;nan;nan;nan;nan;nan;nan;nan;nan;54985.294;54985.294;55150.168;55712.910;55712.910;55712.910;55712.910;55712.910;55741.934;55957.360;55957.360;56181.523;56181.523;56181.523;56181.523;56183.959;56183.959;56279.415;56279.415;56372.257;56372.257;56372.257;56372.257;56372.257;56372.257;56372.257;56372.257;56372.257;56372.257;56377.392;56377.783;56377.783;56387.693;56392.350;56398.949;56406.798;56417.408;56422.487;56426.419;56457.271;56457.271;56459.334;56460.514;56465.965;56468.107;56470.309;56471.606;56474.041;56474.041;56476.185;56479.853;56482.457;56482.976;56483.582;56485.126;56486.734;56487.879;56488.970;56489.504;56489.819;56490.720;56491.280;56491.639;56491.920;56492.294;56492.479;56492.727;56492.835;56493.022;56493.209;56493.395;56493.585;56493.806;56493.862;56494.011;56494.121;56494.204;56494.281;56494.400;56494.471;56494.536;56494.573;56494.612;56494.635;56494.649;56494.681;56494.702;56494.717;56494.730;56494.740;56494.758;56494.768;56494.779;56494.791;56494.800;56494.805;56494.810;56494.816;56494.819;56494.824;56494.829;56494.832;56494.835;56494.837;56494.840;56494.841;56494.842;56494.843;56494.844;56494.844;56494.845;56494.846;56494.846;56494.847;56494.847;56494.848;56494.848;56494.848,5D,385.0
LXSSA,2,750,8,21,6030,random,6030,56393.04098861031,58523.02715747732,2129.9861688670135,True,385.0000838860933,1.8778698129999611,-14.050 651.933;594.356 290.104;153.173 303.895;-611.708 -419.262;-594.539 451.597;-742.440 -57.137;-202.924 -607.577;-272.652 -143.600,nan;nan;nan;nan;nan;nan;nan;nan;nan;nan;nan;nan;nan;nan;nan;nan;nan;nan;nan;nan;nan;nan;nan;nan;nan;nan;nan;nan;nan;nan;nan;nan;nan;nan;nan;nan;nan;nan;nan;nan;nan;nan;nan;nan;nan;nan;nan;nan;nan;nan;nan;nan;nan;nan;nan;nan;nan;nan;nan;nan;nan;nan;nan;nan;nan;nan;nan;nan;nan;nan;nan;nan;nan;nan;nan;nan;nan;nan;nan;nan;nan;nan;nan;nan;55732.974;56050.606;56050.606;56050.606;56050.606;56050.606;56050.606;56050.606;56050.606;56050.606;56050.606;56173.333;56173.333;56201.600;56201.600;56295.759;56295.759;56295.759;56295.759;56295.759;56295.759;56309.157;56309.157;56309.157;56309.157;56309.157;56309.157;56313.785;56313.785;56361.885;56361.885;56361.885;56366.551;56366.551;56366.551;56367.750;56367.750;56367.750;56367.750;56368.629;56371.778;56371.778;56372.618;56372.775;56376.709;56378.669;56380.005;56380.597;56380.653;56380.653;56381.231;56383.723;56383.723;56385.461;56385.461;56385.820;56386.829;56388.322;56388.322;56388.322;56388.829;56389.514;56389.514;56389.790;56390.065;56390.065;56390.537;56390.811;56390.811;56390.811;56391.078;56392.078;56392.078;56392.078;56392.104;56392.104;56392.246;56392.430;56392.430;56392.484;56392.506;56392.506;56392.570;56392.570;56392.612;56392.612;56392.644;56392.644;56392.654;56392.654;56392.670;56392.750;56392.750;56392.750;56392.756;56392.756;56392.762;56392.853;56392.853;56392.853;56392.857;56392.857;56392.859;56392.862;56392.862;56392.884;56392.884;56392.930;56392.930;56392.953;56392.953;56392.957;56392.957;56392.982;56392.982;56393.041;56393.041,5D,385.0
SLSQP,1,500,6,1,6030,random,6030,83724.33238193933,84274.42421840897,550.0918364696408,True,462.03612800806394,2.031425066999873,-271.297 -412.984;-496.593 57.709;494.784 -67.854;-186.293 463.991;4.061 42.989;200.537 -455.440,nan;nan;nan;nan;nan;nan;82380.392;82380.392;82380.392;82380.392;82380.392;82437.336;82437.834;82437.834;82437.836;82437.841;82437.844;82437.853;82437.853;82437.853;82437.853;82437.853;82437.853;82437.853;82437.853;82437.853;82437.853;82437.853;82437.853;82437.853;82437.853;82437.853;82437.853;82437.853;82437.853;82437.853;83696.664;83697.557;83697.951;83697.951;83697.951;83697.951;83697.951;83697.951;83698.826;83698.826;83699.120;83699.120;83699.120;83699.120;83699.120;83699.120;83699.120;83699.120;83699.120;83699.120;83699.120;83699.120;83699.120;83699.120;83699.120;83699.120;83699.120;83699.120;83699.120;83699.120;83699.120;83699.120;83699.120;83699.120;83699.120;83699.120;83699.120;83699.120;83699.120;83699.120;83699.120;83699.120;83699.120;83699.120;83699.120;83699.120;83699.120;83699.120;83699.120;83699.120;83699.120;83699.120;83699.120;83699.120;83699.120;83699.120;83699.120;83699.120;83699.120;83699.120;83699.120;83699.120;83699.120;83699.120;83699.120;83699.120;83699.120;83699.120;83699.120;83699.120;83699.120;83699.120;83699.120;83699.120;83699.120;83699.120;83699.120;83699.120;83699.120;83699.120;83699.120;83699.120;83699.120;83699.120;83699.120;83699.120;83699.120;83699.120;83699.120;83699.120;83699.120;83699.120;83699.120;83699.120;83699.120;83699.120;83699.120;83699.120;83699.120;83699.120;83724.332;83724.332;83724.332;83724.332;83724.332;83724.332;83724.332;83724.332;83724.332;83724.332;83724.332;83724.332;83724.332;83724.332;83724.332;83724.332;83724.332;83724.332;83724.332;83724.332;83724.332;83724.332;83724.332;83724.332;83724.332;83724.332;83724.332;83724.332;83724.332;83724.332;83724.332;83724.332;83724.332;83724.332;83724.332;83724.332;83724.332;83724.332;83724.332;83724.332;83724.332;83724.332;83724.332;83724.332;83724.332;83724.332;83724.332;83724.332;83724.332;83724.332;83724.332;83724.332;83724.332;83724.332;83724.332;83724.332;83724.332;83724.332;83724.332;83724.332;83724.332;83724.332;83724.332;83724.332;83724.332,6D,462.0
PSOBV,1,500,6,11,6030,random,6030,83648.52523869381,84274.42421840897,625.8989797151589,True,466.36869321513024,1.7603197739999814,200.098 -456.302;492.644 63.284;16.851 -27.442;-400.366 -299.253;-343.542 361.644;190.379 461.874,nan;nan;nan;nan;nan;nan;nan;nan;nan;nan;nan;nan;nan;nan;nan;nan;nan;nan;nan;nan;nan;nan;nan;nan;nan;nan;nan;nan;nan;nan;nan;nan;nan;nan;nan;nan;nan;nan;nan;82490.762;82490.762;82490.762;82490.762;82490.762;82490.762;82490.762;82502.935;82502.935;82506.074;82506.074;82506.074;82507.707;82524.527;82524.527;82527.460;82537.397;82537.397;82537.397;82549.513;82556.974;82556.974;82556.974;82556.974;82568.119;82568.857;82574.006;82574.006;82574.006;82582.853;82582.853;82582.853;82582.853;82582.853;82584.242;82584.242;82584.242;82584.242;82602.505;82602.505;82602.505;82603.024;82611.574;82611.574;82611.574;82619.863;82628.270;82628.270;82628.270;82628.270;82655.364;82655.364;82655.364;82655.364;82661.586;82661.586;82677.520;82678.938;82678.938;82678.938;82678.938;82680.149;82681.140;82681.140;82686.226;82686.411;82686.411;82688.905;82691.254;82691.298;82692.032;82692.650;82692.706;82693.255;82693.277;82693.277;82693.277;82693.277;82693.277;82693.277;82693.277;82693.277;82693.277;82693.277;82693.277;82693.277;82693.277;82693.277;82693.277;82693.277;82696.024;82700.888;82705.095;82710.336;82712.416;82712.529;82712.529;82712.834;82712.957;82712.983;82713.128;82713.128;82713.128;82713.128;82713.128;82713.128;82713.128;82713.128;82713.128;83575.922;83609.660;83620.442;83621.049;83623.031;83623.388;83624.351;83628.648;83632.821;83635.005;83635.952;83636.236;83636.488;83636.716;83637.191;83639.268;83639.745;83639.832;83640.332;83640.803;83641.272;83641.436;83641.545;83641.557;83641.562;83641.799;83642.831;83642.884;83642.884;83643.003;83643.510;83643.535;83643.557;83643.557;83643.557;83643.557;83643.557;83643.557;83643.557;83643.557;83643.557;83643.557;83643.768;83643.938;83644.059;83644.144;83644.470;83645.484;83645.525;83646.582;83646.611;83646.611;83648.525,6D,462.0
SSABV,1,500,6,21,6030,random,6030,83945.58616129242,84274.42421840897,328.83805711654713,True,462.1001954018228,1.5923350009998103,-339.832 -366.496;-118.177 485.766;31.477 30.878;-488.829 102.804;483.590 126.430;176.177 -467.668,nan;nan;nan;nan;nan;nan;nan;nan;nan;nan;nan;nan;nan;nan;nan;nan;nan;nan;nan;nan;nan;nan;nan;nan;nan;nan;nan;nan;nan;nan;nan;nan;nan;nan;nan;nan;nan;nan;nan;nan;nan;nan;nan;nan;nan;nan;nan;nan;nan;nan;nan;nan;81319.970;81322.978;82625.342;82625.342;82625.342;82702.467;82708.224;82713.629;82713.629;82713.629;82717.881;82719.038;82723.622;82725.394;82728.373;82728.977;82729.878;82731.329;82732.585;82733.629;82733.918;82734.236;82734.791;82734.937;82735.056;82735.381;82735.651;82735.798;82735.952;82735.981;82736.065;82736.125;82736.175;82736.206;82736.241;82736.257;82736.265;82736.277;82736.288;82736.290;82736.294;82736.297;82736.299;82736.301;82736.303;82736.303;82736.305;82736.305;82736.306;82751.557;82751.557;82758.816;82796.425;82796.425;82796.897;82822.622;82828.216;82836.178;82840.273;82840.273;82840.357;82840.415;82840.515;82840.539;82840.563;82840.563;82840.563;82840.563;82840.563;82840.563;82840.563;82840.563;82840.563;82840.563;83722.367;83726.359;83726.359;83733.091;83735.984;83909.187;83937.586;83938.488;83939.636;83940.629;83941.357;83942.566;83942.830;83943.082;83943.082;83944.077;83944.562;83944.695;83944.695;83944.876;83945.059;83945.059;83945.160;83945.265;83945.386;83945.477;83945.508;83945.537;83945.586;83945.586;83945.586;83945.586;83945.586;83945.586;83945.586;83945.586;83945.586;83945.586;83945.586;83945.586;83945.586;83945.586;83945.586;83945.586;83945.586;83945.586;83945.586;83945.586;83945.586;83945.586;83945.586;83945.586;83945.586;83945.586;83945.586;83945.586;83945.586;83945.586;83945.586;83945.586;83945.586;83945.586;83945.586;83945.586;83945.586;83945.586;83945.586;83945.586;83945.586;83945.586;83945.586;83945.586;83945.586;83945.586;83945.586,6D,462.0
BVNS,1,500,6,1,6030,random,6030,83937.44547540069,84274.42421840897,336.9787430082797,True,462.08285916997175,1.5589967470004922,-405.699 292.004;-209.067 -453.927;345.295 -361.230;126.766 461.855;485.949 117.684;-58.018 -17.230,nan;nan;nan;nan;nan;nan;nan;nan;nan;nan;nan;nan;nan;nan;nan;nan;nan;nan;nan;nan;nan;nan;nan;nan;nan;nan;nan;nan;nan;nan;nan;nan;nan;nan;nan;nan;nan;nan;nan;nan;nan;82159.611;82225.629;82264.839;82678.305;82707.011;82707.011;82725.590;82726.470;82727.303;82745.938;82763.208;82763.873;82771.780;82780.065;82780.355;82780.407;82784.253;82808.049;82811.322;82811.387;82815.455;82815.515;82815.702;82815.702;82817.725;82817.793;82818.737;82819.550;82820.297;82821.124;82821.142;82821.949;82821.961;82822.005;82822.013;82822.035;82822.067;82822.067;82822.067;82822.067;82822.067;82822.067;82822.067;82822.067;82822.067;82822.067;83185.445;83866.257;83933.403;83933.403;83935.048;83935.285;83935.404;83935.435;83935.947;83936.348;83936.465;83936.517;83936.771;83936.970;83937.043;83937.296;83937.319;83937.394;83937.424;83937.435;83937.445;83937.445;83937.445;83937.445;83937.445;83937.445;83937.445;83937.445;83937.445;83937.445;83937.445;83937.445;83937.445;83937.445;83937.445;83937.445;83937.445;83937.445;83937.445;83937.445;83937.445;83937.445;83937.445;83937.445;83937.445;83937.445;83937.445;83937.445;83937.445;83937.445;83937.445;83937.445;83937.445;83937.445;83937.445;83937.445;83937.445;83937.445;83937.445;83937.445;83937.445;83937.445;83937.445;83937.445;83937.445;83937.445;83937.445;83937.445;83937.445;83937.445;83937.445;83937.445;83937.445;83937.445;83937.445;83937.445;83937.445;83937.445;83937.445;83937.445;83937.445;83937.445;83937.445;83937.445;83937.445;83937.445;83937.445;83937.445;83937.445;83937.445;83937.445;83937.445;83937.445;83937.445;83937.445;83937.445;83937.445;83937.445;83937.445;83937.445;83937.445;83937.445;83937.445;83937.445;83937.445;83937.445;83937.445;83937.445;83937.445;83937.445;83937.445;83937.445;83937.445;83937.445,6D,462.0
PSOC,1,500,6,11,6030,random,6030,82714.7797047188,84274.42421840897,1559.6445136901602,True,465.0334579732602,1.7096014850003485,242.993 -432.275;455.872 203.441;23.539 -15.942;-431.401 -250.989;-356.260 349.226;86.149 492.510,nan;nan;nan;nan;nan;nan;nan;nan;nan;nan;nan;nan;nan;nan;nan;nan;nan;nan;nan;nan;nan;nan;nan;nan;nan;nan;nan;nan;nan;nan;nan;nan;nan;nan;nan;nan;nan;nan;nan;82490.762;82490.762;82490.762;82490.762;82490.762;82490.762;82490.762;82502.935;82502.935;82506.074;82506.074;82506.074;82507.707;82524.527;82524.527;82527.460;82537.397;82537.397;82537.397;82549.513;82556.974;82556.974;82556.974;82556.974;82568.119;82568.857;82574.006;82574.006;82574.006;82582.853;82582.853;82582.853;82582.853;82582.853;82584.242;82584.242;82584.242;82584.242;82602.505;82602.505;82602.505;82603.024;82611.574;82611.574;82611.574;82619.863;82628.270;82628.270;82628.270;82628.270;82655.364;82655.364;82655.364;82655.364;82661.586;82661.586;82677.520;82678.938;82678.938;82678.938;82678.938;82680.149;82680.149;82680.149;82680.149;82680.149;82680.262;82680.262;82680.262;82680.262;82680.262;82680.262;82680.432;82680.679;82680.858;82681.678;82681.678;82681.678;82681.717;82681.717;82682.239;82682.239;82683.255;82683.255;82684.390;82685.886;82685.886;82685.886;82687.210;82687.210;82687.885;82687.885;82687.885;82687.885;82687.885;82687.885;82687.885;82687.885;82688.563;82688.563;82688.848;82688.848;82688.848;82688.848;82688.848;82689.298;82689.298;82689.522;82689.560;82689.746;82689.746;82689.746;82692.606;82692.606;82692.606;82694.642;82694.642;82694.845;82694.845;82694.845;82694.845;82695.255;82695.255;82695.559;82695.631;82695.684;82695.722;82695.750;82696.173;82697.598;82697.921;82702.333;82705.144;82707.833;82707.833;82707.833;82708.663;82708.663;82708.663;82708.663;82708.663;82708.663;82708.663;82708.663;82709.380;82709.380;82709.423;82709.618;82709.618;82709.618;82714.273;82714.301;82714.301;82714.301;82714.301;82714.301;82714.301;82714.780;82714.780;82714.780;82714.780;82714.780,6D,462.0
SSA,1,500,6,21,6030,random,6030,82703.32646763168,84274.42421840897,1571.0977507772914,True,462.0007059645383,1.7330096489995412,225.905 -372.632;189.890 462.538;-270.212 420.696;-492.167 -1.501;466.435 78.269;-237.277 -420.831,nan;nan;nan;nan;nan;nan;nan;nan;nan;nan;nan;nan;nan;nan;nan;nan;nan;nan;nan;nan;nan;nan;nan;nan;nan;nan;nan;nan;nan;nan;nan;nan;nan;nan;nan;nan;nan;nan;nan;nan;nan;nan;nan;nan;nan;nan;nan;nan;nan;nan;nan;nan;nan;nan;nan;nan;nan;nan;nan;nan;nan;nan;nan;nan;nan;nan;nan;nan;nan;nan;nan;nan;nan;nan;nan;nan;nan;nan;nan;nan;nan;nan;nan;nan;nan;nan;nan;nan;nan;nan;nan;nan;nan;nan;nan;nan;nan;nan;nan;nan;nan;nan;nan;nan;nan;nan;nan;nan;nan;nan;nan;nan;nan;nan;nan;82626.508;82627.745;82670.616;82671.107;82676.057;82677.050;82681.694;82681.694;82681.694;82685.394;82687.655;82691.105;82692.873;82693.402;82694.371;82695.088;82696.673;82696.883;82696.883;82696.883;82696.927;82697.231;82698.311;82698.876;82699.451;82699.893;82700.158;82700.764;82701.349;82701.634;82701.708;82702.253;82702.537;82702.548;82702.548;82702.548;82702.654;82702.786;82702.827;82702.947;82703.011;82703.042;82703.042;82703.103;82703.146;82703.177;82703.198;82703.198;82703.198;82703.203;82703.203;82703.222;82703.222;82703.230;82703.244;82703.258;82703.262;82703.264;82703.270;82703.277;82703.280;82703.290;82703.294;82703.299;82703.301;82703.306;82703.312;82703.314;82703.315;82703.316;82703.317;82703.318;82703.320;82703.321;82703.322;82703.322;82703.323;82703.324;82703.324;82703.325;82703.325;82703.325;82703.326;82703.326;82703.326;82703.326,6D,462.0
DE,1,500,6,1,6030,random,6030,82601.11216171591,84274.42421840897,1673.3120566930593,True,468.4203641808362,1.9970626550002635,-453.991 -194.721;-91.538 -491.445;410.091 196.097;-191.964 454.548;-10.835 -18.556;351.406 -321.649,nan;nan;nan;nan;nan;nan;nan;nan;nan;nan;nan;nan;nan;nan;nan;nan;nan;nan;nan;nan;nan;nan;nan;nan;nan;nan;nan;nan;nan;nan;nan;nan;nan;nan;nan;nan;nan;nan;nan;nan;nan;nan;nan;nan;nan;nan;nan;nan;nan;nan;nan;nan;nan;nan;nan;nan;nan;nan;nan;nan;nan;nan;nan;nan;nan;nan;nan;nan;nan;nan;nan;nan;nan;nan;nan;nan;nan;nan;nan;nan;nan;nan;nan;nan;nan;nan;nan;nan;nan;nan;nan;nan;nan;nan;nan;nan;nan;nan;nan;nan;nan;nan;nan;nan;nan;nan;nan;nan;nan;nan;nan;nan;nan;nan;nan;nan;nan;nan;nan;nan;nan;nan;nan;nan;nan;nan;nan;nan;nan;nan;nan;nan;nan;nan;nan;nan;nan;nan;nan;nan;nan;nan;nan;nan;nan;nan;nan;nan;nan;nan;nan;nan;nan;nan;nan;nan;nan;nan;nan;nan;nan;nan;nan;nan;nan;nan;nan;nan;nan;nan;nan;nan;nan;nan;nan;nan;nan;nan;nan;nan;nan;82032.527;82032.527;82498.376;82498.376;82498.376;82551.699;82551.699;82551.699;82551.699;82551.699;82551.699;82551.699;82558.670;82558.670;82601.112;82601.112;82601.112;82601.112;82601.112;82601.112,6D,462.0
SLSQP,1,500,6,11,6030,random,6030,83173.81684310625,84274.42421840897,1100.6073753027158,True,393.3226126740624,2.0306983820000823,35.660 -498.725;192.875 461.289;-320.407 -311.516;-480.881 71.812;-198.926 426.717;180.287 -2.867,nan;nan;nan;nan;nan;nan;nan;nan;nan;nan;nan;nan;nan;nan;nan;nan;nan;nan;nan;nan;nan;nan;nan;nan;nan;nan;nan;nan;nan;nan;nan;nan;nan;nan;nan;nan;nan;nan;nan;nan;nan;nan;nan;nan;nan;nan;82824.531;82824.597;82824.597;82824.597;82824.597;82824.597;82824.597;82824.597;82824.597;82824.597;82824.597;82824.597;82824.597;82824.597;82824.597;82824.597;82824.597;82824.597;82824.597;83012.164;83012.164;83033.071;83033.071;83051.129;83052.396;83062.605;83062.605;83062.605;83062.605;83062.605;83062.605;83062.605;83062.605;83173.817;83173.817;83173.817;83173.817;83173.817;83173.817;83173.817;83173.817;83173.817;83173.817;83173.817;83173.817;83173.817;83173.817;83173.817;83173.817;83173.817;83173.817;83173.817;83173.817;83173.817;83173.817;83173.817;83173.817;83173.817;83173.817;83173.817;83173.817;83173.817;83173.817;83173.817;83173.817;83173.817;83173.817;83173.817;83173.817;83173.817;83173.817;83173.817;83173.817;83173.817;83173.817;83173.817;83173.817;83173.817;83173.817;83173.817;83173.817;83173.817;83173.817;83173.817;83173.817;83173.817;83173.817;83173.817;83173.817;83173.817;83173.817;83173.817;83173.817;83173.817;83173.817;83173.817;83173.817;83173.817;83173.817;83173.817;83173.817;83173.817;83173.817;83173.817;83173.817;83173.817;83173.817;83173.817;83173.817;83173.817;83173.817;83173.817;83173.817;83173.817;83173.817;83173.817;83173.817;83173.817;83173.817;83173.817;83173.817;83173.817;83173.817;83173.817;83173.817;83173.817;83173.817;83173.817;83173.817;83173.817;83173.817;83173.817;83173.817;83173.817;83173.817;83173.817;83173.817;83173.817;83173.817;83173.817;83173.817;83173.817;83173.817;83173.817;83173.817;83173.817;83173.817;83173.817;83173.817;83173.817;83173.817;83173.817;83173.817;83173.817;83173.817,5D,385.0
PSOBV,1,500,6,21,6030,random,6030,83935.33356379984,84274.42421840897,339.09065460912825,True,392.2439495816038,1.6093589309994059,255.874 429.341;77.769 -113.465;-196.649 459.430;-480.888 58.929;462.500 -189.866;-184.528 -464.654,nan;nan;nan;nan;nan;nan;nan;nan;nan;nan;nan;nan;nan;nan;nan;nan;nan;nan;nan;nan;nan;nan;nan;nan;nan;nan;nan;nan;nan;83570.687;83570.687;83570.687;83570.687;83570.687;83570.687;83570.687;83570.687;83570.687;83574.144;83612.030;83615.636;83641.646;83641.646;83647.762;83690.229;83802.935;83802.935;83802.935;83802.935;83802.935;83802.935;83802.935;83802.935;83802.935;83802.935;83802.935;83802.935;83802.935;83802.935;83802.935;83802.935;83802.935;83805.291;83843.738;83843.738;83843.738;83854.858;83854.858;83854.858;83854.858;83854.858;83854.858;83854.858;83854.858;83854.858;83854.858;83854.858;83854.858;83854.858;83891.765;83891.765;83891.765;83891.765;83891.765;83891.765;83891.765;83891.765;83891.765;83891.765;83891.765;83892.820;83892.820;83892.820;83892.820;83892.820;83892.820;83892.820;83895.493;83895.493;83895.493;83895.493;83900.040;83906.077;83907.404;83907.404;83909.769;83911.456;83912.429;83914.714;83915.543;83916.824;83917.652;83918.050;83918.308;83918.559;83918.589;83918.589;83918.639;83918.777;83918.807;83918.807;83918.807;83918.807;83918.807;83918.807;83918.807;83918.807;83918.807;83918.807;83918.807;83918.807;83918.807;83926.242;83927.462;83929.694;83931.241;83932.031;83932.086;83932.677;83933.741;83933.989;83934.280;83934.681;83934.736;83934.738;83934.831;83934.831;83934.962;83935.061;83935.178;83935.202;83935.334;83935.334;83935.334;83935.334;83935.334;83935.334;83935.334;83935.334;83935.334;83935.334;83935.334;83935.334;83935.334;83935.334;83935.334;83935.334;83935.334;83935.334;83935.334;83935.334;83935.334;83935.334;83935.334;83935.334;83935.334;83935.334;83935.334;83935.334;83935.334;83935.334;83935.334;83935.334;83935.334;83935.334;83935.334;83935.334;83935.334;83935.334;83935.334;83935.334;83935.334;83935.334;83935.334;83935.334;83935.334;83935.334;83935.334;83935.334;83935.334;83935.334,5D,385.0
RSDVNS,1,500,6,1,6030,random,6030,83147.07315362825,84274.42421840897,1127.3510647807125,True,394.13034073765084,1.6696167700001752,-84.129 -491.511;376.162 328.630;-423.776 -264.922;304.232 -371.134;73.666 75.975;-192.569 461.254,nan;nan;nan;nan;nan;nan;nan;nan;nan;nan;nan;nan;nan;nan;nan;nan;nan;nan;nan;nan;nan;nan;nan;nan;nan;nan;nan;nan;nan;nan;nan;nan;nan;nan;nan;nan;nan;nan;nan;nan;nan;nan;nan;nan;nan;nan;nan;nan;nan;nan;nan;nan;nan;nan;nan;nan;nan;nan;nan;nan;nan;nan;nan;nan;nan;nan;nan;nan;nan;nan;nan;nan;nan;nan;nan;nan;nan;nan;nan;nan;nan;nan;nan;nan;nan;nan;nan;nan;nan;nan;nan;nan;nan;nan;nan;nan;nan;nan;nan;nan;nan;nan;nan;81846.720;81949.465;82453.808;82551.777;82578.195;82603.077;82672.642;82696.216;82716.033;82723.712;82725.377;82746.277;82754.846;82761.793;82764.600;82777.035;82777.631;82785.695;82795.351;82800.646;82804.625;82809.202;82812.517;82815.767;82815.945;83089.215;83093.912;83096.545;83098.361;83098.426;83100.744;83102.052;83102.343;83102.628;83102.670;83102.676;83103.938;83104.084;83104.104;83104.104;83104.104;83104.104;83104.104;83104.104;83104.104;83104.104;83104.104;83111.657;83118.574;83120.769;83121.225;83121.575;83130.651;83136.026;83139.311;83142.531;83143.693;83145.426;83145.587;83145.608;83146.234;83146.554;83146.554;83146.823;83146.860;83146.939;83147.073;83147.073;83147.073;83147.073;83147.073;83147.073;83147.073;83147.073;83147.073;83147.073;83147.073;83147.073;83147.073;83147.073;83147.073;83147.073;83147.073;83147.073;83147.073;83147.073;83147.073;83147.073;83147.073;83147.073;83147.073;83147.073;83147.073;83147.073;83147.073;83147.073;83147.073;83147.073,5D,385.0
BVNS,1,500,6,11,6030,random,6030,83286.33768069105,84274.42421840897,988.0865377179143,True,385.1159988145559,1.5506769710000299,287.086 -409.211;210.215 452.905;-93.659 -348.811;-471.346 -166.693;-315.921 387.426;92.794 86.127,nan;nan;nan;nan;nan;nan;nan;nan;nan;nan;nan;nan;nan;nan;nan;nan;nan;nan;nan;nan;nan;nan;nan;82547.190;82677.155;82743.351;82750.269;82777.139;82777.504;82806.332;82806.332;82836.438;82849.161;82849.222;82855.414;82868.176;82871.203;82871.995;82874.990;82875.898;82878.598;82879.246;82879.250;82882.188;82885.096;82885.098;82886.979;82888.741;82890.058;82890.273;82890.862;82890.910;82891.343;82891.706;82892.134;82892.446;82892.446;82893.881;82894.815;82895.467;82895.623;82895.726;82896.012;82896.036;82896.246;82896.424;82896.632;82896.786;82896.864;82897.017;82897.169;82897.169;82897.881;82897.881;82897.881;82897.881;82897.881;82897.881;82897.881;82897.881;82897.881;82897.881;82897.881;82897.881;82897.881;82897.881;82897.881;82897.881;82897.881;82897.881;82897.881;82897.881;82897.881;82897.881;82897.881;82897.881;82897.881;82897.881;82897.881;82897.881;82897.881;82897.881;82897.881;82897.881;82897.881;82897.881;82897.881;82897.881;82897.881;82897.881;82897.881;83265.383;83268.552;83270.913;83272.283;83272.283;83273.764;83274.897;83276.011;83278.182;83279.257;83280.315;83281.357;83282.075;83282.598;83283.111;83283.620;83283.929;83283.929;83285.991;83286.009;83286.261;83286.261;83286.291;83286.300;83286.338;83286.338;83286.338;83286.338;83286.338;83286.338;83286.338;83286.338;83286.338;83286.338;83286.338;83286.338;83286.338;83286.338;83286.338;83286.338;83286.338;83286.338;83286.338;83286.338;83286.338;83286.338;83286.338;83286.338;83286.338;83286.338;83286.338;83286.338;83286.338;83286.338;83286.338;83286.338;83286.338;83286.338;83286.338;83286.338;83286.338;83286.338;83286.338;83286.338;83286.338;83286.338;83286.338;83286.338;83286.338;83286.338;83286.338;83286.338;83286.338;83286.338;83286.338;83286.338;83286.338;83286.338;83286.338;83286.338;83286.338;83286.338;83286.338;83286.338;83286.338;83286.338;83286.338;83286.338;83286.338;83286.338,5D,385.0
PSOC,1,500,6,21,6030,random,6030,83955.42224565003,84274.42421840897,319.0019727589388,True,433.1594078323616,1.6390038879999338,247.918 433.680;13.601 -49.626;-184.210 463.553;-499.110 9.313;479.508 -141.467;-191.668 -461.134,nan;nan;nan;nan;nan;nan;nan;nan;nan;nan;nan;nan;nan;nan;nan;nan;nan;nan;nan;nan;nan;nan;nan;nan;nan;nan;nan;nan;nan;83570.687;83570.687;83570.687;83570.687;83570.687;83570.687;83570.687;83570.687;83570.687;83574.144;83612.030;83615.636;83641.646;83641.646;83647.762;83690.229;83802.935;83802.935;83802.935;83802.935;83802.935;83802.935;83802.935;83802.935;83802.935;83802.935;83802.935;83802.935;83802.935;83802.935;83802.935;83802.935;83802.935;83805.291;83843.738;83843.738;83843.738;83854.858;83854.858;83854.858;83854.858;83854.858;83854.858;83854.858;83854.858;83854.858;83854.858;83854.858;83854.858;83854.858;83891.765;83891.765;83891.765;83891.765;83891.765;83891.765;83891.765;83891.765;83891.765;83891.765;83891.765;83892.820;83892.820;83892.820;83892.820;83892.820;83892.820;83892.820;83895.493;83895.493;83895.493;83895.493;83910.949;83910.949;83910.949;83910.949;83911.506;83911.506;83913.633;83913.633;83913.633;83913.633;83913.633;83914.257;83914.616;83916.505;83938.994;83938.994;83938.994;83938.994;83938.994;83938.994;83939.804;83941.411;83941.411;83941.411;83941.411;83941.793;83942.314;83942.685;83942.951;83943.224;83943.224;83943.224;83943.224;83943.304;83943.304;83943.304;83943.304;83943.304;83943.304;83943.350;83943.350;83943.350;83943.501;83943.618;83943.704;83943.704;83943.704;83943.721;83943.721;83943.721;83944.101;83944.263;83944.860;83945.556;83945.556;83945.556;83945.556;83945.603;83945.603;83945.603;83945.603;83945.603;83945.628;83945.636;83945.636;83945.636;83945.728;83945.814;83945.814;83946.396;83946.396;83946.396;83946.568;83946.568;83946.568;83947.141;83947.399;83947.790;83948.743;83951.006;83955.239;83955.239;83955.239;83955.239;83955.239;83955.239;83955.239;83955.239;83955.239;83955.239;83955.239;83955.239;83955.239;83955.239;83955.239;83955.422;83955.422;83955.422;83955.422;83955.422,5D,385.0
LXSSA,1,500,6,1,6030,random,6030,83583.72733485424,84274.42421840897,690.6968835547304,True,417.4083120480605,1.7071190950000528,397.075 303.857;-18.139 5.092;-155.768 -461.522;-152.947 458.646;323.000 -317.307;-428.258 82.761,nan;nan;nan;nan;nan;nan;nan;nan;nan;nan;nan;nan;nan;nan;nan;nan;nan;nan;nan;nan;nan;nan;nan;nan;nan;nan;nan;nan;nan;nan;nan;nan;nan;nan;nan;nan;nan;nan;nan;nan;nan;nan;nan;nan;nan;nan;nan;nan;nan;nan;nan;nan;nan;nan;nan;nan;nan;nan;nan;nan;nan;nan;nan;81950.674;81950.674;81950.674;81950.674;83166.162;83166.162;83166.162;83166.162;83383.183;83383.183;83456.812;83456.812;83456.812;83456.812;83462.647;83462.647;83463.218;83463.218;83464.623;83464.623;83464.623;83464.623;83464.623;83464.623;83469.441;83469.441;83470.077;83470.077;83470.077;83470.077;83532.684;83532.684;83532.684;83532.684;83532.690;83532.690;83533.164;83533.164;83533.164;83533.164;83536.363;83536.363;83536.363;83536.363;83536.363;83543.689;83545.403;83546.537;83550.877;83553.248;83553.248;83554.910;83555.159;83557.354;83558.260;83561.847;83563.061;83563.585;83570.599;83570.599;83575.473;83575.473;83575.473;83577.419;83578.178;83578.232;83578.253;83578.787;83578.787;83578.948;83579.131;83579.500;83579.500;83580.143;83580.143;83580.771;83581.109;83581.109;83581.135;83581.489;83581.651;83581.789;83581.849;83581.915;83582.081;83582.081;83582.452;83582.452;83582.452;83582.532;83582.532;83582.570;83582.570;83582.627;83582.627;83582.653;83582.653;83582.667;83582.667;83582.674;83582.679;83582.691;83582.784;83582.784;83582.911;83582.911;83583.489;83583.489;83583.489;83583.493;83583.511;83583.511;83583.701;83583.701;83583.702;83583.704;83583.704;83583.706;83583.706;83583.708;83583.710;83583.710;83583.716;83583.716;83583.717;83583.717;83583.717;83583.717;83583.721;83583.721;83583.721;83583.721;83583.721;83583.721;83583.722;83583.722;83583.727;83583.727,5D,385.0
DE,1,500,6,11,6030,random,6030,82069.65740246745,84274.42421840897,2204.766815941519,False,359.8991034244619,2.2078227800002423,-151.512 -384.473;-418.217 -142.820;270.999 -389.785;408.784 98.628;-262.875 387.848;99.747 422.763,nan;nan;nan;nan;nan;nan;nan;nan;nan;nan;nan;nan;nan;nan;nan;nan;nan;nan;nan;nan;nan;nan;nan;nan;nan;nan;nan;nan;nan;nan;nan;nan;nan;nan;nan;nan;nan;nan;nan;nan;nan;nan;nan;nan;nan;nan;nan;nan;nan;nan;nan;nan;nan;nan;nan;nan;nan;nan;nan;nan;nan;nan;nan;nan;nan;nan;nan;nan;nan;nan;nan;nan;nan;nan;nan;nan;nan;nan;nan;nan;nan;nan;nan;nan;nan;nan;nan;nan;nan;nan;nan;nan;nan;nan;nan;nan;nan;nan;nan;nan;nan;nan;nan;nan;nan;nan;nan;nan;nan;nan;nan;nan;nan;nan;nan;nan;nan;nan;nan;nan;nan;nan;nan;nan;nan;nan;nan;nan;nan;nan;nan;nan;nan;nan;nan;nan;nan;nan;nan;nan;nan;nan;nan;nan;nan;nan;nan;nan;nan;nan;nan;nan;nan;nan;nan;nan;nan;nan;nan;nan;nan;nan;nan;nan;nan;nan;nan;nan;nan;nan;nan;nan;nan;nan;nan;nan;nan;nan;nan;nan;nan;nan;nan;nan;nan;nan;nan;nan;nan;nan;nan;nan;nan;nan;nan;nan;nan;nan;nan;nan;nan,5D,385.0
SLSQP,2,500,6,21,6030,random,6030,42908.66494507355,43892.27036810799,983.605423034438,True,462.01830430717825,2.2975015359997997,132.629 -481.134;-488.288 80.403;-332.117 -372.622;-209.319 450.286;319.552 298.675;470.303 -165.798,nan;nan;nan;nan;nan;nan;nan;nan;nan;nan;nan;nan;nan;nan;nan;42350.668;42350.685;42350.689;42351.140;42351.140;42351.143;42351.146;42351.146;42351.146;42351.146;42351.146;42351.146;42351.146;42351.146;42351.146;42351.146;42351.146;42351.146;42351.367;42351.367;42351.367;42351.367;42351.367;42351.367;42351.367;42351.367;42351.367;42351.367;42351.367;42351.367;42351.367;42351.367;42351.367;42351.367;42351.367;42351.367;42351.367;42351.367;42351.367;42351.367;42351.367;42351.367;42351.367;42351.367;42351.367;42351.367;42351.367;42351.367;42351.367;42351.367;42351.367;42351.367;42351.367;42351.367;42351.367;42351.367;42351.367;42351.367;42351.367;42351.367;42351.367;42351.367;42351.367;42351.367;42351.367;42351.367;42351.367;42351.367;42351.367;42351.367;42351.367;42351.367;42351.367;42351.367;42351.367;42351.367;42351.367;42351.367;42351.367;42351.367;42351.367;42351.367;42351.367;42351.367;42351.367;42351.367;42351.367;42351.367;42351.367;42351.367;42351.367;42351.367;42363.585;42363.585;42363.585;42363.585;42363.585;42363.585;42363.585;42363.585;42363.585;42363.585;42363.585;42363.585;42363.585;42363.585;42363.585;42363.585;42363.585;42363.585;42363.585;42363.585;42363.585;42363.585;42363.585;42363.585;42363.585;42363.585;42363.585;42363.585;42363.585;42363.585;42363.585;42420.871;42420.871;42420.871;42420.871;42420.871;42420.871;42426.161;42426.161;42426.161;42426.161;42426.785;42426.919;42426.919;42426.919;42426.919;42426.919;42426.919;42426.919;42426.919;42426.919;42426.919;42426.919;42426.919;42426.919;42426.996;42429.451;42429.451;42431.060;42431.521;42431.521;42431.521;42431.521;42431.521;42431.521;42431.521;42431.521;42845.185;42845.190;42847.067;42888.319;42890.467;42890.800;42891.164;42891.480;42891.504;42891.510;42891.510;42891.510;42891.510;42891.510;42891.510;42891.510;42891.510;42908.665;42908.665;42908.665;42908.665;42908.665;42908.665;42908.665;42908.665;42908.665;42908.665,6D,462.0
SSABV,2,500,6,1,6030,random,6030,42482.175082825335,43892.27036810799,1410.0952852826522,True,462.31165731837757,1.6954139589997794,4.515 499.272;-5.008 -38.766;-190.423 -462.268;440.449 235.913;-479.940 139.989;361.643 -345.119,nan;nan;nan;nan;nan;nan;nan;nan;nan;nan;nan;nan;nan;nan;nan;nan;nan;nan;nan;nan;nan;nan;nan;nan;nan;nan;nan;nan;nan;nan;nan;nan;nan;nan;nan;nan;nan;nan;nan;nan;nan;nan;nan;nan;nan;nan;nan;nan;nan;nan;nan;nan;nan;nan;nan;nan;41828.287;42097.584;42108.339;42127.641;42138.266;42145.729;42150.510;42151.760;42152.300;42155.585;42157.844;42159.699;42160.299;42161.033;42161.868;42162.707;42163.379;42163.720;42163.870;42163.966;42164.064;42164.268;42164.363;42164.394;42164.450;42164.506;42164.539;42164.583;42164.611;42164.638;42164.655;42164.662;42164.673;42164.678;42164.680;42164.683;42164.686;42164.687;42164.688;42164.688;42164.689;42164.690;42164.690;42164.690;42164.690;42169.403;42169.706;42192.527;42195.723;42231.407;42241.359;42256.184;42265.866;42266.389;42275.328;42275.447;42275.536;42275.689;42276.315;42276.361;42276.956;42277.020;42281.534;42281.599;42281.655;42281.657;42281.803;42283.641;42283.945;42283.948;42284.229;42285.148;42285.220;42285.220;42285.220;42285.220;42285.220;42285.220;42285.220;42285.220;42300.286;42419.498;42423.903;42435.397;42440.285;42443.604;42452.090;42458.230;42460.835;42461.236;42461.236;42463.620;42464.804;42464.804;42467.651;42468.175;42469.824;42471.458;42472.403;42472.835;42473.259;42473.463;42474.051;42474.333;42474.333;42475.034;42475.173;42475.173;42475.173;42475.173;42475.173;42475.173;42475.173;42475.173;42475.173;42475.173;42475.173;42475.173;42475.173;42475.173;42475.173;42475.173;42475.173;42475.173;42476.017;42476.480;42477.068;42478.223;42479.374;42479.666;42480.571;42481.210;42481.502;42482.084;42482.175;42482.175;42482.175;42482.175;42482.175;42482.175;42482.175;42482.175;42482.175;42482.175;42482.175,6D,462.0
RSDVNS,2,500,6,11,6030,random,6030,42523.80608739973,43892.27036810799,1368.4642807082564,True,464.93149061168265,1.8476371019996805,-163.991 470.756;176.905 -384.359;497.265 -33.522;-327.322 -362.383;294.062 391.077;-483.805 81.879,nan;nan;nan;nan;nan;nan;nan;nan;nan;nan;nan;nan;nan;nan;nan;nan;nan;nan;nan;nan;nan;nan;nan;nan;nan;nan;nan;nan;nan;nan;nan;nan;nan;nan;nan;nan;nan;nan;nan;nan;nan;nan;nan;nan;nan;nan;nan;nan;nan;nan;nan;nan;nan;nan;nan;nan;nan;nan;nan;nan;nan;nan;nan;nan;nan;nan;nan;nan;nan;nan;nan;nan;nan;nan;nan;nan;nan;nan;nan;nan;nan;nan;nan;nan;nan;nan;nan;nan;nan;nan;nan;nan;nan;nan;nan;nan;nan;nan;nan;nan;nan;nan;nan;nan;nan;nan;nan;nan;nan;nan;nan;nan;nan;nan;nan;nan;nan;nan;nan;nan;42204.606;42214.084;42222.438;42266.866;42275.185;42278.359;42286.233;42287.707;42291.484;42293.164;42305.033;42306.697;42311.159;42311.159;42312.947;42313.790;42314.954;42316.218;42317.100;42319.024;42320.397;42320.815;42321.361;42321.565;42321.773;42321.773;42321.773;42321.773;42321.773;42321.773;42321.773;42321.773;42321.773;42321.773;42321.773;42321.773;42321.773;42321.773;42321.773;42321.773;42321.773;42321.773;42321.773;42321.773;42321.773;42321.773;42322.120;42325.852;42326.620;42329.440;42333.793;42335.604;42335.604;42335.762;42336.917;42338.698;42338.698;42338.775;42339.352;42340.231;42340.231;42340.231;42340.231;42340.231;42340.231;42340.231;42340.231;42340.231;42340.231;42340.231;42340.231;42340.231;42340.231;42340.231;42340.231;42340.231;42468.670;42494.599;42501.381;42510.866;42523.806,6D,462.0
BVNS,2,500,6,21,6030,random,6030,42742.60911774197,43892.27036810799,1149.6612503660144,True,463.31646416628996,1.5771707399999286,307.195 393.905;37.923 -1.860;-169.866 470.084;-316.585 -386.985;-489.881 99.052;467.518 -175.383,nan;nan;nan;nan;nan;nan;nan;nan;nan;nan;nan;nan;nan;nan;nan;nan;nan;nan;nan;nan;nan;nan;nan;nan;nan;nan;nan;nan;nan;nan;42293.666;42699.355;42699.355;42710.204;42720.943;42720.943;42726.070;42727.611;42734.776;42736.097;42737.000;42737.625;42737.838;42737.952;42739.169;42739.169;42739.848;42741.079;42741.364;42741.388;42741.876;42742.488;42742.598;42742.609;42742.609;42742.609;42742.609;42742.609;42742.609;42742.609;42742.609;42742.609;42742.609;42742.609;42742.609;42742.609;42742.609;42742.609;42742.609;42742.609;42742.609;42742.609;42742.609;42742.609;42742.609;42742.609;42742.609;42742.609;42742.609;42742.609;42742.609;42742.609;42742.609;42742.609;42742.609;42742.609;42742.609;42742.609;42742.609;42742.609;42742.609;42742.609;42742.609;42742.609;42742.609;42742.609;42742.609;42742.609;42742.609;42742.609;42742.609;42742.609;42742.609;42742.609;42742.609;42742.609;42742.609;42742.609;42742.609;42742.609;42742.609;42742.609;42742.609;42742.609;42742.609;42742.609;42742.609;42742.609;42742.609;42742.609;42742.609;42742.609;42742.609;42742.609;42742.609;42742.609;42742.609;42742.609;42742.609;42742.609;42742.609;42742.609;42742.609;42742.609;42742.609;42742.609;42742.609;42742.609;42742.609;42742.609;42742.609;42742.609;42742.609;42742.609;42742.609;42742.609;42742.609;42742.609;42742.609;42742.609;42742.609;42742.609;42742.609;42742.609;42742.609;42742.609;42742.609;42742.609;42742.609;42742.609;42742.609;42742.609;42742.609;42742.609;42742.609;42742.609;42742.609;42742.609;42742.609;42742.609;42742.609;42742.609;42742.609;42742.609;42742.609;42742.609;42742.609;42742.609;42742.609;42742.609;42742.609;42742.609;42742.609;42742.609;42742.609;42742.609;42742.609;42742.609;42742.609;42742.609;42742.609;42742.609;42742.609;42742.609;42742.609;42742.609;42742.609;42742.609;42742.609;42742.609;42742.609,6D,462.0
SSA,2,500,6,1,6030,random,6030,42706.15634920782,43892.27036810799,1186.1140189001671,True,465.48962373537626,1.7651647029997548,-23.648 25.515;-351.784 -321.472;435.084 -116.377;348.916 357.203;-292.695 405.376;103.768 -484.624,nan;nan;nan;nan;nan;nan;nan;nan;nan;nan;nan;nan;nan;nan;nan;nan;nan;nan;nan;nan;nan;nan;nan;nan;nan;nan;nan;nan;nan;nan;nan;nan;nan;nan;nan;nan;nan;nan;nan;nan;nan;nan;nan;nan;nan;nan;nan;nan;nan;nan;nan;nan;nan;nan;nan;nan;nan;nan;nan;nan;nan;nan;nan;nan;nan;nan;nan;nan;nan;nan;nan;nan;nan;nan;nan;nan;nan;nan;nan;nan;nan;nan;nan;nan;nan;nan;nan;nan;nan;nan;nan;nan;nan;nan;nan;nan;nan;nan;nan;nan;nan;nan;nan;nan;nan;nan;nan;nan;nan;nan;nan;nan;nan;nan;42250.548;42271.994;42271.994;42455.339;42455.339;42456.846;42677.577;42679.075;42682.106;42683.018;42685.948;42688.032;42689.300;42691.669;42692.764;42694.690;42695.327;42696.011;42697.739;42699.168;42700.118;42700.631;42701.198;42701.779;42702.262;42702.723;42703.130;42703.562;42703.832;42704.261;42704.574;42704.860;42705.054;42705.152;42705.244;42705.279;42705.372;42705.429;42705.563;42705.638;42705.642;42705.742;42705.808;42705.848;42705.912;42705.920;42705.945;42705.947;42705.970;42706.000;42706.019;42706.029;42706.052;42706.062;42706.077;42706.089;42706.102;42706.109;42706.112;42706.119;42706.123;42706.129;42706.132;42706.138;42706.139;42706.142;42706.144;42706.145;42706.146;42706.147;42706.149;42706.150;42706.151;42706.152;42706.153;42706.153;42706.154;42706.154;42706.155;42706.155;42706.155;42706.155;42706.156;42706.156;42706.156;42706.156;42706.156,6D,462.0
LXSSA,2,500,6,11,6030,random,6030,41926.68909335995,43892.27036810799,1965.5812747480377,False,348.07954118399056,1.8519738859995414,403.779 -294.896;-498.339 31.495;151.056 -55.542;-149.790 192.875;-212.933 -435.250;412.430 282.640,nan;nan;nan;nan;nan;nan;nan;nan;nan;nan;nan;nan;nan;nan;nan;nan;nan;nan;nan;nan;nan;nan;nan;nan;nan;nan;nan;nan;nan;nan;nan;nan;nan;nan;nan;nan;nan;nan;nan;nan;nan;nan;nan;nan;nan;nan;nan;nan;nan;nan;nan;nan;nan;nan;nan;nan;nan;nan;nan;nan;nan;nan;nan;nan;nan;nan;nan;nan;nan;nan;nan;nan;nan;nan;nan;nan;nan;nan;nan;nan;nan;nan;nan;nan;nan;nan;nan;nan;nan;nan;nan;nan;nan;nan;nan;nan;nan;nan;nan;nan;nan;nan;nan;nan;nan;nan;nan;nan;nan;nan;nan;nan;nan;nan;nan;nan;nan;nan;nan;nan;nan;nan;nan;nan;nan;nan;nan;nan;nan;nan;nan;nan;nan;nan;nan;nan;nan;nan;nan;nan;nan;nan;nan;nan;nan;nan;nan;nan;nan;nan;nan;nan;nan;nan;nan;nan;nan;nan;nan;nan;nan;nan;nan;nan;nan;nan;nan;nan;nan;nan;nan;nan;nan;nan;nan;nan;nan;nan;nan;nan;nan;nan;nan;nan;nan;nan;nan;nan;nan;nan;nan;nan;nan;nan;nan;nan;nan;nan;nan;nan;nan,6D,462.0
DE,2,500,6,21,6030,random,6030,42188.43810615838,43892.27036810799,1703.8322619496103,False,461.70191775407704,2.1140890320002654,-143.677 -475.738;-427.054 175.571;377.400 269.600;-52.358 458.481;2.479 -37.780;368.428 -321.242,nan;nan;nan;nan;nan;nan;nan;nan;nan;nan;nan;nan;nan;nan;nan;nan;nan;nan;nan;nan;nan;nan;nan;nan;nan;nan;nan;nan;nan;nan;nan;nan;nan;nan;nan;nan;nan;nan;nan;nan;nan;nan;nan;nan;nan;nan;nan;nan;nan;nan;nan;nan;nan;nan;nan;nan;nan;nan;nan;nan;nan;nan;nan;nan;nan;nan;nan;nan;nan;nan;nan;nan;nan;nan;nan;nan;nan;nan;nan;nan;nan;nan;nan;nan;nan;nan;nan;nan;nan;nan;nan;nan;nan;nan;nan;nan;nan;nan;nan;nan;nan;nan;nan;nan;nan;nan;nan;nan;nan;nan;nan;nan;nan;nan;nan;nan;nan;nan;nan;nan;nan;nan;nan;nan;nan;nan;nan;nan;nan;nan;nan;nan;nan;nan;nan;nan;nan;nan;nan;nan;nan;nan;nan;nan;nan;nan;nan;nan;nan;nan;nan;nan;nan;nan;nan;nan;nan;nan;nan;nan;nan;nan;nan;nan;nan;nan;nan;nan;nan;nan;nan;nan;nan;nan;nan;nan;nan;nan;nan;nan;nan;nan;nan;nan;nan;nan;nan;nan;nan;nan;nan;nan;nan;nan;nan;nan;nan;nan;nan;nan;nan,6D,462.0
PSOBV,2,500,6,1,6030,random,6030,42609.72743118462,43892.27036810799,1282.542936923368,True,393.6684679039174,1.605330925999624,-406.970 -59.741;-189.010 -462.840;266.632 143.468;-369.297 337.018;84.408 492.423;320.056 -384.085,nan;nan;nan;nan;nan;nan;nan;nan;nan;nan;nan;nan;nan;nan;nan;nan;nan;nan;nan;nan;nan;nan;nan;nan;nan;nan;nan;nan;nan;nan;nan;nan;nan;42016.099;42016.099;42016.099;42067.669;42067.669;42067.669;42067.669;42067.669;42067.669;42067.669;42067.669;42067.669;42067.669;42077.849;42077.849;42077.849;42077.849;42114.410;42211.377;42211.377;42264.243;42264.243;42267.871;42269.799;42269.799;42279.098;42279.098;42279.098;42411.558;42411.558;42411.558;42411.558;42411.558;42411.558;42411.558;42411.558;42411.558;42411.558;42411.558;42411.558;42416.601;42416.601;42417.586;42417.586;42417.586;42417.586;42429.950;42429.950;42439.161;42439.161;42439.161;42439.161;42448.842;42448.842;42448.842;42448.842;42545.116;42545.116;42545.116;42545.116;42545.116;42545.116;42545.116;42545.116;42545.116;42545.116;42545.116;42545.116;42545.554;42558.247;42573.222;42577.219;42577.455;42579.010;42588.111;42590.077;42597.646;42600.926;42602.452;42602.675;42602.675;42605.634;42605.634;42606.735;42607.268;42607.291;42607.291;42608.036;42608.964;42609.512;42609.702;42609.727;42609.727;42609.727;42609.727;42609.727;42609.727;42609.727;42609.727;42609.727;42609.727;42609.727;42609.727;42609.727;42609.727;42609.727;42609.727;42609.727;42609.727;42609.727;42609.727;42609.727;42609.727;42609.727;42609.727;42609.727;42609.727;42609.727;42609.727;42609.727;42609.727;42609.727;42609.727;42609.727;42609.727;42609.727;42609.727;42609.727;42609.727;42609.727;42609.727;42609.727;42609.727;42609.727;42609.727;42609.727;42609.727;42609.727;42609.727;42609.727;42609.727;42609.727;42609.727;42609.727;42609.727;42609.727;42609.727;42609.727;42609.727;42609.727;42609.727;42609.727;42609.727;42609.727;42609.727;42609.727;42609.727;42609.727;42609.727;42609.727;42609.727;42609.727;42609.727;42609.727;42609.727;42609.727;42609.727;42609.727,5D,385.0
SSABV,2,500,6,11,6030,random,6030,42704.910538747885,43892.27036810799,1187.3598293601026,True,385.46009871799345,1.5808945210001184,-227.944 -444.420;162.466 472.619;266.250 -423.099;-497.369 -45.974;-377.914 320.509;454.047 -57.015,nan;nan;nan;nan;nan;nan;nan;nan;nan;nan;nan;nan;nan;nan;nan;nan;nan;nan;nan;nan;nan;nan;nan;nan;nan;nan;nan;nan;nan;nan;nan;nan;nan;nan;nan;nan;nan;nan;nan;nan;nan;nan;nan;nan;41787.219;42147.789;42147.789;42149.103;42252.801;42252.801;42252.801;42274.971;42278.656;42301.339;42307.149;42316.340;42322.453;42330.296;42330.296;42330.296;42331.479;42335.198;42335.198;42335.198;42335.223;42338.295;42339.366;42339.593;42340.264;42340.703;42341.587;42341.986;42342.170;42342.266;42342.530;42342.634;42342.735;42342.758;42342.857;42342.911;42342.947;42342.987;42343.022;42343.061;42343.065;42343.065;42343.065;42343.069;42343.074;42343.081;42343.084;42343.088;42343.090;42343.091;42343.092;42343.093;42343.093;42343.094;42343.094;42343.095;42343.095;42345.053;42358.955;42362.629;42364.121;42365.656;42546.552;42559.168;42669.258;42675.924;42680.188;42683.441;42686.061;42688.181;42691.369;42692.981;42694.067;42695.468;42698.487;42700.041;42700.234;42700.482;42701.177;42701.820;42702.591;42703.113;42703.861;42704.246;42704.590;42704.911;42704.911;42704.911;42704.911;42704.911;42704.911;42704.911;42704.911;42704.911;42704.911;42704.911;42704.911;42704.911;42704.911;42704.911;42704.911;42704.911;42704.911;42704.911;42704.911;42704.911;42704.911;42704.911;42704.911;42704.911;42704.911;42704.911;42704.911;42704.911;42704.911;42704.911;42704.911;42704.911;42704.911;42704.911;42704.911;42704.911;42704.911;42704.911;42704.911;42704.911;42704.911;42704.911;42704.911;42704.911;42704.911;42704.911;42704.911;42704.911;42704.911;42704.911;42704.911;42704.911;42704.911;42704.911;42704.911;42704.911;42704.911;42704.911;42704.911;42704.911;42704.911;42704.911;42704.911;42704.911;42704.911;42704.911;42704.911;42704.911;42704.911;42704.911;42704.911,5D,385.0
RSDVNS,2,500,6,21,6030,random,6030,42589.81020303715,43892.27036810799,1302.4601650708355,True,407.98574622047767,1.7164751199998136,-439.773 -237.511;233.376 -442.087;-303.333 227.625;446.820 224.366;92.964 489.062;36.262 1.511,nan;nan;nan;nan;nan;nan;nan;nan;nan;nan;nan;nan;nan;nan;nan;nan;nan;nan;nan;nan;nan;nan;nan;nan;nan;nan;nan;nan;nan;nan;nan;nan;nan;nan;nan;nan;nan;nan;nan;nan;nan;nan;nan;nan;nan;nan;nan;nan;nan;nan;nan;nan;nan;nan;nan;nan;nan;nan;nan;nan;nan;nan;nan;nan;nan;nan;nan;nan;nan;nan;nan;nan;nan;nan;nan;nan;nan;nan;nan;nan;nan;nan;nan;nan;nan;nan;nan;nan;nan;nan;nan;nan;nan;nan;nan;nan;nan;nan;nan;nan;nan;nan;nan;42139.403;42240.537;42247.805;42255.637;42270.237;42276.519;42278.099;42299.242;42301.057;42328.159;42339.718;42352.238;42357.293;42371.917;42383.049;42394.923;42396.821;42397.446;42410.123;42421.560;42421.692;42422.160;42423.106;42424.895;42425.604;42428.429;42430.854;42433.653;42434.806;42434.923;42434.923;42435.804;42437.195;42438.748;42440.132;42440.570;42441.415;42442.105;42442.441;42442.878;42443.677;42443.846;42443.846;42443.846;42443.846;42443.846;42443.846;42443.846;42443.846;42443.846;42443.846;42443.846;42443.846;42443.846;42443.846;42443.846;42443.846;42443.846;42443.846;42443.846;42443.846;42443.846;42443.846;42443.846;42443.846;42443.846;42443.846;42443.846;42443.846;42443.846;42443.846;42443.846;42443.846;42443.846;42443.846;42443.846;42443.846;42574.252;42577.475;42579.207;42580.146;42582.599;42584.191;42585.773;42586.500;42586.827;42588.038;42588.826;42589.258;42589.614;42589.730;42589.810;42589.810;42589.810;42589.810;42589.810;42589.810;42589.810,5D,385.0
PSOC,2,500,6,1,6030,random,6030,42946.89423840637,43892.27036810799,945.3761297016172,True,422.5463537023477,1.6854380570002832,-485.044 -93.822;-166.481 -469.514;337.763 117.303;-341.596 334.204;78.517 490.253;293.407 -302.909,nan;nan;nan;nan;nan;nan;nan;nan;nan;nan;nan;nan;nan;nan;nan;nan;nan;nan;nan;nan;nan;nan;nan;nan;nan;nan;nan;nan;nan;nan;nan;nan;nan;42016.099;42016.099;42016.099;42067.669;42067.669;42067.669;42067.669;42067.669;42067.669;42067.669;42067.669;42067.669;42067.669;42077.849;42077.849;42077.849;42077.849;42114.410;42211.377;42211.377;42264.243;42264.243;42267.871;42269.799;42269.799;42279.098;42279.098;42279.098;42411.558;42411.558;42411.558;42411.558;42411.558;42411.558;42411.558;42411.558;42411.558;42411.558;42411.558;42411.558;42416.601;42416.601;42417.586;42417.586;42417.586;42417.586;42429.950;42429.950;42439.161;42439.161;42439.161;42439.161;42448.842;42448.842;42448.842;42448.842;42545.116;42545.116;42545.116;42545.116;42545.116;42545.116;42545.116;42545.116;42545.116;42545.116;42545.116;42545.116;42612.220;42612.220;42612.220;42612.220;42612.220;42612.220;42640.223;42646.059;42646.059;42646.059;42646.059;42646.059;42646.059;42646.059;42646.059;42646.059;42646.059;42646.059;42646.059;42646.059;42646.937;42646.937;42646.937;42646.937;42646.937;42648.170;42648.170;42648.170;42648.170;42743.632;42743.632;42743.632;42743.632;42743.632;42743.632;42743.632;42743.632;42743.632;42743.632;42743.632;42749.205;42749.205;42750.196;42750.196;42750.196;42750.196;42750.196;42750.196;42750.196;42802.461;42802.461;42802.461;42809.057;42815.448;42815.448;42815.448;42815.448;42815.448;42815.448;42815.448;42815.448;42815.448;42815.639;42816.638;42817.366;42817.366;42819.801;42821.362;42821.362;42821.362;42821.362;42821.846;42821.846;42822.354;42833.394;42833.394;42833.394;42833.394;42833.394;42833.394;42925.141;42925.141;42925.141;42926.762;42926.762;42926.762;42926.762;42932.227;42932.227;42932.227;42932.227;42932.227;42932.227;42942.659;42942.659;42942.659;42942.659;42942.659;42946.894;42946.894,5D,385.0
SSA,2,500,6,11,6030,random,6030,42623.97355282859,43892.27036810799,1268.2968152793983,True,389.04806492860945,1.6471043679994182,-288.666 -330.030;244.709 415.885;248.632 -392.092;-499.989 -3.379;-338.510 364.598;428.914 -15.278,nan;nan;nan;nan;nan;nan;nan;nan;nan;nan;nan;nan;nan;nan;nan;nan;nan;nan;nan;nan;nan;nan;nan;nan;nan;nan;nan;nan;nan;nan;nan;nan;nan;nan;nan;nan;nan;nan;nan;nan;nan;nan;nan;nan;nan;nan;nan;nan;nan;nan;nan;nan;nan;nan;nan;nan;nan;nan;nan;nan;nan;nan;nan;nan;nan;nan;nan;nan;nan;nan;nan;41491.786;41491.786;41491.786;41597.330;41623.009;41623.009;41623.009;41623.009;41623.009;41623.009;42014.234;42222.890;42447.550;42447.550;42447.550;42447.550;42447.550;42447.550;42447.550;42447.550;42447.550;42447.550;42447.550;42493.450;42493.450;42493.450;42493.450;42493.450;42504.335;42504.335;42504.335;42561.414;42561.414;42561.414;42561.414;42566.013;42566.013;42566.013;42566.013;42566.013;42566.013;42566.013;42566.013;42568.158;42570.271;42570.271;42578.464;42586.694;42593.263;42598.929;42601.201;42603.539;42603.539;42606.227;42606.526;42609.115;42610.031;42610.282;42611.819;42613.966;42614.075;42614.489;42615.577;42616.212;42616.996;42617.794;42618.510;42619.376;42620.058;42620.562;42621.052;42621.433;42621.843;42622.109;42622.137;42622.455;42622.455;42622.653;42622.810;42622.892;42623.033;42623.194;42623.194;42623.310;42623.377;42623.449;42623.535;42623.593;42623.627;42623.704;42623.739;42623.761;42623.771;42623.797;42623.839;42623.862;42623.875;42623.896;42623.899;42623.913;42623.924;42623.938;42623.945;42623.947;42623.948;42623.953;42623.953;42623.954;42623.954;42623.958;42623.960;42623.962;42623.963;42623.965;42623.966;42623.968;42623.968;42623.968;42623.969;42623.970;42623.971;42623.972;42623.972;42623.972;42623.973;42623.973;42623.973;42623.973;42623.974;42623.974,5D,385.0
LXSSA,2,500,6,21,6030,random,6030,42559.5970600462,43892.27036810799,1332.673308061785,True,398.02821431501457,1.6395149810005023,35.940 464.785;419.552 264.237;-428.017 257.873;63.792 -421.766;-344.688 -164.635;482.812 -128.732,nan;nan;nan;nan;nan;nan;nan;nan;nan;nan;nan;nan;nan;nan;nan;nan;nan;nan;nan;nan;nan;nan;nan;nan;nan;nan;nan;nan;nan;nan;nan;nan;nan;nan;nan;nan;nan;nan;nan;nan;nan;nan;nan;nan;nan;nan;nan;nan;nan;nan;nan;nan;nan;nan;nan;nan;nan;nan;nan;nan;nan;nan;nan;nan;nan;nan;nan;nan;nan;nan;nan;nan;nan;nan;nan;41696.969;41696.969;42030.186;42030.186;42245.768;42245.768;42251.524;42251.524;42251.524;42251.524;42474.223;42474.223;42474.223;42474.223;42474.223;42474.223;42474.223;42474.223;42474.223;42474.223;42474.223;42474.223;42474.223;42474.223;42474.223;42474.223;42476.319;42525.027;42527.903;42527.903;42527.903;42527.903;42529.364;42529.364;42529.364;42529.364;42529.588;42534.237;42534.345;42534.345;42534.345;42535.745;42535.745;42535.745;42537.406;42537.406;42537.406;42538.673;42538.673;42540.143;42540.679;42542.105;42545.870;42545.870;42545.870;42547.581;42549.602;42549.602;42549.602;42550.532;42552.407;42552.407;42553.903;42553.903;42553.903;42554.521;42556.688;42556.688;42557.017;42557.068;42557.068;42557.212;42557.374;42557.374;42557.698;42557.698;42557.864;42557.864;42557.864;42557.984;42557.984;42558.060;42558.060;42558.086;42558.086;42558.113;42558.113;42558.154;42558.182;42558.182;42558.228;42558.228;42558.348;42558.348;42558.649;42558.649;42558.934;42558.934;42558.934;42558.945;42558.965;42558.965;42559.110;42559.110;42559.363;42559.363;42559.557;42559.557;42559.557;42559.560;42559.572;42559.572;42559.593;42559.593;42559.593;42559.594;42559.596;42559.596;42559.596;42559.596;42559.597;42559.597;42559.597;42559.597;42559.597;42559.597,5D,385.0
