File,Row,Algorithm,Dataset,Radius,Turbines,Seed,Budget,Init,Spacing,SMin,Kind,HRModel,CoordinatesFull,CaptureVerified,MinSpacingFull,SpacingSlackFull,BoundarySlackFull,StrictLabel,StoredLabel,RerunLabel,ObjectiveStored,ObjectiveRerun,ObjectiveReplayFull,BitIdentical,ReplayBitIdentical,CallsMatch,MinSpacingMatch,RoundedCoordsMatch,CurveMatch,SecondsStored,SecondsRerun,AllMatch
fresh_grid.csv,150,SLSQP,1,500,2,1,6030,random,,308.0,grid,,-495.87260206231991 64.110592918493296;495.66103325053007 -64.734028571711761,True,999.8699347633521,691.8699357633521,0.00019539962113665387,True,True,True,28083.47197937467,28083.47197937467,28083.47197937467,True,True,True,False,True,True,2.3555593130000148,1.8329767210000227,False
fresh_grid.csv,152,SLSQP,1,500,2,3,6030,random,,308.0,grid,,372.52626805912166 333.50289303757876;-94.956296951758816 -490.89958532508376,True,947.7232691665075,639.7232701665075,9.41508747269836e-07,True,True,True,28091.474739469657,28091.474739469657,28091.474739469657,True,True,True,False,True,True,2.5623243539999976,1.5926819670000896,False
fresh_grid.csv,153,SLSQP,1,500,2,4,6030,random,,308.0,grid,,495.63891760463531 -65.894334809793975;-495.80514308670428 64.631726608958644,True,999.9991890944834,691.9991900944834,9.956802980705106e-07,True,True,True,28083.473437881206,28083.473437881206,28083.473437881206,True,True,True,True,True,True,2.4960311169999727,1.6167030609999529,True
fresh_grid.csv,161,SLSQP,1,500,2,12,6030,random,,308.0,grid,,-495.15448815576224 -69.440137462112276;494.60100421081171 73.279171154937444,True,999.9923678318389,691.9923688318389,1.0708502091143601e-05,True,True,True,28083.47251609823,28083.47251609823,28083.47251609823,True,True,True,False,True,True,2.457295273999989,1.5729128799999899,False
fresh_grid.csv,164,SLSQP,1,500,2,15,6030,random,,308.0,grid,,-495.67381491245874 -65.631313985456458;495.77076111130566 64.894935657275056,True,999.9997245863314,691.9997255863314,7.531548387996736e-07,True,True,True,28083.47344385769,28083.47344385769,28083.47344385769,True,True,True,True,True,True,2.3291424080000525,1.5749498799999628,True
fresh_grid.csv,165,SLSQP,1,500,2,16,6030,random,,308.0,grid,,-254.33682567783219 -430.47859029821416;423.38143999426404 265.98525582136659,True,971.7838939688561,663.7838949688561,9.540255544161482e-07,True,True,True,28091.474739469657,28091.474739469657,28091.474739469657,True,True,True,False,True,True,2.300405622000028,1.6123473370000738,False
fresh_grid.csv,167,SLSQP,1,500,2,18,6030,random,,308.0,grid,,-495.8051608925274 64.63158899401985;495.63640213154048 -65.913252626350982,True,999.999164282298,691.999165282298,1.0103167394627234e-06,True,True,True,28083.473437602283,28083.473437602283,28083.473437602283,True,True,True,True,True,True,2.2009771909999927,1.5194504290000168,True
fresh_grid.csv,169,SLSQP,1,500,2,20,6030,random,,308.0,grid,,-348.70015695112454 -358.34065032542446;480.28614522506626 -138.01578856588102,True,857.7653140020974,549.7653150020974,0.00017986664500110782,True,True,True,28091.474739469657,28091.474739469657,28091.474739469657,True,True,True,True,True,True,2.3817876019999744,1.5110726950000526,True
fresh_grid.csv,171,SLSQP,1,500,2,22,6030,random,,308.0,grid,,-372.32558106020156 -333.72692682518618;337.77007407994188 368.66160236882439,True,998.7920130799179,690.7920140799179,9.948814206618408e-07,True,True,True,28091.474739469657,28091.474739469657,28091.474739469657,True,True,True,False,True,True,2.323645083000031,1.6037546750000047,False
fresh_grid.csv,177,SLSQP,1,500,2,28,6030,random,,308.0,grid,,396.03033400957878 -305.22118953017844;-397.32057237561628 303.53972190684766,True,999.9977539754022,691.9977549754022,9.91826257428329e-07,True,True,True,28075.47210425869,28075.472104258686,28075.472104258686,False,False,True,True,True,True,2.627525430999981,1.6564350119999744,False
fresh_grid.csv,178,SLSQP,1,500,2,29,6030,random,,308.0,grid,,495.73649814787922 65.156116942753002;-495.66094841996352 -65.728235968824549,True,999.9998054491416,691.9998064491416,5.829020042507181e-06,True,True,True,28083.473444031788,28083.473444031788,28083.473444031788,True,True,True,True,True,True,2.4102069690000008,1.7022458140000936,True
fresh_grid.csv,182,LXSSA,1,500,3,3,6030,random,,308.0,grid,,152.32667912780519 476.23160895316943;-322.84485456489682 -379.70869286272278;468.23163264850854 -175.38099110964075,True,724.1511722144304,416.1511732144304,3.845977159042013e-05,True,True,True,42112.55998372815,42112.55998372815,42112.55998372815,True,True,True,True,True,True,1.803281787000003,1.2331682829999409,True
fresh_grid.csv,187,LXSSA,1,500,3,8,6030,random,,308.0,grid,,-272.95299184338023 -417.19005682235098;152.33749182543301 339.95606860229111;499.74530832504695 15.952609284708313,True,475.04782139779354,167.04782239779354,0.00014206413306080867,True,True,True,42096.60217624105,42096.60217624105,42096.60217624105,True,True,True,False,True,True,1.824893712000005,1.1970877779999682,False
fresh_grid.csv,190,LXSSA,1,500,3,11,6030,random,,308.0,grid,,-274.39787495168514 -196.68750617066016;458.56373956105773 -199.29677080619231;113.93104370769288 486.84670221007724,True,732.9662588489766,424.9662598489766,6.82684816663459e-06,True,True,True,42114.31134824977,42114.31134824977,42114.31134824977,True,True,True,True,True,True,1.733119313999964,1.2200495770000543,True
fresh_grid.csv,198,LXSSA,1,500,3,19,6030,random,,308.0,grid,,499.98671738612097 3.6336833316961443;8.2206578200967311 -110.58855537770914;-499.74058519574533 16.103864232224499,True,504.8569868357601,196.8569878357601,1.4065004225154553e-05,True,True,True,42099.93852365094,42099.93852365094,42099.93852365094,True,True,True,True,True,True,1.838779465000016,1.3000880690001395,True
fresh_grid.csv,200,LXSSA,1,500,3,21,6030,random,,308.0,grid,,443.06793486807248 -231.65834011920657;-476.36875442212454 -151.89471486628449;89.50162027855842 383.41484541517644,True,709.4534250927434,401.45342609274337,0.0008064066524323389,True,True,True,42105.70504053771,42105.70504053771,42105.70504053771,True,True,True,True,True,True,1.7875046569999995,1.2198110239999096,True
fresh_grid.csv,202,LXSSA,1,500,3,23,6030,random,,308.0,grid,,416.8309539433119 276.13652195269913;-284.47673002303833 362.23721773263713;-42.613294844098192 -495.77596543060025,True,706.573278155943,398.57327915594294,0.0005780789081225303,True,True,True,42124.52490259347,42124.52490259347,42124.52490259347,True,True,True,True,True,True,1.7601653120000265,1.192841387000044,True
fresh_grid.csv,211,SSA,1,500,3,2,6030,random,,308.0,grid,,-328.34380578969467 -377.08131517645279;-108.55629293160325 488.06723040637985;437.48970685645236 52.595304886625875,True,698.4282581628692,390.42825916286915,2.7944336639189715e-05,True,True,True,42111.46146473259,42111.46146473259,42111.46146473259,True,True,True,True,True,True,1.8000052829999618,1.1824366519999785,True
fresh_grid.csv,212,SSA,1,500,3,3,6030,random,,308.0,grid,,151.81941372514069 -476.39346150602972;-439.03166988954729 239.27220291453085;368.0650702501602 338.41607741298742,True,813.1633635344796,505.16336453447957,6.746423198615957e-06,True,True,True,42108.86628002087,42108.86628002087,42108.86628002087,True,True,True,True,True,True,1.7499206180000328,1.2035747190000166,True
fresh_grid.csv,213,SSA,1,500,3,4,6030,random,,308.0,grid,,386.98722107570865 316.60840146301035;-77.839024439017024 -463.52154035996534;-317.10114984099607 386.58348604162262,True,707.5570270458227,399.5570280458227,1.1847138014469238e-05,True,True,True,42124.53960860599,42124.53960860599,42124.53960860599,True,True,True,True,True,True,1.698371226000006,1.182164703999888,True
fresh_grid.csv,214,SSA,1,500,3,5,6030,random,,308.0,grid,,371.80928959428491 159.65381092482312;-10.931808090163527 -499.88042637742774;-404.43090426849517 293.99927934782187,True,762.5458399536111,454.5458409536111,5.589660389912387e-05,True,True,True,42107.21268240726,42107.21268240726,42107.21268240726,True,True,True,True,True,True,1.8159334350000336,1.2412008310000147,True
fresh_grid.csv,223,SSA,1,500,3,14,6030,random,,308.0,grid,,16.732768828206591 242.39432442404836;482.94839447378672 129.46347426812423;-480.48996910559475 138.30889425816872,True,479.6982244213955,171.69822542139548,4.035798883958341e-05,True,True,True,42098.27016616036,42098.27016616036,42098.27016616036,True,True,True,True,True,True,1.7085611919999906,1.1873164680000627,True
fresh_grid.csv,224,SSA,1,500,3,15,6030,random,,308.0,grid,,462.25814043764927 -190.45365447222767;-177.296869544527 467.51015377885113;-456.69000755877431 -203.55279559484779,True,726.9016491875472,418.90165018754715,7.716339172500375e-05,True,True,True,42112.7317101162,42112.7317101162,42112.7317101162,True,True,True,True,True,True,1.7161630399999694,1.181503661999841,True
fresh_grid.csv,225,SSA,1,500,3,16,6030,random,,308.0,grid,,339.49201838689908 -367.07650618521495;-446.01607706068847 -225.98576551036643;-28.967565787910761 499.16013756175727,True,798.0786710079863,490.07867200798626,9.058445303049667e-06,True,True,True,42108.94452682001,42108.94452682001,42108.94452682001,True,True,True,True,True,True,1.813731580000024,1.2247852090001743,True
fresh_grid.csv,227,SSA,1,500,3,18,6030,random,,308.0,grid,,-439.14730779060886 42.124235599606742;1.765761220833963 -499.99687170129437;248.66911422356651 432.41016647997969,True,698.7843940774898,390.78439507748976,1.1376230477504578e-05,True,True,True,42111.47062936464,42111.47062936464,42111.47062936464,True,True,True,True,True,True,1.7233762399999932,1.1841752960001486,True
fresh_grid.csv,228,SSA,1,500,3,19,6030,random,,308.0,grid,,-76.622852271047336 482.48415596427299;394.47326603489751 -307.22350525021432;-321.04740036054403 -383.31261227845192,True,719.554984867266,411.55498586726594,8.990005769897835e-06,True,True,True,42124.80853103496,42124.808531034956,42124.808531034956,False,False,True,True,True,True,1.7439031250000312,1.1937024749997818,False
fresh_grid.csv,229,SSA,1,500,3,20,6030,random,,308.0,grid,,301.77322527169599 -396.86498675768473;-404.55471924739084 -263.50500357071962;47.883536011616663 497.70188302144032,True,718.8073805437627,410.80738154376274,3.615936750771652e-06,True,True,True,42124.772721409165,42124.772721409165,42124.772721409165,True,True,True,True,True,True,1.8358446359999905,1.3272185369999079,True
fresh_grid.csv,231,SSA,1,500,3,22,6030,random,,308.0,grid,,402.79551775310722 -39.751514120936164;-386.28182534008397 -243.66210196117331;-200.61883725180905 457.98697029863945,True,725.7976066018149,417.7976076018149,1.8176405606278423e-05,True,True,True,42114.91341808739,42114.91341808739,42114.91341808739,True,True,True,True,True,True,1.802646395000011,1.2346787300000415,True
fresh_grid.csv,233,SSA,1,500,3,24,6030,random,,308.0,grid,,-454.62158854343232 11.30174639467422;424.29790375118699 -264.52082866359217;236.18383342933649 440.70076132007756,True,729.8797123034378,421.8797133034378,2.107547539051302e-05,True,True,True,42097.88801529681,42097.88801529681,42097.88801529681,True,True,True,True,True,True,1.8457502020000331,1.2217537060000723,True
fresh_grid.csv,330,SLSQP,1,500,3,1,6030,random,,308.0,grid,,-185.43007921460961 463.94722092640507;-453.58351537757505 -210.38532914546897;457.58264961769254 -197.8098401384191,True,725.6932226584744,417.6932236584744,8.858073900024465e-06,True,True,True,42112.67689793013,42112.67689793013,42112.67689793013,True,True,True,True,True,True,2.822736078999924,1.608268656000007,True
fresh_grid.csv,336,SLSQP,1,500,3,7,6030,random,,308.0,grid,,267.11177017454651 248.39820445115606;-470.85274929007954 -167.21918317299068;72.046564885709032 -494.7817562290449,True,634.0638016790144,326.06380267901443,0.00030719116506613866,True,True,True,42107.990766523886,42107.990766523886,42107.990766523886,True,True,True,True,True,True,3.2244357509999872,1.6843525759999807,True
fresh_grid.csv,340,SLSQP,1,500,3,11,6030,random,,308.0,grid,,315.31306977021751 283.39834194646266;-343.66373731203305 363.17328236227434;-177.97058336405271 -209.13653552904725,True,595.8126793884356,287.81268038843564,0.00040363509981741665,True,True,True,42092.024631951455,42092.024631951455,42092.024631951455,True,True,True,True,True,True,3.792746964999992,1.6615221710000014,True
fresh_grid.csv,344,SLSQP,1,500,3,15,6030,random,,308.0,grid,,-137.41020520812825 -480.74778445252372;482.5408242856119 -113.07882354423958;-122.05833965400842 479.67882046688783,True,720.7771804002439,412.7771814002439,4.248649875331466e-06,True,True,True,42112.24420571668,42112.24420571668,42112.24420571668,True,True,True,True,True,True,3.05103215500003,1.720553439000014,True
fresh_grid.csv,348,SLSQP,1,500,3,19,6030,random,,308.0,grid,,341.00133809948608 365.27531645859892;123.60324305958321 -484.4810652410041;-475.48406178051459 154.64445357045648,True,843.2163237379883,535.2163247379883,9.725986867815663e-07,True,True,True,42117.90263182629,42117.90263182629,42117.90263182629,True,True,True,True,True,True,2.37081286199998,1.771284584,True
fresh_grid.csv,352,SLSQP,1,500,3,23,6030,random,,308.0,grid,,145.01065818316076 476.45389263864388;370.72407207080022 -335.5050855036049;-487.05531459489231 113.03592535447993,True,729.0953386826857,421.0953396826857,9.884628891777538e-07,True,True,True,42120.37735185826,42120.37735185826,42120.37735185826,True,True,True,True,True,True,2.364340425999899,1.6543774790000043,True
fresh_grid.csv,371,LXSSA,1,500,4,12,6030,random,,308.0,grid,,-482.21145481869974 132.18206779183552;28.015173920463244 499.21451664870887;499.99950352026411 0.70221798109767986;18.135172269646127 -468.89898581433465,True,628.5252828553558,320.52528385535584,4.369396438301919e-06,True,True,True,56069.52676629628,56069.52676629628,56069.52676629628,True,True,True,True,True,True,1.875021120999918,1.314724540000043,True
fresh_grid.csv,380,LXSSA,1,500,4,21,6030,random,,308.0,grid,,172.64877742464088 387.58919185749795;-438.01676562417231 241.12443718275975;409.82654520498619 -268.02997721124871;-261.0950093188261 -377.0808928598496,True,627.9843388405743,319.9843398405743,0.0003198255379313887,True,True,True,56100.28537716303,56100.28537716303,56100.28537716303,True,True,True,True,True,True,1.937883354000064,1.255041418000019,True
fresh_grid.csv,385,LXSSA,1,500,4,26,6030,random,,308.0,grid,,-65.285597032104079 438.57299151509108;499.03485902295085 31.048614845131919;-444.92678095721345 -228.11079430302041;267.85639595566647 -422.19120870050949,True,508.79251118096846,200.79251218096846,0.00019399617946444414,True,True,True,56101.60268090458,56101.60268090458,56101.60268090458,True,True,True,True,True,True,1.8605702979999703,1.293890933000057,True
fresh_grid.csv,386,LXSSA,1,500,4,27,6030,random,,308.0,grid,,-37.068583606761784 -410.60930517040237;392.53844013414499 -309.68911865831927;-458.65187388769357 199.0933356108217;169.34264379329363 363.93347738750998,True,441.30157363548307,133.30157463548306,0.00030329475532905783,True,True,True,56097.51548034462,56097.51548034462,56097.51548034462,True,True,True,False,True,True,1.983663743999955,1.2609065980000196,False
fresh_grid.csv,392,SSA,1,500,4,3,6030,random,,308.0,grid,,-200.00125437095454 458.25693084551534;432.28534408683271 251.25546556405823;263.69788058087022 -340.32068801522337;-380.1939691058576 -213.28233372786372,True,615.1293183835672,307.12931938356724,7.331192222434401e-05,True,True,True,56111.24553999907,56111.24553999907,56111.24553999907,True,True,True,True,True,True,1.8399531129999789,1.328107971999998,True
fresh_grid.csv,393,SSA,1,500,4,4,6030,random,,308.0,grid,,496.10909030541387 62.255371501121303;-398.62385996173583 301.82607544726761;43.878002875317058 404.58012772546164;-193.49948676600295 -449.15048690531995,True,454.2755704127747,146.2755714127747,3.944930819241199e-05,True,True,True,56108.82580756946,56108.82580756946,56108.82580756946,True,True,True,True,True,True,1.8201298259999703,1.2649291660000017,True
fresh_grid.csv,394,SSA,1,500,4,5,6030,random,,308.0,grid,,58.855339856334183 -258.19231388980523;-224.8962980640174 446.56646261158176;430.07458325873375 255.02119314748271;-418.63010223266019 -273.40143701116568,True,477.72760526584926,169.72760626584926,4.4880462726519906e-05,True,True,True,56067.761546250906,56067.761546250906,56067.761546250906,True,True,True,True,True,True,2.0235056069999477,1.2734854259999793,True
fresh_grid.csv,396,SSA,1,500,4,7,6030,random,,308.0,grid,,-462.43335976383696 -190.14533078048433;217.7607500402448 -254.04426466728469;-192.66455190971408 461.38944436916455;390.14042885009115 312.71461290679287,True,592.3937702032441,284.3937712032441,1.7651221926622384e-05,True,True,True,56097.05372281641,56097.05372281641,56097.05372281641,True,True,True,True,True,True,1.8950359120000255,1.2891526050000266,True
fresh_grid.csv,399,SSA,1,500,4,10,6030,random,,308.0,grid,,364.32404156355074 342.44407219270278;1.9234791136152862 324.32149482257142;-257.83660529677377 -428.39260082448737;-487.47847513927019 111.19663988234652,True,362.85340769319777,54.853408693197764,4.45547696042704e-05,True,True,True,56050.85942618057,56050.85942618057,56050.85942618057,True,True,True,True,True,True,1.927462097999978,1.2658044289998998,True
fresh_grid.csv,400,SSA,1,500,4,11,6030,random,,308.0,grid,,196.44629502294364 391.76408854893583;404.25436290568678 -294.24208744054948;-260.66130197650983 -417.32637239343012;-438.95181422007221 239.41851658253941,True,653.4064053308384,345.4064063308384,5.050345353334705e-06,True,True,True,56087.37609367455,56087.37609367455,56087.37609367455,True,True,True,True,True,True,2.0192536360000304,1.2537623599998824,True
fresh_grid.csv,401,SSA,1,500,4,12,6030,random,,308.0,grid,,-473.46197829273092 106.10178819543579;-114.00631202628435 486.82904376252867;476.85946723753722 120.7265230361656;127.71423862960999 -482.69898470518007,True,523.6044491242463,215.60445012424634,4.396742929454922e-05,True,True,True,56120.39170591414,56120.39170591414,56120.39170591414,True,True,True,True,True,True,1.9484464939999957,1.311966769000037,True
fresh_grid.csv,402,SSA,1,500,4,13,6030,random,,308.0,grid,,-48.908575299908932 66.220576096699745;249.81894381141092 -433.11717191421809;-499.5299863095409 11.406402712974636;456.23320233863268 132.21611910432782,True,453.94300266008366,145.94300366008366,1.1705980855618691e-05,True,True,True,56077.589976765805,56077.589976765805,56077.589976765805,True,True,True,True,True,True,1.9088627339999675,1.307115384999861,True
fresh_grid.csv,404,SSA,1,500,4,15,6030,random,,308.0,grid,,497.05562791266823 -54.181667404973751;-129.43497333452899 81.358622392249046;-285.22361857436351 -410.66708641075616;65.836219069077956 495.64664034662468,True,458.00152882200246,150.00152982200245,1.1717920667942962e-06,True,True,True,56039.66140571064,56039.66140571064,56039.66140571064,True,True,True,True,True,True,1.859255658999928,1.305722815999843,True
fresh_grid.csv,406,SSA,1,500,4,17,6030,random,,308.0,grid,,450.13147261526217 -217.67306445123123;-462.422553821934 -190.17172791897863;60.342399918434388 -201.08693634184803;-163.75485987496384 406.99524674956575,True,390.14179581213,82.14179681213,9.537363451070268e-05,True,True,True,56081.46945995351,56081.46945995351,56081.46945995351,True,True,True,True,True,True,2.012657640000043,1.3251299809999182,True
fresh_grid.csv,407,SSA,1,500,4,18,6030,random,,308.0,grid,,-386.94557706269831 -19.361718144106504;299.02178579280428 383.82080216043045;-144.92398650113554 478.5363212051688;459.67567990874221 -196.71860763256637,True,453.937086263699,145.93708726369897,2.842404296895984e-05,True,True,True,56068.2381259878,56068.238125987795,56068.238125987795,False,False,True,True,True,True,1.9641077410000207,1.31487271900005,False
fresh_grid.csv,411,SSA,1,500,4,22,6030,random,,308.0,grid,,-374.61087555791346 322.05815716020561;209.55750360179155 383.19608154742451;393.33283723219438 -308.68959568364937;-178.18263087564409 -429.890746895635,True,584.2256835689718,276.2256845689718,1.3671537319874915e-05,True,True,True,56116.34315618885,56116.34315618885,56116.34315618885,True,True,True,True,True,True,1.9444840569999544,1.2585160909998194,True
fresh_grid.csv,416,SSA,1,500,4,27,6030,random,,308.0,grid,,-67.752782762997356 -207.1769102373616;450.66882247398138 -216.55856147700942;-417.05644742411249 275.79672009885883;256.32247812851853 429.30021817686475,True,518.5064861276744,210.5064871276744,2.900923393804987e-06,True,True,True,56067.91973400224,56067.91973400224,56067.91973400224,True,True,True,True,True,True,1.8944369590000176,1.2795961570000145,True
fresh_grid.csv,418,SSA,1,500,4,29,6030,random,,308.0,grid,,-74.601215322872022 494.40319932295569;182.69488765537849 -465.42728002793632;-482.08331457182004 -132.64868762047698;487.55198269480928 110.87399884693657,True,651.9670332376435,343.9670342376435,4.484012722765328e-06,True,True,True,56080.54814126573,56080.54814126573,56080.54814126573,True,True,True,True,True,True,1.9668595359999017,1.2842302080000536,True
fresh_grid.csv,516,SLSQP,1,500,4,7,6030,random,,308.0,grid,,-494.76581492046131 72.15807965060776;380.10244674644679 324.84160022480381;49.026928476140306 -497.59048624192599;-193.42832119332581 459.78191126223379,True,490.9750706085082,182.9750716085082,9.272283730533672e-07,True,True,True,56068.55926401016,56068.55926401016,56068.55926401016,True,True,True,True,True,True,2.7088598949999323,1.8108296820000191,True
fresh_grid.csv,524,SLSQP,1,500,4,15,6030,random,,308.0,grid,,352.05105055366198 -321.64628561469442;-486.52216600544904 -115.3088792831449;-263.99904358597553 301.94734493821858;-45.091921858127506 -497.87849712924236,True,434.4885877803694,126.48858878036941,4.534383339457781e-05,True,True,True,56055.7756769506,56055.7756769506,56055.7756769506,True,True,True,True,True,True,2.7569027920000053,1.6649697959999799,True
fresh_grid.csv,531,SLSQP,1,500,4,22,6030,random,,308.0,grid,,-257.73170049142573 300.69059584121902;-259.71640586515167 -420.13406241583453;34.527363820136813 498.80643637407928;274.27294395234514 -417.09202847967003,True,353.07966090149085,45.07966190149085,1.1794235231500351e-06,True,True,True,56056.80441191087,56056.80441191087,56056.80441191087,True,True,True,True,True,True,2.5495635430000902,1.6876009169999406,True
fresh_grid.csv,536,SLSQP,1,500,4,27,6030,random,,308.0,grid,,498.96835933992037 28.859189346520122;59.691092969322924 215.64194512559084;240.61149467432867 -438.29887375185479;-441.35794737791878 226.10806719326703,True,477.3387838909057,169.33878489090569,0.00020689848355712092,True,True,True,56058.56633198343,56058.56633198343,56058.56633198343,True,True,True,True,True,True,2.573248989999911,1.698948443000063,True
fresh_grid.csv,545,LXSSA,1,500,5,6,6030,random,,308.0,grid,,465.80471716873257 181.72827754773104;137.21978647661908 413.60486240831153;345.86281538199967 -199.40819158800971;-388.16506483750271 234.1265229503297;-220.69300895465011 -207.99768509960757,True,399.5635968271856,91.56359782718562,0.00079960352968808,True,True,True,70002.30627154306,70002.30627154306,70002.30627154306,True,True,True,True,True,True,1.9760113810000348,1.4175543809999454,True
fresh_grid.csv,552,LXSSA,1,500,5,13,6030,random,,308.0,grid,,50.707650293271776 -485.60318657068007;467.5926147400927 -177.07893526541369;-187.86315249970085 462.76179670116443;-439.79122652458904 -165.2176363189084;250.51386737436746 166.10207766486832,True,406.0743653491645,98.0743663491645,0.00019832582961751177,True,True,True,69999.85742438669,69999.85742438669,69999.85742438669,True,True,True,True,True,True,1.992098898999984,1.4300558160000492,True
fresh_grid.csv,559,LXSSA,1,500,5,20,6030,random,,308.0,grid,,-83.527427599229384 -476.29474955482777;499.47837008265611 -22.831112519906871;265.26694690879037 422.49998780710149;-85.808951050624231 455.08131373241559;71.951217722519274 -3.0186109580589564,True,352.5844989886266,44.58449998862659,9.91206862320505e-05,True,True,True,69969.53164152546,69969.53164152546,69969.53164152546,True,True,True,True,True,True,2.04813979000005,1.3976806839998517,True
fresh_grid.csv,566,LXSSA,1,500,5,27,6030,random,,308.0,grid,,484.68309232569442 -19.400165157584492;268.98653219050175 -421.4731154086511;-84.348440879871276 39.025276755644121;326.8602316307348 378.36763486532186;-301.01655271393264 -375.57280035364568,True,427.93373095960015,119.93373195960015,0.00032286482843599154,True,True,True,69736.20873563067,69736.20873563067,69736.20873563067,True,True,True,True,True,True,2.006135931000017,1.3525098400000388,True
fresh_grid.csv,571,SSA,1,500,5,2,6030,random,,308.0,grid,,-149.74792123824986 -455.96452688835785;-471.19336476980368 167.26120802176933;68.735560060660518 116.29330295207323;467.57680532967908 177.12107185182953;295.43735844100144 -403.38159459033028,True,403.4530411300224,95.45304213002242,5.7383168839602146e-05,True,True,True,70028.76290820312,70028.76290820312,70028.76290820312,True,True,True,True,True,True,1.9142272949999324,1.3720713699999578,True
fresh_grid.csv,572,SSA,1,500,5,3,6030,random,,308.0,grid,,-298.3126642801933 -401.25994285604361;497.50059326520352 -49.931351116341908;61.795168051591318 18.078553784639244;-294.31566640704762 397.65508329418617;202.94737316613887 -456.95981707443775,True,440.98136550790343,132.98136650790343,1.3589217419645138e-05,True,True,True,70020.78807766024,70020.78807766024,70020.78807766024,True,True,True,False,True,True,1.9602823500000568,1.447667808999995,False
fresh_grid.csv,573,SSA,1,500,5,4,6030,random,,308.0,grid,,-339.19927120387388 -299.54859723911125;-112.79234365888911 236.52064784064592;151.02194715676299 -476.64696517809961;-474.09386836100737 158.85522971375789;423.45866509038814 151.69247472934518,True,369.5547441515258,61.55474515152582,2.0975085422174744e-05,True,True,True,70026.47553434267,70026.47553434267,70026.47553434267,True,True,True,True,True,True,1.9511738639999976,1.404024520999883,True
fresh_grid.csv,574,SSA,1,500,5,5,6030,random,,308.0,grid,,-407.34108657008272 -289.93450339194652;481.23701434696238 135.68684004815719;167.24091780978824 295.30574947040861;351.39276421133377 -280.71061657775454;-91.520303047423781 -129.1742553716492,True,352.2381933943724,44.238194394372385,1.8460167612171063e-05,True,True,True,69918.84055539167,69918.84055539167,69918.84055539167,True,True,True,True,True,True,1.9416867310000043,1.3386588400001074,True
fresh_grid.csv,581,SSA,1,500,5,12,6030,random,,308.0,grid,,-473.08861831520665 -82.245265182041393;12.429782056285081 -97.678390449977073;152.92051523886187 -476.04120801454951;-205.19450956084233 247.72558580182488;484.60586516373968 123.08317878793288,True,403.60385011243375,95.60385111243374,8.529113654528919e-05,True,True,True,69945.73410101474,69945.73410101474,69945.73410101474,True,True,True,True,True,True,2.0548544299999776,1.4022068360000048,True
fresh_grid.csv,582,SSA,1,500,5,13,6030,random,,308.0,grid,,-5.5459013330327256 -499.96907203794962;458.82980307437299 198.68367187612319;-260.14937077311697 426.99207301470489;-496.04656221123486 -62.751537881938013;161.86293291432762 -49.759840671392823,True,387.1866486587586,79.1866496587586,1.1340553217247362e-05,True,True,True,69989.27778883617,69989.27778883617,69989.27778883617,True,True,True,True,True,True,1.916429275999917,1.3572637429999759,True
fresh_grid.csv,585,SSA,1,500,5,16,6030,random,,308.0,grid,,-440.47463043591284 -236.60534306618845;413.70056853042536 -119.39854618183539;-46.870154931709486 77.205926154336481;146.34228734802491 -478.104499589841;-182.04457648969043 465.68196357522152,True,411.3219613560254,103.32196235602538,1.2574877419207042e-05,True,True,True,69964.05274041738,69964.05274041738,69964.05274041738,True,True,True,True,True,True,1.901495006999994,1.4015919609998946,True
fresh_grid.csv,588,SSA,1,500,5,19,6030,random,,308.0,grid,,8.8235031104128261 -382.32961960584788;-301.68451407060866 175.04809255670204;280.24942843582983 6.9626114133827688;-462.48999182165392 -190.00785100558161;4.2601616922307608 499.98174389625814,True,398.9038024447638,90.90380344476381,2.502104775001135e-05,True,True,True,69952.07234348066,69952.07234348066,69952.07234348066,True,True,True,True,True,True,2.0515932230000544,1.4063096059999225,True
fresh_grid.csv,589,SSA,1,500,5,20,6030,random,,308.0,grid,,-333.59728414415338 -285.08397829973393;451.52473130632978 179.01624920245746;134.10354357693049 -307.15043251807344;-65.907295353438954 447.89599387680119;-471.29880269146594 166.96507186480167,True,468.2210937716893,160.2210947716893,0.00010435878295109069,True,True,True,70018.73680872143,70018.73680872143,70018.73680872143,True,True,True,True,True,True,2.0006370439999728,1.4207835689999229,True
fresh_grid.csv,595,SSA,1,500,5,26,6030,random,,308.0,grid,,94.220157607000871 491.04207862070507;401.86113976422399 164.30211094263802;-262.47647683720942 120.68906735712619;-465.64740844018468 -182.13309785654178;92.243848224330648 -298.37417164988045,True,364.6638057075515,56.66380670755149,2.667811986864399e-05,True,True,True,69973.67197170184,69973.67197170184,69973.67197170184,True,True,True,True,True,True,1.9786781749999136,1.400608818999899,True
fresh_grid.csv,599,SSA,1,500,5,30,6030,random,,308.0,grid,,-46.044332223280499 -76.854095509127973;-474.97735769570522 -156.19343713290877;-228.63933967139963 444.6616936668039;466.30451137890577 50.498904089907334;297.69069190902104 -401.72094573689128,True,436.2089768336075,128.2089778336075,3.153999677149477e-05,True,True,True,70005.84044924815,70005.84044924815,70005.84044924815,True,True,True,True,True,True,2.0502736529999765,1.403123781999966,True
fresh_grid.csv,712,SLSQP,1,500,5,23,6030,random,,308.0,grid,,92.319353337597576 -491.26096570399272;478.59221569034719 -144.73797749562712;-149.39889571318588 477.15822112441344;316.01774112568899 387.05859315211103;-454.29462136827999 -2.9807497525706346,True,474.0575796326396,166.0575806326396,2.9730659346350874e-06,True,True,True,70051.80353345201,70051.80353345201,70051.80353345201,True,True,True,True,True,True,2.676670214000069,1.8074752379999381,True
fresh_grid.csv,718,SLSQP,1,500,5,29,6030,random,,308.0,grid,,-276.15589110269644 -239.35819173337711;399.43552717622674 -273.39949624731423;47.357676377953595 491.8870766559869;-464.69563834280996 184.54697516113279;48.127079201972222 -497.67836792525304,True,414.59469154515284,106.59469254515284,2.734674422097305e-05,True,True,True,69970.7889660288,69970.7889660288,69970.7889660288,True,True,True,False,True,True,2.5359281190000047,1.7654655150000735,False
fresh_grid.csv,728,LXSSA,1,500,6,9,6030,random,,308.0,grid,,-461.910294119198 -188.73432454151046;191.62961592688106 461.82040034154522;460.59499121235569 121.68135119836842;189.5294441020674 -451.50631554748105;-253.49729240588886 427.74649278863654;-57.782213028280211 -54.814836091726747,True,425.7392809136587,117.73928191365871,9.128090996706306e-06,True,True,True,83897.52551799752,83897.52551799752,83897.52551799752,True,True,True,True,True,True,2.2349150539999982,1.559193133000008,True
fresh_grid.csv,734,LXSSA,1,500,6,15,6030,random,,308.0,grid,,-23.900335487217284 -415.7125710858794;-339.0065148828528 -191.84373221837248;468.74272167464898 -173.99520593640716;-484.68946262260181 122.78461542546401;303.7343488885225 182.23468142847997;-28.699398229702624 416.31228280010544,True,346.71965390389,38.71965490388999,6.403743833768749e-05,True,True,True,83863.06178183308,83863.06178183308,83863.06178183308,True,True,True,True,True,True,2.194474451000019,1.5000277059998552,True
fresh_grid.csv,735,LXSSA,1,500,6,16,6030,random,,308.0,grid,,493.4313074854004 -80.062529355212831;-450.03667717780593 -217.86893547660483;367.90198914908325 332.69389785125969;76.745907567041513 136.05856461800676;-34.601845721286772 -185.16916489145112;-264.61221278426575 424.21642611983594,True,339.9787881150232,31.978789115023176,0.00011714906378554224,True,True,True,83847.86512266376,83847.86512266376,83847.86512266376,True,True,True,True,True,True,2.109463276999918,1.568247552999992,True
fresh_grid.csv,738,LXSSA,1,500,6,19,6030,random,,308.0,grid,,160.7240449608405 424.00533923608737;-490.26776439863681 -98.12798415894683;21.871887658965186 -16.006843603722441;-124.95725933622407 -422.46306685597455;-327.69866616721112 316.63869513373902;474.52799269075933 157.55192154777308,True,411.66775609545243,103.66775709545243,0.0005771698149626682,True,True,True,83884.35305212179,83884.35305212179,83884.35305212179,True,True,True,False,True,True,2.104338181999992,1.5359942659999888,False
fresh_grid.csv,739,LXSSA,1,500,6,20,6030,random,,308.0,grid,,-68.069683492526792 66.922942291514246;-391.76896762881069 -167.67263921506415;213.38815767141182 -399.609114252631;301.88518289897229 398.16495781754389;274.12252066615929 -2.4423710016171367;-365.78832400003785 340.87864524240678,True,349.1519028664088,41.151903866408816,0.0006522433687930752,True,True,True,82508.41149613136,82508.41149613136,82508.41149613136,True,True,True,True,True,True,2.2612905450000653,1.5846957859999975,True
fresh_grid.csv,745,LXSSA,1,500,6,26,6030,random,,308.0,grid,,499.52731200977632 -19.27725698622092;-75.951761127812645 440.46363978754965;127.69237511354397 5.8742795186089189;-461.01884791782578 193.54990534823045;-74.589234431481216 -471.37535440207796;-345.59088286220322 -171.54221894952147,True,372.6846120853112,64.68461308531118,5.700421479812212e-05,True,True,True,83869.27160022268,83869.27160022268,83869.27160022268,True,True,True,True,True,True,2.191896379000013,1.5049537489999238,True
fresh_grid.csv,750,SSA,1,500,6,1,6030,random,,308.0,grid,,-154.3151599005553 427.4817737676683;-280.43760465230088 82.505150657886659;80.054688522746019 -493.54958839780898;183.24569000708047 66.929789483286299;-464.84054781220624 -184.14547202058952;439.10046934865085 239.1365241007226,True,308.41016124557865,0.4101622455786469,5.1637882054616054e-05,True,True,True,83521.01712863783,83521.01712863783,83521.01712863783,True,True,True,True,True,True,2.2587406229999942,1.4899998459999324,True
fresh_grid.csv,753,SSA,1,500,6,4,6030,random,,308.0,grid,,-301.30054799524754 -326.34472000559043;350.79116537601266 341.08459027665123;137.57078193855619 -140.13648991533677;487.08897310779088 -112.8805376640104;-25.333186965307817 363.41903730008488;-472.98012799873607 162.14068004860431,True,350.5793104154041,42.579311415404106,0.00019939171471858208,True,True,True,83905.88088032953,83905.88088032953,83905.88088032953,True,True,True,True,True,True,2.17034136399991,1.5994885430000068,True
fresh_grid.csv,758,SSA,1,500,6,9,6030,random,,308.0,grid,,-469.61039454509785 171.6566603812449;198.989316181943 403.77592784796383;-155.32461506821335 -273.14926568254259;413.38874889275223 -245.23880978381334;-155.8992742478942 465.04509548102885;73.79483595503622 3.7288236665159169,True,359.38447267345936,51.384473673459354,6.928196018204835e-05,True,True,True,83838.97078162606,83838.97078162606,83838.97078162606,True,True,True,True,True,True,2.2040189400000827,1.495022390000031,True
fresh_grid.csv,759,SSA,1,500,6,10,6030,random,,308.0,grid,,-116.77175522019913 483.24902266567801;273.68685575680558 -418.44390346203465;317.02778932031987 275.82037027889027;465.91870397157976 -53.826461993943916;87.772444067353462 12.621135918416625;-109.4459271023442 -478.89342561551501,True,349.04419533204725,41.04419633204725,0.00020564145080723028,True,True,True,83590.76080582598,83590.76080582598,83590.76080582598,True,True,True,True,True,True,2.2080793490000588,1.5156464350000078,True
fresh_grid.csv,761,SSA,1,500,6,12,6030,random,,308.0,grid,,283.89762595601172 -411.58490611540964;-269.4563902953787 -421.18063996351822;-137.11230439117227 -64.260182903925383;357.5022652168347 349.55978417957255;-454.30752313007787 208.8172886022804;-15.67056238604366 310.98511390297631,True,375.1612512614752,67.16125226147517,4.034509916233219e-06,True,True,True,83678.8411014262,83678.8411014262,83678.8411014262,True,True,True,True,True,True,2.2125100319999547,1.4911948100000245,True
fresh_grid.csv,767,SSA,1,500,6,18,6030,random,,308.0,grid,,-161.6623162306789 -15.747046906562653;-368.50045632904187 -337.94569502179013;70.445642488967877 -289.02301213351529;-497.20530672215796 44.000546950025324;442.60674962105202 -8.2350522493159666;-331.3654242086215 374.42879749082556,True,340.8208817540624,32.82088275406238,3.2248615641743524e-05,True,True,True,83569.46043332214,83569.46043332214,83569.46043332214,True,True,True,True,True,True,2.1060474780000504,1.6535229040000559,True
fresh_grid.csv,771,SSA,1,500,6,22,6030,random,,308.0,grid,,-397.18772123236653 -255.01849735737329;-44.685179653180427 -187.5081066361825;179.8139963979232 -456.09003428630228;418.68107792495641 273.32423530504826;376.92745846160932 -172.70742458587168;-240.8138016633149 96.913822557076742,True,345.19475721302433,37.19475821302433,1.838250750804582e-05,True,True,True,83411.16032200388,83411.16032200388,83411.16032200388,True,True,True,False,True,True,2.1977866659999563,1.5379899810000097,False
fresh_grid.csv,773,SSA,1,500,6,24,6030,random,,308.0,grid,,78.555241164014291 -114.67603782399684;-44.060574074970759 -496.13859980850964;-273.88613339338963 363.88075067936802;230.00918414584976 411.68409741318385;460.78165427125572 77.558616915210919;-356.39892664069964 -350.68469320067749,True,344.54620217171674,36.54620317171674,5.204410649892088e-05,True,True,True,83621.2266358845,83621.2266358845,83621.2266358845,True,True,True,True,True,True,2.1829278420000264,1.5962834830002066,True
fresh_grid.csv,776,SSA,1,500,6,27,6030,random,,308.0,grid,,-80.116336045135284 488.90204847731587;465.60669239679999 180.75662132143339;-94.490574299453996 -475.62870196465713;-375.37693676707357 296.53865542838605;120.69669978110269 17.670441674748499;-423.85750848619739 -265.22579692297347,True,352.39537074708704,44.39537174708704,9.014645468394155e-05,True,True,True,83527.63433947305,83527.63433947305,83527.63433947305,True,True,True,True,True,True,2.256790698999908,1.605626980000011,True
fresh_grid.csv,777,SSA,1,500,6,28,6030,random,,308.0,grid,,80.238776881050811 383.42831419607086;291.84151706480236 -405.99076994722225;-293.32788652350138 353.16252577844602;-453.1958376807894 -96.97841675961638;424.07715086509921 264.87403378986983;-74.014503698621169 -130.49508156509629,True,363.7030998309287,55.70310083092869,2.4634976912489947e-05,True,True,True,83616.42114539735,83616.42114539735,83616.42114539735,True,True,True,True,True,True,2.063852752999992,1.554193461000068,True
fresh_grid.csv,779,SSA,1,500,6,30,6030,random,,308.0,grid,,-190.93034228171166 311.78313762846489;440.86742804962012 -235.87236419272062;255.64043409284778 398.76905620320781;133.49946313265903 42.199136462714776;13.903963935731701 -334.5287436153227;-346.03196726232659 -201.75246049906795,True,376.9091726806862,68.9091736806862,0.00013969506881292182,True,True,True,83838.44769667483,83838.44769667483,83838.44769667483,True,True,True,True,True,True,2.1696644900000592,1.5956855430001724,True
fresh_grid.csv,882,SLSQP,1,500,6,13,6030,random,,308.0,grid,,491.29810268696417 24.545971336200051;251.91384939140679 -431.89961928902125;-284.94500208961 -410.85994809068347;-30.644460227416943 -93.029981783785246;-499.99637155077261 -0.63920696392076415;-279.78396325790396 414.39223539214885,True,407.04379748873345,99.04379848873344,1.015039782967142e-05,True,True,True,83936.56189505255,83936.56189505255,83936.56189505255,True,True,True,False,True,True,2.800360647000048,1.9836575549999793,False
fresh_grid.csv,897,SLSQP,1,500,6,28,6030,random,,308.0,grid,,-158.1746190166663 474.32101778095699;-498.99995127412046 21.108689170241867;211.87340816545264 -452.89001290963165;445.13390747895636 -227.71865443891264;54.294279904750091 77.341708758375248;222.12694899589695 447.95037383460453,True,324.210735811654,16.210736811653987,1.983304736338687e-05,True,True,True,83828.55961210225,83828.55961210225,83828.55961210225,True,True,True,True,True,True,2.6738074720000213,1.909187803000009,True
fresh_grid.csv,899,SLSQP,1,500,6,30,6030,random,,308.0,grid,,147.68889692099685 477.68990626000391;135.20249611571751 -473.70485474898169;498.99365583645192 31.025266191428106;-235.2185324281314 441.20443450317998;-334.31637970449049 -371.79638904266136;-69.667415636825254 60.862445596428962,True,384.6417672329354,76.64176823293542,4.356120942044072e-06,True,True,True,83728.84779895855,83728.84779895855,83728.84779895855,True,True,True,True,True,True,2.700244863999956,2.023979241999996,True
fresh_grid.csv,911,LXSSA,1,500,7,12,6030,random,,308.0,grid,,-472.26675441214724 164.20657113698206;-39.947226785961931 -444.01323910104918;343.68908800915489 332.67799998592483;-195.92148615884926 -28.885294383331686;-37.627932018766344 402.45354820063113;182.31717460385451 -100.8722735102141;496.65555185126482 -56.943535417498154,True,317.39305197334374,9.393052973343742,0.0003156725508713644,True,True,True,97693.0334359898,97693.0334359898,97693.0334359898,True,True,True,True,True,True,2.30643016800002,1.6417012399999749,True
fresh_grid.csv,912,LXSSA,1,500,7,13,6030,random,,308.0,grid,,45.572514879467285 187.38926008384408;-51.787408635843477 -497.30908959954536;20.656094466991693 -153.40703400080869;-375.43781594579667 330.22181327879622;-262.47650758890012 39.707771458766743;-340.74516987852166 -344.11097120139283;371.34100506667829 -110.00935224796299,True,311.702848367338,3.70284936733799,1.3927139573534077e-06,True,True,True,95033.37650376116,95033.37650376116,95033.37650376116,True,True,True,True,True,True,2.246960940999997,1.6954400270000178,True
fresh_grid.csv,918,LXSSA,1,500,7,19,6030,random,,308.0,grid,,-35.893653923576736 -109.84182314561676;173.44742851493322 337.33190695841989;471.53764325427289 -37.80580072655308;-198.81620712080442 299.11606836171944;174.82259047564614 -468.44092406975835;-194.74113193264492 -460.29629595540263;-485.22061981313306 -118.76991984230997,True,369.65345918494194,61.653460184941935,0.00016351608184347787,True,True,True,97691.63873410766,97691.63873410766,97691.63873410766,True,True,True,True,True,True,2.299536337999939,1.6472437170000376,True
fresh_grid.csv,931,SSA,1,500,7,2,6030,random,,308.0,grid,,456.23607778498246 -204.11494018841765;-477.46689238511112 0.77331327964937024;-153.58656321294728 2.3267039174523059;161.49551840678308 -20.68392344733342;193.08407832119889 -424.97177562291023;-238.97317451480242 -439.1941512119688;385.3995210184878 296.7620559841248,True,315.92120398850005,7.921204988500051,0.00032040361810711695,True,True,True,94707.99331201572,94707.99331201572,94707.99331201572,True,True,True,True,True,True,2.250475118000054,1.7657531680000602,True
fresh_grid.csv,933,SSA,1,500,7,4,6030,random,,308.0,grid,,138.74662862821751 -179.04886223719222;-291.29402619980465 -102.71119431464669;-95.036818224287003 444.34732134828852;455.82511215575232 189.64352986880874;-412.59699421107717 282.3573609855431;230.32449061886646 443.79118359423899;-11.181021692057751 -499.87493078812048,True,325.36178414394544,17.36178514394544,1.5385184385901085e-05,True,True,True,96903.39299034126,96903.39299034126,96903.39299034126,True,True,True,True,True,True,2.47792086000004,1.6530991839999842,True
fresh_grid.csv,937,SSA,1,500,7,8,6030,random,,308.0,grid,,-346.83382296858974 357.30615103262608;234.89396694897124 14.786718880807241;-357.76440593866437 -318.21857766041285;-69.089310014843804 167.90230017042038;346.59478106848599 -303.1784569606902;-15.706078386303288 -285.05038456052699;180.35528545350246 466.33886656531388,True,336.1782759152444,28.178276915244396,3.3539565097522424e-05,True,True,True,94712.18829141856,94712.18829141857,94712.18829141857,False,False,True,True,True,True,2.5454780300000266,1.6694054729999834,False
fresh_grid.csv,940,SSA,1,500,7,11,6030,random,,308.0,grid,,318.64594828676616 -385.3112208581914;404.8380449736382 53.955263496936091;-351.94579881435857 -212.22188727332932;-147.48395432645131 -452.04411681771245;-146.29022394091481 323.49819606434147;53.660126931316299 -146.73577491455998;269.06741685496013 419.67557212587809,True,315.1497225685531,7.1497235685530995,2.3721198092767737e-05,True,True,True,96626.6071001532,96626.6071001532,96626.6071001532,True,True,True,True,True,True,2.2985535699999677,1.6676370129999896,True
fresh_grid.csv,942,SSA,1,500,7,13,6030,random,,308.0,grid,,-307.03647300496164 -394.62462858676287;441.57851167499581 -188.85683461664829;304.07225547911571 103.55628319085889;90.289824325912221 -212.3195546147798;-436.03537164510567 240.94900452500667;179.78960168275356 461.47646440316294;-82.960320429555765 165.20631221942725,True,323.130626773313,15.130627773312995,7.757432970516675e-06,True,True,True,96633.55640262357,96633.55640262355,96633.55640262355,False,False,True,True,True,True,2.415084644999979,1.6729845450000767,False
fresh_grid.csv,943,SSA,1,500,7,14,6030,random,,308.0,grid,,126.4209226684424 471.53814375916147;-282.486524483913 -399.20425985511383;11.597925509537141 -499.86477814682877;320.81957344122026 -251.54462155366465;-279.17352458398597 378.82651960118881;-136.56716983623036 -86.679707365541006;396.93756636034891 177.5757796762806,True,310.8346886541249,2.8346896541248725,0.0006926925753444048,True,True,True,97170.55209206596,97170.55209206596,97170.55209206596,True,True,True,True,True,True,2.300242639000089,1.6731039630000168,True
fresh_grid.csv,944,SSA,1,500,7,15,6030,random,,308.0,grid,,293.70062916566962 -343.93061002140513;69.306956901145938 495.1731633548203;-305.21052707968738 258.59718232913826;440.31216509935803 93.578530445881213;-131.81782537088452 -186.77395757714098;-431.14378731969157 -78.856271259789906;126.10112880470285 30.62191100633984,True,318.1858867339481,10.185887733948107,8.501829018112039e-05,True,True,True,96462.00382953243,96462.00382953245,96462.00382953245,False,False,True,True,True,True,2.4070849180000096,1.6779505790000258,False
fresh_grid.csv,946,SSA,1,500,7,17,6030,random,,308.0,grid,,-65.356494545788522 -386.81749239169494;-65.599951648886972 337.84246016267554;483.14427762415107 53.653967750412683;335.58433304740009 -370.65226575336396;-396.65330164053194 -170.25290214303877;239.61265987783582 429.92218918179793;87.829852401511829 -68.147780998896081,True,318.7999603688765,10.799961368876495,5.430503211098403e-05,True,True,True,97054.14165347112,97054.14165347113,97054.14165347113,False,False,True,True,True,True,2.3179735380000466,1.6647337319999451,False
fresh_grid.csv,947,SSA,1,500,7,18,6030,random,,308.0,grid,,499.47189970200805 14.596757977307263;61.752545231205715 495.88353361402864;142.06917092389412 -479.39162526827329;-317.3005390823273 -295.0300432269795;-262.10739112975358 378.32239536449572;-0.13035712873618277 -188.95633547858216;356.37362242366646 326.50108103530431,True,323.3780501728784,15.378051172878372,2.1295641206757865e-05,True,True,True,96641.11629164474,96641.11629164474,96641.11629164474,True,True,True,True,True,True,2.213943071000017,1.7197367119999853,True
fresh_grid.csv,950,SSA,1,500,7,21,6030,random,,308.0,grid,,474.88983350345995 152.61594543393437;-456.16606632302137 -199.36511982395854;-83.581679890332765 378.97560332721372;236.19248031375304 440.69616366719629;-267.57561478553276 83.985060978083311;365.36768814892042 -182.87128181070554;-87.897151783881171 -454.73621381872039,True,325.6761291573421,17.676130157342072,4.5722531492865525e-06,True,True,True,96812.2768203255,96812.2768203255,96812.2768203255,True,True,True,True,True,True,2.4617584869999973,1.6911501539999563,True
fresh_grid.csv,952,SSA,1,500,7,23,6030,random,,308.0,grid,,46.279650035488068 -497.85355698619281;-462.94134569046435 99.440248292389356;409.06751071513207 283.73000362766373;-354.80683821898936 -220.29932927568925;238.93777315351309 -212.81993591166056;77.387254154528264 123.41384285448893;-86.760004178018306 492.41507727931253,True,337.52995299604424,29.52995399604424,3.0788789277063185e-05,True,True,True,96937.35020337586,96937.35020337586,96937.35020337586,True,True,True,True,True,True,2.4247495710000067,1.7808519620000425,True
fresh_grid.csv,953,SSA,1,500,7,24,6030,random,,308.0,grid,,-252.86652625657101 -431.344678108577;-446.6484154775448 -152.70920770742822;470.3101427041579 -9.6440689973486382;5.1556595926482736 78.788149653216593;-172.94976353114725 469.13549051558505;148.59708705798772 -308.12419270778622;276.16219172460546 416.77823324611683,True,339.3952650755741,31.395266075574114,0.00027183329501920164,True,True,True,97330.6779195893,97330.6779195893,97330.6779195893,True,True,True,True,True,True,2.332504492999988,1.6355385299999625,True
fresh_grid.csv,1061,SLSQP,1,500,7,12,6030,random,,308.0,grid,,-372.44611415585439 332.47277885028927;0.20973978186485639 -499.99992097116257;67.866990541921666 398.40568474837795;-308.7907294338558 -393.25346116037639;274.36120151008799 -21.870065565551922;-136.25266777426671 -137.84677751076916;415.22833011579502 277.35311029238261,True,308.2238744389193,0.22387543891932182,1.701091607879789e-06,True,True,True,96713.39722102245,96713.39722102243,96713.39722102243,False,False,True,True,True,True,2.7253670799999554,2.0169542829999614,False
fresh_grid.csv,1078,SLSQP,1,500,7,29,6030,random,,308.0,grid,,-1.3919012393527788 499.9943587534342;-107.0831036652219 -153.94047350093714;-430.29146144272181 219.27121535131599;89.843994401884899 -491.86167701507981;251.50393237902531 -66.828667757238875;-241.69005270754113 -437.70528641112458;383.39168116821998 319.81514090033568,True,314.0724435165161,6.0724445165161,1.6699814321109443e-06,True,True,True,96856.54463264164,96856.54463264163,96856.54463264163,False,False,True,True,True,True,2.691577742000049,2.0554056070000115,False
fresh_grid.csv,1083,LXSSA,1,500,8,4,6030,random,,308.0,grid,,-449.44038908605836 -46.424612287385123;56.414197975808179 -85.528609365447721;-230.35983999047264 -421.21263464212979;273.02892264535529 166.96900653281878;393.35629421137423 -209.85238183147646;9.5415709288601214 403.95361862619654;-321.08446569976985 336.24913669455361;136.07783800745369 -481.12648773427401,True,332.6815068169137,24.681507816913722,0.00012580371424317127,True,True,True,107740.0333805106,107740.03338051059,107740.03338051059,False,False,True,True,True,True,2.497424163000005,1.73542552899994,False
fresh_grid.csv,1108,LXSSA,1,500,8,29,6030,random,,308.0,grid,,292.05154841209861 -38.374856860296354;223.02768631109987 -445.97700463134129;-330.0343791480542 375.60229110286508;-390.60977034476679 13.133341602954886;310.0283881212136 347.57666087763721;-11.449643307422933 407.83929119685092;-28.792689491682932 -146.60995100743074;-171.65457195387916 -443.52954252299281,True,320.2115833096992,12.21158430969922,0.00022849868873006562,True,True,True,108975.13938042783,108975.13938042783,108975.13938042783,True,True,True,True,True,True,2.5051962579999554,1.7303232660000276,True
fresh_grid.csv,1118,SSA,1,500,8,9,6030,random,,308.0,grid,,-16.918758935975688 488.76249249854243;-251.05625208925605 -432.33345069593173;67.666551875831004 -495.39999108334672;369.07925798000946 337.20504128070655;-469.07805052897328 -95.075582195673874;482.84195691335543 0.24570548993592933;214.61382666046342 -180.85927862879655;-189.47908892420378 103.10220257434287,True,323.643855389854,15.643856389854022,8.759186295290055e-05,True,True,True,110736.68641132789,110736.68641132787,110736.68641132787,False,False,True,True,True,True,2.565975041999991,1.9040041220000603,False
fresh_grid.csv,1119,SSA,1,500,8,10,6030,random,,308.0,grid,,296.4662611646948 320.02302096432487;442.55726053296632 -116.61903453728455;115.14026831316961 49.338437455122381;-381.87297486040541 -297.79861134403529;28.244330734554786 499.20155655458979;-64.114319267063479 -210.28827141650819;-238.3542356809416 193.36110754610417;195.57509729972259 -423.33273589024577,True,315.49680684291224,7.496807842912233,6.471483584644011e-05,True,True,True,108294.85729147792,108294.85729147792,108294.85729147792,True,True,True,True,True,True,2.594173390999913,1.786059722999994,True
fresh_grid.csv,1126,SSA,1,500,8,17,6030,random,,308.0,grid,,244.23622238107723 436.28957493309974;-443.18012879608256 -231.49783412070238;61.866466388331347 78.826314264540457;440.2333056499757 152.96134054012362;-136.16478445476827 476.46444898854605;-321.31577576520243 155.97263701985122;-131.89860301769292 -451.63882284418651;251.99412114713974 -419.54969652184241,True,344.51378064477586,36.51378164477586,7.548172169688405e-05,True,True,True,111643.2550936729,111643.2550936729,111643.2550936729,True,True,True,True,True,True,2.4325570329999664,1.8157982730000413,True
fresh_grid.csv,1128,SSA,1,500,8,19,6030,random,,308.0,grid,,-321.34706533196021 -350.97220562043219;84.9740629334663 492.72625270428114;50.263737339761619 -332.03586959073715;-253.13300906992467 374.15661331127296;390.82874290780575 274.73819565522132;188.45584710460861 -40.898336160871708;430.44380382888926 -253.99896944786434;-131.88806151691554 77.825691581277937,True,320.17550262392086,12.17550362392086,0.0002495246379819728,True,True,True,108920.81776241944,108920.81776241945,108920.81776241945,False,False,True,True,True,True,2.485671110999988,1.7765083450000247,False
fresh_grid.csv,1131,SSA,1,500,8,22,6030,random,,308.0,grid,,462.24808859034965 -52.431176454228719;309.19353537392692 280.82106587768709;-92.769952298836145 463.23815208323674;-40.336865203506846 -473.88991641984148;-392.17329458305591 -291.57278071820235;135.11319288914555 -73.720520733095498;294.29652141948469 -404.21470557937243;-256.684599081339 -11.922156766521882,True,310.74371769244374,2.7437186924437356,3.027377289552169e-05,True,True,True,110768.22456162196,110768.22456162197,110768.22456162197,False,False,True,True,True,True,2.4897578799999565,1.7156543760000886,False
fresh_grid.csv,1141,PSO,1,500,8,2,6030,random,,308.0,grid,,1.4540561447389604 -128.99177538921109;9.3868326791149173 -497.97409917520338;-226.3248238349172 183.80775314847284;-313.90241002147781 -373.66444058054208;346.00149280251588 296.9616116324766;-500 0.48186218706111106;7.9931817054815504 481.93170543501645;430.18144020635623 -118.52451707147333,True,329.40322455280324,21.403225552803235,-0.00023119111341177268,False,False,False,107190.32918950636,107190.32918950637,107190.32918950637,False,False,True,True,True,True,2.856461687000092,1.8965373610000142,False
fresh_grid.csv,1241,SLSQP,1,500,8,12,6030,random,,308.0,grid,,200.51111796931878 -2.016964252629772;-326.36352216768836 378.78347719392752;388.2270436605063 -315.06696513295492;-199.32841372793982 -35.477996226959682;-495.43056069584406 67.442052355425474;4.3967404430896062 -460.94630182360032;83.405854992607004 362.59499491375135;-313.78957240581167 -389.26432497929898,True,313.4788953649079,5.478896364907882,0.00013010270629618026,True,True,True,110487.54500033909,110487.54500033907,110487.54500033907,False,False,True,True,True,True,2.8977633810000043,2.123477725999976,False
fresh_grid.csv,1251,SLSQP,1,500,8,22,6030,random,,308.0,grid,,482.98317529810214 124.43721609450719;191.82910668624893 -461.10720649865971;157.29804991560712 126.74893822402828;-325.53382381406226 337.38486983024222;289.56322050909199 407.54042757067015;-424.3702093422894 -237.43649977164117;-149.08970742515945 -94.371193157519627;-53.801583385608161 497.09670780277122,True,310.23706531028756,2.2370663102875596,0.0002537169115751349,True,True,True,109456.71142462516,109456.71142462516,109456.71142462516,True,True,True,False,True,True,2.9524532210000416,2.064802656999973,False
fresh_grid.csv,1254,SLSQP,1,500,8,25,6030,random,,308.0,grid,,-499.96703140528558 5.4939313266038132;-350.85906688143643 356.22392703239296;-372.7975916573551 -333.1320643631812;15.517053321246328 -195.41444182505876;253.26885587871692 422.4293083110714;461.246976198168 -161.5542945131015;-61.325384570776386 496.22468546332755;118.15030248628177 -485.83835198341802,True,308.02537464605575,0.025375646055749712,0.00025974413501014717,True,True,True,110134.79283591006,110134.79283591006,110134.79283591006,True,True,True,False,True,True,2.968648321000046,2.0706592649999607,False
fresh_grid.csv,1267,LXSSA,1,500,9,8,6030,random,,308.0,grid,,-214.29169138779807 451.75072513534337;-305.27373949199148 122.43016403052555;452.48213108204811 -106.14524511126308;104.79317152321735 -94.837816911536933;-467.16203107520909 -163.75510808367699;221.27489372287681 -386.04648488907736;-219.38270014641725 -396.04609221482622;185.65842328999034 460.80294201114924;-4.6127621188926913 207.03733540276923,True,312.3385931366139,4.338594136613892,0.0003543419729819798,True,True,True,122388.91169748214,122388.91169748214,122388.91169748214,True,True,True,True,True,True,2.626045566999892,1.897649025000078,True
fresh_grid.csv,1274,LXSSA,1,500,9,15,6030,random,,308.0,grid,,167.82922355546555 3.2242255373239206;190.53295322546063 394.75208756750942;-239.94265620751679 -438.10988571475343;442.16582639364003 192.63222246800811;-362.81181661522442 -155.46648481522465;383.47192458348019 -289.96466706085909;40.18335055934201 -293.9026770801608;-421.71455839612622 175.08993081606147;-62.993306295987978 219.85658786106671,True,308.0000001371805,1.137180504429125e-06,0.487488415066937,True,True,True,121176.03516999815,121176.03516999815,121176.03516999815,True,True,True,True,True,True,2.6046712889999526,1.977537034000079,True
fresh_grid.csv,1276,LXSSA,1,500,9,17,6030,random,,308.0,grid,,-148.6401696200457 -0.53278813243205803;-430.61914244889329 248.35956975693153;366.17756877289708 268.56687216855516;396.3488008807202 -299.89296148720842;-429.94860985655532 -234.27981140800756;135.45648722709163 -477.23306060539022;169.0131877754603 -86.078486444427469;-165.7825122826533 -413.0522088683249;16.856838414576472 437.77282436633766,True,308.0001892131355,0.00019021313551093044,2.8930489934238635,True,True,True,120846.87528350035,120846.87528350035,120846.87528350035,True,True,True,True,True,True,2.7199555729998792,1.8640076119999662,True
fresh_grid.csv,1279,LXSSA,1,500,9,20,6030,random,,308.0,grid,,-242.51555823167473 -431.73867844548386;-99.710866829375192 -88.036480767271314;379.72953816898826 -257.09427179405679;70.039285582866484 -353.94956901035323;424.07222964446964 153.67048860891526;-313.85706670733788 250.87446856422912;88.964544653746785 166.76635927686004;217.17623924469837 450.3711903102253;-417.53795976221033 -93.112089219454703,True,311.2393593608416,3.2393603608416015,0.0002730461543503916,True,True,True,121838.82348115453,121838.82348115451,121838.82348115451,False,False,True,True,True,True,2.638328728000033,1.890007440999966,False
fresh_grid.csv,1301,SSA,1,500,9,12,6030,random,,308.0,grid,,36.426972044302545 -144.27975090639549;-106.28373874108804 147.02645308464912;-38.934094942396122 489.7908708967052;-284.46651972821968 -207.86405667045051;-459.49108181693293 167.20857041730289;441.53429462334907 -29.338982628854517;265.59414771311117 -391.78856371680951;320.48171824635892 306.27301630174787;-35.251054382920138 -498.75574541550174,True,319.29580890572765,11.295809905727651,7.057992445677519e-05,True,True,True,122213.66617279814,122213.66617279814,122213.66617279814,True,True,True,True,True,True,2.6114674469999954,1.9179478250000557,True
fresh_grid.csv,1302,SSA,1,500,9,13,6030,random,,308.0,grid,,473.3225072593271 79.887454817395451;292.04998251823622 329.98726903771666;-118.36279708580156 -441.44105362673537;26.404629865004935 485.95063520620533;-211.5920804760311 -146.77889654180461;169.69702241458043 6.9326221284157272;-91.987793654239312 169.66602052780027;-274.34953590208528 418.00992241218609;395.08767441197261 -232.87381859414978,True,308.0454917262476,0.0454927262475735,3.791526995908134e-05,True,True,True,119448.98719230227,119448.98719230227,119448.98719230227,True,True,True,True,True,True,2.7584514839998064,1.8968643299999712,True
fresh_grid.csv,1308,SSA,1,500,9,19,6030,random,,308.0,grid,,201.05694886622746 -159.36065361792274;50.94775348756113 -440.08943353280711;-70.188857508076794 -2.457262802253033;-330.64747084146921 -375.06281044274772;-433.38512388336278 249.16797313663562;-126.20688462533279 309.75752976322627;-377.54973168549736 -58.268313050653759;265.98392692200389 390.34780080093952;389.21614223763066 98.292402930374351,True,312.38690802422826,4.38690902422826,0.00013924894637082252,True,True,True,115848.71579773912,115848.71579773913,115848.71579773913,False,False,True,True,True,True,2.61862191299997,1.9231357140000682,False
fresh_grid.csv,1414,SLSQP,1,500,9,5,6030,random,,308.0,grid,,230.5696264047773 -434.83453498601432;327.60036017150424 154.34350286304749;475.47278365119104 -153.70682060794928;177.50673958665922 461.53786609283389;-136.50842292079105 -480.99965176796917;-20.291717508634154 156.8188521545861;-129.86857019390024 482.83962904329155;-461.40146031117962 152.25522671215151;-269.86988147923381 -180.9526225821167,True,308.11255438149936,0.11255538149936228,4.810113086048295e-05,True,True,True,123809.8458597566,123809.8458597566,123809.8458597566,True,True,True,True,True,True,3.1824470100000326,2.183334918000014,True
fresh_grid.csv,1429,SLSQP,1,500,9,20,6030,random,,308.0,grid,,52.574651158273895 191.16230238491067;-250.36358056511821 -432.2350252389021;441.51533101623534 125.72990626040148;-111.98609203286168 -156.07033572284061;-88.083573257597024 492.18013373376607;-438.95701798851439 124.35508283725716;121.33102538515425 -485.00626360353624;241.55477266335041 -133.468921785916;255.54406484570197 425.42588533384605,True,308.8936144823933,0.8936154823932725,1.0799856820776767e-06,True,True,True,123122.4342038524,123122.4342038524,123122.4342038524,True,True,True,True,True,True,3.4370173560000694,2.3106057340000064,True
fresh_grid.csv,1445,LXSSA,1,500,10,6,6030,random,,308.0,grid,,-138.06607588213996 -480.1796463506642;-415.28048401365453 120.75483390437866;291.44749972107235 -329.89149751347037;391.26281388152734 229.85634603567703;-443.38151884393682 -208.00731927134055;-179.84652087534167 431.76781692106232;157.85947605784841 468.20910424888194;-107.28198136997939 119.78179007069495;-49.531228596879636 -184.99421695626938;217.78591180016355 -27.734689325847064,True,308.0000396835173,4.068351728392372e-05,0.36540043780741166,True,True,True,129608.82419021091,129608.82419021093,129608.82419021093,False,False,True,True,True,True,2.8018561110000064,2.1372907720000285,False
fresh_grid.csv,1447,LXSSA,1,500,10,8,6030,random,,308.0,grid,,451.57272832971233 183.23329717757142;173.61825577676984 319.29653658361326;78.083965351619753 -392.22618132105953;-293.07029186423802 394.06469172976034;-88.360716801869827 157.22060425775234;-467.99324633815115 121.02873134673675;393.49877353535351 -283.97225714469243;175.35934965018552 -66.534413328820605;-376.56335133468599 -328.17171766627627;-123.69321297955381 -151.31080845614915,True,308.0000392471541,4.024715411787838e-05,0.5036207884469971,True,True,True,132849.99687765993,132849.99687765993,132849.99687765993,True,True,True,True,True,True,2.7834218089999467,2.0318693130000156,True
fresh_grid.csv,1479,SSA,1,500,10,10,6030,random,,308.0,grid,,106.65521437205933 -165.55901530331747;-101.10813784144271 62.143060093788243;391.11781623067719 23.251874115963272;95.450949018387604 490.40971689904075;26.049836928475784 -471.77536179998515;342.17664384885131 -364.57383691857711;-187.84471328399295 363.44532295408936;-341.01641363668296 -283.02188358960058;365.19020588211646 341.50528634038125;-455.02838209086127 197.15082321542667,True,308.1100390013207,0.11004000132066949,0.0010628399306281389,True,True,True,129797.13225349416,129797.13225349417,129797.13225349417,False,False,True,True,True,True,2.840621304000024,1.9869473440000434,False
fresh_grid.csv,1488,SSA,1,500,10,19,6030,random,,308.0,grid,,-2.9784895918285952 159.96243212681978;186.2377062635826 420.03915602332927;-127.68070647932771 441.59836092202772;-275.10170465844675 -12.188838170210712;338.08448178589362 140.29920543675829;366.44637360542583 -195.75729870639822;148.88388279257723 -445.73061054281038;-413.82595509819777 279.58797584083959;-386.36244408344322 -304.05060118921028;38.353740400506062 -158.24640502296165,True,308.0001311697613,0.00013216976128660463,0.5789788676577271,True,True,True,131594.40019251272,131594.40019251272,131594.40019251272,True,True,True,True,True,True,2.8829933560000427,2.0119229069999847,True
fresh_grid.csv,1773,SLSQP,1,750,2,4,6030,random,,308.0,grid,,483.2555606305433 573.55388859361699;93.364650146351565 -744.16513406626086,True,1374.1900686433064,1066.1900696433063,9.992000994097907e-07,True,True,True,28091.474739469657,28091.474739469657,28091.474739469657,True,True,True,True,True,True,2.3607372839999243,1.5223788170000034,True
fresh_grid.csv,1789,SLSQP,1,750,2,20,6030,random,,308.0,grid,,-523.02756655716496 -537.53336254527801;720.50000737684957 -207.27812825183125,True,1286.6348926220037,978.6348936220037,3.3514705367248095e-05,True,True,True,28091.474739469657,28091.474739469657,28091.474739469657,True,True,True,True,True,True,2.379332181999871,1.5101856839999073,True
fresh_grid.csv,1801,LXSSA,1,750,3,2,6030,random,,308.0,grid,,-482.1146976666052 435.96621176459433;349.58643085378895 663.5430078769167;-172.93371439948066 -729.79026990014484,True,862.2748780469292,554.2748790469292,3.7070420856034613e-06,True,True,True,42128.26969786499,42128.26969786499,42128.26969786499,True,True,True,True,True,True,1.8038660629999868,1.2187519420001536,True
fresh_grid.csv,1807,LXSSA,1,750,3,8,6030,random,,308.0,grid,,-91.012001136677924 -226.70574522615681;643.05210015558885 385.98429729104743;-659.20076860904294 351.40881878861177,True,810.589245307234,502.589246307234,8.015348601272853e-05,True,True,True,42120.16358691472,42120.163586914714,42120.163586914714,False,False,True,True,True,True,1.774492744999861,1.257413766000127,False
fresh_grid.csv,1834,SSA,1,750,3,5,6030,random,,308.0,grid,,-600.99328213980959 -448.67247242041543;709.9761780684546 -241.7308800186145;-265.92509263480633 692.64871170182073,True,1189.4892756743727,881.4892766743727,6.480490813170036e-06,True,True,True,42131.89647967902,42131.89647967902,42131.89647967902,True,True,True,True,True,True,1.7789517450000858,1.1989302259999022,True
fresh_grid.csv,1836,SSA,1,750,3,7,6030,random,,308.0,grid,,248.74778019449641 418.50714285603016;-625.27905799985319 -414.15704246156093;522.9016198026959 -537.65588789300193,True,994.6899361826743,686.6899371826743,2.914780361859448e-05,True,True,True,42130.68859805046,42130.68859805046,42130.68859805046,True,True,True,False,True,True,1.7980031419999705,1.182875832000036,False
fresh_grid.csv,1839,SSA,1,750,3,10,6030,random,,308.0,grid,,-684.70255993940566 306.07570974555807;98.734915708736352 -446.00785875857844;620.5616575573066 421.1925506234482,True,1012.0966843837841,704.0966853837841,4.3877452870015983e-05,True,True,True,42131.78911365931,42131.78911365931,42131.78911365931,True,True,True,False,True,True,1.7970310719999816,1.1888726390000102,False
fresh_grid.csv,1840,SSA,1,750,3,11,6030,random,,308.0,grid,,742.41671746591226 -106.38313627710295;-615.51877563056496 428.52842865736943;-294.63875934995849 -685.16869736008493,True,1159.0018435480506,851.0018445480506,1.6119130921448232e-05,True,True,True,42128.00605685701,42128.00605685701,42128.00605685701,True,True,True,True,True,True,1.8890862600001128,1.177868308999905,True
fresh_grid.csv,1846,SSA,1,750,3,17,6030,random,,308.0,grid,,-601.79641931073854 447.59475537678992;75.988400997230713 -657.96735458157741;671.58786520921285 333.87052932572914,True,1156.9274435863833,848.9274445863833,4.1093103416424126e-06,True,True,True,42131.58716427779,42131.58716427779,42131.58716427779,True,True,True,False,True,True,1.761025344000018,1.1893833149999864,False
fresh_grid.csv,1849,SSA,1,750,3,20,6030,random,,308.0,grid,,628.27097504962421 409.60410414501104;-740.22694234348546 84.760891885829537;-100.7269845685028 457.52336312615051,True,730.5712015325363,422.5712025325363,4.085183934673841e-05,True,True,True,42125.01698197778,42125.01698197778,42125.01698197778,True,True,True,True,True,True,1.7780415719998928,1.2320459559998653,True
fresh_grid.csv,1855,SSA,1,750,3,26,6030,random,,308.0,grid,,-689.25032691383933 -295.69234690410258;626.32076368254218 -412.57998345963108;-69.797804788718665 721.08829706575364,True,1190.6150952843361,882.6150962843361,1.6221006492538436e-05,True,True,True,42131.85310228816,42131.85310228816,42131.85310228816,True,True,True,False,True,True,1.7388304690000496,1.1907634310000503,False
fresh_grid.csv,1952,SLSQP,1,750,3,3,6030,random,,308.0,grid,,-331.22726092369538 -672.89560977790984;-310.49177193124387 400.70124055418972;736.40074107244425 142.17552741886311,True,1073.797074659249,765.7970756592489,9.7506745330611e-07,True,True,True,42126.775025086274,42126.775025086274,42126.775025086274,True,True,True,True,True,True,2.5237005589999626,1.6566574250000485,True
fresh_grid.csv,1954,SLSQP,1,750,3,5,6030,random,,308.0,grid,,-474.53928898681085 -580.78607400840838;627.13696737494342 -409.77517620581892;-80.81108606060593 742.29878759417545,True,1114.8700825650033,806.8700835650033,6.305277818464674e-07,True,True,True,42130.3493253316,42130.3493253316,42130.3493253316,True,True,True,True,True,True,2.4793121679999786,1.631433654000034,True
fresh_grid.csv,1955,SLSQP,1,750,3,6,6030,random,,308.0,grid,,640.45312007237476 -390.28079345921083;-533.88217261896079 -222.6113668678388;379.38801096910743 645.33313234445404,True,1068.012731436091,760.0127324360909,0.00046983108586825986,True,True,True,42130.940247990045,42130.940247990045,42130.940247990045,True,True,True,True,True,True,2.5220486579999037,1.6765534520000074,True
fresh_grid.csv,1958,SLSQP,1,750,3,9,6030,random,,308.0,grid,,189.58799951873783 -725.64205409272051;477.37438532883374 460.51583286542524;-526.94052535243338 -532.83708224110796,True,742.0154204090086,434.0154214090086,8.470535729211405e-07,True,True,True,42137.21210920449,42137.21210920449,42137.21210920449,True,True,True,True,True,True,2.4293407019999904,1.6694452660000252,True
fresh_grid.csv,1963,SLSQP,1,750,3,14,6030,random,,308.0,grid,,-26.29695496645256 161.23709191291246;433.16484185044055 -612.26482226477367;-468.6342626547621 -584.56354590765147,True,867.1106533462164,559.1106543462164,5.801178647539927e-06,True,True,True,42127.931575841605,42127.931575841605,42127.931575841605,True,True,True,True,True,True,2.472910214999956,1.624574239000026,True
fresh_grid.csv,1964,SLSQP,1,750,3,15,6030,random,,308.0,grid,,580.79837937300226 -474.38083949980665;-559.50115367416038 -499.45807243158737;297.81748030175743 688.22320747430967,True,1140.5752463906501,832.5752473906501,6.294680702265032e-05,True,True,True,42128.05293750449,42128.05293750449,42128.05293750449,True,True,True,False,True,True,2.3572076109999216,1.7053725260000192,False
fresh_grid.csv,1966,SLSQP,1,750,3,17,6030,random,,308.0,grid,,-216.59206439593109 -718.0444815181479;542.4982584283174 517.87608518514298;-557.17425240390457 498.50417780756197,True,1099.8431260300213,791.8431270300213,9.970353883327334e-07,True,True,True,42137.21210920449,42137.21210920449,42137.21210920449,True,True,True,True,True,True,2.4794627199999013,1.652108644000009,True
fresh_grid.csv,1971,SLSQP,1,750,3,22,6030,random,,308.0,grid,,228.15028517123787 714.4560418097567;-201.96076858859439 -721.56524739152019;-727.39937982337017 179.59231366168149,True,1043.1541995408372,735.1542005408372,8.798545425430348e-06,True,True,True,42137.21210920449,42137.21210920449,42137.21210920449,True,True,True,True,True,True,2.363929889000019,1.6221343450000631,True
fresh_grid.csv,1978,SLSQP,1,750,3,29,6030,random,,308.0,grid,,-696.53522002702334 -278.09833648645736;693.01075110702857 286.76825184229278;230.65963704889202 -510.84103916846277,True,921.9268592342237,613.9268602342237,2.670247570473293e-06,True,True,True,42128.38573929713,42128.38573929713,42128.38573929713,True,True,True,False,True,True,2.3119018630000028,1.7464735580000479,False
fresh_grid.csv,1993,LXSSA,1,750,4,14,6030,random,,308.0,grid,,-711.7586546288403 -227.4141020869661;348.37452347301661 -244.53814148150383;-210.52434720081922 680.11575190268661;554.51638626888825 504.98667605487896,True,777.3557227549687,469.3557237549687,2.391089219852438e-05,True,True,True,56171.79327469485,56171.79327469485,56171.79327469485,True,True,True,True,True,True,1.7903647719999751,1.3137290929998926,True
fresh_grid.csv,1998,LXSSA,1,750,4,19,6030,random,,308.0,grid,,549.81200044935485 510.10461011585141;267.87922687875835 -303.02064203681766;-515.26504658240526 -85.788918818480738;-323.88775783717085 643.23144989490584,True,753.721410500245,445.72141150024504,3.4933623285520295e-05,True,True,True,56139.98807327971,56139.98807327971,56139.98807327971,True,True,True,True,True,True,1.920254499999828,1.2587655069999073,True
fresh_grid.csv,2000,LXSSA,1,750,4,21,6030,random,,308.0,grid,,392.18507729648763 -406.76266063133346;-385.65674695841471 643.24855004036419;-641.21778540373089 -388.86432828304544;614.69255981213973 429.70954666458175,True,865.5607046036423,557.5607056036423,0.00011859762412566488,True,True,True,56155.41132635664,56155.41132635664,56155.41132635664,True,True,True,True,True,True,1.9553630670000075,1.3528536380001697,True
fresh_grid.csv,2010,SSA,1,750,4,1,6030,random,,308.0,grid,,-727.96823340258914 180.44971356199255;39.148867954867022 668.89094000417754;-331.0296993295637 -637.518918484133;640.63332282761507 321.01538939326753,True,694.8387929343113,386.8387939343113,0.00010235474565231561,True,True,True,56141.29320311382,56141.29320311382,56141.29320311382,True,True,True,True,True,True,1.8475000880000607,1.3302358779999395,True
fresh_grid.csv,2014,SSA,1,750,4,5,6030,random,,308.0,grid,,419.21543981658147 -621.89878866075412;-409.7504798809739 -621.76315646822923;-678.80913976366128 318.93281738040918;-164.03546560458278 247.95873993322365,True,519.6433924112922,211.6433934112922,7.514075266750296e-06,True,True,True,56140.2551499629,56140.255149962904,56140.255149962904,False,False,True,True,True,True,1.9090298090000035,1.2575149629999487,False
fresh_grid.csv,2017,SSA,1,750,4,8,6030,random,,308.0,grid,,524.08936086480765 439.97142207490356;-299.04034134383198 666.01175329202931;27.530358977169534 -710.74667741209566;-684.90851765249363 -305.61405884400227,True,819.5740305556153,511.5740315556153,0.0002473226794588991,True,True,True,56156.33937100245,56156.339371002454,56156.339371002454,False,False,True,True,True,True,1.8590255259998685,1.3306666900000437,False
fresh_grid.csv,2018,SSA,1,750,4,9,6030,random,,308.0,grid,,45.307253792711464 -747.37849034945179;747.71802346211643 -58.316271009998069;-575.7139055550457 480.68000536122838;81.616564200262644 629.33939196092854,True,673.9309754662812,365.9309764662812,0.0001552643394714105,True,True,True,56149.80994659257,56149.80994659257,56149.80994659257,True,True,True,True,True,True,1.8628677540000356,1.2637004700000034,True
fresh_grid.csv,2019,SSA,1,750,4,10,6030,random,,308.0,grid,,-277.31497901134361 696.8472656932488;-727.78588866815016 -92.974880659133518;430.77301906632385 604.73220948491678;411.43996745462363 -425.34022078193328,True,714.0544773348199,406.0544783348199,0.0001948078788725761,True,True,True,56170.43001278257,56170.43001278257,56170.43001278257,True,True,True,True,True,True,1.8547585149999577,1.3339496419998795,True
fresh_grid.csv,2020,SSA,1,750,4,11,6030,random,,308.0,grid,,61.564974794477479 -208.98272679444955;688.54747383917856 -297.32527155794241;-164.10604938379697 675.38440645991773;-676.92040852890648 -207.55137947822129,True,633.1756938825339,325.1756948825339,4.044178865822323e-05,True,True,True,56152.25598926556,56152.255989265555,56152.255989265555,False,False,True,True,True,True,1.859748012000182,1.3166757410001537,False
fresh_grid.csv,2028,SSA,1,750,4,19,6030,random,,308.0,grid,,441.89896687123735 -605.98484773236044;-621.94307911132728 408.50129850384121;-357.83613540079614 -659.13069549831198;180.87130257835102 415.04320702056435,True,801.4990423829722,493.4990433829722,1.8635556559980615e-05,True,True,True,56159.77289727161,56159.77289727161,56159.77289727161,True,True,True,True,True,True,1.9331216519999543,1.2858427470000606,True
fresh_grid.csv,2029,SSA,1,750,4,20,6030,random,,308.0,grid,,-606.49913004008431 -246.42711192402041;73.844157388239708 -347.44616062696934;531.71183792692193 528.94461023842086;-164.32500914778916 499.42669337475417,True,687.8021786455957,379.80217964559574,8.147207086292474e-05,True,True,True,56130.42807370577,56130.42807370577,56130.42807370577,True,True,True,True,True,True,1.8279361759998665,1.2710719620001782,True
fresh_grid.csv,2031,SSA,1,750,4,22,6030,random,,308.0,grid,,610.59249674372609 -435.51878856924333;59.570039736733229 -576.30662538952311;-704.43228663353841 -247.41397997763752;-471.58744947489311 583.18523661886013,True,568.7239779739879,260.72397897398787,0.0001261489715059506,True,True,True,56129.15958241785,56129.15958241785,56129.15958241785,True,True,True,True,True,True,1.8896457589999045,1.3032335699999749,True
fresh_grid.csv,2032,SSA,1,750,4,23,6030,random,,308.0,grid,,141.45344085515896 502.9234767438731;731.69307591322581 -164.6974076739871;-700.91885701995534 266.2054212947026;-170.38199936357913 -673.1900014710352,True,875.0008720013009,567.0008730013009,5.3774073219537965e-06,True,True,True,56164.141747000256,56164.141747000256,56164.141747000256,True,True,True,True,True,True,1.905026229999976,1.3247108279999793,True
fresh_grid.csv,2036,SSA,1,750,4,27,6030,random,,308.0,grid,,607.27943724078693 -399.60349127068611;77.06536026268212 135.80362818069494;-689.80170170357269 -294.39492082877553;-466.57878910715823 587.2003345609246,True,706.6172568477057,398.6172578477057,1.431224179919809e-06,True,True,True,56146.4477984354,56146.4477984354,56146.4477984354,True,True,True,True,True,True,1.8414044250000643,1.342815040000005,True
fresh_grid.csv,2039,SSA,1,750,4,30,6030,random,,308.0,grid,,19.286300779425751 49.594845555468837;-694.24760040151796 176.51188714922137;514.65906405250496 545.55069435751341;213.99805878084081 -695.40873565095922,True,700.9753052381822,392.97530623818216,0.0003261164936273199,True,True,True,56159.141634429696,56159.141634429696,56159.141634429696,True,True,True,True,True,True,1.9422785379999823,1.2579913050001323,True
fresh_grid.csv,2049,PSO,1,750,4,10,6030,random,,308.0,grid,,730.54458153003247 -96.617597752248514;-161.43890048466363 -102.31942286751286;288.16393746751402 692.43149113866821;-744.8073513916197 -79.207392393692587,True,583.8261003639734,275.8261013639734,0.00011781514183692343,True,True,True,56155.77261578213,56155.77261578213,56155.77261578213,True,True,True,True,True,True,1.934383071999946,1.3441906869998093,True
fresh_grid.csv,2143,SLSQP,1,750,4,14,6030,random,,308.0,grid,,258.83171691413656 703.90732639756152;749.46356554713509 -19.903322836597557;-746.80513044207862 -69.151345597293272;-92.377029953707009 -743.75621383496798,True,874.4263644457483,566.4263654457483,0.0001266983263147049,True,True,True,56134.01550341869,56134.01550341869,56134.01550341869,True,True,True,True,True,True,2.4278096010000354,1.713861006000002,True
fresh_grid.csv,2148,SLSQP,1,750,4,19,6030,random,,308.0,grid,,673.43056344556908 312.99122480930237;-381.82233966504623 645.53210449391941;-749.89672085099903 12.434351279098287;-356.71667170329727 -659.73717930882663,True,732.3192713639841,424.31927236398406,3.0002411247332927e-06,True,True,True,56164.35614625506,56164.35614625506,56164.35614625506,True,True,True,True,True,True,2.4659345730001405,1.7189182680000386,True
fresh_grid.csv,2153,SLSQP,1,750,4,24,6030,random,,308.0,grid,,8.5048544586785191 -725.00858696001899;-584.01968406729941 470.55392180902021;575.74260384444517 480.63885316243676;16.386080681062037 624.17871519976052,True,577.4802265005463,269.48022750054633,1.1194721539846797e-05,True,True,True,56130.409428831226,56130.409428831226,56130.409428831226,True,True,True,True,True,True,2.5506728570001087,1.6956041480000295,True
fresh_grid.csv,2165,LXSSA,1,750,5,6,6030,random,,308.0,grid,,-738.13701459334311 -131.44107991379471;-362.26587296460184 656.70622623105339;178.39939377613274 -505.63785465196469;-32.279425305495465 274.1784622022501;521.61620112892672 408.35781408452954,True,505.1915932510674,197.1915942510674,0.00024747641612318696,True,True,True,70100.86011579516,70100.86011579516,70100.86011579516,True,True,True,True,True,True,2.049696308999956,1.408226931999934,True
fresh_grid.csv,2171,LXSSA,1,750,5,12,6030,random,,308.0,grid,,-511.71977900871394 -480.70957608868019;6.6267380285459243 332.0673439519108;708.49845652326155 245.99705134623647;-704.79401741316531 256.4459607677764;214.82774845610058 -450.12251310299791,True,707.1294114177064,399.12941241770636,0.0005758165556269669,True,True,True,70141.4491918489,70141.4491918489,70141.4491918489,True,True,True,True,True,True,2.124459343000126,1.4364406209999743,True
fresh_grid.csv,2175,LXSSA,1,750,5,16,6030,random,,308.0,grid,,-509.93686765504879 -549.9626250690568;-143.55755340271136 270.78808821307177;-739.85127050032088 122.96208709469725;105.47200328221427 -705.38496409760262;650.90230459723182 264.67460831211207,True,614.3441410616151,306.3441420616151,0.00028278430432035386,True,True,True,70144.53009848371,70144.53009848371,70144.53009848371,True,True,True,True,True,True,2.02188375899982,1.3864103369999157,True
fresh_grid.csv,2186,LXSSA,1,750,5,27,6030,random,,308.0,grid,,-563.82826286277884 374.569260694207;-347.95777785447308 -412.53847236253443;65.585472355282391 289.38592001139455;680.6968376965325 149.83717064650435;85.168709095503715 -745.14806127463225,True,546.1022727785548,238.10227377855483,0.000439513236417748,True,True,True,70149.12237512707,70149.12237512707,70149.12237512707,True,True,True,True,True,True,2.018750832000024,1.3543026039999404,True
fresh_grid.csv,2193,SSA,1,750,5,4,6030,random,,308.0,grid,,-409.30851119390724 -218.76409271697662;-148.44216500243064 735.16317210634304;744.5561385020776 90.20009074820068;-650.64097896397539 373.04998642518069;313.11366485126177 129.79872734235653,True,433.25588292607284,125.25588392607284,1.708064837910206e-05,True,True,True,70084.34914563221,70084.34914563221,70084.34914563221,True,True,True,False,True,True,1.9958739060000423,1.399707109000019,False
fresh_grid.csv,2195,SSA,1,750,5,6,6030,random,,308.0,grid,,364.70432210706252 655.3553396729701;656.89444674858589 14.132424566778875;334.59082695775339 -671.2293723481074;-748.92213025244132 -20.8084575003138;-181.45544492079048 -598.10518179319058,True,521.2014024962479,213.20140349624785,7.314193180971051e-05,True,True,True,70136.35299553814,70136.35299553814,70136.35299553814,True,True,True,True,True,True,1.9135403569998743,1.3585958920000394,True
fresh_grid.csv,2198,SSA,1,750,5,9,6030,random,,308.0,grid,,20.608978134239415 -77.284755053536699;375.65661539037239 -649.13933898744131;-478.18987363135949 -577.7588888317498;749.27095185366682 -33.060962580066146;26.186712857663871 747.03926594479685,True,673.1095675203121,365.1095685203121,9.974386446425343e-06,True,True,True,70119.6803620247,70119.6803620247,70119.6803620247,True,True,True,True,True,True,2.0162470140001005,1.3864381920000142,True
fresh_grid.csv,2200,SSA,1,750,5,11,6030,random,,308.0,grid,,-374.43269764068839 649.84606497975233;633.14480218982828 246.44997995608946;-12.678846800632558 -43.013561790768421;379.69256849201781 -646.78709277721737;-577.25132513625113 -120.61871645986592,True,569.8812537057497,261.8812547057497,7.699153118461255e-06,True,True,True,70118.11331914969,70118.11331914969,70118.11331914969,True,True,True,True,True,True,2.0210786850000204,1.365444079000099,True
fresh_grid.csv,2208,SSA,1,750,5,19,6030,random,,308.0,grid,,-147.08760316563999 410.5462036090895;-427.9765530858437 -615.90256699344002;121.41235844557112 -572.73679433478867;-743.27925225393096 100.17951909434801;586.52284546497015 461.11273068672057,True,551.0820810395591,243.08208203955905,1.2415241715440062e-05,True,True,True,70122.57394421661,70122.57394421661,70122.57394421661,True,True,True,True,True,True,1.9857216949999383,1.351718457999823,True
fresh_grid.csv,2209,SSA,1,750,5,20,6030,random,,308.0,grid,,-183.71300824521347 -642.38353177190095;623.07594092189538 -417.3754182281474;-610.0873189419226 152.39776607940954;-188.0797117096898 726.03444559512434;236.37375084688099 257.64013079733724,True,632.102820758736,324.102821758736,4.901720333487901e-06,True,True,True,70113.47655377889,70113.47655377889,70113.47655377889,True,True,True,True,True,True,1.987825337000004,1.3655901439999525,True
fresh_grid.csv,2210,SSA,1,750,5,21,6030,random,,308.0,grid,,638.31907936429047 393.76201793388844;373.87244901294741 -119.69660771900007;-377.55169495766165 647.15420055380821;-637.28762043219501 -395.42909478443607;162.54639608728269 -618.15239206243734,True,541.4026870921238,233.40268809212375,0.0001517681196244448,True,True,True,70147.7669678159,70147.7669678159,70147.7669678159,True,True,True,True,True,True,2.0118371380001463,1.3517324209999515,True
fresh_grid.csv,2213,SSA,1,750,5,24,6030,random,,308.0,grid,,3.0418857360377145 406.25625651780672;-626.87196994700446 90.260230272735981;671.46686277694198 -242.65029362105992;214.77614786809224 -407.3838611707377;-314.23894487910241 -680.99476044645735,True,485.4931074295499,177.49310842954992,1.5510493883790332e-05,True,True,True,70108.09123472856,70108.09123472856,70108.09123472856,True,True,True,True,True,True,1.9896720169999755,1.387235247000035,True
fresh_grid.csv,2219,SSA,1,750,5,30,6030,random,,308.0,grid,,-321.3392549122633 -677.67321781190833;606.23173291683577 -260.50872000212786;-675.24245338663661 -61.966201460703076;149.66393008518907 -283.9349654208014;381.79035266849093 544.5481036832474,True,457.16840174812313,149.16840274812313,6.307525939316838e-05,True,True,True,70156.23547173198,70156.23547173198,70156.23547173198,True,True,True,True,True,True,2.2164671939999607,1.3771422350000648,True
fresh_grid.csv,2310,SLSQP,1,750,5,1,6030,random,,308.0,grid,,-413.68538520636713 548.02760058992078;-28.828690604996606 -749.44573313216711;613.61595561427373 -426.74675032109207;-718.24954935665562 -214.91108144554843;310.76336108696614 682.23000750471363,True,718.936545853044,410.936546853044,7.919933321099961e-07,True,True,True,70136.12995030191,70136.12995030191,70136.12995030191,True,True,True,True,True,True,2.77781288999995,1.8663035719999925,True
fresh_grid.csv,2314,SLSQP,1,750,5,5,6030,random,,308.0,grid,,-52.659174929894945 748.0450656116077;198.84391728670124 12.896620514526601;-453.3135171894354 49.649639698511962;402.81975122369471 -632.64221663837918;-597.67962850828792 -453.07722653646164,True,523.044812737651,215.044813737651,5.016730745208042e-05,True,True,True,70098.30061243319,70098.30061243319,70098.30061243319,True,True,True,True,True,True,2.607604697999932,1.834575690999941,True
fresh_grid.csv,2315,SLSQP,1,750,5,6,6030,random,,308.0,grid,,-596.56846278534715 421.31382240793164;-391.82178759476437 -16.196348669119491;-585.12380446997554 -469.18011499167301;591.3692425695026 111.52881165780758;97.187914259060562 -240.38193429068744,True,483.0490149016646,175.04901590166457,0.00010309266190486232,True,True,True,70027.45942028066,70027.45942028066,70027.45942028066,True,True,True,True,True,True,2.58862615299995,1.7369406210000307,True
fresh_grid.csv,2337,SLSQP,1,750,5,28,6030,random,,308.0,grid,,-100.84374278014423 421.19076169880668;212.9676115599182 -705.61746943913408;-400.74065433464813 632.80080604966918;-401.04324107215888 -618.13807155247775;246.79128660645537 708.23296743962192,True,367.0381021503135,59.038103150313475,8.41245365588984e-05,True,True,True,70086.14816831378,70086.14816831378,70086.14816831378,True,True,True,True,True,True,2.767962997000041,1.8313482229999636,True
fresh_grid.csv,2363,LXSSA,1,750,6,24,6030,random,,308.0,grid,,64.670424075684721 149.07532318557153;-473.94689480462938 187.30803370244627;358.66788016424266 -280.82741856903317;-114.97180064532846 740.41836690060995;344.6008711474924 666.14528947159113;-474.11187159743287 -577.15484415442927,True,465.5357458773374,157.53574687733737,0.0004629462752089021,True,True,True,84058.28556384513,84058.28556384513,84058.28556384513,True,True,True,True,True,True,2.1396167370000967,1.5425710080000954,True
fresh_grid.csv,2369,LXSSA,1,750,6,30,6030,random,,308.0,grid,,487.15124777744342 -489.90639701377853;-510.04364701722284 461.33572389499835;83.76836945451133 93.382522040519035;-702.45465938635232 -262.78758855182872;-113.58000664408894 -413.96590123055438;742.92780537118585 100.1814186231254,True,544.3792833534345,236.3792843534345,9.087301771412603e-05,True,True,True,84077.37778537354,84077.37778537354,84077.37778537354,True,True,True,True,True,True,2.1329966830001013,1.4753439849998813,True
fresh_grid.csv,2379,SSA,1,750,6,10,6030,random,,308.0,grid,,715.97250446194755 223.34533276180366;-616.98647224356569 395.76470517013962;-65.445187713135411 427.80080204236839;-411.42343754090092 -94.920502660397773;296.65075207415856 451.96763079515677;-59.794811093929333 -702.73261218300127,True,362.9015089833744,54.90150998337441,0.00015779202022056415,True,True,True,84066.70667312908,84066.70667312908,84066.70667312908,True,True,True,True,True,True,2.262698414999932,1.5165881929999614,True
fresh_grid.csv,2380,SSA,1,750,6,11,6030,random,,308.0,grid,,213.54526191918771 -204.48716584828495;726.8421277261657 184.93277800903871;-224.31775718776717 -610.38030587625644;-723.99202380768281 176.92901169709251;494.81082195684502 -563.61527474183515;37.955474611643012 379.26806391218145,True,456.16149975721834,148.16150075721833,4.93680529441699e-05,True,True,True,84036.03553046621,84036.03553046621,84036.03553046621,True,True,True,False,True,True,2.285056768000004,1.5384949010000355,False
fresh_grid.csv,2381,SSA,1,750,6,12,6030,random,,308.0,grid,,726.46154585798195 -129.26512373760966;-487.22956385608302 570.18175553953176;-15.445851993106485 -682.79834282761158;-271.59957150516408 -145.89990258991281;-13.821316565317169 470.26205438338042;-597.78952570579349 -452.9322470161926,True,447.96065312179644,139.96065412179644,4.27128712797421e-05,True,True,True,83886.49703684746,83886.49703684746,83886.49703684746,True,True,True,False,True,True,2.2046620659998557,1.4590567069999452,False
fresh_grid.csv,2387,SSA,1,750,6,18,6030,random,,308.0,grid,,714.14494609934695 -229.12175133460588;20.359784860764528 -646.74669398136007;-178.01161832143424 103.54551607868846;-613.89746728985756 280.47957971885245;13.514549135108025 749.05981361867669;442.28971779834978 97.651662987518364,True,425.07191093075767,117.07191193075766,0.0001470174300973449,True,True,True,84036.64727276677,84036.64727276677,84036.64727276677,True,True,True,True,True,True,2.1732719759997963,1.568493849000106,True
fresh_grid.csv,2389,SSA,1,750,6,20,6030,random,,308.0,grid,,-475.99062929448229 -339.88891091608161;-204.51196112024388 721.57765569030857;-695.19109220606617 102.43823826229851;380.1700156826189 -150.03904518772569;728.94323079556784 -176.46994745252181;176.25831131334652 329.56290374674154,True,349.7732811047101,41.77328210471012,8.361562038569536e-05,True,True,True,84061.43218787524,84061.43218787524,84061.43218787524,True,True,True,True,True,True,2.1425904889999856,1.4934306600000582,True
fresh_grid.csv,2390,SSA,1,750,6,21,6030,random,,308.0,grid,,261.72944635860608 -85.502081158670975;466.03668393063236 587.63061094422051;21.590025071460733 387.49511077044855;42.481764254114879 -670.362693250451;-746.2882796968911 -67.479983745316773;-348.69935552475789 -603.93724085758822,True,396.780807495838,88.78080849583802,5.054150961111736e-05,True,True,True,84027.98141994157,84027.98141994157,84027.98141994157,True,True,True,True,True,True,2.008183062999933,1.450247531000059,True
fresh_grid.csv,2394,SSA,1,750,6,25,6030,random,,308.0,grid,,101.67244999177331 -456.96638231594005;-273.62168531820186 332.26748771775618;431.73340733334356 -69.020191707573673;687.88877219610663 298.84614454105485;-634.74228518881705 -261.45863272048024;81.390245518252954 745.57029263789184,True,448.26466768301543,140.26466868301543,1.3652986697503366e-05,True,True,True,84039.12045162966,84039.12045162966,84039.12045162966,True,True,True,False,True,True,2.040822955000067,1.4624003720000474,False
fresh_grid.csv,2397,SSA,1,750,6,28,6030,random,,308.0,grid,,1.8651326736208889 -460.00418082031911;-410.8168944530214 624.73313466353989;360.47331426605433 -536.92155629793194;26.073326847296606 656.97161658744233;690.03028689118548 -293.86762401195853;-683.75884796997138 -61.016687650325984,True,366.7643801616997,58.7643811616997,1.615362305326562e-05,True,True,True,84078.51077683004,84078.51077683004,84078.51077683004,True,True,True,True,True,True,2.1941500460000043,1.4909987210000963,True
fresh_grid.csv,2398,SSA,1,750,6,29,6030,random,,308.0,grid,,271.19667390813584 698.56305098904306;683.60540513985461 120.26898325626833;-675.77923503632644 257.07228703491029;268.51205392495865 -410.6935862792829;-493.09028113987 -208.75839964534217;-333.74961441384846 -671.64810274047147,True,489.54706137836234,181.54706237836234,1.497582184381463e-05,True,True,True,84047.17604699309,84047.17604699309,84047.17604699309,True,True,True,False,True,True,2.059883121999974,1.520914090000133,False
fresh_grid.csv,2495,SLSQP,1,750,6,6,6030,random,,308.0,grid,,722.14283376380263 -202.50778120240238;-749.60360348095799 -19.748486198924809;458.24378366003219 580.42062363096682;-172.38890240886212 729.91919316563792;74.619530753143422 -231.17346246817394;258.05816957325243 -704.00530799478884,True,507.16830377723625,199.16830477723624,2.6183128400385613e-05,True,True,True,83983.0184683335,83983.0184683335,83983.0184683335,True,True,True,True,True,True,2.796509505999893,1.9655991749999657,True
fresh_grid.csv,2501,SLSQP,1,750,6,12,6030,random,,308.0,grid,,446.30099827973055 -100.80771932462058;-626.76135871201393 52.308863282703513;-88.372775338930026 -66.772252817562929;-443.77752327800448 -603.88230602231408;255.90631854372302 -643.76851634436593;218.18644936287515 717.56159362537755,True,535.7559679331363,227.75596893313627,2.2778820268991695e-05,True,True,True,84055.77412806227,84055.77412806227,84055.77412806227,True,True,True,True,True,True,2.636476924999897,1.8326856569999563,True
fresh_grid.csv,2531,LXSSA,1,750,7,12,6030,random,,308.0,grid,,-735.58962104056627 -146.31409200384428;71.958400906668658 -627.91409173387183;269.1717876433791 -101.23616487629273;-356.31933069900657 -115.26345934205148;-620.57495512464675 216.8032531252841;-180.04765376721008 296.41945028957502;469.57220839782445 353.58924270632315,True,380.5392160138934,72.53921701389339,6.493232717982755e-05,True,True,True,97910.51690368376,97910.51690368375,97910.51690368375,False,False,True,True,True,True,2.3889654170000085,1.5806636550000803,False
fresh_grid.csv,2534,LXSSA,1,750,7,15,6030,random,,308.0,grid,,-223.0891017454901 -116.19896622697333;-61.562849779129969 299.13227426145886;200.55292008114444 -374.38879119101347;-455.61833474973366 -595.74478680797893;627.67042432484448 -399.26715831090576;-747.28177770208026 -63.414054150167424;-468.49004451198442 511.95640740733865,True,427.8414374297086,119.8414384297086,5.568733229463396e-05,True,True,True,97890.39319814109,97890.39319814107,97890.39319814107,False,False,True,True,True,True,2.252429679999977,1.6042358140000488,False
fresh_grid.csv,2548,LXSSA,1,750,7,29,6030,random,,308.0,grid,,60.82576174351739 747.52941304485262;-125.46911146516786 -273.29876872512932;-280.62178743301592 125.84760700976295;35.009404011083056 -698.50380703384656;471.76278374485975 -420.61385858250895;-329.54000818119988 -673.72323908755345;27.605145270305133 181.59136327837783,True,313.22708760040587,5.227088600405864,3.227426080025907e-06,True,True,True,97306.0993277778,97306.0993277778,97306.0993277778,True,True,True,True,True,True,2.144695535999972,1.6206734459999552,True
fresh_grid.csv,2553,SSA,1,750,7,4,6030,random,,308.0,grid,,272.87582481246613 -642.14469082878611;-32.527961981404168 -91.787074187131722;-205.10472165318387 379.9818268558314;238.76128428773771 663.01330749029842;-404.79094598418322 -164.43446678713775;559.82870512288059 379.0971777700442;-691.41037396188892 290.60527347638288,True,379.2853449716094,71.28534597160939,0.0001808704199700296,True,True,True,97957.7408906968,97957.7408906968,97957.7408906968,True,True,True,True,True,True,2.241537419999986,1.6352659830000675,True
fresh_grid.csv,2557,SSA,1,750,7,8,6030,random,,308.0,grid,,-143.36147472449707 -325.39042069920788;-145.80012386848645 508.62940668543138;-322.87485553377343 120.097121068878;286.64045683829175 -692.92613717084839;-707.76040670156658 248.14328262639023;274.30536723753585 410.9234655294959;593.81510631185836 455.75728405445085,True,322.6399613297619,14.639962329761886,7.966202588502346e-05,True,True,True,97948.38844256142,97948.38844256142,97948.38844256142,True,True,True,True,True,True,2.4171721669999897,1.6339222059999656,True
fresh_grid.csv,2570,SSA,1,750,7,21,6030,random,,308.0,grid,,423.79713954440996 -31.256160765346579;-560.04125729333521 -163.30878423797884;-276.73778652413648 670.54405845107044;-90.611876404135387 63.513576111224566;-696.5250319460132 278.12307002503388;574.05026178495598 -482.66580201475944;87.061261562775002 -598.46899054391997,True,462.04967557777235,154.04967657777235,1.4673381886292191e-05,True,True,True,97927.48667273186,97927.48667273186,97927.48667273186,True,True,True,False,True,True,2.2229718359999424,1.6001031480000165,False
fresh_grid.csv,2571,SSA,1,750,7,22,6030,random,,308.0,grid,,-386.95991812216693 337.99074541084593;439.75186449023937 -450.14779580043194;619.41054959472376 422.8832549900161;-280.32553760679872 650.00880851937575;270.9536072721092 -7.0803753547369679;602.38552820622056 -129.49402232503155;-109.13729932325511 24.362576858350209,True,329.73650512779875,21.736506127798748,0.00021679990516329417,True,True,True,97416.72051787186,97416.72051787186,97416.72051787186,True,True,True,True,True,True,2.30958141799988,1.712771183999962,True
fresh_grid.csv,2572,SSA,1,750,7,23,6030,random,,308.0,grid,,660.30855158629379 -4.7661434425424956;424.81685746081075 -576.4111156012234;-677.83795638672211 46.509733848440028;-349.69559465927659 496.33334012600955;-359.93690012848572 -485.90236864873293;97.717016543703295 -269.53109564838536;400.21896172813348 634.29066156016722,True,448.51940044356087,140.51940144356087,9.388721923894627e-05,True,True,True,97986.35418977484,97986.35418977484,97986.35418977484,True,True,True,True,True,True,2.319090114999881,1.6015262019999454,True
fresh_grid.csv,2575,SSA,1,750,7,26,6030,random,,308.0,grid,,-286.99844550793409 216.15687563209497;345.976531448451 -592.12801964730033;-511.94446937546797 -243.44744288525149;-35.05842857778736 559.74061382760078;-23.444449801991659 -409.68629895531831;351.85667393064182 237.19533112174531;652.64691442698836 -369.52920955484791,True,378.9418874323324,70.9418884323324,0.00011324980892166058,True,True,True,97917.36767020304,97917.36767020304,97917.36767020304,True,True,True,True,True,True,2.3997985829998925,1.6473464839999679,True
fresh_grid.csv,2579,SSA,1,750,7,30,6030,random,,308.0,grid,,-197.15399344862286 93.495395994991128;580.08046021122334 -416.26302855656655;568.32281736804077 489.39671100312108;-646.89735487557391 196.38506062634872;29.176452765915094 588.62249242318774;-484.41856906639168 -382.18236599875968;372.06500444208842 103.40588982576804,True,433.0196798849279,125.01968088492788,2.4012120436760598e-05,True,True,True,97979.7249902364,97979.7249902364,97979.7249902364,True,True,True,True,True,True,2.3417673079998167,1.6064856000000418,True
fresh_grid.csv,2672,SLSQP,1,750,7,3,6030,random,,308.0,grid,,357.50101324630828 135.70318885199177;-748.18084998409199 35.043936346761001;-311.77612090456893 49.795828437732204;-286.14378418657986 593.69843250783538;50.823041637377578 -748.27597180381542;71.781204928196871 661.86079519423265;-365.42183559338343 -593.05430176267339,True,364.35752430793167,56.35752530793167,5.997318965253362e-05,True,True,True,97329.25924528096,97329.25924528095,97329.25924528095,False,False,True,True,True,True,2.74238638099996,1.9776198270000123,False
fresh_grid.csv,2730,SSA,1,750,8,1,6030,random,,308.0,grid,,131.7878857373023 52.354299415580698;-365.25700095973787 -394.06117446765143;525.8776845575203 534.74517307352187;-734.8784211985942 -80.699088121169638;-358.48587661322136 593.91479363283861;183.35093048315844 607.01752273449586;464.43252683939335 -434.63647678979493;-132.31357217966647 236.83901217998653,True,322.15553591027077,14.155536910270769,0.00017483934709869208,True,True,True,111340.47792570684,111340.47792570683,111340.47792570683,False,False,True,False,True,True,2.5669495500001176,1.7723182040000438,False
fresh_grid.csv,2732,SSA,1,750,8,3,6030,random,,308.0,grid,,437.64089273617714 75.792159754363169;230.22209565409764 -235.28953970284999;581.70351063218789 454.69976668560548;-276.7181686734661 -634.46478358658931;-288.35418064695989 260.24093104172755;-115.18578118398094 -190.4807963828018;749.38910348232753 -30.260735699860824;226.25611619231734 582.96237116272709,True,329.29343075386544,21.293431753865434,0.00017397125771165156,True,True,True,111684.3183454685,111684.3183454685,111684.3183454685,True,True,True,True,True,True,2.666749958000082,1.7646698270000343,True
fresh_grid.csv,2750,SSA,1,750,8,21,6030,random,,308.0,grid,,-143.69332401667137 -252.02026186644218;225.36546936657552 197.10556540446285;-306.78970290223731 -661.35278346358302;-80.339814799271892 418.84194894877601;407.37560955479938 627.02726805863847;524.78784360345719 -535.81492949088124;-582.94800950887077 -351.36470415947855;609.38693645123078 234.3560307072344,True,377.6542659023359,69.6542669023359,5.4693812105848335e-05,True,True,True,110905.1734822133,110905.1734822133,110905.1734822133,True,True,True,True,True,True,2.445555402000082,1.85246126800007,True
fresh_grid.csv,2752,SSA,1,750,8,23,6030,random,,308.0,grid,,25.49364104345112 -546.58763289202477;-426.67273352431948 593.27529573937545;456.71202933953163 415.08342930191139;730.73374658362627 168.89021018865324;-125.10238884176601 -163.13594064592388;-691.71796935041607 -31.255269188134207;237.28224102532354 -51.984646368187477;24.637917233228194 749.59520214487816,True,368.37345542092373,60.37345642092373,4.970525199292751e-06,True,True,True,111665.23616296364,111665.23616296364,111665.23616296364,True,True,True,False,True,True,2.3965958750000027,1.7757818159999488,False
fresh_grid.csv,2754,SSA,1,750,8,25,6030,random,,308.0,grid,,544.4880131439204 -216.08368123313031;-498.55302435982372 282.83091138272982;-139.80503132482713 -186.42407171715627;77.168340714982051 -641.79482439868093;101.21186938676725 741.55316848865061;402.53587345880936 632.82274172244763;78.022421181600407 154.88020401898379;722.842786432406 199.54196899757781,True,320.341163659572,12.341164659571973,0.0001664251100262627,True,True,True,110903.94964458396,110903.94964458395,110903.94964458395,False,False,True,True,True,True,2.504421387000093,1.7409663419999788,False
fresh_grid.csv,2756,SSA,1,750,8,27,6030,random,,308.0,grid,,306.94388181695075 631.08992173110266;-709.85492196020721 -55.417373976645393;311.52319267509438 -188.29690341608475;6.7181914360895094 -749.96984965384763;616.5321654746698 359.03696092529299;-402.80491893280447 335.78023994836212;-169.84872280905304 -268.95731117740473;2.3880927499063982 290.55678178910216,True,407.70888865020805,99.70888965020805,6.134267789800651e-05,True,True,True,111729.9442612716,111729.94426127161,111729.94426127161,False,False,True,True,True,True,2.364037952999979,1.6801152150000007,False
fresh_grid.csv,2759,SSA,1,750,8,30,6030,random,,308.0,grid,,-330.97174035558777 457.74148438699211;-95.563476818576021 -251.3793330533631;-305.31781875250005 -685.04076274181091;366.4983435378669 80.723048174339269;-587.96837294077329 -446.2830055536524;164.45153509317802 730.32016993360969;734.47804900653011 151.70476086594655;156.50557612526117 -727.84628074431816,True,369.9954086207796,61.99540962077958,0.00012295623219213303,True,True,True,111916.51087190377,111916.51087190375,111916.51087190375,False,False,True,True,True,True,2.288664153000127,1.7331809629999952,False
fresh_grid.csv,2862,SLSQP,1,750,8,13,6030,random,,308.0,grid,,-481.90864289308263 -517.41069504954078;-59.199782877224273 -606.90747734784065;-719.19467056499764 -171.44700780426493;-256.35515367925262 363.82625405889968;599.33925340559358 324.11847594999699;737.09899756209722 -136.35606365491574;-382.9396134325122 644.86882798831004;381.49059860316123 643.55729384435688,True,308.23457595132425,0.23457695132424305,0.0009657693815395542,True,True,True,111222.86780746588,111222.86780746587,111222.86780746587,False,False,True,True,True,True,3.025896608000039,2.057191547000002,False
fresh_grid.csv,2894,LXSSA,1,750,9,15,6030,random,,308.0,grid,,224.52250908040335 287.2522834356833;492.15736257983883 469.63664123027291;-135.78244002162339 -732.06221318445409;666.28028983266029 -14.455857907720212;-726.935129432483 183.82723731586367;200.88103515731504 -722.59719727912557;81.95414158088289 -401.70424095597826;-395.24766619442596 305.13921046884428;-205.44417990130583 696.85437337226858,True,323.8710681363947,15.87106913639468,6.779898831407627e-05,True,True,True,125119.70541857855,125119.70541857855,125119.70541857855,True,True,True,True,True,True,2.548130722000224,1.8511903369999345,True
fresh_grid.csv,2898,LXSSA,1,750,9,19,6030,random,,308.0,grid,,719.60146812328639 99.054195179198516;-450.6922329019589 137.91917120221947;355.05880888802557 32.522610926674325;570.67890638945414 -328.80485119273891;-49.656274070529562 748.35427827730643;-213.59338841793578 -541.64076972243288;138.40797454134469 341.14505641708888;131.62929945051511 -607.00684693803009;567.44541200180231 432.45990114572777,True,351.3565543286097,43.356555328609716,8.675299432322936e-05,True,True,True,125258.73742904818,125258.73742904818,125258.73742904818,True,True,True,True,True,True,2.6478790619999018,1.911994320999952,True
fresh_grid.csv,2908,LXSSA,1,750,9,29,6030,random,,308.0,grid,,526.18734816583788 217.76112463062773;675.08048547327394 -213.66711339438575;-94.705046035656565 743.99650846856491;-175.77631209929615 -296.47845391056148;-327.29782423360001 122.44830754613623;34.718291492016171 -660.16031557475378;341.51703691249321 -376.20780872736623;-329.86644450664909 -623.28785308073941;157.42567193026991 153.10505670447523,True,361.31447838591833,53.31447938591833,0.00010076131912026176,True,True,True,124933.03947437277,124933.03947437275,124933.03947437275,False,False,True,True,True,True,2.486538976000247,1.8911418410000351,False
fresh_grid.csv,2912,SSA,1,750,9,3,6030,random,,308.0,grid,,420.22307695503679 -149.38547259945781;120.64802471874098 45.16780300212438;183.71338619900229 445.47113566522665;-715.43801731410019 -7.1596899380092243;-141.9394482867763 -583.24386475818062;-444.94999165106282 567.75298782269829;571.06943524794974 -484.96780055152118;174.11397690180175 -729.50961239176138;-145.86432067621101 465.43510216677265,True,316.10312922775125,8.103130227751251,3.331697462524607e-05,True,True,True,124553.61994083993,124553.61994083993,124553.61994083993,True,True,True,True,True,True,2.8921535219997168,1.847242422000022,True
fresh_grid.csv,2913,SSA,1,750,9,4,6030,random,,308.0,grid,,-7.7877080409057262 300.25840598693878;-321.16129021606883 404.99358895135225;-154.7642790305074 733.8582066363939;-72.440519583185932 -359.75776299245996;508.16159550455916 -349.17792554860392;344.57635087364395 118.7918111158713;367.83995055216326 579.25877317998663;252.33562444869958 -701.98320059078105;-322.52808698135334 -637.48406977620732,True,330.4125611351404,22.412562135140377,0.00010132572879481449,True,True,True,123701.42204847054,123701.42204847054,123701.42204847054,True,True,True,True,True,True,2.6956973920000564,1.8419386529999997,True
fresh_grid.csv,2915,SSA,1,750,9,6,6030,random,,308.0,grid,,589.07418214839174 -447.12944709169892;-384.56171196876028 -225.21908305311246;194.60636827520349 611.0613267388585;-389.76216871685904 638.395900536049;4.1204069393050036 -41.43803878262873;-208.74981155914355 -720.36344877811871;-196.80830934124836 243.40654128563676;212.32435398336358 -690.4027258482073;-558.80042972637034 175.86648900749455,True,348.5811007791696,40.581101779169614,1.289234467346978e-05,True,True,True,125391.6050383745,125391.6050383745,125391.6050383745,True,True,True,True,True,True,2.7304501939997863,1.7962894660000188,True
fresh_grid.csv,2917,SSA,1,750,9,8,6030,random,,308.0,grid,,-639.85870014849297 220.06175790155422;280.24851079808002 -687.4518036504038;-212.70639792204844 -719.2050245539391;47.025357665138863 107.23978575881655;-212.00666152780457 432.6976894946622;-432.43879382562801 -311.58260560958291;536.47634369178661 227.15641938635159;731.7512344167543 -164.43821788256224;301.51007103152227 510.72431640645181,True,368.26607433791645,60.26607533791645,8.16262677315317e-05,True,True,True,125795.91305507252,125795.91305507252,125795.91305507252,True,True,True,False,True,True,2.69593156000019,1.8107583639999802,False
fresh_grid.csv,2920,SSA,1,750,9,11,6030,random,,308.0,grid,,-221.454117466268 -130.0742063061023;597.39276742977518 -66.463482793889057;-697.55062049240553 269.45300770606394;-330.1015172724176 -673.44849695766663;199.0060613141726 626.14486917702106;346.97376181766953 -594.64273527647049;-567.25639907433413 -110.98851696151107;193.45762620940965 -265.77150592778457;-187.02577733398988 604.25031405314712,True,346.3285744825317,38.328575482531676,7.449327529482252e-05,True,True,True,124827.01709650016,124827.01709650017,124827.01709650017,False,False,True,True,True,True,2.6587705189999724,1.8728793440000118,False
fresh_grid.csv,2926,SSA,1,750,9,17,6030,random,,308.0,grid,,-110.36547764344083 427.36227931532869;338.830887306882 236.95671931716015;279.25552691272759 -384.8128583855559;-537.78651974947343 94.190963880836406;-152.72180396822682 17.839262114306777;91.954080343278974 -744.34159975684872;-179.11955056010572 -507.84361543344448;-85.179851403933199 745.1471505969289;-399.39200406877967 -196.56291551886173,True,318.7813360040694,10.781337004069371,2.098642494527303e-05,True,True,True,123088.33405365056,123088.33405365057,123088.33405365057,False,False,True,True,True,True,2.5568300760000966,1.8860475570000972,False
fresh_grid.csv,2928,SSA,1,750,9,19,6030,random,,308.0,grid,,393.58823756599151 638.42599973874826;276.053569565494 -300.92519117494277;25.81238922593662 702.51649057972088;302.95093601469705 178.4664810405005;-354.60055547581521 -596.51331399841888;-578.20310810604565 177.78920602544193;6.1895379494017995 30.194271177869016;648.09272119290119 -367.53248394691065;-472.83733530358654 479.37058546679594,True,319.4577820370156,11.457783037015588,0.0003624049379621065,True,True,True,124238.71154913596,124238.71154913597,124238.71154913597,False,False,True,True,True,True,2.763313165,1.8352927720000025,False
fresh_grid.csv,2930,SSA,1,750,9,21,6030,random,,308.0,grid,,-527.12092921331555 46.805667527543932;134.44816998909931 -623.63224116960407;-665.35054527181012 329.43380753490101;-293.95916945292424 -315.10122390366445;309.47471058151814 -233.72653683946967;644.34329786383103 291.90369562857029;578.59082725102348 -477.21332675395985;610.22059019131063 -90.335406299554819;-293.81590900301933 499.18014488126153,True,314.62055285644806,6.620553856448055,6.459293251989584e-05,True,True,True,124635.22486674378,124635.22486674378,124635.22486674378,True,True,True,True,True,True,2.5082155299996884,1.876980822000064,True
fresh_grid.csv,2931,SSA,1,750,9,22,6030,random,,308.0,grid,,472.56167220441404 546.80692040722408;-150.83987814681572 -158.55462643801977;178.85555894423788 687.14402454761012;7.752802334549032 296.51199490092864;181.63801295637799 -63.926754163217446;325.62742212431209 232.72827908351402;-573.25948529759171 -60.030803712530734;-465.00201363863994 -588.44964455960587;-330.73638911526467 499.43645538488249,True,324.2107899345164,16.21079093451641,9.641979522964538e-05,True,True,True,124254.8729784375,124254.8729784375,124254.8729784375,True,True,True,True,True,True,2.699706038999921,1.908817010000007,True
fresh_grid.csv,2939,SSA,1,750,9,30,6030,random,,308.0,grid,,-712.92805754872154 -216.06907711129347;-82.626117555363265 304.78151154907215;34.422702852085401 626.73410784320151;-377.79612600490969 647.89665673635102;-380.92439215846611 -97.064148021708334;617.24821527421841 -346.92951949004197;-191.99957907515972 -484.60516497418109;299.76933293891557 -408.68180253553339;730.76691734731162 -31.357565151417774,True,323.4287946213255,15.428795621325492,7.24369420165749e-06,True,True,True,125016.40382614073,125016.40382614073,125016.40382614073,True,True,True,True,True,True,2.662738626999726,1.878998206999995,True
fresh_grid.csv,3035,SLSQP,1,750,9,6,6030,random,,308.0,grid,,-284.78269395950247 -29.670464597096228;342.69038646780319 667.12380081825017;494.6237684520641 -562.90882981090249;115.59641158256954 14.016972664469469;713.07199397764703 227.3129608059588;-100.18081082647076 -531.43216371217841;-77.457905961281185 745.71567707909469;150.79645042015869 -734.68313261189883;-689.50113479589766 295.10644318838035,True,322.9559443972722,14.955945397272217,0.00024920262285629726,True,True,True,124332.28116178577,124332.28116178577,124332.28116178577,True,True,True,True,True,True,3.325683793999815,2.2757302959999777,True
fresh_grid.csv,3041,SLSQP,1,750,9,12,6030,random,,308.0,grid,,727.40662768596633 -128.45787740183437;-726.15773288115395 61.763968054004948;-508.19907479588204 550.07923839150953;-278.33259381158371 271.59084653167838;-552.85479310934261 -506.72314627050304;19.004524732135788 -749.75917007902751;30.853994264500542 749.36487808150503;-284.86385157402782 -693.788390724642;432.59668145318619 416.31137552158896,True,308.98012599596365,0.9801269959636443,1.0948075785359834e-05,True,True,True,125210.93090790365,125210.93090790365,125210.93090790365,True,True,True,True,True,True,3.1284201739999844,2.2192426149999847,True
fresh_grid.csv,3048,SLSQP,1,750,9,19,6030,random,,308.0,grid,,161.76135917048404 -14.759433843372898;520.40301666490598 20.701276568237333;-325.34385868150184 -675.7586117933771;-476.71355850695039 579.00260304702874;160.24156572917548 -732.45403111822657;458.23023119370197 -593.73790026896722;-738.15383283258166 -132.77160897152794;13.685895061283569 749.87500070478893;-178.17255164201569 485.13904181342224,True,312.9490388344147,4.949039834414691,0.00011353361196850164,True,True,True,124202.54879971016,124202.54879971016,124202.54879971016,True,True,True,True,True,True,3.334379644999899,2.263150347000021,True
fresh_grid.csv,3068,LXSSA,1,750,10,9,6030,random,,308.0,grid,,478.89645621988524 543.01602537385679;681.31786768594986 -177.35502339743684;-246.57941885107314 45.421457308399482;-468.85204119822953 -510.57494625449795;-722.37837652334747 -197.08594692919576;-681.21905006280224 313.75227099774457;142.90099946503472 228.27577170784426;-59.568556884783611 -543.84285552035976;351.11014673179551 -545.62871046991688;-123.44705661367962 410.64175190098723,True,322.7981377094914,14.798138709491411,7.98501982924572e-05,True,True,True,138644.83938810095,138644.83938810095,138644.83938810095,True,True,True,True,True,True,2.726721556999564,1.9032500760000062,True
fresh_grid.csv,3080,LXSSA,1,750,10,21,6030,random,,308.0,grid,,-698.64748281306697 -231.58298811413599;-269.55134654868971 342.88700250468344;690.10207984089254 232.26327486495552;-395.83572731301655 -546.37866900501342;55.190308442711412 -482.49844207952856;576.86566972722733 -54.166699002246283;1.0714180302324017 663.77875622940201;458.34905586391363 -375.78277938354989;-202.85829685408032 -265.9035902864988;177.32831460500392 254.3518039758778,True,308.0009975714301,0.0009985714301024018,13.970799388469688,True,True,True,137549.25689825567,137549.25689825567,137549.25689825567,True,True,True,True,True,True,2.743254085999979,1.9600892720000047,True
fresh_grid.csv,3088,LXSSA,1,750,10,29,6030,random,,308.0,grid,,-556.28715574625028 -502.79984833177843;105.4502811959365 30.726172317139174;-362.42806332671603 -224.01875716729856;240.42900130178847 -334.85160695425969;669.69912417782962 -109.60273470372007;-347.08040403595152 258.40633372934832;104.11805288485341 742.73771143043984;-694.77424381284732 -27.903256218144367;462.4272542576486 405.29345127263366;-85.880098363238076 -678.21156334309489,True,339.5588969598405,31.55889795984052,8.305503081626375e-05,True,True,True,138601.014418584,138601.014418584,138601.014418584,True,True,True,True,True,True,2.775042013000075,1.968540527000016,True
fresh_grid.csv,3090,SSA,1,750,10,1,6030,random,,308.0,grid,,-269.31584589979263 122.4986957835182;-477.99418202652737 572.10833205113352;-82.497833122100374 -581.90673743330353;424.21970319636154 617.23805764602753;118.4511361105712 740.58707895107841;-664.17514771623223 -261.01613653757016;692.04435046386527 -252.84929160805035;-347.87015984020451 -351.99803404754988;130.41517412053557 -159.36748522805598;165.92195748585596 202.41446233251628,True,329.1299910822022,21.129992082202193,7.222988608898595e-05,True,True,True,136711.80599440486,136711.80599440486,136711.80599440486,True,True,True,True,True,True,2.9105363349999607,1.9868433649999702,True
fresh_grid.csv,3091,SSA,1,750,10,2,6030,random,,308.0,grid,,-137.00081693312507 620.86386233309872;-396.9019407469284 -141.83244042089038;-261.5938846993912 266.70431633282959;469.5003952730217 -385.42564444229231;719.9024289368017 -83.070924160381708;138.11329173831049 -737.17343640428396;39.939541767544434 23.415787979567714;558.21317915444945 273.51525718983612;-697.84326934217336 233.33197127531056;237.88702146205534 496.57223918432203,True,375.4363015992542,67.43630259925419,2.9870072128484026e-05,True,True,True,138173.5750639564,138173.5750639564,138173.5750639564,True,True,True,True,True,True,2.909113900999728,2.000688772999979,True
fresh_grid.csv,3092,SSA,1,750,10,3,6030,random,,308.0,grid,,-210.82270659327196 473.9229652269151;-141.64221332636029 111.08703586887229;705.27628941219825 -161.32267778194546;143.95036131866206 -4.2457524811881795;70.374517525516367 606.86786275050611;-530.32451175034862 530.33545600657862;225.89050034434302 -389.672469358326;503.89157400376234 -522.38283203521723;284.9771219158448 283.47832298654293;-466.25624309974427 169.4157924705784,True,308.00125123280344,0.0012522328034378916,0.0001452260463591083,True,True,True,133331.3782402564,133331.3782402564,133331.3782402564,True,True,True,True,True,True,2.912894870999935,2.01520631599999,True
fresh_grid.csv,3100,SSA,1,750,10,11,6030,random,,308.0,grid,,-317.44008629421137 367.25710372127116;-638.51835306213866 348.69918827149587;1.3721636092621665 -711.29566031303557;-487.65834737959608 -156.57314591587337;660.09334275467404 -270.09617909261067;-178.5463736775109 728.43732689473052;433.04861307178976 312.68545930370868;-188.16053703771686 -430.92737644380617;159.55612754395327 -356.94820118040047;321.59112396549688 -31.63414986881731,True,321.61413155602673,13.614132556026732,0.00016982206580248748,True,True,True,138589.6032014874,138589.6032014874,138589.6032014874,True,True,True,True,True,True,2.87033177100011,1.9684525179999923,True
fresh_grid.csv,3102,SSA,1,750,10,13,6030,random,,308.0,grid,,747.31354767655637 39.558352289154222;37.063088989046349 571.70257781431701;396.41912776167675 -204.9487900401412;-265.19121138722079 -188.09670038256348;-447.70877453432655 264.62801868258964;-365.08667022672159 655.1424883642062;322.69917492597062 263.91177500442166;434.42145321974641 595.76478818995736;320.03371171523344 -566.48181054950157;-114.68347218526662 244.84553019006179,True,333.6123481762025,25.612349176202486,2.9775147825399473e-05,True,True,True,136479.8833871605,136479.8833871605,136479.8833871605,True,True,True,True,True,True,2.8991420349998407,2.0547646610000356,True
fresh_grid.csv,3109,SSA,1,750,10,20,6030,random,,308.0,grid,,-204.68852394237379 -324.34219890255997;-385.25763300275321 258.03931279036686;417.45797627297605 -552.16490479924016;658.68111668985614 -348.27936276811391;15.244108697291463 708.9909614596238;-652.55777608503661 0.39573956147861006;-17.815107310719299 -638.34743696095018;276.45525892442305 -167.97729572022493;-21.004160750040732 124.96903578733303;481.51748681438664 575.01378343880754,True,315.84476839407677,7.8447693940767635,4.0164897771115645e-05,True,True,True,138341.97832121374,138341.97832121374,138341.97832121374,True,True,True,False,True,True,2.8611428160002106,2.005565321000006,False
fresh_grid.csv,3113,SSA,1,750,10,24,6030,random,,308.0,grid,,515.75876230319966 -544.51117748998126;427.32703361513796 505.37587443765852;-386.39874514025246 562.52713643312882;320.98501957537462 200.76716712135834;639.77014912793732 -178.31780550653298;-36.742481343304519 273.53495108119745;-456.62623731805365 -550.96985185168671;-414.94568128535582 -27.722149173416906;-32.294803947792929 -642.85819645540118;205.77800339561216 -95.730889626629946,True,318.09393932041104,10.093940320411036,0.0003187973644596932,True,True,True,138418.46134512415,138418.46134512417,138418.46134512417,False,False,True,True,True,True,2.9298604259997774,1.982360801000027,False
fresh_grid.csv,3115,SSA,1,750,10,26,6030,random,,308.0,grid,,181.64528642751333 -320.835286885063;-278.10268243434928 -410.83844176187597;-590.81411721081986 -267.54059160932496;-107.81630195903553 -742.20967515657583;189.05017459034093 714.95692640508366;-2.4676304456271172 279.42722584295598;-490.30934141693399 268.34173710578767;431.70578563102481 -0.25044035978930096;599.90860164521803 -336.89772919748492;602.36342964643939 393.73006425153022,True,343.98069029860056,35.98069129860056,0.0002964239570271966,True,True,True,139051.01700144386,139051.01700144386,139051.01700144386,True,True,True,True,True,True,2.888791330999993,2.053611279999984,True
fresh_grid.csv,3129,PSO,1,750,10,10,6030,random,,308.0,grid,,-31.886011161022129 -707.25581266985068;221.47978329168083 283.25433811040995;507.9922701003191 518.14684982474603;-327.56331107392185 -535.24484441279083;502.22325316698061 -286.27890344147124;53.465814300253484 -289.88565542754515;58.752559440501521 747.69516180318135;-338.38614875158476 398.89578607957657;-690.67299963860239 -286.69730224858381;-402.60182070558318 -146.72983402429077,True,320.2747200341889,12.274721034188872,5.5516871841769896e-05,True,True,True,137200.78255976693,137200.78255976693,137200.78255976693,True,True,True,True,True,True,2.8168670129998645,2.059120254999982,True
fresh_grid.csv,3213,SLSQP,1,750,10,4,6030,random,,308.0,grid,,636.98929066566552 -249.62966105401711;-258.64009184715832 -114.30475493662152;405.51728457565656 342.52842121624036;94.761172494069726 -743.98944980367116;147.12999901830565 -138.35868910545307;192.60816564644884 720.82395592920261;-113.70037339012777 384.89145969637593;-695.63020481573653 -254.80481102254103;-516.67237370571877 380.03214913229141;-254.00312509432896 672.08917276539671,True,319.63633793398134,11.636338933981335,1.3512253306340427e-05,True,True,True,138649.19579943985,138649.19579943983,138649.19579943983,False,False,True,True,True,True,3.3129553540002235,2.328955289999982,False
fresh_grid.csv,3227,SLSQP,1,750,10,18,6030,random,,308.0,grid,,-204.19494432193807 -123.25358042138724;402.48949120649456 551.28858804298477;-736.62044015161814 -113.64867331736016;230.8970376767812 -377.63029370632808;-574.42303680591669 449.57297710830892;26.561723220141619 134.48044099181823;536.04843209365538 -523.55041336335682;-241.02615738478687 -710.21557708204273;-209.71710256036394 710.73071355105003;112.72027542483001 741.47862285093765,True,323.9001337577386,15.900134757738613,0.00015135091166737402,True,True,True,137972.73375089568,137972.73375089568,137972.73375089568,True,True,True,True,True,True,3.424303592999877,2.359871807999994,True
fresh_grid.csv,3233,SLSQP,1,750,10,24,6030,random,,308.0,grid,,47.897398337003821 672.75060049896035;-197.6762589184784 225.38402172169464;-293.89157761645231 -540.03280632308531;-382.10551474708598 645.36413767733086;431.02786046665409 -479.75476221043817;-564.7516075682048 49.857903253841805;716.431997338423 -219.05170570169136;252.87390317816281 85.587807847449326;572.66639702663747 277.63847916016698;-44.639877631174976 -215.20013408673759,True,373.02908663198406,65.02908763198405,0.0003379333154523702,True,True,True,138382.17247987268,138382.17247987268,138382.17247987268,True,True,True,True,True,True,3.340276401999745,2.356759168999986,True
fresh_grid.csv,3244,LXSSA,1,750,11,5,6030,random,,308.0,grid,,-146.24761159886225 531.71243645008872;207.92237985575224 41.87601780477361;137.49192798510933 -510.11751485074319;155.25632040630262 733.75434323963611;-493.47897439852221 564.65021790233698;-295.61735282378982 -514.76467061290634;665.57852332421498 65.121011533143715;420.36881774700714 -320.19908179246278;-692.86078347356909 67.050407239195849;442.92821123398477 387.87057666044097;-276.99081254423731 -113.32470812180988,True,340.7173989931794,32.71739999317941,2.683391096777632e-05,True,True,True,150848.58965152115,150848.58965152115,150848.58965152115,True,True,True,True,True,True,2.971409864999714,2.080500529999995,True
fresh_grid.csv,3256,LXSSA,1,750,11,17,6030,random,,308.0,grid,,-226.99329589846545 46.295119003965233;-280.52382525957944 499.77702049660201;180.79441565887589 -611.98051079353024;212.06492830814224 249.71026040513755;-562.53878996112439 -78.525225281344959;461.31175292668769 -439.27700762687448;613.91200669987597 423.45455613804859;553.53422658019213 99.506941540620218;-592.60617850075096 -442.10583397960175;-683.19631341823174 309.42326872452333;-305.78821511307234 -306.8053856812399,True,317.12892556749443,9.128926567494432,2.640237949233415e-05,True,True,True,148790.4169635043,148790.4169635043,148790.4169635043,True,True,True,True,True,True,2.893772889000047,2.151868406999995,True
fresh_grid.csv,3261,LXSSA,1,750,11,22,6030,random,,308.0,grid,,-278.33184109136653 343.38248581638339;-468.71875645669809 585.49166504336779;64.166968112157946 596.75290319332748;49.578733724120049 -126.54920138959649;234.49353806959192 125.07290099573274;-287.9641400081756 -33.474477240897151;568.57722947029936 136.11911127073583;363.26129935798707 -224.28096534387552;-660.20068899145576 -63.870248438240012;431.4325557445847 590.84329442487547;-149.90078108154339 -471.85178381544057,True,308.0000522861806,5.328618061639645e-05,0.001492675104261958,True,True,True,150131.0899743937,150131.0899743937,150131.0899743937,True,True,True,True,True,True,2.872044196999923,2.124416273999998,True
fresh_grid.csv,3276,SSA,1,750,11,7,6030,random,,308.0,grid,,-521.62335993528723 24.925004207260667;-161.6923134017083 -7.8982712131312196;692.44282204264209 109.81996243499259;-358.61943266680322 351.63337607312928;372.02162529047979 88.778062090114915;562.30004610001959 -419.08416107296046;237.69360129051014 -463.89342864258987;-370.77031703661731 -282.99038045204179;-166.88539793334525 -642.48320980223923;-472.68831844488875 -582.29340955294538;-54.209695143711606 -322.60933943188616,True,311.67007916615813,3.6700801661581295,9.353130519937258e-05,True,True,True,150353.4437197484,150353.4437197484,150353.4437197484,True,True,True,True,True,True,3.1446028380000826,2.252146281999984,True
fresh_grid.csv,3277,SSA,1,750,11,8,6030,random,,308.0,grid,,556.22926927530239 433.53971254785364;-23.145076208227387 -706.43325135036014;405.11794864840368 -49.096833363739314;-47.892669919715701 676.75197127726392;558.47163502292642 -461.82463505808875;266.98723356571975 244.47536557923553;208.95337760278025 -349.65347030575583;-586.96894970000574 291.00022235802521;-408.69213292313572 -582.02451100165069;-426.35412298633486 617.02667395930462;-264.20663523384763 -166.44335696469088,True,324.4452657097453,16.445266709745283,0.00016462353198928758,True,True,True,151891.09649285913,151891.09649285913,151891.09649285913,True,True,True,True,True,True,3.0824810680001065,2.266289341000004,True
fresh_grid.csv,3452,SSA,1,750,12,3,6030,random,,308.0,grid,,-398.75695482173199 -18.852429073104766;-715.28485884501981 93.547678364599506;-597.80407930896968 403.27527837812232;11.808045690622505 170.36808212644436;362.30394212626391 -91.299297215822378;507.17748383982564 212.33810402198404;204.06855825637956 -413.87440724504842;-48.583769527826995 -201.57177703584844;211.95980403805669 572.60627544010561;-535.03175487865269 -382.30427467372039;179.77501346073265 -728.1349521563468;-253.98795543415079 390.66397040792191,True,315.1981383299785,7.198139329978517,0.0002916557016331135,True,True,True,163862.56906129984,163862.56906129984,163862.56906129984,True,True,True,True,True,True,3.1833492870000555,2.257510943999989,True
fresh_grid.csv,3460,SSA,1,750,12,11,6030,random,,308.0,grid,,487.26723213624774 -110.02039057191691;430.62209848785596 479.18090677653697;-669.43202049137562 -250.59167817429227;-261.14505408270475 -455.9397030432263;-487.12723794887233 54.234126883971022;248.09699182225148 -621.39102570996181;100.00904700704696 301.82801046517011;-80.2346339425102 572.1865180365462;726.15849012603746 184.62241329192574;-91.514624739268442 -101.44184771721311;-555.38008727553529 504.03654068931058;-264.19476154660191 300.54775084787894,True,324.9330810158725,16.933082015872515,8.387185232802585e-05,True,True,True,163536.6430828511,163536.6430828511,163536.6430828511,True,True,True,True,True,True,3.045983893000084,2.2948072579999916,True
fresh_grid.csv,3762,SLSQP,1,1000,2,13,6030,random,,308.0,grid,,-670.0303258407896 -742.33372193087962;369.10461197431101 929.38785530812152,True,1968.363393988632,1660.363394988632,9.125317344805807e-07,True,True,True,28091.474739469657,28091.474739469657,28091.474739469657,True,True,True,True,True,True,2.292064229000061,1.7043060209999794,True
fresh_grid.csv,3767,SLSQP,1,1000,2,18,6030,random,,308.0,grid,,-5.6660627593940358 -999.98394313295398;-536.3088403067394 843.38605447355462,True,1918.2269692189664,1610.2269702189665,5.604537821251142e-06,True,True,True,28091.474739469657,28091.474739469657,28091.474739469657,True,True,True,True,True,True,2.4078182989997003,1.6919489040000144,True
fresh_grid.csv,3769,SLSQP,1,1000,2,20,6030,random,,308.0,grid,,-697.3567897773878 -716.72399597936101;960.64897043802603 -276.76569969192752,True,1715.3852055382877,1407.3852065382875,0.00011166938270687387,True,True,True,28091.474739469657,28091.474739469657,28091.474739469657,True,True,True,True,True,True,2.35019946500006,1.6195233490000192,True
fresh_grid.csv,3779,SLSQP,1,1000,2,30,6030,random,,308.0,grid,,991.35981150653868 -131.17059069341988;-991.52947953493469 129.88183518593766,True,1999.9995773960688,1691.999578396069,1.0509572828377713e-06,True,True,True,28088.674554052257,28088.674554052257,28088.674554052257,True,True,True,True,True,True,2.457645658000274,1.6353756389999035,True
fresh_grid.csv,3814,SSA,1,1000,3,5,6030,random,,308.0,grid,,-414.81143041800999 -571.35803001614738;808.1439151747395 588.9850254817685;-948.08927550669978 318.00390383159476,True,1036.9907952531846,728.9907962531846,2.7062142296723324e-05,True,True,True,42133.82496697798,42133.82496697798,42133.82496697798,True,True,True,True,True,True,1.898932051999964,1.2112218789998224,True
fresh_grid.csv,3833,SSA,1,1000,3,24,6030,random,,308.0,grid,,-737.17881949498417 675.69766580622149;201.12476908259475 -979.56531261293946;739.2487670986518 -447.11855506456823,True,757.0184851538035,449.01848615380345,2.7256003025082464e-05,True,True,True,42130.888205268406,42130.888205268406,42130.888205268406,True,True,True,True,True,True,1.8195272719999596,1.1925540370000363,True
fresh_grid.csv,3934,SLSQP,1,1000,3,5,6030,random,,308.0,grid,,509.52659844762167 860.4549057209199;-786.68432875636881 -519.88204029361452;-795.91683829297494 529.74009308151381,True,1049.6627373129425,741.6627383129425,1.3475994390100822e-06,True,True,True,42137.21210920449,42137.21210920449,42137.21210920449,True,True,True,True,True,True,2.355909499000063,1.684484305000069,True
fresh_grid.csv,3944,SLSQP,1,1000,3,15,6030,random,,308.0,grid,,-257.01016436836574 -748.74572147389745;895.39845817400339 -445.26561459246506;34.653116617320201 376.908351263763,True,1162.8261095048638,854.8261105048638,6.77806082219613e-05,True,True,True,42137.21210920449,42137.21210920449,42137.21210920449,True,True,True,True,True,True,2.59917008299999,1.7340593989999888,True
fresh_grid.csv,3946,SLSQP,1,1000,3,17,6030,random,,308.0,grid,,-792.69845260759053 609.61394658152165;88.064669796387676 120.43300524521879;792.95289020836049 -609.28295062263373,True,1007.4927648144559,699.4927658144559,6.83416604057129e-07,True,True,True,42131.61173668277,42131.61173668277,42131.61173668277,True,True,True,False,True,True,2.3913796710003226,1.62960809599997,False
fresh_grid.csv,3957,SLSQP,1,1000,3,28,6030,random,,308.0,grid,,886.01826739473836 463.65033226349021;369.83172576944173 -929.09875321579489;-890.48579163948625 403.51864630709252,True,1485.3277620978033,1177.3277630978032,6.173904719398706e-07,True,True,True,42128.24230121138,42128.24230121138,42128.24230121138,True,True,True,False,True,True,2.568887483999788,1.7202096749999782,False
fresh_grid.csv,3981,LXSSA,1,1000,4,22,6030,random,,308.0,grid,,-765.15134024845725 -640.70133893444984;-268.2592316256256 256.5584144190081;848.34514894452627 529.4425404513255;522.8915723021961 -841.78033181567389,True,1025.6592185514407,717.6592195514407,0.0005533115205505747,True,True,True,56161.53135489514,56161.53135489514,56161.53135489514,True,True,True,True,True,True,1.91879301400013,1.2663545729999441,True
fresh_grid.csv,3993,SSA,1,1000,4,4,6030,random,,308.0,grid,,589.77556771525087 -806.90266058914688;-958.74852411606082 97.133636337005527;-105.27462821598751 994.44317162173468;599.29596010468697 48.965775656437657,True,855.9213854278389,547.9213864278389,1.6534445537923603e-05,True,True,True,56164.36292999151,56164.36292999151,56164.36292999151,True,True,True,True,True,True,1.9323922009998569,1.270427079000001,True
fresh_grid.csv,3994,SSA,1,1000,4,5,6030,random,,308.0,grid,,879.31561041550674 476.2376430086166;-368.77654951080308 -811.91319701840109;-741.0554367151442 -172.7829508348361;-315.2069376265672 828.80975678366792,True,739.6479172178929,431.6479182178929,0.000883330990407354,True,True,True,56161.78043331328,56161.78043331328,56161.78043331328,True,True,True,True,True,True,1.8935832729998765,1.2768561369998679,True
fresh_grid.csv,3995,SSA,1,1000,4,6,6030,random,,308.0,grid,,-653.07693685936476 -757.29146635127404;-918.413630099236 275.55060952408763;-24.017866586184322 815.11601323555271;767.22131079457688 -641.31337140324581,True,1044.5451673682717,736.5451683682717,7.576696600861032e-05,True,True,True,56170.8601058388,56170.8601058388,56170.8601058388,True,True,True,True,True,True,1.917903258000024,1.266268385000103,True
fresh_grid.csv,3998,SSA,1,1000,4,9,6030,random,,308.0,grid,,107.68780193356847 -333.82462253593565;877.64457214145159 -338.03827941682357;-823.02978128222082 -567.99799600436302;-798.75546523769117 551.38231761945417,True,769.9682999275132,461.96830092751316,0.00012882879184669582,True,True,True,56179.371453711465,56179.371453711465,56179.371453711465,True,True,True,True,True,True,1.9299141040000904,1.2676335319999907,True
fresh_grid.csv,4001,SSA,1,1000,4,12,6030,random,,308.0,grid,,-607.15368404538845 -794.51266068797963;-297.33857922483628 270.04438049373005;768.39285737819796 639.97843817341459;-904.30842125042136 231.56166405480064,True,608.1885469104814,300.18854791048136,8.701642630308925e-06,True,True,True,56154.13922744848,56154.13922744848,56154.13922744848,True,True,True,True,True,True,1.907285994999711,1.2524933170000168,True
fresh_grid.csv,4002,SSA,1,1000,4,13,6030,random,,308.0,grid,,501.2997916287307 857.39944892533856;-689.71816644102523 506.24305039703341;-695.86573724986442 -718.17185779203976;789.70024115989497 -336.49113680397352,True,1224.4303410249627,916.4303420249627,3.01986168576841e-05,True,True,True,56177.25134291537,56177.25134291537,56177.25134291537,True,True,True,False,True,True,1.900215818000106,1.3173567910000656,False
fresh_grid.csv,4003,SSA,1,1000,4,14,6030,random,,308.0,grid,,-132.3257680046319 -735.00768297578088;861.7909405178109 -175.65941697895747;-970.770114770291 -240.01095223619606;-86.027061780079393 827.20854569791391,True,973.6584031713431,665.6584041713431,6.453777723688836e-05,True,True,True,56172.986116394015,56172.986116394015,56172.986116394015,True,True,True,False,True,True,1.9757505330003369,1.2825533359998644,False
fresh_grid.csv,4005,SSA,1,1000,4,16,6030,random,,308.0,grid,,707.28118172774555 504.16202156340984;264.56153322137516 -964.36833494382029;-879.39773301587684 454.29701262307083;226.92143253983863 392.04436995371128,True,493.2705712307826,185.2705722307826,0.00045584872282486324,True,True,True,56150.00053090306,56150.00053090306,56150.00053090306,True,True,True,True,True,True,1.8585740240000632,1.313321303000066,True
fresh_grid.csv,4013,SSA,1,1000,4,24,6030,random,,308.0,grid,,432.76693631506674 -804.36433120292463;-381.74622704303397 -10.73263883261215;441.50561037012193 852.76300202362552;-837.37851764906475 546.62336055821936,True,719.8933909266365,411.89339192663647,6.093594879782904e-05,True,True,True,56158.15194392791,56158.15194392791,56158.15194392791,True,True,True,True,True,True,2.0145916179999404,1.2695653979999406,True
fresh_grid.csv,4017,SSA,1,1000,4,28,6030,random,,308.0,grid,,-470.5066996549869 835.00485393732697;85.714883518684559 -364.69299828842423;-807.2013048650382 -590.2761318770456;869.14982911223547 434.70692388197597,True,920.9707213790119,612.9707223790119,7.178022861151112e-05,True,True,True,56172.25158360652,56172.25158360652,56172.25158360652,True,True,True,False,True,True,1.995407385999897,1.2927090539999426,False
fresh_grid.csv,4019,SSA,1,1000,4,30,6030,random,,308.0,grid,,301.91761269450132 953.33400658739515;-59.164352010584196 -92.305647743622757;808.81807645766867 -587.64745531441281;-578.12890056435867 -610.58567757129106,True,733.4428348370387,425.44283583703873,1.451443881958403e-05,True,True,True,56161.18754906721,56161.18754906721,56161.18754906721,True,True,True,True,True,True,1.8786087600001335,1.2723731199998838,True
fresh_grid.csv,4113,SLSQP,1,1000,4,4,6030,random,,308.0,grid,,996.67771926442185 81.445552385079722;-859.07370364581504 511.74092932773465;267.09168851844396 786.94817306043649;-298.18926766684581 -953.8609857695925,True,1014.9038003867497,706.9038013867497,7.395928242001537e-05,True,True,True,56160.66261318482,56160.662613184824,56160.662613184824,False,False,True,False,True,True,2.496588262999921,1.7077621439999575,False
fresh_grid.csv,4121,SLSQP,1,1000,4,12,6030,random,,308.0,grid,,-575.74337827395755 -817.63045616716443;270.88465080689508 -288.25841707082054;-195.27209617727434 495.82271552284323;856.96146431272393 515.38048906663676,True,912.1871163572886,604.1871173572886,7.607826571766054e-07,True,True,True,56150.68121991612,56150.68121991612,56150.68121991612,True,True,True,True,True,True,2.5709671979998348,1.6717611540000235,True
fresh_grid.csv,4126,SLSQP,1,1000,4,17,6030,random,,308.0,grid,,651.38986789466799 297.14490559599056;-962.29234155069344 -271.01814334797899;-387.50979073838647 306.50589821328583;-47.515256983882253 -998.8705010474705,True,814.8061114765645,506.8061124765645,1.2245465543652245e-05,True,True,True,56162.92596545865,56162.92596545865,56162.92596545865,True,True,True,True,True,True,2.467415155000253,1.8104227320000064,True
fresh_grid.csv,4132,SLSQP,1,1000,4,23,6030,random,,308.0,grid,,-999.88041726094605 -8.9465933318752775;980.88258567293838 -194.60033577306589;111.67860942813549 290.7198930823223;-406.35879663248943 -609.74679276423262,True,844.5287406544492,536.5287416544492,3.222029079349886e-05,True,True,True,56180.12193210859,56180.12193210859,56180.12193210859,True,True,True,True,True,True,2.565550626000004,1.7431074759999774,True
fresh_grid.csv,4134,SLSQP,1,1000,4,25,6030,random,,308.0,grid,,-943.44869494365264 331.51854770719928;994.1395046163293 107.01778903046724;95.338985228547472 620.38753764624914;574.00794257933649 -818.82686021064069,True,1016.7098130479678,708.7098140479678,7.267614026000956e-06,True,True,True,56149.61067541021,56149.61067541021,56149.61067541021,True,True,True,True,True,True,2.50766632900013,1.6463318480000453,True
fresh_grid.csv,4138,SLSQP,1,1000,4,29,6030,random,,308.0,grid,,716.36907187614645 697.7214326048379;-574.47690265043525 544.34382528815559;-976.2458512494627 -140.04910573081295;233.04534215238255 -813.66722416253424,True,793.6069380285826,485.6069390285826,7.867158365368232e-05,True,True,True,56163.16823028823,56163.168230288225,56163.168230288225,False,False,True,True,True,True,2.454497791999984,1.6599150629999713,False
fresh_grid.csv,4165,LXSSA,1,1000,5,26,6030,random,,308.0,grid,,372.51927051151324 410.79554142897814;-524.55303739878138 -129.49958490546595;-926.46494259421775 376.38031778520769;-523.65276540762102 665.21296192003399;876.98688565106738 354.11636340234799,True,495.6631380360269,187.6631390360269,0.00028426393953648224,True,True,True,70129.19495027163,70129.19495027163,70129.19495027163,True,True,True,True,True,True,2.0120318239996777,1.3757166570001118,True
fresh_grid.csv,4168,LXSSA,1,1000,5,29,6030,random,,308.0,grid,,-800.39491732026784 -599.47269564096121;246.1338521893376 625.39919562070077;934.28242938252549 -69.438189673809518;-547.74841749563052 418.91348734156651;-99.680264698696803 -788.01937550752916,True,725.6382534619265,417.6382544619265,0.00023275444744083506,True,True,True,70189.78711367455,70189.78711367455,70189.78711367455,True,True,True,True,True,True,1.9797880609999083,1.3521677119999822,True
fresh_grid.csv,4174,SSA,1,1000,5,5,6030,random,,308.0,grid,,-23.561317511308513 -775.72084283673382;758.76470960955078 -651.36408452372052;-743.46501150803897 394.04759221549818;448.70998276031747 74.457785333985996;-454.75612510124631 -801.32131413967329,True,431.95410198707003,123.95410298707003,0.0004734219663785334,True,True,True,70165.71387829391,70165.71387829391,70165.71387829391,True,True,True,False,True,True,2.1053164820000347,1.4402572729998155,False
fresh_grid.csv,4177,SSA,1,1000,5,8,6030,random,,308.0,grid,,-807.68117141442008 -589.61936518371158;77.293619893384999 875.12864315680895;852.16412027407671 -378.61384190696191;512.89464319442504 -852.29319724480877;-274.51834309976016 -382.69949704665027,True,571.9077139944401,263.9077149944401,6.577149565853324e-05,True,True,True,70154.84803921312,70154.84803921312,70154.84803921312,True,True,True,True,True,True,2.0768785609998304,1.414495719000115,True
fresh_grid.csv,4183,SSA,1,1000,5,14,6030,random,,308.0,grid,,-673.90653713437734 738.81659627021429;-87.547900349770259 -569.38296999406373;507.65034509601708 -711.75172062752802;875.90627224555783 376.13054436963864;-43.521117674053407 900.87551174690338,True,611.9884088270604,303.9884098270604,9.141623766277917e-06,True,True,True,70163.13314780805,70163.13314780805,70163.13314780805,True,True,True,True,True,True,2.0400818719999734,1.3535879920000298,True
fresh_grid.csv,4190,SSA,1,1000,5,21,6030,random,,308.0,grid,,-161.36207532087568 639.12651078437489;-811.45691443842009 551.19973203701863;-190.74858047041033 -790.04053244630734;207.88861932000364 -7.0028625458498581;552.47840646702889 833.52714984538079,True,656.0140381639349,348.01403916393485,5.142914551722788e-05,True,True,True,70165.87594935037,70165.87594935037,70165.87594935037,True,True,True,True,True,True,1.9612318960002997,1.422853719000159,True
fresh_grid.csv,4192,SSA,1,1000,5,23,6030,random,,308.0,grid,,322.62619080067486 -884.57487840203009;-793.34232050960622 -608.77568725946105;-104.94442690206013 547.19902835577307;810.75383231498154 585.22690100024522;-486.71598859952883 -114.97447395320573,True,581.256695172932,273.25669617293204,6.354510401504376e-05,True,True,True,70159.42431297967,70159.42431297967,70159.42431297967,True,True,True,True,True,True,1.946435997000208,1.360987883000007,True
fresh_grid.csv,4193,SSA,1,1000,5,24,6030,random,,308.0,grid,,-997.641313545358 68.466653142709646;-538.07532312486921 842.89670992182869;-213.538416548095 -107.62647989232865;3.228963712094167 -950.10675007216287;708.85105918131376 683.62517248660595,True,803.6330907706551,495.63309177065514,4.2523513004904086e-05,True,True,True,70170.70969250673,70170.70969250673,70170.70969250673,True,True,True,True,True,True,2.0944335419999334,1.4411585619998277,True
fresh_grid.csv,4319,SLSQP,1,1000,5,30,6030,random,,308.0,grid,,162.07326456217331 -986.77839665411159;946.60486505910376 321.75630388938487;-638.34435857329311 680.97218127317296;-599.97429241293264 -691.46975699873599;190.45119647583755 981.69661500088728,True,817.2659736871688,509.26597468716875,4.9928362048172855e-05,True,True,True,70149.5959353208,70149.5959353208,70149.5959353208,True,True,True,True,True,True,2.6576290579996567,1.8342395800000304,True
fresh_grid.csv,4320,LXSSA,1,1000,6,1,6030,random,,308.0,grid,,-909.89836336134397 -414.83116962501913;-754.87468457006185 61.373666231893942;-91.995909269286074 -45.963141577812543;793.35602882100864 585.1775874329702;166.3101771178207 729.42595553202341;-564.54422858728435 770.21199881369762,True,500.8027422843171,192.8027432843171,3.552994371855311e-05,True,True,True,84119.92205800446,84119.92205800446,84119.92205800446,True,True,True,True,True,True,2.092811940000047,1.523931642999969,True
fresh_grid.csv,4326,LXSSA,1,1000,6,7,6030,random,,308.0,grid,,801.32612368316336 598.22751115324797;140.64879869815371 669.79800374511888;137.24410865198109 -589.72629260148483;-487.60491168036924 630.06393467652106;-452.41490856116286 -890.6785169572687;-790.96906178586482 -76.32200471523187,True,629.508952159641,321.508953159641,0.0001452011634935625,True,True,True,84133.61736751258,84133.61736751258,84133.61736751258,True,True,True,True,True,True,2.1343285019997893,1.4707391270001153,True
fresh_grid.csv,4348,LXSSA,1,1000,6,29,6030,random,,308.0,grid,,136.56420410773603 -744.27572255992447;782.43939177166123 391.91145734063667;-799.83802320836435 -501.63241536739707;177.42464376467078 822.81244983960926;-560.13392990033356 390.07165081591171;-342.03239016738979 939.68779748992858,True,532.4429143015022,224.44291530150224,0.0003446625137283045,True,True,True,84176.74686081128,84176.74686081128,84176.74686081128,True,True,True,True,True,True,2.128737041000022,1.5130802629998925,True
fresh_grid.csv,4352,SSA,1,1000,6,3,6030,random,,308.0,grid,,297.04688607930353 793.57272554538235;-833.73871915728887 466.59555178321295;-0.099332462535913865 -330.03177397401674;-228.80455738306384 -973.4717113845262;877.75939204126496 -340.82582558952822;308.13413159120006 -920.54759842269198,True,539.540654121817,231.54065512181705,0.0006518276227350507,True,True,True,84170.49111605262,84170.49111605262,84170.49111605262,True,True,True,True,True,True,2.077415425000254,1.4519788419997894,True
fresh_grid.csv,4354,SSA,1,1000,6,5,6030,random,,308.0,grid,,564.49849838482316 -492.49190441056356;-938.29097588575348 299.95474343592474;-261.42096857202256 962.62757562981642;-218.28238615021434 -959.05252303393661;972.90556878288089 231.20190752067495;-652.80147601863848 -432.61232112246353,True,682.6024653110155,374.6024663110155,0.00021709505347441882,True,True,True,84205.49395096491,84205.49395096491,84205.49395096491,True,True,True,True,True,True,2.1798906369999718,1.4851159679999455,True
fresh_grid.csv,4357,SSA,1,1000,6,8,6030,random,,308.0,grid,,-991.8657951020657 -8.9214896829984927;370.23270450021965 368.43291951248386;17.953246545622999 -602.55119123720033;812.11570523028979 -381.78182472647086;-489.88143700184725 871.78904179804204;-334.29493284500717 367.36254528434625,True,527.8761698171533,219.87617081715325,2.3140928763292323e-05,True,True,True,84192.44609922789,84192.44609922789,84192.44609922789,True,True,True,True,True,True,2.0576350239998646,1.4907166220000363,True
fresh_grid.csv,4359,SSA,1,1000,6,10,6030,random,,308.0,grid,,982.67894356446038 -164.28792936562286;-409.79313087074394 119.3960660222675;121.85007054663845 656.62003893175404;-999.54029270194042 -30.308568464964107;553.53582189016583 458.56926302332619;138.63758111859255 -977.70065452982783,True,474.9491528058094,166.94915380580937,0.0002979715060316958,True,True,True,84146.14123547402,84146.14123547402,84146.14123547402,True,True,True,True,True,True,2.282719783000175,1.8375369169999658,True
fresh_grid.csv,4361,SSA,1,1000,6,12,6030,random,,308.0,grid,,-381.95787872895727 -924.17972162288197;874.92968485764493 64.966363378893732;-547.92268427529257 -486.34402575406727;661.8757141853747 -421.59550438711358;-784.38903254632442 450.90844211346695;105.71927131718381 582.20946485623983,True,468.2354250342044,160.2354260342044,1.1508963782740466e-05,True,True,True,84126.71502324723,84126.71502324723,84126.71502324723,True,True,True,True,True,True,2.120446098999764,1.4673966000000291,True
fresh_grid.csv,4362,SSA,1,1000,6,13,6030,random,,308.0,grid,,-226.57121229560255 439.02521962524094;315.40170667403402 -948.95803709332131;-722.20188472751272 347.65932428090531;705.19898139699069 205.28341327754833;305.46220997372598 910.85878977733307;-252.53471955254673 -709.24428534447316,True,503.9816368553318,195.98163785533177,0.00020463156932035053,True,True,True,84146.70655066495,84146.70655066495,84146.70655066495,True,True,True,True,True,True,2.2186504109999987,1.5066177749999952,True
fresh_grid.csv,4375,SSA,1,1000,6,26,6030,random,,308.0,grid,,531.36947741527547 -505.48275305100901;691.38248466912762 64.114303175707803;-297.78751642972753 316.92127551728242;861.6720508607284 507.46544745123452;74.295852155675661 -966.8255545538035;-547.71507473628913 -606.14943319423992,True,474.930282761736,166.930283761736,4.9204293420894825e-05,True,True,True,84149.8869610609,84149.8869610609,84149.8869610609,True,True,True,True,True,True,2.1814406349999445,1.5020489129999532,True
fresh_grid.csv,4376,SSA,1,1000,6,27,6030,random,,308.0,grid,,351.23059716478105 900.92313807310882;85.585236073776628 -69.82101741072502;-931.37827688940615 -321.33274131155014;-606.5587484582752 -786.46728339291622;-175.07850519014835 967.44261135723582;-650.02035712221573 759.91659858536343,True,518.3018509456175,210.3018519456175,0.00015026059054687357,True,True,True,84164.95080184273,84164.95080184273,84164.95080184273,True,True,True,True,True,True,2.006647198999872,1.466034246000163,True
fresh_grid.csv,4379,SSA,1,1000,6,30,6030,random,,308.0,grid,,-786.64644339425411 -484.31889145142947;-761.59529697024891 648.05286483629902;541.40773103505694 -52.861245638971923;-235.92968473047321 -512.93059416302663;2.1192642430464583 407.96755605352183;793.89237829876481 -608.05810512584026,True,551.4594978828435,243.4594988828435,4.5005132963320645e-05,True,True,True,84121.15134671255,84121.15134671255,84121.15134671255,True,True,True,True,True,True,2.2006685810001727,1.462850034999974,True
fresh_grid.csv,4472,SLSQP,1,1000,6,3,6030,random,,308.0,grid,,503.63102221903739 -863.91881050315953;525.80336941307598 850.60330214537748;-967.79773741990095 177.78408874166195;-729.05956861717539 -684.44846513477376;-146.52522127546334 989.20152424304388;-75.396876338863621 -997.12355556698333,True,594.1521786679716,286.1521796679716,4.215870751775219e-05,True,True,True,84167.44010922767,84167.44010922767,84167.44010922767,True,True,True,True,True,True,2.866868316000364,1.8463988109999718,True
fresh_grid.csv,4501,LXSSA,1,1000,7,2,6030,random,,308.0,grid,,-936.59032508720009 -350.42570996447466;-703.08706416245877 266.36484277523215;321.09697807431326 -752.89104274383737;-411.64284746655619 842.37510081265293;776.634490352905 617.39481220511766;-434.92704265510889 -320.38036291367916;-32.648167397196929 -228.47281292751322,True,412.64426716389784,104.64426816389783,0.0001933744918030934,True,True,True,98085.65928780178,98085.65928780178,98085.65928780178,True,True,True,False,True,True,2.259173617000215,1.6197767310000017,False
fresh_grid.csv,4509,LXSSA,1,1000,7,10,6030,random,,308.0,grid,,480.04095951837974 -875.20906506781432;-39.310216040316881 406.55452576862797;-62.725545176286587 -819.46125913463516;-631.16822665521408 559.70520212758584;-662.4695191724976 -732.37736015203291;483.09144834689596 874.71829255454975;-999.48952502789905 -31.947056576068107,True,545.6219354872278,237.6219364872278,3.846781578684022e-05,True,True,True,98131.6071295824,98131.6071295824,98131.6071295824,True,True,True,True,True,True,2.207608270000037,1.5976323090001188,True
fresh_grid.csv,4530,SSA,1,1000,7,1,6030,random,,308.0,grid,,796.56677181968712 -522.27058300908163;66.151977488172392 416.67512923252536;-177.92416122619218 -984.04408228073135;-909.08893110334111 -375.21899622108253;-706.29905345580062 386.61651938891509;791.99376246881434 607.38859086229911;363.82422574420582 -498.79684551514089,True,433.37873452192423,125.37873552192423,0.00011949012162201688,True,True,True,98049.33690882618,98049.33690882618,98049.33690882618,True,True,True,False,True,True,2.2573341779998373,1.6496053849999726,False
fresh_grid.csv,4533,SSA,1,1000,7,4,6030,random,,308.0,grid,,37.610209786043669 -664.60701113800803;485.87200149840282 873.26415607664808;75.212985154885104 739.72913336339798;871.68667883446312 -441.66807014878037;-860.27007086816525 234.42561917088483;446.61223248868242 -512.01738104217293;-490.9393154390234 -871.1935017286952,True,430.85648478274896,122.85648578274896,0.0002365510063125621,True,True,True,98113.00952623118,98113.00952623118,98113.00952623118,True,True,True,True,True,True,2.297446294999645,1.5994431249999934,True
fresh_grid.csv,4537,SSA,1,1000,7,8,6030,random,,308.0,grid,,-363.78573619211141 32.506622085562825;856.18747646767292 -455.37319733646456;215.35219451632886 616.39339423422189;-169.28986960891285 -711.36442225641963;232.04457045919034 -972.70504436883505;663.02126399139468 117.73329424938557;-836.63523214372412 -54.639956489406352,True,478.9240582293629,170.9240592293629,0.00010798992196012113,True,True,True,98131.48956738655,98131.48956738657,98131.48956738657,False,False,True,True,True,True,2.364706668000053,1.5556160260000524,False
fresh_grid.csv,4542,SSA,1,1000,7,13,6030,random,,308.0,grid,,-605.41667598730237 795.9081756320569;128.24217277150501 745.18397863542828;-175.46910876029753 242.4980140073844;-989.01688777714367 -147.80085094758485;-832.83583687360692 374.86274910686939;119.81979515819513 -555.30934115015521;683.64102267276894 -238.00996593366142,True,478.53811335776373,170.53811435776373,0.0002530754230772582,True,True,True,98034.13971916409,98034.13971916407,98034.13971916407,False,False,True,False,True,True,2.235501611000018,1.6505554029999985,False
fresh_grid.csv,4550,SSA,1,1000,7,21,6030,random,,308.0,grid,,79.797930682375181 -181.7591512894908;647.51346351149971 -97.709490633342469;302.17689338892347 661.5528299137369;-315.57887473460272 775.01954427732778;-801.8979192749689 306.96198664861583;281.96899957098816 -959.42347759648078;-605.22152176380632 -295.08979418599364,True,573.9035386472804,265.90353964728035,3.7958806276743414e-05,True,True,True,98115.8909515832,98115.89095158319,98115.89095158319,False,False,True,True,True,True,2.2949865280002086,1.6357114730000148,False
fresh_grid.csv,4552,SSA,1,1000,7,23,6030,random,,308.0,grid,,847.13083509528303 241.72390684396319;585.10292592422661 -707.75381061648;-501.26687010388832 111.96074257299185;-817.42461990937363 576.03529163086114;-93.392449066914736 769.62746948379481;-105.58245410641415 -584.3891809443021;-828.33331942320638 -303.86796845858936,True,529.0425117025401,221.04251270254008,0.00016778089627930603,True,True,True,98140.90883865816,98140.90883865817,98140.90883865817,False,False,True,True,True,True,2.3077958979997675,1.6941534119999915,False
fresh_grid.csv,4554,SSA,1,1000,7,25,6030,random,,308.0,grid,,390.06677052630101 -239.14482442705;635.74511403436952 347.389792450968;855.53329671356914 -517.74738257866011;-416.08679285798769 -894.81000202585733;-213.20316087666637 -340.23204446235104;63.180936897303006 306.32815568076683;-768.93101278709946 413.68507295814686,True,542.4743979299521,234.47439892995214,0.00021402370203102327,True,True,True,98062.59431378212,98062.59431378212,98062.59431378212,True,True,True,True,True,True,2.2093594509997274,1.5702322510001068,True
fresh_grid.csv,4558,SSA,1,1000,7,29,6030,random,,308.0,grid,,951.00205482299975 -105.38840524605189;682.16263146276412 -731.20047531432999;429.3178928808826 -366.24594790314558;-36.403012455111536 -479.04827336969242;-192.38994227275148 -5.1329605738035724;-982.20244936793119 21.019952362405174;-678.94705378669698 -649.42414053113373,True,443.98453678755635,135.98453778755635,5.5679474851567645e-06,True,True,True,98010.94378708418,98010.94378708418,98010.94378708418,True,True,True,False,True,True,2.3836474599997928,1.5869924630000014,False
fresh_grid.csv,4650,SLSQP,1,1000,7,1,6030,random,,308.0,grid,,-29.532582071644995 408.49333374301625;-752.4223058162496 -447.70539512877531;178.03096531318585 981.74629710433385;160.29774902824994 -986.0697544814567;598.33472979431281 -801.24617569929148;599.33171922592476 44.282339068699876;796.79991612067101 596.61941954745669,True,475.4325943732669,167.4325953732669,5.9524615042188086e-05,True,True,True,97709.73104301572,97709.73104301571,97709.73104301571,False,False,True,True,True,True,2.652518094999777,2.011940557999992,False
fresh_grid.csv,4658,SLSQP,1,1000,7,9,6030,random,,308.0,grid,,-239.65358589808164 970.83953431654459;-615.9855582521617 477.57849239576615;-272.8828477133199 -573.37722173635109;609.48227789692442 -110.55963946809611;394.22816535625503 -919.01259555513684;598.67308535062398 800.85222449462333;36.95590824060843 603.5196851553294,True,459.82244816394063,151.82244916394063,2.4254259212975737e-06,True,True,True,98014.5430823348,98014.5430823348,98014.5430823348,True,True,True,True,True,True,2.698587310999756,1.9746581439999886,True
fresh_grid.csv,4665,SLSQP,1,1000,7,16,6030,random,,308.0,grid,,-413.53119558645983 -37.679015914067591;79.387143747411358 -860.9505106596871;-965.18577187454105 76.207123099400363;-679.0412710056637 734.08015669212102;-736.49808745954601 -564.14147097651244;26.765249810915485 999.64163244316751;458.01435209515358 -315.16362710896993,True,563.2875146840886,255.2875156840886,0.00011504446570395521,True,True,True,97929.63532986998,97929.63532986998,97929.63532986998,True,True,True,True,True,True,2.7897613820000515,2.0559975509999617,True
fresh_grid.csv,4670,SLSQP,1,1000,7,21,6030,random,,308.0,grid,,756.91346500925385 653.51499313868101;-670.07564670649924 733.02711868502161;-433.58449921105262 178.52519370305643;221.40752111115074 -974.46129417138127;-943.51364696375856 -331.02352596013833;532.40327951561744 97.300949414239128;787.59739689767036 -610.09240806906917,True,599.8157098865304,291.8157108865304,8.111532054297276e-05,True,True,True,98149.17914813524,98149.17914813524,98149.17914813524,True,True,True,True,True,True,2.605312491999939,1.9848699230000193,True
fresh_grid.csv,4678,SLSQP,1,1000,7,29,6030,random,,308.0,grid,,-210.91748206378321 -977.50083671769892;141.63457340417835 278.37198407464854;-492.38271256705542 362.43077109969914;864.90675808422543 -501.93157411186485;582.91101587123137 626.81508230913676;-787.65443878952317 616.11503290354494;174.00403992637274 -984.62167706157334,True,384.98738220676927,76.98738320676927,0.0004983650339934466,True,True,True,97765.2880192845,97765.2880192845,97765.2880192845,True,True,True,True,True,True,2.633993243000077,2.0398751160000756,True
fresh_grid.csv,4711,SSA,1,1000,8,2,6030,random,,308.0,grid,,-661.18691609542873 33.230288291248357;838.67559213854702 -322.5380493083772;-995.95176229832998 -89.88627365574834;557.36893227190035 421.52824699074;-231.35687136590934 -825.98140507641995;-210.42688011501366 257.68541478339682;-820.29111827571921 459.34887807331091;133.48093306977799 708.32548745334418,True,356.6864029913403,48.686403991340285,0.00027349160450537604,True,True,True,111971.64211888392,111971.64211888393,111971.64211888393,False,False,True,True,True,True,2.4817420559998027,1.6946083629999293,False
fresh_grid.csv,4715,SSA,1,1000,8,6,6030,random,,308.0,grid,,-522.18846191131775 813.19394240983365;899.54710425652331 -421.15596763177223;888.88321665461183 458.13357845538059;99.700069092169969 -182.93131102563407;-821.91239598976358 402.69299545212357;387.42613849810698 404.36615256768363;523.05502893952439 6.0436334857655316;-102.11705715265093 596.06934583581562,True,420.78025753370963,112.78025853370963,0.00012672071693739417,True,True,True,111931.2563723324,111931.2563723324,111931.2563723324,True,True,True,False,True,True,2.478260226999737,1.6671225800000684,False
fresh_grid.csv,4717,SSA,1,1000,8,8,6030,random,,308.0,grid,,-813.87127286069096 -567.1561941576565;990.29103980268167 139.00873716994423;-637.46254643911129 -117.1192962427062;157.66713316782813 -820.34778027660457;-282.4423548894448 958.71636496773112;745.5064771682147 -371.74378815773707;497.78524022525158 509.1329339141862;-310.28253222309979 -920.959426594928,True,478.6434922929223,170.6434932929223,0.00011473847689810645,True,True,True,112069.59524229252,112069.59524229253,112069.59524229253,False,False,True,True,True,True,2.23982616100011,1.733918340999935,False
fresh_grid.csv,4718,SSA,1,1000,8,9,6030,random,,308.0,grid,,326.17333626626362 686.29156527389432;682.39062711265478 -661.16455095539868;-384.39314621741312 -635.86987030462774;178.21454197827896 -579.82366613809529;-920.87915831494786 214.96677418748106;-575.58564825083943 817.74142261184647;672.39220326835164 271.59255399915543;-392.76019604874512 263.59402034216953,True,510.6954712588386,202.6954722588386,6.463620923366397e-05,True,True,True,111716.90603248333,111716.90603248331,111716.90603248331,False,False,True,True,True,True,2.4339570480001385,1.7318269890000693,False
fresh_grid.csv,4719,SSA,1,1000,8,10,6030,random,,308.0,grid,,48.138343093052534 216.11131963048851;-955.00036870339386 -195.34595920328624;457.56333812040032 -236.07782886973044;625.78870481639251 281.54730443292846;-655.01538967060708 -755.61544308123553;-315.21560371481252 -288.18514219589446;-631.24186034915169 614.32730370348236;950.44643676924068 -310.88443201176648,True,498.5276088716979,190.5276098716979,7.173590791151218e-05,True,True,True,112037.99367464444,112037.99367464443,112037.99367464443,False,False,True,True,True,True,2.344144690000121,1.6763423269999294,False
fresh_grid.csv,4722,SSA,1,1000,8,13,6030,random,,308.0,grid,,852.82923131660982 -522.18963554903269;162.19917216098011 -542.37033387180497;-515.73896979355447 579.16363956016698;56.306946026366326 -227.84296587408238;-106.03928497311958 360.42591060903749;304.6371389689366 -842.49447997666607;326.16700625949369 745.43628348214122;685.2474210743319 725.55684007006357,True,331.87441717511007,23.874418175110065,0.0001443685546317065,True,True,True,111478.30332229647,111478.30332229649,111478.30332229649,False,False,True,True,True,True,2.378687121999974,1.66238389800003,False
fresh_grid.csv,4731,SSA,1,1000,8,22,6030,random,,308.0,grid,,135.78619178741127 -639.71693215756363;-535.43289625006696 -617.12176047886464;957.19461360082209 207.25003332909048;-286.03105751142198 958.03756920874025;538.43398987284786 735.10531234445625;314.71689825078033 -106.78336214788024;-982.92637105710355 183.9984921516712;-680.00304427200001 -173.87839546388338,True,466.2244184176624,158.22441941766238,0.00015298322387277585,True,True,True,112025.57168733964,112025.57168733963,112025.57168733963,False,False,True,True,True,True,2.343601478999972,1.6790335069999855,False
fresh_grid.csv,4733,SSA,1,1000,8,24,6030,random,,308.0,grid,,-313.14321507778055 -191.52241725206108;528.04824810649586 -849.214347542773;-575.7056980635225 622.91908879562061;769.21823465785099 638.98603814756723;-859.1729281483822 -510.47565369231165;-82.104383995067835 274.06819136405903;771.4810697273457 -173.86866342523737;281.54245207959167 -261.00167976740346,True,497.6263775157787,189.6263785157787,2.0799581650659093e-05,True,True,True,111950.1720370322,111950.1720370322,111950.1720370322,True,True,True,True,True,True,2.3537318999997296,1.7458176789999698,True
fresh_grid.csv,4736,SSA,1,1000,8,27,6030,random,,308.0,grid,,-265.54114095509692 304.91246462546394;-886.13838330744682 460.19906737596602;677.18117661902943 -735.81625758886241;-593.48733246188976 -148.69957179418327;316.46331407709664 -273.53130203695719;868.27040127119153 -149.87729361953237;-48.384611447468956 786.48671340500732;327.27828870486132 752.74763255980713,True,377.17494631422517,69.17494731422516,4.555039481854328e-05,True,True,True,112043.53890603068,112043.53890603069,112043.53890603069,False,False,True,False,True,True,2.459507644000041,1.6735692180000115,False
fresh_grid.csv,4841,SLSQP,1,1000,8,12,6030,random,,308.0,grid,,-512.15545848032673 -569.41111729594195;-885.35031763385348 -464.92452723825011;4.20624457755624 -783.95144594903786;485.9821814286974 851.00723160649068;406.91437020095503 -909.95423812534443;-70.934782634274029 642.52635655705944;-484.85182453749485 732.60387054724697;417.3021032709712 -7.1207991551290117,True,387.5459332782436,79.54593427824358,5.18962226829899e-07,True,True,True,111503.79691829946,111503.79691829946,111503.79691829946,True,True,True,True,True,True,3.00633206800012,2.146075830999962,True
fresh_grid.csv,4842,SLSQP,1,1000,8,13,6030,random,,308.0,grid,,-519.50173153285198 -854.06667680115049;-115.36732495708139 -166.38987136124001;-971.84755328411018 -235.61031710363562;-375.97492652355834 565.92461729822912;811.25560980342277 366.11099969124848;978.96039286524024 -174.19381754307352;-529.53266576677163 848.28925962343192;555.28776476450037 831.62828973989349,True,321.4183730232707,13.418374023270701,5.682500796208478e-05,True,True,True,111920.33362528576,111920.33362528576,111920.33362528576,True,True,True,True,True,True,3.206914746000166,2.102874111999995,True
fresh_grid.csv,4866,LXSSA,1,1000,9,7,6030,random,,308.0,grid,,-326.12122356875363 -433.08813119961218;-891.88338647752767 347.55358761766774;512.29311710275658 503.76403124789368;95.638351259423899 597.10742647874508;-500.75787395698319 -865.58717598026294;818.07686344270303 -209.33213708684886;111.29536116416321 -400.2782232493368;-540.18581516170161 802.54117595283026;-140.307050571232 -50.503779133360737,True,425.32069469131915,117.32069569131914,0.00019722431705101917,True,True,True,125562.27990060992,125562.27990060991,125562.27990060991,False,False,True,False,True,True,2.5126794819998395,1.7694960940000328,False
fresh_grid.csv,4873,LXSSA,1,1000,9,14,6030,random,,308.0,grid,,503.55627354422938 -417.61082665116197;617.95366685329827 786.21441961675521;-402.50816278219361 274.63197780277278;-870.37634627203875 -372.60601333992577;-590.16722178517978 643.64149377021602;917.16316300642859 -196.67363422556406;497.91581573232241 437.60897198621376;153.64743077308458 -815.5934484397153;-57.567212728388419 -322.90075100930022,True,368.69342795801464,60.693428958014636,7.700462868140312e-05,True,True,True,125849.89614490312,125849.89614490312,125849.89614490312,True,True,True,False,True,True,2.5438169399999424,1.7524647319999076,False
fresh_grid.csv,4876,LXSSA,1,1000,9,17,6030,random,,308.0,grid,,-143.33386426998769 -617.26171462379955;817.63596987105211 -188.66837778130076;99.417643912413993 -62.901482902079998;419.51632927722522 509.12877869160195;358.23998482758469 -734.02877331032153;-972.14804182430214 234.36731043027481;-605.53115208189683 765.99287630053379;-620.67159476458266 -572.30064422187229;582.82467880147249 99.244790191561094,True,371.5243393183443,63.52434031834429,7.528942979004205e-05,True,True,True,125857.81586816852,125857.81586816852,125857.81586816852,True,True,True,True,True,True,2.5275018289999025,1.8128407589999824,True
fresh_grid.csv,4883,LXSSA,1,1000,9,24,6030,random,,308.0,grid,,570.32030805131581 -401.97796299938926;-80.105595238072084 995.60354467005322;-76.5994591883982 241.33335397021685;590.07051066268104 746.87124711342574;-451.47200265126907 177.98939607796709;246.6005969866934 -517.85366556641077;289.55556294916983 533.19443852362633;-462.55818111920382 -391.74204201318997;-508.15137620572801 -861.26769240224473,True,343.8337240253833,35.83372502538327,7.144217102247785e-05,True,True,True,124768.02918188352,124768.02918188352,124768.02918188352,True,True,True,True,True,True,2.494617475999803,1.8356375780000462,True
fresh_grid.csv,4890,SSA,1,1000,9,1,6030,random,,308.0,grid,,-110.28229039054384 585.70318724067704;-569.36383251727568 -822.08555886341264;392.34267354229655 64.060438101482603;-583.78194770968287 226.20071051338272;-403.17745942118023 -447.33501287664416;722.21702373695939 -564.97974277168316;222.01827282876198 -368.62136320241319;-824.59997194167204 514.51051007551757;-134.9805280205313 -748.4574041856846,True,375.65391162419337,67.65391262419337,8.106473831301264e-05,True,True,True,125553.50165215333,125553.50165215331,125553.50165215331,False,False,True,True,True,True,2.675846850999733,1.789950349000037,False
fresh_grid.csv,4892,SSA,1,1000,9,3,6030,random,,308.0,grid,,-712.15310807590834 466.87132431607404;482.59974951059735 -425.86191425301365;-905.65389061133499 -37.84473927789459;13.098717149056977 -24.821764793132836;232.30038696801202 -727.02666865019569;860.34613592973028 -509.70990571331532;493.17508936330375 813.51730147936087;-256.10545792293038 -322.01811959075974;925.45997614821908 365.17298889149316,True,386.9403288940553,78.94032989405531,0.00017020426696742652,True,True,True,125720.07790809056,125720.07790809055,125720.07790809055,False,False,True,True,True,True,2.613696035999965,1.848311179999996,False
fresh_grid.csv,4895,SSA,1,1000,9,6,6030,random,,308.0,grid,,577.52217776612804 14.537373554959412;-693.46120581184391 -532.63969948424165;362.47184801093778 475.50069649891498;-677.25736108162255 735.74609911721473;346.90518897641044 -686.96004067242643;-27.744998729036841 -489.3383301642836;-2.6738090402107049 748.39470071566973;-444.33659958384732 -895.85987489490708;-203.12133309997938 10.804360633827512,True,423.5765616885466,115.57656268854657,3.6411773183113834e-05,True,True,True,125721.1832647376,125721.1832647376,125721.1832647376,True,True,True,True,True,True,2.649786635000055,1.7751964440000165,True
fresh_grid.csv,4898,SSA,1,1000,9,9,6030,random,,308.0,grid,,576.29119792462461 -241.30541448801134;-528.54161755669872 805.21911181616247;-930.71713581412257 271.69984633848026;37.520989325939752 -462.52094444195615;348.19549831726044 -918.18636477838629;-555.62888411470817 -374.62754393461415;351.74845806004367 438.51687131422563;950.65981452722895 -310.2350856254339;-178.62332157646259 197.71317180848376,True,380.6614777726543,72.66147877265428,5.5345018611456905e-05,True,True,True,125985.22831651558,125985.22831651558,125985.22831651558,True,True,True,True,True,True,2.3878938269999708,1.8199820890000638,True
fresh_grid.csv,4909,SSA,1,1000,9,20,6030,random,,308.0,grid,,628.48519964324123 -762.80334156963545;879.0469591465469 -248.96463694370721;393.48211649784099 -275.30416230052015;601.79833908669707 485.40910470158246;-584.8438800245217 263.32267512790787;-115.48061350783672 585.63479619337272;39.538551701133535 999.21803356309351;-762.50005993433581 646.98758634281955;-350.6811132004467 -326.91281873445115,True,422.80075964654355,114.80076064654355,1.3165840757916158e-05,True,True,True,125965.30484283104,125965.30484283104,125965.30484283104,True,True,True,False,True,True,2.475277735000418,1.7973715559999164,False
fresh_grid.csv,4911,SSA,1,1000,9,22,6030,random,,308.0,grid,,714.88370225914559 699.24302431273395;-186.51545317933267 -159.51833654435154;251.73908871331341 955.51877650280039;73.437636586766203 363.93258809055959;244.27567594975412 -126.28301637719427;565.94680998037654 268.90575153334117;-884.24284071011186 -37.319513245735173;-659.50913037043688 -751.69642757856559;-503.64849124880101 621.46714867623257,True,432.07127125386035,124.07127225386034,9.486183057813468e-05,True,True,True,125797.38780253066,125797.38780253066,125797.38780253066,True,True,True,False,True,True,2.703008686999965,1.8843742739999811,False
fresh_grid.csv,4913,SSA,1,1000,9,24,6030,random,,308.0,grid,,539.05721718884251 620.96511486014435;-551.41867238147893 97.384711152915145;109.17131843611735 -279.21975773120067;560.59750399101233 -449.41987480064921;827.49930924971022 414.67518843163339;-908.7086908064814 401.84698134445733;-255.95892482905688 529.62229664155268;-266.86277457064455 -616.03626969615766;345.25701416309852 -938.5080449404827,True,354.6186320800566,46.61863308005661,0.00012287659490336955,True,True,True,125831.67196676182,125831.67196676182,125831.67196676182,True,True,True,True,True,True,2.517985860000408,1.7599161389999836,True
fresh_grid.csv,4916,SSA,1,1000,9,27,6030,random,,308.0,grid,,-918.77600189827615 -394.77755431577958;538.94888537882025 -553.16751831226895;-457.57751763704766 -808.66663993884492;984.14822092925135 -177.3474768047831;-733.59284934987522 232.58054050298529;802.76670974867989 280.31533736992048;11.858385447105501 951.26054313889051;-3.2745226803980847 -35.700172479061294;-503.50424367013744 714.67917071272348,True,492.29513919645507,184.29514019645507,7.685638604723499e-05,True,True,True,126003.67909998396,126003.67909998397,126003.67909998397,False,False,True,False,True,True,2.580964597000275,1.8037759759999972,False
fresh_grid.csv,4917,SSA,1,1000,9,28,6030,random,,308.0,grid,,661.90976618289722 745.81948921245203;282.00122576369114 -276.86569660977779;15.553622021567355 466.2027133077213;974.45701210582183 -224.29526196255335;-765.61763592754232 643.29588075573793;-190.95900178157208 -224.29626559685553;-390.56898336320552 -780.9775318125694;448.83229506049543 70.154346523672444;-383.45536524700577 383.43073681972862,True,385.039629154009,77.03963015400899,2.3679710582451663e-05,True,True,True,125867.4199654674,125867.4199654674,125867.4199654674,True,True,True,True,True,True,2.3857530390000647,1.8644321089999494,True
fresh_grid.csv,5020,SLSQP,1,1000,9,11,6030,random,,308.0,grid,,-934.85305295519083 66.283545198022054;-529.86086142027693 848.08361013708588;413.99229999794738 254.54138898510217;-44.388214751485357 210.4686998871816;807.02462984515489 511.82448574419544;784.07567242438984 -620.65601688192294;-257.37645905848763 -966.30794083729211;439.55764306419462 -897.94125236397633;190.21815527890263 981.73892122758673,True,442.24402129431905,134.24402229431905,0.0008298762481925005,True,True,True,125527.47602552686,125527.47602552686,125527.47602552686,True,True,True,False,True,True,3.103767940000125,2.1135062340000275,False
fresh_grid.csv,5031,SLSQP,1,1000,9,22,6030,random,,308.0,grid,,242.87266491541783 -308.40055697516141;994.28329886285292 106.77081149527081;-576.2185419553789 159.21958978288208;-984.68139882231435 -142.17677597903472;698.79557083651548 -213.61357443358463;-38.96758285560108 727.30577582039552;422.61759529303902 227.39023665492815;-768.22915183584826 625.81837009291382;-392.01878196579588 704.13232968960517,True,353.810906839689,45.81090783968898,0.000358707585976641,True,True,True,125905.61505468623,125905.61505468625,125905.61505468625,False,False,True,True,True,True,3.0317589410001347,2.1995480549999797,False
fresh_grid.csv,5032,SLSQP,1,1000,9,23,6030,random,,308.0,grid,,605.34425038595145 -482.7600997809509;-865.16940817643933 466.69399815911538;-566.21636521827543 823.58570611628068;916.35188345006736 -192.75025301274167;-354.65573874252851 231.64982926093623;371.05350299038918 -928.61127158203624;128.72961879148167 -633.75731886135134;-587.32430487133297 -634.35158417507353;-165.40083404863626 -184.17804668468352,True,381.6539247646452,73.65392576464518,0.00020310469790526986,True,True,True,125883.91053218974,125883.91053218974,125883.91053218974,True,True,True,True,True,True,3.040073041000141,2.118923644000006,True
fresh_grid.csv,5048,LXSSA,1,1000,10,9,6030,random,,308.0,grid,,699.38828943774115 436.84688997717194;-597.54414784494622 -433.00917574679016;-359.51950597363384 33.832999623803225;-848.27985618833497 -143.55078227388566;29.322366425110523 372.96620264634339;198.54971879202668 882.41180625862626;-229.46961738866059 973.31575868551101;-973.67619144886805 226.50923085070258;587.81513196968524 -765.82275391118878;-225.62015714097976 -364.93877301101315,True,378.1018838749352,70.1018848749352,6.529497693716257e-05,True,True,True,139523.31730691146,139523.31730691146,139523.31730691146,True,True,True,True,True,True,2.6300343769999017,1.9044590839999955,True
fresh_grid.csv,5070,SSA,1,1000,10,1,6030,random,,308.0,grid,,504.94082592778722 862.64018299132954;-252.77692510344966 927.37235924338802;-373.84497743900806 -247.30446002673111;-298.60333338216407 207.26858316710207;-91.531331360022818 -485.62179664699579;383.01719646462914 -406.64954057759866;218.89240116162213 -47.278219927098327;-666.05312195178169 128.71211546022386;777.55224129228475 628.81774639983621;761.27876931078731 106.77458244256577,True,359.1516610578566,51.15166205785658,0.0003779370589452592,True,True,True,138213.44028650998,138213.44028650998,138213.44028650998,True,True,True,True,True,True,2.650986018000367,2.0254353419999234,True
fresh_grid.csv,5073,SSA,1,1000,10,4,6030,random,,308.0,grid,,-369.30870462064433 -680.90815723399533;416.71224660592856 -434.16546384971127;-871.77660507414612 -16.355257854724965;197.21777333661294 -106.48879072362978;185.7065138493231 982.60514105935306;-486.39910375461858 803.08577913757165;921.79921996848429 -32.074932821936756;-34.748957596825178 364.27171318279539;-223.89298450638356 -263.83116694060823;674.8088907317815 -733.42972667737831,True,394.3980551508224,86.39805615082241,0.00011473883648957417,True,True,True,139294.61186030347,139294.61186030347,139294.61186030347,True,True,True,True,True,True,2.762865698000041,1.914759312000001,True
fresh_grid.csv,5075,SSA,1,1000,10,6,6030,random,,308.0,grid,,-50.534590289223914 -328.75333393853271;-463.98682170898309 272.72301768887286;-320.80664976871464 689.79372525590725;397.46584479063523 332.06110895557981;-44.966078951010907 998.98850195642933;-924.39071415149328 -7.6316165243174767;743.61301182161912 -617.03303523766658;-688.17922964567083 627.85747271289313;204.70962618827693 -957.64819996368806;970.2057873725114 -66.161257783139561,True,372.5569913778597,64.55699237785967,1.3351310374469904e-05,True,True,True,139595.6622884736,139595.6622884736,139595.6622884736,True,True,True,True,True,True,2.9619567239997195,1.959996488999991,True
fresh_grid.csv,5077,SSA,1,1000,10,8,6030,random,,308.0,grid,,846.17813755664088 -198.06156433123996;-914.22485572061703 -405.20334560813916;496.28109977789649 -683.43882798529444;484.34472621397487 507.72826709238751;-910.67040715662085 413.13360911237902;-137.69319506880618 519.25544730168065;-129.48955524375407 -543.12201235213308;256.08208565977753 235.41213847457973;-318.38689091479552 -157.32468524169559;-662.83816900585339 -91.726264725886992,True,350.64203363648824,42.64203463648823,1.6275487271537714e-05,True,True,True,139801.98569260258,139801.98569260258,139801.98569260258,True,True,True,True,True,True,2.7395114129999456,1.9015849300000127,True
fresh_grid.csv,5080,SSA,1,1000,10,11,6030,random,,308.0,grid,,587.86273429351854 -808.96060267597068;-328.43513357987916 366.90636669514504;167.16911732705427 -885.58312859525392;-714.33860330121558 284.27793046996635;979.76382903877573 -34.315481752312046;380.47511816412054 -104.16669048427902;-133.06660695855493 -201.37743100120358;833.89601176503959 -337.59682062054509;376.03181812672563 717.89432541742053;184.31429334355204 182.57917418843707,True,336.5367596889114,28.536760688911386,7.547354187206656e-05,True,True,True,139426.08383645397,139426.08383645397,139426.08383645397,True,True,True,True,True,True,2.7468378949997714,1.88887652599999,True
fresh_grid.csv,5081,SSA,1,1000,10,12,6030,random,,308.0,grid,,607.96719497459139 793.96201001927898;-307.29981017670087 -120.78643142323577;869.8225552361248 489.51119525007283;-463.37748434961964 -677.43459042437496;745.1248051714515 -561.81331303402089;411.82987740633439 -911.26043971138654;-711.37436703966216 224.61833224528945;-40.500270610188302 815.39975071456047;242.28011008542254 497.00227766857938;516.53634528803161 -197.37384291495238,True,401.5700789542604,93.5700799542604,0.00010924044261426024,True,True,True,138710.34433063865,138710.34433063865,138710.34433063865,True,True,True,True,True,True,2.850697331999981,1.9881486750000477,True
fresh_grid.csv,5087,SSA,1,1000,10,18,6030,random,,308.0,grid,,187.20418880973958 109.08139556884866;-239.79104933923193 -970.82451833196899;103.47193040745206 -951.01759361340373;450.76112320647695 461.902082778497;-371.5792541269937 -192.5626866978177;705.44263591364086 -492.37900674054708;-666.1135442516977 698.03676712052913;-928.98007813225286 -298.35753840673578;680.08933619916877 723.49849768957563;-60.284383323980059 -583.04974353210957,True,343.83395343011034,35.83395443011034,4.631145204963104e-06,True,True,True,139073.8679202545,139073.8679202545,139073.8679202545,True,True,True,True,True,True,2.7959649309996166,2.1642727180000065,True
fresh_grid.csv,5090,SSA,1,1000,10,21,6030,random,,308.0,grid,,734.30726355391653 558.42367457404055;81.073334891650404 -996.70809215178576;-686.25284125336896 189.13610310471404;246.02487241625849 926.855969692136;551.19750220536878 -124.71920559452498;-843.62871127933488 -314.94408846137844;-313.07418732125808 -541.66363487872593;-310.64331132704422 529.93347008640751;249.16465843013052 -469.47480913320805;717.63322938355077 -659.90286329340768,True,458.3451373040616,150.3451383040616,4.770434793752065e-05,True,True,True,139833.44343278735,139833.44343278735,139833.44343278735,True,True,True,True,True,True,2.755858986000021,1.8862936610000247,True
fresh_grid.csv,5195,SLSQP,1,1000,10,6,6030,random,,308.0,grid,,-210.79591604591172 -977.31392360743359;-885.49466055760286 -39.089004354594607;746.29458840714551 -665.59090959921195;660.10630801826028 747.97982249485437;-661.08156701387747 -453.63566901890516;-172.35609664406846 962.19541364712734;193.04506256450924 981.18976451688252;-224.68014500680655 39.103021223828414;-24.281618930201581 -615.92717521432019;526.65407691299663 -317.18178668635437,True,365.8945100926437,57.89451109264371,0.00012591339248299482,True,True,True,138936.91264190403,138936.91264190405,138936.91264190405,False,False,True,True,True,True,3.2417619319999176,2.306597116000006,False
fresh_grid.csv,5199,SLSQP,1,1000,10,10,6030,random,,308.0,grid,,125.19625709154857 639.7473452954614;-757.68335392694246 480.09702441027855;-260.04198068673224 309.47002115135297;-465.28783123079864 804.49718688448786;-494.65790360094235 -539.84915778697848;-49.415614187970888 -998.77815741765198;316.97341603117252 -948.4340452849616;-8.9669266195718738 999.9539824205367;928.17874157139511 -138.46985294765994;317.07879325305913 -86.919525462650441,True,369.8316523654422,61.83165336544221,0.00014566992331563233,True,True,True,139032.40363337196,139032.40363337196,139032.40363337196,True,True,True,True,True,True,3.2389598039999328,2.3574109110000165,True
fresh_grid.csv,5210,SLSQP,1,1000,10,21,6030,random,,308.0,grid,,-122.44876566483833 444.24811729944992;-564.33160022223444 732.28171142952147;847.73851565121527 530.41377410714585;-81.873075545632105 -972.20880097516078;-423.37930193828743 -731.2231068183213;-339.93391605745296 -8.2346640290924569;209.93269021905311 -396.26493910778316;518.85812783444953 472.6471719013179;720.147824035501 -653.86629930282015;211.18552198948447 329.41540997728237,True,333.91509373029635,25.915094730296346,0.0003196594947237609,True,True,True,138666.58593578055,138666.58593578057,138666.58593578057,False,False,True,True,True,True,3.054623413999707,2.2378563149999877,False
fresh_grid.csv,5246,LXSSA,1,1000,11,27,6030,random,,308.0,grid,,644.06595505674238 -577.49493648849239;-487.5729598016859 529.85470112874123;-283.81266065540723 958.87942179057382;161.12701560515677 480.46949056663414;127.58129736932385 -265.41318047475573;311.53699547245242 791.02259958886066;-190.42333945184399 -538.91138232881588;-190.57551136057597 155.37069204523385;807.41550588476161 340.28079264360559;-939.62256737298446 284.81324732719247;-333.79400341811157 -930.12632306622561,True,345.0599883600693,37.05998936006932,0.000315059186052873,True,True,True,152054.54758542392,152054.54758542392,152054.54758542392,True,True,True,True,True,True,2.6930094020003708,2.004073797999979,True
fresh_grid.csv,5255,SSA,1,1000,11,6,6030,random,,308.0,grid,,-656.32972176308999 -210.59049752168124;293.99087078051559 -477.21847717707288;143.88673808065207 -30.665386969792888;138.71705170800522 -988.04324529314442;786.87266850289188 583.59766510299016;-279.60586767043958 295.0604788168182;863.26346210944541 -504.75320963392591;-78.524239456281791 840.96405205001986;-901.35432248554241 363.98722973435667;-449.85491097563482 -626.59832563727014;604.33550694813232 -81.638879963839784,True,463.2616601226486,155.2616611226486,0.00019717555130935216,True,True,True,153025.5137002865,153025.5137002865,153025.5137002865,True,True,True,True,True,True,2.8396287669997946,2.052085042999977,True
fresh_grid.csv,5263,SSA,1,1000,11,14,6030,random,,308.0,grid,,-392.6103455100066 339.0317624045943;-371.37960037684866 -928.4811069404509;551.54374698753372 -790.39751016854041;522.5359733240067 644.11780485384907;941.85393243626584 52.675964295363919;657.47619512211759 251.76310366966555;-122.75849995974089 -631.91435458791739;829.15038184604873 -275.46685230118146;293.7073561974949 -88.899868649775044;-572.68686467762393 760.75492349042622;-851.18759272334762 -520.90836779912001,True,346.9579202144774,38.95792121447738,1.423928370311478e-05,True,True,True,153236.53024771326,153236.53024771326,153236.53024771326,True,True,True,True,True,True,2.9043331030002264,2.1187534339999843,True
fresh_grid.csv,5400,LXSSA,1,1000,12,1,6030,random,,308.0,grid,,-804.93684237148079 482.83828687603972;107.99692420167564 -87.673607092934191;740.60150967601828 -59.863159026470541;-194.45383391816628 392.84310107191931;618.12060073376881 -583.70569119626441;-546.49244648092349 -66.653767147080018;135.47394024114158 875.882603373449;-708.4801075468921 -515.13453517892765;363.53738140500013 85.441104599905529;379.23391327552673 -912.47783735760174;-329.06263121213726 669.87214633909946;-188.89221241804134 -466.98152384786522,True,308.00100686617037,0.001007866170368743,11.853167453954827,True,True,True,165919.1421509774,165919.1421509774,165919.1421509774,True,True,True,False,True,True,3.087771849000092,2.1782625379999843,False
fresh_grid.csv,5441,SSA,1,1000,12,12,6030,random,,308.0,grid,,-580.1644138560265 -630.03687278694622;366.25480551183335 396.63399238124782;752.47760194010823 250.1898595194728;-346.06373830767143 395.76249641581438;-949.80764028301644 -244.28338505676282;-192.07980765622139 -981.37928392877802;-677.82460565767974 733.59353684104985;-485.28477326412207 109.13550273801678;574.56456887498598 -290.99190392117924;248.10409291890809 -412.61144940827955;-134.67562264376113 -384.28432463421353;378.13568663446546 -760.20104200416961,True,318.6495411562952,10.649542156295183,2.5283094262500527e-05,True,True,True,165995.3385768663,165995.3385768663,165995.3385768663,True,True,True,True,True,True,2.99682940799994,2.255500043999973,True
fresh_grid.csv,5559,SLSQP,1,1000,12,10,6030,random,,308.0,grid,,-324.45126776330818 -627.67025530877061;-63.20660283336808 -995.75789831515112;464.93138187378122 -871.80331262170148;-202.70959735893567 925.37979435537602;998.71367898859023 -50.695300061484119;655.20817022935819 -161.8579578966332;210.94541228615284 977.49766097411123;67.80768964647369 44.209838761382933;-915.2680729393594 -265.47366686561861;-709.3627466904494 -704.79264476890057;-348.30573706870604 492.73190559791283;-699.89411809221815 714.24592363797274,True,361.04455548437966,53.044556484379655,0.00017891279913126345,True,True,True,166507.87198514104,166507.87198514104,166507.87198514104,True,True,True,True,True,True,3.2659555660002297,2.4988040119999937,True
fresh_grid.csv,5656,PSO,1,1000,13,17,6030,random,,308.0,grid,,-321.0698049798487 -195.52734315102543;723.12971088626784 642.77129304785956;-530.90660462384074 168.10323560300978;271.59936363799159 -401.5368050698691;384.72964055592371 842.33358015884914;762.19046578467123 302.16079441474528;2.5490215309972083e-05 1000;564.14718468826572 -724.70139883769923;-737.08584974130633 530.73757216233366;-259.75627608195163 -793.81321697686474;-772.64437323848756 -505.87767523000849;-868.41260251899826 -163.83007953675514;807.46354100963651 -464.29766569916063,True,342.84290039656923,34.84290139656923,9.999996589394868e-07,True,True,True,173745.4648138252,173745.4648138252,173745.4648138252,True,True,True,True,True,True,3.5132272590003595,2.6020168670000032,True
fresh_grid.csv,5741,SLSQP,1,1000,13,12,6030,random,,308.0,grid,,837.65019839475917 -322.14004406122132;-775.88166593691835 -89.13749906138257;-753.70936632204007 656.55987086178141;-360.03845276507025 49.583224829493794;-784.77237739048735 -618.78762924513705;191.05591213054026 -908.55491817031327;-25.055549884076886 918.17614489122889;-157.53560246782075 -983.88754177638725;623.19656659732425 355.14587390429654;535.16192750434959 -758.80226535900897;-309.74932081794032 503.75217341901646;-436.82175265701881 -546.44637087454544;-558.64689933645366 -829.40559411452227,True,308.07026532925386,0.07026632925385456,2.156651251221774e-06,True,True,True,178488.45991489745,178488.45991489745,178488.45991489745,True,True,True,True,True,True,3.53942478099998,2.811928242999997,True
fresh_grid.csv,5786,LXSSA,1,1000,14,27,6030,random,,308.0,grid,,-813.80893299436934 -517.41917035295273;-204.46232042829683 -812.90902565798854;184.23698803927039 -148.48109867189692;-95.300341742732328 450.0013387866353;215.04976381016084 707.51896373158934;511.12114913353201 3.3044482879929413;-401.31128887451149 484.9493631455889;200.30870617109113 256.71836582127844;872.72364665655175 378.6301647843008;572.86472762474773 525.93415077260931;850.33873466074306 -518.41188677867444;-402.89524643683552 -296.49647268308053;-670.15885597697263 -114.62580567854926;505.68960218911627 -811.5747461717533,True,308.0001041738177,0.00010517381770114298,4.094961341168417,True,True,True,193007.404228739,193007.404228739,193007.404228739,True,True,True,True,True,True,3.5019859760000145,2.645669583,True
fresh_grid.csv,5918,SLSQP,1,1000,14,9,6030,random,,308.0,grid,,197.32057363970893 -741.54207679526064;201.67127237098148 599.30125360612737;-183.98515835949789 -970.34440708469185;-562.9756028278166 92.746190801557944;326.03447981066086 945.35775022097494;776.40977657458586 -487.38616522407028;-773.49102495779277 633.80714982988036;-30.24161223816391 999.51189141158284;-865.70829491075619 -314.23374874063626;495.46009403411801 47.373573680305732;637.49762171538998 534.68936182468417;-290.7720848173368 -231.78124238417089;-453.01568170106628 668.33340265256913;-142.83670339788569 680.46829201325534,True,310.41625943400754,2.4162604340075404,6.65671354934384e-05,True,True,True,191819.2538943705,191819.2538943705,191819.2538943705,True,True,True,True,True,True,6.340536119000717,5.184590708000002,True
fresh_grid.csv,5972,SSA,1,1000,15,3,6030,random,,308.0,grid,,160.91021574064473 -430.196675353312;-808.86594544504999 -416.35033279103129;191.0134845889533 -981.58727773322903;715.3429677357633 95.019250256343298;-681.04753946813128 721.4457788697074;-285.16102288790216 659.05684272023302;-432.5987686033007 -480.50790467138734;-932.07105395306723 -66.008934882096668;230.59219449980816 938.90216028099485;906.96814645749146 369.77789439740974;406.39152024760403 542.97247467348029;546.04016851197412 -752.78043135008159;696.8316009520471 -302.98373413478555;-409.06648597889335 31.000895092606964;-137.67296958899013 -236.43404891193896,True,334.98137507982653,26.981376079826532,0.0001334487359397608,True,True,True,205245.4332163201,205245.43321632012,205245.43321632012,False,False,True,True,True,True,3.763933289999841,2.7704763119999996,False
fresh_grid.csv,5982,SSA,1,1000,15,13,6030,random,,308.0,grid,,-82.492380760413113 996.59165638880177;-80.886324750676749 336.06505901724603;605.4490902406086 -795.2437892759732;-794.24417462238171 -486.18626993675463;-56.913329860092894 11.783141388456436;290.5597126517722 -873.61019164764343;-401.90325304207551 -738.86731154453389;-21.044692922274805 680.92328912363155;-893.77415142615541 262.69000658628391;403.34958238785259 891.79162384807523;528.31568745492257 542.39201511406429;-375.62377550806252 234.49431417569656;877.26215207219991 -456.95805987237901;-332.50780169585443 -176.36943731698381;-524.78968478416618 534.09742793095984,True,311.7479447993676,3.747945799367585,3.976635241795156e-05,True,True,True,200514.17328236456,200514.17328236456,200514.17328236456,True,True,True,True,True,True,3.601680065000437,2.7742886479999953,True
fresh_grid.csv,5990,SSA,1,1000,15,21,6030,random,,308.0,grid,,260.11090260309408 -296.71083385753656;-745.42576592978889 654.09204391750598;386.09201095117629 922.46025128986196;-264.52371585862835 189.65228770890064;-758.11320354723853 -32.272014674248602;-258.29866943927891 -668.93724096959829;465.18208137938581 487.55373673552128;685.56361663883001 228.79289587008532;-458.57627577164902 789.4240726156354;827.09898741264396 -59.767333590839648;-469.22509005163374 -342.43766497306746;-729.91707031600345 -581.98078574029034;832.87147270084279 525.07566772823509;-33.346498362252504 588.60239527505007;142.70515626856729 -618.83547572866757,True,317.17091290901203,9.170913909012029,2.293496095515002e-05,True,True,True,205127.80104805809,205127.80104805806,205127.80104805806,False,False,True,True,True,True,3.471922931000336,2.7742998279999966,False
fresh_grid.csv,5999,SSA,1,1000,15,30,6030,random,,308.0,grid,,-215.23552338110676 -447.17309670171699;-73.279404708547602 997.31140552550505;-64.317417539407558 75.641399879725668;-73.817413598609264 -825.61981937204212;-36.801490805917247 541.05952638186739;412.63157239472412 -603.88087243965902;-439.38979401419016 380.26999753842802;956.52728223957013 152.20042697239677;-865.10696375807129 -32.165469025878444;-448.23356153837597 -176.55820180347271;766.32410705887366 -514.81669371168903;-596.37842006028632 -570.35885115758879;483.62691903522847 -185.84959176380809;-446.82794431534296 -894.40596132098574;320.69879763824969 309.56631242409549,True,356.8919646066406,48.89196560664061,4.562715230602043e-05,True,True,True,205780.11335598875,205780.11335598875,205780.11335598875,True,True,True,True,True,True,3.698588218999248,2.6953397730000006,True
fresh_grid.csv,6010,PSO,1,1000,15,11,6030,random,,308.0,grid,,255.20719412392395 -126.63748109254756;-678.47294961738532 657.86595031189108;-702.27143796555151 -80.53418162409335;-413.94591780763284 491.09092032683105;-330.07817061073177 -612.90102207168411;-238.36126810206414 -269.1679122631628;635.77946155760026 30.041258258970238;62.903452355692473 -741.12716567257962;415.573697559783 -476.39741581643682;54.496574542813562 454.06875268760456;1000 -5.397093399972519e-06;-161.30178057280852 192.03440466620259;381.22620583781509 680.37763333316491;-40.500683160182518 874.2606905837838;-641.59595982474525 -418.2331921401119,True,312.7114663465276,4.71146734652757,1e-06,True,True,True,201399.7544341116,201399.75443411162,201399.75443411162,False,False,True,True,True,True,3.8708192160002,2.843118318000002,False
fresh_grid.csv,6090,SLSQP,1,1000,15,1,6030,random,,308.0,grid,,-979.25799056237338 -45.214823132400632;943.10680904639548 -110.62791355266155;524.34823019454655 -508.07478570665774;-450.48826218804868 -499.26547125791154;582.2946043336334 503.65108382011096;338.98535040953215 -151.80591220151354;181.23912839415013 -979.1103511668781;-114.43036488369127 -389.56178198958469;-215.82200219248614 -976.43256552578805;322.78055946239783 858.19607175689657;83.099330211826995 418.60170949096477;-698.26854136223915 -715.83575233217061;-96.130862374884998 967.69125206409228;-346.03863518783572 507.50305379441733;-92.806765568992134 117.52100665488045,True,329.08624005300396,21.08624105300396,0.00011091344913691136,True,True,True,206569.1713457108,206569.1713457108,206569.1713457108,True,True,True,False,True,True,3.922822599999563,3.069011611999997,False
fresh_grid.csv,6099,SLSQP,1,1000,15,10,6030,random,,308.0,grid,,556.7260783614679 135.9877789270935;814.14259891625909 -575.93789332923222;-687.25048977964627 -717.21968929285038;-784.52854290291043 526.97198113889283;-960.6336405826105 268.22290558455995;156.98027048147449 679.26515938083048;-582.02791136583005 813.16838633410453;-190.22844370300015 63.391477885058883;-280.21908123442302 892.57901771115667;-383.77642492112068 -775.53209386984884;-77.616378743062739 -996.98008402925404;394.32644201771541 -917.27317146650023;18.074670990464853 999.03959234186254;949.50082190588546 259.1495264562576;401.91080452714715 -227.59483321222621,True,309.02563739811,1.0256383981100043,0.0003439290178473821,True,True,True,205932.7933613144,205932.7933613144,205932.7933613144,True,True,True,True,True,True,4.047869830000309,3.0538143690000012,True
fresh_grid.csv,6270,SLSQP,2,500,2,1,6030,random,,308.0,grid,,64.887878829105844 495.77168458103603;-65.63838546849145 -495.67287845459606,True,999.9997136221598,691.9997146221598,9.17624961653928e-07,True,True,True,14620.254132363683,14620.254132363683,14620.254132363683,True,True,True,True,True,True,2.260328206999475,1.6030613960000437,True
fresh_grid.csv,6272,SLSQP,2,500,2,3,6030,random,,308.0,grid,,372.51118112047317 333.51974453621813;-95.608448895974803 -490.76996280412374,True,947.9396128625297,639.9396138625297,9.447258574036823e-07,True,True,True,14630.75678936933,14630.75678936933,14630.75678936933,True,True,True,False,True,True,2.268022399000074,1.580433869999979,False
fresh_grid.csv,6275,SLSQP,2,500,2,6,6030,random,,308.0,grid,,-191.50241318496904 -461.87317087634995;191.13288720577938 462.0262107829397,True,999.9999202677649,691.9999212677649,7.68959412449476e-07,True,True,True,14618.234368082183,14618.234368082183,14618.234368082183,True,True,True,False,True,True,2.4348185850003574,1.6742305779999924,False
fresh_grid.csv,6276,SLSQP,2,500,2,7,6030,random,,308.0,grid,,180.63820831318284 466.22938313637604;-385.24105279994035 -102.13067236516339,True,802.0302306320176,494.0302316320176,9.976774347487662e-07,True,True,True,14630.75678936933,14630.75678936933,14630.75678936933,True,True,True,True,True,True,2.4827303179999944,1.5444862350000221,True
fresh_grid.csv,6278,SLSQP,2,500,2,9,6030,random,,308.0,grid,,-48.999614922924579 -497.59305221174839;55.659754380910186 496.89223970398467,True,999.9772894520142,691.9772904520142,9.486422340185163e-05,True,True,True,14620.249313888937,14620.249313888935,14620.249313888935,False,False,True,True,True,True,2.461090510999384,1.645936368999969,False
fresh_grid.csv,6279,SLSQP,2,500,2,10,6030,random,,308.0,grid,,105.60617765890115 -488.71973040264618;329.71407219698699 375.88379960604408,True,893.1761374431037,585.1761384431037,7.890033682779176e-07,True,True,True,14630.75678936933,14630.75678936933,14630.75678936933,True,True,True,True,True,True,2.399110864999784,1.6375488890000724,True
fresh_grid.csv,6281,SLSQP,2,500,2,12,6030,random,,308.0,grid,,64.887886973375672 495.77168346577537;-65.638383310626679 -495.6728786560289,True,999.9997134975332,691.9997144975332,9.976414528646273e-07,True,True,True,14620.254132362024,14620.254132362024,14620.254132362024,True,True,True,True,True,True,2.357851695000136,1.5891340670000318,True
fresh_grid.csv,6282,SLSQP,2,500,2,13,6030,random,,308.0,grid,,-93.898344187610604 -491.10395467004128;489.72661473796143 100.83572208011648,True,831.2705176968308,523.2705186968308,9.698778196943749e-07,True,True,True,14630.75678936933,14630.75678936933,14630.75678936933,True,True,True,True,True,True,2.3133517389997,1.5936072920000015,True
fresh_grid.csv,6284,SLSQP,2,500,2,15,6030,random,,308.0,grid,,-172.32951764183474 -469.36387919275006;94.997725865113196 490.89243922365029,True,996.7728187403799,688.7728197403799,4.6193513642516334e-05,True,True,True,14630.75678936933,14630.75678936933,14630.75678936933,True,True,True,False,True,True,2.3933468199993517,1.5265526489999957,False
fresh_grid.csv,6287,SLSQP,2,500,2,18,6030,random,,308.0,grid,,63.224437395917541 495.98656144370602;-64.356283055932636 -495.84097028273652,True,999.9993464605767,691.9993474605767,2.0202990665675313e-06,True,True,True,14620.254068710876,14620.254068710876,14620.254068710876,True,True,True,False,True,True,2.447489502999815,1.6804132789999358,False
fresh_grid.csv,6288,SLSQP,2,500,2,19,6030,random,,308.0,grid,,491.36919882473831 92.500326857684485;-96.89586952837017 -490.5213428528449,True,828.2330939998359,520.2330949998359,9.775563424009305e-07,True,True,True,14630.75678936933,14630.75678936933,14630.75678936933,True,True,True,True,True,True,2.397096879000856,1.776574439000001,True
fresh_grid.csv,6294,SLSQP,2,500,2,25,6030,random,,308.0,grid,,-244.48214261296135 -436.15110984747633;429.42019888466433 256.12163673845237,True,966.1189996794432,658.1190006794432,9.84271596531471e-07,True,True,True,14630.75678936933,14630.75678936933,14630.75678936933,True,True,True,True,True,True,2.3598517159998664,1.5712003259999392,True
fresh_grid.csv,6298,SLSQP,2,500,2,29,6030,random,,308.0,grid,,66.812056778855109 495.51593010400438;-72.739401310755341 -494.68051638623928,True,999.9818058829082,691.9818068829082,0.00011308215505575936,True,True,True,14620.25334084564,14620.25334084564,14620.25334084564,True,True,True,True,True,True,2.4700824120000107,1.573288985999966,True
fresh_grid.csv,6300,LXSSA,2,500,3,1,6030,random,,308.0,grid,,-113.96612596734356 105.10333161175056;-39.278285937224673 498.45482471026327;-238.24282766996083 -439.59110748193905,True,400.37940827569287,92.37940927569286,4.976894333845848e-06,True,True,True,21897.72250443661,21897.72250443661,21897.72250443661,True,True,True,True,True,True,1.8920027980002487,1.3655960159999267,True
fresh_grid.csv,6304,LXSSA,2,500,3,5,6030,random,,308.0,grid,,166.06210362936395 -471.61779412349546;215.17574016161996 -47.837149658333857;-91.964878092536296 491.46965122006304,True,426.61713973623966,118.61714073623966,3.500427976885112e-05,True,True,True,21888.51466775675,21888.51466775675,21888.51466775675,True,True,True,True,True,True,1.771965368000565,1.1940721920000215,True
fresh_grid.csv,6309,LXSSA,2,500,3,10,6030,random,,308.0,grid,,-39.913520218159064 -8.8833142779920564;81.787325943003765 493.26546014136659;-73.096117099074107 -494.62809601233482,True,486.8768609390937,178.87686193909371,5.300250964206498e-06,True,True,True,21899.781636366395,21899.781636366395,21899.781636366395,True,True,True,True,True,True,1.8487019089998284,1.1962182170000233,True
fresh_grid.csv,6311,LXSSA,2,500,3,12,6030,random,,308.0,grid,,-112.02712678997716 -79.492988308260465;320.66066999065885 383.636189136349;-172.35074799803942 -469.35616774018308,True,394.5025195767719,86.50252057677187,8.468765488738428e-06,True,True,True,21890.49613465687,21890.49613465687,21890.49613465687,True,True,True,True,True,True,1.8366483680001693,1.271692362000067,True
fresh_grid.csv,6313,LXSSA,2,500,3,14,6030,random,,308.0,grid,,-30.832619616560361 -499.04841388960693;83.087865150997615 493.04807058222292;4.2512626329351253 -12.774469557038516,True,487.5379244022462,179.53792540224617,7.759797031463677e-06,True,True,True,21899.741501072345,21899.741501072345,21899.741501072345,True,True,True,True,True,True,1.922995165999964,1.1859581349999644,True
fresh_grid.csv,6315,LXSSA,2,500,3,16,6030,random,,308.0,grid,,119.6718142609167 485.46745908510002;49.258074585224023 -9.7615374286047825;-54.28968167629295 -497.04386952257551,True,498.16283381815356,190.16283481815356,4.040957437860925e-06,True,True,True,21899.73223365401,21899.732233654006,21899.732233654006,False,False,True,False,True,True,1.7894715090005775,1.2265423240000928,False
fresh_grid.csv,6316,LXSSA,2,500,3,17,6030,random,,308.0,grid,,-96.638776774075467 25.825558731122673;-176.4086581538231 -467.84609885190571;-1.0263027459228549 499.99893556097214,True,483.7170004083034,175.71700140830342,1.2140568631162751e-05,True,True,True,21899.164765677862,21899.164765677866,21899.164765677866,False,False,True,True,True,True,1.780886193999322,1.2221232280001004,False
fresh_grid.csv,6317,LXSSA,2,500,3,18,6030,random,,308.0,grid,,159.35792528885838 473.92513175005371;-8.0784501642323292 -499.9347156828581;90.119224472449218 -0.27417417822911871,True,479.22748192649533,171.22748292649533,1.969804418674903e-05,True,True,True,21899.38557937797,21899.385579377966,21899.385579377966,False,False,True,False,True,True,1.8074772849995495,1.1994207470002038,False
fresh_grid.csv,6319,LXSSA,2,500,3,20,6030,random,,308.0,grid,,26.430420275629395 37.596896845420879;-79.937107943828167 -493.56865733814027;107.98830209395842 488.1992675595996,True,457.92377594959044,149.92377694959043,2.7651344705882363e-06,True,True,True,21899.7941217642,21899.7941217642,21899.7941217642,True,True,True,False,True,True,1.9001037139996697,1.2193184570000994,False
fresh_grid.csv,6321,LXSSA,2,500,3,22,6030,random,,308.0,grid,,11.487540655634572 -14.014893558424639;-70.086755875591209 -495.06344909182849;56.92958793277262 496.74844809843603,True,487.9160569558443,179.91605795584428,2.3296001384333065e-06,True,True,True,21899.802338759924,21899.802338759924,21899.802338759924,True,True,True,True,True,True,1.852300214999559,1.2054634080000142,True
fresh_grid.csv,6325,LXSSA,2,500,3,26,6030,random,,308.0,grid,,-334.10313404319174 -225.41264214164818;449.00933189054047 -219.93768480924609;-206.21082969385222 455.49642148284499,True,692.8157001957795,384.8157011957795,0.00010473330627544419,True,True,True,21929.968837128064,21929.968837128064,21929.968837128064,True,True,True,True,True,True,1.7629665659997045,1.2038074829999914,True
fresh_grid.csv,6326,LXSSA,2,500,3,27,6030,random,,308.0,grid,,-60.921006413189374 51.648533762417372;-292.73560339954776 -405.34659708769522;-38.337671255017788 498.52804833836751,True,447.4497821817585,139.4497831817585,3.7317283866068462e-06,True,True,True,21895.15797795898,21895.15797795898,21895.15797795898,True,True,True,True,True,True,1.811667046000366,1.227017147999959,True
fresh_grid.csv,6328,LXSSA,2,500,3,29,6030,random,,308.0,grid,,-85.570058064208894 86.129794483439639;-6.8063285447578261 499.95366875382587;-92.15092574790495 -491.43484247057251,True,421.25280296274076,113.25280396274076,3.489727705778932e-06,True,True,True,21899.38056720549,21899.380567205495,21899.380567205495,False,False,True,False,True,True,1.875813591000224,1.2404598370001167,False
fresh_grid.csv,6329,LXSSA,2,500,3,30,6030,random,,308.0,grid,,76.114538136332641 494.17260634254171;-104.69745665114215 -488.91555986420178;5.0163430357771261 36.161602041518819,True,463.4965300920691,155.49653109206912,1.3224912268266053e-05,True,True,True,21899.828793073168,21899.828793073168,21899.828793073168,True,True,True,True,True,True,1.9150177929996064,1.1957517969999572,True
fresh_grid.csv,6330,SSA,2,500,3,1,6030,random,,308.0,grid,,-54.522778047442948 497.01836645294395;-127.34844266111813 -483.51044537339527;-91.983000463852932 2.430732263504769,True,487.22637718512874,179.22637818512874,1.1082436517677707e-05,True,True,True,21899.078548688856,21899.078548688856,21899.078548688856,True,True,True,False,True,True,1.772257169999648,1.2356984979999197,False
fresh_grid.csv,6336,SSA,2,500,3,7,6030,random,,308.0,grid,,-121.88353785946087 -484.91688569768934;-20.147523655550344 499.59389718719973;-67.283323678258881 13.599707430748108,True,488.2746523431364,180.27465334313638,1.6183854941369646e-05,True,True,True,21899.451762952405,21899.451762952405,21899.451762952405,True,True,True,True,True,True,1.7920045450000543,1.2219463110000106,True
fresh_grid.csv,6337,SSA,2,500,3,8,6030,random,,308.0,grid,,-53.370127624117785 2.0406350873059229;56.120896375457882 496.84046216559364;-121.37402916290888 -485.04465101364423,True,491.80952264117667,183.80952364117667,1.1450944182579405e-06,True,True,True,21899.701576985062,21899.701576985062,21899.701576985062,True,True,True,False,True,True,1.7949303470004452,1.2221510469998975,False
fresh_grid.csv,6338,SSA,2,500,3,9,6030,random,,308.0,grid,,-22.627562008230885 499.48769998630439;-122.20968016217155 -484.83480748025659;-106.67869945376965 31.221525725500822,True,475.74972796916876,167.74972896916876,4.530242281613027e-06,True,True,True,21899.45426968644,21899.454269686437,21899.454269686437,False,False,True,False,True,True,1.729388084000675,1.1931511810000757,False
fresh_grid.csv,6340,SSA,2,500,3,11,6030,random,,308.0,grid,,-14.443781034915773 499.79132818212713;-60.197758125724221 40.908325962787004;-126.27649265096272 -483.79152159832819,True,461.1583634126797,153.1583644126797,6.463360764679237e-06,True,True,True,21899.477477016397,21899.477477016393,21899.477477016393,False,False,True,True,True,True,1.7662086199998157,1.1820104579999224,False
fresh_grid.csv,6342,SSA,2,500,3,13,6030,random,,308.0,grid,,457.58947228778226 201.52326638719313;-388.60180077352612 -14.307708082436173;-188.07700971455517 -463.27848757571161,True,491.71633353798944,183.71633453798944,8.236639894473774e-05,True,True,True,21905.667338395044,21905.667338395044,21905.667338395044,True,True,True,True,True,True,1.779576865999843,1.1885150770001474,True
fresh_grid.csv,6343,SSA,2,500,3,14,6030,random,,308.0,grid,,242.21676938826778 -421.3498602591111;26.414140630570085 424.70580255885341;-438.61705553893773 -240.03124489455445,True,704.564501974609,396.564502974609,8.106472921806562e-05,True,True,True,21924.49540006615,21924.49540006615,21924.49540006615,True,True,True,True,True,True,1.724269734999325,1.1868564239998705,True
fresh_grid.csv,6346,SSA,2,500,3,17,6030,random,,308.0,grid,,-5.7859027283293676 -499.96652025549372;29.637003220811366 0.60476440696837075;100.74623742230635 489.74502702249885,True,494.28202445599135,186.28202545599135,2.9532312762748913e-06,True,True,True,21899.683589082037,21899.683589082033,21899.683589082033,False,False,True,True,True,True,1.7416467210005069,1.1814969259999089,False
fresh_grid.csv,6347,SSA,2,500,3,18,6030,random,,308.0,grid,,24.344137611878828 499.40700337374921;-146.7524238884954 -477.97875704350366;-58.885166665756728 35.894285020127882,True,470.9258510276355,162.92585202763547,8.945186041524722e-06,True,True,True,21899.55724601728,21899.557246017277,21899.557246017277,False,False,True,True,True,True,1.7013456750000842,1.202491954000152,False
fresh_grid.csv,6349,SSA,2,500,3,20,6030,random,,308.0,grid,,94.54395678078599 -490.98007337150779;-238.41744345005699 105.11967636590714;-157.27036146038654 474.62198971909442,True,378.3078223996899,70.30782339968988,1.2812071784319414e-06,True,True,True,21889.25443229225,21889.254432292255,21889.254432292255,False,False,True,True,True,True,1.8096057590000785,1.226729528000078,False
fresh_grid.csv,6350,SSA,2,500,3,21,6030,random,,308.0,grid,,383.89924002639754 0.83974615286420418;-105.96139310623107 -488.47107894454319;135.89933517603097 481.17703970435855,True,540.5810470060575,232.58104800605747,2.8160063666542556e-05,True,True,True,21909.0992428202,21909.0992428202,21909.0992428202,True,True,True,True,True,True,1.7344514970000091,1.1983222619999196,True
fresh_grid.csv,6352,SSA,2,500,3,23,6030,random,,308.0,grid,,157.87382178012035 10.563453483110797;189.15357077813852 462.84005376539454;47.955179308222874 -497.69498268045243,True,453.3569739843865,145.3569749843865,5.992220397070923e-06,True,True,True,21898.67111019309,21898.671110193092,21898.671110193092,False,False,True,True,True,True,1.6796773969999776,1.1972834279999915,False
fresh_grid.csv,6353,SSA,2,500,3,24,6030,random,,308.0,grid,,-31.949943359022964 498.97813527582377;-271.56951159878884 -419.82125804928774;-257.80471972134438 32.93237495037922,True,452.9628259469274,144.9628269469274,2.263601737947829e-05,True,True,True,21895.658967270665,21895.658967270665,21895.658967270665,True,True,True,True,True,True,1.917448655000044,1.178523893000147,True
fresh_grid.csv,6354,SSA,2,500,3,25,6030,random,,308.0,grid,,64.773465882132427 495.77711402168126;47.491162053844029 -497.73947419992459;417.10051182334121 -112.50699759581873,True,533.8680852678528,225.86808626785285,6.349958144051925e-06,True,True,True,21911.875201401635,21911.875201401635,21911.875201401635,True,True,True,True,True,True,1.8167682180001063,1.2100543420001486,True
fresh_grid.csv,6357,SSA,2,500,3,28,6030,random,,308.0,grid,,27.431800302785199 -499.2469086206907;178.85843951598861 466.9150371048201;123.86270002004969 -56.102352361021197,True,453.5151774338545,145.5151784338545,7.739309981185216e-06,True,True,True,21898.631513556757,21898.631513556753,21898.631513556753,False,False,True,True,True,True,1.8394824590004648,1.2563908749998518,False
fresh_grid.csv,6358,SSA,2,500,3,29,6030,random,,308.0,grid,,-110.52277483860439 -56.051337794954918;-73.787333971614842 494.52543618018217;-172.26340617795819 -469.38820934567281,True,417.9225705097975,109.92257150979748,2.3316162471724966e-05,True,True,True,21897.79282403601,21897.79282403601,21897.79282403601,True,True,True,True,True,True,1.8419087579995903,1.1807872159999988,True
fresh_grid.csv,6396,DE,2,500,3,7,6030,random,,308.0,grid,,-72.654481656549109 -494.69280982127657;66.228418070446082 495.58824467548607;-27.447428425353849 25.508003078617463,True,479.32306199104903,171.32306299104903,0.00035120647112560257,True,True,True,21899.91642865669,21899.91642865669,21899.91642865669,True,True,True,False,True,True,2.3827588379999725,1.4552974990000394,False
fresh_grid.csv,6410,DE,2,500,3,21,6030,random,,308.0,grid,,30.740316479420642 18.774092550036034;-66.052176102483315 -495.615395893889;63.531158521161089 495.9465964599367,True,478.2978546987751,170.2978556987751,0.0007663573495645105,True,True,True,21899.918701228584,21899.918701228584,21899.918701228584,True,True,True,True,True,True,2.172025845999997,1.5119382220000261,True
fresh_grid.csv,6419,DE,2,500,3,30,6030,random,,308.0,grid,,-65.469262822909613 -495.69470694937741;-44.093525342773972 27.257916305301748;67.095066002729624 495.47761491423466,True,481.2406768040679,173.2406778040679,0.00018623702505035544,True,True,True,21899.9188455761,21899.9188455761,21899.9188455761,True,True,True,True,True,True,2.351089828000113,1.5269215119999444,True
fresh_grid.csv,6456,SLSQP,2,500,3,7,6030,random,,308.0,grid,,-499.03440453811669 30.022035307838806;264.78972165163503 -424.12962162683925;413.53575001011006 281.04675925027061,True,720.693491783684,412.69349278368395,0.0004683665422387785,True,True,True,21930.61850256608,21930.618502566078,21930.618502566078,False,False,True,True,True,True,2.5602279650001947,1.677265311000042,False
fresh_grid.csv,6457,SLSQP,2,500,3,8,6030,random,,308.0,grid,,-465.54470639699082 182.39550222779934;306.78096242607342 -393.83337699201303;304.9187224560128 383.77761429231782,True,777.613221147831,469.61322214783104,8.112808532383497e-06,True,True,True,21882.269301145112,21882.269301145112,21882.269301145112,True,True,True,True,True,True,2.5195425020001494,1.6746893590000127,True
fresh_grid.csv,6478,SLSQP,2,500,3,29,6030,random,,308.0,grid,,-495.73066691791797 -65.144752021089744;452.98783579786186 206.43627875393639;388.00864061642295 -315.35575812278523,True,525.8224277780338,217.82242877803378,4.162580057961895e-05,True,True,True,21924.921786636467,21924.921786636467,21924.921786636467,True,True,True,True,True,True,2.3557803069998045,1.7983547100000123,True
fresh_grid.csv,6482,LXSSA,2,500,4,3,6030,random,,308.0,grid,,-405.81777819904516 291.41777790098496;63.728118328251831 -495.92180370948211;-269.34575824105616 -146.47376044681494;391.55231403888553 297.42955679352008,True,458.66503200921744,150.66503300921744,0.0002925399592211543,True,True,True,28995.7332464386,28995.733246438598,28995.733246438598,False,False,True,True,True,True,1.7771966439995597,1.305905045000145,False
fresh_grid.csv,6485,LXSSA,2,500,4,6,6030,random,,308.0,grid,,382.92841296504497 155.90549407202815;64.373224944630792 495.83851958204986;63.875482286074927 -180.74574379862847;-42.398169297341532 -495.82697594092741,True,332.52108484904034,24.521085849040333,0.00025140897185135693,True,True,True,29043.982768762144,29043.982768762144,29043.982768762144,True,True,True,True,True,True,2.002927319999799,1.2836241740001242,True
fresh_grid.csv,6486,LXSSA,2,500,4,7,6030,random,,308.0,grid,,-88.147813368657083 -160.85080809737664;384.93324948263944 316.10728269009184;35.24018384963864 -498.75639471831227;-328.554056002783 373.41865779709946,True,359.7287635527368,51.72876455273678,0.0001891698701708956,True,True,True,28927.41610851741,28927.41610851741,28927.41610851741,True,True,True,True,True,True,1.9366347929999392,1.2562595889999102,True
fresh_grid.csv,6494,LXSSA,2,500,4,15,6030,random,,308.0,grid,,-72.006424044897145 -494.78065830715514;263.37802100047412 -106.81513309520905;-429.7487211680828 77.442010917135249;-14.823318445222615 499.78011079635917,True,512.8352315621196,204.8352325621196,0.00011108266261569588,True,True,True,29079.7944155894,29079.794415589397,29079.794415589397,False,False,True,True,True,True,1.9799428219994295,1.268682280999883,False
fresh_grid.csv,6498,LXSSA,2,500,4,19,6030,random,,308.0,grid,,-178.25584418350218 -467.14390937613638;-167.3564877864703 470.97442565253266;499.99422909596996 2.3860590622204114;-339.98549740252861 1.1204218537836212,True,495.40686776885804,187.40686876885803,7.859288433817346e-05,True,True,True,29019.00362260341,29019.00362260341,29019.00362260341,True,True,True,False,True,True,1.8714014819997828,1.2632186569999249,False
fresh_grid.csv,6500,LXSSA,2,500,4,21,6030,random,,308.0,grid,,-304.03660895853136 64.4869953647393;-274.11012866615374 410.25602233771076;490.90326558240116 -20.073420279953542;379.93767182106649 -325.03377946911684,True,324.52146874373204,16.52146974373204,0.000408735375347329,True,True,True,28971.46774697692,28971.467746976916,28971.467746976916,False,False,True,True,True,True,1.873269498000809,1.2790388519999851,False
fresh_grid.csv,6511,SSA,2,500,4,2,6030,random,,308.0,grid,,-415.55490191498996 -150.92715067179657;344.55275085048964 131.55398021954079;355.92556942499607 -351.16492270345691;16.320943228138372 499.70701355074601,True,482.85285568329317,174.85285668329317,0.0001870922020568978,True,True,True,28939.79086223696,28939.790862236958,28939.790862236958,False,False,True,False,True,True,2.0839121139997587,1.2907813869999245,False
fresh_grid.csv,6517,SSA,2,500,4,8,6030,random,,308.0,grid,,465.80687693112645 -181.72487049814427;-271.3820995585213 -383.34643719163233;-274.10813561863387 418.16824954888278;-456.76404386756781 69.052394992021547,True,394.0114982093929,86.01149920939292,2.5846103769959882e-05,True,True,True,29122.670136872333,29122.670136872333,29122.670136872333,True,True,True,True,True,True,2.232663802999923,1.3487314930000593,True
fresh_grid.csv,6520,SSA,2,500,4,11,6030,random,,308.0,grid,,318.69930662479055 -19.907488098902789;159.66727723464115 473.82097319620948;-499.35979226189403 -25.293659326347495;150.90385109619044 -476.68438829241637,True,486.62146628200185,178.62146728200184,2.268262409441013e-05,True,True,True,29017.446069071488,29017.446069071488,29017.446069071488,True,True,True,True,True,True,1.998847513000328,1.2913428130000284,True
fresh_grid.csv,6522,SSA,2,500,4,13,6030,random,,308.0,grid,,362.71799801980973 330.3145138089892;-221.12742948456662 448.00617042574089;498.31581624877009 41.003724279351509;37.740211019493486 -461.92257374132771,True,319.5113476024232,11.511348602423197,4.2871546670790846e-05,True,True,True,28913.523162345915,28913.523162345915,28913.523162345915,True,True,True,True,True,True,1.9819364800005133,1.2684070729999348,True
fresh_grid.csv,6523,SSA,2,500,4,14,6030,random,,308.0,grid,,381.3068992912024 42.228397286030045;21.253619592273164 -499.54800439897451;135.32206427707217 441.86586290800182;-468.60624477679625 -174.3792629784966,True,469.2745923078316,161.2745933078316,6.099926924005194e-05,True,True,True,28998.072102112197,28998.072102112194,28998.072102112194,False,False,True,True,True,True,1.931654355000319,1.2780077190000156,False
fresh_grid.csv,6525,SSA,2,500,4,16,6030,random,,308.0,grid,,364.59228395662404 -342.15816730270313;-454.55023862708225 -121.98845850177788;350.58009710085071 93.520084114942591;-106.04231587824705 483.0827582888453,True,435.90352159488043,127.90352259488043,0.0002560274128907404,True,True,True,29098.410499816244,29098.410499816244,29098.410499816244,True,True,True,False,True,True,1.9860598840004968,1.2832581930001652,False
fresh_grid.csv,6532,SSA,2,500,4,23,6030,random,,308.0,grid,,258.41874052909952 -428.01838052106297;-448.26210863023198 -198.91401678474804;-150.2167931777326 476.90097517511248;-364.0670983170553 179.85345003409853,True,366.0180121258826,58.01801312588259,0.0003759245656194944,True,True,True,29026.66858195701,29026.668581957012,29026.668581957012,False,False,True,True,True,True,1.970368901999791,1.3320750499999576,False
fresh_grid.csv,6534,SSA,2,500,4,25,6030,random,,308.0,grid,,-46.039140592816679 497.8728683842765;-102.26600312784319 182.5303528619699;-187.05775807198481 -463.69100334631173;-214.05154377015566 -136.17331478918999,True,320.3160348257154,12.316035825715403,4.9560775894657124e-05,True,True,True,29108.468471898705,29108.468471898705,29108.468471898705,True,True,True,True,True,True,1.926269018000312,1.2537066400000185,True
fresh_grid.csv,6635,SLSQP,2,500,4,6,6030,random,,308.0,grid,,466.23118700388306 180.33139957079607;-219.44604794468003 449.16236432372381;-370.83288853372426 -39.593224254646771;281.2225464879661 -413.41728783607977,True,511.663953068928,203.66395406892798,2.6465084377174208e-05,True,True,True,29088.418473679765,29088.418473679765,29088.418473679765,True,True,True,True,True,True,2.6238121610003877,1.757744903999992,True
fresh_grid.csv,6637,SLSQP,2,500,4,8,6030,random,,308.0,grid,,-333.00910711201448 267.09267822812501;326.73820407592791 -378.47287067894769;-378.85631523512274 -325.1297942081373;455.67667113871562 140.19061597576143,True,534.4501292705628,226.4501302705628,0.0004331574605796741,True,True,True,28843.055942261293,28843.055942261293,28843.055942261293,True,True,True,True,True,True,2.86243600600028,1.7464481819999946,True
fresh_grid.csv,6642,SLSQP,2,500,4,13,6030,random,,308.0,grid,,379.21113374955451 325.88170871209417;-489.14799835611211 103.59894213752602;-146.15835494302578 -478.14439658248062;486.89372427467043 -110.92125380794384,True,449.8803934030483,141.88039440304829,2.896726408860195e-05,True,True,True,28943.340823248294,28943.340823248298,28943.340823248298,False,False,True,True,True,True,2.661040843000592,1.7477601790000108,False
fresh_grid.csv,6643,SLSQP,2,500,4,14,6030,random,,308.0,grid,,130.63949985056618 479.57379651310606;427.50825836899725 -44.114594871280296;-483.87459984758067 -125.95781713567723;127.08237693607872 -479.49849124165939,True,528.9752805693278,220.97528156932776,9.24758981251216e-07,True,True,True,29012.078374553468,29012.078374553468,29012.078374553468,True,True,True,True,True,True,2.502771286999632,1.679138944999977,True
fresh_grid.csv,6648,SLSQP,2,500,4,19,6030,random,,308.0,grid,,-336.36278719912582 369.94529546986536;144.24182461965125 -478.74049728315134;499.91143850165594 8.7372757385963258;-499.30575354738636 26.339407948411338,True,380.28333676586,72.28333776585998,1.0634038315183715e-06,True,True,True,29023.005229468574,29023.005229468574,29023.005229468574,True,True,True,True,True,True,2.519389672000216,1.6917985499999304,True
fresh_grid.csv,6653,SLSQP,2,500,4,24,6030,random,,308.0,grid,,1.5618166404263307 -47.647369236649382;-466.52073890017812 179.88288141522349;-283.79855496566989 -411.60192873665545;450.13876357717811 -217.30560237948595,True,462.4861760788238,154.4861770788238,0.0005501500900234314,True,True,True,28789.70548401311,28789.70548401311,28789.70548401311,True,True,True,True,True,True,2.474480302000302,1.6628006769999502,True
fresh_grid.csv,6656,SLSQP,2,500,4,27,6030,random,,308.0,grid,,-333.97687500345455 -102.49855907510724;489.05353470747559 -104.05101576076463;-153.50847061875979 -474.51646949742587;-73.416765655782001 459.14372869827764,True,413.4805565636019,105.4805575636019,2.7309277757263772e-05,True,True,True,29180.826715987827,29180.826715987827,29180.826715987827,True,True,True,True,True,True,2.480699982999795,1.6523732550000432,True
fresh_grid.csv,6663,LXSSA,2,500,5,4,6030,random,,308.0,grid,,-5.3365513045849271 2.5288803786757788;-101.39666426408984 -420.65174498610293;-497.10720926820477 53.705803022903936;179.54780385131366 438.91200096644701;478.58477258885472 -143.84822217860875,True,433.94629504803703,125.94629604803703,0.00011021525426965672,True,True,True,35707.35508435521,35707.35508435521,35707.35508435521,True,True,True,False,True,True,2.155488213000353,1.366483732000006,False
fresh_grid.csv,6672,LXSSA,2,500,5,13,6030,random,,308.0,grid,,334.77315266903651 -234.78602491105022;-133.07852855749445 87.262125398122549;-94.414711147403338 491.00490016876336;-228.14875648164113 -395.40488901789973;427.99795274710004 257.78835218705615,True,405.589840795128,97.589841795128,5.132921768588494e-05,True,True,True,35842.52178763164,35842.52178763164,35842.52178763164,True,True,True,True,True,True,1.9938722679999048,1.3737486120000995,True
fresh_grid.csv,6673,LXSSA,2,500,5,14,6030,random,,308.0,grid,,-178.87574570372047 -466.90053436550124;438.27453926693096 240.65523828211872;-460.87676741876828 -87.303311543485492;-190.95644706984817 434.15651781192025;462.40408386437042 -99.982620628702264,True,341.49141401480097,33.491415014800964,0.0004855179708468095,True,True,True,36044.08903444431,36044.08903444431,36044.08903444431,True,True,True,True,True,True,2.080219333000059,1.406015853999861,True
fresh_grid.csv,6675,LXSSA,2,500,5,16,6030,random,,308.0,grid,,-378.44031059059057 -211.63883172992922;-24.555751580970384 499.02342793892961;432.14788985465816 7.2784518845791482;88.024551550546903 -492.18926650804582;-444.17874033599037 229.57591257843308,True,446.08518439921806,138.08518539921806,0.00014799733412726345,True,True,True,36036.14444207044,36036.14444207044,36036.14444207044,True,True,True,True,True,True,2.047214210000675,1.3604587649999758,True
fresh_grid.csv,6686,LXSSA,2,500,5,27,6030,random,,308.0,grid,,307.49881252701965 -276.47343514096241;493.71970105072194 78.982015909862568;-109.95163179110307 148.19015674515967;-37.864835454111962 496.22497898573005;-45.20106290801575 -497.95265772867981,True,355.4219234911604,47.42192449116038,1.5572930069789437e-05,True,True,True,35806.48587479041,35806.48587479041,35806.48587479041,True,True,True,True,True,True,2.145444399000553,1.397302351999997,True
fresh_grid.csv,6687,LXSSA,2,500,5,28,6030,random,,308.0,grid,,446.38848660508143 83.041894868347171;408.10400649748971 -288.87784573886927;-440.33958182636746 185.59439272059922;-398.76924253322568 -288.79812949441521;287.46942523892801 408.86289632467907,True,362.5115074801161,54.511508480116106,0.0007111224712187104,True,True,True,36018.50403145954,36018.50403145954,36018.50403145954,True,True,True,True,True,True,2.187769132999165,1.4186188010000933,True
fresh_grid.csv,6689,LXSSA,2,500,5,30,6030,random,,308.0,grid,,-213.74611216300471 -288.99356854653752;448.36577759324257 45.021220967964659;-309.96095411860745 392.33167303187184;-368.77356859220941 38.764053301467463;304.04504156897656 357.89752244764975,True,344.55776710762547,36.55776810762546,6.62578991662267e-05,True,True,True,35754.779753622744,35754.779753622744,35754.779753622744,True,True,True,True,True,True,1.9394695030005096,1.3498301879999417,True
fresh_grid.csv,6690,SSA,2,500,5,1,6030,random,,308.0,grid,,-434.14754350322488 248.02397034547681;-5.1301735103838366 -480.59170951116732;151.76817014170604 476.40972644078926;-151.90069907607906 -178.52641395078973;80.987911100554768 81.718109270437822,True,335.83482540798036,27.83482640798036,2.1604181941052958e-05,True,True,True,35955.66191900181,35955.66191900181,35955.66191900181,True,True,True,False,True,True,2.027077343999736,1.3790564129999439,False
fresh_grid.csv,6691,SSA,2,500,5,2,6030,random,,308.0,grid,,-31.138706434320113 -499.02938542037333;-393.03785438834882 -193.63262709202991;-192.77784650458386 461.34216074135867;252.76866334120109 175.44263470916508;394.03688551620377 -193.25880533196911,True,394.83852710303233,86.83852810303233,5.444856458577851e-05,True,True,True,35981.62066779977,35981.62066779977,35981.62066779977,True,True,True,True,True,True,2.035287085000164,1.3819733719999476,True
fresh_grid.csv,6693,SSA,2,500,5,4,6030,random,,308.0,grid,,-452.07575206979976 -213.60595834809382;151.51225012684267 476.49045794863167;73.51506141610929 -60.175925085356809;-328.88687833959392 186.07276631173224;196.24227432892712 -459.72884132668975,True,417.97667598360283,109.97667698360283,9.948717436396692e-06,True,True,True,35747.10020290111,35747.10020290111,35747.10020290111,True,True,True,False,True,True,1.951873292000528,1.4138612430001558,False
fresh_grid.csv,6694,SSA,2,500,5,5,6030,random,,308.0,grid,,-434.19973472745943 -247.93251790375447;-94.432403580534768 491.00125273023787;200.4687495631234 -29.563132302703167;-32.711183701518415 -498.82991323154135;-411.70417872636739 155.67420005336493,True,404.2331416644558,96.23314266445578,5.792851158300982e-05,True,True,True,35963.114427179746,35963.114427179746,35963.114427179746,True,True,True,True,True,True,2.053322626999943,1.365862614000207,True
fresh_grid.csv,6695,SSA,2,500,5,6,6030,random,,308.0,grid,,215.28310415027639 451.24534151136248;282.342233808777 -412.50023626507777;-357.21838712427785 -198.52445320819163;428.05785253496254 50.432293718669129;-421.86431759586026 268.38481069747314,True,453.788709457424,145.78871045742397,9.192626891060717e-05,True,True,True,35984.44981969971,35984.44981969971,35984.44981969971,True,True,True,True,True,True,2.118800530000044,1.3700582839999242,True
fresh_grid.csv,6698,SSA,2,500,5,9,6030,random,,308.0,grid,,-345.93713772122078 255.68706525381447;30.374506616846638 -499.0764218804527;-181.13435810376652 -105.79325046061462;366.59555550581484 -147.08302433006233;200.02903290498779 430.34003981141643,True,397.2756912002577,89.27569220025771,0.00011547080066773196,True,True,True,35906.08505833794,35906.08505833794,35906.08505833794,True,True,True,True,True,True,2.0875544290001926,1.4137501619998147,True
fresh_grid.csv,6699,SSA,2,500,5,10,6030,random,,308.0,grid,,-338.19437503737373 307.95943676101979;-475.39718402681314 -146.83201445899667;-79.945889941439177 -468.89423522462226;160.93695564225987 473.39122399682168;471.04189456200243 89.965282042987653,True,475.0367089998427,167.03670999984269,4.6351394305725987e-05,True,True,True,36077.945934192205,36077.945934192205,36077.945934192205,True,True,True,True,True,True,2.0078105290003805,1.3663810020000255,True
fresh_grid.csv,6700,SSA,2,500,5,11,6030,random,,308.0,grid,,320.451229753956 -298.9061902485027;-137.38805915746474 -16.799943417246155;461.01422126196036 184.91679276947659;-200.67062327953096 -457.96407127978216;-66.80756343921891 495.50162824775839,True,445.6797848619292,137.6797858619292,0.00021136949544850358,True,True,True,35867.46917071635,35867.46917071635,35867.46917071635,True,True,True,True,True,True,2.071470951000265,1.4507206580001366,True
fresh_grid.csv,6701,SSA,2,500,5,12,6030,random,,308.0,grid,,-383.45813502499675 320.23801116153834;309.36696768296093 310.58667104416554;-125.35208966831499 -484.031765252296;-369.36155325122962 -147.75375742866552;443.23679780516289 -142.57002606066624,True,415.4798633674698,107.47986436746982,0.00010484254369455448,True,True,True,35895.50463884757,35895.50463884757,35895.50463884757,True,True,True,True,True,True,2.066771876999155,1.3714955739999368,True
fresh_grid.csv,6705,SSA,2,500,5,16,6030,random,,308.0,grid,,-395.13426022320607 -299.57020196926334;390.76729158703557 204.77538759331088;400.97594771672271 -298.69411307841455;-111.15160390865941 39.02849871051;-60.826500173667597 481.03001016130133,True,441.92219811805865,133.92219911805864,0.0001171649888103966,True,True,True,35921.62402158007,35921.62402158007,35921.62402158007,True,True,True,True,True,True,2.058497706000708,1.3698802620001516,True
fresh_grid.csv,6710,SSA,2,500,5,21,6030,random,,308.0,grid,,-354.5708275289893 352.53267368535444;385.0817445299038 -63.925239425398189;-495.01007754715852 -53.860226559116093;115.84752316807962 -436.51232282299361;244.22636215817801 423.03886106071531,True,429.9748507933668,121.97485179336678,0.00024324972179354154,True,True,True,35970.009692698215,35970.009692698215,35970.009692698215,True,True,True,True,True,True,2.114526243999535,1.4589215790001617,True
fresh_grid.csv,6712,SSA,2,500,5,23,6030,random,,308.0,grid,,283.40194385358728 228.55078205434862;-469.2030522017958 30.811391706110808;449.79937802711805 -217.94947444462389;-182.48663360623001 398.68446212216855;-240.92263070722197 -438.12812445990915,True,466.4085126041392,158.40851360413922,3.357035496062599e-05,True,True,True,36085.3217851208,36085.321785120796,36085.321785120796,False,False,True,True,True,True,2.0964666509999006,1.4397517469999457,False
fresh_grid.csv,6713,SSA,2,500,5,24,6030,random,,308.0,grid,,-167.9373401202208 470.95165321338999;-398.39955683944328 120.50291698805603;408.82720967490792 119.67669188138761;-253.49037249896764 -338.86439205103903;320.92348402506076 -383.41631703582203,True,419.43670566257265,111.43670666257265,4.6231904607589965e-05,True,True,True,35930.02501628585,35930.02501628585,35930.02501628585,True,True,True,False,True,True,2.0010262560008414,1.4128795990000071,False
fresh_grid.csv,6714,SSA,2,500,5,25,6030,random,,308.0,grid,,208.72723755502508 37.256795224448659;232.27730708191774 -425.28957682974999;-449.07670038115077 -219.84092233360235;224.20839408322462 446.88579928517095;-406.4277599789288 267.4419451373019,True,409.92144024828696,101.92144124828695,8.704229657294127e-05,True,True,True,35839.18636608548,35839.18636608548,35839.18636608548,True,True,True,True,True,True,2.0067789459999403,1.406346855000038,True
fresh_grid.csv,6717,SSA,2,500,5,28,6030,random,,308.0,grid,,485.99426577146698 -117.51396989077729;-488.33790649326374 -107.35919462943379;384.88060175517944 179.03628069702069;-7.0603656886594663 -498.67634272197228;-99.620625955914903 489.18508852055709,True,313.31457702201544,5.314578022015439,4.151776380720184e-05,True,True,True,35944.85524884744,35944.85524884744,35944.85524884744,True,True,True,True,True,True,2.038564359000702,1.3915400979999504,True
fresh_grid.csv,6719,SSA,2,500,5,30,6030,random,,308.0,grid,,61.163909814200288 -496.24219702651027;-403.96346112045256 87.118871432102992;-210.59815732445659 452.65120457272394;289.96698572291797 34.511071393701599;-366.60588809843318 -339.99999009659581,True,413.5263320314,105.52633303139999,0.00013054589061564547,True,True,True,35871.156400413834,35871.156400413834,35871.156400413834,True,True,True,True,True,True,2.0366837900000974,1.3592845880000368,True
fresh_grid.csv,6817,SLSQP,2,500,5,8,6030,random,,308.0,grid,,-407.53741699336518 147.73611642343312;-435.32048562597851 -244.92164006606993;205.42142527855367 -455.75150310348647;255.84811968453735 429.58310267966152;491.83998249117639 -89.926131239240235,True,393.63944496710997,85.63944596710996,9.85460115455462e-05,True,True,True,36002.43383150321,36002.43383150321,36002.43383150321,True,True,True,False,True,True,2.609939365000173,1.776159151999991,False
fresh_grid.csv,6818,SLSQP,2,500,5,9,6030,random,,308.0,grid,,229.10761742903406 78.297453808442896;-407.99415442836431 -288.86736039360824;-462.15971138393962 190.45570251624409;223.26754129217639 447.38291419202227;346.54457527572401 -286.68268100575182,True,369.13166154617926,61.13166254617926,0.00013409441766296004,True,True,True,36018.23771472181,36018.23771472181,36018.23771472181,True,True,True,True,True,True,2.610192528999505,1.8453897679999045,True
fresh_grid.csv,6822,SLSQP,2,500,5,13,6030,random,,308.0,grid,,-403.30950880265499 -295.53580018494677;-359.86636172039266 113.50971403050126;499.62939920443159 17.504336928503594;386.00015442532805 -317.81095377630294;-96.248826283437694 490.47830941439503,True,354.0451234652419,46.045124465241884,3.191840534352741e-05,True,True,True,35933.413308664574,35933.413308664574,35933.413308664574,True,True,True,True,True,True,2.610694627000157,1.8048476449999953,True
fresh_grid.csv,6830,SLSQP,2,500,5,21,6030,random,,308.0,grid,,-499.8439044683804 12.47944068044958;-144.98247651642782 -478.43549933572393;394.52245745492388 307.15827757617569;488.50819229297474 -106.57358513737698;-395.48095426463135 304.72719419402017,True,310.32301688556544,2.3230178855654344,0.00033572621976216035,True,True,True,35923.15495770189,35923.15495770189,35923.15495770189,True,True,True,True,True,True,2.5993805050002265,2.0907080050000104,True
fresh_grid.csv,6831,SLSQP,2,500,5,22,6030,random,,308.0,grid,,-499.86785017186071 -10.503149654209817;133.02197966479989 161.24376953562697;316.99540352502567 -223.02969457467492;142.68632570754076 -479.2082622338711;111.86333650441688 487.32592886725871,True,309.85660092613705,1.8566019261370457,3.399976418702499e-05,True,True,True,36000.01020804224,36000.01020804224,36000.01020804224,True,True,True,True,True,True,2.7020250260002285,1.9159267189999696,True
fresh_grid.csv,6833,SLSQP,2,500,5,24,6030,random,,308.0,grid,,-497.80366028012423 34.567536073435434;385.19832175816657 318.78211134672944;134.64716512564615 -421.21721905666681;325.91562774030905 11.683958782423419;-382.26454817632356 322.29460788334779,True,310.0583078681187,2.0583088681186723,1.9368702649226177e-06,True,True,True,35891.880458928645,35891.880458928645,35891.880458928645,True,True,True,True,True,True,2.714747383000031,1.8023359510000319,True
fresh_grid.csv,6835,SLSQP,2,500,5,26,6030,random,,308.0,grid,,380.96786683154664 -323.82629985529718;203.86997223739999 89.91564015195506;-413.52897754888733 -266.08169363043612;-476.03023470206472 152.9526641534728;133.69774395682714 481.79078535597068,True,398.1083659640038,90.10836696400378,1.2963848237428466e-05,True,True,True,35842.1300683626,35842.130068362596,35842.130068362596,False,False,True,True,True,True,2.7535977380002805,1.7758183380000219,False
fresh_grid.csv,6840,LXSSA,2,500,6,1,6030,random,,308.0,grid,,-405.45743095500035 273.93605354005518;-75.309149368580506 -467.63393590736018;283.4153324258092 90.732666311013418;-446.88819795091291 -222.47570024709091;111.37880075666992 487.43661188987795;444.68735903301933 -228.28246633222395,True,357.4623356682198,49.46233666821979,0.0003131314199461267,True,True,True,43013.52629755199,43013.52629755199,43013.52629755199,True,True,True,True,True,True,2.2193213059999835,1.5569883630000732,True
fresh_grid.csv,6843,LXSSA,2,500,6,4,6030,random,,308.0,grid,,169.96656158097798 -470.22476233616288;-328.65777139194768 376.80324303562378;-336.07921175446643 -319.30720559042771;453.65578902735911 -75.231336502606183;154.49125646837015 355.34925212906717;-85.896682749405784 19.008670233333795,True,413.41425755690824,105.41425855690824,4.183024043666228e-05,True,True,True,42582.29149248507,42582.29149248507,42582.29149248507,True,True,True,False,True,True,2.075301550000404,1.5165760830000181,False
fresh_grid.csv,6847,LXSSA,2,500,6,8,6030,random,,308.0,grid,,-263.59628220447263 -424.87261964455837;-262.06852101743897 424.99804835361294;-408.97462437465799 149.89635925211232;20.618021016696783 18.53765026094657;314.09165131139076 343.02201787189477;336.38646588674095 -252.8099101430337,True,311.8691112471715,3.869112247171472,0.00025808441654614947,True,True,True,42695.55150206929,42695.55150206929,42695.55150206929,True,True,True,True,True,True,2.156458843000109,1.5380291769999985,True
fresh_grid.csv,6849,LXSSA,2,500,6,10,6030,random,,308.0,grid,,-273.70579094864007 326.36116492036132;-225.86499276582944 -11.439510065753053;138.1445751303892 480.53706542337312;477.95365752787637 122.528253518312;346.13280185516732 -279.55673608512097;-47.790282662713615 -449.86095985226655,True,341.17156679864587,33.17156779864587,0.00020611637916342806,True,True,True,42600.14987556478,42600.14987556478,42600.14987556478,True,True,True,True,True,True,2.176864423000552,1.542898158000071,True
fresh_grid.csv,6854,LXSSA,2,500,6,15,6030,random,,308.0,grid,,16.24644949614343 -499.73587035813949;-270.8988972201646 -265.4943307393674;422.0241606728672 -81.157681206827178;-246.78016549808927 98.131323698965588;169.53915457444893 426.72051901735284;-197.49551864558188 455.06235185217639,True,360.3175478295285,52.317548829528505,0.00011375617475803301,True,True,True,42856.87815257308,42856.87815257308,42856.87815257308,True,True,True,True,True,True,2.200992023999788,1.484914038999932,True
fresh_grid.csv,6858,LXSSA,2,500,6,19,6030,random,,308.0,grid,,-16.539315001038123 465.15652681821285;-422.5746070832061 -233.20278647464411;106.43043235285566 63.985899459202749;47.604906722971002 -464.19012971781825;-303.09369509677043 273.12599336550312;446.47063255876708 225.08478193746794,True,344.94802293995207,36.948023939952066,0.0008162034014869969,True,True,True,42261.03355297503,42261.03355297503,42261.03355297503,True,True,True,True,True,True,2.1937693859999854,1.4944700759999705,True
fresh_grid.csv,6860,LXSSA,2,500,6,21,6030,random,,308.0,grid,,142.79360520373942 325.6306183692904;165.82306851974602 -47.241828955890909;-354.57232085141538 352.53146892385683;-227.53408596201152 -312.13510969453034;331.34012858142427 -373.31778504892816;489.48499354342925 101.91450702948205,True,356.3771236690394,48.377124669039404,3.370442977054699e-05,True,True,True,42265.86183450928,42265.861834509284,42265.861834509284,False,False,True,True,True,True,2.156187613999464,1.5292949650001901,False
fresh_grid.csv,6863,LXSSA,2,500,6,24,6030,random,,308.0,grid,,118.92063686261322 180.27846087230466;-375.21793069936768 -182.92061209344342;-362.32153150072133 335.49614606074766;224.70987238312094 -286.11946213876632;-201.27903388839997 -437.10453542772541;486.13326111058814 42.97089832125075,True,308.00033556057144,0.00033656057144071383,6.203933568673906,True,True,True,42353.66573792551,42353.66573792551,42353.66573792551,True,True,True,True,True,True,2.33596416599994,1.5298893000000362,True
fresh_grid.csv,6872,SSA,2,500,6,3,6030,random,,308.0,grid,,340.74028102811587 -274.83494383220591;307.1279171504105 394.55341059703602;36.592625394800002 -473.71139654445381;-434.94332762031161 103.12093026207606;-105.37099538002337 256.97458459762737;493.81357480439789 36.732812454607767,True,347.1395973165828,39.139598316582806,4.969309964306012e-05,True,True,True,42363.056879477605,42363.056879477605,42363.056879477605,True,True,True,True,True,True,2.276437342999998,1.5627659269999867,True
fresh_grid.csv,6873,SSA,2,500,6,4,6030,random,,308.0,grid,,-431.28883490929826 -240.98779123148964;460.72505829811308 194.2482453490785;243.37808927466961 -60.905400873424256;221.08229519789143 -405.7871389715649;10.785580710582842 393.97969416958205;-397.94326182728878 202.6004951979595,True,335.1762045914295,27.176205591429493,4.0835006077737486e-05,True,True,True,42816.72096099531,42816.72096099531,42816.72096099531,True,True,True,True,True,True,2.243442459999642,1.5758917760000486,True
fresh_grid.csv,6875,SSA,2,500,6,6,6030,random,,308.0,grid,,333.72112923792412 372.33072099953301;-161.11053347335891 74.724946607007084;481.15090545590061 -135.99193166644471;-272.97526775941861 413.06771121210761;-436.58996105727942 -243.69871451104265;226.07195740662709 -445.48612658905529,True,356.355924796422,48.355925796422014,1.7005960469541605e-06,True,True,True,42630.68135320209,42630.68135320209,42630.68135320209,True,True,True,True,True,True,2.1821113949999926,1.5316031390000262,True
fresh_grid.csv,6876,SSA,2,500,6,7,6030,random,,308.0,grid,,268.84380590719013 421.571941424285;411.81267682908305 -18.560374388519755;-445.976003484307 17.646802397329463;184.62095660074664 -452.62340428865451;-337.12152210568587 -293.04608330938458;-294.95806406255628 350.04191056754962,True,329.21021755858953,21.21021855858953,0.00010722910758684156,True,True,True,42694.74900762557,42694.74900762557,42694.74900762557,True,True,True,True,True,True,2.283451584999966,1.6253458020000835,True
fresh_grid.csv,6879,SSA,2,500,6,10,6030,random,,308.0,grid,,103.55264761010382 488.67144514973694;222.56833446476602 -446.6121402570792;434.00232419044852 248.27799161402859;454.61736385570038 -118.52016525371161;56.151394706300685 73.557321919353697;-222.32350247443185 -303.7599661112497,True,367.37701036125173,59.37701136125173,2.247739360225387e-05,True,True,True,42542.2724189207,42542.2724189207,42542.2724189207,True,True,True,False,True,True,2.3085532280001644,1.5554169990000446,False
fresh_grid.csv,6881,SSA,2,500,6,12,6030,random,,308.0,grid,,391.20387697670412 -271.69110170517303;25.588780543818565 -499.34463216700817;-165.60008207308874 -116.06398421587619;331.42291365289339 310.53835322690389;-474.8756981348613 102.3201218576485;-154.48965674639149 455.72020663640319,True,378.6066883665969,70.60668936659692,0.0001536362988784058,True,True,True,42660.015040650025,42660.015040650025,42660.015040650025,True,True,True,True,True,True,2.228356214999621,1.5631735660000459,True
fresh_grid.csv,6882,SSA,2,500,6,13,6030,random,,308.0,grid,,405.52753136723658 292.48488392706622;-242.63080619842759 -105.95992326194363;-106.12974043474209 -466.65716554542593;50.722916569448472 133.20322979474258;174.23988372154423 -232.28170283210403;-398.21660401658772 204.42287484421311,True,347.1950775038734,39.19507850387339,1.4977365767914308e-05,True,True,True,42056.9786984632,42056.9786984632,42056.9786984632,True,True,True,True,True,True,2.2278192780004247,1.5305303359999698,True
fresh_grid.csv,6886,SSA,2,500,6,17,6030,random,,308.0,grid,,239.33382360940635 32.889266207490948;-288.72367721391242 113.73625109684794;-88.498099719817006 395.60533227097972;-453.18411907572249 -211.24405029133013;378.16357965088457 -266.13711750866514;0.62572902825580545 -499.91618943674979,True,329.6823915845343,21.682392584534284,0.0001064340864925507,True,True,True,42634.39973433741,42634.399734337414,42634.399734337414,False,False,True,True,True,True,2.183460102999561,1.575778284999842,False
fresh_grid.csv,6893,SSA,2,500,6,24,6030,random,,308.0,grid,,-12.35476657848206 -113.76942756835537;14.701705270180488 -439.44418175120825;-320.30639400787459 261.55393091038752;255.70629523639801 429.61943849934221;450.52617558447321 56.986657851484381;-437.66299064443069 -241.76659017544253,True,326.79672302665324,18.796724026653237,2.3495113114473498e-05,True,True,True,42706.99598869404,42706.99598869404,42706.99598869404,True,True,True,True,True,True,2.274838555000315,1.6245658729999377,True
fresh_grid.csv,6894,SSA,2,500,6,25,6030,random,,308.0,grid,,-309.74022433340622 -263.89372913226896;10.468721709035519 -472.33413409290057;361.63692611707984 -345.28062275196226;-197.56577020189246 329.64024191446987;279.50899312567742 116.1158242537126;-375.25283339856105 70.29490180327177,True,314.37668149029423,6.376682490294229,2.622060748333388e-05,True,True,True,42306.69686346649,42306.69686346649,42306.69686346649,True,True,True,True,True,True,2.266671169999426,1.4999977899999521,True
fresh_grid.csv,6895,SSA,2,500,6,26,6030,random,,308.0,grid,,109.14049373294418 -146.9762343278442;-414.93967950653985 237.57365733841107;-482.29518590609507 -131.87581248393437;-125.44076827930242 484.00884976649263;-53.387717888459115 -469.198686716574;149.76934280033893 295.44384229347804,True,333.6126006070013,25.612601607001295,4.8001217296838146e-05,True,True,True,42408.85514974669,42408.85514974669,42408.85514974669,True,True,True,True,True,True,2.2739158790000147,1.5835677030000852,True
fresh_grid.csv,6897,SSA,2,500,6,28,6030,random,,308.0,grid,,-19.289898365723726 419.76345269850941;273.02612209772064 -280.40573231593055;-400.99487655698664 238.57747921530162;-463.36955820658119 -187.85254057387758;433.16202132957744 246.71406260677827;-0.16550681648841772 -38.919364667318256,True,364.6221768748024,56.62217787480239,7.65273831600789e-05,True,True,True,42343.99210122848,42343.992101228476,42343.992101228476,False,False,True,True,True,True,2.13698119899982,1.5638003169999593,False
fresh_grid.csv,6994,SLSQP,2,500,6,5,6030,random,,308.0,grid,,382.41793161160683 -309.43513205858227;42.836453567650416 498.16145145647278;-120.79087418420583 -485.16082674628825;-492.13042438653719 -85.076739874335388;462.23294567296216 187.99182035893648;-340.78260744299718 185.14028729365771,True,309.7150359041085,1.7150369041085014,0.00020752856949254783,True,True,True,43006.64027214163,43006.64027214163,43006.64027214163,True,True,True,True,True,True,2.941504074000477,1.9146486010000103,True
fresh_grid.csv,6997,SLSQP,2,500,6,8,6030,random,,308.0,grid,,-499.99930325336317 0.73585999675683067;-300.33859842735876 235.35973376374707;-368.69308327224456 -337.24887405733932;157.83573247628797 -467.58014376369601;255.27823158333348 429.92204282367442;490.67098162139831 -96.134659913716646,True,308.0791443656085,0.07914536560849683,6.257400838446847e-05,True,True,True,42778.62972477443,42778.62972477443,42778.62972477443,True,True,True,True,True,True,2.8986033290002524,1.8936381510000047,True
fresh_grid.csv,6999,SLSQP,2,500,6,10,6030,random,,308.0,grid,,481.381069215379 -134.18357300723;-13.041939968093432 52.999466926945225;-145.14252876889211 477.71210997506125;-498.31567252885475 -41.00482253687349;456.65154244513536 203.59125253331615;-14.651857578518861 -497.87905216379153,True,338.6788777931488,30.678878793148783,9.60408437461192e-05,True,True,True,42359.86119683183,42359.86119683183,42359.86119683183,True,True,True,True,True,True,2.9452709880006296,1.822667537999962,True
fresh_grid.csv,7000,SLSQP,2,500,6,11,6030,random,,308.0,grid,,-431.03503357177908 253.36390078112521;492.85680415515515 83.695357544003471;392.35336417171629 -207.60896154284674;-474.13957212127855 -158.71882379712082;172.42761889748579 -458.49852955123259;131.06007399032652 482.51334856297859,True,308.1544219497071,0.15442294970711146,2.121109391988284e-06,True,True,True,42929.38767107768,42929.387671077675,42929.387671077675,False,False,True,True,True,True,2.877635966000525,1.9770095360000255,False
fresh_grid.csv,7001,SLSQP,2,500,6,12,6030,random,,308.0,grid,,-151.2431529265028 -444.99594907380776;-241.30520988048414 437.91651520102249;475.23494851659035 -154.41614667392199;-388.56024511955388 -164.25286856643501;-414.72651375914739 149.164626615777;295.07397563145241 394.03706108917009,True,314.5078693781942,6.507870378194184,0.0009223995771233386,True,True,True,42662.118729576105,42662.118729576105,42662.118729576105,True,True,True,True,True,True,2.683277088000068,2.0043149460000222,True
fresh_grid.csv,7002,SLSQP,2,500,6,13,6030,random,,308.0,grid,,392.85293514111675 279.17539794128152;-357.89269262794375 -348.16192019325365;-499.21650823940155 27.976796759073981;482.06219740128176 -132.72360885132883;310.67397248905309 -391.76675490736199;-353.34366976950798 336.33792501016762,True,310.60791225783674,2.607913257836742,0.00017774439226311733,True,True,True,42868.69068171368,42868.69068171368,42868.69068171368,True,True,True,True,True,True,3.063306771000498,1.9804254929999843,True
fresh_grid.csv,7007,SLSQP,2,500,6,18,6030,random,,308.0,grid,,485.15824222490471 -120.91399459790858;0.92371144712358411 -499.99859329597837;-447.74877195879151 -109.05055572288256;-396.24791571696886 195.61324939430986;138.00895343075405 480.49442807732379;462.95749720598411 186.28513481885994,True,308.0002892755389,0.0002902755388731748,0.0005544595115932462,True,True,True,42950.60378591847,42950.60378591847,42950.60378591847,True,True,True,True,True,True,2.8297785030008527,1.8973063720000027,True
fresh_grid.csv,7010,SLSQP,2,500,6,21,6030,random,,308.0,grid,,159.8533392043845 -414.40789600717892;-377.96377831753267 285.34755597680652;-456.365637293752 -158.09945864648017;418.92938676262003 153.51862262215161;476.02677513215701 -152.77660453976088;210.67994361691549 453.44647410016353,True,311.57162569911486,3.5716266991148586,0.00025748376879416903,True,True,True,42568.82109025336,42568.821090253354,42568.821090253354,False,False,True,True,True,True,2.820683022000594,1.8742002429999616,False
fresh_grid.csv,7011,SLSQP,2,500,6,22,6030,random,,308.0,grid,,105.29333616615764 488.78758351248024;80.24704915064477 -492.76119165556668;-422.00903211706901 237.74718814000056;-134.38975293240327 -72.020499757755061;487.27346396171731 -111.33010126986609;322.91784710705423 240.14661402760672,True,330.428145696825,22.428146696825024,1.2563030795969099e-05,True,True,True,42637.54375470559,42637.54375470559,42637.54375470559,True,True,True,True,True,True,2.736135960000865,1.8586663570000042,True
fresh_grid.csv,7027,LXSSA,2,500,7,8,6030,random,,308.0,grid,,-28.443461247299513 421.92032781201397;-271.06070466099186 35.497751448331243;-439.47918067949081 -238.43861873867502;-376.11303941000301 329.45196295868419;489.74361457285949 -100.12790649744953;159.0636036060622 16.230719801646334;199.28303838305044 -415.28229095485227,True,312.16193153696946,4.161932536969459,0.00038668858803955666,True,True,True,48536.26981508721,48536.26981508721,48536.26981508721,True,True,True,True,True,True,2.422036449999723,1.6856277660000387,True
fresh_grid.csv,7043,LXSSA,2,500,7,24,6030,random,,308.0,grid,,-79.900120923869139 -471.36305304141831;-264.35012336300662 419.14394288630791;-101.16011859192807 -99.089501229517253;201.66444392608395 457.52749832186788;-447.01964792250311 -216.21449881223029;255.86668974446584 -345.29039823204209;388.07397432766032 46.582920315729908,True,358.65535746321933,50.65535846321933,4.1335318146844654e-05,True,True,True,49100.548258302704,49100.548258302704,49100.548258302704,True,True,True,True,True,True,2.4991603279995616,1.6674870739999506,True
fresh_grid.csv,7058,SSA,2,500,7,9,6030,random,,308.0,grid,,-149.38011450107015 43.507731712905006;267.65226132731908 297.13621875030475;-384.59290647329146 306.73928083441962;-79.483752145279993 -411.5751909154431;134.69817992997321 -94.646189281383926;468.00847368219235 14.575454163202959;-112.40645161046611 487.20092642053356,True,315.89077741039983,7.890778410399832,4.793132001420963e-05,True,True,True,48585.59748325736,48585.59748325736,48585.59748325736,True,True,True,True,True,True,2.5070153119995666,1.6351411230000394,True
fresh_grid.csv,7061,SSA,2,500,7,12,6030,random,,308.0,grid,,-123.20573882411072 341.88880006517536;-13.651557753155144 28.9434177770354;360.39007051409953 293.03966889225831;-190.4694764779195 -456.46167414327829;-469.45378611708355 172.08437970079348;154.93352765618206 -298.98561528141147;-443.39200985207424 -231.09193620954593,True,331.56738513550727,23.567386135507263,4.3618263080385074e-05,True,True,True,48739.82060684192,48739.82060684192,48739.82060684192,True,True,True,True,True,True,2.3926103809999404,1.6196854109999776,True
fresh_grid.csv,7062,SSA,2,500,7,13,6030,random,,308.0,grid,,-374.0778390009911 -331.76076335807625;442.38247773477508 -233.01862334305076;323.05464560150023 63.94385258522545;112.28100286658031 -175.94114596066694;-397.4567636599628 254.51721844322918;184.6300783195779 433.16479632747831;-77.106100969633772 146.76677775906941,True,319.32795211053866,11.327953110538658,6.556855481928869e-05,True,True,True,48782.4097985264,48782.409798526394,48782.409798526394,False,False,True,True,True,True,2.463949359000253,1.6978709509999135,False
fresh_grid.csv,7064,SSA,2,500,7,15,6030,random,,308.0,grid,,308.05555589162702 -391.63686247882703;109.53194488719568 487.57543772436264;-380.02810097831809 274.8705641865634;450.25840974885415 217.41056370049398;-126.19500902856369 -218.77281776636775;-463.00343884533549 -100.54221705840762;127.75262928354543 61.976054222502832,True,356.95713095469097,48.957131954690965,1.2241866559430492e-05,True,True,True,49135.94188118618,49135.94188118618,49135.94188118618,True,True,True,True,True,True,2.371428652000759,1.698571271999981,True
fresh_grid.csv,7067,SSA,2,500,7,18,6030,random,,308.0,grid,,497.77614561257144 -28.457424559595271;-13.057366586237912 374.69421059320257;229.23426801825639 -412.13885302671497;-277.85565240302492 -380.22918084789671;-407.01463380605185 290.411923848291;-153.4782530259732 1.2205838970777039;372.39959175097829 333.64400844612186,True,383.1928079218122,75.19280892181217,3.354459979869716e-06,True,True,True,48858.98203638085,48858.98203638085,48858.98203638085,True,True,True,True,True,True,2.412037438999505,1.6190813629999639,True
fresh_grid.csv,7072,SSA,2,500,7,23,6030,random,,308.0,grid,,-46.910562347244728 -488.43418421089768;-453.58102836484449 142.55505404967906;373.24242174452417 226.16939687867585;-361.02939359985299 -280.72883586310803;456.00234663449442 -205.08985450923544;0.11129838847698685 -26.045179727552551;-165.35030651616808 457.34602932778949,True,376.5795425667481,68.5795435667481,1.244121517882013e-05,True,True,True,49109.52400573531,49109.52400573531,49109.52400573531,True,True,True,True,True,True,2.425500942000326,1.7884937950000221,True
fresh_grid.csv,7073,SSA,2,500,7,24,6030,random,,308.0,grid,,-289.37923823913928 -407.73313115964675;-483.63939950780701 -126.85789534292242;425.02095316334413 -3.755174158570985;55.302217683387362 135.26811306483731;-218.45782687166084 440.84133877185184;197.33062106715639 -265.41387135086933;276.65915004171865 389.52403006826597,True,337.1126856621466,29.112686662146587,6.632891998175182e-06,True,True,True,49169.65388682217,49169.65388682217,49169.65388682217,True,True,True,True,True,True,2.4405750699997952,1.682855131999986,True
fresh_grid.csv,7077,SSA,2,500,7,28,6030,random,,308.0,grid,,-486.95923243638265 29.083996619047422;106.60377574804016 396.84941351132682;-31.732579990317948 -434.54822679565109;-353.89873345943892 310.22559434518723;272.38608350422942 -173.02646763607015;451.59288963005582 88.489362053793286;-407.53654754523467 -289.67894424971087,True,311.03969900962784,3.039700009627836,7.267328874402301e-05,True,True,True,49067.20141912948,49067.20141912948,49067.20141912948,True,True,True,True,True,True,2.380644312000186,1.6381816150000077,True
fresh_grid.csv,7184,SLSQP,2,500,7,15,6030,random,,308.0,grid,,376.53679214864377 -328.8318760534188;-490.9684216438805 94.604485430610325;6.9047421769418085 169.43465735947458;-84.173439253202147 -366.74964679459055;-439.49344495811147 -238.42287988173638;496.63130488177615 0.98088389936933795;227.1927000724541 431.75830316333764,True,336.9820459188942,28.982046918894184,1.2849262159543286e-06,True,True,True,48679.828132464114,48679.828132464114,48679.828132464114,True,True,True,True,True,True,2.9358727899998485,2.0239192540000204,True
fresh_grid.csv,7185,SLSQP,2,500,7,16,6030,random,,308.0,grid,,129.57586667327595 157.83641822317196;271.90011345594394 -419.60565353855787;-499.14655032642668 29.037730050341825;-387.02489693291051 316.56178387893959;-417.52573706910727 -275.04128381895526;154.51248343570367 475.52652144800032;487.41624477098588 -108.87689696488719,True,308.6119678329506,0.6119688329505948,0.0003671415875626517,True,True,True,49185.64626881847,49185.64626881847,49185.64626881847,True,True,True,True,True,True,3.0664040060000843,2.1273014769999747,True
fresh_grid.csv,7188,SLSQP,2,500,7,19,6030,random,,308.0,grid,,487.76735793387326 109.91548328811874;-267.71843726846981 420.57036122572367;-231.5036279754429 -61.475946921184168;217.38437605244224 268.95635067614342;-139.23540568359499 -472.3163432661388;-486.99981154067711 113.2745696259054;366.62862952552524 -173.59995938466054,True,308.3108784236027,0.31087942360267107,5.6435413969462385e-05,True,True,True,48701.19844358383,48701.19844358383,48701.19844358383,True,True,True,True,True,True,3.045278284000233,2.0152771979999784,True
fresh_grid.csv,7200,LXSSA,2,500,8,1,6030,random,,308.0,grid,,122.64311473606696 308.35948976718589;-135.66245796423954 -224.43982121182322;-89.823112695792204 84.539180407228628;428.44294393792774 257.35209261534033;444.44570676508403 -50.263760297325135;-135.61965646082632 476.18312279130208;-389.74387529101034 186.7472444372861;-438.53694410075229 -119.44890224707258,True,308.0006993299075,0.0007003299074881397,0.20658789445195933,True,True,True,53594.37157338115,53594.37157338115,53594.37157338115,True,True,True,True,True,True,2.559696004000216,1.9019881479999867,True
fresh_grid.csv,7207,LXSSA,2,500,8,8,6030,random,,308.0,grid,,-410.54307148686399 9.8293171140492053;-385.31112799492973 318.63970912552611;-393.13471288928832 -308.94119609568219;87.251247714590349 -468.59325212394384;342.96133594915437 261.01430710898467;351.39484298494926 -114.21385520205874;-9.6349375071578347 137.15038271397839;-128.68602078777064 -147.7036092349293,True,308.73120535429484,0.7312063542948408,0.00043587661520202894,True,True,True,54711.95073132395,54711.95073132395,54711.95073132395,True,True,True,True,True,True,2.538660613000502,1.7895667159999675,True
fresh_grid.csv,7210,LXSSA,2,500,8,11,6030,random,,308.0,grid,,137.15029346250461 165.56668852170284;-213.25047008417346 282.04982288661182;-359.81964438055292 -340.98310656105713;-28.381347848056649 -430.23077894788207;-381.75946952978882 -31.600096633127368;464.68276031822171 -36.729669575089297;47.098185339272661 -131.33136059537605;163.76749125182101 472.41518882177905,True,308.00077492526134,0.0007759252613368517,0.004099196362804174,True,True,True,54655.40849503824,54655.40849503824,54655.40849503824,True,True,True,True,True,True,2.581527118999474,1.8090550519999624,True
fresh_grid.csv,7225,LXSSA,2,500,8,26,6030,random,,308.0,grid,,-442.62099813056966 -232.56510070645842;254.41160215279729 27.192876664577089;298.7061421390539 376.14487226417674;59.426382917765622 -277.84636523658958;-176.14874930647969 -76.964151671586919;-111.81352249422018 487.33660475152038;-336.95331434181128 252.87184782627543;-21.541476298333471 192.25499898328434,True,308.57594646038183,0.5759474603818262,0.00012694730895898465,True,True,True,53066.22915894276,53066.22915894276,53066.22915894276,True,True,True,True,True,True,2.4437079869994704,1.8246838500000422,True
fresh_grid.csv,7231,SSA,2,500,8,2,6030,random,,308.0,grid,,406.91218487659506 290.49881973054789;-248.89788818444663 398.43681075359547;34.071449797679875 57.536625721059643;-27.168439571285987 -263.44203331122395;366.79369031666221 -339.79741417730321;107.25927738548117 466.88929603223983;-413.73242688482617 -135.58925524447392;485.70674158334646 -19.004680538075366,True,319.37595220232714,11.375953202327139,0.00010706231404608479,True,True,True,54919.82889502024,54919.82889502024,54919.82889502024,True,True,True,True,True,True,2.487927196999408,1.7263016150000112,True
fresh_grid.csv,7232,SSA,2,500,8,3,6030,random,,308.0,grid,,-128.57208953186455 -145.11640897889066;127.74667287283967 29.988995826944855;342.65748738549183 360.03318875740223;109.16270581897864 -358.19888229058233;-288.32043700779127 126.28286328551076;-384.16294403733878 -320.02878674529154;445.06414993612213 46.976162330768702;-237.54787455571486 435.62419406209813,True,309.7111957981736,1.711196798173603,0.0004090830677253289,True,True,True,54450.686227387145,54450.686227387145,54450.686227387145,True,True,True,True,True,True,2.5022383080004147,1.8337152159999732,True
fresh_grid.csv,7234,SSA,2,500,8,5,6030,random,,308.0,grid,,-185.69536902140595 67.373256808683493;-385.28378449757633 318.67898584604291;62.141014894798523 -479.56440185474116;95.041715097372105 -120.8892529205372;217.41040842579201 264.73551961962033;460.50788333224858 18.947834922001281;-50.003152934467913 444.29109931509265;-299.61246560644213 -249.03870553532417,True,320.92071456870326,12.920715568703258,0.00011038337470633996,True,True,True,55238.183303786725,55238.183303786725,55238.183303786725,True,True,True,True,True,True,2.482332687000053,1.7380052340000702,True
fresh_grid.csv,7235,SSA,2,500,8,6,6030,random,,308.0,grid,,-282.56811291787471 328.52799288910535;-499.18269353212628 -28.576279947266571;-130.4125589529142 33.536344511948322;-269.51062384937393 -421.14290785105845;101.17410445669471 399.2225305664756;294.40310702944407 -9.0860126607655918;382.16798626542158 -322.40905786403999;66.79249791870258 -264.00973948287958,True,320.7369312026846,12.736932202684613,3.0681055536912024e-05,True,True,True,54569.45441399573,54569.45441399573,54569.45441399573,True,True,True,True,True,True,2.575347353000325,1.7363009690000126,True
fresh_grid.csv,7236,SSA,2,500,8,7,6030,random,,308.0,grid,,309.46384013701265 13.291005243372883;-264.35310563639189 201.06719983153437;-390.6867854187654 -189.46504766081893;68.864309933273461 -220.43313807460305;58.054869887593966 289.48822580915487;412.07205064942082 -282.26529631077659;-144.0044136840628 -472.06711600437819;373.12418030369321 332.8337999658516,True,312.860947152127,4.86094815212698,8.672988601825637e-06,True,True,True,53960.72146256364,53960.72146256364,53960.72146256364,True,True,True,True,True,True,2.593382879999808,1.807577730999924,True
fresh_grid.csv,7237,SSA,2,500,8,8,6030,random,,308.0,grid,,-403.93322451703051 107.49596663949652;288.16288827503996 408.60987649489152;-3.7346031298231197 -411.05630222134681;392.50931797030165 -282.37619241649946;-222.7972827712548 -160.83210362895164;454.06013165339169 62.752504616489844;60.353534334204831 92.407839922175995;-156.551854963003 345.15226161968161,True,323.744007953998,15.74400895399799,0.00011965183040526972,True,True,True,54977.57886312068,54977.57886312068,54977.57886312068,True,True,True,True,True,True,2.4051148109992937,1.7351407510000172,True
fresh_grid.csv,7241,SSA,2,500,8,12,6030,random,,308.0,grid,,352.52854104047128 353.30017593096358;13.356195414603723 199.04709343281112;373.01744210460782 31.921862630671487;396.92336455076833 -289.04707718081715;-452.95271456479605 211.73985453902617;32.418735094021628 -258.81177342641166;-160.38280930905685 457.90203228251011;-290.27461416046691 -198.8475172336787,True,311.7549055415962,3.754906541596199,7.33681797012432e-05,True,True,True,54837.29835821592,54837.298358215914,54837.298358215914,False,False,True,True,True,True,2.651359114000116,1.8790759539999726,False
fresh_grid.csv,7244,SSA,2,500,8,15,6030,random,,308.0,grid,,-42.773529079872631 312.57228986844387;108.74591185247807 8.1378433899584799;-406.34026135314514 291.35472025676864;-163.8420538834483 -309.00511035960466;169.17547653918871 -470.50695612935243;-432.34164138834979 -74.193706797057061;289.25110316033994 380.11177391207593;441.53764818532619 -108.11521246932324,True,338.82434729388683,30.82434829388683,1.9987558178196196e-05,True,True,True,55093.45197684378,55093.45197684378,55093.45197684378,True,True,True,True,True,True,2.445186314999773,1.858854627000028,True
fresh_grid.csv,7249,SSA,2,500,8,20,6030,random,,308.0,grid,,318.99547441977973 347.03058333697396;-106.83070240698666 187.60089738167446;476.61613624010556 -151.11929588006191;66.235787188035189 -466.58882928346372;154.94690906920283 7.8957656647848946;-203.81695630645569 -159.05554930455239;0.86197002235055564 492.40582032463709;-471.53417149997222 66.358919766417003,True,317.5239396259177,9.523940625917703,1.8088267725284823e-05,True,True,True,55323.75550485149,55323.755504851484,55323.755504851484,False,False,True,True,True,True,2.540917690000242,1.7229653820000976,False
fresh_grid.csv,7254,SSA,2,500,8,25,6030,random,,308.0,grid,,15.331634435293473 248.73232109465707;398.34285431792279 129.11927961371686;-249.20978067178012 431.60279348636811;-458.00068900337396 -200.58705819412501;88.29975537865225 -291.60173527921728;-178.60004581758832 -5.8001470164263083;-441.01511384510042 182.07905343784984;409.31849517439611 -208.87878267521623,True,314.724296299998,6.724297299998,0.00020195750181781113,True,True,True,54111.50675853002,54111.50675853002,54111.50675853002,True,True,True,True,True,True,2.439399678999507,1.8902092789999188,True
fresh_grid.csv,7255,SSA,2,500,8,26,6030,random,,308.0,grid,,-102.94249998854504 -37.52863801797907;-480.13256363147678 82.381434514515888;-344.69405771055966 362.19596620378195;-6.0452513815631974 -481.84309120578899;30.816022022045853 337.49001069767957;395.52768931592465 305.87222494696482;292.98256967536724 -214.89028296645009;-361.78736207511537 -259.03778783428334,True,310.869363287175,2.869364287175017,2.999039958492722e-05,True,True,True,55370.6872854977,55370.6872854977,55370.6872854977,True,True,True,True,True,True,2.504767539000568,1.7186908360000643,True
fresh_grid.csv,7350,SLSQP,2,500,8,1,6030,random,,308.0,grid,,492.31427822428429 -87.292665151929938;-489.4822353658837 -102.01474832619603;-88.432595067240698 -141.60029492646123;183.18493476247454 -440.61686052431787;-219.55347764605119 449.19882375723159;-410.07128903122793 201.77978020428088;344.44132403403512 362.06169029278971;-302.00894793984708 -385.97370582746288,True,312.27106745206913,4.27106845206913,0.00013338517806257732,True,True,True,55769.94093120659,55769.94093120659,55769.94093120659,True,True,True,True,True,True,2.994138553999619,2.100657928999965,True
fresh_grid.csv,7353,SLSQP,2,500,8,4,6030,random,,308.0,grid,,-130.78677737173527 -168.39760390875895;282.32352131092813 -102.84154917306557;-488.62011137738261 -101.32555504568791;-124.30698756842273 446.23968431778889;478.04415394061135 141.74447191524175;-444.99991556981496 227.26566559317206;241.65747464976184 346.93809444402427;-152.12017396833127 -476.29668365013237,True,308.63725814608364,0.6372591460836361,0.0009228165801030409,True,True,True,55021.737656417245,55021.737656417245,55021.737656417245,True,True,True,True,True,True,2.93784560200038,2.033792367999979,True
fresh_grid.csv,7367,SLSQP,2,500,8,18,6030,random,,308.0,grid,,-28.244343271665922 490.99993583549656;483.55546729097949 -127.1358950252105;-101.78890958543883 -278.97486598158957;274.94525340733799 120.35190421912756;-452.85405927066148 -211.94873268774194;249.36135765607511 -401.01112036076194;-387.01864343921994 316.56971211668719;-77.990145252855868 52.843051604122394,True,323.67952068579257,15.679521685792565,0.00018800085871614646,True,True,True,55127.759903812,55127.759903812,55127.759903812,True,True,True,True,True,True,3.062765431000116,2.0211107980000236,True
fresh_grid.csv,7368,SLSQP,2,500,8,19,6030,random,,308.0,grid,,-493.84976901573827 -78.162383486947135;431.07456097845358 -246.02470138944386;364.37871514556292 342.1043199637935;-147.08391813161711 102.02315040215372;-256.29038301055164 -429.31949666627008;175.88835027364794 -468.04123909741782;496.13643760580527 55.641803193903392;-78.948424400569436 491.01895694383325,True,308.6028641762863,0.6028651762862864,1.0358525346669922e-05,True,True,True,55866.77997839429,55866.77997839429,55866.77997839429,True,True,True,True,True,True,2.9643306640000446,2.191187444000036,True
fresh_grid.csv,7372,SLSQP,2,500,8,23,6030,random,,308.0,grid,,237.66081979669411 438.73571837019443;55.022080468367776 -21.91552318582448;496.86574371499967 55.249277625198502;71.808360497262228 -493.17683943929018;-495.61972414268752 66.03681612528554;-283.46869899504247 411.29407272003601;408.97591799678156 -259.09069706597552;-387.21052904163616 -262.21105048367389,True,326.39583507395844,18.395836073958435,0.00022895681354637054,True,True,True,55765.86577408299,55765.86577408299,55765.86577408299,True,True,True,True,True,True,2.957693157999529,2.066011173999982,True
fresh_grid.csv,7379,SLSQP,2,500,8,30,6030,random,,308.0,grid,,-485.32119226566886 120.26352972465503;-264.72144884386341 -424.1727885945046;493.39366617314874 -81.010413974492579;-200.19822062011801 457.73331561824273;248.8849684358772 218.0248460890015;200.97371287155596 -455.5855588495935;-463.08453531701178 -188.55427086707212;84.092795474311998 -118.20673604073122,True,307.9999999532892,9.53289202243468e-07,9.379675159616454e-07,True,True,True,55269.41477367681,55269.41477367681,55269.41477367681,True,True,True,True,True,True,3.201264709000497,2.05651999600002,True
fresh_grid.csv,7390,LXSSA,2,500,9,11,6030,random,,308.0,grid,,-179.99333562045365 -131.16595794317308;-228.50286608083894 223.02829995318203;-26.720405514642849 460.11585468042165;282.752998606397 411.12191181800438;193.14659479244168 -455.67808295750473;440.24256095084706 126.36464950564991;-127.55064711440329 -446.20345563009124;133.61362146541188 -153.48508512310138;107.45630968079264 155.61203186046458,True,308.00127086312574,0.0012718631257371271,1.0305784921672536,True,True,True,60270.76488816995,60270.76488816995,60270.76488816995,True,True,True,True,True,True,2.7102607619999617,1.8600865729999896,True
fresh_grid.csv,7408,LXSSA,2,500,9,29,6030,random,,308.0,grid,,300.76127060712963 175.25560105249633;493.88159161102044 -77.37488862103676;-26.33383152212329 480.01573216850528;-82.556644077123849 -156.80518587354373;-432.85946320919936 103.1440407696865;75.95085807030668 -493.35101597032002;219.1454269776246 -220.66193957644464;-228.87675008162188 -428.618313339476;-64.966265352088058 173.43801533294564,True,308.00002751476734,2.8514767336673685e-05,0.09410993513904739,True,True,True,59401.91982302781,59401.91982302781,59401.91982302781,True,True,True,True,True,True,2.7668611239996608,1.9039181979999853,True
fresh_grid.csv,7420,SSA,2,500,9,11,6030,random,,308.0,grid,,-437.01592088627643 -52.972319011260019;-96.610289135622423 -188.56468067423936;219.52593876449421 446.68413922310083;222.85221793885833 -348.04628349111579;190.59304833377777 -24.99565929328072;483.74655538870599 -126.4480340045109;-390.45099425351736 291.56045806251507;436.02435913495941 190.89317613636615;-50.489608400365192 221.78116355479972,True,310.21212586414435,2.212126864144352,0.00016584598285160245,True,True,True,60317.78446662045,60317.78446662045,60317.78446662045,True,True,True,True,True,True,2.8103409320001447,2.0150967320000177,True
fresh_grid.csv,7423,SSA,2,500,9,14,6030,random,,308.0,grid,,-143.16959151450396 389.18218443643468;181.25232862045075 448.64296490047485;-431.48351546009854 144.37440855077188;-291.72208240171625 -406.07655171078113;491.50410869413895 -37.118309708932578;310.12431121735472 -392.09612962132809;-2.9829127129481283 -244.47276942037544;-113.9520335496349 60.654912228611174;211.64953662215879 126.18330885828715,True,323.88920949785455,15.889210497854549,6.178989127900058e-05,True,True,True,60448.3328899756,60448.3328899756,60448.3328899756,True,True,True,False,True,True,2.600258389999908,1.9722049569999172,False
fresh_grid.csv,7430,SSA,2,500,9,21,6030,random,,308.0,grid,,427.91867792914826 -112.04845356380396;290.10438837535173 -399.95020843654748;-121.21714110020741 115.49110326137327;154.94468846359365 403.25312796298505;-151.52464462183647 461.10678410519165;-11.56073424381202 -175.48892694119408;-44.340688191613232 -482.99716982008846;420.08986986656441 238.27065605883493;-417.80947197468294 274.65457855476126,True,309.2504564576827,1.2504574576826712,0.00010860715468904891,True,True,True,60127.33598997176,60127.33598997176,60127.33598997176,True,True,True,True,True,True,2.807828955000332,2.0099526999999853,True
fresh_grid.csv,7432,SSA,2,500,9,23,6030,random,,308.0,grid,,-366.99759971505341 -339.57503956492849;-255.04061726829991 430.0574965603962;423.85853478344319 265.22428720981804;251.80786834390898 -426.80627451187701;-438.5134050570291 11.761489038204862;-89.221290067646478 -108.75103370442754;118.53724327578685 130.48694951480036;433.56786006359573 -74.360309828551834;132.3533599211836 463.07882736491177,True,316.8570983768835,8.857099376883525,2.0965277033406892e-05,True,True,True,61161.6659738923,61161.6659738923,61161.6659738923,True,True,True,True,True,True,2.5400835380005446,1.8619947270000239,True
fresh_grid.csv,7547,SLSQP,2,500,9,18,6030,random,,308.0,grid,,26.086039009321276 112.13207742464427;118.19541856129165 -461.99891047350576;-11.541176148445743 499.83898684491743;475.36039058918021 82.535940679372274;-60.556214834737638 -189.84886106729789;331.48353362559379 374.30100522094608;-487.09429813480722 -112.86718772986427;444.51236935079135 -228.92383008206431;-350.37150243578293 337.94601098762729,True,312.98368842016464,4.983689420164637,0.0001436585314447948,True,True,True,61670.37114208104,61670.371142081036,61670.371142081036,False,False,True,True,True,True,3.015416418999848,2.2243225839999923,False
fresh_grid.csv,7552,SLSQP,2,500,9,23,6030,random,,308.0,grid,,-489.23216155023277 -103.20429934223785;249.44470430453177 433.33275059810302;498.20066328917898 41.660708370658341;337.50369531690984 -241.48605014298431;-455.36235699122932 204.28978107022459;-115.72515297072981 -485.18001181103824;-138.49530237432452 -171.04962649442612;-150.52960990162373 416.536610985837;54.649924582969653 108.35238586022253,True,309.35379931329595,1.3538003132959489,6.77535114189377e-05,True,True,True,61472.74669295354,61472.746692953544,61472.746692953544,False,False,True,True,True,True,3.215818816999672,2.2920627340000124,False
fresh_grid.csv,7565,LXSSA,2,500,10,6,6030,random,,308.0,grid,,-135.3876395162678 -477.36526892007197;-420.16192385675356 119.30491114270103;305.80177843999587 -328.53318300126546;406.47054472891512 222.3752508787349;-445.82252157496907 -201.25621110797258;-177.24399129526606 429.70146932228562;165.27700446507737 463.91196709439731;-112.2255858247767 125.583596088007;-53.398917088690787 -180.27647237616816;220.28471520898816 -24.843409933785292,True,308.00034117706156,0.0003421770615545938,3.807081960520466,True,True,True,65922.11960435945,65922.11960435945,65922.11960435945,True,True,True,False,True,True,2.842653944999256,2.0762333280000007,False
fresh_grid.csv,7569,LXSSA,2,500,10,10,6030,random,,308.0,grid,,-177.75097688568422 413.51795871964083;406.23086406566256 250.67879277268446;-467.13487348326754 -168.26353566591641;-437.64011709651913 241.80751526626526;135.25635861418715 406.52610146057964;128.23507731637599 -51.967023375625786;-197.51262363806367 23.589992772295584;-187.34802966744434 -309.30811350729317;86.667320566913119 -483.22887041999712;436.95747959004234 -56.728236149465438,True,308.7591145419051,0.7591155419050892,0.00025446856415353616,True,True,True,65002.15120842156,65002.15120842156,65002.15120842156,True,True,True,True,True,True,2.8271270410004945,1.9951960340000028,True
fresh_grid.csv,7596,SSA,2,500,10,7,6030,random,,308.0,grid,,452.24029863348716 -79.577922625481648;286.8898714783578 208.93847279485658;107.85399370149509 487.51829072745358;-499.59774294336626 20.051978346574771;-181.15405244777082 43.759393386098736;116.54573003530182 -59.28879452156847;-41.167322421809871 -432.28180923608051;335.7614618155846 -367.28432728009687;-385.66395842025219 -269.43469320518358;-356.6892719966059 331.5778414520085,True,310.39055189508707,2.390552895087069,1.4410282804215968e-05,True,True,True,67094.771256988,67094.771256988,67094.771256988,True,True,True,True,True,True,2.846588516999873,2.019946539999978,True
fresh_grid.csv,7599,SSA,2,500,10,10,6030,random,,308.0,grid,,105.18781533464667 -164.50880102634329;-108.97441692326382 60.516250967746679;390.86805164283413 23.342067104888752;92.208317976784471 488.97494608793886;26.44543416606728 -475.24646564752885;344.99474526995431 -361.89369776842409;-193.10723619686823 361.80636988782771;-341.6611562202956 -280.79835458250682;371.79109304458876 334.32123530813726;-460.87401844361898 193.89423591808477,True,310.59324060075653,2.593241600756528,0.00016540139984297275,True,True,True,66200.77037322317,66200.77037322317,66200.77037322317,True,True,True,True,True,True,2.82508424200023,1.9962669390000087,True
fresh_grid.csv,7710,SLSQP,2,500,10,1,6030,random,,308.0,grid,,-449.86050164375678 -218.14739845086982;16.871207638298092 128.21614930723422;360.87063697660631 345.84125802575744;495.14461663622671 68.453376107452684;98.166011095933598 -180.49476010964364;-204.05536040535691 -456.4190668441492;-346.96988803907891 358.98232673406807;-492.34107304400874 86.934983748402757;47.6232913317967 497.72670005257925;400.8256287737197 -298.89596283101548,True,308.0257438508589,0.025744850858870905,1.972147282711012e-05,True,True,True,67378.66291402011,67378.66291402011,67378.66291402011,True,True,True,True,True,True,3.4309004579999964,2.401149215999993,True
fresh_grid.csv,7711,SLSQP,2,500,10,2,6030,random,,308.0,grid,,358.12071860978313 -347.03381855737678;-361.33612498004032 -345.58981060952385;-436.39359658302567 243.85490936453286;-495.35443092975288 -67.997982370064435;-204.97071326423767 34.690813167933094;6.2747929246280654 -481.14331985474553;83.944615690060573 176.93239231173828;140.06403106114311 -126.22914668532347;308.94725597818132 387.31951144200332;-142.02366444127179 466.71141100224145,True,308.0059937960466,0.005994796046593365,0.0002631519298031672,True,True,True,67610.97956229674,67610.97956229674,67610.97956229674,True,True,True,True,True,True,3.191843969000729,2.294449600000007,True
fresh_grid.csv,7902,SLSQP,2,750,2,13,6030,random,,308.0,grid,,479.0914338483858 -577.03673274553341;-232.39391276382696 713.08620337232082,True,1473.3053277380266,1165.3053287380267,5.716971716334228e-06,True,True,True,14630.75678936933,14630.75678936933,14630.75678936933,True,True,True,True,True,True,2.434252074999677,1.6148556839999628,True
fresh_grid.csv,7910,SLSQP,2,750,2,21,6030,random,,308.0,grid,,575.07324870518357 481.44652729746764;-155.62554797881796 -733.67602874947261,True,1417.9011099824618,1109.901110982462,9.84583155310247e-07,True,True,True,14630.75678936933,14630.75678936933,14630.75678936933,True,True,True,True,True,True,2.269454330000372,1.5919950069999231,True
fresh_grid.csv,7919,SLSQP,2,750,2,30,6030,random,,308.0,grid,,97.527775442278497 743.63185347786498;-98.261646347276482 -743.53523737432442,True,1499.9998179328063,1191.9998189328062,6.73570528102573e-07,True,True,True,14624.721157296355,14624.721157296355,14624.721157296355,True,True,True,True,True,True,2.3987536499998896,1.6407478930000252,True
fresh_grid.csv,7924,LXSSA,2,750,3,5,6030,random,,308.0,grid,,-467.20558070819601 -42.565709864050028;253.26862491957772 705.93473016688404;453.68118583536204 -597.22098255804178,True,1038.9109633175856,730.9109643175856,0.00032074101932519263,True,True,True,21931.94131121116,21931.941311211158,21931.941311211158,False,False,True,True,True,True,1.7549651059998723,1.2210500500000308,False
fresh_grid.csv,7925,LXSSA,2,750,3,6,6030,random,,308.0,grid,,-593.97807939316749 -457.91861031037774;210.81760766076056 719.76077472109034;662.91708390519557 -89.889065085429777,True,927.3223816554932,619.3223826554932,0.00024331543204678019,True,True,True,21935.91492651532,21935.91492651532,21935.91492651532,True,True,True,True,True,True,1.968970635000005,1.2479579539999577,True
fresh_grid.csv,7926,LXSSA,2,750,3,7,6030,random,,308.0,grid,,-291.73233024975997 -690.93536662394604;-440.99943678324036 606.64605254063474;402.15162237554182 597.99911226138317,True,843.1953973645545,535.1953983645545,4.346248806794028e-05,True,True,True,21931.75285075166,21931.75285075166,21931.75285075166,True,True,True,True,True,True,1.7689980069999365,1.1972766640001282,True
fresh_grid.csv,7928,LXSSA,2,750,3,9,6030,random,,308.0,grid,,430.24610982997308 204.16908127259006;-100.69880566352626 -743.20907885624922;-566.38569454177116 491.63720078599766,True,1037.2622008064563,729.2622018064563,1.1429056715111074e-05,True,True,True,21933.709521942736,21933.709521942736,21933.709521942736,True,True,True,True,True,True,1.808183987999655,1.2355011560000548,True
fresh_grid.csv,7950,SSA,2,750,3,1,6030,random,,308.0,grid,,465.96449385658309 587.68787441541008;-89.340612949587239 -744.65981568021459;-680.36967295795557 250.99168666817769,True,1157.8589136431892,849.8589146431892,1.0192600714413857e-05,True,True,True,21938.577623789628,21938.577623789628,21938.577623789628,True,True,True,True,True,True,1.8237869210006463,1.1947954930001288,True
fresh_grid.csv,7956,SSA,2,750,3,7,6030,random,,308.0,grid,,166.93021252312698 -731.18688852254343;414.3107077009023 625.17721740998616;-230.35063991989404 -38.499886285648927,True,798.5282454527133,490.52824645271335,2.6466470674473385e-05,True,True,True,21939.30869580192,21939.30869580192,21939.30869580192,True,True,True,True,True,True,1.753459657000349,1.1985219969999434,True
fresh_grid.csv,7957,SSA,2,750,3,8,6030,random,,308.0,grid,,-451.93161077928829 -598.54638841608858;477.3946849004987 578.44124707353171;-253.40281355862419 154.71305429379345,True,778.9823305810509,470.98233158105086,2.6675181063888886e-05,True,True,True,21936.65832795095,21936.65832795095,21936.65832795095,True,True,True,True,True,True,1.830812997999601,1.207756874000097,True
fresh_grid.csv,7959,SSA,2,750,3,10,6030,random,,308.0,grid,,673.26177090649355 277.74764034088912;547.57462325487927 -512.50544253727662;-117.80780819515127 720.16589657037355,True,800.1857247434772,492.1857257434772,0.00013655797715980588,True,True,True,21932.375179307182,21932.375179307182,21932.375179307182,True,True,True,True,True,True,1.8329500910003844,1.220052085999896,True
fresh_grid.csv,7960,SSA,2,750,3,11,6030,random,,308.0,grid,,-125.5810973194308 725.90500714374048;259.96047209479167 66.883342735859642;215.10685327861634 -718.4906958956941,True,763.5128393847187,455.51284038471874,0.0001087226030474776,True,True,True,21932.06577884537,21932.06577884537,21932.06577884537,True,True,True,True,True,True,1.8357657110000216,1.3170469140000023,True
fresh_grid.csv,7961,SSA,2,750,3,12,6030,random,,308.0,grid,,-147.51836600992718 73.071793439744823;-493.93615868531077 -527.83599161586267;197.66207642378862 723.4843654994753,True,693.6104477460826,385.6104487460826,5.194777372960379e-05,True,True,True,21927.881701123217,21927.881701123217,21927.881701123217,True,True,True,True,True,True,1.9564028710001369,1.2563348050000513,True
fresh_grid.csv,8087,SLSQP,2,750,3,18,6030,random,,308.0,grid,,-682.28483087736868 245.80860867577951;547.03794957205707 -513.07843117172968;349.11256118125402 232.50487789839968,True,771.4071105023692,463.40711150236916,4.4629041465450425e-06,True,True,True,21946.135184054,21946.135184053997,21946.135184053997,False,False,True,True,True,True,2.4427042090001123,1.6254335429999855,False
fresh_grid.csv,8088,SLSQP,2,750,3,19,6030,random,,308.0,grid,,-675.07090624366447 326.77006514934959;748.57818250470416 -45.925532856269975;-279.3653740415802 -672.98352216224578,True,1075.2163054742698,767.2163064742698,0.0003983772035124057,True,True,True,21929.63964412969,21929.639644129686,21929.639644129686,False,False,True,True,True,True,2.4315039940001952,1.6486016149999614,False
fresh_grid.csv,8099,SLSQP,2,750,3,30,6030,random,,308.0,grid,,112.50673746275847 741.51347528693236;129.66867291173773 -408.2368059774646;695.79854301680086 153.31793553805949,True,797.3999984598336,489.39999945983357,9.955879275148618e-07,True,True,True,21946.135184054,21946.135184053997,21946.135184053997,False,False,True,True,True,True,2.344546940000328,1.620646173999944,False
fresh_grid.csv,8101,LXSSA,2,750,4,2,6030,random,,308.0,grid,,-230.08379217377149 -713.83572485888772;-18.666039585679069 749.76767982477327;-112.8742441393085 239.14182420467347;-193.59852728447473 -216.86732491687627,True,463.0990757622614,155.0990767622614,4.504241476548486e-06,True,True,True,29189.468043151355,29189.468043151355,29189.468043151355,True,True,True,True,True,True,1.881808711999838,1.273198615999945,True
fresh_grid.csv,8103,LXSSA,2,750,4,4,6030,random,,308.0,grid,,-100.94899909049977 -743.17514453537524;79.041580147765373 302.00546177965634;150.44837457434775 734.75522256247348;5.1552351591339072 -184.57879269355556,True,438.60151133787224,130.60151233787224,3.7516335876498485e-06,True,True,True,29190.454261917777,29190.454261917777,29190.454261917777,True,True,True,False,True,True,1.8875308679998848,1.2591838910000206,False
fresh_grid.csv,8104,LXSSA,2,750,4,5,6030,random,,308.0,grid,,-311.79157160797035 187.81127911945293;-63.179152657213898 747.33416557249996;714.98351299124477 -65.709871979671746;-309.17129200145916 -681.25084337395185,True,612.2695446625578,304.2695456625578,2.742504819050373e-05,True,True,True,29232.96772544859,29232.96772544859,29232.96772544859,True,True,True,True,True,True,1.92690545700043,1.2547515230000954,True
fresh_grid.csv,8105,LXSSA,2,750,4,6,6030,random,,308.0,grid,,600.69643413099493 384.05252505398562;-401.4970439150074 632.50237555577462;-149.54000232207505 -337.97242559055434;342.00069321173402 -667.48433779010202,True,591.7688363265365,283.7688373265365,0.00012409841167734703,True,True,True,29147.45369121792,29147.453691217917,29147.453691217917,False,False,True,True,True,True,1.8776615269998729,1.2955749379998451,False
fresh_grid.csv,8115,LXSSA,2,750,4,16,6030,random,,308.0,grid,,590.97685840322174 -154.13346789701905;-725.85338466116787 188.54242467673075;283.44285591972408 -694.3774438990788;273.05282560142672 461.75113101746751,True,621.6435604830425,313.6435614830425,7.622150519889692e-05,True,True,True,29170.380509720177,29170.380509720177,29170.380509720177,True,True,True,True,True,True,1.8008736729998418,1.3113794370001415,True
fresh_grid.csv,8119,LXSSA,2,750,4,20,6030,random,,308.0,grid,,-118.99779867054144 278.40116240544899;-222.29451334703953 -201.40620890604384;-276.02716475678159 -697.35855439225168;-48.794217792797198 748.41106353189582,True,475.22399973586175,167.22400073586175,3.862030441974639e-06,True,True,True,29189.067821527453,29189.067821527453,29189.067821527453,True,True,True,True,True,True,1.8690153210000064,1.3435188519999883,True
fresh_grid.csv,8124,LXSSA,2,750,4,25,6030,random,,308.0,grid,,654.6189611276809 -347.95423744936647;202.82243427535036 722.05467192428478;-109.82857799527338 98.941679955890379;-425.00114285014354 -617.95954489355563,True,697.1516737652217,389.15167476522174,2.0634014506664244e-05,True,True,True,29209.128624146684,29209.128624146684,29209.128624146684,True,True,True,True,True,True,1.9888656339999216,1.2879332949999025,True
fresh_grid.csv,8131,SSA,2,750,4,2,6030,random,,308.0,grid,,33.873898214695735 -194.87410754336491;-1.6860496441502921 -749.99807605862316;121.12925368885112 740.15378645324859;94.202075592531358 311.52330500567899,True,429.4754504581213,121.47545145812131,2.9763308023371793e-05,True,True,True,29190.316209094643,29190.316209094643,29190.316209094643,True,True,True,True,True,True,1.861545923999984,1.2753642569998647,True
fresh_grid.csv,8133,SSA,2,750,4,4,6030,random,,308.0,grid,,-367.82195788907433 -133.82879721643806;-135.40808458495891 316.15755941825381;96.038436963636201 743.82565411453288;-379.97010793390547 -646.62404568918384,True,486.2792320859383,178.2792330859383,1.0937779395841063e-05,True,True,True,29180.720364161432,29180.720364161432,29180.720364161432,True,True,True,True,True,True,1.9479425889994677,1.3271963059999052,True
fresh_grid.csv,8135,SSA,2,750,4,6,6030,random,,308.0,grid,,73.705161834843921 349.80212270214923;146.66857649949836 735.51906926994582;-539.94473962127404 -250.19118513652819;692.21676210517535 -254.49196134947474,True,392.5572859457722,84.5572869457722,1.9271922499479843e-05,True,True,True,29221.44134023363,29221.44134023363,29221.44134023363,True,True,True,True,True,True,1.8863216469999315,1.2560769689998779,True
fresh_grid.csv,8136,SSA,2,750,4,7,6030,random,,308.0,grid,,-361.82277635807759 -548.92278512957478;-31.286855632033564 749.34711193708426;353.58263702367054 -547.71112894560633;128.68991207436642 270.44518357668466,True,504.91546143200725,196.91546243200725,2.6664141276138253e-05,True,True,True,29221.972205429607,29221.972205429607,29221.972205429607,True,True,True,False,True,True,1.9093362510002407,1.2531788930000403,False
fresh_grid.csv,8137,SSA,2,750,4,8,6030,random,,308.0,grid,,391.32584568175594 -285.50508901997932;146.69830083791254 -735.51313832476114;103.47283536494142 742.82789475745994;406.96124662336973 178.425709991052,True,464.19419646697327,156.19419746697326,2.2255287151689118e-05,True,True,True,29180.06388298901,29180.06388298901,29180.06388298901,True,True,True,True,True,True,1.9244376760007071,1.247906612999941,True
fresh_grid.csv,8138,SSA,2,750,4,9,6030,random,,308.0,grid,,330.7243946225127 -673.1428366647566;664.76350398856596 335.77880285418394;-603.21463962337202 314.19706261503092;625.31275633911162 -349.09308770553054,True,437.9389713868899,129.93897238688987,6.51656677089486e-05,True,True,True,29192.55207567744,29192.552075677442,29192.552075677442,False,False,True,True,True,True,1.935825583000224,1.270378479000101,False
fresh_grid.csv,8139,SSA,2,750,4,10,6030,random,,308.0,grid,,-202.09186657114617 658.78647607361495;-225.10461680611581 -715.42132782516603;-22.951284492229831 -336.52916855781848;-234.39578160472877 137.33538117166881,True,429.4475964770108,121.44759747701079,0.000157790315145372,True,True,True,29150.22876812911,29150.22876812911,29150.22876812911,True,True,True,True,True,True,1.982516496000244,1.276649138999801,True
fresh_grid.csv,8141,SSA,2,750,4,12,6030,random,,308.0,grid,,-121.54094188522249 -740.08630887203219;-20.212539786627996 214.65335327019403;85.791416026235979 745.07702054715446;-77.391327028392453 -264.01962669030729,True,478.1094794872006,170.10948048720059,3.757721686067816e-05,True,True,True,29190.26757845152,29190.267578451516,29190.267578451516,False,False,True,True,True,True,1.943099178999546,1.2597284900000432,False
fresh_grid.csv,8142,SSA,2,750,4,13,6030,random,,308.0,grid,,404.35871744077559 272.91366436626805;224.15967483965588 715.71810376138524;566.6662909694586 -305.33127007753927;-462.64520639271342 -559.38182860170161,True,478.06638294528113,170.06638394528113,2.508265822850808e-05,True,True,True,29183.649969873484,29183.649969873484,29183.649969873484,True,True,True,True,True,True,1.8426702500000829,1.2607590679999703,True
fresh_grid.csv,8144,SSA,2,750,4,15,6030,random,,308.0,grid,,736.32575665244474 142.56353806859727;-207.1061496296972 -720.83770465809778;-418.45153284767298 -143.15563983442783;-231.63357590510276 687.52855225997655,True,615.1287987295765,307.1287997295765,1.2802378935499292e-05,True,True,True,29162.76528955592,29162.765289555922,29162.765289555922,False,False,True,True,True,True,1.9941263330001675,1.288752575999979,False
fresh_grid.csv,8146,SSA,2,750,4,17,6030,random,,308.0,grid,,-240.91811331500205 -204.41469934986463;-5.7764531835007613 224.86579515354325;-244.4090552411644 709.05859123500647;-263.21727067801743 -702.29379835887971,True,489.4623001728416,181.4623011728416,6.0468983977239984e-05,True,True,True,29174.399578238637,29174.399578238634,29174.399578238634,False,False,True,True,True,True,1.8271098419991176,1.2821595450000132,False
fresh_grid.csv,8150,SSA,2,750,4,21,6030,random,,308.0,grid,,141.76493016708358 736.47989918426867;-66.079067773368138 312.69146022385667;-215.60194276584357 -718.34239018657138;-122.28618321327035 -191.38583172660455,True,472.0124664416962,164.01246744169617,9.491091762152792e-06,True,True,True,29188.410534723145,29188.410534723145,29188.410534723145,True,True,True,True,True,True,1.935988188999545,1.2547491150000951,True
fresh_grid.csv,8151,SSA,2,750,4,22,6030,random,,308.0,grid,,245.08782117815343 249.04216551070829;158.16917000688221 -222.11591736959502;308.44133065464473 683.6401919070687;41.019298809406621 -748.87743634903347,True,439.19142945940945,131.19143045940945,2.634989189369662e-06,True,True,True,29188.667721720707,29188.667721720707,29188.667721720707,True,True,True,False,True,True,2.231070869999712,1.2803213749999713,False
fresh_grid.csv,8154,SSA,2,750,4,25,6030,random,,308.0,grid,,81.490345747792318 745.55966850555058;-12.113467532115735 219.03051434447832;-107.74924171118073 -252.37145087448715;-202.27213650372937 -722.20908885268159,True,479.2514827320747,171.2514837320747,1.084853090812976e-05,True,True,True,29189.98467678865,29189.984676788652,29189.984676788652,False,False,True,True,True,True,1.882269157999872,1.2537357389999215,False
fresh_grid.csv,8155,SSA,2,750,4,26,6030,random,,308.0,grid,,746.30433773512459 74.362585961125404;-263.80555263079543 -701.68794520248912;-202.67868999078706 -301.56176415554444;15.420681444464119 270.98190030686709,True,404.7683956232537,96.7683966232537,2.8524608071871626e-05,True,True,True,29064.451641727526,29064.451641727526,29064.451641727526,True,True,True,True,True,True,2.0259155270005067,1.2697381589998713,True
fresh_grid.csv,8156,SSA,2,750,4,27,6030,random,,308.0,grid,,463.87195754316639 -488.43953223264583;-189.24020670911176 708.98590797926431;-535.44443292731296 109.68559560144175;-552.66420242240554 -507.013031531016,True,616.938989826808,308.938990826808,4.4479024725456836e-05,True,True,True,29234.06282319662,29234.06282319662,29234.06282319662,True,True,True,True,True,True,1.8677024420003363,1.309165860999883,True
fresh_grid.csv,8158,SSA,2,750,4,29,6030,random,,308.0,grid,,299.69377585761345 669.41839955900878;-337.42538309825045 25.044512018470197;-531.2775812824807 -529.38087865432976;549.72482330798448 -509.84278499824103,True,587.3382233122113,279.3382243122113,1.2294538126094267e-05,True,True,True,29212.280142032232,29212.280142032232,29212.280142032232,True,True,True,True,True,True,1.9737183650004224,1.2759973130000617,True
fresh_grid.csv,8257,SLSQP,2,750,4,8,6030,random,,308.0,grid,,277.26189703499148 696.86857966190007;352.26289853999498 -662.12578773964765;152.47848397555063 360.82432696081133;-173.91680661644529 -62.768642711398606,True,358.4642798776417,50.46428087764167,1.6421709349539015e-05,True,True,True,29097.374382070942,29097.374382070942,29097.374382070942,True,True,True,True,True,True,2.4142346910002743,1.7118734480000057,True
fresh_grid.csv,8258,SLSQP,2,750,4,9,6030,random,,308.0,grid,,483.792346350049 -573.10118303552701;685.81768580958089 180.90065046090845;-712.58846049027386 -223.50555281800362;-515.61000420909591 532.35749704418197,True,780.5978495356783,472.5978505356783,7.442623680399265e-07,True,True,True,29235.0754787767,29235.0754787767,29235.0754787767,True,True,True,True,True,True,2.452834822000113,1.7196454029999586,True
fresh_grid.csv,8263,SLSQP,2,750,4,14,6030,random,,308.0,grid,,98.524919626932714 743.49959187350294;733.08817306719686 114.16469458849718;-514.76880753090882 -216.27139740833024;284.68996937830775 -665.3636876143471,True,893.71859976025,585.71860076025,0.0007990647186514034,True,True,True,29234.69985973702,29234.69985973702,29234.69985973702,True,True,True,True,True,True,2.423205627999778,1.6986115589999145,True
fresh_grid.csv,8266,SLSQP,2,750,4,17,6030,random,,308.0,grid,,194.73843524958775 -709.33332663708586;-477.26807021134562 532.73982892960032;-729.00869109415089 -176.19840295736392;727.56227588133106 176.80814058322011,True,752.3076211454163,444.3076221454163,0.00030173637185523696,True,True,True,29243.766225663378,29243.766225663378,29243.766225663378,True,True,True,True,True,True,2.4270737169999848,1.7222643819999348,True
fresh_grid.csv,8280,LXSSA,2,750,5,1,6030,random,,308.0,grid,,-410.19916823554894 614.01612068610325;285.49248136748162 -677.8003745280165;342.25934721828605 167.31608090147495;-742.22326613004827 -107.5587068071502;430.3979810762707 614.21275774010564,True,455.50527828748966,147.50527928748966,0.00017840986390890612,True,True,True,36522.41224313792,36522.41224313792,36522.41224313792,True,True,True,True,True,True,1.9966404779997904,1.4432741319999423,True
fresh_grid.csv,8283,LXSSA,2,750,5,4,6030,random,,308.0,grid,,-580.21693970441413 -475.23494923671421;202.0089809868513 -685.50219118068435;309.61171701142894 -98.902602403996411;-468.96754540105138 543.91986543180712;324.67224699516822 336.96444140921614,True,436.127159720488,128.127160720488,3.160268193166848e-05,True,True,True,36301.63613927654,36301.63613927654,36301.63613927654,True,True,True,True,True,True,1.99043334199996,1.4424692349998622,True
fresh_grid.csv,8284,LXSSA,2,750,5,5,6030,random,,308.0,grid,,-226.48578602759329 714.98497636690934;-292.50499938186721 158.29104894208547;614.15954116386865 -263.09157910536942;636.77165491795824 144.8731303821007;-499.35448924105521 -541.06962177204809,True,408.5908856981807,100.59088669818073,0.00044919818276664594,True,True,True,36335.293878757264,36335.293878757264,36335.293878757264,True,True,True,True,True,True,1.9598593629998504,1.4255067880001207,True
fresh_grid.csv,8288,LXSSA,2,750,5,9,6030,random,,308.0,grid,,-268.79265559469638 280.56134401197113;-217.23492714817553 717.8501512719439;492.38665720603012 16.993435122036065;-474.62449495962943 -517.65753028206541;501.00329433442039 -517.14395771137276,True,440.3177265536953,132.3177275536953,9.883052246348234e-05,True,True,True,36396.89396497248,36396.89396497248,36396.89396497248,True,True,True,True,True,True,1.9631407130000296,1.3934016709999923,True
fresh_grid.csv,8300,LXSSA,2,750,5,21,6030,random,,308.0,grid,,-469.69164416385865 -361.69842197478107;163.14649437510656 -727.65335992045675;-2.6517913505877542 720.40658542796541;747.80393725441502 -57.344095912792106;154.47663612380393 316.01800058473691,True,433.8426791730894,125.84268017308938,0.0006183940804501399,True,True,True,36376.41945836066,36376.41945836066,36376.41945836066,True,True,True,True,True,True,2.1211214850000037,1.4025312329999906,True
fresh_grid.csv,8303,LXSSA,2,750,5,24,6030,random,,308.0,grid,,221.38309303739763 -714.21582559369199;-244.5078850982419 706.47370503968216;-560.38414208504207 -498.466519423411;-464.31384602734323 234.48990463835062;609.16537021317026 220.63278788272035,True,520.6566702744234,212.6566712744234,0.0004958758443106272,True,True,True,36475.767884175824,36475.767884175824,36475.767884175824,True,True,True,True,True,True,2.0074687710002763,1.441711691999899,True
fresh_grid.csv,8305,LXSSA,2,750,5,26,6030,random,,308.0,grid,,360.82004277755146 657.50194627431551;74.42175462238022 -163.41352352283243;243.16279783350387 212.70451920687381;-502.77122652664258 416.61415534988367;347.73098558920134 -664.04612850701153,True,412.2357598884447,104.2357608884447,5.925033099426946e-05,True,True,True,36399.44302512554,36399.44302512554,36399.44302512554,True,True,True,True,True,True,2.00166095700024,1.4823039269999754,True
fresh_grid.csv,8313,SSA,2,750,5,4,6030,random,,308.0,grid,,-221.62953381801853 328.56105849493434;366.76075014725262 -654.20675026357765;-728.64368868615406 -176.79755306014937;150.92250225769814 734.65798444723805;685.08107339788614 -172.24438977566868,True,551.0986598169814,243.09866081698135,3.0466798423527508e-05,True,True,True,36432.94070085807,36432.94070085807,36432.94070085807,True,True,True,True,True,True,1.9129068719994395,1.360297307999872,True
fresh_grid.csv,8315,SSA,2,750,5,6,6030,random,,308.0,grid,,475.15378737849602 206.88625401338629;146.17929261359563 -192.12269228278745;268.95486949493835 700.11654071202884;56.752995189584233 -747.84912552462663;-562.33084305783757 225.80129594777952,True,517.1386249645295,209.13862596452952,7.273092524226376e-05,True,True,True,36421.09155066966,36421.09155066966,36421.09155066966,True,True,True,True,True,True,2.0694070740000825,1.4329162650001308,True
fresh_grid.csv,8319,SSA,2,750,5,10,6030,random,,308.0,grid,,-590.9221919159163 16.919744398423799;-505.82296169942424 553.75364273000309;183.91186654110805 -727.10136637582764;515.43179781038305 544.82103901634957;627.34152164298007 -279.28869562323581,True,543.5370395670566,235.53704056705658,1.99065136737554e-05,True,True,True,36389.75261743125,36389.752617431244,36389.752617431244,False,False,True,True,True,True,2.032031141000516,1.3631713659999605,False
fresh_grid.csv,8322,SSA,2,750,5,13,6030,random,,308.0,grid,,49.113681670760101 -305.95821771990455;260.71326307579756 122.99422791468707;-626.0658476051459 360.60270742604212;-142.24463275364536 -736.38736570972617;29.149817280423733 743.42485373109912,True,471.04910140938955,163.04910240938955,7.571725075447466e-05,True,True,True,36467.2813462366,36467.281346236596,36467.281346236596,False,False,True,False,True,True,2.1292989760004275,1.3942366510000284,False
fresh_grid.csv,8324,SSA,2,750,5,15,6030,random,,308.0,grid,,-651.02148374727244 372.38530867538356;668.78022434544857 339.4459634972801;-147.55172913958359 -129.3485605666242;-210.64549482086423 -562.64394206282088;140.84692285669982 736.65601769155023,True,437.8649459522639,129.8649469522639,3.82804177004582e-05,True,True,True,36302.6983337618,36302.6983337618,36302.6983337618,True,True,True,True,True,True,2.3493857800003752,1.394713883999998,True
fresh_grid.csv,8328,SSA,2,750,5,19,6030,random,,308.0,grid,,552.54987443944492 -507.13768963131025;-378.90151789588896 386.82637836271851;562.86988702106316 389.67966198410966;-313.67769501767975 -517.27914872708027;-354.6802469552058 -132.52660534405655,True,386.9311681747738,78.9311691747738,1.0082470705820014e-06,True,True,True,36385.70274638556,36385.702746385556,36385.702746385556,False,False,True,True,True,True,2.278832496999712,1.4222267229999943,False
fresh_grid.csv,8331,SSA,2,750,5,22,6030,random,,308.0,grid,,-260.16741882161642 703.42928297181959;90.64149000023626 97.463887591184147;163.63419553998841 442.18052261590458;30.905902428340728 -268.32401634871235;-72.100766279058035 -715.70974699549834,True,352.35989204899477,44.35989304899476,0.00010636097363456065,True,True,True,36323.09134208148,36323.091342081476,36323.091342081476,False,False,True,False,True,True,2.0223991100001517,1.3649742019999849,False
fresh_grid.csv,8333,SSA,2,750,5,24,6030,random,,308.0,grid,,247.03873703351599 696.86109725187475;118.95699929307432 184.6971396056376;-637.74952955984338 -394.51002987514147;350.57762527107161 -663.01980910208545;697.11410662350204 -63.580910684943689,True,527.9364081539252,219.93640915392518,4.193168797680846e-05,True,True,True,36302.416676246205,36302.416676246205,36302.416676246205,True,True,True,True,True,True,2.0793884659997275,1.3961652149998827,True
fresh_grid.csv,8430,SLSQP,2,750,5,1,6030,random,,308.0,grid,,-418.6367575223843 600.80978646047379;279.53512122263288 -695.95953205619617;742.50960210793085 -104.73319520496626;-739.49204035736523 -125.08349921400172;441.61881915498924 601.42338945343158,True,750.9287258705283,442.9287268705283,0.0002981621711367334,True,True,True,36503.99675030582,36503.99675030582,36503.99675030582,True,True,True,True,True,True,2.541115426000033,1.7566835339999898,True
fresh_grid.csv,8433,SLSQP,2,750,5,4,6030,random,,308.0,grid,,-427.14410147936252 -600.8018044357575;-331.70713052071977 663.03145762563804;677.84994369201115 -298.20120015491972;-749.93449835189608 -9.9082149820932486;611.47823280663738 396.03186901962619,True,673.3118700651008,365.31187106510083,5.1305040758757966e-05,True,True,True,36408.82805665218,36408.82805665218,36408.82805665218,True,True,True,True,True,True,2.6166252550001445,1.8223251519999621,True
fresh_grid.csv,8440,SLSQP,2,750,5,11,6030,random,,308.0,grid,,-747.72525180449111 58.097964923852388;670.32924844616616 -336.39013116638046;408.68854501645023 628.86696425866285;35.527601425691991 -701.08464669726106;175.99133227843268 306.69704003893168,True,397.41848584054253,89.41848684054253,1.0624287031329005e-05,True,True,True,36393.42608887929,36393.42608887929,36393.42608887929,True,True,True,False,True,True,2.6802926299997125,1.7984270389999324,False
fresh_grid.csv,8447,SLSQP,2,750,5,18,6030,random,,308.0,grid,,-538.26069163597958 380.43690855860342;-340.54204607352108 -668.22981826247633;641.83741721561375 369.1114787383097;738.88056145577423 -80.109353879360157;-279.02596758406116 -332.59157267489536,True,341.2290430397605,33.22904403976048,1.7560638641749393e-05,True,True,True,36337.36997160685,36337.369971606844,36337.369971606844,False,False,True,True,True,True,2.664962545999515,1.8931206729999985,False
fresh_grid.csv,8450,SLSQP,2,750,5,21,6030,random,,308.0,grid,,-109.43919003135439 -314.09943777900833;-505.88250971259879 553.69871026928604;240.89608484442715 357.63241777404858;743.77158498792471 -95.475591260296937;41.501498252036463 -748.8508555691144,True,460.20852518176054,152.20852618176053,1.5504161185868725e-05,True,True,True,36254.077837539386,36254.077837539386,36254.077837539386,True,True,True,False,True,True,2.45037276200037,1.7891265179999891,False
fresh_grid.csv,8451,SLSQP,2,750,5,22,6030,random,,308.0,grid,,-163.08227017240787 400.81855851758644;481.11148952542487 574.48999043124331;239.31920835405248 -710.78163047875023;-718.35331085243592 -215.56530489603193;463.46671496740032 -232.78438932309717,True,527.942674230258,219.94267523025803,8.107495387118979e-05,True,True,True,36214.78445123393,36214.78445123393,36214.78445123393,True,True,True,True,True,True,2.5902371129996027,1.7984398350000674,True
fresh_grid.csv,8457,SLSQP,2,750,5,28,6030,random,,308.0,grid,,180.41536610605732 48.741174663457244;-32.596776604824989 -749.19837904741462;-613.58402552442226 431.29412438741048;-728.05767421900578 -180.08893061603183;334.32692286606692 671.36088959410051,True,622.0076013930964,314.00760239309636,1.0535907247467548e-06,True,True,True,36310.14697367118,36310.14697367118,36310.14697367118,True,True,True,True,True,True,2.6255923730004724,1.8393776809999736,True
fresh_grid.csv,8468,LXSSA,2,750,6,9,6030,random,,308.0,grid,,-547.89941170113127 -324.89988055802564;69.65682101172618 515.45857504823528;539.8410805009928 185.69761696680666;301.52660985760662 -686.71790603104557;-221.246422654795 181.96824866372998;64.231774851817207 -139.58790441144242,True,429.99553582813854,121.99553682813854,0.0001483894243417817,True,True,True,43086.174786429765,43086.174786429765,43086.174786429765,True,True,True,True,True,True,2.1530176610003764,1.4903902389999075,True
fresh_grid.csv,8473,LXSSA,2,750,6,14,6030,random,,308.0,grid,,428.41788338842883 -176.35675319292082;259.05364015996173 -598.04626134496493;-671.92503260508272 -64.094198228834131;-568.89787454891473 226.16443135168464;447.51386806030035 239.11427482856215;4.538981578433928 616.06543050228549,True,308.0010833472692,0.0010843472691703937,75.02495280344738,True,True,True,43332.87840661337,43332.87840661337,43332.87840661337,True,True,True,True,True,True,2.130944536999777,1.4734205489999113,True
fresh_grid.csv,8480,LXSSA,2,750,6,21,6030,random,,308.0,grid,,504.73355197383916 416.34834436526921;395.73152422277366 -241.52736200317432;-260.52367333301572 617.44979504658261;-220.78182560576519 -434.76666657216992;412.62538429287662 -626.29079557312366;586.43009720082239 34.534125425202092,True,335.5233085450723,27.523309545072323,8.874503169206582e-05,True,True,True,43249.64545813709,43249.64545813709,43249.64545813709,True,True,True,True,True,True,2.1904046379995634,1.5494074379998892,True
fresh_grid.csv,8490,SSA,2,750,6,1,6030,random,,308.0,grid,,-482.79131498127828 298.98424364223945;-544.85032907021218 -360.18110661141998;306.61096746065232 -143.14128848126734;497.43787821254642 561.29805583740983;-259.90579999590716 654.91469758507571;374.85568822922835 187.23674203459578,True,337.3529086288148,29.352909628814814,3.422169663988461e-05,True,True,True,43248.99777850237,43248.99777850237,43248.99777850237,True,True,True,True,True,True,2.0708268070002305,1.498379949000082,True
fresh_grid.csv,8492,SSA,2,750,6,3,6030,random,,308.0,grid,,376.97619084809907 -637.45739712046679;594.49460979966636 457.24786461306388;516.66499374589932 -241.78213291339202;-315.61492662004321 -239.20066347198141;-292.30204887873089 285.39176077000491;-205.46055503395658 672.20247799487765,True,396.4391201851962,88.4391211851962,0.0003671507131482722,True,True,True,43394.13592194556,43394.135921945555,43394.135921945555,False,False,True,True,True,True,2.1068014370002857,1.565348608000022,False
fresh_grid.csv,8493,SSA,2,750,6,4,6030,random,,308.0,grid,,-641.35594672446064 -206.20410439452542;-1.4526142981961263 -398.81737340596749;85.498601319256736 327.9339006799749;57.311676771100693 694.19170606890441;676.23690923615959 -13.644313262764573;338.42101968720254 -669.30631518239386,True,367.3408263776277,59.340827377627704,0.00018092724838222784,True,True,True,43117.34385747705,43117.34385747705,43117.34385747705,True,True,True,True,True,True,2.0846262380000558,1.4952274899999338,True
fresh_grid.csv,8494,SSA,2,750,6,5,6030,random,,308.0,grid,,524.20929902562773 529.30339235116048;-530.99838843144767 523.73906913772919;213.44848869134685 -683.63243352552604;-710.70112965560247 -163.08772627794218;-427.18993657855117 -616.44846761566191;223.63300153166378 75.800331502130476,True,534.7097889381304,226.70978993813037,3.090687778492429e-05,True,True,True,43468.31587668431,43468.31587668431,43468.31587668431,True,True,True,True,True,True,2.155969206000009,1.4502977839999858,True
fresh_grid.csv,8501,SSA,2,750,6,12,6030,random,,308.0,grid,,644.59825029500325 -205.2801636589034;-282.36276064314291 684.5739852474843;118.69380767972976 -726.81075530068074;-3.8209695767867773 -4.3981054579517718;518.84707611659314 541.56954670016262;-726.48952038184018 186.10235098076603,True,667.624556831553,359.62455783155303,9.279483402022015e-05,True,True,True,43404.230807174055,43404.230807174055,43404.230807174055,True,True,True,True,True,True,2.280737642000531,1.621524916999988,True
fresh_grid.csv,8503,SSA,2,750,6,14,6030,random,,308.0,grid,,-81.444366289346476 743.8115043486381;-403.11653346095267 81.290257246534878;596.73325330937575 346.74288780494089;300.80897526508909 -686.7426602150158;-564.103721929068 494.25391135935917;-497.95760295544932 -364.07879207622739,True,443.23340856605665,135.23340956605665,4.234116602472204e-05,True,True,True,43242.96992084297,43242.96992084297,43242.96992084297,True,True,True,False,True,True,2.2052836520006167,1.4725474440001562,False
fresh_grid.csv,8504,SSA,2,750,6,15,6030,random,,308.0,grid,,187.67343690131472 334.66204530356998;-343.47654151939929 -278.53635679782508;-344.95880779899937 665.96026626723915;625.48559975769297 -413.84494070059429;-413.00092851375206 -626.03437108716571;654.95517918875566 -19.370281033209576,True,354.38469256159374,46.384693561593735,8.736819211460533e-05,True,True,True,43256.72008978024,43256.72008978024,43256.72008978024,True,True,True,True,True,True,2.045282381999641,1.4586063899998862,True
fresh_grid.csv,8505,SSA,2,750,6,16,6030,random,,308.0,grid,,-200.77837942080112 699.77322266481121;-472.66252590645297 308.89874081020287;469.39832035190085 -584.94886814792801;281.33739864607662 110.49460586726401;-644.40369941116228 -136.61186899534354;100.36646872254097 -333.11774795997565,True,446.76998624808357,138.76998724808357,2.6668848593340954e-05,True,True,True,43428.69211992313,43428.69211992313,43428.69211992313,True,True,True,False,True,True,2.148240470999553,1.5018771350000861,False
fresh_grid.csv,8506,SSA,2,750,6,17,6030,random,,308.0,grid,,-183.39765460213331 62.853173846638597;-735.91743877852662 -144.65616712289608;-106.54306720377525 491.37254544555674;706.94893830048113 -181.86089847956598;-557.35330815825375 -494.45918609856977;245.40269619751297 -701.24467592734197,True,392.74330144341025,84.74330244341024,7.874331493237696e-05,True,True,True,43511.3122350769,43511.312235076904,43511.312235076904,False,False,True,False,True,True,2.1642706879993057,1.5284428709999247,False
fresh_grid.csv,8512,SSA,2,750,6,23,6030,random,,308.0,grid,,731.18822902138993 166.92415952664419;139.50344656473669 -179.5893271095178;142.42987197787818 558.023194413542;-109.95130963784516 -652.02354187311232;-280.76097522981047 695.46612832850644;-661.35509572740204 36.214420591605837,True,444.95061888204464,136.95061988204463,6.680459410088224e-05,True,True,True,43149.465943937306,43149.465943937306,43149.465943937306,True,True,True,True,True,True,2.155210566000278,1.4817765669999972,True
fresh_grid.csv,8513,SSA,2,750,6,24,6030,random,,308.0,grid,,402.07191828757249 -452.19754831988331;747.77830483707498 -57.682651635322031;-287.9120457276689 215.97610758575891;-159.53003705209059 641.31200585668932;574.85162694111477 445.58793596541642;-85.729963283069722 -745.08407750978324,True,444.2888323033965,136.28883330339647,6.15579216426122e-05,True,True,True,43507.933074236906,43507.933074236906,43507.933074236906,True,True,True,True,True,True,2.185956072999943,1.4723306250000405,True
fresh_grid.csv,8516,SSA,2,750,6,27,6030,random,,308.0,grid,,-272.54971582428738 698.7249817268364;625.16795909975156 340.94020894679255;-353.11972040705331 -624.77545450254763;-571.13363683907619 328.34704786072098;-5.2737775999440712 -22.776511705826902;-205.87117766092453 -305.09875246436383,True,346.33100429812276,38.33100529812276,3.5876622407864485e-05,True,True,True,43435.25855175037,43435.25855175037,43435.25855175037,True,True,True,False,True,True,2.141209352999794,1.5331557909998992,False
fresh_grid.csv,8517,SSA,2,750,6,28,6030,random,,308.0,grid,,-210.44329592867044 -540.13133271635184;208.49305232736091 -720.43769451976982;-482.22989133509475 574.15735218970474;-561.19126294185253 -86.442010085435825;266.81691179468226 377.86480758665198;317.07422598354583 -96.558031972046138,True,456.0899560359599,148.0899570359599,0.00011796418187057133,True,True,True,43243.37422260811,43243.37422260811,43243.37422260811,True,True,True,True,True,True,2.221525595999992,1.4847775190000903,True
fresh_grid.csv,8518,SSA,2,750,6,29,6030,random,,308.0,grid,,538.61288731352715 -299.00072179243438;400.66798226931382 91.017631065805176;-368.52048549734161 -532.75879392898537;258.00035250724511 -704.2270550796477;-195.67267473950628 675.57930472531916;-232.00148788688099 313.57710310041301,True,363.82052807115775,55.82052907115775,4.96666576762218e-05,True,True,True,43268.64725364718,43268.64725364718,43268.64725364718,True,True,True,True,True,True,2.0887233760004165,1.5323266469999908,True
fresh_grid.csv,8619,SLSQP,2,750,6,10,6030,random,,308.0,grid,,691.87852163880802 -267.42118773457901;301.8249670593724 188.96065327851909;-478.58548472461689 577.415628598637;-745.87488309304661 -78.552184201097262;461.34054238328406 591.31420737511644;158.30756657328848 -733.0948342074779,True,432.820518535203,124.820519535203,0.0001430854607658839,True,True,True,43345.05480953788,43345.05480953788,43345.05480953788,True,True,True,True,True,True,2.7830023189999338,1.8971956949999935,True
fresh_grid.csv,8632,SLSQP,2,750,6,23,6030,random,,308.0,grid,,714.5685820120143 -215.84131325597281;-492.97674505791224 524.59570419834722;340.04753492889796 -668.48128909584796;-150.98851151797237 -225.79197219764364;-728.39465581950947 -174.59510537427013;-349.31139584979871 79.666941035703232,True,364.19378649750786,56.193787497507856,0.00029441174627006697,True,True,True,43013.92299913771,43013.92299913771,43013.92299913771,True,True,True,False,True,True,2.7480881940000472,1.9162652310000112,False
fresh_grid.csv,8636,SLSQP,2,750,6,27,6030,random,,308.0,grid,,-255.10910983666093 602.47539783509092;595.14797505211754 -41.634566503665503;394.19377712105012 -459.46324332715051;-369.86944106594819 -26.804296599050662;523.68914348453927 470.87890593035968;-439.70917104093127 -607.58196456725818,True,463.64144858088656,155.64144958088656,1.823392042548221e-06,True,True,True,43325.66923398918,43325.66923398918,43325.66923398918,True,True,True,True,True,True,2.713944674999766,1.8539931330000172,True
fresh_grid.csv,8638,SLSQP,2,750,6,29,6030,random,,308.0,grid,,638.45665409143169 -393.10978656591408;-12.434595505675718 749.89045290286515;728.37308764213083 177.97111268005011;-11.679206910808592 -21.641855111363068;-679.91824007595403 316.56137344721924;-503.65711698373457 -555.72170963819997,True,578.1162153979566,270.1162163979566,5.676882040259079e-05,True,True,True,43314.68593288129,43314.68593288129,43314.68593288129,True,True,True,True,True,True,2.6686387350000587,1.8383317149999812,True
fresh_grid.csv,8651,LXSSA,2,750,7,12,6030,random,,308.0,grid,,-648.67159703709535 359.1527173193183;-78.039665686075821 -674.32409904045903;248.93390723496921 459.18807931441188;-194.2566038626305 11.458505438822801;-394.41981549411196 637.91291988090632;542.34573884688234 44.111251771722642;521.8861273717738 -499.57868702707208,True,377.2946049839019,69.29460598390187,7.819640871073352e-05,True,True,True,49913.758798161696,49913.758798161696,49913.758798161696,True,True,True,True,True,True,2.41352246400038,1.5704393739999887,True
fresh_grid.csv,8652,LXSSA,2,750,7,13,6030,random,,308.0,grid,,-671.21004072117 -70.349693753788699;-541.4455388739799 -496.81432928794487;604.11097968920114 248.44872461213492;-292.83686914871157 478.77975045019065;17.412805674378927 -743.44576280610147;596.66645334424788 -388.41319726651011;315.12408172410056 680.5856200565679,True,445.77002063948856,137.77002163948856,1.8926506416188204e-05,True,True,True,50318.70362424389,50318.70362424389,50318.70362424389,True,True,True,True,True,True,2.2991604529997858,1.5933786060001012,True
fresh_grid.csv,8671,SSA,2,750,7,2,6030,random,,308.0,grid,,552.25945585342379 507.38156739505251;-185.9588282468705 -204.59442834460415;18.115972096571522 677.5305581716807;489.85108323155669 -24.292856091970545;-464.46783111802279 -588.87148512688145;68.854745109525538 -547.50107075912774;-162.0711605198822 204.2502584357419,True,409.5419375081803,101.5419385081803,6.240653990767896e-06,True,True,True,50019.7085583381,50019.7085583381,50019.7085583381,True,True,True,True,True,True,2.4360992849997274,1.73551463900003,True
fresh_grid.csv,8672,SSA,2,750,7,3,6030,random,,308.0,grid,,-430.14852379536609 614.38764975763524;674.63099435775109 95.271709251324197;-680.42807079807631 -269.77936125467301;-134.14657637930293 -432.83112937072025;314.46092793723739 617.68925265566918;433.31169251378378 -268.84764997580561;-121.11325469544293 339.26287125524817,True,413.7589168750922,105.75891787509221,4.320130563226121e-05,True,True,True,49984.6405475358,49984.6405475358,49984.6405475358,True,True,True,True,True,True,2.446897077000358,1.6316831729999421,True
fresh_grid.csv,8673,SSA,2,750,7,4,6030,random,,308.0,grid,,262.47584602602672 -75.742468679808383;-455.45446516581904 -267.99360505807999;-89.172181838400618 744.65579551137239;617.61568710059623 335.3216498545541;-662.78203727709138 351.02693042851206;-144.62632595972244 202.36248687125175;-294.11942715324363 -677.07010314508182,True,439.74148744193326,131.74148844193326,4.445117781667795e-05,True,True,True,50293.29015329763,50293.29015329763,50293.29015329763,True,True,True,True,True,True,2.302296978000413,1.5928523359999645,True
fresh_grid.csv,8677,SSA,2,750,7,8,6030,random,,308.0,grid,,475.43086661759088 -237.14664815233823;-121.80107487263965 432.30356991187074;-89.298031468876147 14.75695378871999;239.17854409676252 -560.1035936189619;-714.75255432521624 -227.2193708855329;157.18943697999802 733.27506300480468;690.68438638099144 216.7703004837164,True,400.14540922221914,92.14541022221914,9.671998032242845e-05,True,True,True,50371.813764684,50371.813764684004,50371.813764684004,False,False,True,False,True,True,2.4311219020000863,1.6215898030000062,False
fresh_grid.csv,8680,SSA,2,750,7,11,6030,random,,308.0,grid,,-194.37344454182602 -724.37478945723683;-468.25580982972286 -159.99142354840623;-272.45525294022463 416.40865609849334;-159.92526522765772 726.36678700454934;148.85948322852934 -366.11242141449162;-708.08564633422031 130.43063331202129;473.47485434820578 108.24085611865198,True,329.7530000612067,21.753001061206703,8.66371578947801e-05,True,True,True,50431.05204265216,50431.05204265216,50431.05204265216,True,True,True,True,True,True,2.1802915400003258,1.6828006099999584,True
fresh_grid.csv,8681,SSA,2,750,7,12,6030,random,,308.0,grid,,-289.43702141904095 622.81526867838397;-328.44840862384535 -673.95715945814948;-319.83465057193598 35.232686663341454;252.28495646896664 -395.04879914347299;-679.46904584737899 317.52412972871304;456.45423476749653 595.10450948343521;677.58252535358281 50.627195988454176,True,457.1929101517909,149.1929111517909,0.00010390353986874834,True,True,True,50069.755802010215,50069.755802010215,50069.755802010215,True,True,True,True,True,True,2.255503320999196,1.6304817070000581,True
fresh_grid.csv,8682,SSA,2,750,7,13,6030,random,,308.0,grid,,-220.5973227531577 -38.450432955449259;-645.80170436382946 251.70310542532178;440.87601977688183 -279.21176184150335;458.22823474097862 560.12463015853825;401.08830072349161 241.00352173356646;-83.393100917930397 -493.64893288106282;-701.1072048787529 -266.36191485313714,True,324.1963200005598,16.196321000559806,1.2721915143425577e-05,True,True,True,49820.049412224165,49820.049412224165,49820.049412224165,True,True,True,True,True,True,2.326144399000441,1.7261482540000088,True
fresh_grid.csv,8689,SSA,2,750,7,20,6030,random,,308.0,grid,,-405.34537374798913 206.39184076706715;363.37424093031058 -656.09376817746579;-72.30367385839287 -525.94245727300324;413.86643396757177 -187.65483965568558;-335.20641590484382 545.38185675766999;628.20074384380712 301.22284922627051;-446.22837091541373 -182.80560157550184,True,346.1700512011859,38.17005220118591,8.659134778352017e-05,True,True,True,50210.31886396543,50210.318863965425,50210.318863965425,False,False,True,True,True,True,2.3592883399996936,1.620912383000018,False
fresh_grid.csv,8791,SLSQP,2,750,7,2,6030,random,,308.0,grid,,-723.25830354827508 -170.68789079221295;-43.539352994491573 -747.76191244806023;-109.71790235840909 25.101926641918901;-153.62545888195166 -418.12877273165316;598.70441273291237 440.88155216228654;-633.43472053308938 384.97586235781023;749.82318603111582 16.282833775595755,True,347.52979369942,39.529794699419995,4.034292305984854e-05,True,True,True,50183.69794777699,50183.69794777699,50183.69794777699,True,True,True,True,True,True,2.688238341000215,2.0540047110000046,True
fresh_grid.csv,8792,SLSQP,2,750,7,3,6030,random,,308.0,grid,,537.73895898670912 288.79040548572237;-747.58023143777746 60.197141026286964;-335.28641449102366 -195.19786008032969;-326.15396372594182 337.80194064617666;254.69665164650519 -694.43960397977105;202.94746597651579 673.65035715802276;-583.2624650977823 -471.07713453951334,True,370.94675595110857,62.94675695110857,6.885047003177169e-05,True,True,True,50091.83162136597,50091.831621365964,50091.831621365964,False,False,True,True,True,True,2.82454232300006,1.9720924139999738,False
fresh_grid.csv,8815,SLSQP,2,750,7,26,6030,random,,308.0,grid,,157.92728066439633 96.563657906760923;368.01015614712054 653.48185565580468;736.87662878318395 139.68342381298427;-718.64602654220869 214.58554789279631;-418.77622567202854 -619.62467006334066;135.77477388904123 -283.0620486157589;-270.28223683087322 573.15730194383536,True,380.27149591989473,72.27149691989473,0.0006217806859492848,True,True,True,49593.86719449391,49593.867194493905,49593.867194493905,False,False,True,True,True,True,2.636261992999607,1.966668507999998,False
fresh_grid.csv,8818,SLSQP,2,750,7,29,6030,random,,308.0,grid,,-184.57251054029732 -726.93389978145183;152.08340388523621 138.52087071328469;-585.10850092918133 -468.20209218748619;659.69155146777882 -356.80072684801814;390.77773795894586 473.05872397289386;-735.7367535746024 145.57222712730282;105.92143019752098 -308.95799808169676,True,410.96296716667734,102.96296816667734,6.346759051009576e-05,True,True,True,49893.48717469052,49893.48717469052,49893.48717469052,True,True,True,False,True,True,2.655637204999948,1.9384155689999716,False
fresh_grid.csv,8822,LXSSA,2,750,8,3,6030,random,,308.0,grid,,708.99191500862764 -131.52669316629371;493.54297406167279 374.83485092161345;-156.86364358764519 92.558533051274196;213.21178665502131 -410.2027788240847;-381.9832816147013 601.51491536474794;-321.3631559875468 -645.74031175589755;352.19244599008078 662.16321846381641;-729.78530365591519 -145.24391053700472,True,320.2148693933266,12.214870393326578,0.00023640081303963234,True,True,True,57046.07013811097,57046.07013811097,57046.07013811097,True,True,True,True,True,True,2.3768892540001616,1.6985213729999487,True
fresh_grid.csv,8825,LXSSA,2,750,8,6,6030,random,,308.0,grid,,-546.5594463286468 167.73178522711206;138.4927597811145 517.50268601916707;540.28716833719534 -213.84751213003585;-727.12228303389293 -183.82922218373801;181.51992866384128 -536.60388016694071;-235.06084836877272 643.58565221488072;-352.86898018323558 -303.17405081545672;319.3659627286811 90.978120017590584,True,376.46360395358204,68.46360495358203,2.724600792840647e-06,True,True,True,56692.01963921033,56692.01963921033,56692.01963921033,True,True,True,False,True,True,2.4534865229998104,1.7153428909999775,False
fresh_grid.csv,8832,LXSSA,2,750,8,13,6030,random,,308.0,grid,,-367.47407355776778 383.71455573961174;-256.80078603211496 -587.67852688682228;516.20737128934195 -350.77841437542594;-738.79219191072946 -129.17277199290345;-386.72059532152412 -201.98164373304641;647.04399670139503 54.04448949221733;-30.835232797099785 -231.79569903295359;239.27083163906894 -667.21737941184051,True,357.1320052201523,49.13200622015228,0.0003290983445392849,True,True,True,55934.84033916042,55934.84033916042,55934.84033916042,True,True,True,True,True,True,2.555869234999591,1.7198465870000064,True
fresh_grid.csv,8850,SSA,2,750,8,1,6030,random,,308.0,grid,,283.94009976301516 -121.5509285019094;-384.85990198524024 -343.01988563921799;602.18527130670543 383.67469094263765;-728.44887344946949 45.660692561612827;-381.51517521264617 645.71357563262859;144.00618602442495 555.67654030141603;452.52295192174716 -595.00886711472651;-144.22138199908275 185.62825819701106,True,469.0531548312697,161.0531558312697,0.00010055079963219759,True,True,True,56764.63840737506,56764.63840737506,56764.63840737506,True,True,True,True,True,True,2.468944989999727,1.7338292360000196,True
fresh_grid.csv,8851,SSA,2,750,8,2,6030,random,,308.0,grid,,-683.000204600394 -155.30179124736767;133.07915318923537 -148.40467187162312;-249.40384563507405 116.35578719205311;-374.01357121177182 -564.00594960920466;59.295094405891682 -747.64407230746383;591.35031456968238 -460.88441695592911;-619.25706876894628 423.1082969371879;300.68552793841951 665.90101570731247,True,465.17883128238464,157.17883228238463,3.5561737493277175e-05,True,True,True,56973.05859412512,56973.05859412512,56973.05859412512,True,True,True,True,True,True,2.251381226000376,1.6967358619999686,True
fresh_grid.csv,8853,SSA,2,750,8,4,6030,random,,308.0,grid,,-588.76863072379649 447.63228365778457;-101.88749090543409 -133.16196525743857;466.46162997702169 111.6607896600175;-586.2997864752399 -467.70978964582287;179.7364692253791 -673.27287279636937;143.01693112074975 736.08495030572192;508.30831447206242 463.70089202820861;418.17903052965079 -339.97397924487899,True,354.51851669360514,46.51851769360513,7.636570262800523e-05,True,True,True,57206.23351707859,57206.23351707859,57206.23351707859,True,True,True,True,True,True,2.4888600899994344,1.6760926579999023,True
fresh_grid.csv,8858,SSA,2,750,8,9,6030,random,,308.0,grid,,-426.84032230708061 616.69061943705469;-718.17282454925203 173.12990141227863;192.14472690982342 -119.21731519168945;563.97851976965217 -416.43457641140924;-492.4188396552442 -511.77038334873333;553.94842377461771 505.24045454225671;384.10223750020845 164.23832030879157;2.5181195294148404 585.04365039881611,True,342.33723602471196,34.33723702471195,1.376741966194095e-05,True,True,True,57083.40125393066,57083.40125393066,57083.40125393066,True,True,True,False,True,True,2.426650370999596,1.6887872599999127,False
fresh_grid.csv,8862,SSA,2,750,8,13,6030,random,,308.0,grid,,52.753465166192456 348.10369388109626;-234.60575363200263 -712.36172827970381;-569.08012283972676 -397.88662057384045;-39.841927961134644 -194.67961534881132;-586.4973690787815 -19.411885665067498;393.9086360935998 -638.12240637729599;-368.09707861547088 492.41898865404602;493.87283819537021 -8.0604291325885367,True,378.87529007685083,70.87529107685083,0.0006066303202512936,True,True,True,56764.768774648444,56764.768774648444,56764.768774648444,True,True,True,False,True,True,2.4850190289998864,1.6961945140000125,False
fresh_grid.csv,8868,SSA,2,750,8,19,6030,random,,308.0,grid,,-426.95173126075042 -132.87051134304494;-369.66977394185238 652.56741683983114;615.11688370280785 279.23863361228734;-89.028970807924878 467.24395300797738;415.18490627524346 589.71388629589774;108.49603605725528 125.55240382641431;583.4051410538749 -277.30391483930589;-448.82948994520785 288.52044002170754,True,336.30945070023273,28.309451700232728,1.747518001846038e-05,True,True,True,55967.13082435139,55967.13082435139,55967.13082435139,True,True,True,False,True,True,2.524717151999539,1.7212785440000289,False
fresh_grid.csv,8878,SSA,2,750,8,29,6030,random,,308.0,grid,,597.156291308449 -238.47588135997896;565.70714141213978 490.55604163505296;-13.449069583611488 -455.92751208796659;-684.25377326348519 -307.02820544811073;-100.90445289110539 -42.491527221153156;-588.92709972431214 464.39674120822838;-166.16714974906679 689.75518438451275;211.11182987421304 226.32704116312595,True,411.84655324387563,103.84655424387563,0.0003596437443345858,True,True,True,56505.71770864475,56505.71770864475,56505.71770864475,True,True,True,False,True,True,2.4465519350005707,1.7918406570000798,False
fresh_grid.csv,8975,SLSQP,2,750,8,6,6030,random,,308.0,grid,,-694.38556697591343 175.79536578187481;62.151311124010583 376.33686105444588;703.99815973964564 -249.04628002904758;-732.32960858114257 -161.8435286969102;692.25674347674249 281.66079201220163;-220.69436639805201 705.34720605198515;-60.50912513624499 -244.93713753689727;344.16432719382476 -666.35777355950449,True,339.76429088148075,31.764291881480744,1.2076215400862566e-05,True,True,True,57015.36162140078,57015.36162140078,57015.36162140078,True,True,True,True,True,True,3.038512862000061,2.1050564120000104,True
fresh_grid.csv,8976,SLSQP,2,750,8,7,6030,random,,308.0,grid,,378.54479721014735 -6.7311569279382386;-685.60949215924995 301.77397410707107;-546.35735471469502 -332.9840265243534;599.72978338982978 -450.35923976787421;83.362618724165486 369.83124541377794;431.77912619727482 613.2428444549397;-749.50368537102622 -27.280504776235524;-72.644470080444464 -743.34348750576805,True,335.20041467657563,27.20041567657563,7.829356743750395e-07,True,True,True,57019.61541678574,57019.61541678574,57019.61541678574,True,True,True,True,True,True,3.080648594000195,2.103563441999995,True
fresh_grid.csv,8977,SLSQP,2,750,8,8,6030,random,,308.0,grid,,-738.45167675182529 -131.10390929548342;-698.07655686947442 270.33007110407709;-471.97440779560827 -573.52576129690431;286.39919823797305 -693.16339901954802;379.17927790141118 647.08812575643014;725.41113499384005 -190.46909578857858;275.40373280887741 284.84258900799517;113.63094376600226 -37.403274418152904,True,360.57292157062244,52.57292257062244,2.0055421171273335e-06,True,True,True,56923.08427905604,56923.084279056035,56923.084279056035,False,False,True,False,True,True,3.139779090999582,2.2201816200000053,False
fresh_grid.csv,9037,SSA,2,750,9,8,6030,random,,308.0,grid,,-639.25769514901538 392.12841123093273;215.11587217139996 -626.21800446466625;-364.16594299901692 -655.65475511982584;92.692154790886704 -27.13663422477082;-238.48668436121352 682.41956863358917;-281.43503370926851 -306.09621008217692;631.97154749107949 198.09145297719132;614.98249067768711 -185.32438545100567;237.9079180920414 625.6736898670481,True,359.2152276292677,51.2152286292677,6.365598667594895e-06,True,True,True,63487.57613302629,63487.57613302629,63487.57613302629,True,True,True,True,True,True,2.583942807999847,1.8301636510000208,True
fresh_grid.csv,9045,SSA,2,750,9,16,6030,random,,308.0,grid,,-200.06475705425964 -184.76590157644384;-721.39683472941886 -130.99432519797102;-396.05791061396252 94.887087377331213;-610.83379015579271 -435.18038421816988;404.8106395696833 -264.98084419824175;198.44794604823784 126.1519934466529;-106.87734240570961 452.03367387943422;336.85074864106639 -647.46359261905218;-204.83965737293312 -520.43622175595522,True,323.65621472115987,15.656215721159867,7.699709385885944e-05,True,True,True,62365.90868951354,62365.90868951354,62365.90868951354,True,True,True,True,True,True,2.6152044640002714,1.9623307659999227,True
fresh_grid.csv,9050,SSA,2,750,9,21,6030,random,,308.0,grid,,-634.10249034608273 -72.532458392701017;168.28895307989706 -722.37449930929233;-565.77263767031639 298.76479589129309;-233.62700026031322 -378.97062584195481;90.821569387906308 -263.25356692263108;677.84457715647545 268.91506129065056;594.00630501083924 -457.88249315734919;612.90615364695987 -99.133264771433772;-257.39136687349253 580.21852571779482,True,344.4667067681778,36.4667077681778,8.90449250644233e-05,True,True,True,63506.99889389214,63506.99889389214,63506.99889389214,True,True,True,True,True,True,2.6428480180002225,1.8484006550000913,True
fresh_grid.csv,9051,SSA,2,750,9,22,6030,random,,308.0,grid,,498.95465029145873 559.94983071900651;-174.12004615076043 -100.09279624661934;207.13704880237279 705.09797451314478;4.9971105805490916 290.6653499052228;209.62688898113535 -24.733023125491659;368.23242234311329 263.32412809954508;-549.99703906152126 -23.596785206483037;-455.97837918180727 -546.1099569708183;-336.1672782046993 449.82420584951711,True,324.1529088783075,16.152909878307526,0.0002970202477879648,True,True,True,62398.87788314815,62398.87788314815,62398.87788314815,True,True,True,True,True,True,2.6213351989999865,1.8593815880000193,True
fresh_grid.csv,9052,SSA,2,750,9,23,6030,random,,308.0,grid,,257.29166679512974 -703.70314285517907;-708.26164789090387 111.46032809320927;716.08532926548878 -112.6578694124875;721.88946507153423 203.40865172627215;569.75773377170651 -487.72347071799584;283.93070588282495 281.11708416302486;-457.9047051649859 -491.08526914808732;-529.25372737412658 374.3515963453516;65.06046242377181 -305.29665166836566,True,316.1198092135528,8.119810213552796,0.0003480811698207399,True,True,True,63248.89660817667,63248.89660817667,63248.89660817667,True,True,True,True,True,True,2.529746409000836,1.8189390889999686,True
fresh_grid.csv,9089,PSO,2,750,9,30,6030,random,,308.0,grid,,-626.68311764747807 -375.91722636814103;-679.65933324689991 17.768320024365185;750 -0.00020555599257929442;127.4939243442188 -19.933783871104279;423.14623745810849 -542.89795403777623;454.58023883058513 591.93103096865423;-417.04265241973474 401.26792800337262;-238.28471025595533 697.33072417259086;-9.1649147727041704 -580.81794685203818,True,345.8432898903276,37.84329089032758,9.99971805664245e-07,True,True,True,63146.884438805166,63146.884438805166,63146.884438805166,True,True,True,True,True,True,2.779130537000128,1.9445771320000063,True
fresh_grid.csv,9159,SLSQP,2,750,9,10,6030,random,,308.0,grid,,679.47253557397482 313.14984795779844;-73.271825486427758 -746.41158309560331;-678.20325471036665 320.20842717500562;-108.02109066460713 -384.4736413963322;-86.461998711775138 -6.1439135116328343;178.6230960615743 728.41645275523081;571.65338494695857 13.007105219791796;686.74688290339327 -301.45465804977982;-749.84096850210983 1.2242595054710168,True,318.9210486315139,10.921049631513881,0.0006598073571265341,True,True,True,63716.821289610816,63716.821289610816,63716.821289610816,True,True,True,True,True,True,3.146724312000515,2.2092275690000065,True
fresh_grid.csv,9161,SLSQP,2,750,9,12,6030,random,,308.0,grid,,-389.10815752301028 -387.78981136732807;-711.25647498108106 237.93743593063769;-77.152234352248527 -746.02078834613417;-2.3923089692327797 646.76150653347747;-745.0278049567155 -86.215764006267278;307.69804800619357 179.99895258823364;-175.83430795590587 84.963422475539844;746.10394022203718 76.204513474607538;603.28431304705293 -419.97711414654117,True,325.907655260901,17.90765626090098,3.2534936761076094e-06,True,True,True,63333.13223428092,63333.13223428092,63333.13223428092,True,True,True,True,True,True,3.108855085999494,2.116315979999996,True
fresh_grid.csv,9176,SLSQP,2,750,9,27,6030,random,,308.0,grid,,-87.916513700579117 68.729669834440529;-175.87048364876173 -239.84192366576497;91.509659269857224 331.74041805013411;536.20377378514775 -428.07803268547417;-736.82110850441472 -139.98033808712563;-56.372028031384254 -621.03335348936878;724.76047324916863 -155.55229118682743;440.24443934923528 606.59587990969055;-518.45301691925556 517.45337804399924,True,318.38405302997813,10.384054029978131,0.00010700756718304183,True,True,True,63723.09769326536,63723.09769326536,63723.09769326536,True,True,True,True,True,True,3.2670135959997424,2.295553065000007,True
fresh_grid.csv,9177,SLSQP,2,750,9,28,6030,random,,308.0,grid,,-328.6245731716993 -672.03089104471462;194.98970028992852 -314.16696801429589;-723.81082256390152 32.058458754313818;-504.91279997768487 -306.60399297210381;253.84585545117281 -11.842382027955219;-577.32622235135204 477.13199935884609;530.09131194893223 -529.56880629160173;699.62729262597111 269.0815587155605;282.31886022856446 597.02617232669172,True,308.0003283962157,0.0003293962157044916,0.4112912211361415,True,True,True,63560.73293162296,63560.73293162296,63560.73293162296,True,True,True,True,True,True,3.1096425519999684,2.1327654359999997,True
fresh_grid.csv,9178,SLSQP,2,750,9,29,6030,random,,308.0,grid,,518.86374697162614 -400.34386087250084;48.555939728384189 748.42632092143742;648.34306472148921 377.01202666757251;205.93759431335732 428.47512155959049;-506.59499175138995 553.03005885298739;-329.11463386215615 -624.93509019227679;-209.51805811601974 84.074296824079795;-173.30189630014553 -280.20173875475194;288.75567905845276 1.4686886553135385,True,356.5638164101738,48.56381741017378,0.00024291276907004066,True,True,True,63280.653617864016,63280.653617864016,63280.653617864016,True,True,True,True,True,True,3.123040506000507,2.161224388999983,True
fresh_grid.csv,9212,SSA,2,750,10,3,6030,random,,308.0,grid,,-227.04852117607996 460.91134159820746;-152.57626123373839 94.469827432430804;690.30856603058044 -177.69771290106593;142.36667294940517 -15.852171213657998;85.200893821702493 573.31096570164652;-539.36674151458294 521.13661508276914;203.37993184786154 -400.5637865379544;524.16203039161053 -509.95415716006477;324.74061556870072 299.33828518233219;-479.19250629199809 182.21796930879947,True,314.9004252296744,6.900426229674395,9.871201621333603e-05,True,True,True,68179.19575008083,68179.19575008083,68179.19575008083,True,True,True,True,True,True,2.8641166540000995,1.9918295780000221,True
fresh_grid.csv,9220,SSA,2,750,10,11,6030,random,,308.0,grid,,-202.32883693746044 319.03837654456549;-681.86609134714786 280.72365525290428;51.598172441043346 -695.93129897006577;-533.38851879299784 -109.90787706804534;700.09246708178478 -269.01743104465731;-120.09477801605543 737.7278353694926;480.71281443280958 349.53666748555315;-280.53517232599131 -425.5265787243016;120.5957417828254 -362.59510445489559;273.84513151535032 -39.298816275676131,True,340.4022372854347,32.40223828543469,0.00010721965634527441,True,True,True,69543.445833179,69543.445833179,69543.445833179,True,True,True,True,True,True,2.72760350200042,1.9381525300000249,True
fresh_grid.csv,9231,SSA,2,750,10,22,6030,random,,308.0,grid,,-183.50567949753625 561.6709230729283;429.98342535389259 -603.5537399726519;151.15430341429558 327.74605011108696;704.62715994924906 147.02362317165711;-644.97863579072941 -46.765811262367947;185.22736752156445 -117.0984236276162;586.69272050570578 467.21669089054211;629.22436138089529 -309.93878668699915;-232.67800716807014 -89.65329547539362;-292.86981766015509 -437.76515358631264,True,341.2215301268272,33.22153112682719,0.00014463928403327008,True,True,True,69550.92782256241,69550.92782256241,69550.92782256241,True,True,True,True,True,True,2.8322816959998818,2.0115555089999475,True
fresh_grid.csv,9333,SLSQP,2,750,10,4,6030,random,,308.0,grid,,361.39966911498732 524.77116096015118;-720.92030400747467 -84.958668115961672;-66.710237540611303 -361.04562460105757;528.12683380262149 -530.22664503606404;726.24720594015798 187.24558609099407;-408.25325028670761 628.51848333961721;733.91339747075438 -154.40329724774691;121.36215978173193 740.11567907751464;-162.38020724433193 -716.55693752076388;-345.25661044549742 191.95077684908978,True,322.476770279833,14.476771279832974,6.171161774342181e-06,True,True,True,70391.74502589492,70391.74502589492,70391.74502589492,True,True,True,True,True,True,3.270609125000192,2.462624568999985,True
fresh_grid.csv,9337,SLSQP,2,750,10,8,6030,random,,308.0,grid,,-717.58672400244654 214.78627158031702;464.0195317173297 -589.22472665953319;-742.17912962508922 -108.02719429219508;375.68562032338008 300.54703620419133;-424.53010132516715 618.28324932639248;449.08868328053518 -280.60715125002366;634.24698728967007 -14.089915304821766;-334.09260427130255 -526.52054553141147;432.13755784089756 612.47632892977845;-137.58571513223896 33.853496197798272,True,308.9785398481371,0.9785408481370723,1.2114160884062586e-05,True,True,True,70355.13742956045,70355.13742956045,70355.13742956045,True,True,True,True,True,True,3.2038247929995123,2.267384137000022,True
fresh_grid.csv,9338,SLSQP,2,750,10,9,6030,random,,308.0,grid,,679.09202119317285 318.32774028552143;735.09745801375072 -145.25312052886292;-521.45185046094252 26.139863159761415;-541.95042585203771 -518.44647297190158;-715.62063711970723 -224.46568327853191;-641.23994031377015 388.98361701472913;236.36999114156208 711.77881417918684;113.73745950907265 -382.13156141341142;583.96504065044076 -469.33292922726588;-73.047034671031739 322.00991192518455,True,317.02469559668765,9.024696596687647,9.898227870305709e-05,True,True,True,70268.79195145577,70268.79195145577,70268.79195145577,True,True,True,True,True,True,3.293249923000076,2.3545451090000142,True
fresh_grid.csv,9340,SLSQP,2,750,10,11,6030,random,,308.0,grid,,-263.71637896152077 195.99980601293095;661.18204916742252 -353.9813301059707;-117.51594811485363 -727.86053037702459;727.87374139206895 180.830805333412;43.022329737324696 748.12644488726289;153.80991660596905 453.50999517310919;-610.58766201827348 435.52533634913334;-404.99409910771078 -470.26500952489977;-366.89894032448711 -154.95713187640712;221.42888413101801 12.715641231018171,True,314.7582276070792,6.758228607079218,2.528958782729751e-05,True,True,True,70083.59976696275,70083.59976696275,70083.59976696275,True,True,True,True,True,True,3.1641425729994808,2.219939150000016,True
fresh_grid.csv,9341,SLSQP,2,750,10,12,6030,random,,308.0,grid,,144.27347690168568 716.34097636738261;749.72624901291874 20.246414855981211;138.18873389156525 -270.2227281470814;-582.7775046352848 -307.49429898502859;374.03583321497757 -7.6345473022968751;-735.60753396109089 99.092426564442647;602.21503472692666 -322.40547144064669;311.22025049941033 -646.16256778030709;-536.85532492808466 500.46592468534044;-203.18422094061742 115.27443870270442,True,352.9538312281661,44.95383222816611,0.00042381778485175894,True,True,True,69595.42467908442,69595.42467908442,69595.42467908442,True,True,True,True,True,True,3.300661389999732,2.3768339720000142,True
fresh_grid.csv,9343,SLSQP,2,750,10,14,6030,random,,308.0,grid,,-420.23897348401715 -449.65550894355994;405.60805017379147 37.288212946291701;-405.19170281517967 320.53718023055904;-10.411002608410032 -104.91788957865401;-404.34428237155691 631.66895788062413;706.00941508172184 252.55437604931728;675.5704330970575 -288.68342284437142;239.21598743875995 455.76983966121782;502.38836168417066 -544.1471643568251;-742.03153948169449 99.535043007530746,True,308.63206749526205,0.6320684952620468,2.0308958258079657e-05,True,True,True,69873.84249968376,69873.84249968376,69873.84249968376,True,True,True,True,True,True,3.000182855000276,2.3376187860000073,True
fresh_grid.csv,9348,SLSQP,2,750,10,19,6030,random,,308.0,grid,,196.00661390470773 -712.1042574376246;325.97080498194396 316.4907992448255;612.10523073148124 -14.009151714918961;-611.71471700638995 -414.67217510195013;-659.93864770844868 330.66333000020933;157.58524078610344 -333.89356870836366;635.27158583797461 -383.02009787937101;-749.93306290330156 10.010507269229256;251.95898726113398 704.51709733252846;-247.7607343338768 523.49076948594268,True,333.0423809241234,25.04238192412339,0.00012827246780741552,True,True,True,70475.8316372377,70475.8316372377,70475.8316372377,True,True,True,True,True,True,3.2311120340000343,2.4343125999999984,True
fresh_grid.csv,9353,SLSQP,2,750,10,24,6030,random,,308.0,grid,,206.8068392242391 720.88930524459147;-416.3819843591329 203.69554388952875;-465.16440437693785 -576.96381203137321;-424.85419685435386 618.04743318594012;370.20098323113729 -379.6838242807321;-748.88796170010983 -40.822794885941789;720.54467550939273 -208.12237728585612;189.2773604727756 298.19937676621282;728.1644173174875 179.61797041890225;-203.1697291305077 -211.97222751024469,True,387.8152107685166,79.81521176851658,0.00021449226722122694,True,True,True,69762.19092869232,69762.19092869232,69762.19092869232,True,True,True,True,True,True,3.406812397000067,2.288129557000005,True
fresh_grid.csv,9363,LXSSA,2,750,11,4,6030,random,,308.0,grid,,-34.841895331962817 205.62975024398892;-496.53445226028362 -468.06688692999199;323.33677681346194 338.69996036890223;-315.55020206673908 56.154286330569917;-338.52808591870695 402.88531703280205;445.40341191782812 -48.136013389856153;-15.347494614363638 -401.94520759328776;-61.309969042711884 686.18501018359245;-123.83276512491805 -703.61083499665244;-735.20965686592115 147.61714387453947;-570.00017760045057 -168.95612160536533,True,308.00075118876043,0.0007521887604298172,0.1173030301229144,True,True,True,75123.03256522001,75123.03256522001,75123.03256522001,True,True,True,True,True,True,2.9733400770001026,2.0994734240000525,True
fresh_grid.csv,9383,LXSSA,2,750,11,24,6030,random,,308.0,grid,,-242.22545539342781 128.74549391151771;562.21645431648813 -243.25614131415665;-169.14140355433668 -606.95827370628376;618.33280659586751 330.27400650815764;15.524834705142798 749.8390029710373;-477.86018730934683 -133.59127796635437;194.03257161657891 303.75761636802031;-621.6133744827622 161.32783984859492;234.48215944730725 -459.20817112049298;-129.11711001933361 457.21117984223332;418.09870378557048 62.397988808128815,True,326.42355160554985,18.423552605549844,0.00030042057892640153,True,True,True,75489.49989874366,75489.49989874366,75489.49989874366,True,True,True,True,True,True,2.811937912000758,2.2178919130000168,True
fresh_grid.csv,9417,SSA,2,750,11,28,6030,random,,308.0,grid,,295.72004189657923 -399.11113767860127;-613.67722567393571 -416.76180611613097;302.46792320031716 465.46284784410136;-28.001416411114946 -281.2899220689888;-498.6452970157759 560.22564170156579;-105.35389198541993 498.46465200422818;-693.21496151086819 -80.358349265945606;-441.32244311524857 230.78235948509786;-214.93310579843686 -551.10103699562353;406.92038580380171 160.6368236181932;87.485810179314086 -716.13087294456045,True,322.2254210786391,14.225422078639099,6.64294145761014e-05,True,True,True,76158.3839775223,76158.3839775223,76158.3839775223,True,True,True,True,True,True,3.012243516000126,2.14107353899999,True
fresh_grid.csv,9418,SSA,2,750,11,29,6030,random,,308.0,grid,,-156.66253824218208 -580.93215578743059;441.54285918665204 591.16568985325898;-618.58703630679679 406.15043468507463;197.21556227560896 291.79335652554397;-8.912586937708765 14.970074171416018;-140.6023786085706 508.33789115365516;-511.64009898090444 -548.38337974308445;-183.50519874442955 -246.53945923346029;343.17259534639248 -650.35143788015228;711.2137543116886 16.708451937592685;-397.12732563371378 149.95842787491506,True,314.4357106931851,6.435711693185112,5.2957576715722095e-05,True,True,True,76238.69462354177,76238.69462354177,76238.69462354177,True,True,True,True,True,True,2.8491146420001314,2.120717022000008,True
fresh_grid.csv,9517,SLSQP,2,750,11,8,6030,random,,308.0,grid,,-741.4202002832759 -113.0317290848006;670.13330338192566 -336.37662897702154;-710.71134296258776 239.53345345029322;-127.33811381790645 318.72750239823267;9.2280969425108132 -749.88724024892167;664.35607239705087 348.03878919102578;749.73375820590775 19.84421023185719;232.87469883639102 -197.78144455812406;-262.00957983113074 -34.966792787268957;18.123735133317251 749.64964950735259;-436.45630996853203 -609.86495545969478,True,339.11801912057376,31.11802012057376,7.858406209175883e-06,True,True,True,76499.17945435687,76499.17945435687,76499.17945435687,True,True,True,True,True,True,3.403922898000019,2.4055074940000054,True
fresh_grid.csv,9532,SLSQP,2,750,11,23,6030,random,,308.0,grid,,555.42661359039823 -503.9794512457986;-679.19813892234299 315.96181378245279;-397.4873532403667 635.83569960890281;740.02199407031969 -121.58455970805144;-151.53343052901801 427.78485288496609;256.52010168694324 -702.30724172748671;236.31540261552067 -296.70203507325891;-684.64954462453272 -306.19347810194228;-65.576468653375798 -107.22607415082464;515.07667488989534 237.64974423569723;-536.04893548127507 21.454312161153375,True,322.14668540844417,14.146686408444168,0.0003710089281437613,True,True,True,76054.55893986697,76054.55893986697,76054.55893986697,True,True,True,True,True,True,3.4278659989995504,2.43934007499999,True
fresh_grid.csv,9552,LXSSA,2,750,12,13,6030,random,,308.0,grid,,366.60186601807641 -464.95754521745482;219.05615399621064 327.8474022214188;-102.22418130642815 340.22972757535814;-100.33568170111435 654.97669784435902;515.33777601263898 222.69564996697815;679.24703710694814 -316.73783272783186;-239.43938010896716 -381.8065307712759;44.807372139059723 -229.60468948889738;-677.39344498014316 -302.55715975603044;-415.5585390012742 -124.49465767747034;-499.3142569092368 -559.62926375564894;400.59427284065123 -71.797249086573629,True,311.8130179514261,3.813018951426102,0.00024099702978017012,True,True,True,80274.81960566595,80274.81960566595,80274.81960566595,True,True,True,True,True,True,2.9751854890000686,2.20660415399999,True
fresh_grid.csv,9562,LXSSA,2,750,12,23,6030,random,,308.0,grid,,407.34200792173601 -218.26010430901877;523.36459114115803 -534.85360413381261;131.68642503296317 367.9442691308405;-203.82439655965052 339.58055151622898;91.22247851769535 58.135763772713396;-52.794769069084658 629.00841322539554;216.32364702237896 -510.56395633596316;-167.77452515249243 -497.04111978593903;-434.73748075027942 72.753582947322272;14.84539171232371 -747.93465319367283;-285.17196954137336 -210.97757995914392;53.382003791625415 -247.85826998974181,True,308.00020836923926,0.00020936923925773954,1.6826397719709145,True,True,True,80302.22343931961,80302.22343931961,80302.22343931961,True,True,True,True,True,True,2.9595084740003585,2.3523050459999695,True
fresh_grid.csv,9570,SSA,2,750,12,1,6030,random,,308.0,grid,,-681.00437590898946 -314.21810286002437;654.87234298005785 4.8479549784171123;-24.608089563488456 -189.06336176152303;-404.08132505359811 -629.74356721262131;-128.59747701736129 421.77683974356626;-642.59026392255191 218.90487377086933;-252.01754994370842 89.785434377612646;549.19914427293088 -450.7533260849338;-379.60016183731659 -207.96612498253489;-90.580830235555482 -523.92183726098892;310.12969829545352 230.05171606495963;43.610830427210018 708.37618618688134,True,319.58407823770153,11.58407923770153,1.688523673490272e-05,True,True,True,82072.12118309815,82072.12118309815,82072.12118309815,True,True,True,True,True,True,3.1530169450006724,2.2569660510000062,True
fresh_grid.csv,9575,SSA,2,750,12,6,6030,random,,308.0,grid,,-258.33538061720731 -130.11054480306842;-549.38576951217578 438.6092418937755;-545.30724269112795 128.34314650969785;603.92023723294756 77.702795662740897;-12.035315321917043 -654.11591824015693;668.23261509396389 -340.53579345467676;355.16755727797334 267.23339439695957;-61.584238103961454 173.11249156331525;141.58142414103466 520.87575723394878;-218.92057926238297 658.95992266375765;200.37117542104619 -59.853098136630088;-317.80721591934366 -439.65559854687655,True,310.2929008628969,2.2929018628968834,0.00036466733888826277,True,True,True,81657.92480069585,81657.92480069585,81657.92480069585,True,True,True,True,True,True,3.075250218000292,2.2503264370000124,True
fresh_grid.csv,9582,SSA,2,750,12,13,6030,random,,308.0,grid,,195.97638407760516 -477.49464314101374;-461.17340966017736 207.73078601537225;-632.01570816016454 -75.892027728189348;184.58117924558567 -168.7283383124747;-581.77406870014102 -416.25576975054832;40.300847125831943 306.69034055661581;160.13064643518302 684.65467831203455;-258.59783687278252 -259.15088029460503;-129.98087840756864 45.000044382705219;-434.06889468445456 549.07954792211558;390.79475903078401 128.60666357272319;748.05588473487273 53.964578656202647,True,308.9765066969234,0.9765076969234201,0.00014604267085158062,True,True,True,81542.82337027293,81542.82337027293,81542.82337027293,True,True,True,True,True,True,3.042603111000062,2.3266634449999515,True
fresh_grid.csv,9588,SSA,2,750,12,19,6030,random,,308.0,grid,,-198.53000088057291 -652.25788794649577;-35.433291718554813 428.54553176011041;611.04191914436728 434.88810434600356;386.60123381475643 -98.236398286439155;291.57142019896298 495.00178491790552;558.73673254509254 -484.7683740575572;-101.05321114351273 -300.7000484614324;-328.56596737182201 674.19857431881996;607.94762408083898 121.66674041327013;0.25201342856066627 740.07117582743967;-519.55678247817502 197.83440118302445;201.80388928380867 -451.89597308487413,True,312.0122031168148,4.012204116814814,7.416447556604544e-05,True,True,True,81946.84457130494,81946.84457130494,81946.84457130494,True,True,True,True,True,True,3.1220698699999048,2.2087342330000013,True
fresh_grid.csv,9590,SSA,2,750,12,21,6030,random,,308.0,grid,,507.94635713500168 -551.72518992182836;-73.686783836561006 -745.16537930470179;-536.93848293778819 160.81496257583311;-484.63157060249438 -155.02595575199015;304.08257718420151 -303.53835075026808;635.76195167777735 -47.413038508697774;38.010691965498587 320.1765030878957;408.67110127506209 512.90667689522115;-607.68917509290486 -439.56068362227785;627.41347459648966 261.32181219969391;-373.82323676058638 -649.24560326716596;-125.45583491984416 28.776191818110849,True,308.8477053686973,0.8477063686972883,0.0001822589689507149,True,True,True,81084.15195828756,81084.15195828756,81084.15195828756,True,True,True,True,True,True,2.9979001459996653,2.320162486000015,True
fresh_grid.csv,9593,SSA,2,750,12,24,6030,random,,308.0,grid,,285.13744588758834 688.56840396616394;-363.28704953125583 86.160753135621434;-354.92903111539982 -550.6021600710036;-322.90871887839205 633.51231099153233;339.62929485803494 -322.38911501095737;9.8708624915602794 -613.28126251994149;-537.44556548365995 -187.96139293461493;208.29387803424473 350.70895206961433;-106.67482607634295 374.27774270000356;212.33710078243703 -9.7662045805618085;576.70184345127802 479.49391572319843;-24.247576508915508 -261.49471723463665,True,315.849287573808,7.849288573807996,0.0003800296503893842,True,True,True,81588.80361817186,81588.80361817186,81588.80361817186,True,True,True,True,True,True,3.0860100549998606,2.4227676079999867,True
fresh_grid.csv,9887,SLSQP,2,1000,2,18,6030,random,,308.0,grid,,-130.84475654584327 -991.40286906189067;130.21004462764444 991.48643217713436,True,1999.9998975459769,1691.999898545977,5.433618096285499e-07,True,True,True,14626.854274103076,14626.854274103076,14626.854274103076,True,True,True,True,True,True,2.511327330999848,1.6416618460000336,True
fresh_grid.csv,9889,SLSQP,2,1000,2,20,6030,random,,308.0,grid,,63.252122335942801 997.99757966724405;-481.79115786512403 -876.28607116407557,True,1951.925044940486,1643.9250459404861,9.991609911376144e-07,True,True,True,14630.75678936933,14630.75678936933,14630.75678936933,True,True,True,True,True,True,2.308114580999245,1.664532300000019,True
fresh_grid.csv,9899,SLSQP,2,1000,2,30,6030,random,,308.0,grid,,130.17583101572532 991.49092438667378;-130.87914723878495 -991.3983300360137,True,1999.999874244102,1691.999875244102,9.391121718872454e-07,True,True,True,14626.85427403168,14626.85427403168,14626.85427403168,True,True,True,True,True,True,2.369570845999988,1.730883136999978,True
fresh_grid.csv,9905,LXSSA,2,1000,3,6,6030,random,,308.0,grid,,273.64524826593129 -887.11401035889105;325.03329571112823 945.70254860979071;-786.781605571255 -617.23145740030429,True,1094.2311020668703,786.2311030668703,1.7565107330279716e-05,True,True,True,21939.61597621485,21939.61597621485,21939.61597621485,True,True,True,True,True,True,1.8041666399994936,1.2023601729999882,True
fresh_grid.csv,9919,LXSSA,2,1000,3,20,6030,random,,308.0,grid,,-500.36167369719061 865.81589611089066;433.74153066965044 -899.05696885100394;-585.89224143303625 63.768972447283367,True,806.5945361676289,498.5945371676289,0.0005157684531721098,True,True,True,21932.50195482341,21932.501954823412,21932.501954823412,False,False,True,True,True,True,1.817563059999884,1.2167234060000283,False
fresh_grid.csv,9928,LXSSA,2,1000,3,29,6030,random,,308.0,grid,,-108.08236878796745 -994.14192828348439;104.37588002454588 994.53788952803359;-896.65902932192205 392.27451476685371,True,1168.243152048843,860.243153048843,1.4992988669997431e-05,True,True,True,21942.230823234862,21942.230823234866,21942.230823234866,False,False,True,True,True,True,1.757271942999978,1.2156245349999608,False
fresh_grid.csv,9949,SSA,2,1000,3,20,6030,random,,308.0,grid,,-15.97424182477355 -820.8636140716111;-7.1967072664724618 60.238025242321463;234.11348347791474 972.20921419640877,True,881.1453591290267,573.1453601290267,6.134272053057066e-05,True,True,True,21941.58017092886,21941.58017092886,21941.58017092886,True,True,True,True,True,True,1.686571236000418,1.181255475999933,True
fresh_grid.csv,10054,SLSQP,2,1000,3,5,6030,random,,308.0,grid,,-968.65125608526375 248.42419265682631;-239.6585572756926 970.60984852339527;640.18067820203817 -611.34004013533729,True,1026.1493441293467,718.1493451293467,8.329362583733746e-05,True,True,True,21946.135184054,21946.135184053997,21946.135184053997,False,False,True,False,True,True,2.3869871719998628,1.7129433269999481,False
fresh_grid.csv,10069,SLSQP,2,1000,3,20,6030,random,,308.0,grid,,521.85704794424657 -817.60156296467233;303.48688824369833 -27.778906667445515;545.83341115115502 837.89372075372523,True,819.4543032091846,511.45430420918456,9.96286192072148e-07,True,True,True,21946.135184054,21946.135184053997,21946.135184053997,False,False,True,True,True,True,2.367300762999548,1.6395177200000717,False
fresh_grid.csv,10081,LXSSA,2,1000,4,2,6030,random,,308.0,grid,,226.08753457094204 -959.43984729914678;-266.16678735547083 942.08475426162272;-694.82041646203186 -719.18298841036392;-565.72240202663852 -137.47424259557158,True,595.8618651068213,287.86186610682125,0.0002100243553993787,True,True,True,29242.59940952241,29242.599409522412,29242.599409522412,False,False,True,True,True,True,1.880222252000749,1.256875902000047,False
fresh_grid.csv,10113,SSA,2,1000,4,4,6030,random,,308.0,grid,,461.02248726326576 205.08189927988272;-707.73729678611596 -514.05196323450036;-560.52782193865403 827.95423105698126;147.78783229070032 -989.01879546789064,True,978.5278423242358,670.5278433242358,0.00029041907123680724,True,True,True,29247.59247398672,29247.592473986722,29247.592473986722,False,False,True,True,True,True,1.8707360709995555,1.3079958990001614,False
fresh_grid.csv,10117,SSA,2,1000,4,8,6030,random,,308.0,grid,,895.6404843145516 444.77834202699864;258.42504867075729 -907.33828016730604;-990.7871779836197 -135.42670640091447;855.53578059767494 -190.14895996538064,True,636.1926328365807,328.19263383658074,0.00017566027009049867,True,True,True,29218.424329034133,29218.424329034133,29218.424329034133,True,True,True,True,True,True,1.950092866999512,1.3000027909999972,True
fresh_grid.csv,10128,SSA,2,1000,4,19,6030,random,,308.0,grid,,215.10725813932672 976.59021914091841;-237.17508339930592 -971.46685432406764;-115.57305655316851 -383.30976538871596;75.161893705172574 319.64461494996914,True,600.5962156041245,292.5962166041245,6.63821186915593e-05,True,True,True,29226.033071027483,29226.033071027483,29226.033071027483,True,True,True,True,True,True,1.7930012380002154,1.3350092040000163,True
fresh_grid.csv,10132,SSA,2,1000,4,23,6030,random,,308.0,grid,,-872.26254933594237 489.03777736992481;-229.29226894875205 -955.37057559801417;265.16643771875346 772.61821305040962;622.50668383334187 -443.62818683018088,True,993.7010256724506,685.7010266724506,4.966552444582339e-05,True,True,True,29251.981740303112,29251.981740303112,29251.981740303112,True,True,True,True,True,True,1.828561876999629,1.2625996609999675,True
fresh_grid.csv,10231,SLSQP,2,1000,4,2,6030,random,,308.0,grid,,-481.27102094946616 -848.61510907058732;812.89892180838831 499.76293743928994;-997.80987175657469 66.14726405663167;-473.34834365400201 880.33703169030582,True,968.4858657611178,660.4858667611178,6.414751421980327e-07,True,True,True,29244.08732039726,29244.08732039726,29244.08732039726,True,True,True,True,True,True,2.447857015000409,1.7563889960000552,True
fresh_grid.csv,10233,SLSQP,2,1000,4,4,6030,random,,308.0,grid,,519.29287986301767 -6.5831719264203947;-523.27646505014206 294.90685449018764;742.94343217113419 669.35420815281509;247.16487684895478 -964.3349622343693,True,711.9767631995488,403.9767641995488,1.3109465751549578e-06,True,True,True,29242.596022052177,29242.596022052177,29242.596022052177,True,True,True,True,True,True,2.647294286000033,1.7618278539999892,True
fresh_grid.csv,10242,SLSQP,2,1000,4,13,6030,random,,308.0,grid,,985.21169706518947 164.03504397855119;-386.03385533405765 922.48461233224907;-820.96679416971676 -570.97591485611338;2.1180961860633927 -111.75607225888196,True,942.5240583491823,634.5240593491823,2.2730720300169193e-06,True,True,True,29209.14335007037,29209.143350070375,29209.143350070375,False,False,True,False,True,True,2.383124009000312,1.7376938600000358,False
fresh_grid.csv,10251,SLSQP,2,1000,4,22,6030,random,,308.0,grid,,-346.60805322675139 353.26162840007885;-690.97544367569003 -722.11845393733154;30.212830755351352 999.54331991899244;18.420816803597702 -320.31164288756088,True,748.1136300038929,440.1136310038929,0.0001692315477182783,True,True,True,29220.892328359703,29220.892328359703,29220.892328359703,True,True,True,True,True,True,2.514302810999652,1.677006012999982,True
fresh_grid.csv,10277,LXSSA,2,1000,5,18,6030,random,,308.0,grid,,505.54740913848144 786.85621909146676;-423.22450678309843 -906.02426328457386;-605.66598621862784 795.46303186793432;795.77296520693903 -601.63024017748364;-950.94908139271388 -6.6875183487915564,True,873.3074607639585,565.3074617639585,0.0005265990622572426,True,True,True,36504.80410156526,36504.80410156526,36504.80410156526,True,True,True,True,True,True,1.9436204009998617,1.3460722840000017,True
fresh_grid.csv,10283,LXSSA,2,1000,5,24,6030,random,,308.0,grid,,-149.61425068137251 657.32497853645225;913.47396962653988 392.45569313777423;-788.91467061170579 -257.78234651570557;-405.00335231032818 -914.31503581336915;761.61299428333473 -631.60600918451166,True,760.5413022553898,452.54130325538983,0.00015095150809227198,True,True,True,36482.135668195406,36482.135668195406,36482.135668195406,True,True,True,True,True,True,2.161008369999763,1.440576276999991,True
fresh_grid.csv,10285,LXSSA,2,1000,5,26,6030,random,,308.0,grid,,-312.67428455235171 925.55980275614445;-201.61584444502549 364.14010647301518;-222.91392300945407 -50.05103683606486;-430.74781286697481 -461.11180941259721;-445.37883768969539 -895.34210000168514,True,414.7383649316993,106.73836593169932,0.00010845138001766463,True,True,True,36442.82286498225,36442.82286498225,36442.82286498225,True,True,True,True,True,True,2.0788643030000458,1.3910762680000062,True
fresh_grid.csv,10295,SSA,2,1000,5,6,6030,random,,308.0,grid,,290.53692920247602 -225.96394171243301;-629.55888635424549 427.40632861710276;911.51700525258445 411.21662799493078;-268.08037418804133 -936.97402534751495;-533.08302815042725 846.06290008977646,True,429.62881194516876,121.62881294516876,2.809482430418575e-05,True,True,True,36436.303098018376,36436.303098018376,36436.303098018376,True,True,True,False,True,True,1.9699590609998268,1.402085450000186,False
fresh_grid.csv,10298,SSA,2,1000,5,9,6030,random,,308.0,grid,,-635.63084490903395 -205.86548103363916;82.936146526942281 -946.6310369077413;393.37127354466429 -205.83646637176756;417.44272306025061 908.70312202621153;167.91419608187726 602.3070232971595,True,395.1494085689359,87.14940956893588,0.00010549193496242515,True,True,True,36505.88663469965,36505.886634699644,36505.886634699644,False,False,True,True,True,True,1.9309971550001137,1.3686095540001588,False
fresh_grid.csv,10300,SSA,2,1000,5,11,6030,random,,308.0,grid,,-474.58399576495435 229.83611216469561;736.28941632401438 225.51611090409978;-285.81275868511852 -958.27299588343044;604.66728655130373 -426.59639665916114;58.741116881475875 998.2732445601049,True,665.2631866910631,357.2631876910631,6.191478976485086e-06,True,True,True,36458.16805470278,36458.16805470278,36458.16805470278,True,True,True,True,True,True,1.911154571000225,1.4597377119998782,True
fresh_grid.csv,10301,SSA,2,1000,5,12,6030,random,,308.0,grid,,112.91421807327205 993.60471881113608;-42.824940759378741 -522.61054004243681;-11.853442065936015 -23.211899345494391;-145.91614518680004 -989.29694956849073;14.488930462616043 449.74669816914394,True,473.6916249559904,165.6916259559904,1.3074151982233162e-05,True,True,True,36480.64483006392,36480.644830063924,36480.644830063924,False,False,True,True,True,True,1.9789241580001544,1.348855923000201,False
fresh_grid.csv,10305,SSA,2,1000,5,16,6030,random,,308.0,grid,,-760.72522622632027 -638.41249307246301;-627.71683847253701 477.76960953972548;376.48214888221793 -926.42380502676724;695.35050645913043 -233.25397725912381;-388.26466836007569 921.54779878805653,True,504.25828999045183,196.25829099045183,6.352637888337631e-05,True,True,True,36495.73614683813,36495.73614683813,36495.73614683813,True,True,True,True,True,True,1.9294730620003973,1.352614555000173,True
fresh_grid.csv,10310,SSA,2,1000,5,21,6030,random,,308.0,grid,,523.39036334879938 -823.22898999729614;52.061592757595655 339.99733939320055;-102.68107300366445 -197.74712249699417;299.49397218178797 839.93918703703855;-600.74229616226467 -799.44253517224013,True,557.8213274992737,249.8213284992737,0.0001642795491559591,True,True,True,36480.02902893531,36480.02902893531,36480.02902893531,True,True,True,True,True,True,1.9823296320000736,1.3534568109998872,True
fresh_grid.csv,10311,SSA,2,1000,5,22,6030,random,,308.0,grid,,-728.11403010033371 483.19794394557573;-805.24656860026289 73.912295320195966;-699.36300356713707 -714.76583685690287;-268.99920376721587 963.14028629340362;481.95260991849261 -687.81225914653544,True,416.4903008068025,108.4903018068025,0.00010964563807899685,True,True,True,36488.5482761085,36488.5482761085,36488.5482761085,True,True,True,True,True,True,2.033378015999915,1.363403997000205,True
fresh_grid.csv,10314,SSA,2,1000,5,25,6030,random,,308.0,grid,,-317.93074570738918 -948.11379009998871;621.01452168157186 688.88471554757768;128.36787821001835 -29.882954658488455;-357.27025476900394 934.00100640344635;-31.144937921142624 -439.81935215804646,True,439.87746987656595,131.87747087656595,4.3547321072561314e-05,True,True,True,36484.63139745203,36484.63139745203,36484.63139745203,True,True,True,False,True,True,1.9471946200001184,1.403616338999882,False
fresh_grid.csv,10318,SSA,2,1000,5,29,6030,random,,308.0,grid,,-340.62465558643567 265.26908959850806;-164.27819664897908 609.07204590254969;-532.17605544161529 -194.03183049294896;592.85149335471499 -805.31155041480713;-557.37332274405708 -830.25455399270902,True,386.3917006655019,78.3917016655019,0.0002077978133482029,True,True,True,36458.21169716161,36458.21169716161,36458.21169716161,True,True,True,True,True,True,1.9357051690003573,1.3795406520000597,True
fresh_grid.csv,10319,SSA,2,1000,5,30,6030,random,,308.0,grid,,549.28527694458717 -169.0473350801521;647.80292586132805 761.80794553354849;-376.73294425547601 760.01997166305568;-816.14471405246627 -577.84748869236853;372.91038603306174 -927.86728507950966,True,779.0480207670641,471.04802176706414,1.2683728416755912e-05,True,True,True,36507.441442546646,36507.441442546646,36507.441442546646,True,True,True,True,True,True,2.030665643000248,1.3686613740001121,True
fresh_grid.csv,10422,SLSQP,2,1000,5,13,6030,random,,308.0,grid,,7.1056294875133741 -999.97346469076479;973.56489090246657 -228.40959206940184;-620.09321677020364 783.73672758337011;-887.34011811296773 -461.11551169598465;269.93570950862517 170.88124437186784,True,809.028551396634,501.02855239663404,8.303073880379088e-07,True,True,True,36373.832113018005,36373.832113018005,36373.832113018005,True,True,True,True,True,True,2.4524686360000487,1.8220862690000104,True
fresh_grid.csv,10423,SLSQP,2,1000,5,14,6030,random,,308.0,grid,,-132.67366353597092 991.06330234723521;-989.73133070853919 142.93994294479924;-598.1527762106582 -418.95419855768631;656.25270262766389 -735.14045446488524;125.0996156690572 148.26615636907459,True,684.8786685227284,376.8786695227284,3.386242144895368e-05,True,True,True,36389.52443718923,36389.52443718923,36389.52443718923,True,True,True,True,True,True,2.49391793399991,1.7314607170000045,True
fresh_grid.csv,10435,SLSQP,2,1000,5,26,6030,random,,308.0,grid,,-426.5677625737074 904.45543577674971;73.051638296120657 -418.12468736374592;-373.7688862591371 -927.52186358637334;-823.15161042948057 77.422117884370806;881.3670502007509 472.42708058962859,True,677.5943213364633,369.5943223364633,7.116932695476862e-06,True,True,True,36440.37551841369,36440.37551841369,36440.37551841369,True,True,True,True,True,True,2.549454111999694,1.7723642409999911,True
fresh_grid.csv,10437,SLSQP,2,1000,5,28,6030,random,,308.0,grid,,14.627267791032807 118.40672419572435;37.871432816316059 -999.28261980540049;-799.46071432500776 600.71835226134874;-918.03968779516185 -396.48850127228707;406.91037280218501 913.46808893462651,True,886.571265143235,578.571266143235,5.020540382029139e-07,True,True,True,36488.04268777832,36488.04268777832,36488.04268777832,True,True,True,True,True,True,2.477311173999624,1.7810014419999334,True
fresh_grid.csv,10439,SLSQP,2,1000,5,30,6030,random,,308.0,grid,,158.80607632424363 -805.86068500564875;982.47171788569494 94.36088469303526;-902.15532987481242 431.41058462215324;-970.0189959591811 -242.04272247946125;306.64604561923767 758.11946048191646,True,676.8639701007228,368.8639711007228,0.0003351272760053471,True,True,True,36311.61388018679,36311.613880186786,36311.613880186786,False,False,True,True,True,True,2.5763225300006525,1.7541714120000051,False
fresh_grid.csv,10444,LXSSA,2,1000,6,5,6030,random,,308.0,grid,,-791.52416830858408 -463.36567550843307;-128.54795789301892 991.63365965106016;-643.87226329310556 122.24455828112909;565.83998119027683 -824.36350119318899;-789.58627893821404 613.63901503728721;989.6726330943535 136.80595723103471,True,512.543741046657,204.54374204665703,0.00033466834213666155,True,True,True,43699.56032901023,43699.56032901023,43699.56032901023,True,True,True,True,True,True,2.036281190999944,1.488615161000098,True
fresh_grid.csv,10451,LXSSA,2,1000,6,12,6030,random,,308.0,grid,,-431.19002388025848 887.33715687456879;-640.21006157741556 -355.20317246253092;-253.17545148916616 473.51355235559527;87.199267575958558 -116.51355639812436;479.44299596192695 877.57299899005807;-350.75898283342798 -867.44313875588102,True,450.48769532658633,142.48769632658633,2.353332388590934e-05,True,True,True,43461.321908590464,43461.321908590464,43461.321908590464,True,True,True,True,True,True,2.112846707999779,1.5300630249998903,True
fresh_grid.csv,10463,LXSSA,2,1000,6,24,6030,random,,308.0,grid,,909.36875159301621 -215.80786787507856;686.37925876011388 585.94584158016664;-713.60730948843764 -195.82981470786271;-819.50600294591982 544.97170306655903;97.525889571901615 -995.23288778935614;333.78207789342065 -628.84675226584807,True,435.9538815334295,127.95388253342952,0.00010096283904456504,True,True,True,43595.23700783372,43595.23700783372,43595.23700783372,True,True,True,True,True,True,2.0569615340000382,1.4876871199999187,True
fresh_grid.csv,10464,LXSSA,2,1000,6,25,6030,random,,308.0,grid,,-969.97928947584205 233.35067955049604;949.15472326567567 -68.414935019747162;315.24447023847449 553.13928411686879;633.92599246756561 -729.38744844692087;-687.67130820236991 -721.75525612554088;332.95488451112305 942.94272312727469,True,390.2055610034896,82.2055620034896,3.3890752777348095e-05,True,True,True,43718.50567589342,43718.50567589342,43718.50567589342,True,True,True,True,True,True,2.067419410999719,1.5467904240001644,True
fresh_grid.csv,10473,SSA,2,1000,6,4,6030,random,,308.0,grid,,-150.15321998890195 -940.648035257071;-475.606780916123 343.3312529592888;911.71795803816769 -410.8165072420698;-336.74916698457326 -419.25844967897757;-573.42141704823143 819.26041785456334;753.01960578913531 657.97251233510906,True,485.8768085014659,177.8768095014659,8.218407345136802e-05,True,True,True,43573.42924512215,43573.42924512215,43573.42924512215,True,True,True,True,True,True,2.0653890200001115,1.5343935930000043,True
fresh_grid.csv,10477,SSA,2,1000,6,8,6030,random,,308.0,grid,,-843.74767803100599 -179.23075598032028;570.42539234674928 820.7634342152063;-298.85854667607788 -954.29717859881055;-475.86049369724901 -574.43092998143516;-174.22609073016503 620.25676984254358;867.3203797254746 -236.76649605502516,True,419.0800115585604,111.08001255856038,0.0002329985331951102,True,True,True,43629.59172036815,43629.59172036815,43629.59172036815,True,True,True,True,True,True,2.0955410220003614,1.498958679999987,True
fresh_grid.csv,10482,SSA,2,1000,6,13,6030,random,,308.0,grid,,-126.6131093150634 583.65084257853437;531.6684077453898 846.9525644159055;385.70943803393237 -903.17561961701688;-850.31647791191972 -142.07417661486312;949.14485383357828 309.01489612964809;565.31849688678892 -543.38927290551874,True,402.12638473745443,94.12638573745443,2.991740211907745e-05,True,True,True,43569.87552849297,43569.87552849297,43569.87552849297,True,True,True,False,True,True,2.149974549000035,1.4870515039999646,False
fresh_grid.csv,10488,SSA,2,1000,6,19,6030,random,,308.0,grid,,-112.51874241057902 -965.82229940917398;-760.53792188162868 263.36650280914051;-77.502723282354538 -398.59661104134881;-402.53064757329281 880.32849173247666;916.34505527210979 -399.9996320981632;834.20596032960941 551.45275807019289,True,568.3054663998414,260.3054673998414,0.0001366836750119328,True,True,True,43714.77248475982,43714.77248475982,43714.77248475982,True,True,True,True,True,True,2.1314064600001075,1.4712327939998886,True
fresh_grid.csv,10496,SSA,2,1000,6,27,6030,random,,308.0,grid,,-840.69688698099844 -477.2958804962077;-661.95621464280407 604.39077928253005;-724.3130406807021 53.52754247927404;985.47840887347149 28.740252814920527;473.68073991376309 880.69617088494329;276.2416358513982 -961.08815319522978,True,543.4323380689249,235.43233906892488,6.120496482506132e-05,True,True,True,43685.96478753003,43685.96478753003,43685.96478753003,True,True,True,True,True,True,2.097896390000642,1.533799143999886,True
fresh_grid.csv,10497,SSA,2,1000,6,28,6030,random,,308.0,grid,,488.89333896229704 -590.31699111863793;892.64619782721263 450.75710392729223;-551.8399213386067 816.9572628486801;99.922218946591741 237.93633567488317;704.36593030648783 -110.70354128481272;308.38841004361791 826.29238730500367,True,525.7922582941706,217.79225929417055,0.00040038193026500815,True,True,True,43572.035011999935,43572.035011999935,43572.035011999935,True,True,True,True,True,True,2.1760901369998464,1.51543043699985,True
fresh_grid.csv,10592,SLSQP,2,1000,6,3,6030,random,,308.0,grid,,444.29647283318235 -482.1945204965611;518.6395635754252 67.358339863531825;-988.53871804848905 150.96630884118701;-358.63094992307492 -179.25232714326035;-161.38319124537239 986.88005870505071;-361.24165959206584 -931.96598804708992,True,554.5586005744291,246.55860157442908,0.00018925697634383687,True,True,True,43489.34129323484,43489.34129323484,43489.34129323484,True,True,True,True,True,True,2.7287217000002784,1.8239399220000223,True
fresh_grid.csv,10604,SLSQP,2,1000,6,15,6030,random,,308.0,grid,,-47.895943712912704 -998.19381523696438;878.99481801421734 -449.84051957981541;-999.83331099846293 -17.286470136418721;-269.81100022362216 962.91279695847561;961.36946004603215 214.45267291133624;-445.99777419790928 597.23058786789136,True,405.9128691835679,97.91287018356792,0.00048580608450063303,True,True,True,43689.11918335741,43689.11918335741,43689.11918335741,True,True,True,True,True,True,2.6788933609996093,1.882929173999969,True
fresh_grid.csv,10607,SLSQP,2,1000,6,18,6030,random,,308.0,grid,,31.464362082090336 604.37886525590261;-161.22563558805095 986.91650961007997;-749.72865421420749 -250.59144802174845;-389.62561732940225 -695.74761847645664;963.21945478485623 268.20014580033575;420.52698598934711 -905.34954171340291,True,428.32754353434024,120.32754453434023,0.0010497446928664212,True,True,True,43549.93830875687,43549.93830875687,43549.93830875687,True,True,True,False,True,True,2.5378277969994087,1.8275547069999902,False
fresh_grid.csv,10612,SLSQP,2,1000,6,23,6030,random,,308.0,grid,,996.53795193891358 -83.13854080142751;-993.90592673807816 11.799583273145858;273.32626919189346 959.76926383119678;547.35437624219367 255.44231541955475;-790.64139153541998 -570.82378890485995;49.491648212044439 -354.29368111213074,True,562.4970052142717,254.49700621427166,4.768940346164163e-05,True,True,True,43400.028397527,43400.028397527,43400.028397527,True,True,True,True,True,True,2.628806878999967,1.8235472249999702,True
fresh_grid.csv,10616,SLSQP,2,1000,6,27,6030,random,,308.0,grid,,-698.88461504512452 654.84128063060018;997.0913215981758 -76.214717690838782;784.95069567660357 -618.84199880484096;-759.0984258209146 267.12938546099497;775.11754329058954 628.9643712893436;-560.70681378203744 -639.79926942787438,True,392.3598051076965,84.3598061076965,0.00010760046018529101,True,True,True,43618.165399768426,43618.165399768426,43618.165399768426,True,True,True,True,True,True,2.715468532000159,1.8620244530000036,True
fresh_grid.csv,10619,SLSQP,2,1000,6,30,6030,random,,308.0,grid,,-263.05989042608689 -942.66028237154615;-615.97982959933825 297.85048814374932;909.41217600324057 -415.89497026095427;-680.665895882462 -203.77765846176666;636.82775678652388 142.58254430412904;777.9942540838947 628.10649073961918,True,505.62978800848083,197.62978900848083,0.00043492443956236096,True,True,True,43507.4036707619,43507.4036707619,43507.4036707619,True,True,True,False,True,True,2.5585239560004998,1.917623411999898,False
fresh_grid.csv,10628,LXSSA,2,1000,7,9,6030,random,,308.0,grid,,25.366763485411401 985.22700734474711;-401.63647525534452 -57.878227332007192;-650.84750219889236 -673.59686080965832;918.09917710636125 -396.35021353210027;450.81757376345081 -892.50157045377421;685.33973550657731 212.84230718536881;-121.06356664974622 663.27071667597102,True,353.6915247566567,45.69152575665669,0.00020561486133172002,True,True,True,50764.93047331475,50764.93047331475,50764.93047331475,True,True,True,True,True,True,2.122534594000172,1.6615766939999048,True
fresh_grid.csv,10644,LXSSA,2,1000,7,25,6030,random,,308.0,grid,,581.75008654460453 594.65323718869217;-782.75015038993126 225.80381423342973;-863.66946394921467 -504.05775836668226;392.6823807292364 72.091970076410533;8.1035360395250748 999.82817558519196;174.97743591071017 -771.86618271161183;74.142758613777929 -264.63018663871225,True,463.51839411218924,155.51839511218924,0.00041763610249997876,True,True,True,50759.17633651501,50759.176336515004,50759.176336515004,False,False,True,False,True,True,2.3378316360003737,1.5868291970000428,False
fresh_grid.csv,10650,SSA,2,1000,7,1,6030,random,,308.0,grid,,-786.03632591969006 618.18025355080499;-195.42853143191834 -164.99076620111259;-545.78821447687938 -660.39086604375552;171.00248437952092 872.24036110778582;578.80283395715765 581.19205707406775;-289.03077877091459 245.51522048657904;214.19023970806361 -657.75299957156096,True,421.04221381394274,113.04221481394273,3.522726922508445e-05,True,True,True,50586.84515594425,50586.84515594425,50586.84515594425,True,True,True,True,True,True,2.210778888999812,1.5766976949998934,True
fresh_grid.csv,10652,SSA,2,1000,7,3,6030,random,,308.0,grid,,584.58439155084773 253.94740841969247;450.83227288736447 892.60860961072342;-713.3851246864798 220.03743852836263;-169.71293022081207 -768.96775757099749;-543.08943321708591 566.89725922056959;678.98513282440092 -537.48043555013908;-8.8341402916709928 -351.86330812566769,True,386.409572531102,78.40957353110201,6.688601422663487e-05,True,True,True,50866.99572654799,50866.99572654799,50866.99572654799,True,True,True,True,True,True,2.402154215999872,1.6189497770000116,True
fresh_grid.csv,10654,SSA,2,1000,7,5,6030,random,,308.0,grid,,183.89194959509589 -982.94634304690896;176.116087693048 486.0826008824211;-569.32994776268515 -822.10905486647005;466.26559234586392 -540.09830044397449;-108.77266620819037 31.391642679302951;437.95932109960802 786.65628235581084;-980.81289563874191 -189.83534176551814,True,398.630677288225,90.630678288225,5.724355037525674e-05,True,True,True,50751.59247155128,50751.59247155128,50751.59247155128,True,True,True,True,True,True,2.264670259999548,1.6136542320000444,True
fresh_grid.csv,10660,SSA,2,1000,7,11,6030,random,,308.0,grid,,-261.79034746185471 7.7357450528865632;195.04735446857242 -957.47591910697975;856.38285590275473 281.66341477614571;-753.79966869708323 657.10406843588123;562.60109007718256 -208.81943852810522;682.95356622773045 648.45024582872259;132.02618514299044 879.94445609912623,True,405.7219465973896,97.7219475973896,0.0001523586015562396,True,True,True,50485.47109445707,50485.47109445707,50485.47109445707,True,True,True,True,True,True,2.2000585820005654,1.562419256999874,True
fresh_grid.csv,10662,SSA,2,1000,7,13,6030,random,,308.0,grid,,838.83343233117614 544.38788840773384;820.49088942306264 -142.64644420346917;693.04212417305257 -712.18873562012379;-380.31311888632951 571.69412102949377;-508.98679956113182 182.1843735465219;-951.74929603997248 -306.87600906630036;-213.045481979838 943.55804408240567,True,407.75144343654244,99.75144443654244,0.00015087924464548996,True,True,True,50830.14433522859,50830.14433522859,50830.14433522859,True,True,True,False,True,True,2.1581965060004222,1.6370722510000633,False
fresh_grid.csv,10675,SSA,2,1000,7,26,6030,random,,308.0,grid,,-27.111258265929141 -275.25165545306174;401.32185624342674 653.98211756296712;598.81115352286224 -642.24935355349567;-409.10372838606634 871.92354482553321;-515.00194248248113 -815.82723336067056;998.00058191008793 63.201281400769247;-809.8330139258353 341.82723113289825,True,664.5194218980618,356.51942289806175,0.00021926823717674415,True,True,True,50653.60546205808,50653.605462058076,50653.605462058076,False,False,True,True,True,True,2.248729428999468,1.6168118160001086,False
fresh_grid.csv,10676,SSA,2,1000,7,27,6030,random,,308.0,grid,,-526.39073447350461 -231.951408781971;-314.06843545174911 849.47471399340282;529.82005277658413 847.38588857419791;512.3650255574313 360.47615415039786;717.13108667242102 -246.66438115060674;-907.43309525887071 420.19633713782872;-236.93014252365106 -784.64986775081047,True,487.2225030228765,179.22250402287648,0.00010894243451073271,True,True,True,50839.55594848529,50839.55594848529,50839.55594848529,True,True,True,True,True,True,2.33968379199996,1.672075108999934,True
fresh_grid.csv,10677,SSA,2,1000,7,28,6030,random,,308.0,grid,,262.49853387390402 435.80263504825081;-659.46065076946104 -472.89210478660033;353.93641145485475 -882.96119855230347;-657.60485701752464 445.87961316071829;-839.42208001755068 -7.3052404354029239;-527.39128578180498 807.57333011321532;969.21276586125271 246.22456077719852,True,384.4189368603905,76.41893786039049,4.108082896689302e-05,True,True,True,50581.575384466,50581.575384466,50581.575384466,True,True,True,True,True,True,2.2243470130006244,1.585999711999989,True
fresh_grid.csv,10785,SLSQP,2,1000,7,16,6030,random,,308.0,grid,,-687.79247168140807 704.54632517339633;-876.60368001920949 335.87409859802375;-753.45765005237558 -650.02715588307262;211.39181733885107 477.42786251553463;426.21850144888271 904.61988004498573;-972.26919843856797 -222.27686999900783;78.143148063805185 72.730691891131229,True,414.2087433191428,106.2087443191428,0.0003318250869622498,True,True,True,50509.51676006684,50509.51676006684,50509.51676006684,True,True,True,True,True,True,2.69449440399967,2.007318074000011,True
fresh_grid.csv,10802,LXSSA,2,1000,8,3,6030,random,,308.0,grid,,29.90008444859404 624.01167259545548;30.915247945102003 -392.21110092089714;279.38777605244496 -82.045347982390723;299.26380696889231 -937.36755427545938;-540.79876107657219 717.81583764675929;-581.43965968273835 -86.139600618269384;963.75804558550726 -266.77696215678355;-611.14406596969241 254.64932245712572,True,342.08104572417926,34.08104672417926,0.00024201582971525204,True,True,True,57429.01019824363,57429.01019824363,57429.01019824363,True,True,True,True,True,True,2.2867317399995954,1.7636876479999728,True
fresh_grid.csv,10806,LXSSA,2,1000,8,7,6030,random,,308.0,grid,,-523.29154520800387 846.58907575640785;-300.57241386826172 369.22323033017801;735.39498044407242 -677.6384524270577;507.35356526554392 81.368351947631794;-200.92913030878378 -915.93714584056318;-152.19698389041912 -388.70808566088618;-826.42153364637602 -242.99637375029619;539.08211799498361 839.5934453113357,True,526.7655663046213,218.7655673046213,0.00017626497765629756,True,True,True,57680.170778935135,57680.170778935135,57680.170778935135,True,True,True,True,True,True,2.2531762629996592,1.776795113999924,True
fresh_grid.csv,10807,LXSSA,2,1000,8,8,6030,random,,308.0,grid,,-828.20121700349341 -200.49700848330383;-765.28271516681036 473.05389025793721;-598.1371042524629 -746.50105693708281;313.18758284223748 -755.24350545220091;145.26457052176295 989.39251601907426;840.43390256234613 -337.02880895791714;370.05117103041198 451.5904715952168;104.94626971754042 45.504336308032791,True,484.960367424585,176.960368424585,0.0003278983402904269,True,True,True,57851.407124739824,57851.407124739824,57851.407124739824,True,True,True,True,True,True,2.324369542000568,1.6914117149999583,True
fresh_grid.csv,10831,SSA,2,1000,8,2,6030,random,,308.0,grid,,542.38268603301162 -259.78854545049654;704.38989613186311 709.81325711235513;229.92537536615532 930.85184511154989;-394.51980852668868 -502.70902695226818;-7.3861201283096793 246.74757910803203;52.274887212993285 -842.96024199158182;-821.42774404483396 -221.8350380477907;-497.34074035810579 737.31400177165153,True,511.0191611392643,203.01916213926432,8.127446338017763e-06,True,True,True,57743.99293290089,57743.99293290089,57743.99293290089,True,True,True,True,True,True,2.2549642009998934,1.7796987020000188,True
fresh_grid.csv,10834,SSA,2,1000,8,5,6030,random,,308.0,grid,,482.32035994098004 -836.3480504297147;-602.98202258375318 748.65214633982055;-633.77126096108339 323.31206619252072;630.75490232839422 -535.19893322733992;897.85458442841707 330.50160024047187;874.95590729983644 -75.641965943736878;60.209127198124044 998.18568163264695;-598.99078548185287 -238.84953258853139,True,335.7433605680546,27.74336156805458,0.00010399280927483778,True,True,True,57903.152009458725,57903.152009458725,57903.152009458725,True,True,True,True,True,True,2.3964783259998512,1.6726884119999568,True
fresh_grid.csv,10839,SSA,2,1000,8,10,6030,random,,308.0,grid,,-133.60548290241977 991.03420357718653;726.19841906734223 432.55456768209154;494.52726808156024 -463.190560253017;-590.22230293758287 -740.10520978461875;-321.47646016218744 721.24739183282725;522.29992751150724 -129.04194225090646;-840.89420642387324 -104.64400701187104;-269.13846010350613 179.80343517814461,True,328.75587886412995,20.755879864129952,0.0003921393479256731,True,True,True,57823.06548789024,57823.06548789024,57823.06548789024,True,True,True,True,True,True,2.3686772889996064,1.6814928569999665,True
fresh_grid.csv,10955,SLSQP,2,1000,8,6,6030,random,,308.0,grid,,-968.46190998353325 -249.16164729786561;496.6023460901913 867.94147173611577;43.094689988583745 307.22451432692981;21.667300706005449 -382.67766497739586;954.53336921815253 298.04253725506101;-842.19515422786117 539.17259361603919;928.74859212229489 -369.71066278340066;471.79744791962929 -881.70695683437509,True,668.2508442878983,360.2508452878983,2.213430437019269e-06,True,True,True,57596.49593323667,57596.49593323667,57596.49593323667,True,True,True,True,True,True,3.214126546000444,2.2354332250000084,True
fresh_grid.csv,10957,SLSQP,2,1000,8,8,6030,random,,308.0,grid,,-999.29751956465645 -28.997299223373279;-917.07947508388509 398.67676233853638;-736.59083027375232 -676.33859951664772;320.68480402710566 -862.75857549387752;503.24220261578324 864.14503988675199;978.71232003977752 -205.14728125219659;363.20792895412865 495.61634435848777;7.3080214431977382 -38.189092602001246,True,394.23723470483003,86.23723570483003,2.4780242258908402e-05,True,True,True,57560.86536223404,57560.865362234035,57560.865362234035,False,False,True,False,True,True,2.9075003719999586,2.0650788710000256,False
fresh_grid.csv,10959,SLSQP,2,1000,8,10,6030,random,,308.0,grid,,775.57141407065797 -631.25983573989242;747.90158883973345 663.80962030958801;-207.14480000724041 -978.31025364957065;-946.75666687155001 321.94993984598153;-974.00510242650057 -226.52598937181193;465.2086749825603 -233.88791328664641;-452.34723824176524 879.86006211971244;896.10048085579763 204.48747960163888,True,482.6383123409517,174.6383133409517,1.6977214752623694e-06,True,True,True,57762.40976074857,57762.40976074857,57762.40976074857,True,True,True,True,True,True,2.96735648899994,2.2265073220000318,True
fresh_grid.csv,10976,SLSQP,2,1000,8,27,6030,random,,308.0,grid,,809.61525010750677 349.45414178730658;-863.92189402751399 502.91044091720158;985.50076142927514 -169.67073547147035;651.81958225531002 -756.55430055290526;8.067497123930794 -128.0497539724731;-378.83287036902806 925.46491782025555;-988.23469324393966 -122.93980459486451;-543.53086349031435 -838.38922370689693,True,548.1116230129226,240.11162401292256,4.63734456868915e-05,True,True,True,57598.85269782505,57598.85269782505,57598.85269782505,True,True,True,True,True,True,3.0600622129995827,2.087199365000032,True
fresh_grid.csv,10979,SLSQP,2,1000,8,30,6030,random,,308.0,grid,,-896.69815456216691 442.6288157188273;-819.92067634266539 -564.18905784427716;923.46278677729549 -383.68716308238777;-233.98078634204072 732.33972470567574;190.40458029681949 84.286849979489844;-430.77433264264721 -890.86458415666118;-975.06140480143131 -219.82083424794004;-705.11542318226429 74.567201969753143,True,377.70109749590796,69.70109849590796,0.0003221617017768731,True,True,True,57484.3976018342,57484.3976018342,57484.3976018342,True,True,True,False,True,True,3.1164111020007117,2.0887610419999874,False
fresh_grid.csv,10990,LXSSA,2,1000,9,11,6030,random,,308.0,grid,,667.69173216502827 -610.79495680397361;-353.62822469524355 899.20262814368084;777.81038043914702 -137.92281497990669;-199.42979242937332 -492.50593666559081;-12.676813785338602 -137.10547146394009;423.88211134092114 -880.27629274456899;843.92736116862454 520.59592075635362;-496.40150616492429 -868.09245065326149;-236.32535618611601 283.28727990024839,True,363.40517556402926,55.40517656402926,0.0005218981403939106,True,True,True,64568.68559026069,64568.685590260684,64568.685590260684,False,False,True,True,True,True,2.484415756000089,1.7759507819999953,False
fresh_grid.csv,11014,SSA,2,1000,9,5,6030,random,,308.0,grid,,640.5066227994871 159.33960351398684;-797.0571212166908 165.24267739830896;-680.19496332154517 -162.04223448590176;-483.05560651284884 560.69414892142527;-560.26593466147824 -828.31275516708718;477.8589053987177 -819.96548667237971;855.53998233435266 -241.882925484688;-145.27444542034095 946.17177821941016;-173.29345813031023 -503.70424310372789,True,347.52291650330847,39.52291750330846,3.204270524545427e-05,True,True,True,64751.916351751024,64751.916351751024,64751.916351751024,True,True,True,True,True,True,2.532171785999708,1.76488504200006,True
fresh_grid.csv,11015,SSA,2,1000,9,6,6030,random,,308.0,grid,,-461.82681255552302 -740.99700401465259;-191.82414767259576 -355.95170637160703;-726.3340001265492 686.47177511198595;-42.314352140132179 923.21553460407745;507.98498400868471 -468.20794972511067;536.31309373197496 -842.26526313671889;256.01133141737284 208.95737865059129;-893.98807439833615 -448.09021415281785;-782.6375765132027 -116.18787054895498,True,350.0829888312252,42.08298983122518,0.0002424070474969776,True,True,True,64272.330838061,64272.330838061,64272.330838061,True,True,True,True,True,True,2.533773246999772,1.7775502540000616,True
fresh_grid.csv,11021,SSA,2,1000,9,12,6030,random,,308.0,grid,,182.362522016919 108.19379110782533;-486.65763683028575 495.65634366049068;-316.4087655107179 887.40529758048262;-711.7318201423692 -340.32021413872008;-687.64043176828966 200.06407717161375;775.38936706953643 -487.8064256474641;401.81034108155336 -893.41654838889667;608.62403010607375 793.45872245533076;-412.63106946592154 -893.63626846247723,True,357.4477190710873,49.4477200710873,2.3868498035677476e-05,True,True,True,64728.26655325991,64728.26655325991,64728.26655325991,True,True,True,True,True,True,2.4155788219995884,1.8357689709999931,True
fresh_grid.csv,11026,SSA,2,1000,9,17,6030,random,,308.0,grid,,131.59894820611032 207.48766067593755;-427.39869994798306 904.05389418513778;-741.45129892207717 269.42894015874049;-633.70356116485141 -32.150371469283108;-452.98330448633868 -381.73758720495749;544.29323735117839 634.74318163545831;54.953339841405672 654.25112953722203;-518.22730341505837 -855.24288470210718;184.91721113728642 -618.59156363432794,True,320.249365641577,12.249366641577012,3.60807882796289e-05,True,True,True,64219.13008560254,64219.13008560254,64219.13008560254,True,True,True,True,True,True,2.628362011999343,1.7844207690000076,True
fresh_grid.csv,11037,SSA,2,1000,9,28,6030,random,,308.0,grid,,651.29051818562959 272.86325523868345;412.57525546991855 -908.28372004841106;195.44993403653135 699.59605995465972;-383.72229653466604 -565.92295895175118;837.30606886970395 546.73427509653527;-154.02303089982675 275.36404961760923;-760.44289811837359 -117.63790447086295;706.56241011551253 -556.5158204577051;567.21797688047445 -135.69384495742659,True,331.06966127127885,23.069662271278844,9.073431840786361e-05,True,True,True,64630.43814786457,64630.43814786457,64630.43814786457,True,True,True,True,True,True,2.6562130859992976,1.8135889169999473,True
fresh_grid.csv,11157,SLSQP,2,1000,9,28,6030,random,,308.0,grid,,-276.80907941633961 -960.92477770796472;193.76933703489576 -409.15398756998206;-996.93960229734512 78.171279962882693;-911.95269638433012 -410.28381783302564;357.26354214140588 -89.304125143049816;-761.29488001219647 647.22992623310131;700.3061440964234 -713.84230344770185;923.88671563862783 379.37312097601176;448.75788183293434 865.70848516521175,True,359.21343181726525,51.21343281726524,0.00015356980020694755,True,True,True,64635.25048564015,64635.25048564015,64635.25048564015,True,True,True,True,True,True,3.1337538480001967,2.235978397999986,True
fresh_grid.csv,11173,LXSSA,2,1000,10,14,6030,random,,308.0,grid,,-639.19036762127087 -535.07548076719115;732.6113824212357 270.06012317600619;-886.70979641037434 460.90467379015502;-950.67487816719336 -131.84601727556844;-82.020644547791818 -313.57915597194381;-226.77854292543418 278.11667843998032;484.55265426233797 -411.29757167168901;-460.77400019951449 -887.51730831293423;433.22285562564736 -883.91512867404685;225.19792594717731 777.32522023747777,True,395.02865967896366,87.02866067896366,0.00017509256611244927,True,True,True,71452.80464251433,71452.80464251433,71452.80464251433,True,True,True,True,True,True,2.781129895000049,1.8963262159999772,True
fresh_grid.csv,11186,LXSSA,2,1000,10,27,6030,random,,308.0,grid,,-613.44462085551618 261.66819980915341;938.1641516955076 -154.38386749137945;-660.35266798835926 -336.810381549407;539.00625179600763 542.10778156882361;-81.338922114945575 520.11847951790412;-163.32001369293127 -165.4936699451288;649.29368511577093 -749.48617360924914;-658.57177397835778 -752.51696295982663;-690.81983946182186 716.73191900968129;246.69261912316276 172.79842501064826,True,415.71039608291335,107.71039708291335,0.0007204886177330773,True,True,True,70907.06967648663,70907.06967648663,70907.06967648663,True,True,True,True,True,True,2.517129984999883,1.8756779499999539,True
fresh_grid.csv,11188,LXSSA,2,1000,10,29,6030,random,,308.0,grid,,317.20745846530343 919.71232304241153;60.188510400058895 602.25919853129926;13.624416060706441 -437.79515052842777;392.40662923866057 327.84819174174271;25.887679536212019 61.164366034647408;-700.52039414299384 167.77196088666156;640.70300500227495 -555.67038320523613;-643.25134322058909 -765.6027191007687;955.44998658523252 295.15208958185207;857.70371697127962 -222.10889884395854,True,397.9353877758973,89.93538877589731,0.0002845749129417309,True,True,True,70916.12105798455,70916.12105798455,70916.12105798455,True,True,True,True,True,True,2.724651286999688,1.8830948439999702,True
fresh_grid.csv,11190,SSA,2,1000,10,1,6030,random,,308.0,grid,,317.22975802365778 944.24389466898151;-533.23209213206883 845.19248287354924;-518.87727563372516 -210.2535284690137;-160.87500223675784 607.59638102446399;28.513528464749506 -459.4955387531142;765.77268312668764 -207.90261092380354;318.25844378971942 275.39971400532278;-771.61746495802936 253.72835821606699;744.65296412416023 667.45181038081887;828.66694040186974 112.44763030705535,True,326.46587058200475,18.465871582004752,2.29202349853731e-05,True,True,True,70746.41965967952,70746.41965967952,70746.41965967952,True,True,True,True,True,True,2.591044931999932,1.9972746600000164,True
fresh_grid.csv,11198,SSA,2,1000,10,9,6030,random,,308.0,grid,,-64.573208666394876 817.32759997637959;-349.30071798633583 -507.81460605690307;-936.74582401215423 -262.78120124447781;-209.2883341857823 -792.83812707023105;740.33446093770681 -491.69340150856937;-380.35059460858753 924.84236769338179;408.47110890506474 483.55898280444768;-26.239900631014596 -49.486593636629756;921.44164338415396 58.142769047752743;-53.37512391621383 328.17816749955654,True,317.5560976400052,9.556098640005189,1.1050096875602322e-05,True,True,True,71076.69920635241,71076.69920635241,71076.69920635241,True,True,True,True,True,True,2.70956070200009,1.9549463559999936,True
fresh_grid.csv,11203,SSA,2,1000,10,14,6030,random,,308.0,grid,,-125.78768362471138 -7.7727009034679213;656.26129171578123 -399.84564181072159;106.68142221797842 509.753307036678;-569.94469414865569 -821.68277419206527;-563.82256227940604 766.90104307093134;-251.31861345687096 -404.87999515941465;521.6286133123084 362.44840133104441;-979.84591323808525 -8.1652557652050142;561.35999312302704 790.77860855075016;-906.86820406706124 -401.93003399579732,True,400.47028180732474,92.47028280732474,0.0002331039403341274,True,True,True,71489.25425137,71489.25425137,71489.25425137,True,True,True,False,True,True,2.5739429859995653,1.8745615670000007,False
fresh_grid.csv,11205,SSA,2,1000,10,16,6030,random,,308.0,grid,,-79.893889236741373 -690.28486951725495;-695.34308732657598 -516.06216143441418;970.50089450422536 -241.09726861925068;656.1915200102485 744.46824477961115;421.4898127818887 100.36600429807025;793.20603863132169 342.10210002961054;279.23995701782593 -950.73837881582097;176.29348489542173 -274.73257650024431;-468.54095467334946 101.34075034004741;-202.40051209096561 888.80421736710684,True,425.0546938382669,117.05469483826693,6.141541951162799e-05,True,True,True,71479.24240331119,71479.24240331119,71479.24240331119,True,True,True,True,True,True,2.630586156999925,1.9027761769999643,True
fresh_grid.csv,11213,SSA,2,1000,10,24,6030,random,,308.0,grid,,-891.20805517354506 453.59471835487858;608.52077028699068 -570.14428676290345;-61.02987478992582 620.90242255890678;-281.00590043956367 -56.503046370257572;-453.35507470202526 317.66623819227812;-544.49848842458846 -458.25850502458098;356.94512668220165 -22.811730934664713;-517.06485052837843 -855.48373521109556;-525.43777511425958 850.4671798582259;909.88925683518369 353.96488765370719,True,398.1714303976992,90.17143139769922,1.7937173086262192e-05,True,True,True,70963.6683629086,70963.6683629086,70963.6683629086,True,True,True,True,True,True,2.63365544699991,1.9060683769999969,True
fresh_grid.csv,11214,SSA,2,1000,10,25,6030,random,,308.0,grid,,540.57839509571863 837.61800221307806;508.50331812961514 -675.68269249056573;-10.459843228123333 -476.25844347976221;-595.29155692559539 187.69322926010946;983.63432645818546 180.1759821043249;803.16205400042884 539.71876199773124;130.50034910657533 -173.10178835355583;-133.38737360124259 -877.26854452310454;850.86159892366709 -241.49905348085341;-569.54597941567704 -679.89477418530237,True,334.3257892690076,26.325790269007598,6.464294893046462e-05,True,True,True,71177.1814141137,71177.1814141137,71177.1814141137,True,True,True,True,True,True,2.7444696770007795,1.8920806759999778,True
fresh_grid.csv,11314,SLSQP,2,1000,10,5,6030,random,,308.0,grid,,-102.77103092281718 266.89830078644439;-159.08692651916962 727.99615096652235;-909.55658527791525 -415.58001796422172;84.966369950979427 -994.59488491824675;-899.65323535588902 428.257021594192;-269.36531540633018 -525.00914275072989;890.90363819013976 108.39739856648316;446.70320521239449 894.65664202951098;716.99144490001913 -465.63316780596949;-961.3903965142747 34.99421834206224,True,398.0792753832078,90.0792763832078,3.44232183831773e-05,True,True,True,71301.23289227183,71301.23289227183,71301.23289227183,True,True,True,True,True,True,3.086540160000368,2.2681734730000187,True
fresh_grid.csv,11329,SLSQP,2,1000,10,20,6030,random,,308.0,grid,,234.84379868393827 -694.34153634524205;70.072098399109066 456.87442040696112;327.68150277079144 -335.85907817713911;398.1686577528406 916.94988398774547;882.87892523191431 455.41891846256715;-923.65407568781825 -383.02737912139298;996.29355674808096 -86.014140013357846;-836.05674285129408 6.5722447154602595;585.42819321686272 74.677811717407039;-524.06494794155947 839.41164158072081,True,370.30867140044637,62.30867240044637,0.00035925007455514426,True,True,True,71262.9099338993,71262.9099338993,71262.9099338993,True,True,True,False,True,True,3.4125242209993303,2.2869733510000003,False
fresh_grid.csv,11344,LXSSA,2,1000,11,5,6030,random,,308.0,grid,,-584.29426222696441 811.54157563430408;458.99729592928998 406.34323062719523;-247.89422463335222 -334.16088749156057;28.049036847730498 775.16159819765903;-430.84008825982306 165.98508078182715;-564.83196374622071 -791.04613350901718;680.16350636084587 732.94570396145298;256.67827091590414 -863.97397504275432;-926.82218651485277 14.059551442944452;542.28653247644615 -124.48760088390985;-201.66987136274736 441.11882461374853,True,358.0748040670022,50.07480506700222,0.0002440728487752276,True,True,True,77895.51694388053,77895.51694388053,77895.51694388053,True,True,True,True,True,True,2.9433272919995943,2.0036323840000136,True
fresh_grid.csv,11345,LXSSA,2,1000,11,6,6030,random,,308.0,grid,,-496.7595189329794 800.38742464932795;-124.1077206931581 450.54363236539172;481.63095587916411 -421.22273590177838;-496.24705211934833 -435.64110054109591;657.6144709102233 446.09922162728975;910.15014701116661 -123.70494661483056;173.3299109148461 189.48311360800471;174.58233666192496 -916.57801990838902;-11.425276972257773 -74.862178505519211;413.80228935493159 891.25406632349791;654.41784314803397 -756.13261572814383,True,322.51032993345086,14.51033093345086,0.00037800086625136467,True,True,True,77867.9509281952,77867.9509281952,77867.9509281952,True,True,True,True,True,True,2.981373378999706,2.1325284000000124,True
fresh_grid.csv,11350,LXSSA,2,1000,11,11,6030,random,,308.0,grid,,683.31802399610672 684.18935751837989;983.1379151314967 182.86413067700164;-574.66043337034318 343.03247664993569;-371.44717137386357 40.324552851858208;-193.46084859745335 403.72261626291481;134.73690636388685 343.08579578083743;-524.2329865742596 -703.41712724412241;5.3066930502421608 866.55286924708923;-557.65237320406868 -283.57552416179163;450.87224570227357 -877.80666399897962;-601.14509451902484 672.03346182583448,True,330.0652746395362,22.065275639536196,0.0002757713569988264,True,True,True,77310.49346748307,77310.49346748307,77310.49346748307,True,True,True,True,True,True,2.817525231999753,2.0899515250000036,True
fresh_grid.csv,11386,SSA,2,1000,11,17,6030,random,,308.0,grid,,-547.55124816061857 -835.65652229460341;326.57453587694675 354.67845650467706;674.92670723073752 44.06330955248233;345.33221275753885 -444.09828061796571;-341.29605020357684 -226.44673818578883;-50.093580825632898 880.67945307508728;422.50341800778995 835.71084861194663;710.27261939467337 -703.92646126701766;-442.26929855688672 351.32881135587468;-833.9012480644069 -397.49687222808245;-655.73776482065193 53.445252511541405,True,366.47428384372296,58.474284843722955,0.00017263317636459396,True,True,True,77985.68271237377,77985.68271237377,77985.68271237377,True,True,True,True,True,True,2.926049370000328,2.126768163999998,True
fresh_grid.csv,11399,SSA,2,1000,11,30,6030,random,,308.0,grid,,162.05733346003242 70.686313240462383;-378.18188303612141 -108.32554096783528;840.6956020352053 346.77703169710009;698.40735321429668 54.763632786238702;615.39699722339799 -663.52890171707588;-210.17800306531566 -953.1512643360586;-324.68932879184996 431.06264286790667;482.33740521325507 -275.97906867013421;-577.42210713710892 -650.57013273055247;-894.15966433241863 441.04454310626375;-978.22493157251427 -207.54717972766781,True,324.8349902581227,16.83499125812267,7.671852336241136e-05,True,True,True,77502.61902908266,77502.61902908266,77502.61902908266,True,True,True,True,True,True,2.835388619999321,2.024874741000019,True
fresh_grid.csv,11490,SLSQP,2,1000,11,1,6030,random,,308.0,grid,,661.49058682514863 717.19451794554379;279.30435848250295 317.19282315407958;-927.40848268167758 -32.222107585790241;-426.22853642531175 -408.60384958111462;795.38197098647959 -606.10329478754852;411.24340201116814 -415.72533196116262;784.94077100871789 207.737322239224;893.45911419871334 -306.97714031901296;-803.62906604500461 595.1304018809733;-381.49116063027083 459.62303939406883;191.89767197360521 -914.2882290499781,True,314.79450806487586,6.794509064875854,6.548231454214692e-05,True,True,True,77522.18002930813,77522.18002930813,77522.18002930813,True,True,True,True,True,True,3.5546702080000614,2.3512136009999978,True
fresh_grid.csv,11497,SLSQP,2,1000,11,8,6030,random,,308.0,grid,,-999.99460120136973 2.9383359819340815;972.72150864443722 -208.66518858049844;-916.42685894886722 385.17613706535599;30.922438850572544 72.574238568114325;482.39681577904486 -869.26917204437848;520.65886548983042 470.59394142250619;980.17844654315434 163.01112579401473;271.76697806448067 -477.28301430002853;-556.93764069799977 -237.40128677895203;-2.7753747411151655 997.31843469092382;-372.80818218163046 -850.02534933739321,True,371.75111108085105,63.751112080851044,0.0010828754706178878,True,True,True,77861.1943934255,77861.1943934255,77861.1943934255,True,True,True,False,True,True,3.369144334000339,2.3836620620000133,False
fresh_grid.csv,11500,SLSQP,2,1000,11,11,6030,random,,308.0,grid,,587.63737201064464 809.12441242553098;449.83238683569095 520.95017728107166;-852.23904000447828 521.52140027462235;-426.97178924496734 -203.14589729183183;-600.04354516192518 180.15353344081009;517.42427241554992 34.219308372157911;-468.62750055411448 -511.92835709612541;833.76616575710113 -414.24399886508883;169.77086393423497 -913.73513950961967;-643.06398897797419 -765.8076308923346;-226.96703112026427 592.56879742991975,True,308.03047601972423,0.03047701972423056,3.1167312524994483e-06,True,True,True,78124.1100413753,78124.1100413753,78124.1100413753,True,True,True,True,True,True,3.4488343100001657,2.478037103999995,True
fresh_grid.csv,11510,SLSQP,2,1000,11,21,6030,random,,308.0,grid,,-621.05841476920682 783.49306695461507;896.77056490706991 442.49391371469687;-108.07754683247575 -809.27379175875433;-691.75223102733287 -563.10926718385645;-986.37938629933615 86.746101300819632;441.09675231137516 -262.00008266438323;394.5093429489832 782.44906091744701;832.8896886340201 -550.17959248323041;-28.981683281046003 281.36987483850714;-509.37014354941164 -273.07189797641166;695.2878330938521 106.88716757355994,True,342.61480027806704,34.614801278067034,0.0008461212096360905,True,True,True,78260.92881389687,78260.92881389687,78260.92881389687,True,True,True,True,True,True,3.630816384999889,2.4027811290000045,True
fresh_grid.csv,11511,SLSQP,2,1000,11,22,6030,random,,308.0,grid,,999.98185421200128 -6.0242848570465339;-884.9575067357074 211.93321574451758;-993.75575217335256 -110.58015383110947;-701.4450852156009 567.23307279577784;126.52713414936117 221.40761675409848;-9.7572156510486732 780.31290376814661;-825.29948986420686 -564.69500491315216;666.13895970511396 -726.27543588267122;129.55558803991258 -498.43425924073824;-422.82401897072373 -75.179126784254251;766.78282352912458 574.04988566876011,True,340.37028625503586,32.37028725503586,6.193445213066297e-07,True,True,True,77928.55808517907,77928.55808517907,77928.55808517907,True,True,True,True,True,True,3.393848249999792,2.3560966950000193,True
fresh_grid.csv,11556,SSA,2,1000,12,7,6030,random,,308.0,grid,,2.0360627879007573 -711.75159972358506;-630.47365728739589 570.65555610900833;105.55030726330597 -17.053390492112452;-448.41709760505182 -309.56867393567529;773.42137437657232 633.89221400408553;-194.25668778801423 181.61346340101878;571.66030818028275 -804.60060213896941;966.49379593669426 208.76315092870024;546.81644451286229 375.84155000238627;-546.26830717584357 -771.91250182554495;158.68897940249633 573.50833969973792;172.05720327064009 -361.83436397836465,True,343.42384808026196,35.42384908026196,2.034122656166437e-05,True,True,True,84014.36691591816,84014.36691591816,84014.36691591816,True,True,True,False,True,True,2.92242043799979,2.2061585220000097,False
fresh_grid.csv,11565,SSA,2,1000,12,16,6030,random,,308.0,grid,,25.596671945525486 -850.49259301203142;-118.1248228243784 271.95308567471335;-219.51723615073439 834.9852849389157;717.8817175459584 -199.40099677386783;248.86742130213358 -31.18698615010322;-323.75773839083598 -218.30342020732857;-779.89178873451522 -625.91318648584672;-258.94669233230763 -661.82997355731163;352.11854230412888 341.77752119500337;-42.220495860576001 -352.67352529235131;349.71030225838047 -643.09960235596066;-729.91161107682399 -81.217480918025146,True,311.9592025763985,3.9592035763985223,0.0007414240801633933,True,True,True,83273.57297354554,83273.57297354554,83273.57297354554,True,True,True,True,True,True,3.092858691999936,2.193879594000009,True
fresh_grid.csv,11576,SSA,2,1000,12,27,6030,random,,308.0,grid,,-688.78098633836248 -533.07432231582823;-357.90692663693164 334.74898568666271;363.83692482334556 459.49858773091108;-531.8816680405655 -110.19594422970994;380.02707330338671 56.84212168577109;-721.42097927002783 590.62181251944412;-9.922177235308034 -554.57387379518912;591.66259271109072 -385.76427254091806;-194.93132051715529 921.74462976132975;-758.81740158989419 153.37317820276002;347.88701391475536 -668.61039797777551;986.00865803611737 166.69368342212636,True,347.80527520639225,39.80527620639225,7.20924920213074e-05,True,True,True,83846.06707597182,83846.06707597182,83846.06707597182,True,True,True,True,True,True,3.0011408780001148,2.2605379260000404,True
fresh_grid.csv,11578,SSA,2,1000,12,29,6030,random,,308.0,grid,,613.86870218836862 -682.40532959652523;-739.64268570830336 -188.63982079873983;-157.62606242877993 -687.15985802554758;285.9562219747026 -197.60374083105515;757.98445036247745 22.709846566483257;-293.33716050390768 750.04283839899176;642.83473575051846 742.02684124911377;-426.20706432088207 327.99994458954251;-415.23133879390934 -405.41365578911302;-16.705154668727932 78.221870244781456;-684.97931636500027 728.56248603221547;-82.07546779188371 503.42806211609576,True,324.7311975905803,16.731198590580277,2.1049347540407326e-05,True,True,True,84279.30586681202,84279.30586681202,84279.30586681202,True,True,True,True,True,True,2.985507052000685,2.261242981999999,True
fresh_grid.csv,11695,SLSQP,2,1000,12,26,6030,random,,308.0,grid,,188.39917089847947 -541.01262245499584;596.39945811181337 -790.78245195445049;378.90137389577592 80.8524047663836;-465.11372333904808 -879.87077253255757;30.374567382393213 -995.38465483798529;546.78134922063236 471.91523721394037;526.59716493363135 850.11492663591662;-171.30784671212157 664.40741676373023;-305.0075908827954 -308.16379037829813;-179.46476870807726 237.83621590943304;678.48790635408193 -244.89503653727979;989.73234109891098 139.53502660290692,True,378.737912512348,70.73791351234797,1.96973361451237e-05,True,True,True,84388.23196794995,84388.23196794995,84388.23196794995,True,True,True,True,True,True,3.528605268999854,2.504116510000003,True
fresh_grid.csv,11723,LXSSA,2,1000,13,24,6030,random,,308.0,grid,,660.51945211854093 -485.10072188308993;-109.02521378548225 -73.714840110182692;-630.43335588947946 537.45326720171397;696.01142456930666 703.79673456561534;-137.09014200603437 599.97501473031605;-775.37684648180641 -565.15950278475077;-773.9676738631839 -251.98176998881473;58.892980155513904 184.48669890754934;-524.08477448570272 -775.69243184895765;899.64942904479062 282.06481096108007;334.55688961690066 375.5505133563563;-617.86553923515282 180.9847221405679;362.9463020240832 27.063292014352157,True,308.0009003355857,0.0009013355856950511,10.170850734046896,True,True,True,89241.00344607896,89241.00344607896,89241.00344607896,True,True,True,True,True,True,3.156645940000089,2.4779680199999916,True
fresh_grid.csv,11735,SSA,2,1000,13,6,6030,random,,308.0,grid,,275.74490502698603 92.793302894852502;-169.26629172291317 882.52759650461371;693.54100382203592 720.41667575165388;-896.01483290125464 -219.96843701508786;-543.92403791055233 -482.30141191758759;357.06697724691952 -548.03342831218936;606.22991900724878 250.9965840230816;350.70916057022959 662.59096710640335;-354.12088047391018 608.42306596504284;-72.510722456373514 -63.050863348039371;574.41848394125293 -798.7038765599699;-213.74727896671311 -369.19870054813674;-135.63472436599005 -781.31052142583314,True,330.61232984360817,22.612330843608163,0.00034565828900920317,True,True,True,90053.7137823979,90053.7137823979,90053.7137823979,True,True,True,True,True,True,3.1840745709996554,2.4833889140000167,True
fresh_grid.csv,11737,SSA,2,1000,13,8,6030,random,,308.0,grid,,621.21910549477809 382.82865641216199;-36.66432399036691 -794.70484591976822;-979.45679137973798 201.65247360235401;-21.4085766393565 -177.3421620231891;-817.12651640598654 -463.37975895672025;-706.4409255234774 -132.50961418681206;-38.974848203127699 574.84491167812837;610.49782059587005 33.710276826860813;-597.60929791359456 801.48333382506189;399.83386861752371 -446.34570665239892;364.89682231888412 928.3707614172007;-377.22075489756588 255.09109610468627;182.50942308432934 222.07711685735376,True,348.8930390951791,40.89304009517912,0.0003378551368794215,True,True,True,90417.2904381122,90417.29043811219,90417.29043811219,False,False,True,True,True,True,3.175178002999928,2.516308434999985,False
fresh_grid.csv,11745,SSA,2,1000,13,16,6030,random,,308.0,grid,,-370.07638820854294 -537.63229237685402;-247.68680347861041 -885.54540191136471;-534.23994289991731 -2.5295983855759481;-9.0627830837946863 164.98932067294169;-78.859675739527447 -225.1849244383759;559.97001291717277 -501.69677706392406;353.60147410706031 -793.4453485017209;-825.53521678590323 -564.34985952426746;229.28734081229248 665.91296593605136;197.084103321014 -476.08008986708563;803.81401329630921 129.74743481767078;491.54506156928932 349.58843957055041;875.87318953717954 -216.13089782254397,True,353.30489081031396,45.30489181031396,0.00042195068420167083,True,True,True,89587.78139520195,89587.78139520195,89587.78139520195,True,True,True,False,True,True,3.2908590269998967,2.5598750020000125,False
fresh_grid.csv,11750,SSA,2,1000,13,21,6030,random,,308.0,grid,,-382.068487986121 537.35972202477262;521.01456489814007 -224.20844614689031;-671.50749402577594 400.51512358536968;-226.61907487729979 -1.0861093786279656;378.02586246569871 -539.67533058800984;654.57477888200424 -755.99672879738546;628.21727180765356 552.50134926321437;110.55791565106762 789.04191738729219;464.30214767715802 260.76500038047197;2.9352665166724714 -738.96663933856235;184.07953305963403 66.290477032328724;285.95728485091951 -876.41020919676168;-398.63005021053669 -537.83285265067241,True,314.6302556292967,6.630256629296696,0.00040344969477498673,True,True,True,89760.12221773624,89760.12221773624,89760.12221773624,True,True,True,True,True,True,3.071545919000528,2.4921860789999926,True
fresh_grid.csv,11762,PSO,2,1000,13,3,6030,random,,308.0,grid,,-389.81952729559879 559.25443098364394;-4.7796873192467023e-05 1000;-893.698483520379 -271.59362715100536;968.34430334262549 29.82486161829009;-470.95618528004036 858.00787034911116;222.54680671023948 760.13238549917799;-233.58114170265401 -918.99798022560572;565.17780551570274 228.31081098496711;915.73496522470782 373.50838288483311;246.77065907672625 -466.62902121070277;-909.38308011075196 90.564107949668468;223.86200326876693 366.15780252876192;571.83828070897596 -688.28078594163298,True,309.5751521062053,1.5751531062052777,9.999988631316227e-07,True,True,True,90208.2150489365,90208.2150489365,90208.2150489365,True,True,True,True,True,True,3.243140331999712,2.539457294000016,True
fresh_grid.csv,11853,SLSQP,2,1000,13,4,6030,random,,308.0,grid,,-449.84516262820006 -891.44861914215164;169.71049893576557 -955.5430784756486;330.1037970211662 3.9522785279241583;997.60517615821243 69.163504092112078;874.04935767781535 -485.83673807766928;-42.910782556822596 187.41897628476704;395.36479496164247 -665.19165185326835;-928.65437051575987 370.57610546790778;575.23163039000713 817.99031199527076;278.13510184963172 547.40295719870824;-866.49320063577034 -295.02027827730984;-265.86686787706441 -380.63623087889368;-458.10501406904848 318.15910824773863,True,367.7279051915771,59.72790619157712,0.0001621020340988034,True,True,True,90834.66015015266,90834.66015015266,90834.66015015266,True,True,True,True,True,True,3.636405981999815,2.7114615290000046,True
fresh_grid.csv,11886,LXSSA,2,1000,14,7,6030,random,,308.0,grid,,-928.11670286133824 372.28867789313625;-607.43297126410289 348.44163040718394;686.40158197731387 457.50865987374596;109.94068342773566 -766.51953066704425;126.59725257326593 -316.04180177910223;440.75883377059552 -504.05217181215613;-122.78378727119696 91.54488838524756;-254.81831115041049 412.55353673604708;225.13484606648342 223.45925634381342;644.78559661019472 -222.20401981200612;-471.4390335432152 60.278789234141037;-221.42961735936899 -604.07174275637669;677.32830019909466 -733.40657486534406;-499.33714905465638 864.1919742508527,True,318.6411369075767,10.641137907576706,0.0002640912241556871,True,True,True,94745.49181153852,94745.49181153851,94745.49181153851,False,False,True,True,True,True,3.281575953000356,2.741526221000015,False
fresh_grid.csv,11891,LXSSA,2,1000,14,12,6030,random,,308.0,grid,,-61.121909784457216 91.764803349023595;243.88149856850103 967.81947731393973;-758.57033945069554 -95.250302838055958;-148.35173649890083 -790.5728231695515;459.33716521371105 485.2888712117163;930.88746167076306 240.25439244187129;317.29101411988654 64.071032127987294;155.23865740180881 593.3068886640151;-259.13436074940677 633.97952457886902;-153.46190585825576 -412.31893952848998;-547.91461437654243 836.53400837877064;570.06069162832614 -490.97946290166465;193.17847988647745 -473.65403336026014;451.42719792479426 -823.65672447486429,True,322.7131769044311,14.71317790443112,0.0002150891987210125,True,True,True,96861.47263752518,96861.47263752518,96861.47263752518,True,True,True,True,True,True,3.2505032339995523,2.5562377889999937,True
fresh_grid.csv,11895,LXSSA,2,1000,14,16,6030,random,,308.0,grid,,-367.36189884276223 457.45844646688323;-368.82923224491225 137.34388738479694;-592.08288012066771 -117.97357924088334;-960.11745107687079 -184.37436744181153;-963.88210370469642 182.69177866295666;441.44250029854174 779.29927976833221;503.28624114321963 -268.1692695766381;401.14694198754285 166.73879844302809;-718.12020056655228 397.20267982845729;76.409678892558944 -331.32543144424704;122.45864629178996 -26.785848311942555;-208.56637133205916 -183.73559370335929;-600.43842319452392 -466.14473405828437;-62.62765531547501 384.29675643779069,True,308.00140436844316,0.0014053684431587499,18.95719060219381,True,True,True,92840.61539854208,92840.61539854207,92840.61539854207,False,False,True,False,True,True,3.4228781629999503,2.6464530349999933,False
fresh_grid.csv,11917,SSA,2,1000,14,8,6030,random,,308.0,grid,,708.00525359471476 -555.5315507653745;-299.65916749964691 838.08505542084185;202.2072313750042 438.39672437992004;933.33112659394089 -288.40561591411375;-118.47417820400301 -479.46320412461836;-46.734332812243473 -173.18491535509156;955.32882670932213 192.79707193655736;117.04519951794798 100.27483251288017;624.34402348824767 781.14942980302828;-747.14077193238074 -577.53248943907965;-54.418059770690078 -799.20268495287439;158.10184803706545 752.44259889295404;357.96178994557238 -431.88816289925376;436.8900701682706 208.12627359849324,True,314.56795066952265,6.5679516695226425,5.5326456620401584e-05,True,True,True,96201.07472074336,96201.07472074337,96201.07472074337,False,False,True,True,True,True,3.3558845159996054,2.6421723360000158,False
fresh_grid.csv,11927,SSA,2,1000,14,18,6030,random,,308.0,grid,,-497.39432676797026 34.041681945853647;355.81693025960897 -727.32325532346124;-284.86126015481034 -474.8100023340786;546.4638018024043 383.97074354739345;933.1904422145434 355.31410825738016;-219.10868357810517 691.60149343397632;95.554459758652584 -494.03353926741067;-680.36357704363786 -543.34687058582915;-705.05632572506681 709.15124366068926;-432.64946226837679 384.97976221042455;303.81182469150986 654.28566118048923;-48.645425002486505 -201.72632529313287;454.54494408135139 19.686653770061977;120.68994283856588 992.67208527534262,True,325.9403536025112,17.940354602511206,4.658478406124777e-05,True,True,True,96819.39740803394,96819.39740803394,96819.39740803394,True,True,True,True,True,True,3.4191205999995877,2.633141730999995,True
fresh_grid.csv,12031,SLSQP,2,1000,14,2,6030,random,,308.0,grid,,-824.93769473987413 -313.82877191184849;-200.64234001498809 -785.43836334481466;314.80458388031042 144.15895704239222;-477.59420614400432 -562.85749178450737;789.7874559101532 438.91084520515722;-861.30016049560061 433.32067811846616;985.94424732024015 -25.522030154683815;890.94095012740172 -329.85371264785437;-269.22361659669127 -90.784380834595694;44.248217399977214 531.47498631646101;255.22773613748706 957.27711914353711;500.1596195379679 -672.73093116062603;-521.54555654207024 839.57168586143371;236.91687818984926 -971.52973657718758,True,318.81561982850644,10.81562082850644,0.00018288753483627806,True,True,True,97746.22711045832,97746.22711045832,97746.22711045832,True,True,True,True,True,True,3.756678559000648,3.115662211,True
fresh_grid.csv,12070,LXSSA,2,1000,15,11,6030,random,,308.0,grid,,642.21295989603391 383.42278364491483;-568.1497525733821 624.0264232083839;-789.50694743850852 -240.97158400416441;-682.28047084875004 242.54373425315171;504.56072306181011 15.525202429743462;-568.91892855828939 -679.99383432534455;642.43024662039613 -505.00666711519875;114.57669113684705 -560.51258697543756;-302.4691015673659 -899.48317980446427;-103.03080395657146 574.74314635086648;963.68775444120649 267.03072030430911;-338.51186057109123 353.51652260707641;224.30255145064245 548.34432814795969;97.623437610371511 857.77095827012442;-96.96283161798651 -102.8610374150949,True,323.0983551139918,15.09835611399177,0.00025417694542081884,True,True,True,102643.56365105754,102643.56365105754,102643.56365105754,True,True,True,True,True,True,3.547482416000093,2.795113513000004,True
fresh_grid.csv,12110,SSA,2,1000,15,21,6030,random,,308.0,grid,,273.22902088495533 -309.80633956463032;-784.19956766102007 614.08808118955608;441.9338553738886 851.18383403487417;-302.9290746663209 194.62530700056737;-815.60804725995115 -34.276822907609422;-241.29468945200526 -636.4912499681916;479.27594754177494 462.88028327277436;711.96521693091927 192.72112270555201;-442.10574532361971 786.73162002492052;751.80531404337762 -150.60904626915146;-497.73178141862246 -416.65812787143574;-759.00899961066045 -598.35180658193258;876.62536651013113 481.17320862851261;-20.681926203095831 624.0519426564598;135.70867415046561 -670.69218955154531,True,318.2426395527838,10.242640552783826,0.00015604457201132027,True,True,True,103071.74919291525,103071.74919291523,103071.74919291523,False,False,True,True,True,True,3.582500411999717,2.7361628899999886,False
fresh_grid.csv,12112,SSA,2,1000,15,23,6030,random,,308.0,grid,,-20.223518540159333 -832.05401258774214;344.33914909684933 44.96305258537317;803.71276933086403 -346.59509488708119;885.55584313539089 455.65501649420008;371.38171746917254 826.77702699491681;275.69779719857564 -327.90418875821177;-517.54042725496288 -672.59990708490454;696.13404480466477 21.1570064424096;-553.06315397247715 -128.11192399966484;986.58317837620996 163.25911613541857;-141.24404847456867 27.942999879440627;104.52209206784997 252.14997401374586;-102.56946814896587 -349.61221930128323;-46.320032213724105 683.74242520544021;-499.32864506764815 493.93607049868689,True,309.3572126401506,1.3572136401505759,4.7571889811275466e-05,True,True,True,102131.9020270882,102131.90202708819,102131.90202708819,False,False,True,True,True,True,3.625852716000736,2.9097202279999976,False
fresh_grid.csv,12130,PSO,2,1000,15,11,6030,random,,308.0,grid,,255.20719412392395 -126.63748109254756;-678.47294961738532 657.86595031189108;-702.27143796555151 -80.53418162409335;-413.94591780763284 491.09092032683105;-330.07817061073177 -612.90102207168411;-238.36126810206414 -269.1679122631628;635.77946155760026 30.041258258970238;62.903452355692473 -741.12716567257962;415.573697559783 -476.39741581643682;54.496574542813562 454.06875268760456;1000 -5.397093399972519e-06;-161.30178057280852 192.03440466620259;381.22620583781509 680.37763333316491;-40.500683160182518 874.2606905837838;-641.59595982474525 -418.2331921401119,True,312.7114663465276,4.71146734652757,1e-06,True,True,True,101299.4623386857,101299.4623386857,101299.4623386857,True,True,True,True,True,True,3.647399043000405,2.8123255149999977,True
fresh_grid.csv,12135,PSO,2,1000,15,16,6030,random,,308.0,grid,,-112.83217198696696 -847.37908289956954;-873.38913713200486 476.22810474340594;-139.13348358542584 721.05653440928143;378.0613765785983 -699.16238183237181;-476.53422272599425 -740.40158405311126;-1000 0.11727656729421554;371.49750598746658 157.56393413820072;-342.7917400732959 -438.02922949446156;-442.70011334146795 221.01093359117931;409.26706541923267 498.64794632810151;-107.77414859092785 302.93725695278164;668.16029641151192 689.7445936887475;137.03918663032465 -381.19992001038213;-524.35526708342593 -116.0854385459089;-875.4675608786705 -295.65014422414589,True,320.9154025520253,12.915403552025282,-5.8768965775234394e-06,False,False,False,100789.34811926204,100789.34811926204,100789.34811926204,True,True,True,True,True,True,3.736158964999959,2.9776046379999954,True
fresh_grid.csv,12221,SLSQP,2,1000,15,12,6030,random,,308.0,grid,,963.7606467142291 -266.76776633246664;102.26226147774852 386.32294064049194;-939.62352492889534 -26.044348071421286;-483.03520913621895 865.89331967664555;629.28283197347514 777.03591243561834;173.262228028187 984.87553107211886;605.27245327458195 354.90360071587202;192.92960613675788 -426.48376148278032;-208.14091881036774 -958.92282877596779;382.38147215601515 -3.1971334190852532;-642.82123404160757 -422.45601333145112;712.0755301146113 -702.10273799179186;270.47479244527671 -874.38991516712622;-419.64238957981007 464.95717600120321;-16.301495289969434 -129.70172871349084,True,363.1215069076921,55.12150790769209,9.335821653419407e-05,True,True,True,103964.6713262175,103964.6713262175,103964.6713262175,True,True,True,True,True,True,4.156119454999498,3.0158631569999983,True
fresh_grid.csv,12224,SLSQP,2,1000,15,15,6030,random,,308.0,grid,,928.1307316565086 371.97448715098568;-785.555353470603 -387.90881411527607;-100.35502204506184 994.75440878691848;-832.93213914675039 466.86725811685903;-623.41471921393259 781.26061695805845;-219.1581886121368 -138.14235188301771;228.89415745627187 -973.45098869263927;-262.19270370109581 -655.75928139046016;874.54581522539206 -471.95217015017192;25.971042029905401 703.12717615475299;401.69030247955658 -459.71835139879715;474.31977903650386 335.59964011543792;965.46190920690242 -156.9219916782412;-721.68592410791211 134.32808915472887;-135.81015119911325 254.65338094762632,True,317.8123932092138,9.812394209213778,0.00031964790400959466,True,True,True,104158.39191075166,104158.39191075166,104158.39191075166,True,True,True,True,True,True,4.024752134000664,3.0655232709999964,True
