File,Row,Study,Algorithm,Dataset,Radius,Turbines,Seed,Budget,Init,Spacing,SMin,Class,CoordinatesFull,MinSpacingFull,SpacingSlackFull,BoundarySlackFull,Margin,StrictLabel,StoredLabel,RerunLabel,LabelChanged,LabelDecided,ObjectiveReplayFull,ObjectiveStored,ObjectiveRerun,BitIdentical,Reproduction,ReplayBitIdentical,ReplayDiffFull,ReplayDiffRounded,WakeFlips,CallsMatch,MinSpacingMatch,RoundedCoordsMatch,CurveMatch,CaptureVerified,AllMatch,HRModel,SecondsStored,SecondsRerun
mpce_b30k_s0of3.csv,7,mpce_b30k,SSABV,HR,0,16,22,30030,random,,320,iii,5.3780073533693962 -1.4761041885895931;247.53765901005769 -471.02326460505208;851.31986167065702 -834.83381155292363;425.1214728581997 63.806046065024184;338.24708040292336 639.98109082006795;705.92477128471455 517.86282893514999;-803.40145066093555 -26.788094424941391;-746.26229827038208 -767.13608649031403;366.99125858320059 -815.42298504439293;-328.33463544052717 -127.89515582502307;-305.45185372868229 -824.8596188232716;-170.5576319073584 -534.50645654096638;-890.92057465499306 413.18530490803363;704.90649961860504 -367.01458987782939;1.9972824071494628 379.35766705767549;-82.122149501021497 813.60883976397872,320.15841380184781,0.1584148018478117,0.0001894470763116,0.0001894470763116,True,True,True,False,True,138.49874407545371,138.49874407545371,138.49874407545371,True,bit,True,0,-7.4196026669999997e-06,0,True,True,True,True,True,True,old,27.959622467000003,38.311313301000162
mpce_b30k_s0of3.csv,40,mpce_b30k,SSA,HR,0,16,1,30030,random,,320,iii,606.62135879858408 692.11180967695464;-74.933781964736923 -750.8719467442985;772.22336405969122 -538.12647546608503;114.19332404322077 98.094061998287316;-863.2650292478628 182.46384451329982;-11.514416765507056 427.79974416870112;-776.57257467755039 -522.91684983481389;-300.07762671135094 54.792784974365119;777.89087057570282 -160.23061316578435;217.50394756937203 -367.8178242297522;305.96542398143873 -825.3975843975677;-42.640651622655433 834.83396426461718;-597.68419414989512 -85.409300907064846;-325.77029243396657 -438.95211601953974;-512.39687521653696 -778.70979737118648;-682.474463663233 556.05524424081602,328.97764949621825,8.9776504962182457,3.6735382766688414e-05,3.6735382766688414e-05,True,True,True,False,True,137.68973349543799,137.68973349543799,137.68973349543799,True,bit,True,0,-4.3926496289999996e-06,0,True,True,True,True,True,True,old,29.344619765000004,27.311841280999943
mpce_b30k_s0of3.csv,41,mpce_b30k,SSA,HR,0,16,4,30030,random,,320,iii,-330.89738687729965 -82.191374056755407;-473.33575669965717 -381.94066669861962;-124.98064581497003 -762.5698442922378;321.55741250471351 -820.69165023565461;239.02051286576784 -422.44818394868832;593.97018905327116 102.0435960007421;-770.48330135911601 743.66742593571178;785.90421894564008 446.98952903253047;-856.45735893176038 127.07337391960856;115.1368165606125 121.11779204128699;-556.0438238648087 237.75365755328914;434.08094566015683 471.38270278122548;84.213076636367788 528.61080540924775;-378.17009186476474 637.38015602418636;706.30360767338516 -459.95162511446233;-802.06176208664374 -232.81211511015971,320.15374000104168,0.15374100104168059,1.8462735314666131e-05,1.8462735314666131e-05,True,True,True,False,True,137.43468641834542,137.43468641834542,137.43468641834542,True,bit,True,0,-1.0990062689999999e-05,0,True,True,True,True,True,True,old,29.242051169000035,27.084362996999971
mpce_b30k_s0of3.csv,42,mpce_b30k,SSA,HR,0,16,7,30030,random,,320,iii,137.81131818560337 834.83393791213462;68.847575498935186 460.14244125529274;-118.25018675336521 -146.16603992743165;747.6858846260061 530.10905501654895;-815.60818984838602 384.65909091567153;-513.26071650050778 205.47632828472683;-456.30419520459077 -148.60000030901119;227.62611182746568 -596.06291908136427;565.43195907003496 834.83334293254859;-228.81870679533972 -834.83095060599874;378.3752130668575 -29.939596887740965;-334.03803605720992 585.34514273866614;735.73324441290072 128.15935115873967;771.37135135062977 -244.55345423755332;-741.37707567952475 -463.60934114894616;701.36961276696445 -742.38810082066959,338.06277049252321,18.062771492523154,6.3087865330795464e-05,6.3087865330795464e-05,True,True,True,False,True,137.8680214535018,137.8680214535018,137.8680214535018,True,noise,True,0,-0.058058433979999997,2,True,False,True,True,True,False,old,29.319047011999999,24.141075033999982
mpce_b30k_s0of3.csv,43,mpce_b30k,SSA,HR,0,16,10,30030,random,,320,iii,-801.02304362350378 -323.97142073994036;764.31673821150321 568.77214955285194;197.47620041956196 -786.23170242237472;187.60514175541667 -56.225864882193925;-255.1838729304921 -667.76723156413027;-926.50938103478404 709.3796524159219;279.7693712910646 829.22977602863205;862.54567121247953 -270.53779408965931;883.90204268898526 -734.52036436212904;371.33317081104337 465.93481449687664;-617.41587608587793 -700.08638279645152;-120.9368348557379 -374.82613293978204;-183.04005201629587 -47.098844279546611;269.1259962991287 -399.84741305925451;-163.6477925470661 792.75960498224174;-278.53745036920498 383.7617373889355,322.23710912166001,2.2371101216600096,0.00032350408548859999,0.00032350408548859999,True,True,True,False,True,137.64100895821639,137.64100895821639,137.64100895821639,True,bit,True,0,1.6503745229999998e-05,0,True,True,True,True,True,True,old,29.520733296000003,24.361738274999997
mpce_b30k_s0of3.csv,44,mpce_b30k,SSA,HR,0,16,13,30030,random,,320,iii,484.3254009612981 197.39556610792232;623.56444015595116 822.65013630371595;143.67991633338298 166.53585677263351;840.24055288595355 1.7937626686358135;-59.02414646012803 -541.46068752509473;-513.06939847762635 81.584815440058193;-593.7521676929307 -510.88733905239161;-738.43479408248504 -833.22793695404687;497.66339694689009 -519.78048886630813;-320.76287633243368 -817.14874781364517;360.2618269480725 -153.77885472789154;-445.38150545103287 485.26366939427527;151.05427384457838 -834.8337300053845;756.4403258540641 -770.49120509461966;328.27588005245894 673.84020508896856;-236.87354411707463 -188.54182638710523,330.66558538216765,10.665586382167646,9.4061685731754562e-05,9.4061685731754562e-05,True,True,True,False,True,137.2914030520063,137.2914030520063,137.2914030520063,True,bit,True,0,-0.1053058699,4,True,True,True,True,True,True,old,30.564330714999983,26.924416699999995
mpce_b30k_s0of3.csv,45,mpce_b30k,SSA,HR,0,16,16,30030,random,,320,iii,-865.24343102958676 798.98594189432902;-406.87749341847854 612.84197925471449;-518.31473864937652 132.18525040668294;-751.33629100913436 494.7784465899781;789.54018711338426 417.40280715530781;-442.1113276445393 -681.92349263582139;711.67152250778338 -37.249414821864235;290.8693667623034 -211.95569251346893;375.48837086338409 395.96511978352811;668.87523245641739 -682.93622057174957;146.88206431673314 -800.97495641588921;-33.253292494588727 110.24849120406404;-343.4406776533026 -230.94581865265309;866.31343828931563 -335.133679704163;-800.14057179517408 -298.8339345982921;130.58568031970489 781.83135654523176,324.83386022239989,4.8338612223998894,0.0003059168269626,0.0003059168269626,True,True,True,False,True,138.43537213310637,138.43537213310637,138.43537213310637,True,bit,True,0,-6.731749039e-06,0,True,True,True,True,True,True,old,30.913092939999959,24.338003114000003
mpce_b30k_s0of3.csv,47,mpce_b30k,SSA,HR,0,16,22,30030,random,,320,iii,-414.55368730821993 -811.54012432074751;774.58158057430592 -551.34440423592446;-474.3093556940056 673.80140787974926;175.83462576242044 -730.67743282630533;182.72111848769853 447.33256970521467;696.25974714063716 -96.843565291227534;-927.62698637118854 834.83376094533298;-787.78280324994694 527.34364088612438;789.805496901173 355.04507695615257;451.45251056258132 -403.26107726840917;-13.618053711549818 -207.12453796273041;390.71901428144622 49.471566415875785;538.72519498530744 747.1133753409996;-281.44431097270251 205.19604214526743;-690.32791006574507 -300.54415406710052;-167.05088722904654 -522.8906764470147,337.79663924745296,17.796640247452956,0.00024005466696300001,0.00024005466696300001,True,True,True,False,True,138.02455747230974,138.02455747230974,138.02455747230974,True,bit,True,0,-3.8284129290000003e-06,0,True,True,True,True,True,True,old,30.085769716000016,23.831404137999986
mpce_b30k_s0of3.csv,48,mpce_b30k,SSA,HR,0,16,25,30030,random,,320,iii,473.12377589749991 828.50423542112981;-100.85097089278844 -774.3058572498378;359.96441334363215 -671.75266668464633;-638.02361509057255 -212.33981280146088;86.118174345921176 485.9918349179498;-702.0504627018164 299.94799486716494;833.06114065322163 -369.08637141949822;139.9770350589549 823.90015102912287;-602.24412416916834 -621.31353914212264;155.31561975724426 -403.20631606742626;-792.65802225757272 742.03783649783895;-197.04441150281028 737.01380371730431;922.80485238099016 -712.4693153947261;799.75273754874149 284.1156014866703;48.016129848381759 -100.49472556544968;757.80591640267028 675.61275609351117,321.1658256398685,1.1658266398684989,0.00014169271779239999,0.00014169271779239999,True,True,True,False,True,138.21759038941238,138.21759038941238,138.21759038941238,True,bit,True,0,-1.7833075189999999e-05,0,True,True,True,True,True,True,old,29.430376902999967,27.763124282999968
mpce_b30k_s0of3.csv,49,mpce_b30k,SSA,HR,0,16,28,30030,random,,320,iii,296.29586305519751 824.47553957383116;-57.770002558955262 -527.84953825490857;285.08990093656479 35.01403279122794;-338.44794956007701 834.83382295177205;-683.22921434435943 -376.49093635938385;-716.77968688425108 -1.2323299432596373;-217.85235686491239 -127.610485916519;411.98067124313525 -628.85158355475846;-332.03849871701283 -820.19997163374921;-729.76642900420995 410.74222115576919;830.99726195200969 -307.93443895030026;-11.940982504828774 516.29453392882135;-793.19958635408477 775.6841727235535;522.15748616266603 487.99913615801432;675.69281090782886 822.90301333455022;780.12515745299311 146.8314622953217,368.4205516695273,48.420552669527297,0.0001780482278971,0.0001780482278971,True,True,True,False,True,138.54163835542346,138.54163835542346,138.54163835542346,True,bit,True,0,3.7465943589999998e-06,0,True,True,True,True,True,True,old,29.671418753000012,21.591506136000021
mpce_b30k_s0of3.csv,54,mpce_b30k,LXSSA,HR,0,16,13,30030,random,,320,iii,784.39168871644517 459.29183020462528;857.2457740780693 -589.71148533017879;170.32841608469107 681.34308917445389;-365.87476864168735 -322.6682556826687;461.1647116500402 507.46662332896682;-156.78088016756811 808.00178248921509;-373.76218870510223 565.45576204089991;-599.29200831763717 1.7492573879499707;-299.20391444169411 175.73798241003627;-63.064690346919228 447.84135420258741;-665.89496457222924 -566.63467905974005;-880.03670264274035 526.01929014986172;463.60031143871981 104.11844696414462;-794.16289324172715 834.80158881866566;-864.19952605383003 190.10427854547865;515.84856197692807 -458.58476824380568,320.50088784936617,0.50088884936616296,0.00057106866967410002,0.00057106866967410002,True,True,True,False,True,136.19742416652232,136.19742416652232,136.19742416652232,True,bit,True,0,-0.083510948670000001,2,True,True,True,True,True,True,old,30.037466417000019,24.61130379399998
mpce_b30k_s0of3.csv,56,mpce_b30k,LXSSA,HR,0,16,19,30030,random,,320,iii,-283.55398114532699 8.8466363997950648;107.06413401908578 160.86478766971317;203.66037429150668 -186.8730076150201;182.8639255116924 726.32115730268708;-217.01854145587154 -503.16304463888753;-831.0004130128882 408.67655223443421;-446.74328774998162 -267.56816740192949;-192.07081097542869 487.19808441131903;-703.99586769283621 -478.43480127346004;-530.0102399418646 298.15732979903549;495.19546446125594 813.24219145702079;555.26562952567599 -360.91167410325437;838.26433783841628 -48.087716424823228;-248.84720700526071 -826.60518263487108;686.51942996515993 -741.99269205435962;788.29070745605497 427.53839505048569,320.63933447574686,0.63933547574686145,0.0040764378654809998,0.0040764378654809998,True,True,True,False,True,137.10471282640739,137.10471282640739,137.10471282640739,True,bit,True,0,-3.5671268390000002e-06,0,True,True,True,True,True,True,old,29.091165141999969,24.730916796999963
mpce_b30k_s0of3.csv,59,mpce_b30k,LXSSA,HR,0,16,28,30030,random,,320,iii,-261.18419137402509 -136.46796538241259;824.15284016225678 -810.98069221917012;-473.42608876754736 529.57287113911093;93.830817543485182 -830.64764170461171;215.60523272246186 434.61817662108263;-297.30438297468072 808.66937036502713;764.19453675157513 547.31326700608304;352.97431913860243 14.789494335613622;-287.29512820406001 -589.03783636356684;530.65777495742248 317.09331954077936;820.47818804061387 165.62874339874958;-3.3299939139971935 105.62756153131163;-786.97417000670873 184.35391646952326;469.30838606442359 832.27314823307245;-722.9645932208781 -408.29184630107244;-432.6474988706035 150.87914870782785,327.01282798324053,7.0128289832405244,0.0057193364526877998,0.0057193364526877998,True,True,True,False,True,136.74846478890456,136.74846478890456,136.74846478890456,True,bit,True,0,-0.075551738970000004,2,True,True,True,True,True,True,old,28.822040978000011,27.544449445999987
mpce_b30k_s0of3.csv,60,mpce_b30k,PSOC,HR,0,16,1,30030,random,,320,iii,764.24507822015289 290.93144817990884;542.37343387646274 -834.82938682743406;939.9684729568686 -806.90839564379019;-210.01887345806549 747.76202758228249;-926.40425039537593 712.30475438471922;835.69578650714118 -137.23625969569034;-686.14213467533625 235.2229525433564;-361.76064433697559 -672.3387758045975;691.02834170174049 757.17830806991049;177.60070614394476 829.1196551717901;-111.17583503049592 298.25184272586944;-713.52496173350312 -135.46201667793937;-552.03116558350689 753.60650662492401;41.573660519206882 -570.02492021000342;-688.49264422611168 -831.94044129359975;379.48476120493842 -367.45309184086983,342.062225187433,22.062226187433001,0.0046141725658823997,0.0046141725658823997,True,True,True,False,True,140.04013036292309,140.04013036292309,140.04013036292309,True,bit,True,0,-0.09500547811,2,True,True,True,True,True,True,old,27.15539933499997,25.55674671099996
mpce_b30k_s0of3.csv,62,mpce_b30k,PSOC,HR,0,16,7,30030,random,,320,iii,175.15468509348668 -576.61871229896065;225.7436332802767 267.00457010292951;-807.40953744032799 -67.750398073780929;520.10653634644086 802.92831106506992;-863.02522780672234 293.06204007539833;-943.44249999999988 834.83399999999995;17.597612059066762 755.64494663759001;-155.2934942837818 -695.65705264748328;943.44249999999988 -834.83399999999995;482.95556374786077 -833.8343562383784;-487.39047622010764 363.49155874173198;-94.002342576834181 -240.58023616992563;722.34167363803647 521.55647202515354;724.26521444218463 -284.03925595709768;-518.2266943719236 -364.77301663044511;-604.61583283767959 -834.64929212124082,346.50997469056369,26.509975690563749,9.9999999999999995e-07,9.9999999999999995e-07,True,True,True,False,True,139.22345749931554,139.22345749931554,139.22345749931554,True,noise,True,0,-0.011927996959999999,2,True,False,True,True,True,False,old,28.490529867000021,26.746566390999988
mpce_b30k_s0of3.csv,63,mpce_b30k,PSOC,HR,0,16,10,30030,random,,320,iii,835.45373274962242 -225.5003416558377;-300.0413646932019 722.42057212335783;-359.53029741427315 -830.93383708680005;-484.83982486919564 276.82038579039784;266.20732547277834 -829.2353603011735;-943.44249999999988 834.83399999999995;196.56033653938226 705.83737208606544;814.10382852505245 175.30403485054347;907.2664080982546 -811.95293444384561;-630.54270933529983 -199.5415126461121;499.74482598916438 -598.70273963726595;-34.24944186829503 -501.41237699275672;-150.64211153827648 90.569216483930461;743.12890431861911 788.03508281859945;-741.4123368622993 -616.47596944085581;336.19161271944864 -109.17330442154557,328.15400856550588,8.1540095655058735,9.9999999999999995e-07,9.9999999999999995e-07,True,True,True,False,True,139.04881206935246,139.04881206935246,139.04881206935246,True,bit,True,0,-9.6169800939999996e-06,0,True,True,True,True,True,True,old,28.012802937000004,26.499118029999977
mpce_b30k_s0of3.csv,66,mpce_b30k,PSOC,HR,0,16,19,30030,random,,320,iii,-17.92537211698707 719.67339179170563;-284.94044174541921 -650.11497089584407;519.48457018378747 -831.79605885498472;760.70010542539774 336.1863150865143;-842.7674996136526 16.372753854037473;-921.87850472162324 831.84828252252771;110.43575107045523 -449.73230770178066;-491.35824834723422 673.66408776226388;-256.77095945356132 385.9600809851712;-891.62058017119614 415.47152530274661;199.71194958456738 155.57481302490672;943.44249999999988 -834.83399999999995;798.18143650003287 -19.422674370839257;-70.976030711336833 -55.33607562599444;489.49195750452793 -158.56550129903019;485.73450166171853 781.74654258792975,338.59994200838958,18.599943008389573,9.9999999999999995e-07,9.9999999999999995e-07,True,True,True,False,True,137.74922548974209,137.74922548974209,137.74922548974209,True,bit,True,0,-3.9599713090000002e-06,0,True,True,True,True,True,True,old,27.847295750999933,22.327124356000013
mpce_b30k_s0of3.csv,69,mpce_b30k,PSOC,HR,0,16,28,30030,random,,320,iii,-943.44249999999988 834.83399999999995;48.370524545191415 599.76545389108855;295.87279471733871 75.986927893123564;454.02587827403391 -808.10192305891303;-482.70737267491836 438.49063445243303;-718.08175330856375 156.61614027588732;629.82435066445032 811.61692243326934;-421.67909499821127 -21.680217507522958;-349.66266636613352 -630.86759865896408;943.44249999999988 -834.83399999999995;344.26522304290415 435.26932268295036;355.42713338600254 -412.46535871877666;71.721509241098218 -805.76118550263175;-787.47733128257755 -359.9591258972855;-314.52216817180619 791.73667015232661;627.31804299434862 -88.478152199302258,338.54490068748242,18.544901687482422,9.9999999999999995e-07,9.9999999999999995e-07,True,True,True,False,True,138.41255703821429,138.41255703821429,138.41255703821429,True,bit,True,0,2.7350631340000002e-06,0,True,True,True,True,True,True,old,27.754138589000039,26.896062271000005
mpce_b30k_s0of3.csv,80,mpce_b30k,SLSQP,HR,0,16,1,30030,random,,320,iii,812.33681957738531 230.72516128789977;607.02479807632812 -833.45391162051249;937.14834250738659 -785.4809123824889;-291.61805379087372 834.64094690004345;-915.8362626414704 610.21349310230596;682.53052272134789 -114.20883540352774;-465.74721584823072 552.09148184930757;-41.561851763631381 -690.48662969737518;749.61909053160184 740.71856210994588;-5.6992738211090765 669.53890205202617;-153.64031150913803 345.62361733122106;-193.02395953198479 7.6945520266151437;-627.06370785742911 832.11463411504803;-372.04629203056243 -747.33818266935054;-699.77607305752656 -831.23551191086972;406.49359187544644 111.1618421106692,323.16555571254162,3.1655567125416155,9.9999995381472192e-07,9.9999995381472192e-07,True,True,True,False,False,137.51942941250567,138.64397411388197,137.51942941250567,False,diverged,False,-1.1245447013762941,1.027929162e-05,0,True,False,False,False,True,False,old,108.16800039100008,19.077142430000009
mpce_b30k_s0of3.csv,81,mpce_b30k,SLSQP,HR,0,16,4,30030,random,,320,iii,830.86514320071865 76.96130446588019;790.51969476906629 398.87915860184876;308.55473317974071 -443.28101569990031;913.67523812103786 -833.40336808133429;-461.64919403349535 -120.22120856392561;693.72364323952866 -575.35599376237485;738.06243012709876 833.77668761015377;-636.03858007473377 183.41092420017875;-814.88683613430931 -200.38202728567899;-860.27183604289655 834.54520716580146;-225.13905697499771 834.81433389509368;486.21493521044647 604.78903317744425;-616.83600660640536 -802.74735909563356;39.944485108428921 -710.06216069865116;448.27922227275531 -141.3457301828802;152.57116252165201 799.86349408378919,324.43621872512608,4.4362197251260804,0.019667104906263999,0.019667104906263999,True,True,True,False,False,138.54808220366519,138.45049464283804,138.54808220366519,False,diverged,False,0.09758756082715081,-7.0252278309999997e-07,0,True,False,False,False,True,False,old,108.59972019400004,22.917927530999989
mpce_b30k_s0of3.csv,82,mpce_b30k,SLSQP,HR,0,16,7,30030,random,,320,iii,167.04711398992939 743.52988548585211;124.0281909665723 -305.91650759555802;916.55829224216791 -725.813010784178;-889.17855307780599 398.8736939849901;-242.97934844126664 -261.94838041144243;486.79826804151617 -484.53024689288122;734.49426700869128 272.45224970276229;-364.49560567235164 -834.83399999999995;-496.441920168705 834.83399999999995;-149.70568958005424 -584.56463367290678;-193.98558313770334 573.0335728713145;-571.52100065550349 510.11392725338146;-847.91067167126937 834.83399999999995;60.979729748057515 -831.45928446005325;857.33114324640042 -139.0223443892211;436.12558917646805 35.036739346416013,324.56942940574254,4.569430405742537,9.9999999999999995e-07,9.9999999999999995e-07,True,True,True,False,False,137.27862148468759,137.34077459118816,137.27862148468759,False,diverged,False,-0.06215310650057404,3.6462710679999998e-06,0,True,False,False,False,True,False,old,120.22290862299997,26.182533722999992
mpce_b30k_s0of3.csv,83,mpce_b30k,SLSQP,HR,0,16,10,30030,random,,320,iii,-437.56707947785384 170.88359600227258;794.54127612560899 376.71351913351964;-446.76655368515668 -713.23927335180758;-77.950772313777492 831.4591178018494;319.74271063430007 -527.13342828155487;-855.4401510129743 834.83399983906122;475.46293406122209 559.45874082713271;834.09114008086078 7.8087437562744162;882.06188450603372 -506.04915254078816;-728.84501170790429 -241.5272529784942;532.14809569959027 -287.64646917353735;231.58952524115273 -834.83399959468863;86.073080771529334 -306.94929533970645;738.23610773841096 834.83000483367778;-217.88879765022142 -200.83136930627197;666.47508157690277 -834.83399999837957,320.07909285266902,0.079093852669018305,1.0000669899691274e-06,1.0000669899691274e-06,True,True,True,False,False,137.08230340389315,137.2903097896465,137.08230340389315,False,diverged,False,-0.20800638575335029,4.0671600349999998e-06,0,True,False,False,False,True,False,old,116.74959811600002,22.648904677000004
mpce_b30k_s0of3.csv,85,mpce_b30k,SLSQP,HR,0,16,16,30030,random,,320,iii,805.17992503993639 290.15124406530549;745.75370771962275 743.96744422917368;-113.53257611867285 834.83400000000995;325.31318139090638 -427.41632179980218;-720.54629281852033 353.08137802020599;403.19108482445216 815.52644112704695;131.73267899502434 -729.6875454379873;-468.18881733568946 -140.06316246119488;-737.82950591397912 -420.17790361690413;-927.6873728801686 707.18191642025158;818.7315682558077 -309.07250185958043;-262.78081083080997 451.97066406948591;366.91135388124042 322.15815652741463;40.667237288120297 121.10209491037385;-618.48215839499869 834.66472252714118;-742.87502100714221 -779.55984976469585,334.45437733375047,14.454378333750469,9.9998999555828045e-07,9.9998999555828045e-07,True,True,True,False,False,138.09537376712663,138.04846567763147,138.09537376712663,False,diverged,False,0.046908089495161676,-2.9080251520000001e-06,0,True,False,False,False,True,False,old,115.992878056,22.274989374
mpce_b30k_s0of3.csv,86,mpce_b30k,SLSQP,HR,0,16,19,30030,random,,320,iii,98.230574510099217 101.4557647216422;-341.11839603405821 -547.2710978962956;178.40240759179719 -833.16766660255928;488.90908828787332 442.01618852133078;-744.50095372521525 -783.76814827183603;-925.91030743459203 834.2708077843107;231.37011600667785 -516.24481308929194;-303.57447533101498 619.61089447368238;-47.648692918748736 834.83297039406034;-687.88304620439237 406.84050611758909;741.2623090905289 805.85444181939283;801.99971452966713 315.86208546523767;828.54826561702669 -18.312438294268759;-190.33716611694763 -834.7208940029102;684.95118087744834 -600.79286204829793;415.18796972599279 834.43681560265588,321.31864747274744,1.3186484727474408,0.0010306059396067999,0.0010306059396067999,True,True,True,False,False,138.33100916890444,138.34618215534195,138.33100916890444,False,diverged,False,-0.015172986437505642,-4.5977978120000004e-06,0,True,False,False,False,True,False,old,115.81165087499994,26.053629551
mpce_b30k_s0of3.csv,89,mpce_b30k,SLSQP,HR,0,16,28,30030,random,,320,iii,-767.26811228586439 -598.62394499885625;-315.69642199082267 557.40750216172182;749.16839887839626 745.88224311023021;434.36999778112164 833.85056847058661;-2.8953127819962048 -40.535104708455783;242.75254256782463 492.3519593973927;-506.9507958353081 -834.83400000102722;692.92825731032042 -131.76903007822796;-108.91913678722949 -729.25822608644467;652.35891769810894 -622.07116953976765;380.62812987897036 -353.57644479168613;-5.1240389633966839 786.82948338707388;14.137483574301257 -360.95499987445157;-527.02230836087074 834.76731823818329;-589.02105689986433 320.161369870839;361.81192083282957 -828.65691400359265,320.87228825484891,0.87228925484890851,9.8953470026208353e-07,9.8953470026208353e-07,True,True,True,False,False,137.12403424206869,137.12144096938763,137.12403424206869,False,diverged,False,0.0025932726810538043,3.282662846e-06,0,True,False,False,False,True,False,old,92.125218557000039,26.456299772000023
mpce_b30k_s0of3.csv,91,mpce_b30k,SSABV,2,1000,15,4,30030,random,,308,iii,956.41552735781022 -291.11065659317586;222.16073512373518 640.09035946166625;-238.33224435793866 -33.572777282820695;164.31798698358057 298.4952603532393;895.25666742782869 296.15387588469366;-335.03511107079163 484.3128154045861;-313.60539146227217 792.61873599942976;-893.68227323014503 -209.87879445139421;-469.53100787483748 -641.17476961488342;-770.46196875179248 288.53242373863191;-324.24579820743014 -933.27875524126262;532.95394038478889 -32.830822422743424;655.3317519499933 -665.37397924960169;626.12402040210929 779.72319662209952;-428.39353826088177 -305.61555065999306,309.04979138697666,1.0497923869766623,0.00022486248190279999,0.00022486248190279999,True,True,True,False,True,105564.3373576033,105564.3373576033,105564.3373576033,True,bit,True,0,0.0001072071318,0,True,True,True,True,True,True,,34.860794632999955,13.179608874000053
mpce_b30k_s0of3.csv,95,mpce_b30k,SSABV,2,1000,15,16,30030,random,,308,iii,998.11475226464825 60.061647480699627;460.52027826758757 -129.63854868482278;39.334305526908764 131.4964899388838;762.86398752107948 645.67325558556752;459.57028625249563 -832.93598638001424;931.60112657944069 -363.30743828006251;-462.44358203800988 -88.063168919523079;182.66909367424748 818.76626600830718;-817.59528342789201 530.16616703166926;-502.10395964448776 864.80706725632615;-743.80995576862779 -668.11132131097997;80.280154747278615 -371.64120218868521;518.44350474726161 368.83746136286618;-222.03662808144156 366.03074235309555;-798.97168516182342 125.63209240570316,351.17101316992819,43.171014169928185,0.00017606643473549999,0.00017606643473549999,True,True,True,False,True,104655.42510696979,104655.42510696979,104655.42510696979,False,noise,False,0,-27.728384989999999,2,True,True,True,True,True,False,,15.210497135000082,10.373658233000016
mpce_b30k_s0of3.csv,130,mpce_b30k,SSA,2,1000,15,1,30030,random,,308,iii,-389.26152144852045 -63.199730022839162;-685.52733515004627 308.63021191254552;620.53675225676977 784.11914248322728;85.192688523911784 899.32073314601644;768.49583338375965 -639.80323495645609;-803.79268796016254 -540.45534207183027;382.80813542169528 -327.42906993526617;-744.14130978057028 668.02203082245455;-3.8153143433439043 -640.85702707819075;510.07235259543694 16.009723303802087;307.60585123693352 300.94495323392721;-294.73639101076685 479.75429105002422;821.64823384791589 484.45493719142343;128.32333566617643 36.886194950900666;992.20376414436225 -24.761705602517004,319.16962295204814,11.16962395204814,0.000139706960115,0.000139706960115,True,True,True,False,True,103902.74567066612,103902.74567066612,103902.74567066612,True,bit,True,0,0.00021990481760000001,0,True,True,True,True,True,True,,16.423143845000141,13.989328236999995
mpce_b30k_s0of3.csv,131,mpce_b30k,SSA,2,1000,15,4,30030,random,,308,iii,-228.88479536215272 22.307012520068483;263.10868245582219 513.59292472396157;-688.81033211147587 391.72463957132072;-231.74570879403004 -972.77624327123499;303.18440571758578 -932.86148379572194;29.564887054854882 -617.31494551452715;-824.55187427406827 111.4947193692241;484.77573011180789 -476.31710684978475;-745.6650078722397 -286.94576588298281;616.1791393420325 737.87196757844129;638.40801583037899 256.71113076516031;-671.67865913404762 -664.52959857259225;-465.01683182591768 731.2482821333183;49.814606125425406 -292.7839351546379;410.16671985587186 -61.274792256774958,311.37529517473331,3.3752961747333075,0.0001544913396881,0.0001544913396881,True,True,True,False,True,104360.49449695264,104360.49449695264,104360.49449695264,False,noise,False,0,-6.77007519,2,True,True,True,True,True,False,,15.576318842000092,12.167918056999952
mpce_b30k_s0of3.csv,132,mpce_b30k,SSA,2,1000,15,7,30030,random,,308,iii,-257.04018503240104 -370.05629906742627;338.93511622322313 -500.64926917662018;425.99147635608813 597.01392175793001;-438.63055588547246 205.84600044646601;-935.04802392611862 -171.57727623523238;-866.17559336246825 499.73865047065567;-343.66516866635561 697.10641938104209;-869.4120556259254 -494.08767497682555;-0.69279796864439058 -994.3241293963157;-47.725694116638877 68.828650923515966;122.18798011053889 941.71418829390359;889.10386641888783 -457.7048855168245;366.42107970937957 -831.23800456291815;486.5011091621563 234.9209017375818;-383.97808581586247 -719.66662079059483,329.12161525971732,21.121616259717317,2.4484149096475449e-05,2.4484149096475449e-05,True,True,True,False,True,104258.63094321929,104258.63094321929,104258.63094321929,True,bit,True,0,-1.363253978e-05,0,True,True,True,True,True,True,,15.953107236000051,13.691673820000004
mpce_b30k_s0of3.csv,133,mpce_b30k,SSA,2,1000,15,10,30030,random,,308,iii,303.40694045683904 952.79230756889626;-365.01048212861554 773.71839759741135;-847.78187899961461 76.283679944166138;-764.24636786084704 644.92417071101033;428.49695959312095 -384.32684661471376;459.22284329748874 132.2495301433822;-371.46209865158733 -333.80812243795941;803.59755916516247 262.09874424123365;-278.26006720405076 298.8380099782654;14.858078692812201 106.53465540113797;65.12274186843166 -359.34774087835035;-699.11068626087661 -620.75675838467521;578.12484998618663 535.69206372707481;-822.85840854596813 -265.30442484499338;77.208493342332318 613.58931897460025,342.49614992420521,34.496150924205153,0.00015262212071109999,0.00015262212071109999,True,True,True,False,True,103098.86525720444,103098.86525720444,103098.86525720444,False,noise,False,0,-15.182590530000001,2,True,False,True,True,True,False,,16.277011065000124,13.91122386699999
mpce_b30k_s0of3.csv,134,mpce_b30k,SSA,2,1000,15,13,30030,random,,308,iii,-346.4787997688602 260.78331125517684;545.03925391698931 -262.85180354263997;-993.57565482819587 -113.16948720320819;36.438729314673957 293.87793245133037;737.64414348790535 75.654711666662251;6.0340050837167389 -933.55630308634159;-188.5154281300764 -525.60083993578894;-683.58790065622156 -331.41517070217901;523.46857143567809 -738.27719104437881;-492.94796280679816 -50.624510861873233;109.86602175010898 -168.66665954219386;153.34553141419906 845.68082167792113;-676.56657878942292 485.44196558204749;335.2150848658236 497.77434027617682;-504.1094769158579 -729.73580664141525,339.39207497640001,31.392075976400008,4.3649443230402537e-05,4.3649443230402537e-05,True,True,True,False,True,103411.07299750567,103411.07299750567,103411.07299750567,True,bit,True,0,-21.254736489999999,4,True,True,True,True,True,True,,15.024471571000049,11.893623944000067
mpce_b30k_s0of3.csv,135,mpce_b30k,SSA,2,1000,15,16,30030,random,,308,iii,165.69537450803713 -974.58040149793726;-755.10836942022581 655.59998695672448;-825.98469321258028 -469.04649163075339;-515.02766610375852 -15.140614137628488;-436.73979531111627 443.72083821647203;-307.60508225913435 -820.94332867888681;-125.9363890296414 230.07769429286884;-893.47799563491958 112.16546908300545;227.66864720853593 -561.41881667194195;597.45346691610644 39.457920337265264;22.965270258436444 657.99579009538684;626.16414004423257 -698.11516527407389;704.66523517529026 445.10674016958774;621.38673235597696 -355.78190682838897;11.687662500231038 -241.40295543752845,342.36659221112666,34.366593211126656,4.7669352650482321e-06,4.7669352650482321e-06,True,True,True,False,True,104115.70569496008,104115.70569496008,104115.70569496008,False,noise,False,0,-24.50009438,2,True,True,True,True,True,False,,14.947542287000031,11.828052608999997
mpce_b30k_s0of3.csv,137,mpce_b30k,SSA,2,1000,15,22,30030,random,,308,iii,381.42096694134892 -779.74768664481849;257.82150711976203 587.05474902113599;760.53376766656345 -73.209929221347124;-631.09028596803523 775.70854128336043;-80.242328797852778 -573.7213266647932;593.83519824283394 804.58658173756737;-554.04725412905282 -37.986214387259047;3.861967548078896 -978.41867088231265;-569.41430190564063 375.17296110520675;149.3982196353823 -60.07603198809506;-518.8664068376446 -777.98337821898485;-130.05571945196962 173.19124292305699;-341.40839913249107 -288.80897212580442;-212.97267598456983 753.53123895466786;373.73059656881901 268.67576454478905,328.82721671695282,20.827217716952759,9.5907879997663255e-05,9.5907879997663255e-05,True,True,True,False,True,103812.05824288324,103812.05824288324,103812.05824288324,True,noise,True,0,-0.00027806159049999999,0,True,False,True,True,True,False,,15.125179389000095,13.470090617999972
mpce_b30k_s0of3.csv,138,mpce_b30k,SSA,2,1000,15,25,30030,random,,308,iii,125.18547662267595 -676.44005565834493;-572.67610374244839 -769.56603412881225;-143.07653654542585 -971.02781769120884;72.827997848321317 596.3617077208246;226.38667479363551 967.85162896117947;-807.06756660492135 365.75221254269957;-728.43505554128149 -173.27416852219386;-26.965517735826037 -230.33831350635259;667.09159201440809 -744.97568597572138;820.60250955983361 14.738727116848873;-376.23635576517972 28.985256865626631;-849.14260428566058 -528.16359870684289;-356.96161289504983 -353.94225067973173;57.77928351459861 178.33635333404138;-352.4718834539147 336.97854143177244,308.90874620521146,0.9087472052114548,1.8584343027010619e-05,1.8584343027010619e-05,True,True,True,False,True,104021.03476571692,104021.03476571692,104021.03476571692,True,bit,True,0,0.0002796027256,0,True,True,True,True,True,True,,15.156603108000128,13.639115152000045
mpce_b30k_s0of3.csv,139,mpce_b30k,SSA,2,1000,15,28,30030,random,,308,iii,-803.59300514106246 451.32850614570367;-94.516245403854285 548.66536095672166;-91.722345490473089 -706.16902950147801;-286.83670408824213 257.36410894498692;-55.10750233410856 872.2605425100295;-741.98166246764174 38.508824796656413;373.36639854301302 -390.17599344184038;-560.46795136188916 -309.1455595868045;-899.91038912107956 -419.56636216433873;355.28773281133914 -9.036818953599786;-647.60171850586391 -728.33235836638278;580.23387766650751 250.50440318849812;714.74969872196505 -699.38009659766612;216.68084390451051 442.29876205859222;-198.32088962652867 -187.16954008122065,325.98602815896186,17.986029158961856,0.00017532996492059999,0.00017532996492059999,True,True,True,False,True,103948.28107237142,103948.28107237142,103948.28107237142,True,bit,True,0,-31.360530570000002,2,True,True,True,True,True,True,,14.643986365999808,13.621876444999998
mpce_b30k_s0of3.csv,146,mpce_b30k,LXSSA,2,1000,15,19,30030,random,,308,iii,-571.59528144539161 -695.1103876196587;-113.83917079488677 819.16194293902709;-823.51956884725985 415.45621368997752;-400.42168945869327 -421.02179569743947;-640.54002835807898 65.854557043161748;-995.55090054516813 94.221150741421795;-408.14814992196824 548.49853723581589;919.98488032352509 -246.40861803375697;238.75504408595395 -679.24815344736237;632.9527156940228 71.431844727442012;627.08313105865784 380.31757270142441;507.18975662913448 -447.40681974062113;-8.7988928931806676 10.077133074424356;31.684238258752977 -970.04716409459843;206.1514710922508 -247.12734697443659,308.9414911756088,0.94149217560880061,0.00039058840934809999,0.00039058840934809999,True,True,True,False,True,104028.0595339577,104028.0595339577,104028.0595339577,True,bit,True,0,-128.86521250000001,2,True,True,True,True,True,True,,14.828355060000147,12.516043724000042
mpce_b30k_s0of3.csv,171,mpce_b30k,SLSQP,2,1000,15,4,30030,random,,308,iii,-918.46970806244008 -395.44193685090016;-989.61451483897793 142.16095945771963;984.95142129416649 132.72308498565334;263.89807669243703 270.7547501083381;863.58833314429921 501.35310905416657;252.58904262287476 -358.55212901052721;836.03987168755634 -542.34639642936122;-216.16870236901551 479.59838937140421;-279.03330794928809 909.70239061883183;421.39390522417955 -829.75279094419386;-544.41975957651073 -832.90143941603662;921.27787799160114 -212.13742730731755;-310.48476576419552 -484.24550286481059;-735.56564620062136 -79.901424841491092;-472.80402893455948 162.22821140549584,337.42040569159315,29.420406691593143,0.019536166463811001,0.019536166463811001,True,True,True,False,False,104248.12724347986,104377.10582848192,104248.12724347986,False,diverged,False,-128.97858500205621,7.8233366370000006e-05,0,True,False,False,False,True,False,,85.829758306999793,13.895855643000004
mpce_b30k_s0of3.csv,175,mpce_b30k,SLSQP,2,1000,15,16,30030,random,,308,iii,782.10175165779447 619.87696442847766;-378.43375440278476 -925.62836699704292;-431.57926598578058 -377.60581160731635;-380.85453151157009 488.71752867581313;-944.5251421423568 314.80019237670666;642.96908678930663 243.23981331602496;806.97297531528034 -586.73040854663168;-860.44644316632173 -9.363651779759234;-58.888057351612503 -669.78499543640532;749.20187011917892 -258.83322059662032;-827.12962405122096 -561.99334129442525;-171.77114052438344 983.91724788383226;372.05921971084774 -90.791599874154286;68.800199489684076 652.07798283870375;-260.93659531059961 1.253966258238004,332.94754310717491,24.947544107174902,1.0869500331660677e-05,1.0869500331660677e-05,True,True,True,False,False,104231.86804465676,104725.36273911396,104231.86804465676,False,diverged,False,-493.49469445720024,6.7471817599999996e-05,0,True,False,False,False,True,False,,91.347695099999996,15.645922503000008
mpce_b30k_s0of3.csv,220,mpce_b30k,SSA,2,750,12,1,30030,random,,308,iii,-567.15621734221656 210.07034999323452;436.48231914456073 -96.123328591856193;-313.04615197937926 -84.855900593959333;-288.0710187786687 -464.60008212284117;130.34223906081976 -497.38147101418144;-205.39920638965543 645.99873971657439;-616.16626515136579 -302.35504688133847;-160.52625393256119 231.74961577591915;39.199174034534003 -62.46448961087296;446.52269628980457 -602.59214310326854;360.31885657471258 514.83740524240557;663.29170296710902 235.82510902084732,333.22569987167446,25.225700871674466,0.00012817887273080001,0.00012817887273080001,True,True,True,False,True,81935.906230569395,81935.906230569395,81935.906230569395,True,bit,True,0,-0.00132428146,0,True,True,True,True,True,True,,12.162585038000088,10.861747605999994
mpce_b30k_s0of3.csv,221,mpce_b30k,SSA,2,750,12,4,30030,random,,308,iii,-282.26789043938851 350.84032087417825;232.17044194856109 -713.15813472165019;-263.0143235228673 -700.69274670337154;660.94215142564497 350.04774291542719;463.91872532224068 -389.24849363373528;724.52540070787416 -40.021937897591414;-597.68866781900726 -453.06529489668998;238.27611254093796 135.28034554795286;171.29138118151505 -198.49019764459157;232.23899219583558 713.11474436575668;-226.35308285631226 661.87118006427477;-530.37997038334368 -121.34348356151779,316.01686834025503,8.0168693402550275,6.428061317617539e-05,6.428061317617539e-05,True,True,True,False,True,83558.028820603169,83558.028820603169,83558.028820603169,True,bit,True,0,-0.00040988817639999998,0,True,True,True,True,True,True,,12.451300804000084,11.081554993000054
mpce_b30k_s0of3.csv,222,mpce_b30k,SSA,2,750,12,7,30030,random,,308,iii,-387.74813885712302 -213.66636277494212;-405.58847015571649 -630.87062620297127;67.058571112285961 -745.95161764593695;-372.42986869688696 446.5429597256412;674.51514187082785 319.11900834568661;21.919348622660998 520.46499942807418;383.32085594332381 644.64299218815472;374.82630024046347 -12.556627289514138;83.785779362871395 -263.02937781137558;504.97433968136818 -394.68134419059407;-473.55802006451086 149.95028204197379;47.926748082113193 101.1467376349722,313.35940939215601,5.3594103921560077,0.00016491402880339999,0.00016491402880339999,True,True,True,False,True,82827.891357104672,82827.891357104672,82827.891357104672,True,bit,True,0,-43.010637250000002,2,True,True,True,True,True,True,,12.53574899399996,11.343314007999879
mpce_b30k_s0of3.csv,223,mpce_b30k,SSA,2,750,12,10,30030,random,,308,iii,-74.901554167195471 -249.75220108645067;-254.64547331290296 423.52846021398688;309.51439932018064 555.78871290934967;-576.01782645681192 480.31557372722494;150.89769418895798 -700.30700817479021;553.10068199840975 -488.0630194962057;652.58803871778559 172.72029535851482;-588.88729108399639 -434.54376381415108;-14.979487365435373 95.253654113388578;-468.21034219075091 -44.623620787419497;-198.53079730859247 -586.89580577774836;332.43541876499899 -179.83550706867467,326.35098533085318,18.350986330853171,0.00027649275512219999,0.00027649275512219999,True,True,True,False,True,82274.629035135455,82274.629035135455,82274.629035135455,True,bit,True,0,-0.00022112803710000001,0,True,True,True,True,True,True,,12.656618516000208,10.929719500000031
mpce_b30k_s0of3.csv,224,mpce_b30k,SSA,2,750,12,13,30030,random,,308,iii,-330.44421841131827 -429.76101282010831;172.09538129698467 629.11774726193778;-749.96693342927813 7.0207360942607862;54.001502617793633 -489.98325816561464;-577.90685778883471 345.74630099298662;330.8704918581027 -673.07107948739656;107.09040193927191 308.68012612923286;312.16721450058481 -113.70074419473993;-312.31348572389123 665.83860205074427;-289.29501144895141 35.160649173547789;737.91901628916889 -134.07225871079538;599.55882415015617 275.97781447929486,326.96470203751903,18.96470303751903,2.7383499061921609e-05,2.7383499061921609e-05,True,True,True,False,True,82662.271353361968,82662.271353361968,82662.271353361968,True,bit,True,0,-0.00086253994960000004,0,True,True,True,True,True,True,,12.268880464999938,11.05821605699998
mpce_b30k_s0of3.csv,225,mpce_b30k,SSA,2,750,12,16,30030,random,,308,iii,-562.68282794932065 -495.8708878659981;-253.34071508975879 344.38422143688263;-655.21706798206117 364.95274436864605;-194.11582445115249 -25.894582453432061;-264.03652984458802 699.1333873439487;561.58839539968949 -472.67060585109715;254.58040849887752 182.91408460631209;602.53453405405253 -65.849025996726013;-302.20030269313429 -315.8453338481923;435.72867117035321 610.44277020013942;274.60241270657656 -277.09148305775199;45.680376642677061 489.78586778913075,309.44093567468974,1.4409366746897376,5.9801858813239957e-05,5.9801858813239957e-05,True,True,True,False,True,82641.960029759168,82641.960029759168,82641.960029759168,True,bit,True,0,0.0001868293475,0,True,True,True,True,True,True,,12.353502188999984,9.5631645439999602
mpce_b30k_s0of3.csv,226,mpce_b30k,SSA,2,750,12,19,30030,random,,308,iii,-91.789530681482134 -75.668120592291643;-274.09711015190516 282.84761385267581;-199.26535083189529 642.59700690335251;366.49125381002898 654.10575894096939;168.80380456282589 -253.07251113895381;-593.69812111035833 -458.28204056264229;-225.60404772931437 -697.33259238863377;-202.04323125877033 -386.39728300709987;-630.48755384417473 406.18394874220684;-560.26490157415572 21.06528717422059;77.633508863963797 260.66811771062845;629.49672104710692 275.78122003498419,311.82668053415324,3.8266815341532379,3.048785208900517e-05,3.048785208900517e-05,True,True,True,False,True,82411.137197854347,82411.137197854347,82411.137197854347,True,bit,True,0,-25.119808370000001,2,True,True,True,True,True,True,,12.178567437000083,9.7525130960000297
mpce_b30k_s0of3.csv,227,mpce_b30k,SSA,2,750,12,22,30030,random,,308,iii,556.57192193022581 -502.72009661435192;-48.354349800064753 -391.86448910298719;37.524587195271458 477.63755447928207;713.36450321582583 -193.1200865346481;-183.35844570393644 -705.50790000126688;344.64169122284653 324.77500695626372;-666.57326466468555 -343.77322797438541;-372.34103375829915 615.24196777230793;-463.80634606815789 -106.09539489783774;-533.66269571043642 286.19897747779379;258.8666293358221 -105.76553701842461;628.34421669410563 136.30660236047595,312.41827029335872,4.418271293358714,3.4708223554640424e-05,3.4708223554640424e-05,True,True,True,False,True,83229.323487717862,83229.323487717862,83229.323487717862,True,bit,True,0,-49.926771270000003,2,True,True,True,True,True,True,,12.529940151999879,11.014725004999946
mpce_b30k_s0of3.csv,228,mpce_b30k,SSA,2,750,12,25,30030,random,,308,iii,303.9797718137483 240.01701658152922;-506.60273095104776 347.8905199711769;455.74117243460836 595.6507748467485;65.417298852123338 565.22076174544486;159.10489267971738 -442.5206813046745;320.48022008134296 -79.928523782816455;-364.63338071256396 645.15398634327471;-380.75157632563588 -527.36106169952393;-188.32127828873246 87.732093407444154;-627.59678036789853 5.6664401957382404;-170.76768659808303 -284.81534734506118;720.55933468193734 -208.07158154038132,320.37074397027067,12.370744970270664,9.3114936819598353e-05,9.3114936819598353e-05,True,True,True,False,True,82309.986733452097,82309.986733452097,82309.986733452097,True,bit,True,0,-28.346529230000002,2,True,True,True,True,True,True,,12.475102355999979,9.7044734890000637
mpce_b30k_s0of3.csv,229,mpce_b30k,SSA,2,750,12,28,30030,random,,308,iii,-135.43385379498145 737.66940998991561;55.578569903619623 229.6957877746521;394.5972809570672 403.92865885641027;-504.12619657540807 555.29857543743447;672.5340861881607 138.2063569352386;-87.618021698280145 -569.00081674030264;-598.53838477995657 -413.27124004703819;-139.88331712357754 -71.461792268498741;-465.49861780176019 -131.73674224188545;-484.65999204379796 216.85179342195718;307.13882839222998 -46.630878241991432;602.80384608663132 -396.07496821183543,311.3860193586288,3.386020358628798,0.0001810290675646,0.0001810290675646,True,True,True,False,True,82118.521251291109,82118.521251291109,82118.521251291109,True,bit,True,0,-58.32138561,4,True,True,True,True,True,True,,13.047943889999942,11.049670782000019
mpce_b30k_s0of3.csv,230,mpce_b30k,LXSSA,2,750,12,1,30030,random,,308,iii,-148.27816282361931 172.43105351998656;309.8700610786168 -290.80384109060208;467.0850043374196 528.73983988310499;-579.64298463111572 -53.390771138940643;-189.49333279793916 548.58309204032025;-652.39903634061966 369.96672494951082;-11.97087175804813 -230.76930936985323;650.0369618094785 -349.7416158145648;368.67539624976411 -653.06821867852682;174.75741757679691 319.99658904500802;510.00352175629035 85.013166479713405;-375.26099747450189 -294.83888585684923,316.33714415938988,8.3371451593898769,8.0874646871758156e-05,8.0874646871758156e-05,True,True,True,False,True,81925.324244900752,81925.324244900752,81925.324244900752,True,bit,True,0,0.00029276122219999999,0,True,True,True,True,True,True,,12.294175730999996,9.0115014309999424
mpce_b30k_s0of3.csv,235,mpce_b30k,LXSSA,2,750,12,16,30030,random,,308,iii,-686.99809668088085 300.88740980878373;-628.68741127253315 -408.95443866769779;-417.1737320433254 490.55268528870812;-268.38912948787515 -534.88279556485782;660.31100497147418 -256.67013638742151;-413.94065558262241 -137.36003890074707;306.81235576656059 -76.610993319380967;283.65894168824684 288.51631369769945;-73.950282022756014 -253.93170746144492;-110.60463224935046 138.52604292349412;32.717760749766583 673.85014794131871;724.18440650243565 143.29337315734452,329.81525809903962,21.815259099039565,0.00025551698195410002,0.00025551698195410002,True,True,True,False,True,82357.842431991099,82357.842431991099,82357.842431991099,True,noise,True,0,-0.00034016976130000001,0,True,False,True,True,True,False,,12.600089232000071,10.08770550600002
mpce_b30k_s0of3.csv,237,mpce_b30k,LXSSA,2,750,12,22,30030,random,,308,iii,-184.71616222900707 48.627882327343769;-103.35906669157841 -489.82327630660183;629.69901645414723 315.2253109637989;-346.19017636129263 319.47210839795315;738.47422498926426 -130.98016501475246;-552.80933996451915 66.839006145533872;149.98099987686697 -178.06451857801306;-322.51088162763563 651.22653953041004;453.40850848415636 -330.74199545458538;-602.5749105451863 -429.6040817773391;474.06535847508633 30.709437725249007;-333.7140354985886 -249.36455919620164,309.92834062978471,1.9283416297847111,1.1266142453474461e-05,1.1266142453474461e-05,True,True,True,False,True,81329.88656949866,81329.88656949866,81329.88656949866,True,bit,True,0,-16.59902885,2,True,True,True,True,True,True,,12.131137721999949,11.30400474299995
mpce_b30k_s0of3.csv,238,mpce_b30k,LXSSA,2,750,12,25,30030,random,,308,iii,-482.05288475999924 -466.0043700991688;8.1040405023742768 483.57812383716242;634.460331716984 399.94983898453597;-222.54592832614898 131.03978862461267;-569.49656240610068 66.307281921436356;256.66756686145777 -222.05204150909179;-75.854157257634114 -286.7699665596632;487.5746174511641 57.13321078897124;369.80583512131489 584.99658709947914;168.70843346138577 168.15591140204265;-591.08556814689791 391.46747521067414;-702.23896981595692 -213.99991216590456,310.14943137475274,2.1494323747527342,0.00014351589254849999,0.00014351589254849999,True,True,True,False,True,80900.168878303753,80900.168878303753,80900.168878303753,True,bit,True,0,-245.66408630000001,4,True,True,True,True,True,True,,12.499346103000107,9.9845972849999498
mpce_b30k_s0of3.csv,239,mpce_b30k,LXSSA,2,750,12,28,30030,random,,308,iii,187.20916454095033 -177.79560912885981;-598.98504131993366 451.3498235406949;-139.18529931169235 292.22204713917165;-198.3520442072834 -47.372299845130648;465.88888388774495 -563.22266105813844;233.83819059732809 316.42867269062577;561.32244273975891 477.98857359175139;-277.95744786796047 -347.10798750268782;-674.59877005475573 -263.79652071186536;-491.80645333561739 125.74171166166678;122.86602662798691 -689.61095426545671;-256.88429651689614 -662.33702837091482,310.12659148729568,2.1265924872956816,0.00017237651354909999,0.00017237651354909999,True,True,True,False,True,82004.61784143906,82004.61784143906,82004.61784143906,True,bit,True,0,-11.8084884,2,True,True,True,True,True,True,,11.769501297000032,9.5840233070000522
mpce_b30k_s0of3.csv,265,mpce_b30k,SLSQP,2,750,12,16,30030,random,,308,iii,101.67291789792236 -743.05700914515899;-345.618399305423 -159.37222973604608;-249.70983869989189 537.1793836686835;659.93560472277068 -356.25267554119853;-52.844864265527526 -475.12372303418141;-744.37471182279114 91.665876971609165;-642.48209261206944 382.39431665297434;-524.76419082397547 -505.91083849165091;8.1474347066833399 63.016118187983864;749.85103125219007 -12.102090671759415;420.63462498079383 402.04782872784023;184.65641478446719 726.91252849952104,308.06676466178936,0.066765661789361205,0.00012392626331600001,0.00012392626331600001,True,True,True,False,False,83368.110984643019,83364.147432187747,83368.110984643019,False,diverged,False,3.9635524552722927,0.00055879146380000003,0,True,False,False,False,True,False,,86.601981689000013,12.758040076000016
mpce_b30k_s0of3.csv,266,mpce_b30k,SLSQP,2,750,12,19,30030,random,,308,iii,-742.18509156296784 107.91005455415359;720.69953640840549 -192.03833390676618;402.37925571534959 497.90673214716645;-392.28925435722408 -65.98242368680252;-184.80636122331646 -723.50626008526297;194.98165487950888 -476.87330544078321;734.08744457799867 124.50582143344538;-5.0196536976710746 748.37113892389709;-175.7335213104349 375.58244103483378;255.41957154605888 105.84248994920236;-574.85962638122749 -357.28701961852158;-555.3320399683297 498.79924154117128,316.8271427217141,8.8271437217141511,0.011141074593299599,0.011141074593299599,True,True,True,False,False,83271.637385091512,83693.1610711658,83271.637385091512,False,diverged,False,-421.52368607428798,-0.00088604188930000002,0,True,False,False,False,True,False,,87.822128841999984,11.009721748000004
mpce_b30k_s0of3.csv,270,mpce_b30k,SSABV,2,500,10,1,30030,random,,308,iii,106.18053161680834 93.012972936948145;-240.9540321603607 26.381902299869701;-114.16896966643161 431.57084039821257;391.47854566671742 -99.311315843035047;447.6579344964407 210.37811700396585;284.6791664431916 -411.04452658090696;-328.93711532394514 -376.22874833719254;-412.97386982124965 281.87325684507886;211.90124105428416 410.9591520192476;48.627728134796719 -210.24508925612653,308.00431295068643,0.0043139506863667,5.0920412209303319e-05,5.0920412209303319e-05,True,True,True,False,True,67893.420986167956,67893.420986167956,67893.420986167956,True,noise,True,0,0.0010047390240000001,0,True,False,True,True,True,False,,28.539126813999928,9.7989022379999824
mpce_b30k_s0of3.csv,278,mpce_b30k,SSABV,2,500,10,25,30030,random,,308,iii,-92.870076254046936 -149.14800810388954;-114.52913772390745 480.69864754857343;-478.08925436670836 103.56443774247225;10.685045969908625 147.15719614233285;-156.42865940343393 -465.31315664001499;214.50131812289155 451.63792420750377;349.58452096113058 174.38933173202506;261.34343612120648 -387.46716605674823;486.99082634057612 -113.20155540234563;-450.39049487382175 -217.13659647794384,308.40598846110453,0.40598946110452511,0.00010159729868310001,0.00010159729868310001,True,True,True,False,True,67955.033597597663,67955.033597597663,67955.033597597663,True,bit,True,0,-0.0011789190899999999,0,True,True,True,True,True,True,,9.9052285000000193,24.629894356000481
mpce_b30k_s0of3.csv,310,mpce_b30k,SSA,2,500,10,1,30030,random,,308,iii,130.6481272881955 147.56688970302804;322.95590084711603 -102.29507468211105;456.36057063919935 204.29150356016999;-108.1298257808282 474.35405142316876;-194.53688315188177 65.453290992983085;-483.76811169827027 -104.38129601620449;-59.334540594608569 -234.62467161409549;232.97870228224693 442.40327773851465;-396.85678140544206 304.14569594355345;264.37926977537131 -424.38580662583422,312.08979843696466,4.089799436964654,1.2138989520986798e-05,1.2138989520986798e-05,True,True,True,False,True,66321.745086459472,66321.745086459472,66321.745086459472,True,bit,True,0,0.0021642555080000001,0,True,True,True,True,True,True,,10.892599506999886,9.1396651879999808
mpce_b30k_s0of3.csv,311,mpce_b30k,SSA,2,500,10,4,30030,random,,308,iii,-308.99794449943784 -40.634523739517554;-368.67760617590818 337.75256884983963;-334.15061915936377 -371.94520326752047;391.07012837023285 -30.689671885645843;-29.978040335612157 -482.51324234534235;35.363635242103015 192.82312555571747;360.06119976130014 340.18099771983088;15.751190849224404 -149.86907961531148;333.90723829331682 -353.70027098079322;-68.604670567847151 487.37977316423337,312.36681524028563,4.3668162402856296,2.5939736931628432e-05,2.5939736931628432e-05,True,True,True,False,True,68708.33844211277,68708.33844211277,68708.33844211277,True,bit,True,0,0.00025210157039999998,0,True,True,True,True,True,True,,10.699335247999898,9.3582063940000353
mpce_b30k_s0of3.csv,312,mpce_b30k,SSA,2,500,10,7,30030,random,,308,iii,204.52111406594381 -456.25748957052519;-169.62895616737924 462.34466552444786;-453.36323900538645 210.85956697471889;143.34901668502238 128.09605560638701;-38.798757956622829 -172.43294241627754;-149.50552427043408 -477.10746595837742;477.65761265715958 147.79440541147213;405.6487729243126 -222.99417427557344;271.1044269237139 420.1216123782462;-433.99199668739823 -147.35928526490542,308.00017763020924,0.00017863020923410001,1.753377915999954e-05,1.753377915999954e-05,True,True,True,False,True,67954.777257348469,67954.777257348469,67954.777257348469,True,bit,True,0,-545.32823580000002,4,True,True,True,True,True,True,,10.588325436000105,9.6972348140000122
mpce_b30k_s0of3.csv,313,mpce_b30k,SSA,2,500,10,10,30030,random,,308,iii,496.7936856812434 56.533271193876409;294.48911214850131 -388.47562547804688;183.24706649712746 -55.485785034129449;323.24109623396777 342.06006331292883;-372.0404877558986 -334.04468212827857;-336.13271352998538 370.15470474688993;-371.73239038424532 11.645779186206374;-34.850592222734008 -276.67626870419787;-43.354383079515081 179.32277938302701;4.5245374758586312 496.63093711391048,310.63132296226019,2.6313239622601827,2.4115366104775604e-05,2.4115366104775604e-05,True,True,True,False,True,67433.245975071361,67433.245975071361,67433.245975071361,True,bit,True,0,-0.00075307549560000003,0,True,True,True,True,True,True,,10.826314939999977,9.9807480869999381
mpce_b30k_s0of3.csv,314,mpce_b30k,SSA,2,500,10,13,30030,random,,308,iii,229.17003902822319 438.82269531176263;-484.63507814450486 -122.99896904394005;-449.83281427080203 207.38191645789709;-212.47399350293429 -369.89844344874791;-208.39011120861164 454.5034060078579;417.91565410401552 -274.49290210879781;14.825194321062485 139.78388803398985;94.812433868075701 -167.83722681241983;117.16225277463718 -486.07906233679199;470.16366645365139 68.777813937930603,317.85013573962692,9.8501367396269206,9.5646006516541076e-05,9.5646006516541076e-05,True,True,True,False,True,68230.86343657157,68230.86343657157,68230.86343657157,True,bit,True,0,0.00064701418160000002,0,True,True,True,True,True,True,,10.460937480999746,9.8978754639999806
mpce_b30k_s0of3.csv,315,mpce_b30k,SSA,2,500,10,16,30030,random,,308,iii,359.2696758191845 347.74314223697411;400.3436394413668 -299.54125498283145;-2.2838402358905556 -191.14103393937103;133.59001873707524 126.0615438326567;-39.326161401493756 464.01012142530249;498.88650061713793 33.349916971015475;-270.74827695277349 -420.35016656374626;128.51636963802554 -483.16872521200185;-180.01551086496727 66.521204534912926;-482.4603621802442 131.27069726550607,309.29821353507543,1.2982145350754308,3.9643354650943363e-06,3.9643354650943363e-06,True,True,True,False,True,66477.916088869009,66477.916088869009,66477.916088869009,True,bit,True,0,0.0018619027109999999,0,True,True,True,True,True,True,,10.543923366999934,8.4621629810001195
mpce_b30k_s0of3.csv,316,mpce_b30k,SSA,2,500,10,19,30030,random,,308,iii,79.972092705475575 -37.809665459308277;234.53775295900311 -429.12419038779041;442.09224000899087 173.72752110129596;-104.60088386912167 -488.93622441133823;-167.4536307414258 471.11561042930725;461.82655947109799 -159.93943851880476;-257.40310738781983 -161.82732418729256;-498.24740815277448 41.827134044876871;-192.83108670136625 147.15832074946405;146.72679933537268 365.95501805692038,315.40627065548074,7.4062716554807366,1.21266346038974e-05,1.21266346038974e-05,True,True,True,False,True,68094.898949383816,68094.898949383816,68094.898949383816,True,bit,True,0,-45.933444270000003,2,True,True,True,True,True,True,,11.634064190999652,9.7870312350000859
mpce_b30k_s0of3.csv,317,mpce_b30k,SSA,2,500,10,22,30030,random,,308,iii,386.54143319209561 -314.63140012529988;-302.21852003499015 -131.44345803971819;-230.13124837374028 443.89141908695711;102.05870297353557 -462.5529007226209;259.71826551848181 233.44438421382259;-246.33364406155445 -434.85614748468765;-94.905554496122079 167.15947139040225;470.85901166919513 -13.780703370261078;122.01375461907408 -82.940067440015355;-450.80394462369469 195.17050962863445,308.00415445349449,0.0041554534944907,1.7582911541718204e-05,1.7582911541718204e-05,True,True,True,False,True,67313.011092333443,67313.011092333443,67313.011092333443,True,bit,True,0,-343.68688659999998,4,True,True,True,True,True,True,,11.690136213000187,9.8552493579998099
mpce_b30k_s0of3.csv,318,mpce_b30k,SSA,2,500,10,25,30030,random,,308,iii,171.2753011886079 -119.256912346281;-399.14793742096259 256.80092582861795;493.49812726005302 -56.97643423415375;-147.8962883440752 473.61044262995364;-191.54861678193879 -41.678062597741423;297.87009472796467 390.80046727570749;-406.89308681250787 -290.58218595829464;-140.27248284690478 -477.38612957414625;202.36733337045291 -457.21701885126481;53.551174589662047 174.48943129233595,316.45834541775173,8.4583464177517271,1.0107888104153972e-05,1.0107888104153972e-05,True,True,True,False,True,67779.265578457358,67779.265578457358,67779.265578457358,True,bit,True,0,-109.4180834,4,True,True,True,True,True,True,,11.619786017000024,9.0068033469999591
mpce_b30k_s0of3.csv,319,mpce_b30k,SSA,2,500,10,28,30030,random,,308,iii,148.02741222843221 143.84717197218148;387.13665958543811 -316.42537962532163;-219.59338632322215 -441.90204725398303;-469.5709882172024 171.76443623869577;487.12665659864939 112.32820011817662;-229.67343670076116 443.47956036909824;-409.89520189943323 -132.82358605277315;66.968842519299145 -225.38620187976065;-159.92397988748064 86.866998874410214;174.65743277825717 467.07325777386512,310.37890198283839,2.3789029828383832,6.646832730691676e-05,6.646832730691676e-05,True,True,True,False,True,66891.574294249978,66891.574294249978,66891.574294249978,True,bit,True,0,-0.0012167605889999999,0,True,True,True,True,True,True,,11.487128897000275,9.9423176380000768
mpce_b30k_s0of3.csv,321,mpce_b30k,LXSSA,2,500,10,4,30030,random,,308,iii,418.1003691330082 155.06911253313302;180.77628492747928 372.49651639387423;232.83076334613344 -442.33853271984856;140.89276768203453 -148.31116406279639;450.54141680037583 -216.76187251368458;-130.92851093534796 1.2578657883163258;-490.20444482193648 -54.503509148157626;-431.92585361472402 251.87290524323663;-202.98679434182864 -308.03893489852601;-126.93462874414098 311.7479217637304,308.06604578583784,0.066046785837841002,9.7583532865679442e-05,9.7583532865679442e-05,True,True,True,False,True,65490.548344652256,65490.548344652256,65490.548344652256,True,bit,True,0,-0.002231420753,0,True,True,True,True,True,True,,11.666864786000133,8.7099860029999263
mpce_b30k_s0of3.csv,322,mpce_b30k,LXSSA,2,500,10,7,30030,random,,308,iii,-252.40358815821378 238.51077993190827;83.883430674511231 -172.88321224572769;90.66218450848659 143.9909691948169;200.47422021274363 -457.999161168314;-208.00008647278426 -69.522619936041508;-496.28462931205905 47.714776404532863;8.0631017309752497 445.641051606215;-308.96085618659663 -380.63001884702174;369.77047552704011 -18.953970440803328;403.13867013693903 295.76853076046126,308.03330426298913,0.033305262989131203,0.00018985205400920001,0.00018985205400920001,True,True,True,False,True,66064.370632962266,66064.370632962266,66064.370632962266,True,bit,True,0,0.00112628263,0,True,True,True,True,True,True,,11.707363765000082,9.0386018890000059
mpce_b30k_s0of3.csv,323,mpce_b30k,LXSSA,2,500,10,10,30030,random,,308,iii,366.88183150328393 339.31975061193526;68.245421107591255 459.26589883618107;-133.76773126719749 -173.03548684729438;-111.99238944417991 -483.69333087040508;-305.31450374228393 127.64264547477531;-482.16022600539281 -132.36879906474704;-252.53542274782498 431.53820005399797;188.57153400874924 -198.36071699989139;83.369464284641367 149.75216362909569;485.61719047966147 -96.779164144065803,308.4447105781407,0.44471157814069778,1.8492585470790801e-05,1.8492585470790801e-05,True,True,True,False,True,66668.647342878699,66668.647342878699,66668.647342878699,True,bit,True,0,-0.0011496307269999999,0,True,True,True,True,True,True,,12.228874894,9.0560995129999355
mpce_b30k_s0of3.csv,327,mpce_b30k,LXSSA,2,500,10,22,30030,random,,308,iii,122.36476941597597 -131.7901887422793;-173.81209938967905 -0.28710497987782391;385.31248862131042 -318.61856673529235;80.968966226746673 174.7152361089573;-329.08980332841975 271.35110554617773;-285.94100772470625 -290.31967323710808;101.59692942226381 -458.46472499620171;461.10638775533283 123.53276342224446;182.12116992540908 465.63208862608576;-494.97785356769464 -34.935051097260526,308.00062238828082,0.00062338828081459998,0.016496316096040801,0.00062338828081459998,True,True,True,False,True,65451.951245368968,65451.951245368968,65451.951245368968,True,bit,True,0,-0.00071999165079999995,0,True,True,True,True,True,True,,12.207929325999883,10.194834635999996
mpce_b30k_s0of3.csv,329,mpce_b30k,LXSSA,2,500,10,28,30030,random,,308,iii,-88.198664419428908 492.15737260971753;175.65200380832533 -462.21868558504787;-257.81844666956761 4.9832228647433219;440.8890926544442 69.103861611110943;61.819707155208228 192.88963922584247;142.59499724760386 -130.50589063638068;333.11381622711212 372.87392221439165;-406.47904791642912 288.44808546602991;-433.01277302495316 -249.99060246343745;-120.77734291322795 -356.75505706201017,309.36176814468035,1.3617691446803519,0.0002245711155549,0.0002245711155549,True,True,True,False,True,67525.27247359899,67525.27247359899,67525.27247359899,True,bit,True,0,-330.13018879999998,2,True,True,True,True,True,True,,11.559682592999708,10.114035270999921
mpce_b30k_s0of3.csv,330,mpce_b30k,PSOC,2,500,10,1,30030,random,,308,iii,143.60161190420149 129.68544514338279;477.14661116924782 149.43441010630141;-304.77365644102383 37.959053541113093;-411.27313765544272 -284.34903900668235;238.31614036655156 -439.55043457760644;-142.38261544412939 -473.16934071769674;-28.997528324961475 -149.12688100654461;-247.10206933143334 380.50103793613999;469.9937475054025 -170.58537204885965;84.778906844358318 492.75912423444794,320.09971013612352,12.099711136123515,3.125902441322614e-05,3.125902441322614e-05,True,True,True,False,True,68196.140392340487,68196.140392340487,68196.140392340487,True,bit,True,0,0.00071150752770000002,0,True,True,True,True,True,True,,10.655338319999828,7.4013461289998759
mpce_b30k_s0of3.csv,331,mpce_b30k,PSOC,2,500,10,4,30030,random,,308,iii,493.49388895363342 -80.395464590846089;127.19750389601019 172.32643894651591;436.7488152327881 231.4286105989066;108.91448436558147 -453.06926897092552;118.81024281389243 485.45538369658334;189.23918092180025 -140.04102096269506;-323.11660324468369 -381.56934082541596;-461.27384543577369 -92.348054811850332;-293.26160011960036 234.39239161087633;-135.83200293923716 -114.37231353324486,310.04599619160291,2.045997191602908,0.00035183876400670002,0.00035183876400670002,True,True,True,False,True,67548.681574615199,67548.681574615199,67548.681574615199,True,bit,True,0,-163.3631287,2,True,True,True,True,True,True,,10.815525136999897,9.6521721139999954
mpce_b30k_s0of3.csv,336,mpce_b30k,PSOC,2,500,10,19,30030,random,,308,iii,-308.88206593722498 -393.18104371780964;468.19969259242015 175.46647785772109;217.00574853782925 398.90597038720335;-151.06128289501697 476.55871947622688;-346.39542290665008 182.71139300919833;235.89875542003361 -26.809457181734263;349.21372564363924 -357.78784452854626;-108.98793886519609 -140.52835836194546;19.638229315431182 -481.18149592633011;-449.20090021846084 -108.74096919774412,308.02480307153041,0.0248040715303545,0.00053720361319409997,0.00053720361319409997,True,True,True,False,True,67841.066483214498,67841.066483214498,67841.066483214498,True,noise,True,0,-0.00026793043070000002,0,True,False,True,True,True,False,,11.830501079999976,9.595833655999968
mpce_b30k_s0of3.csv,338,mpce_b30k,PSOC,2,500,10,25,30030,random,,308,iii,-43.267365917656392 193.35314327154151;-327.92993489813608 -377.43987078028846;-214.74278592175838 451.53586725545665;230.63943574102007 374.74211704926881;473.49370631685144 160.63458138170054;-356.36677253003882 85.852405919529176;-125.95967808608829 -144.90443882165687;54.793034860181244 -496.98835701003446;444.06067387673954 -229.72874191845455;208.95966987038804 -24.302347371681762,308.00115544087151,0.0011564408715116,0.00024234271529870001,0.00024234271529870001,True,True,True,False,True,67858.329611350171,67858.329611350171,67858.329611350171,True,bit,True,0,0.0012908789069999999,0,True,True,True,True,True,True,,10.872961042000044,9.5050586079998993
mpce_b30k_s0of3.csv,339,mpce_b30k,PSOC,2,500,10,28,30030,random,,308,iii,425.50408775966474 -135.17636007028406;-239.24498211372764 244.29784525642984;-61.054975331978298 495.66957341499648;234.81235451583788 -413.15183408445506;-159.87728238823169 -473.74955348659017;-142.64001004394427 -95.424298837740196;246.91252173919219 434.76719961986777;160.95314533766077 86.450867964313773;-438.91300741414261 -233.31602983113692;-494.84663577857197 70.723264522701001,308.12241761076751,0.1224186107675109,0.00061614778843720002,0.00061614778843720002,True,True,True,False,True,67782.901381281612,67782.901381281612,67782.901381281612,True,bit,True,0,-290.47306589999999,2,True,True,True,True,True,True,,11.354856779999864,9.6233363679999684
mpce_b30k_s0of3.csv,353,mpce_b30k,SLSQP,2,500,10,10,30030,random,,308,iii,-110.54976220024496 487.53652496150289;-453.84958708768306 209.80989509802481;273.21929863435281 406.96574884628632;148.0164634607886 -477.49523379883345;161.23737348107539 -78.053022187187949;-102.46004605993136 89.446504184633653;458.27349858680896 -199.77947548842459;-487.61679072214497 -110.34029968310766;-296.1170048929153 -399.95449513618507;457.57784454499324 114.75252319673884,312.39785595834411,4.3978569583441072,0.0003612194252039,0.0003612194252039,True,True,True,False,False,67725.182007230207,68147.79036740544,67725.182007230207,False,diverged,False,-422.60836017523252,0.00065514909509999998,0,True,False,False,False,True,False,,94.080764125000314,11.585193468999989
mpce_b30k_s0of3.csv,361,mpce_b30k,SSABV,1,1000,15,4,30030,random,,308,iii,979.89668917469214 -199.50553344707043;305.03127388037097 676.379028791152;-154.01894506560237 96.253533608441117;58.405248767904716 338.89330046257555;831.63542875141798 317.52141467761703;-393.97953616441907 728.16038434151528;-162.56253844430631 986.59811656815327;-963.18110874211879 -220.17053820561421;-397.61724033973246 -609.05349066266012;-822.66508528161535 264.39893255969628;-262.18720965670144 -963.70484216493765;535.99471997218564 124.89516332894124;603.06596227753005 -563.5158381959003;634.46621668857495 702.992202120873;-552.67746142070428 -282.98679072259347,322.4873556976213,14.487356697621294,1.1334238368159275e-05,1.1334238368159275e-05,True,True,True,False,True,207572.76914428556,207572.76914428559,207572.76914428556,False,noise,False,-2.9103830456733704e-11,-0.00024405648580000001,0,True,True,True,True,True,False,,28.872952629999872,10.874803792000025
mpce_b30k_s0of3.csv,363,mpce_b30k,SSABV,1,1000,15,10,30030,random,,308,iii,993.21777844953272 -105.77805055126093;-693.31233747368935 -720.63719127660772;692.06335795789312 45.447444146625635;482.61125828043902 664.37533459200608;-678.28656887288105 381.86631464330071;-120.45240454897487 -387.98768527674855;246.33805993067892 -128.41286799073382;-305.2517119443736 -918.59795143151973;497.69857521106508 -405.04778196964793;-450.99245748722728 59.00374252874591;-442.51702179428332 896.74467984584624;44.589784321419813 649.26218015686925;443.19765545180906 -880.94268928660813;-918.05652843878488 88.254825677134363;57.240240354524914 -840.10869385530157,336.99129844593284,28.991299445932839,2.1627865751521317e-05,2.1627865751521317e-05,True,True,True,False,True,208139.13946467711,208139.13946467711,208139.13946467711,True,bit,True,0,0.00040527558300000003,0,True,True,True,True,True,True,,14.885759101000076,13.426479366999956
mpce_b30k_s0of3.csv,364,mpce_b30k,SSABV,1,1000,15,13,30030,random,,308,iii,-2.7945765661523567 55.706089743188741;985.88639934312698 165.34846603893664;-246.9111393284669 890.98469154131669;-490.42349627838342 -87.789805895348152;184.34856504159387 -300.66131357706655;-540.80687588882097 -780.57885645799468;942.66233720440914 -333.29468949937575;709.18466243175783 596.99922584865328;-854.87771730233408 428.73447567176532;158.12630712389802 983.27574121528141;572.60382910163946 181.1781523712491;584.71804157167117 -745.02670791725154;-259.88194249866166 -965.64034171249841;-848.8637991281355 -386.67768402888879;-0.97919549332144129 -681.5523466700738,336.40239524246607,28.402396242466068,5.4210247301649358e-05,5.4210247301649358e-05,True,True,True,False,True,208227.88400568327,208227.88400568327,208227.88400568327,True,bit,True,0,-5.1715382139999998e-05,0,True,True,True,True,True,True,,14.64017226299984,13.050917852999987
mpce_b30k_s0of3.csv,366,mpce_b30k,SSABV,1,1000,15,19,30030,random,,308,iii,-369.99993699402114 479.93667398267235;452.20404559469665 -446.65923924621922;850.20887996417514 -526.44546610203975;50.24554630600278 -980.11418174631604;-785.42557985782014 -617.54745613902867;569.02853650240911 822.15380581334273;-359.49385976651956 -842.27913712680856;919.29847085484323 391.34197039527356;510.18441931671236 345.28248678579087;-490.88779624745564 871.02489248840834;242.45303325239513 -685.66528198187586;-593.83253447299217 -323.77469882160864;-902.00091406941669 431.00656151286881;-158.29972237822247 -304.42037540847821;63.160926130009052 568.16627120596877,317.99272891495309,9.9927299149530882,1.6825334571673012e-05,1.6825334571673012e-05,True,True,True,False,True,207204.20852816611,207204.20852816611,207204.20852816611,False,noise,False,0,-6.3701067119999993e-05,0,True,True,True,True,True,False,,14.569421908000097,11.613069821999945
mpce_b30k_s0of3.csv,369,mpce_b30k,SSABV,1,1000,15,28,30030,random,,308,iii,-808.28695241712455 587.46854316445649;-516.30757271036748 -856.40321353707509;111.5555262308396 -993.64078368405558;-831.95869853680301 -521.97237363052704;564.46047968477365 434.98457483283084;-691.1406934037791 236.7111150125765;531.892350781799 -846.47651544790847;-363.06418922346148 691.98715895131227;-171.41858435945764 -34.407362880550245;99.159528403132867 995.02639351932248;-370.95818184639882 -537.45395428772053;-515.94451341669674 -164.30306348045448;833.7250180478228 -509.23724436373504;313.76183267736087 -243.51209159440833;-9.2687517012318512 -615.53511400857565,350.50688352761165,42.506884527611646,1.4102649859320082e-05,1.4102649859320082e-05,True,True,True,False,True,207720.36679216081,207720.36679216081,207720.36679216081,True,bit,True,0,-0.00028390830269999997,0,True,True,True,True,True,True,,14.544383555999955,10.765936293999973
mpce_b30k_s0of3.csv,394,mpce_b30k,BVNS,1,1000,15,13,30030,random,,308,iii,283.90335472633365 -535.04013774053169;-56.048004432601829 998.42768807317066;-70.543016312831469 -593.42911346571452;990.29409511738299 70.62242713864066;-510.05802186840162 -632.22742037353191;-640.49376223677018 -236.4386592497774;-864.03550132156374 224.59603779302211;568.19936735491069 638.97816772924307;437.51387480156905 -845.82990107275089;-205.4534926726767 -971.47089453995841;693.71725928787123 -77.625500048871231;586.26860001450586 -394.63951456253892;377.31353099838498 924.90359239622308;-278.10922097076661 200.30218171158901;116.22846604352162 -992.45500697175669,322.36565502242991,14.365656022429905,0.0003874440678853,0.0003874440678853,True,True,True,False,True,207300.29740720053,207300.29740720053,207300.29740720053,True,bit,True,0,0.00094407840519999996,0,True,True,True,True,True,True,,14.538847224000165,13.195697779000056
mpce_b30k_s0of3.csv,401,mpce_b30k,SSA,1,1000,15,4,30030,random,,308,iii,-294.19603910629883 310.20213689801693;224.03962223263116 546.28781724465023;-702.78565928061187 157.97431762068553;-319.16495278323947 -854.51129442041656;396.60602151334552 -917.98861127151145;68.2172912561456 -704.8007324723086;-997.08366339136876 -53.286687351416127;469.31432230617901 -398.56326178192285;-507.70890347092728 -257.65692371088176;452.16145477763325 867.97555544582178;588.9726626514439 470.57694198645396;-701.90782800717955 -706.81747255905407;-459.59807049172241 638.45935650386366;-66.647219111396851 -342.10098788997641;169.51500247570294 -75.272857109963567,356.32828442394248,48.328285423942482,0.00028763761986530002,0.00028763761986530002,True,True,True,False,True,207237.8721745091,207237.8721745091,207237.8721745091,True,bit,True,0,-4.4171210780000001,2,True,True,True,True,True,True,,14.86295691400028,13.914013731000068
mpce_b30k_s0of3.csv,403,mpce_b30k,SSA,1,1000,15,10,30030,random,,308,iii,318.85019985420109 927.69454592673878;-329.13843852873129 800.63340135847056;-846.83434883813652 95.715814663497895;-829.71504608638156 558.18691784625878;455.99351985909192 -442.40581323842474;400.90896951695106 87.799926036624115;-346.56797413435436 -313.54969098333981;759.10003871575452 246.23114737025949;-168.11527487529219 308.49895738940114;74.817301394070313 100.31013915517418;-1.8890689472516964 -255.76078703721274;-754.54010773538846 -656.25391475157573;502.72441096956396 553.34621160755353;-696.21319686377115 -301.98371579507136;168.58884192768846 617.18562006075194,319.93565079658384,11.935651796583841,1.3595950011018431e-05,1.3595950011018431e-05,True,True,True,False,True,203504.58089657989,203504.58089657989,203504.58089657989,True,bit,True,0,-16.220338439999999,2,True,True,True,True,True,True,,14.52177351399996,14.133200729000009
mpce_b30k_s0of3.csv,407,mpce_b30k,SSA,1,1000,15,22,30030,random,,308,iii,446.81190603439916 -825.08033375533751;216.12838617949893 823.16811782690229;874.54220083600649 207.70522921483797;-675.52671240688051 737.02738827745486;-405.11828210893822 -817.56642173667649;621.99459408248333 747.27648979381831;-679.98180539297061 -171.64246826082419;-54.896220478536861 -813.41567617043825;-419.97442762363323 176.88348261812288;210.87283721156086 20.131518708846762;-705.0860674236161 -709.1216424790083;55.754565757094973 345.10435702813925;-256.81921884571835 -372.08821330484426;-246.35747492300047 715.22925778882939;455.21141713254536 302.09728892521616,318.9685601667303,10.968561166730296,6.7846488948613111e-05,6.7846488948613111e-05,True,True,True,False,True,207787.72053749496,207787.72053749496,207787.72053749496,False,noise,False,0,-44.402865370000001,2,True,True,True,True,True,False,,14.144125280000026,11.553369417000001
mpce_b30k_s0of3.csv,411,mpce_b30k,LXSSA,1,1000,15,4,30030,random,,308,iii,-37.506035049378873 -516.89514727103779;64.724001311864129 -989.65080645696185;-173.74467175367997 -238.46678693475354;208.11160889341653 378.93609054238402;244.57184978821158 969.63116083048669;-566.88677343962581 32.977354161791851;-701.3799694779633 712.71595468748023;-244.67902632094194 896.19988517454544;-628.33721821260951 -720.54427649802062;616.553829590953 726.35717893769186;68.094835088881695 708.002169337326;336.22786044014998 -222.59051430802936;-388.57393454043188 602.61757136390122;-94.90394370512027 434.75005449402789;-814.64460097257722 387.44810776104248,308.11300473785923,0.11300573785916861,1.2118847737634495e-05,1.2118847737634495e-05,True,True,True,False,True,202789.37331170635,202789.37331170635,202789.37331170635,True,noise,True,0,-11.492534020000001,2,True,False,True,True,True,False,,14.466495163000218,11.557049796999991
mpce_b30k_s0of3.csv,413,mpce_b30k,LXSSA,1,1000,15,10,30030,random,,308,iii,765.24795831348331 531.77144536486674;705.38296761653714 -11.342671896255466;-920.19320118654491 -140.1938623926676;268.32581110236447 -348.25082649260634;452.6978870529432 -720.58065106053289;-462.64438833326994 411.99404980064241;-194.06105318050106 980.98869963480217;-118.20538954583441 5.2632497901180484;-156.02939529854629 -693.27479199736786;-363.10673631033222 -931.7473197743725;-885.85392127273735 431.27838312509783;352.63045287737077 64.293186068327671;459.01284742970813 591.1912148108828;23.901581694190977 447.35462067901801;-539.2513029513874 -376.33297699279399,311.94655333729173,3.9465543372917296,0.00021606968914760001,0.00021606968914760001,True,True,True,False,True,205615.05248108559,205615.05248108559,205615.05248108559,False,noise,False,0,-9.3639425119999995,2,True,True,True,True,True,False,,14.700323352999931,11.782298124000022
mpce_b30k_s0of3.csv,445,mpce_b30k,SLSQP,1,1000,15,16,30030,random,,308,iii,-810.59098376921645 206.98815196241154;-661.09453623106742 717.30225293279977;21.026734452751992 -67.573693790433353;307.64932730528523 390.70545666278781;-470.14871606935333 -882.18306199632354;504.33111957701209 693.45057271723783;-461.85291702926918 27.388851133455884;-248.28878837547757 -492.16433740320622;-665.3935220434787 -539.52390400246645;846.66089008745314 -522.15371770733361;-62.657551647259353 -914.95292708885574;206.45512456563017 -595.38587875919518;680.17666118285285 81.460262915375552;-144.2188430466347 491.11272838890926;833.49814619701181 535.90808190446342,361.02400571989824,53.024006719898239,0.35667956236318582,0.35667956236318582,True,True,True,False,False,207210.34224817072,207390.25365041065,207210.34224817072,False,diverged,False,-179.91140223992988,-4.4650601920000003e-05,0,True,False,False,False,True,False,,95.8994582790001,15.661607093000017
mpce_b30k_s0of3.csv,490,mpce_b30k,SSA,1,750,12,1,30030,random,,308,iii,-583.55755736243611 125.72681262510142;465.54065180047309 9.4345240828737555;-326.44681941455394 -158.21967304432511;-356.65583495795846 -645.02965885745812;234.14056925180401 -363.6934116254817;-100.40373628798631 734.83295152896505;-690.6268607777065 -194.04314169230238;-270.10409628531301 347.49929517478802;87.283033646790415 34.749463346201154;618.36525921830548 -424.40820978133547;307.25137437275055 367.09498179962742;671.96886340991944 333.10302307363361,337.21900809115988,29.219009091159879,0.00014941787299239999,0.00014941787299239999,True,True,True,False,True,165910.05235680114,165910.05235680114,165910.05235680114,True,bit,True,0,-44.56417184,2,True,True,True,True,True,True,,12.008337328999914,11.448616175999859
mpce_b30k_s0of3.csv,491,mpce_b30k,SSA,1,750,12,4,30030,random,,308,iii,-409.39066660204111 202.25120119053381;161.39589324409491 -713.67840946719639;-229.70892011381369 -694.52711418705042;610.06509011883145 348.0198084564035;435.61001909218243 -258.10140953430891;740.73428511803399 -17.963014084643135;-535.91650266624345 -524.68417210536018;214.78010419610786 319.24407701638893;67.200340816640391 -62.809104072239791;337.63934195973235 669.70115572539544;-299.41727315521138 687.64010128091059;-511.94377971454082 -91.349915188980518,310.99639314365413,2.996394143654129,1.5474730164693029e-05,1.5474730164693029e-05,True,True,True,False,True,163747.20178393371,163747.20178393371,163747.20178393371,False,noise,False,0,-0.0017030569139999999,0,True,True,True,True,True,False,,12.41669241999989,11.06806640500008
mpce_b30k_s0of3.csv,493,mpce_b30k,SSA,1,750,12,10,30030,random,,308,iii,-112.51205418159346 -317.43161542720986;-259.22904375329762 408.10677186963073;394.7456273217166 593.32980390537182;-597.26115176125984 427.59634054992119;143.24392998557042 -736.19369715749303;515.5015431857347 -544.75482852062942;669.27357567111699 73.14823232880552;-587.56844934876472 -466.11110510805759;19.670777245665448 103.00551777596556;-411.79338095468069 -71.792910209814707;-248.02005777788622 -594.53826955347188;303.30572346603594 -240.77943727385986,308.46477400135126,0.46477500135125638,1.2191913699803993e-05,1.2191913699803993e-05,True,True,True,False,True,164966.05981442941,164966.05981442941,164966.05981442941,True,bit,True,0,-22.550059180000002,2,True,True,True,True,True,True,,12.200688801000069,11.241077763000019
mpce_b30k_s0of3.csv,494,mpce_b30k,SSA,1,750,12,13,30030,random,,308,iii,-321.75790290622541 -272.38967149726892;329.05842794181751 581.98999002464996;-742.90630278820174 -102.90586782984369;112.37513046445281 -510.62137656648673;-596.39480833094649 379.70491115399693;467.46201062141444 -586.49744493791252;199.60864238441516 189.06146091292825;335.42433980768288 -242.57053022446627;-226.77357527768399 687.48933476983609;-428.11527416138864 36.502397361064965;673.92055652767465 -122.50294276119152;548.25584342988884 234.34102724118461,326.68976204327299,18.68976304327299,1.1471390055499795e-05,1.1471390055499795e-05,True,True,True,False,True,166008.9795502109,166008.9795502109,166008.9795502109,True,bit,True,0,-0.001007936226,0,True,True,True,True,True,True,,12.676702339000258,10.994034515999829
mpce_b30k_s0of3.csv,495,mpce_b30k,SSA,1,750,12,16,30030,random,,308,iii,-557.51806105005846 -453.15765076770782;-308.52135972806855 334.74021089157935;-676.62141893705746 316.47988759177991;-144.45099787317753 13.981013168687012;-275.66020728528241 697.5036384830978;533.77561260736411 -447.91290662220467;254.19491960939558 163.86604431323278;644.6192589875285 -133.58369643402588;-264.47030181507733 -316.32807195406059;392.47192120507822 552.14088170223079;223.4183926225767 -298.1133213427014;19.445556338722263 485.37527838403059,323.41818568374219,15.418186683742192,8.3948188037335055e-05,8.3948188037335055e-05,True,True,True,False,True,163327.18035546585,163327.18035546585,163327.18035546585,True,bit,True,0,-27.382326419999998,4,True,True,True,True,True,True,,12.421479463000196,11.173710722000123
mpce_b30k_s0of3.csv,496,mpce_b30k,SSA,1,750,12,19,30030,random,,308,iii,-85.860959065342541 -45.945391398699044;-306.59849966865369 278.54744617320699;-278.61001225731337 670.12796195974784;321.12539586088877 674.93627791934512;160.52955965831674 -350.54353321826312;-581.18922297145605 -474.04511409194174;-297.38465352558637 -665.44289438117596;-193.96475606124091 -375.32465593163749;-581.96432452653517 473.09346769444949;-540.97078319677507 -9.159200368122951;34.308012042069734 321.56065094989719;662.3008447486211 269.49151971096529,308.00043420845856,0.0004352084585548,6.4868812389955562e-05,6.4868812389955562e-05,True,True,True,False,True,162851.7383174971,162851.7383174971,162851.7383174971,True,bit,True,0,-15.68061338,2,True,True,True,True,True,True,,12.128384490999906,10.010213724000096
mpce_b30k_s0of3.csv,497,mpce_b30k,SSA,1,750,12,22,30030,random,,308,iii,497.5147528643256 -551.67513271725284;-21.085895879707532 -427.74417846339406;-20.267466262802223 519.15724436320158;682.81646458381283 -170.4038595836561;-170.59900810499221 -730.33930685026473;257.7590001407163 362.75639642644529;-656.84777674157078 -354.05381198478773;-395.54986316309004 637.21286387292332;-399.8608153174286 -125.09668356189508;-551.51222007578986 303.58109807174577;231.48532586925506 -149.84149384234394;530.21677257112583 126.7862301938558,318.99834052258512,10.998341522585122,4.8911020260471557e-05,4.8911020260471557e-05,True,True,True,False,True,165876.55092821363,165876.55092821363,165876.55092821363,True,bit,True,0,-0.0012507804490000001,0,True,True,True,True,True,True,,12.00152953099996,9.58175934399992
mpce_b30k_s0of3.csv,498,mpce_b30k,SSA,1,750,12,25,30030,random,,308,iii,253.55417691219569 218.27227241161708;-445.99708445711002 291.30848802158005;443.98890325613888 604.46144273664549;140.8601388855428 548.9998143239543;230.77448032302084 -446.4765225583551;362.28520281815372 -96.465978216843652;-367.70103323165387 653.67862841072167;-402.15333303703898 -537.74295050204853;-204.80376597923305 83.618360124997537;-616.99817179653235 -9.2037549604089328;-72.715737099484031 -226.76383368419528;730.28242493399432 -165.36014922053687,308.16073730284296,0.16073830284295809,0.0001349463132126,0.0001349463132126,True,True,True,False,True,164826.34652110102,164826.34652110102,164826.34652110102,True,bit,True,0,-40.103293010000002,4,True,True,True,True,True,True,,11.8263909100001,9.563810965000016
mpce_b30k_s0of3.csv,499,mpce_b30k,SSA,1,750,12,28,30030,random,,308,iii,-17.835526353411389 749.78778085649094;20.983346028635196 126.88701397401474;233.68758989433309 462.42786281565697;-388.19819161037094 582.24402495595484;716.07346988446886 222.75816816579717;-178.1149830235272 -639.05962152357336;-527.56464779715952 -512.54035125350299;-105.37014511109081 -210.05145941543944;-637.87359213391869 -182.26404255247931;-419.38549779911108 122.09605409844426;403.43189228952667 109.88921420416482;658.17241024786313 -359.08837687511112,332.39157150783376,24.391572507833761,0.0001194520064043,0.0001194520064043,True,True,True,False,True,164312.91182888197,164312.91182888197,164312.91182888197,True,bit,True,0,-14.57909499,2,True,True,True,True,True,True,,12.43997778000039,9.6067844759999161
mpce_b30k_s0of3.csv,500,mpce_b30k,LXSSA,1,750,12,1,30030,random,,308,iii,-198.27240287205797 301.55105078560752;337.32404831721391 -193.55154389462447;435.07588840379231 610.90817542247794;-613.89393585484459 -57.627192751238546;-173.13120707675498 729.74328936213033;-517.66510579540648 419.80342424718134;-15.193768413101415 -165.59167606480941;612.1249207235403 -433.35652327783703;171.79728912807039 -649.43102630009093;179.93833993042554 232.41879179703545;644.55139629938219 186.28175541972541;-263.1583700936784 -438.96083500019682,340.58086045751003,32.580861457509968,0.0001160210953255,0.0001160210953255,True,True,True,False,True,164648.29307235259,164648.29307235259,164648.29307235259,True,noise,True,0,-0.00027976930139999998,0,True,False,True,True,True,False,,11.981799879999926,9.3889321730000557
mpce_b30k_s0of3.csv,502,mpce_b30k,LXSSA,1,750,12,7,30030,random,,308,iii,-339.02209791931045 -199.27517496523012;-640.97189585975377 -110.85621043650436;-395.72135351369758 618.90051861622578;124.06941941920957 229.54370249802543;300.87140083681669 -63.317580312448975;-154.03702918149619 97.173987467532029;200.72972372340141 630.14482187985004;-201.16777569168991 -485.58131746622149;620.93566580109962 -43.889310823029298;472.05006826521338 285.79998995543656;-13.229293239585424 -207.07107329449829;-516.6153773718321 287.63858091480091,308.00152306531061,0.0015240653106047,15.402668054837363,0.0015240653106047,True,True,True,False,True,164398.14711025066,164398.14711025066,164398.14711025066,True,bit,True,0,-55.818461790000001,2,True,True,True,True,True,True,,12.134332414000257,11.363143904000026
mpce_b30k_s0of3.csv,506,mpce_b30k,LXSSA,1,750,12,19,30030,random,,308,iii,-316.76648242522486 -467.0936424394597;-638.03141465076942 392.75506758577671;22.309029795354942 726.72731555764074;685.03975747895004 286.47241721622669;285.0863492925676 -300.52457372105107;-9.6727514334009772 -705.92509823526518;251.30298960188065 336.72873863081645;504.60971636016654 554.8591613807572;-306.18146249194768 417.98863793727082;-683.18616577105638 -229.10118946251544;648.7410720371754 -365.14029824368475;-12.030639615339123 29.562739110039324,323.39827485835951,15.398275858359511,0.00023112453868880001,0.00023112453868880001,True,True,True,False,True,165184.32486117425,165184.32486117425,165184.32486117425,True,bit,True,0,-0.00042201828909999999,0,True,True,True,True,True,True,,11.530165714999841,11.24460215299996
mpce_b30k_s0of3.csv,515,mpce_b30k,PSOC,1,750,12,16,30030,random,,308,iii,-133.51770443842517 -254.92451431553968;445.42651312980757 318.48142793386967;-369.12464649769555 652.87576416443926;84.903933359702734 -735.96045665552447;-47.997201069671426 632.20533480689426;-667.28232967693987 47.975539835240781;-686.04801627089 -303.04311129392261;-437.96038036041512 253.61777726482777;-437.66524945238973 -608.88732804090887;629.81489270032807 -335.28355949031339;98.806179827617584 337.69592691646028;748.5255261493686 44.110860319535938,308.02156783799637,0.021568837996369401,0.0001556097830669,0.0001556097830669,True,True,True,False,True,165858.61205468327,165858.61205468327,165858.61205468327,True,bit,True,0,0.00014742041819999999,0,True,True,True,True,True,True,,12.429700872000012,9.9726147989999845
mpce_b30k_s0of3.csv,531,mpce_b30k,SLSQP,1,750,12,4,30030,random,,308,iii,-148.41926251496992 -131.05375004523165;479.90059357036915 -575.3659981741414;-415.32279782049966 558.97317998085452;-703.66470051769249 -259.52976566718922;164.41720384170137 -597.13909188833873;-455.16554712517058 -45.053335268340739;-157.34177264271611 733.25601907957298;360.10095832652337 657.89605783112222;-198.30246299068509 -723.14021149190933;550.29297553085974 19.686501946523283;166.58545166648241 161.88179893447358;680.76335338744127 311.02097712859029,311.3337716279587,3.3337726279586946,5.2268393804093645e-05,5.2268393804093645e-05,True,True,True,False,False,165376.05814551454,165048.93992233061,165376.05814551454,False,diverged,False,327.11822318393388,0.0012682862869999999,0,True,False,False,False,True,False,,83.759502387999873,12.917213360000003
mpce_b30k_s0of3.csv,540,mpce_b30k,SSABV,1,500,10,1,30030,random,,308,iii,110.40608376868107 143.50859486184362;-216.99071570747572 26.743458036459288;-131.05875378038041 410.89027072818214;383.53299769979139 -120.20531748351924;450.77534138450619 214.7902913345311;277.09763739802094 -416.19323653967666;-254.36443357911551 -359.47257738912577;-423.97218297679996 265.02634087170503;215.71021557225635 444.007550199994;38.625327707952465 -214.18892801325384,312.52965163669535,4.5296526366953458,9.0207071596320017e-05,9.0207071596320017e-05,True,True,True,False,True,136214.76577528947,136214.76577528947,136214.76577528947,True,bit,True,0,-47.14579217,2,True,True,True,True,True,True,,24.143689968000217,8.9004388980000613
mpce_b30k_s0of3.csv,559,mpce_b30k,LXBV,1,500,10,28,30030,random,,308,iii,136.26159258950713 481.07313598366216;-121.02054306349211 -485.11948563864343;-498.7581918920381 23.103026679432475;374.67912585271273 -79.923044974528679;-206.88838109464982 159.62574988491221;115.29358516441833 99.838978622530036;391.76399267137589 309.05405515756081;-172.63790233052563 469.25050135529858;-386.90743187684444 -307.62218768351318;-101.7780291430478 -133.74296654697142,308.01305267123359,0.0130536712335924,0.0001226567316077,0.0001226567316077,True,True,True,False,True,134236.38343159552,134236.38343159552,134236.38343159552,True,bit,True,0,-0.00038986085559999999,0,True,True,True,True,True,True,,10.79631865500005,8.4815298450000682
mpce_b30k_s0of3.csv,580,mpce_b30k,SSA,1,500,10,1,30030,random,,308,iii,123.19606954620986 149.99587539140671;311.28505111120523 -103.99920807522223;455.10724836848777 207.06822863049635;-91.800898924466821 489.00044587370314;-180.70490132303647 57.145637333156948;-476.57469342314175 -103.22188193562653;-54.301654006627928 -234.41120198241137;225.03333970781031 446.49732017901272;-399.30364950936979 300.92291560692911;245.55764026535519 -435.54718877484288,313.50268955003338,5.5026905500333783,9.2657650159504566e-05,9.2657650159504566e-05,True,True,True,False,True,134398.08163845481,134398.08163845481,134398.08163845481,True,bit,True,0,-28.583472329999999,2,True,True,True,True,True,True,,11.438870170999962,9.9843864319998357
mpce_b30k_s0of3.csv,581,mpce_b30k,SSA,1,500,10,4,30030,random,,308,iii,-277.07066902913897 5.1898167618690172;-382.43353340248393 322.0937152472103;-305.77838426197644 -344.7926148088419;385.14306294388712 -60.819025973676887;-29.545976567979018 -499.1262485688971;83.425335225037912 185.64112363863427;339.19847111402902 362.74358842824779;6.8630586159369225 -134.80046263124103;287.72150468207769 -389.43922733688186;-61.660903599072711 485.77998452144334,311.1031662922199,3.1031672922198936,2.4258184512542361e-05,2.4258184512542361e-05,True,True,True,False,True,133225.56734722838,133225.56734722838,133225.56734722838,True,bit,True,0,0.0012686675179999999,0,True,True,True,True,True,True,,11.520907125999656,7.7950005269999556
mpce_b30k_s0of3.csv,582,mpce_b30k,SSA,1,500,10,7,30030,random,,308,iii,172.58926189348955 -426.20178500945309;-193.16681873690067 460.69528510745789;-431.73939485172684 237.4653063578605;157.41037250805439 84.155158819929511;-87.572732891757369 -132.33583939998601;-201.86387685768474 -447.63561313880848;482.53045267400785 118.8464626716861;379.02166364597241 -184.26531170678018;267.26295065613681 422.57588844499139;-403.04802024115611 -111.58065006937623,316.15729441582585,8.1572954158258426,0.00013471151942459999,0.00013471151942459999,True,True,True,False,True,134295.14403014659,134295.14403014659,134295.14403014659,True,bit,True,0,-40.4337965,2,True,True,True,True,True,True,,11.442034655000043,9.8614503540000005
mpce_b30k_s0of3.csv,583,mpce_b30k,SSA,1,500,10,10,30030,random,,308,iii,480.59425039416413 40.432478686638461;290.77369266982083 -394.28242305647609;173.50873128912278 -65.230032446697678;327.37460246876532 366.41948935170018;-360.89807834577812 -346.05267840582297;-323.47035760623834 381.27011288528098;-384.26663214294183 73.623176969333088;-44.988859796584059 -328.89475114220738;-93.719948674117745 175.85217521951853;-12.143355956637032 494.83330424695782,308.00672615702643,0.0067271570264323998,2.9770538222033796e-05,2.9770538222033796e-05,True,True,True,False,True,134996.42459834483,134996.42459834483,134996.42459834483,True,bit,True,0,0.00043852213999999998,0,True,True,True,True,True,True,,11.361699860000044,9.7948822379999001
mpce_b30k_s0of3.csv,584,mpce_b30k,SSA,1,500,10,13,30030,random,,308,iii,202.61081360869167 438.28229484096744;-460.71960823219888 -116.70323000660548;-439.6584201659395 232.79729341619367;-225.26598745419565 -378.64482918445918;-174.50567211365811 462.1074318410212;414.09358912653772 -280.22574170860577;-33.166783923867257 175.8469523122296;116.08374196522747 -134.97712664503663;88.715358320706031 -492.06663811239576;447.8110522143258 104.89214294643794,319.25184957143148,11.251850571431476,9.8547933501104115e-06,9.8547933501104115e-06,True,True,True,False,True,136293.67210444692,136293.67210444692,136293.67210444692,True,bit,True,0,-25.145272259999999,2,True,True,True,True,True,True,,11.411356677000184,10.058715045999977
mpce_b30k_s0of3.csv,585,mpce_b30k,SSA,1,500,10,16,30030,random,,308,iii,344.3381240967588 361.27211183588236;398.14937372334674 -302.45177469239832;-12.126339811835198 -207.89046613696735;134.98120963857878 113.24300706420409;-39.99928854109249 480.16113793662032;485.70551426113087 45.08589807017588;-275.30755983172236 -404.81079070657916;123.13470131078707 -484.60068698851785;-170.59762385315904 71.821787721023611;-482.07665205913509 117.21356165913498,308.0001551449115,0.0001561449115001,1.189125501037779e-06,1.189125501037779e-06,True,True,True,False,True,135934.55407695679,135934.55407695679,135934.55407695679,True,bit,True,0,-52.049894109999997,4,True,True,True,True,True,True,,11.02675034899994,8.8057167420001861
mpce_b30k_s0of3.csv,586,mpce_b30k,SSA,1,500,10,19,30030,random,,308,iii,92.349209025300837 -26.297974091480267;236.20258002331593 -426.98522995264165;410.1082510114598 196.73368205684213;-90.977278087129108 -491.65345118920374;-140.52822907339015 463.94983559484865;472.30038382526647 -164.11077715617901;-244.35706629256839 -185.82592305231785;-497.5776551516247 30.914281947326469;-211.30617349642742 160.46133211018548;179.06269969086867 406.77970916130943,311.63245845725208,3.6324594572520814,1.2597009256533056e-06,1.2597009256533056e-06,True,True,True,False,True,133751.16025226816,133751.16025226816,133751.16025226816,True,bit,True,0,-34.584220940000002,4,True,True,True,True,True,True,,10.937877684000339,9.7605413930000395
mpce_b30k_s0of3.csv,587,mpce_b30k,SSA,1,500,10,22,30030,random,,308,iii,369.24471621561963 -337.13250165424932;-291.65797346667625 -107.40507363554946;-228.16216345120921 443.52798175560633;88.434963186205181 -475.06575300566448;254.9303776254765 276.87808152199449;-227.72320732491056 -445.13155343428883;-53.501885850968961 189.29177735786377;440.9149906392484 4.7332224771089466;119.02358490005747 -114.78090189145104;-470.96653151515653 155.3566139103828,308.45139033235648,0.45139133235647932,1.6875194378622837e-05,1.6875194378622837e-05,True,True,True,False,True,133942.45055107816,133942.45055107816,133942.45055107816,True,bit,True,0,-77.453023700000003,4,True,True,True,True,True,True,,11.359531662999871,8.7340347130000282
mpce_b30k_s0of3.csv,588,mpce_b30k,SSA,1,500,10,25,30030,random,,308,iii,179.80351595709331 -98.199845915755361;-379.00347050604097 238.70563566164614;489.16530781519867 -41.79320680831399;-113.52318516873235 473.66561937606519;-203.74531117902387 -17.824529636846105;316.20765957553294 387.28199810505481;-393.63933319570503 -307.28199172173066;-125.67441146255935 -483.94826719567226;212.53868802859347 -452.57847177756616;38.950603430618841 191.21466812717168,310.68174732154102,2.6817483215410221,1.7981845817554132e-05,1.7981845817554132e-05,True,True,True,False,True,134825.1334726944,134825.1334726944,134825.1334726944,True,bit,True,0,-0.0039088787450000002,0,True,True,True,True,True,True,,11.589446541000145,8.3700348180000219
mpce_b30k_s0of3.csv,589,mpce_b30k,SSA,1,500,10,28,30030,random,,308,iii,152.23104629605243 112.75767451947826;384.27935393192905 -319.33934086343942;-218.94004082360334 -449.45262836956965;-458.91313232063146 198.41763128651979;480.52298644868159 138.19413305782294;-223.41013481707998 447.31186860323339;-397.07928951208618 -165.69207557953615;67.738856239136069 -259.89265030410218;-162.93181313452953 91.985317481724124;131.29099374692601 471.32482727007863,314.53581469999199,6.5358156999919288,4.8676977851537228e-06,4.8676977851537228e-06,True,True,True,False,True,132776.58577834122,132776.58577834122,132776.58577834122,True,noise,True,0,-89.219188540000005,4,True,False,True,True,True,False,,11.049670634999984,9.7965360849998433
mpce_b30k_s0of3.csv,591,mpce_b30k,LXSSA,1,500,10,4,30030,random,,308,iii,419.20661412987062 162.93093328213357;180.58153552769281 370.05692235133466;229.60829434691439 -444.16213263809829;143.11163040774957 -142.07182280620108;448.29131788449854 -221.37077044731822;-130.98558445251351 -1.5912072685356531;-485.28286331219277 -54.748205989130128;-426.691164645009 260.64273280752354;-200.48220735185248 -314.85245547722496;-124.39511062441701 319.67947587873425,308.00014048047865,0.00014148047864630001,1.6848511964122736e-05,1.6848511964122736e-05,True,True,True,False,True,130771.02768260324,130771.02768260324,130771.02768260324,False,noise,False,0,-0.0069672779650000001,0,True,True,True,True,True,False,,10.872334633000264,9.4199425429999337
mpce_b30k_s0of3.csv,592,mpce_b30k,LXSSA,1,500,10,7,30030,random,,308,iii,-245.53418573743369 244.22255554405805;83.680640630235203 -173.20569544387482;88.024476220893945 139.39095788186034;195.47380571969222 -460.20134952508619;-207.66673519116853 -73.14758785357067;-492.22837390960387 46.976555398153351;7.2532058645425046 438.27621592238233;-301.73715305047904 -378.5668937190519;355.88890195951973 -25.241907582980421;396.88421390249488 289.18325869045634,308.00035263327368,0.0003536332736757,0.0047101949260220004,0.0003536332736757,True,True,True,False,True,127836.4602815197,127836.4602815197,127836.4602815197,True,bit,True,0,0.0075443651289999998,0,True,True,True,True,True,True,,10.98963358500032,8.7083817289999388
mpce_b30k_s0of3.csv,595,mpce_b30k,LXSSA,1,500,10,16,30030,random,,308,iii,-159.9800446142593 106.34059271184094;399.82698963485899 -297.12300381288878;100.32859442018082 489.77810202043077;-437.36014112373607 242.03903259755964;66.069218411372631 -102.89788612212031;468.07466939165022 113.40825303403767;168.29778082766623 187.64194326421196;-461.50699781593437 -77.687080302603889;-208.66814042354477 454.34759236610768;111.63837553547005 -421.0326667627001,308.00011596351891,0.0001169635189057,0.0258741527210898,0.0001169635189057,True,True,True,False,True,128243.14005083796,128243.14005083796,128243.14005083796,True,bit,True,0,0.0015553497649999999,0,True,True,True,True,True,True,,11.258764727999733,9.8384559639998752
mpce_b30k_s0of3.csv,596,mpce_b30k,LXSSA,1,500,10,19,30030,random,,308,iii,428.28191142879098 -129.97693402459254;42.394323286355068 327.73126150962662;110.94364634207483 -67.676509906142698;-427.64946898345494 -257.88749980423466;-323.85764121909108 359.41236687633938;-183.30763782583523 78.929810867723205;218.08718909593495 -375.76018349621432;-492.94032137523914 83.646311120398295;398.80561438179541 301.58591639759572;-159.86490888275205 -440.40794460349559,309.66860366630448,1.6686046663044749,1.7968181398624438e-05,1.7968181398624438e-05,True,True,True,False,True,132351.25745128607,132351.25745128607,132351.25745128607,True,bit,True,0,-0.0032757797739999999,0,True,True,True,True,True,True,,11.545937717000015,8.0635771250000516
mpce_b30k_s0of3.csv,597,mpce_b30k,LXSSA,1,500,10,22,30030,random,,308,iii,118.88926018767657 -134.94017658536561;-173.52488642253687 0.620220014443852;381.48909592346121 -323.21194865116939;81.162001398247384 174.69028918433133;-324.10898980972121 270.42124143026547;-280.95269111791964 -288.21774628935128;102.16521841343659 -460.18436656723259;456.16341465002887 123.09493889147863;181.63870323766972 465.84050765725334;-486.11545649269578 -39.878103921940571,308.00002813207402,2.9132074018889401e-05,3.9117702524672493e-06,3.9117702524672493e-06,True,True,True,False,True,130660.63632838266,130660.63632838266,130660.63632838266,True,bit,True,0,-0.0058750980680000002,0,True,True,True,True,True,True,,11.296778845000064,9.4141426459999593
mpce_b30k_s0of3.csv,599,mpce_b30k,LXSSA,1,500,10,28,30030,random,,308,iii,-115.30272374542773 485.45569774474762;210.39413039410505 -453.57944084017754;-255.7184533067236 3.7473855776529792;458.68999778900115 86.947626487315375;55.007727712421584 219.89594630647244;118.58390133065124 -128.44357899507364;310.50242869361614 391.90321125403204;-394.76079273739811 298.13820643169362;-411.39068160477626 -284.13835573739249;-111.67878363069175 -359.01657186732956,308.0000672470868,6.8247086801420664e-05,1.7428201911352516e-06,1.7428201911352516e-06,True,True,True,False,True,134692.0080358595,134692.0080358595,134692.0080358595,True,bit,True,0,-0.0033804373819999998,0,True,True,True,True,True,True,,11.436128324000038,8.525099998999849
mpce_b30k_s0of3.csv,605,mpce_b30k,PSOC,1,500,10,16,30030,random,,308,iii,-246.80565550423128 434.84058560585152;-196.06112114985029 -290.37034974519031;485.1849176009124 120.49584242959136;300.4380210530029 399.66771051342539;-128.27492959956922 81.931809034836093;-476.0208740990484 -152.98239243884024;299.72598167154717 -320.36555097916647;-451.76891937299956 200.15938500886716;172.54776896703993 -24.688722720006723;32.441508248750914 -498.94438890587514,309.38096491845999,1.3809659184599925,0.00051602593180429999,0.00051602593180429999,True,True,True,False,True,137244.93599790364,137244.93599790364,137244.93599790364,True,bit,True,0,-0.00096270054930000005,0,True,True,True,True,True,True,,10.549585645000208,9.581063019000112
mpce_b30k_s0of3.csv,606,mpce_b30k,PSOC,1,500,10,19,30030,random,,308,iii,-299.92959058268457 -391.01075403080756;494.78528240431524 66.506213044637391;193.75316932992067 460.93295069288882;-120.92713339387902 485.15537054013356;-275.1808771291395 179.42198628405814;165.94075662152989 -56.016947544194075;320.97886863606698 -362.93649332868318;-135.36920535483821 -122.69553426203845;30.027717738460016 -499.09693867844521;-470.54095601982993 -96.773648231716649,308.59962267133358,0.59962367133357475,0.00052534043294619995,0.00052534043294619995,True,True,True,False,True,136802.48064754365,136802.48064754365,136802.48064754365,True,bit,True,0,-85.161501479999998,4,True,True,True,True,True,True,,10.541878129999986,9.7745476969998872
mpce_b30k_s0of3.csv,608,mpce_b30k,PSOC,1,500,10,25,30030,random,,308,iii,-33.436208350197724 201.01625710013019;-321.31818764571159 -383.08493021019547;-208.39144708265155 454.502318365767;227.10298612583742 381.99752022456636;470.94503020665917 166.78324604768216;-343.7237625598566 97.033707660656759;-118.69284687256129 -143.67372234503276;147.46863787310505 -477.75214714710842;437.53126580485707 -241.97461906419585;195.05618163525 -28.302490147464091,308.00084223244602,0.00084323244601589996,0.00055953423691580001,0.00055953423691580001,True,True,True,False,True,134717.01208465878,134717.01208465878,134717.01208465878,True,bit,True,0,-111.7382056,4,True,True,True,True,True,True,,10.65743366200013,9.5392390489998888
mpce_b30k_s0of3.csv,621,mpce_b30k,SLSQP,1,500,10,4,30030,random,,308,iii,-315.24143079597565 388.09905285144265;277.94969155941982 -409.23285250154152;-187.18419761521636 43.614427362756274;-27.615916395550826 -450.46471458528208;-17.684058785641536 306.62968465849571;460.74392570605897 -160.37954825029325;-365.66903302835141 -337.80598704374609;-485.5332149104986 -33.044507627295346;273.51443168953278 408.7506582017237;140.27952068103335 40.72080332466868,308.04014094736027,0.040141947360268597,0.0019664893823711999,0.0019664893823711999,True,True,True,False,False,138171.16097149582,137577.09102303712,138171.16097149582,False,diverged,False,594.06994845869485,0.0020141611750000002,0,True,False,False,False,True,False,,80.887513925999883,10.618749191000006
mpce_b30k_s1of3.csv,2,mpce_b30k,SSABV,HR,0,16,8,30030,random,,320,iii,-910.62734101602211 592.91243702611007;-43.559260108187601 -415.10740399238961;-470.64224776978432 -136.64115663221446;228.25466114943572 -834.82865542272509;269.72613344277619 538.55361421634848;-826.78275873710106 136.28154107090219;942.19072865140868 -828.25950950162792;-408.96827450818887 -593.98537212883969;40.343014894064794 252.03861713835303;532.70029321767026 832.47712513729107;-545.95065605093157 505.22917170283728;-53.854515235427669 662.26178292845748;-737.68968758393805 -833.44557313844359;-602.63677593999057 834.83373752847388;308.92225624126405 -294.13617962115933;-348.90917401263721 210.50507262509402,334.44354680750411,14.443547807504103,0.00026347152607080003,0.00026347152607080003,True,True,True,False,True,138.23979562698943,138.23979562698943,138.23979562698943,True,bit,True,0,3.076665678e-07,0,True,True,True,True,True,True,old,46.761305887999981,26.018298966999964
mpce_b30k_s1of3.csv,17,mpce_b30k,LXBV,HR,0,16,23,30030,random,,320,iii,-862.04090014637745 172.51250049142703;-804.51653357410692 542.4469483244909;378.25110776650104 210.54257863413471;367.04575650982792 820.72780470884902;-238.07715829213214 -436.35540811648485;160.26204317250006 -308.45198870514446;-656.55392670325762 -123.98524676997147;-309.49735381612049 -69.273308287473284;-640.89016727838737 833.19519753871009;-200.5347216194902 834.4048959629489;-541.56641779432493 197.66497363749968;-427.00230038642735 518.51219969983413;217.96781618834817 -726.30194477506939;-238.53787459824696 -825.6554533167099;-70.694702753735228 493.58136173481262;-752.71763900002543 -556.97617635213351,321.4600142228889,1.4600152228888987,0.0011679729211405,0.0011679729211405,True,True,True,False,True,136.64214401011861,136.64214401011861,136.64214401011861,True,bit,True,0,1.8614289929999999e-05,0,True,True,True,True,True,True,old,49.923292383999978,26.53525237700001
mpce_b30k_s1of3.csv,33,mpce_b30k,BVNS,HR,0,16,11,30030,random,,320,iii,702.81594681448416 417.32332815452315;-445.60555425423149 -454.14420073605254;-65.575356156236708 32.318231772326619;922.6663722526805 -830.68922054714994;592.7794053523096 -739.94963097254401;385.60353402556393 709.68940463990077;-813.25985632001459 -109.54250463169353;373.85352656726536 -202.3902301859172;-928.34627500770523 720.73883593609014;-34.101303470525011 -826.70311022411454;-868.81529385520594 258.88061715836415;-223.59507937057012 747.94476578145213;-737.09259335558556 -833.77185439982213;800.26596029069844 -252.04096481594325;518.54993699960073 112.41694388366474;739.10212809408767 827.76904388503442,342.13898352408535,22.138984524085345,0.0036404881879856998,0.0036404881879856998,True,True,True,False,True,140.29390927885265,140.29390927885265,140.29390927885265,True,bit,True,0,1.0931237849999999e-05,0,True,True,True,True,True,True,old,46.628105459999972,36.087345136999829
mpce_b30k_s1of3.csv,40,mpce_b30k,SSA,HR,0,16,2,30030,random,,320,iii,-344.45696463571545 -834.83394949395517;-754.85809874199617 235.94666430491588;736.60348634207571 395.2456324773616;-31.26798536650054 26.466142597814841;4.1911383033015674 -747.53576048074638;-314.68342613322699 810.47487832332286;502.42314983295006 -539.97278029239123;418.68602836462333 448.51200004918513;-274.55444276958451 -432.95534111660533;364.77854651766438 777.30979632012497;-9.9753575090300668 544.73670637307646;-585.60321455385827 -206.41330217486907;-346.16770601064582 114.00409092591831;439.32452388326061 -78.526650932774857;-708.29867537389373 -710.80907286745662;837.89624302254344 -20.06629075767054,322.34890414136947,2.348905141369471,5.1506044772191669e-05,5.1506044772191669e-05,True,True,True,False,True,136.8391085246092,136.8391085246092,136.8391085246092,True,bit,True,0,-0.063785907559999994,2,True,True,True,True,True,True,old,50.225204489000021,27.831943821999971
mpce_b30k_s1of3.csv,41,mpce_b30k,SSA,HR,0,16,5,30030,random,,320,iii,828.91260142778981 97.04783243194106;-474.10468427807984 -833.59866723146536;575.25076123375334 -214.01410408467152;-864.05191703161881 289.35905279548274;419.2353259065751 110.50195558454317;-224.26474286386417 540.93312593131816;-761.65688846367482 -634.71014596397902;-205.49611751522968 -191.2974953967624;852.91008545777106 -378.162080415969;23.329977390701679 79.408847122612357;200.33665377064284 378.73768619219481;-574.70832119778765 -68.46827213139953;430.33269223041771 -531.54139807928834;-178.17190344251955 -512.92803942443243;92.761757151259246 719.89001912780486;-553.06786731168654 467.560086819633,322.55117185060482,2.5511728506048144,5.763020247936856e-05,5.763020247936856e-05,True,True,True,False,True,135.92867562659842,135.92867562659842,135.92867562659842,True,bit,True,0,-0.063038973789999994,2,True,True,True,True,True,True,old,49.930253397999991,24.332826985000001
mpce_b30k_s1of3.csv,42,mpce_b30k,SSA,HR,0,16,8,30030,random,,320,iii,302.08516560790014 40.023677761344594;-502.88464252304732 834.83355435466353;28.33286600992626 406.12488032738986;352.16731014633251 720.86325732386388;452.35780640850101 365.90332491551771;687.68460976564677 -780.09830552505071;-651.44218051205007 453.96995071434424;718.60731060140552 718.91858962447623;-256.20836482214048 23.111477815279518;-706.25046720565854 4.2739844775441318;-526.57348668138036 -793.15137288900496;185.70491946823253 -457.45029378786774;777.64828707378024 391.69152970147201;632.42626371204733 -224.11597472356647;-120.46749193755153 742.39005174600152;-508.48595148674576 -324.53847842645843,326.31109131859233,6.3110923185923298,0.00044664533641270001,0.00044664533641270001,True,True,True,False,True,137.60220214083407,137.60220214083407,137.60220214083407,True,bit,True,0,-0.0064246529899999998,2,True,True,True,True,True,True,old,49.734031315000038,20.353576688999997
mpce_b30k_s1of3.csv,43,mpce_b30k,SSA,HR,0,16,11,30030,random,,320,iii,-636.1944019868406 -257.74021386633979;466.82530621827294 -649.62020140903144;79.973809992354589 551.7149823755642;-15.004404297675979 -802.44500759722303;828.05242652460686 -384.89859992765417;-324.85502609754207 -664.12885253314028;8.9767662893708398 -133.210931062312;139.61493065519377 -468.90823999095068;-872.49778420056111 257.5879108630981;280.42215516320852 810.57950417072652;360.20188034952446 -163.27340555999382;-293.8441556032937 -246.92919354153898;-558.99314073291032 170.70579504744683;-235.17597469409648 117.59471141342937;595.40688065716392 156.73955452591261;-158.44997898878458 794.02478970373625,323.4692473129673,3.4692483129672951,0.0002019344305804,0.0002019344305804,True,True,True,False,True,135.48470059461616,135.48470059461616,135.48470059461616,True,bit,True,0,-7.3114335920000005e-08,0,True,True,True,True,True,True,old,50.113667688999953,20.338301151000024
mpce_b30k_s1of3.csv,44,mpce_b30k,SSA,HR,0,16,14,30030,random,,320,iii,-851.75547048668545 373.10654666140357;-451.85693249522478 813.2213530910542;241.75299535839429 -22.664805052796297;600.41204202543997 -231.23725379039297;-827.6872372656519 -107.01844851096823;300.74197652159768 -441.29979559336181;-574.02589706123467 -834.73895888702782;823.09215363637418 -462.59027725448067;-204.23669605791343 -605.58660544515203;-537.70352263439349 101.4525727426134;265.81381263042766 375.82646751585992;83.907561933674359 -817.17171187369615;548.59337923811984 -734.3762594485338;790.67999771395682 217.00144912268462;919.54708225859417 -831.23891682054875;-67.581360759807083 282.25342067376306,321.10847633320554,1.108477333205542,1.6647342095803652e-05,1.6647342095803652e-05,True,True,True,False,True,137.02144521179727,137.02144521179727,137.02144521179727,True,bit,True,0,1.019373408e-05,0,True,True,True,True,True,True,old,47.553443449000042,24.22272510099998
mpce_b30k_s1of3.csv,45,mpce_b30k,SSA,HR,0,16,17,30030,random,,320,iii,-747.79090000115741 -570.45094775060602;748.45377144090924 -415.83318142032385;130.59659668055451 -834.83378589186236;-97.083238854548782 815.54701536919742;803.86465569087545 -58.11179075258211;25.503526041501399 337.01436660649171;265.3990992106431 -475.55209833852069;-118.61546528658326 -59.782439954846133;444.85603683876593 218.65943599870178;792.74197135972076 -812.99733829136676;458.24211708457619 591.11745199338054;-833.98199653385836 579.77947787665096;-226.68863844957966 -776.58823378539341;-425.88071082985488 153.69183490681982;-282.85009493186732 -459.59259284113426;-691.34470745808903 -33.141164226450741,321.93220648433663,1.9322074843366293,0.00021510813758389999,0.00021510813758389999,True,True,True,False,True,137.54314432494064,137.54314432494064,137.54314432494064,True,bit,True,0,-0.02805813092,2,True,True,True,True,True,True,old,47.799209132999977,19.773404656999983
mpce_b30k_s1of3.csv,46,mpce_b30k,SSA,HR,0,16,20,30030,random,,320,iii,-246.24910146510774 833.85044483583033;459.07167817952677 190.84976934044096;-685.00468004871743 -723.11264510476303;681.451777892829 -768.77539967019493;-174.33251068035281 -201.2274234949995;-341.92037843667526 -490.41570480472097;-742.67047388855178 771.58477647423069;140.56285649556219 -286.55727871186133;-861.55805231187605 168.57530105858081;-82.180665294556761 -801.27938302983398;845.79239969919195 -214.97855585973434;491.28465032909429 -414.7485293727529;-43.673317769200807 355.72100687611299;-455.31638410877446 394.91892564632667;-672.62561056927325 -110.45080211259538;533.82821169764759 566.22826510790424,326.25186047007446,6.2518614700744592,0.00013515891928040001,0.00013515891928040001,True,True,True,False,True,137.76051284882129,137.76051284882129,137.76051284882129,True,bit,True,0,-0.069763844079999998,2,True,True,True,True,True,True,old,47.843143472999941,27.301818838999964
mpce_b30k_s1of3.csv,47,mpce_b30k,SSA,HR,0,16,23,30030,random,,320,iii,-196.69939188515414 -668.35694332522667;-189.34231734115903 486.82557942842334;-798.58413779503451 18.943113592239555;127.20676338603671 264.76165169348832;85.733757796665003 -432.0491769635583;550.10691261207887 -772.85716052871464;172.60406585347212 700.34644181813951;-8.8521582321601304 -90.934471672492975;528.5145850871794 501.37389137689786;-673.37171997760379 -527.69508699079779;495.00188960038736 163.06275299209258;312.6984075739058 -150.73129160300428;-191.16166156849394 824.42538529841568;-259.58879808089841 134.3686697408684;814.13070005341967 217.32086221693231;852.93307037925672 -220.66814761010212,323.70841829928065,3.7084192992806488,0.00020067057406229999,0.00020067057406229999,True,True,True,False,True,135.55609181620142,135.55609181620142,135.55609181620142,True,bit,True,0,-6.8077914360000001e-06,0,True,True,True,True,True,True,old,48.365678537999997,24.617626661000003
mpce_b30k_s1of3.csv,54,mpce_b30k,LXSSA,HR,0,16,14,30030,random,,320,iii,-220.71351782753214 -727.53305798483802;44.066815076756676 287.59048319307522;708.80323271724853 -301.0141944966071;443.21063559601464 -42.194261006159515;21.930937541066882 -149.28623780264186;-650.00162029474973 -305.0982033873899;736.07504637754698 -649.14550690177123;84.005254349250166 -834.83397892487551;48.295964359590073 -476.09181633656738;-740.95127026286741 3.9108146382737354;368.66576002275434 372.90250711291162;-497.09682122032638 798.65971334606695;-229.99092739953787 65.170130457882038;388.88883969825457 832.62668498800747;399.47452304460762 -482.80470972669895;38.757896772808877 679.16888038152752,322.11552593830066,2.1155269383006612,2.2075124436720217e-05,2.2075124436720217e-05,True,True,True,False,True,135.4078432463474,135.4078432463474,135.4078432463474,True,bit,True,0,-6.5878012090000003e-06,0,True,True,True,True,True,True,old,51.068647736000003,28.000867432000007
mpce_b30k_s1of3.csv,57,mpce_b30k,LXSSA,HR,0,16,23,30030,random,,320,iii,-298.12862718180327 -276.72037791865074;-917.07426466759296 620.7969004923292;669.47694413085969 -198.37433727677617;492.74984324763545 821.81680487563472;-543.58723466951164 -13.876146447000956;-53.990272809237155 -491.0058382225543;-420.28083763657662 282.55271922009257;-678.43508992322984 -499.48153943265146;-678.33276546109414 834.82785566463122;119.3108619423942 632.78927286197438;-875.88503231704601 303.39588993360189;-233.16330233550465 834.67724228077998;-209.07481197082407 41.410982667104953;320.27942841547247 -283.47841314194545;-460.91485938993333 600.01961923059559;-818.70238437163198 -180.12232765216703,320.00852141408683,0.0085224140868263003,0.00027811128259960002,0.00027811128259960002,True,True,True,False,True,133.69117322970956,133.69117322970956,133.69117322970956,True,bit,True,0,1.8811240039999999e-05,0,True,True,True,True,True,True,old,49.877372786999899,28.26166618000002
mpce_b30k_s1of3.csv,60,mpce_b30k,PSOC,HR,0,16,2,30030,random,,320,iii,-762.83872187248573 -632.85455153005705;-591.74474247759474 220.33837800000128;-108.18149219396265 -334.56413886483682;179.89583533630753 -81.249068081031993;618.16175276099852 -752.76123176324973;585.97648245988569 223.65656909070398;247.18791385916768 -728.8936356976883;399.9150643142105 -351.66861516687118;943.44249999999988 -834.83399999999995;-148.68655893802833 834.36371375463409;887.63881645466449 -449.95729133234198;-158.03942333160313 399.95651536003055;-888.65681014835286 434.2975730472528;-738.61753490618003 822.09555717151079;-312.56527287437461 -823.42764257057331;834.55329142235553 -122.85346580486561,331.38344201644355,11.38344301644355,9.9999999999999995e-07,9.9999999999999995e-07,True,True,True,False,True,138.25093978939188,138.25093978939188,138.25093978939188,True,bit,True,0,-2.2992924189999999e-06,0,True,True,True,True,True,True,old,45.633738895999954,26.140234773999964
mpce_b30k_s1of3.csv,61,mpce_b30k,PSOC,HR,0,16,5,30030,random,,320,iii,-830.59170468608022 -83.349705089085163;-846.6217677568286 465.96431672545071;-410.10989493204636 -258.36683353212555;-934.03295756423142 822.00826240740139;-146.25273230330617 -582.55506118713629;-374.79644023535957 153.62553264531817;782.54864501215025 -47.39976814614193;128.81558023439067 728.96443470168754;708.42725341083644 538.83272556041788;314.5911459241961 -296.97110260089119;-219.91115657816476 815.78810675576324;-138.36605804297881 494.66371614526525;-576.81441167967125 818.07788188579013;695.5005662609201 -651.67175681202605;89.052641519236502 128.18398232896578;-518.04346591616331 -740.22663228104318,331.31627992007407,11.316280920074064,0.0044442117066007996,0.0044442117066007996,True,True,True,False,True,138.39421473405235,138.39421473405235,138.39421473405235,True,bit,True,0,-0.1219835068,6,True,True,True,True,True,True,old,45.248276885999992,19.609569866000012
mpce_b30k_s1of3.csv,62,mpce_b30k,PSOC,HR,0,16,8,30030,random,,320,iii,257.93810240086947 -492.66267070332873;823.3408933583114 54.133847034443782;-943.44249999999988 834.83399999999995;616.07408195778942 -294.29654050630353;-193.3364159358496 316.62159608945336;406.56906274949461 56.978916031202822;-547.61910833960042 834.4877232856544;738.81508814264112 826.71845082386517;169.59409665776437 594.67175237230117;-534.63129737108864 -289.69761368232395;-864.73220432346238 218.91757578745512;496.95043927984375 -834.75990378547442;29.142102891813689 -755.6478797768392;-22.893503539476598 -66.790222809776211;-593.72529439706705 446.65930236665582;943.44249999999988 -834.83399999999995,348.58116642008338,28.581167420083371,9.9999999999999995e-07,9.9999999999999995e-07,True,True,True,False,True,138.32193478913501,138.32193478913501,138.32193478913501,True,bit,True,0,-1.123365439e-05,0,True,True,True,True,True,True,old,45.969327225000029,23.40507390099998
mpce_b30k_s1of3.csv,63,mpce_b30k,PSOC,HR,0,16,11,30030,random,,320,iii,777.24294751246248 516.78899470857584;-362.21914735773851 -806.73264293606189;-14.487262533950975 -170.41828478138484;943.44249999999988 -834.83399999999995;884.3629371595207 -358.74437049563193;61.894141558109339 702.2791626568262;-528.15223206014889 21.03310254352413;495.14923273270614 -555.02769874930482;-883.64926035344399 834.16798992431359;73.789227775493885 -709.72696737170486;-854.25012895677628 137.6783180722523;-380.06646545330244 727.90724935601781;-742.88377018787469 -784.38537294878165;451.39369896193807 -233.40632615668622;397.42166576454582 94.937474046580078;501.00696951267804 759.95273431448061,324.58412475647179,4.5841257564717921,9.9999999999999995e-07,9.9999999999999995e-07,True,True,True,False,True,139.36088861864252,139.36088861864252,139.36088861864252,True,bit,True,0,-6.6366277740000003e-06,0,True,True,True,True,True,True,old,46.174462232000003,21.305219496000007
mpce_b30k_s1of3.csv,66,mpce_b30k,PSOC,HR,0,16,20,30030,random,,320,iii,-194.66522745489962 -489.77746495932223;816.3025161961956 18.504386153215236;158.86658225974909 -403.36860461763069;376.04169187705895 639.9577739461605;-439.32644202463223 77.294481663038979;468.53570990398549 -807.84821972863176;-943.44249999999988 834.83399999999995;622.68339758908473 304.71960756817754;942.52551529290577 -829.37017238947453;-902.42018362487943 510.7118975451296;-778.2365581348306 -413.48931097966283;-600.94206336290222 807.79735225815364;-164.18754444762078 -832.00683543630646;-30.613651656654202 619.06619574497313;20.528215571096876 177.44273011119623;-742.64609481822083 -758.1362456213426,326.70777116644462,6.707772166444613,9.9999999999999995e-07,9.9999999999999995e-07,True,True,True,False,True,139.09156821707498,139.09156821707498,139.09156821707498,True,bit,True,0,1.5807568500000001e-05,0,True,True,True,True,True,True,old,45.793192919000042,26.389525473999981
mpce_b30k_s1of3.csv,67,mpce_b30k,PSOC,HR,0,16,23,30030,random,,320,iii,604.71462741444577 -278.80133677211541;-648.3880292985059 237.49719090536593;943.44249999999988 -834.83399999999995;742.44802513665115 596.22090003687481;619.41019201252732 -833.17292755026926;282.36800740393534 114.37879295488223;211.80489105745983 -304.07611924293309;368.7480276890218 834.53061084069236;-446.1815859453435 -237.71119095683682;329.64439618798087 -637.65638885399289;-786.88575251023815 681.79265383343443;-48.641573747435949 -614.869103204373;-120.04229986010282 -144.93272475208826;-781.62641308147045 -480.65341492416354;12.036594130562902 771.78722554437354;-345.29441381654578 701.05416043559285,324.03656550051807,4.0365665005180631,9.9999999999999995e-07,9.9999999999999995e-07,True,True,True,False,True,137.86858007245743,137.86858007245743,137.86858007245743,True,bit,True,0,-6.2425400240000003e-06,0,True,True,True,True,True,True,old,47.540757809999945,27.710559464000028
mpce_b30k_s1of3.csv,80,mpce_b30k,SLSQP,HR,0,16,2,30030,random,,320,iii,-823.31928398242064 -142.55879972085168;563.32190094999748 -834.8340000006483;-570.58976748836812 831.05523054184243;140.44380390451667 544.0233725226019;741.46262211953103 -17.109535011184303;360.41670612180565 -227.27879865378847;733.35415108828795 831.71241634051808;-721.47240468698089 517.52221963866486;-865.76329406381353 202.79050974824818;-33.602132703311689 187.9095969860233;420.36275478259171 745.2874562320419;-18.987756241128601 -819.28074370396985;872.66455748106455 -343.59716963455128;276.13441146885509 -541.28515611303771;630.95070983429468 448.05799302633773;-253.14981572305652 610.14911432688109,324.70430839633326,4.7043093963332581,9.9935164396447358e-07,9.9935164396447358e-07,True,True,True,False,False,137.62994617004196,137.4770142981582,137.62994617004196,False,diverged,False,0.15293187188376578,-8.86751522e-06,0,True,False,False,False,True,False,old,123.99337151899999,22.543718380000001
mpce_b30k_s1of3.csv,82,mpce_b30k,SLSQP,HR,0,16,8,30030,random,,320,iii,634.37675648822858 -834.83399999999995;-879.02088381909164 310.66202053778034;-521.92142455547753 571.18198859822019;-610.86104997092821 -229.43982018085219;-191.07958988878227 39.391316444980738;-796.66795391753749 831.24907350285821;401.16236810197063 834.83399999999995;261.50261485970839 249.25986467844683;222.09893158048246 -457.73884518382954;-468.45024573880863 -578.4815700470408;577.76694435892591 499.36644916074073;-694.98578031022828 -834.83399999999995;68.45506816790035 832.95543730838824;-629.60219956346612 102.54388005866039;539.95191827783628 -511.17126110896942;-131.96832745897552 -338.22797939598661,322.31280493338352,2.3128059333835158,9.9999997157829031e-07,9.9999997157829031e-07,True,True,True,False,False,137.11498683632448,137.21480315127258,137.11498683632448,False,diverged,False,-0.099816314948100171,3.5092870409999999e-06,0,True,False,False,False,True,False,old,136.99407531899988,23.905749535999998
mpce_b30k_s1of3.csv,83,mpce_b30k,SLSQP,HR,0,16,11,30030,random,,320,iii,203.51904069728354 -456.64758714840991;63.515863182621501 -155.21850720654618;-714.18202635731802 512.48858081200365;687.13704706226804 188.04035106087215;-441.3140997448358 -130.26163018256992;-510.46810779430922 -499.50858545413064;-125.59355147511194 834.51735889689917;640.30522560138979 558.90204335187173;808.49570159260691 -741.12588823630244;-532.15810614949964 -834.83399999999995;-843.63889784181106 26.167939799129108;-154.36364399028929 101.37810516211466;697.18416162253914 -402.71629232625537;-296.04808325964734 487.25334098565185;-928.68530170384429 831.42969122267891;-201.97470061300183 -834.83399999999995,330.18340553649784,10.18340653649784,9.9999999999999995e-07,9.9999999999999995e-07,True,True,True,False,False,137.80777669818693,137.32993735506014,137.80777669818693,False,diverged,False,0.47783934312678866,-8.5968666499999997e-06,0,True,False,False,False,True,False,old,140.50231606200009,26.839247182000001
mpce_b30k_s1of3.csv,85,mpce_b30k,SLSQP,HR,0,16,17,30030,random,,320,iii,733.5800345898698 827.2093810353681;132.27512578572859 241.16353667149258;-563.93153203220311 831.40538266751719;774.31667128480854 480.95070382129586;25.70250728758225 -584.84652406302484;-322.43151090334538 -790.80993541575708;-728.58123462185972 -198.96048625166358;9.658962418720229 716.03670573380168;-549.85510540848463 111.64222845913109;666.44296678241074 -679.26652909360678;-211.17514083780813 114.4139552893662;-739.35087589823888 -825.77492195970433;339.39457813607686 -827.86729946940011;168.81551268936855 -174.77570001613068;-520.24526083653927 -512.74275321620041;767.90374235466129 125.76121139260293,338.69130616420631,18.691307164206307,9.999988347099131e-07,9.999988347099131e-07,True,True,True,False,False,137.52029171712806,137.02851923476791,137.52029171712806,False,diverged,False,0.49177248236014748,1.115974138e-05,0,True,False,False,False,True,False,old,140.83421632699992,23.555278254000001
mpce_b30k_s1of3.csv,87,mpce_b30k,SLSQP,HR,0,16,23,30030,random,,320,iii,-117.21734103885746 781.19133024161727;436.28639028660353 -419.47290918118102;-526.22021723018963 351.22523042379015;-639.19425680143445 -194.48490904320798;219.31583083058499 -157.95755369562357;-929.64598298351166 723.36584001339747;776.65688461315142 -429.73499174790118;312.60984288230077 833.47465629447731;596.53443794200314 -834.83293952441988;-412.46481557001584 -422.69065532947394;567.6885328156809 196.49050516513987;-734.3702828790482 -833.9809472996061;940.51022033675076 -811.02842429423174;-117.00408373222304 -281.42963219643065;710.88500585292422 -106.47071665889661;636.13321475517967 570.34614840723441,321.68944987236199,1.6894508723619881,0.0010614755800613001,0.0010614755800613001,True,True,True,False,False,137.8412721506522,137.63798730702783,137.8412721506522,False,diverged,False,0.20328484362437393,5.3178217739999995e-07,0,True,False,False,False,True,False,old,134.65090659099997,26.205885958
mpce_b30k_s1of3.csv,88,mpce_b30k,SLSQP,HR,0,16,26,30030,random,,320,iii,764.74014076636524 -434.85951099375217;-751.96063213077241 681.11528588300723;104.940730712036 -830.90177079877083;-322.6211514274699 568.95945900654647;-429.62258492642871 -398.70293311477491;-766.87728513366744 -587.87753118027001;-451.16380865354103 255.12056553620295;-537.31464120642136 -55.984159676250016;387.83331858902841 834.67151229203398;739.19528630056675 819.21266756712657;674.81009723712066 -110.96509941581624;-17.573188954806433 795.80919515488745;22.276039191013655 -192.27371420725842;-12.426135897607733 157.39000306188686;929.00776260739633 -717.4979163202587;-765.66969639199124 335.69607082837558,322.81281882705696,2.8128198270569555,0.013832670373036701,0.013832670373036701,True,True,True,False,False,137.84715202298196,137.9123491309204,137.84715202298196,False,diverged,False,-0.065197107938445242,1.933721876e-06,0,True,False,False,False,True,False,old,114.00188668200008,26.689658085000019
mpce_b30k_s1of3.csv,130,mpce_b30k,SSA,2,1000,15,2,30030,random,,308,iii,-522.66490392807339 852.53727027190632;-127.62535600002948 501.51771355079171;-300.19475807381497 -749.47317698088477;269.18818569389708 -311.38226097324906;-52.612902613294708 33.135042735078912;-675.70947693729147 392.44943693943998;48.301550841994604 -870.75485964040649;-933.15367550825511 -330.77200442129424;-667.52287717128115 -569.15092153983517;354.36437272856551 211.28468980702613;-908.10564024301073 64.184878733452251;-160.19478375594332 -465.52360560266209;-111.96529153951941 993.71171753747353;627.52322449732935 766.71586234623828;-460.34961149359367 -98.585862784381447,316.58703683960448,8.5870378396044771,0.00039895967654749999,0.00039895967654749999,True,True,True,False,True,104091.03459159288,104091.03459159288,104091.03459159288,True,bit,True,0,-3.9055172499999999,2,True,True,True,True,True,True,,30.493527126000121,14.152674772999999
mpce_b30k_s1of3.csv,131,mpce_b30k,SSA,2,1000,15,5,30030,random,,308,iii,68.776376524719282 -147.88316977792411;-980.95071780355715 -47.236682377801536;200.10594760059141 -571.14153499382633;-472.332214432135 506.39846274276209;-285.12565353871696 141.1740828233566;586.75447933401995 -809.76481887485011;587.1988487813768 633.95720933553378;-411.43251175280238 -233.47457631153213;312.23998841746351 188.67103966508358;858.60420663516493 140.33363598123563;564.73475257706946 -176.92992217678946;-947.84778611382592 318.72210653823458;899.14766059435874 -241.83550209993541;-219.13631583843662 -729.91479963422171;118.60986935697144 -970.30974677767028,340.65338300645112,32.65338400645112,6.0547023965933474e-05,6.0547023965933474e-05,True,True,True,False,True,103471.26577906588,103471.26577906588,103471.26577906588,True,bit,True,0,0.00083803317100000004,0,True,True,True,True,True,True,,31.240194682000041,11.025959888000044
mpce_b30k_s1of3.csv,132,mpce_b30k,SSA,2,1000,15,8,30030,random,,308,iii,-726.14701491170547 -518.38066673507979;44.010352459833236 -110.65399233669157;61.930739181480156 -617.01832535080257;186.56761087564223 -982.44176535391159;600.2942762367918 -796.33970735181526;-432.05196613724451 -660.84066765719285;-275.72792237174741 812.28482058232282;413.45564016798744 -440.22410007741058;-712.81776193106555 519.21649530133027;590.70700355252109 304.75462917480337;730.36613029238777 -81.666447662574313;-624.88537549331215 48.325418164931385;924.56174631858971 -381.03193294108303;282.44263331523877 508.75866912947265;-296.40098115055446 208.16406401602615,326.78241931961554,18.782420319615539,0.00012266175827130001,0.00012266175827130001,True,True,True,False,True,103295.8133431318,103295.8133431318,103295.8133431318,True,bit,True,0,0.0003677483328,0,True,True,True,True,True,True,,30.481771943000009,13.891012922000016
mpce_b30k_s1of3.csv,133,mpce_b30k,SSA,2,1000,15,11,30030,random,,308,iii,298.96736926626608 -712.31065536925428;68.129745191093235 705.29364090359161;-278.4346978406935 283.64874961448157;-850.8529316234052 242.52995596088962;-926.73810603094751 -375.70770696083878;-478.30794685273628 -607.33256223553553;248.6107490097713 -29.739804319463225;-106.2950678759732 994.33451844870831;-614.17096032669815 -205.10859201724355;-676.03617186312295 601.58974922683933;-220.47066476364552 -188.74169466217955;643.03216040714653 34.625168175920471;737.24038948364182 -675.63033811131208;720.80273739562097 565.13017055184912;187.46729458386528 373.45011594810563,337.59242335326815,29.592424353268143,0.00010188020553659999,0.00010188020553659999,True,True,True,False,True,103378.01070427745,103378.01070427745,103378.01070427745,False,noise,False,0,-0.0001391903643,0,True,True,True,True,True,False,,31.575657282999828,13.934301068999956
mpce_b30k_s1of3.csv,134,mpce_b30k,SSA,2,1000,15,14,30030,random,,308,iii,461.20360635728849 425.54384106236023;308.79680360977778 -930.53926820999448;190.55432452903165 -594.25512255365641;83.859633119555426 35.044090722630479;769.78132826668957 -635.27269660384786;-443.90015780928059 -896.07623112879082;649.73207582939244 -129.66973030454199;-842.15518084459359 394.97791470027408;763.79701678684285 181.43572060583654;-465.26861563110168 -329.86409052999107;-532.19577364359611 116.41905628771437;-32.850211981967789 531.89582092809735;777.45159634087713 628.94245073701086;-153.94892399616072 -476.81550010294575;929.25446377805849 -314.39905967281521,331.35692589981664,23.356926899816639,1.9951459082927614e-05,1.9951459082927614e-05,True,True,True,False,True,103285.99173909852,103285.99173909852,103285.99173909852,True,bit,True,0,-0.00064707173440000005,0,True,True,True,True,True,True,,29.821297991999927,14.040318653999975
mpce_b30k_s1of3.csv,135,mpce_b30k,SSA,2,1000,15,17,30030,random,,308,iii,-562.37567148058304 -721.44533581028827;194.20201455961833 -863.15377907247603;-150.84588176553154 -742.37319488394917;-186.76068528950969 25.280196707951557;364.18092081430927 -531.72537735395554;833.66310732792613 -330.26162826340817;-87.544416973240772 976.74879549717889;-488.76371073691257 290.71089749852933;-800.08104498519185 -261.36287332502548;-181.42907171229942 -311.77830442011344;896.20930674081603 412.5475234610127;386.5879822060607 -151.45774766834478;-452.44033228835889 655.2162809536502;-800.9705049500368 491.3537700633986;639.13948850905149 -769.09072327614513,337.10066639808724,29.100667398087239,8.779948575718299e-05,8.779948575718299e-05,True,True,True,False,True,103845.6335616235,103845.6335616235,103845.6335616235,True,bit,True,0,0.00027197370949999999,0,True,True,True,True,True,True,,29.437585489999947,11.153309920999961
mpce_b30k_s1of3.csv,136,mpce_b30k,SSA,2,1000,15,20,30030,random,,308,iii,435.78301833343812 -388.02644539826264;-195.33358574621437 -355.58353267583209;-485.80324530246457 578.25100755430901;128.43902944251073 -10.392252529625747;-740.77624378390965 -394.65855491632601;552.11571614065872 584.17067444074257;435.86504187728497 900.00664277335488;-150.61046656371482 960.65062445395677;-599.3945700252001 -790.52200383606419;537.10284848749257 -26.118372032604992;-264.23286634938836 13.154599153488217;942.57643307478156 -333.99036887838702;-108.00264276341838 -955.32963574506368;-44.096600434574761 419.52871338524517;-778.54707403379552 56.314429197007577,336.55100380074327,28.551004800743272,5.1654251708692752e-05,5.1654251708692752e-05,True,True,True,False,True,104156.39684920057,104156.39684920057,104156.39684920057,False,noise,False,0,-0.00066828232960000004,0,True,True,True,True,True,False,,29.823213803000044,14.283708151000042
mpce_b30k_s1of3.csv,138,mpce_b30k,SSA,2,1000,15,26,30030,random,,308,iii,228.57387276885379 208.99717848874303;733.5095119064822 21.816393316093169;449.50242368647923 475.27533785262142;-392.32614876045074 -527.29034478029882;-49.130137283949097 577.32695537241352;370.45887517079075 -726.36623485244422;-941.07599600812068 -305.85660459402982;168.84539720095555 -964.23100812007431;542.68762389419817 -341.03799966325465;928.55279258831081 -371.20003120018953;99.773630959346406 -427.29307485732704;-453.6151432821033 93.946184091033899;-298.20303675599291 -951.78125949307969;943.1869761396664 316.18576039651646;602.66131082655374 797.99681957306007,311.81347767656592,3.8134786765659214,0.0001251067216142,0.0001251067216142,True,True,True,False,True,103649.45831738241,103649.45831738241,103649.45831738241,True,bit,True,0,-13.356825669999999,2,True,True,True,True,True,True,,33.777889331000097,11.00345470100001
mpce_b30k_s1of3.csv,139,mpce_b30k,SSA,2,1000,15,29,30030,random,,308,iii,23.763292927943752 848.86099028663114;848.20248404087863 -390.37423460066361;-331.2691132514588 -656.81464671521519;-823.85750472917937 199.95724716141331;199.73214139345328 -296.42289449836233;393.72820062760314 -901.6866076324626;318.72261620126773 488.52930151323193;957.24601563397664 -75.928927401175088;758.18715823380205 652.03695055725825;-550.06640247072198 650.29784766256387;-301.29522683924421 -87.862832471550902;457.61652540694251 116.04318493737033;-961.94608498991204 -273.23891503666039;-665.39359492170092 -540.2898877450898;411.05866150144999 910.79582656581488,332.81577937663303,24.815780376633029,2.5098671815409035e-05,2.5098671815409035e-05,True,True,True,False,True,104899.29796620407,104899.29796620407,104899.29796620407,False,noise,False,0,-169.03375370000001,4,True,True,True,True,True,False,,32.828396660999942,12.084274876999984
mpce_b30k_s1of3.csv,142,mpce_b30k,LXSSA,2,1000,15,8,30030,random,,308,iii,791.1025737007011 -611.68244103998882;492.47662132442906 -755.82655587285217;-887.42833952314265 460.78245896741078;442.0119659496803 -201.53983931193392;-115.5965452252625 -372.54999831191674;314.01755046129358 815.62405534112474;-890.22133783469576 -281.38507958774687;-20.380816568363493 349.75436744423871;730.38000420865876 470.37945152097706;-455.51625569342781 -305.73505969455147;-415.95838711979843 -692.49449650442227;76.935893129127834 -122.0868055680278;254.55664184262938 159.32461710470992;19.61083721839174 -795.11227004148998;735.49835855017375 -306.31106417782115,310.39250401580603,2.392505015806023,0.0006556039579689,0.0006556039579689,True,True,True,False,True,102640.28205022941,102640.28205022941,102640.28205022941,False,noise,False,0,-0.0017100336700000001,0,True,True,True,True,True,False,,28.93450871899995,14.16437297799996
mpce_b30k_s1of3.csv,143,mpce_b30k,LXSSA,2,1000,15,11,30030,random,,308,iii,272.79767731718266 272.51118454371709;-631.00584170042737 465.16894571466446;-650.56525519574348 -268.77603761173663;-404.27367939856902 64.762638713660607;456.58260053174087 -117.03614914018472;-413.60766575081811 -470.60651565337548;890.65005480232662 -394.26909260193997;-221.68725881773935 -833.99479703486486;-609.94702944249775 -754.35291562783232;-204.82397519457783 330.56903628465039;950.83902841492966 309.6835150887843;-803.83465909513325 196.1026871880054;311.4295983699696 619.84930970611413;-144.31283530201031 951.75929721362456;-53.826956318082537 -300.06084973551992,311.26265606729362,3.26265706729356,0.00063226280292629996,0.00063226280292629996,True,True,True,False,True,103205.72366152729,103205.72366152729,103205.72366152729,True,noise,True,0,0.001497844147,0,True,False,True,True,True,False,,28.727913984000001,14.161179523999976
mpce_b30k_s1of3.csv,144,mpce_b30k,LXSSA,2,1000,15,14,30030,random,,308,iii,643.89324478002209 103.6682717858605;-211.95309258416771 -571.22379883281008;-186.65868859726538 566.0454152838123;-467.51527104657765 -291.32032475953662;599.80647138401525 -454.75074376624207;-902.06799218413437 348.28861101166399;-100.29899180549808 -43.318750733687466;80.381944713918827 -888.75243215355817;203.84339626362143 -191.03741929187115;944.80149622659735 -327.64328953220627;-549.94986012319521 754.31867262958417;590.69630362596547 768.69093470717405;334.13150694254836 479.04970173713917;-626.17478272662811 -779.66466819629431;931.45929636458618 293.05462671360829,338.1174311699848,30.117432169984795,4.7762489455417378e-06,4.7762489455417378e-06,True,True,True,False,True,103927.52531183106,103927.52531183106,103927.52531183106,True,bit,True,0,-0.001069732898,0,True,True,True,True,True,True,,28.549169913000011,11.315278663000017
mpce_b30k_s1of3.csv,170,mpce_b30k,SLSQP,2,1000,15,2,30030,random,,308,iii,-995.07497307969345 97.489650195505973;-563.68138915399732 -825.81691633603714;960.78137335299323 -199.312207227865;456.47928602962861 -804.82455236297926;-714.87682009882872 658.50043628928177;841.32529161297509 -534.41062426805263;895.52319552057213 444.75041134240388;61.032561807201276 -189.43256385363571;-154.28117756867758 986.26160525160242;285.31568009767875 92.542019347380531;-973.27753499107507 -228.26854508465919;985.10419126241629 121.14279271852125;-146.77441030670573 -989.15156607302333;-354.2334768632021 -587.12870639764037;-542.11049448228971 -96.12583759747173,317.55391593644191,9.5539169364419081,0.018227073296887001,0.018227073296887001,True,True,True,False,False,104907.94380880048,104479.79480460208,104907.94380880048,False,diverged,False,428.14900419840706,-0.00073436903770000004,2,True,False,False,False,True,False,,100.6766979949998,13.443630804999998
mpce_b30k_s1of3.csv,172,mpce_b30k,SLSQP,2,1000,15,8,30030,random,,308,iii,540.87241294858018 278.60923358009245;472.56438639254799 -344.78978048575925;-887.99626635535367 -326.14031655722391;708.81869165798571 625.46478459121238;-745.46136824435814 -633.49509551649635;-759.33309572718849 634.97559331269622;-920.0434164830516 105.06142702915561;749.72794195041126 -646.31866556093462;-113.07220493877439 -141.2727672313305;15.967525006852632 931.91484700939463;299.91134898074449 -947.20991075803227;-345.25556069101981 355.10501912732275;981.84852465525546 -118.72914984369805;136.47176508163926 -610.70094044604491;-404.42889238052567 -849.48897413858481,338.79663122382885,30.796632223828851,6.4440477262604672,6.4440477262604672,True,True,True,False,False,104842.3913305678,104501.67067140392,104842.3913305678,False,diverged,False,340.72065916388237,0.00041510566369999999,0,True,False,False,False,True,False,,118.21108120999996,15.599976803000004
mpce_b30k_s1of3.csv,181,mpce_b30k,SSABV,2,750,12,5,30030,random,,308,iii,166.38403441465152 -474.61558239731119;-320.9312109395072 677.86649835085689;-309.60098954108366 179.4574797231916;2.1087775549464509 336.61185378985084;351.438399927116 222.98068715452166;742.97235395946632 94.53715224449023;502.71410991803066 555.85766938122788;98.133707973530306 -79.273039348178997;-670.27586731420581 -336.0329985004127;-638.00010662830095 342.98961221926294;-61.665295019538277 -746.89995707998469;-291.30197235509229 -200.08169633452144,349.08519904365011,41.085200043650097,0.00011317230792220001,0.00011317230792220001,True,True,True,False,True,83112.909031206334,83112.909031206334,83112.909031206334,True,bit,True,0,-0.0002502155112,0,True,True,True,True,True,True,,48.332649147999753,10.958457197999962
mpce_b30k_s1of3.csv,220,mpce_b30k,SSA,2,750,12,2,30030,random,,308,iii,-733.6150116996555 8.115719847433029;-566.79536002944349 -332.50893574800318;-182.31453678069329 727.50335084134758;-560.52840944431728 493.53537693718312;635.39621772112935 114.81519102494552;8.1910969949221393 -541.75322412324886;-342.77896601115094 -659.05409056615349;-59.353563489168167 394.36389741607775;194.34524143693446 21.571589979263166;-413.30463207511121 116.76164028173203;414.93743830684491 538.89805608238555;424.42089398637017 -458.37959360658988,338.2346453606367,30.234646360636702,0.00019046205886999999,0.00019046205886999999,True,True,True,False,True,82751.144394578718,82751.144394578718,82751.144394578718,True,bit,True,0,-187.34757619999999,2,True,True,True,True,True,True,,24.916902630000092,8.5783883799999785
mpce_b30k_s1of3.csv,221,mpce_b30k,SSA,2,750,12,5,30030,random,,308,iii,-205.42042223312521 439.44150859077212;124.58102573499936 463.86737857733254;-463.8090942503531 191.44042697314146;-223.1779492369929 -716.02346890200033;401.5317516602301 -633.46051610419738;610.91689031080693 -394.3858805759325;67.167873459405442 -512.37087627440735;154.73971142374083 58.232958915699996;-100.39882384113383 -157.50595627712718;717.91269106522225 217.02797480580617;-539.85983083029851 -370.99887794983692;367.63762533296239 -184.75098225454116,317.80311143960495,9.8031124396049432,1.8963781033358828e-05,1.8963781033358828e-05,True,True,True,False,True,81688.660816387521,81688.660816387521,81688.660816387521,True,bit,True,0,0.001017272501,0,True,True,True,True,True,True,,24.704956012999901,11.157703581999954
mpce_b30k_s1of3.csv,222,mpce_b30k,SSA,2,750,12,8,30030,random,,308,iii,328.98562107354724 -461.78112342414914;657.51452987657217 360.79709466182476;-27.979244625929631 153.5873798425215;-454.94171278366986 586.69231356822206;-646.68074844712771 -59.73094585370508;-413.64550073063197 -328.62472865608476;256.28000991451069 341.0718517671591;-23.940152000217939 -459.85885526775655;137.40679114674231 722.54477769981077;415.3549232381003 -6.0080729315527792;-668.78780497820844 331.77695060996069;702.26091454301559 -263.30460081701091,332.73411820704115,24.734119207041147,6.7323187297712136e-05,6.7323187297712136e-05,True,True,True,False,True,82054.737603106551,82054.737603106551,82054.737603106551,True,bit,True,0,-88.792464530000004,4,True,True,True,True,True,True,,25.857361785000201,11.110030931999972
mpce_b30k_s1of3.csv,223,mpce_b30k,SSA,2,750,12,11,30030,random,,308,iii,-138.18311881108932 717.1985574545962;536.86555237751634 497.01870663131115;-293.95263555269611 -680.53435375967126;-67.276964189963749 -152.9766021798952;143.47067436481066 474.5979792402843;302.5974999229984 -557.01949805867002;-734.3117304864104 86.419837663709387;689.7087192027351 155.38363604577151;258.58641966382152 1.8439591210482869;-582.29365834958173 472.68806119777139;-206.60374949564627 146.00184471204511;-543.59831348754096 -340.02438561294565,329.84854829077619,21.848549290776191,6.2497970818891187e-05,6.2497970818891187e-05,True,True,True,False,True,83080.558067620645,83080.558067620645,83080.558067620645,True,bit,True,0,-160.50803859999999,4,True,True,True,True,True,True,,25.611381382000211,9.6733492830001087
mpce_b30k_s1of3.csv,224,mpce_b30k,SSA,2,750,12,14,30030,random,,308,iii,257.97222753812457 -41.340643498895446;482.86582918386472 -573.88178111110551;-334.84011633901582 149.05665330873893;-717.98977717518767 216.77297264846314;-580.15799977053689 -475.30685238507419;280.98976198975083 267.06185696610214;658.08158273763559 305.70112968466623;85.715726669076446 -709.17425623554243;-64.055336946698574 339.46923096491884;-312.98769513602457 681.57055354489728;-213.91408364417299 -179.06958811704072;64.187760907601344 -372.33178499677496,309.2602612449499,1.2602622449498997,6.1918697840861566e-05,6.1918697840861566e-05,True,True,True,False,True,82063.242168202298,82063.242168202298,82063.242168202298,True,bit,True,0,0.00127821145,0,True,True,True,True,True,True,,25.588356807999844,11.441847607999989
mpce_b30k_s1of3.csv,225,mpce_b30k,SSA,2,750,12,17,30030,random,,308,iii,588.58511105391608 -41.666506829985778;-286.32696756007141 -318.80573133434922;392.93243267673068 359.50806796067684;-425.13334042394905 -617.86846228462991;452.29858984708932 -395.51689050389172;-428.20419342120641 268.44582054564813;-16.252080227019995 551.55584178414676;-239.90018688153057 -3.0176175324484853;87.240635871946452 -282.74072092452064;51.770179387160326 203.00802562338725;-735.38211728321926 -147.35334406316508;332.69714979666441 665.64075976709148,312.00242674742589,4.0024277474258838,9.0048973336502965e-05,9.0048973336502965e-05,True,True,True,False,True,81769.332482504658,81769.332482504658,81769.332482504658,True,bit,True,0,-185.811723,2,True,True,True,True,True,True,,26.14152537900009,12.315137204000052
mpce_b30k_s1of3.csv,226,mpce_b30k,SSA,2,750,12,20,30030,random,,308,iii,-525.14776658030712 -535.46150026225314;-529.13946332950968 450.68928709200708;669.65042341916217 -272.0792876198654;182.84973072576673 -727.36915811112647;129.33432413736395 628.96066332223779;278.91362658136615 151.94688075824396;-464.80708651883026 -184.1479861886373;492.30472013491288 -528.11734868832389;-254.19436283693901 113.96055598216786;702.05857626004638 192.97992392938602;255.6762372986509 -205.74970926679248;-75.896151051228912 -508.78429970220623,311.45944710199541,3.459448101995406,5.6868152571747491e-05,5.6868152571747491e-05,True,True,True,False,True,82613.829448791279,82613.829448791279,82613.829448791279,True,bit,True,0,-125.8277484,2,True,True,True,True,True,True,,25.504157652000231,11.612290679000012
mpce_b30k_s1of3.csv,227,mpce_b30k,SSA,2,750,12,23,30030,random,,308,iii,-205.67536563916411 151.51355631702248;579.77681951455327 12.873226145044617;221.52884683085401 76.507854955302591;295.80751320356501 587.92540811366166;-489.85569072162457 -93.000522455421944;-461.99717170914693 -432.20615891028501;-664.30340288382649 345.61816674642108;512.84103678659892 -547.26037135440151;-47.355915742716491 475.06187659419487;-134.96337689948942 -315.23229420152012;681.61440238099817 312.89248667966831;350.65219798530143 -264.41554823627285,316.8318954521821,8.8318964521820931,6.6497475020492854e-05,6.6497475020492854e-05,True,True,True,False,True,81670.989638244093,81670.989638244093,81670.989638244093,True,bit,True,0,-20.931051700000001,2,True,True,True,True,True,True,,25.774539739000371,10.463920728999938
mpce_b30k_s1of3.csv,228,mpce_b30k,SSA,2,750,12,26,30030,random,,308,iii,-605.60854699798404 -381.44207323219661;-483.57625416637319 -64.554941506138192;-633.03072754452319 365.69164673226931;-21.164072374998856 71.378992309001774;294.89350910141968 -625.87256500670901;-137.96441700309316 -663.60504434493669;-369.66452816798068 652.57010991830214;382.39459332034244 287.0115530569139;209.90682417710366 645.28170274178171;414.7176226135204 -295.4461536312582;-48.621703520474959 -267.35940842008961;699.97146379598632 69.503329367708631,339.57228206570159,31.572283065701527,0.00025983708417489997,0.00025983708417489997,True,True,True,False,True,83158.986105701828,83158.986105701828,83158.986105701828,True,noise,True,0,-216.42531159999999,2,True,False,True,True,True,False,,25.82701209600009,11.08982933499999
mpce_b30k_s1of3.csv,229,mpce_b30k,SSA,2,750,12,29,30030,random,,308,iii,9.2562005329802801 723.78298711361936;-413.44963201210624 -69.441108591935048;-298.67116453981686 -558.66608421206297;186.03027802905768 -724.59722878820708;188.73344718278938 277.61789725396454;-602.5157109919121 -356.68766878962703;455.39922039090476 -199.8183852691366;-193.01709699325835 342.59828034637201;507.16891170940767 552.52109158955705;-555.6440986984195 217.86054610894655;19.685676862880094 -220.16360240597243;637.69291725847575 192.42951209179262,320.56435726710117,12.56435826710117,9.3229458573456197e-05,9.3229458573456197e-05,True,True,True,False,True,82761.805273189821,82761.805273189821,82761.805273189821,True,bit,True,0,-0.00026433133460000002,0,True,True,True,True,True,True,,25.638461254000049,11.473940739999987
mpce_b30k_s1of3.csv,230,mpce_b30k,LXSSA,2,750,12,2,30030,random,,308,iii,286.31920029371048 122.43035500408629;-93.843308101442062 -11.818257673592539;-462.4732956156459 -37.879018726344569;-224.26117986621568 534.09920963759794;594.24508454676288 406.06400602480784;550.38983157764108 -509.48072172407399;252.78217005324737 -307.11495969402444;692.8670038102091 -15.997629283342128;-638.84964023543398 375.37750300804623;-84.320440774191539 -594.15936632277499;-633.74394005180704 -401.08410386421116;241.29284293228645 710.08292827126081,359.89195856537384,51.891959565373838,0.0001077167104338,0.0001077167104338,True,True,True,False,True,82950.07924522704,82950.07924522704,82950.07924522704,True,bit,True,0,-28.46689293,2,True,True,True,True,True,True,,25.48430032500028,9.7394037699999672
mpce_b30k_s1of3.csv,232,mpce_b30k,LXSSA,2,750,12,8,30030,random,,308,iii,-538.727186377213 398.66799025883921;270.34291847644818 -167.62778542244959;292.72734343680054 -668.12891207930602;347.24545442564266 664.77105587388701;-294.38843138591557 680.81673848909179;351.67947806602797 294.21768229359708;-158.45216671827049 -213.2157558530011;614.0606506827769 114.92212643979005;-728.9729693913963 125.68008002255826;-341.14985254436249 -489.52411510553515;45.580605447002711 560.10117778098697;648.38548610653675 -243.72546089130788,317.79045941101793,9.7904604110179321,2.6102031258938951e-05,2.6102031258938951e-05,True,True,True,False,True,83063.430368348694,83063.430368348694,83063.430368348694,True,bit,True,0,-0.001904174933,0,True,True,True,True,True,True,,24.923379932999978,9.4897560119999298
mpce_b30k_s1of3.csv,234,mpce_b30k,LXSSA,2,750,12,14,30030,random,,308,iii,315.2881647204764 53.784892048901327;352.10537564181709 451.82229953407443;-215.14936788361621 80.316007761586221;470.54694710654536 -584.02522188346916;-726.35365402085165 144.83714549522085;273.9302807699018 -292.31237084163678;23.944262984684769 -677.94306172591689;678.57274391651026 174.73541075107491;661.98397761450178 -312.21565365092806;-504.07001751016799 -123.77419909869538;62.842599649441517 705.95961688520799;-211.07155310528012 -320.17616080917037,332.45838541457283,24.458386414572828,7.484845343949564e-05,7.484845343949564e-05,True,True,True,False,True,82333.558909861182,82333.558909861182,82333.558909861182,True,bit,True,0,0.00083619437649999997,0,True,True,True,True,True,True,,25.36968660499997,8.1058254769999394
mpce_b30k_s1of3.csv,235,mpce_b30k,LXSSA,2,750,12,17,30030,random,,308,iii,361.0694004133864 564.31572978645806;691.98354804767848 -226.6036558308831;-437.85892519282618 307.92834388235565;316.53853373109655 -679.59781331912029;-398.0918535469097 -635.62788879560446;207.29665984687591 -125.43691386178058;-11.576266268435612 -565.26159006554906;-162.37517001888889 622.40165381825022;466.24089865303307 188.37280565911161;-225.00451663185152 -90.325316046444314;-550.00872948602114 -247.76345695857398;131.13638539928218 299.3604224917637,347.46524132152194,39.465242321521941,4.3083220137101297e-05,4.3083220137101297e-05,True,True,True,False,True,82542.841663964005,82542.841663964005,82542.841663964005,True,bit,True,0,0.0022600963130000001,0,True,True,True,True,True,True,,25.642715829999808,11.208477689000006
mpce_b30k_s1of3.csv,237,mpce_b30k,LXSSA,2,750,12,23,30030,random,,308,iii,340.1183894828647 -503.6830667834476;138.81741827074259 -737.04110408175848;-507.83246079347606 -450.75705879006767;293.18340421316941 678.59131849056212;-180.13257060881025 -680.58185474792629;-172.42147713272092 148.93717628277037;566.03144555140682 356.50851489990021;364.43329837132734 -141.91380273540136;37.195531012875371 398.25538235920851;-288.0875599499908 -140.03145590362831;-171.46168405073053 713.56577033078565;676.02214811239469 -289.23362313857956,308.18509792438613,0.18509892438612491,9.118573086905236e-05,9.118573086905236e-05,True,True,True,False,True,83317.704283848754,83317.704283848754,83317.704283848754,True,bit,True,0,-0.0016339721329999999,0,True,True,True,True,True,True,,26.065130566999869,10.110960474999956
mpce_b30k_s1of3.csv,238,mpce_b30k,LXSSA,2,750,12,26,30030,random,,308,iii,-311.97040511092774 -67.954300372183511;489.75360799394508 -24.233915309461448;29.708084983517328 -623.68163989966411;369.91579651768996 -652.42697535674563;-736.12490013495074 143.59297636151112;59.127656460280477 -233.40056925144711;-238.12883677929685 -435.92517799793711;302.44332236340813 638.45707876315475;-571.29494839375502 -458.23952789580471;629.29886333021227 -313.77336409079311;-421.86558143351766 495.28591357559463;379.07482232313168 280.26540242672633,321.41246193553445,13.41246293553445,0.00079336105284499999,0.00079336105284499999,True,True,True,False,True,82343.991516560272,82343.991516560272,82343.991516560272,True,bit,True,0,-36.31049806,2,True,True,True,True,True,True,,26.179440598000383,10.549429146999955
mpce_b30k_s1of3.csv,266,mpce_b30k,SLSQP,2,750,12,20,30030,random,,308,iii,86.030311508701772 -397.4212364167492;735.36336282992784 108.56380977625973;515.1936812245109 356.98468396587072;-632.82185307196585 362.48063677949142;278.58923520242729 -673.6211163792608;249.78914168060018 -66.180380426087311;697.65733629807426 -271.07627850790061;-77.874757311031686 743.43737292565129;-745.93555848607809 71.699528062641065;379.28253167830843 646.65431149664732;-138.38298218686487 -737.01610325088518;-161.5666381375701 -29.980317528997517,312.0069927727763,4.0069937727762976,0.1049508696170303,0.1049508696170303,True,True,True,False,False,83366.048202575592,83270.735646181449,83366.048202575592,False,diverged,False,95.31255639414303,0.0012368434109999999,0,True,False,False,False,True,False,,126.66655713799992,9.7000298550000039
mpce_b30k_s1of3.csv,271,mpce_b30k,SSABV,2,500,10,5,30030,random,,308,iii,133.62966758239875 -481.68954420628648;-471.03962444302653 110.94027466560722;-321.87810155370835 382.04678329029866;138.61810958050535 -163.32691337693191;44.8195926878726 497.95178779079481;-100.44960303968999 73.061833842323693;-436.07202821893333 -244.62363498705952;225.53681557487928 225.72696366428522;454.13236417482625 -52.862445343698212;-182.60644301326602 -419.63384629387809,308.01522193766442,0.015222937664418601,0.0004644109584458,0.0004644109584458,True,True,True,False,True,67900.835605516069,67900.835605516069,67900.835605516069,True,bit,True,0,0.0012751475439999999,0,True,True,True,True,True,True,,41.65814925299992,8.4374217259999682
mpce_b30k_s1of3.csv,272,mpce_b30k,SSABV,2,500,10,8,30030,random,,308,iii,-18.969609385042666 -498.94427296497986;498.56716237610738 16.784239522958565;203.43842133898053 -87.984588861019077;-245.60176160994411 435.52240884097222;-12.94670200390248 232.9173418928537;-496.11756317721472 58.248844872434574;348.83771475826808 348.89459590394625;339.68741140139832 -366.49970927068921;-179.17317385832104 -58.495248072417041;-335.98870547299566 -354.14268039982613,308.50800623864262,0.50800723864261954,7.0914492792107919e-06,7.0914492792107919e-06,True,True,True,False,True,68332.258380856147,68332.258380856147,68332.258380856147,True,bit,True,0,-101.3907219,2,True,True,True,True,True,True,,22.798641738000239,6.9232694419999916
mpce_b30k_s1of3.csv,273,mpce_b30k,SSABV,2,500,10,11,30030,random,,308,iii,3.7360223892224198 -1.8655789600885058;-219.90363302259394 -448.99326845037405;-415.01610657363256 134.88251494651468;29.33711802691505 309.43630028584084;428.39781146108311 64.586648319280826;-300.68905884380825 -151.33779318038233;419.11664607341964 -272.65580427933787;70.757282254117868 -346.70194758990522;-276.82352808205661 416.36885558308461;340.92655061305697 365.74423991962118,308.13516838049378,0.13516938049377811,5.0376957747426783e-05,5.0376957747426783e-05,True,True,True,False,True,67668.888082399921,67668.888082399921,67668.888082399921,True,bit,True,0,0.0026722280309999999,0,True,True,True,True,True,True,,22.469688187999964,8.1469657040000811
mpce_b30k_s1of3.csv,310,mpce_b30k,SSA,2,500,10,2,30030,random,,308,iii,499.73571973387482 16.250769687215382;361.20030739037884 314.49067516620687;35.62819398706084 104.70815883061984;108.28225001802916 -450.94384994877987;-237.16811383776337 -440.17173938906092;373.148576581182 -266.21535012828429;69.020284114875352 459.47908630406062;-178.11634219463386 -137.82968735722645;-233.55205230394893 327.52262111398551;-436.78081268529058 87.735460408244904,308.05491095097443,0.054911950974428601,0.000123906654326,0.000123906654326,True,True,True,False,True,67024.854092190639,67024.854092190639,67024.854092190639,True,bit,True,0,-52.721160159999997,4,True,True,True,True,True,True,,26.453365650999785,10.322236578000002
mpce_b30k_s1of3.csv,311,mpce_b30k,SSA,2,500,10,5,30030,random,,308,iii,61.170163235514231 -493.92306713901894;-438.22514601041786 240.74615820456393;163.84284758174232 472.39325394647341;424.65992849897458 255.76131711167176;-285.85427633962962 -375.08988157321789;-181.51009013562268 -48.321448944869658;116.32646294061004 152.15021469525163;-192.87121831965925 453.95184459403333;440.54742761862752 -236.46969327510527;124.75602456971285 -176.30293811168869,321.47200292793241,13.472003927932406,9.7138911339934555e-06,9.7138911339934555e-06,True,True,True,False,True,67383.392412295972,67383.392412295972,67383.392412295972,True,bit,True,0,-416.27604509999998,2,True,True,True,True,True,True,,26.766162404999704,8.9411597529999653
mpce_b30k_s1of3.csv,312,mpce_b30k,SSA,2,500,10,8,30030,random,,308,iii,490.02355248068267 -99.382656616030971;-347.08191529738019 -261.40625905667321;-18.562968597495104 457.11301288594922;-342.71151761569939 364.07252721860124;-14.359504342423874 -489.66901292928532;-176.55987503066169 90.840269138268923;-495.57257604112397 66.389277119448465;316.047925743983 387.44500021496827;154.8065108224701 64.180068177950901;213.86658216942254 -247.29079098313747,313.27222740525889,5.2722284052588861,6.5781517289688051e-06,6.5781517289688051e-06,True,True,True,False,True,66883.104818913955,66883.104818913955,66883.104818913955,True,bit,True,0,0.0045274263679999996,0,True,True,True,True,True,True,,26.278261903999919,10.088182078999919
mpce_b30k_s1of3.csv,313,mpce_b30k,SSA,2,500,10,11,30030,random,,308,iii,-499.85053896901292 -12.224433041432878;-41.359770680213899 477.95395338798727;459.43570236339991 -197.2783464145034;-185.04737081948406 -100.87502614700139;321.99111098296055 97.644116165056758;99.768345183569878 -335.8528799043433;-4.2213475247595982 160.75523823288859;284.51040848007369 411.16147906809044;-322.39347068444476 -381.46184308299223;-365.32879950999751 341.37161869684991,312.39864434146801,4.3986453414679545,2.9292028241579826e-06,2.9292028241579826e-06,True,True,True,False,True,67087.00541792615,67087.00541792615,67087.00541792615,True,noise,True,0,-319.20786579999998,4,True,False,True,True,True,False,,24.712969009000066,10.317879796000057
mpce_b30k_s1of3.csv,314,mpce_b30k,SSA,2,500,10,14,30030,random,,308,iii,-136.8680356142645 -134.51100162024377;10.111573659045462 188.9332706950924;-3.591562116865247 -415.0277153579591;-217.75410653375991 449.83994344536143;251.64992616324503 409.04238091924736;375.65270921537569 22.47693200148252;-313.3745281653579 -389.61056171635778;-488.63763597124932 -105.98685666847537;350.58691917957373 -353.13201424800138;-456.69349226179378 203.5459586092901,310.21013438300184,2.2101353830018411,1.6296203685011279e-05,1.6296203685011279e-05,True,True,True,False,True,67538.145958952722,67538.145958952722,67538.145958952722,True,bit,True,0,0.0016045176599999999,0,True,True,True,True,True,True,,23.129962790000263,8.2325890680000384
mpce_b30k_s1of3.csv,315,mpce_b30k,SSA,2,500,10,17,30030,random,,308,iii,220.41192762841536 -448.79679349148887;488.13597443934742 108.27398936340533;-355.97505769344247 339.91002421792427;-417.12105702507171 -275.6989571493126;429.57480230996441 -210.36301320088774;-124.44674490655943 -380.46126583216989;-497.79598673515846 46.894378801951881;-192.98834885295378 -12.571919492599354;133.28511824148319 9.7812529753151178;283.85638969437144 371.79318373272855,310.55424122717397,2.5542422271739724,1.4685482144865092e-05,1.4685482144865092e-05,True,True,True,False,True,67104.261637428775,67104.261637428775,67104.261637428775,True,bit,True,0,-0.00033968404750000001,0,True,True,True,True,True,True,,22.93509020800002,8.708462059999988
mpce_b30k_s1of3.csv,316,mpce_b30k,SSA,2,500,10,20,30030,random,,308,iii,206.64325959509785 435.46234279428177;-384.2083105100362 126.38638193043596;446.86869353544404 224.29519437504104;144.27991383059472 -436.68326411564271;-157.43029833460031 359.62047010577641;-47.906899527349772 -161.87340146581823;433.90766549215209 -230.11042868513701;189.770991081489 50.597875048989302;-205.83622088786802 -455.5699791829656;-452.41396519278004 -205.06999200463389,310.27405200589817,2.2740530058981681,3.7518189290291045e-05,3.7518189290291045e-05,True,True,True,False,True,67055.452926543483,67055.452926543483,67055.452926543483,True,bit,True,0,-49.36559879,2,True,True,True,True,True,True,,24.52833196100028,10.017452990000038
mpce_b30k_s1of3.csv,317,mpce_b30k,SSA,2,500,10,23,30030,random,,308,iii,-96.713210060861201 462.0948440527398;435.92934827425205 -111.32519158817472;-498.58962098981829 -37.527312706361151;246.81678595595153 434.5025978455613;-87.132390979411994 -430.44531040233181;-107.29105984626055 -34.799167920168365;-377.53349437246277 -327.82352511252435;-307.99968738033232 218.6391505495038;241.10662318368017 -438.02690471623322;457.69590679024452 201.28193985855327,308.00005140903585,5.2409035845357721e-05,2.8001679541172053e-05,2.8001679541172053e-05,True,True,True,False,True,67249.382856539072,67249.382856539072,67249.382856539072,True,bit,True,0,-33.40890418,2,True,True,True,True,True,True,,25.346079795000151,7.2873438639999222
mpce_b30k_s1of3.csv,318,mpce_b30k,SSA,2,500,10,26,30030,random,,308,iii,85.158421914511848 274.59824483712265;416.14758467621778 247.21286315672293;179.27738470475356 -75.473347610303648;-442.02158667378427 -177.18034569776944;381.35130365456342 -308.12506046404337;-133.48101757922882 -280.90900757086064;111.39866930926705 -487.43217671279251;-226.32297678753284 426.63029951093358;-155.71821951251084 35.591342007135388;-463.48559243306892 162.64521057286092,308.15692141101306,0.15692241101305621,0.00021058119750949999,0.00021058119750949999,True,True,True,False,True,67598.336795093608,67598.336795093608,67598.336795093608,True,bit,True,0,0.00072044889379999999,0,True,True,True,True,True,True,,25.630335212999853,7.376231172999951
mpce_b30k_s1of3.csv,319,mpce_b30k,SSA,2,500,10,29,30030,random,,308,iii,-274.2512450415997 414.66302611389847;352.36553839541295 354.737230937471;64.233909762470702 483.4149965543491;-70.802194872309514 125.95097052637811;440.02548630139285 -237.43777096847975;492.04599922698168 71.276937503601317;216.22038209191916 -450.83106906072726;-395.08084646320674 65.954559331227969;188.76385695592333 -54.473386166264874;-106.59363327645363 -373.9484371708362,309.23360803913306,1.2336090391330572,2.5338126706879849e-05,2.5338126706879849e-05,True,True,True,False,True,66232.315175062904,66232.315175062904,66232.315175062904,True,bit,True,0,-30.284379730000001,2,True,True,True,True,True,True,,25.773732011999986,8.8427126530000351
mpce_b30k_s1of3.csv,320,mpce_b30k,LXSSA,2,500,10,2,30030,random,,308,iii,107.53003632739812 -162.41281588019632;-256.01171454016594 275.28765545211616;499.24494986993852 27.456469126940416;101.34355186618251 156.41183257768026;345.05869202380165 361.84798161747148;-428.25067237767388 -258.07235884492724;31.780965369852687 -466.39495532952856;-196.6541488261864 -37.059435855410143;-1.1495909533016206 491.21100969525935;364.8795457901121 -341.85205013716643,313.2779322823817,5.2779332823816958,2.0208285721106222e-05,2.0208285721106222e-05,True,True,True,False,True,67514.97239353662,67514.97239353662,67514.97239353662,True,bit,True,0,0.0024887142349999999,0,True,True,True,True,True,True,,25.316463548999764,10.098294292999981
mpce_b30k_s1of3.csv,322,mpce_b30k,LXSSA,2,500,10,8,30030,random,,308,iii,490.36530627802773 97.681854947981535;291.36872331439207 -137.40210188856929;236.57696124001254 -440.48940871297003;-52.052240979721653 445.67780687596917;-209.4514033989 169.01167389009478;-483.28683525572291 14.5360362379809;288.77953075263855 333.65148695510095;-27.665599614792178 -189.9468206097946;91.215057027322715 96.911229230744098;-67.011099874555924 -495.48484585110492,308.0000856319424,8.6631942394888029e-05,0.00012261279232710001,8.6631942394888029e-05,True,True,True,False,True,64868.081604891333,64868.081604891333,64868.081604891333,True,bit,True,0,0.0017330627379999999,0,True,True,True,True,True,True,,26.25982365099981,10.134167787000024
mpce_b30k_s1of3.csv,323,mpce_b30k,LXSSA,2,500,10,11,30030,random,,308,iii,-407.41051930162155 233.57987128616122;479.26024778259989 142.5118040157073;-208.6813146584247 -446.91813266967171;-271.12577727662676 -60.334324731531758;11.311897085338508 -195.42294049204133;182.62986967892172 -465.45189069760841;420.06567772435523 -227.2301899940083;164.71299024543669 86.188264080887777;239.99363843988974 437.90391972378359;-72.43955285319737 314.89945488668445,313.08141753717376,5.0814185371737608,1.6115495807534898e-06,1.6115495807534898e-06,True,True,True,False,True,66701.498216173277,66701.498216173277,66701.498216173277,True,bit,True,0,-159.3015584,4,True,True,True,True,True,True,,24.482043823999906,10.317760603000011
mpce_b30k_s1of3.csv,325,mpce_b30k,LXSSA,2,500,10,17,30030,random,,308,iii,-67.125269280825037 100.20478676789003;48.227624155722459 -270.78770014829365;92.11843455954947 367.71591409399099;-242.10817879032058 -154.68231692845288;-197.24138780093304 -459.45111655985278;349.96072560824547 -338.12691137422962;-499.8030809442962 14.011323424972561;-334.97351653642573 278.91280364713811;223.72600344273525 -16.722960744413278;423.69688140313752 259.70589015079048,308.00033586319012,0.00033686319011390001,0.00050743052298929999,0.00033686319011390001,True,True,True,False,True,65883.425950413657,65883.425950413657,65883.425950413657,True,bit,True,0,0.0011570793290000001,0,True,True,True,True,True,True,,27.378901133999989,10.26307112500001
mpce_b30k_s1of3.csv,327,mpce_b30k,LXSSA,2,500,10,23,30030,random,,308,iii,-52.492172719909981 482.7825206481798;-94.960544673685504 168.75190924092846;180.04215458055842 -88.28978322934806;-449.12063767867687 -16.696158521961483;-127.92604101421458 -145.78194455758924;258.43148285236117 212.75985716857602;-370.3673927684863 -335.88068073653176;-45.293962351810976 -473.27858462672538;487.0429581173222 -113.08651621174367;302.71638578177505 -378.95561870757598,308.00060282216799,0.00060382216798870005,0.00059779977556470001,0.00059779977556470001,True,True,True,False,True,65578.17410333408,65578.17410333408,65578.17410333408,True,bit,True,0,-4.0776183600000001e-05,0,True,True,True,True,True,True,,27.58660039200004,10.516737221000083
mpce_b30k_s1of3.csv,330,mpce_b30k,PSOC,2,500,10,2,30030,random,,308,iii,-26.183296839186504 -170.48113388584051;-257.3481246292568 -428.68321730192508;92.766040859922626 -491.27708872596548;320.22217983893239 -236.49269150587682;-94.271639973638386 491.03243949010914;-491.44372773129328 -91.975092192303407;251.0025772761563 325.95147739058177;499.74034989364094 16.101459828178417;-422.88966096014036 266.7647788107119;-35.017799841519583 138.35122038679893,308.9586889680873,0.95868996808729878,2.2650730241148264e-06,2.2650730241148264e-06,True,True,True,False,True,68415.259381467054,68415.259381467054,68415.259381467054,True,bit,True,0,-0.0001551613241,0,True,True,True,True,True,True,,24.686549625000225,8.4753391280000869
mpce_b30k_s1of3.csv,331,mpce_b30k,PSOC,2,500,10,5,30030,random,,308,iii,-139.57075721199041 480.12007868303164;-398.01684132174842 301.39745883764766;-410.19958980239045 -285.89401421088706;183.5873073772047 -456.40539268404564;-499.88125615446114 10.729245749917181;-153.97249819165691 -463.40793500235708;494.47162359507672 74.140250446519261;185.74463539165023 361.92385496568698;439.01890649150181 -228.87030262717073;57.319821891507061 -60.488500443557228,308.00059920205558,0.00060020205557970001,0.0009101651622838,0.00060020205557970001,True,True,True,False,True,67854.345496322931,67854.345496322931,67854.345496322931,True,bit,True,0,-0.00066269330270000005,0,True,True,True,True,True,True,,25.038353178000307,8.2294585020000568
mpce_b30k_s1of3.csv,338,mpce_b30k,PSOC,2,500,10,26,30030,random,,308,iii,498.16455483059036 -42.799237882419433;-358.24516396541674 290.2523568141649;309.29814497166387 -331.67955701260684;-363.67647299326876 -298.60667953363981;348.16479449577628 358.8592588327067;36.365499043320199 155.37263076251139;-43.843117246111127 -152.81740178648994;-35.353082103566983 496.51678045035464;-499.94083644416497 -7.2733198570836981;-100.77863475430647 -482.08121821826916,318.45646215710514,10.456463157105134,0.00030254721474669998,0.00030254721474669998,True,True,True,False,True,68613.190877484856,68613.190877484856,68613.190877484856,True,bit,True,0,6.4624560759999995e-05,0,True,True,True,True,True,True,,23.0912799720004,10.081520842000032
mpce_b30k_s1of3.csv,353,mpce_b30k,SLSQP,2,500,10,11,30030,random,,308,iii,54.950045213452022 -180.92132092584581;-231.98610157080194 -426.39498518368544;-208.52854155287793 454.38213273414976;461.19017766580043 -158.42663826213766;-106.81570013889639 159.18987594397171;188.74290193968562 -462.11771390621078;-479.33616563381287 139.64001869649471;-408.99433551080426 -162.43620177257486;470.04234793921984 168.8030902190614;258.3897226822973 427.12364944422103,310.15805009370968,2.1580510937096733,0.052728589993878597,0.052728589993878597,True,True,True,False,False,67995.254262119808,67441.059672693067,67995.254262119808,False,diverged,False,554.194589426741,-0.0016881251209999999,0,True,False,False,False,True,False,,135.25084365399971,9.9727758199999954
mpce_b30k_s1of3.csv,400,mpce_b30k,SSA,1,1000,15,2,30030,random,,308,iii,-505.84073507725435 841.29722581843509;-46.735293265580566 537.73056225669643;-265.47505701944129 -699.14572920232331;311.54356458549114 -328.01803176201435;-100.11149562515538 58.732588333541749;-575.62051356140762 301.12150765958251;116.70314730840853 -729.91388760239397;-859.81608574421296 -291.9384342557521;-576.66264515327362 -492.48794198249755;363.10282120061663 232.4332464267388;-971.62213576465331 236.53680779326072;-134.45535102005192 -343.54061457556747;-222.48273634586818 974.93660908311494;666.53994481826294 726.75208567879793;-438.45185440657264 -66.616724648860881,313.29098327979409,5.2909842797940883,2.1148786461504643e-05,2.1148786461504643e-05,True,True,True,False,True,204404.80835233355,204404.80835233355,204404.80835233355,True,bit,True,0,-24.391532389999998,2,True,True,True,True,True,True,,31.076546269000573,14.545529481999949
mpce_b30k_s1of3.csv,401,mpce_b30k,SSA,1,1000,15,5,30030,random,,308,iii,-23.588627183307089 -256.15769616477564;-887.13988776686881 2.5163880742812221;277.02289856744716 -509.87069428250442;-563.55601027936427 543.8598828684668;-153.0306280467085 160.49047047252884;489.32864980371903 -763.46329019323139;576.92818513738166 602.98389425062351;-352.62608834073149 -148.26329823724743;153.019309910071 269.73318268636234;754.53084366093083 218.26212216355384;455.65525579570328 -145.9196631844834;-857.69387238686613 351.39310057591706;970.34729199090475 -241.49896255571704;-153.81301525397257 -830.8247366527097;244.44832467032197 -969.66231263595898,320.13186422750039,12.131865227500384,9.0096782539840195e-06,9.0096782539840195e-06,True,True,True,False,True,205781.03083879597,205781.030838796,205781.03083879597,False,noise,False,-2.9103830456733704e-11,-72.303292819999996,4,True,True,True,True,True,False,,33.557666515000165,13.91790376199998
mpce_b30k_s1of3.csv,402,mpce_b30k,SSA,1,1000,15,8,30030,random,,308,iii,-647.64074110993613 -567.21119082303119;114.63530236193492 -114.07306913395087;20.684932931363662 -613.7635243253477;149.92313646799994 -984.18161031281511;577.92109772109575 -755.68612645280757;-324.29054546458991 -674.26384951286309;-297.59109339014429 723.26444682964427;439.94293174083282 -385.18323080017865;-778.05982698897401 628.1888424968248;691.55522466197999 358.2825975886318;579.54256630845032 25.461556911119555;-599.96986467795273 74.305758468555112;905.98792283392845 -400.09296255093932;171.19241187541573 423.90476634074565;-316.78579026229062 260.29339251293334,338.79878987399115,30.798790873991152,0.00084289454798880002,0.00084289454798880002,True,True,True,False,True,206540.72243062209,206540.72243062209,206540.72243062209,False,noise,False,0,-90.890772150000004,4,True,True,True,True,True,False,,32.580810596999981,13.866065458000037
mpce_b30k_s1of3.csv,404,mpce_b30k,SSA,1,1000,15,14,30030,random,,308,iii,398.80103997156647 500.23743598089828;234.08810240521504 -956.21049318982989;403.746427808688 -590.24601093985223;110.86871095483819 183.75900916554826;777.47034390876274 -628.91959493604497;-400.03090818535651 -868.4880792486432;593.75108591240166 -223.13138535841838;-907.01769354154226 398.20327492414805;632.56556732652166 229.23621514788476;-374.00242542254591 -207.29453074530343;-515.22301098763614 219.71571501633099;-116.02612409933703 500.02224591994542;806.73629021344937 585.60389971732707;-118.75582934139571 -423.96658418111571;918.6013306749004 -343.24302558029905,318.63624668962569,10.636247689625748,4.7239357197904608e-06,4.7239357197904608e-06,True,True,True,False,True,206270.42093801647,206270.42093801647,206270.42093801647,True,noise,True,0,-0.001123511378,0,True,False,True,True,True,False,,31.591850453999541,12.007571180000014
mpce_b30k_s1of3.csv,405,mpce_b30k,SSA,1,1000,15,17,30030,random,,308,iii,-501.52684539486893 -768.76555231683403;209.12437646888304 -977.88887352492532;-175.63401332036503 -652.91728040773125;-61.237207774152154 129.55885593145146;289.06395306092793 -595.14823184021282;805.65639069574274 -389.47706838190339;-218.89203509265533 853.97186535224466;-383.10365723356273 289.54977714471653;-794.66058534728495 -370.4743587203975;-96.341001381227585 -242.13758042451229;856.24400739933537 442.47232720884614;401.31979805323959 -252.67221666689224;-501.47826235558114 615.18671049239799;-869.86420114595853 493.28478768036598;516.84502674666896 -856.07894590311162,330.95265080463537,22.952651804635369,2.935432655956538e-05,2.935432655956538e-05,True,True,True,False,True,204316.54125755961,204316.54125755961,204316.54125755961,False,noise,False,0,-19.441764110000001,2,True,True,True,True,True,False,,29.661218956999619,14.286329972999964
mpce_b30k_s1of3.csv,406,mpce_b30k,SSA,1,1000,15,20,30030,random,,308,iii,453.02078203739848 -302.08246303434902;-135.3694934595888 -413.16141678421798;-386.1656585621941 717.19910972943148;24.673793271331345 158.20359471147535;-715.35190491159938 -454.0680360571784;366.97774313275863 592.12920919395106;332.97980875683345 942.9338284912584;-34.991466996040586 977.14042923713441;-470.38130255061702 -811.39711302283183;347.14353996842254 2.3775792809858438;-304.81219368136726 -59.783400876310019;821.1249586039861 -171.68917165950839;-153.53423723732897 -922.55209317622655;-127.46449206878677 485.37099558158849;-681.59810244318783 -7.2328928602539921,322.34439308725075,14.344394087250748,0.0001220235476492,0.0001220235476492,True,True,True,False,True,202816.84302906308,202816.84302906308,202816.84302906308,True,bit,True,0,-34.328393089999999,4,True,True,True,True,True,True,,31.010372553000707,12.537928762000035
mpce_b30k_s1of3.csv,408,mpce_b30k,SSA,1,1000,15,26,30030,random,,308,iii,199.29275732581115 90.085370321398443;704.23992204824435 -35.622064332004108;426.31467310398864 428.75885484559478;-167.97567638054701 -630.01656313031447;-145.87606184819836 642.12179895747806;311.23592707712953 -790.49749400325345;-874.38321254391099 -310.83057167813593;64.491611460627269 -997.91794498047307;544.14872394297629 -358.80121250916875;879.26457181867443 -417.88323351756316;145.02025875677776 -419.64477394182012;-532.86073897003359 -64.041040351104101;-363.90775068349569 -931.43469855526621;881.32951876427637 345.61108557623317;540.5692747028736 751.23579601992503,322.34453737057379,14.344538370573789,0.00027665990751549999,0.00027665990751549999,True,True,True,False,True,205455.27003106507,205455.27003106507,205455.27003106507,True,bit,True,0,-0.00032811480919999999,0,True,True,True,True,True,True,,30.56304489400009,12.281467210999949
mpce_b30k_s1of3.csv,409,mpce_b30k,SSA,1,1000,15,29,30030,random,,308,iii,-36.877095591615813 853.93448412464465;805.17967595088589 -385.63599190863857;-339.52875470618386 -696.23192671215088;-786.09906421158939 249.23928041903096;184.02804605988123 -339.836472010573;322.46416989535578 -744.96395005963041;339.95289281340979 533.27740864393013;934.54973924155991 -13.743906479829329;736.07023272563902 665.1023538228111;-531.62493585748246 684.12952838555191;-321.62959401432738 -87.669136194901554;314.43939486753169 84.306691821133853;-961.81114831746845 -273.0364862756611;-530.92792886440691 -410.89207073025335;493.99765671353856 869.46319165944612,316.80038525611928,8.8003862561192818,3.7755451787939816e-05,3.7755451787939816e-05,True,True,True,False,True,206921.00955926732,206921.00955926729,206921.00955926732,False,noise,False,2.9103830456733704e-11,-0.0013080114439999999,0,True,True,True,True,True,False,,30.801837781000359,14.444390959999964
mpce_b30k_s1of3.csv,412,mpce_b30k,LXSSA,1,1000,15,8,30030,random,,308,iii,837.07015899743669 -547.09547545270254;529.75734622113271 -692.88427505062032;-850.2135304924326 444.63572555145703;391.04436717650839 -395.68964710172128;-184.03765497761097 -359.55498755034995;387.56027197784448 852.28546785530466;-904.29681069036133 -361.48048822891974;77.470817316851125 458.181386242391;744.39977698874281 432.19465756296694;-537.23664995686613 -289.4767244252825;-344.27627716103996 -692.23106235444504;46.309235670732072 -96.38594319717528;299.40871612037461 206.79637011188365;45.830541819323706 -792.78918679937442;695.85475478828528 -242.14588204315001,327.97246444956153,19.972465449561525,4.582759470647579e-05,4.582759470647579e-05,True,True,True,False,True,206251.36820332412,206251.36820332409,206251.36820332412,False,noise,False,2.9103830456733704e-11,-0.00088071226490000001,0,True,True,True,True,True,False,,29.222546899999543,13.664406387000042
mpce_b30k_s1of3.csv,414,mpce_b30k,LXSSA,1,1000,15,14,30030,random,,308,iii,565.50026525948101 100.80883074190015;-127.08599552852613 -675.59428929554929;-97.698442017702703 624.32107161997919;-359.8217370983574 -337.90227149819015;432.06413784084856 -663.81458846125668;-888.07879583972147 426.235444359908;-119.33157744059544 -57.9066726753016;219.54158132047232 -975.60309911900981;269.75969476284274 -96.71014918133929;888.78629140102646 -452.32542359564889;-640.32291858800295 643.20565428061536;570.95462743930659 732.47591835267792;282.4537026190041 453.44789109775758;-534.61731444340364 -682.85702332791232;887.91821638761621 258.64032797260313,329.33121125366245,21.331212253662443,4.4530345919862161e-05,4.4530345919862161e-05,True,True,True,False,True,206482.25419757684,206482.25419757684,206482.25419757684,True,bit,True,0,-1.928062937,2,True,True,True,True,True,True,,29.730354029000409,12.30380260000004
mpce_b30k_s1of3.csv,449,mpce_b30k,SLSQP,1,1000,15,29,30030,random,,308,iii,795.77503456618899 -569.97618861007243;-350.51235934995282 355.95337805430898;-673.66724711098595 -738.63483534295074;-984.64499385088288 38.697389869380324;-166.83305270648765 764.80136311079127;287.90969106093303 -752.17013849713192;-72.801009954703133 124.37102041364604;442.75779565400825 -280.18546202026772;66.517312907553276 -158.59575615813463;415.76612455116873 888.77220836506081;-360.68852665804587 -558.00171457137617;593.35957301486064 -804.79100372124151;-673.84764709238038 190.32937265495158;599.1512714191615 169.50725965616115;84.918813683192823 553.10972362962991,309.94932786280123,1.9493288628011669,0.1179366749011049,0.1179366749011049,True,True,True,False,False,206633.23779923908,207485.6517052842,206633.23779923908,False,diverged,False,-852.41390604511253,0.00034318113469999998,0,True,False,False,False,True,False,,93.489616494000074,13.815117708000002
mpce_b30k_s1of3.csv,450,mpce_b30k,SSABV,1,750,12,2,30030,random,,308,iii,-383.1902889780099 390.45953723375283;-671.20191681720314 37.461974956504051;-214.14293062918898 718.77861780343392;576.58207714533876 478.78645471412216;-499.28908822159138 -416.21541061708183;122.77731753878305 91.490814056582778;302.94794552198135 670.99657909945927;-84.684445789473074 -431.5342303299953;-229.91028669890517 68.265724679452333;-224.42243904719251 -715.63570882087345;327.15175719869302 -525.68298781064209;571.49202603595722 -153.28929508797728,316.60757546274431,8.607576462744305,6.8408373183752698e-05,6.8408373183752698e-05,True,True,True,False,True,165740.92883718669,165740.92883718669,165740.92883718669,True,bit,True,0,0.00038025114920000003,0,True,True,True,True,True,True,,51.710661411000729,9.798899557999988
mpce_b30k_s1of3.csv,454,mpce_b30k,SSABV,1,750,12,14,30030,random,,308,iii,602.89049184764463 -364.73570946579014;43.469642714192631 -336.50437706476646;-292.18290235632583 690.74529938132309;-294.80236472043248 -48.393071800409963;-609.57417662501223 436.64633735726051;357.53008339392824 622.7415107366196;573.60983908229775 109.85683070699767;334.05841749327033 -544.04590366868251;-138.98622466920878 348.78794051823263;-658.55049554063032 -357.76060091958516;34.892498598048107 650.805930570393;597.76313912749674 417.6387345277754,308.72816881945823,0.72816981945823045,5.630216208171623e-05,5.630216208171623e-05,True,True,True,False,True,165302.07162671504,165302.07162671504,165302.07162671504,True,bit,True,0,0.00075814098820000005,0,True,True,True,True,True,True,,26.517730657999891,10.943223654999995
mpce_b30k_s1of3.csv,461,mpce_b30k,LXBV,1,750,12,5,30030,random,,308,iii,364.41377937707131 -655.51661931696492;632.18008411798667 -364.65005865708599;-89.933484720878198 -88.663609825958375;-473.93535156890408 581.0925276853352;-478.87420673249426 -358.39750217648827;270.84865959326316 42.194085733811363;85.205389418856441 -426.53266919957764;89.020058558832147 390.66643549047825;749.04262190976385 4.4693347599166717;-681.96590254981811 -42.199906824304016;197.97717484554641 722.77250280319299;-275.97478261434657 274.57296490466416,349.52266469491502,41.52266569491502,0.00037379967693839999,0.00037379967693839999,True,True,True,False,True,165509.34368123306,165509.34368123306,165509.34368123306,True,bit,True,0,0.0019870263640000001,0,True,True,True,True,True,True,,27.37987769699976,10.142818875999978
mpce_b30k_s1of3.csv,491,mpce_b30k,SSA,1,750,12,5,30030,random,,308,iii,-232.88153096054896 483.82220551298093;81.35376205292512 544.86004939120721;-473.26108025580407 235.58081512240454;-224.01029752113237 -715.76487844660039;367.82265416172322 -639.7758351728296;627.74602994675899 -409.05107444236035;61.857607241885439 -528.40005882473895;147.42135554634271 27.775961142940734;-110.6236171773885 -187.04279165974074;694.62719942014508 189.3672898006898;-531.58552690081342 -406.79333734639636;409.13806844527272 -147.44296092051007,314.9560421069877,6.9560431069877495,1.7924544866014913e-05,1.7924544866014913e-05,True,True,True,False,True,163596.80586768599,163596.80586768599,163596.80586768599,True,noise,True,0,-0.00072277046270000003,0,True,False,True,True,True,False,,28.135486902000601,10.15912929000001
mpce_b30k_s1of3.csv,492,mpce_b30k,SSA,1,750,12,8,30030,random,,308,iii,253.92560893427387 -457.14839467227625;660.99417998393722 336.81184641545377;-86.622911789140005 193.22877111322802;-393.19770652322421 638.0857000908295;-714.7747109702259 -75.389786830801015;-391.18331898726552 -306.0744090904962;298.17190170701286 366.47893212418501;-97.763177888663023 -477.76452567191609;176.03244249682427 727.88229492265634;410.70945800290718 33.532427305030694;-667.72186525906079 341.20039655585811;709.49087506536557 -243.15124299998354,339.96010844518997,31.960109445189971,0.0001151510385878,0.0001151510385878,True,True,True,False,True,164892.51925992561,164892.51925992561,164892.51925992561,True,bit,True,0,-5.665810907,2,True,True,True,True,True,True,,28.290177967999625,8.4597494060000145
mpce_b30k_s1of3.csv,493,mpce_b30k,SSA,1,750,12,11,30030,random,,308,iii,-81.819020200198565 663.39201848311052;545.57186303842968 514.63591288933264;-250.21680561291308 -641.43813573321154;-85.261916414593415 -104.65248149670524;241.97540832852977 455.88188721815857;340.1949003539375 -668.40660917615514;-748.02598417287118 43.713758707275218;708.41255380535893 100.51261969154716;198.3328905934107 35.06598809644349;-575.3956179055026 344.87704862038248;-260.5343008880966 281.70661166044357;-591.06153108123715 -285.22636051698845,309.22943398872837,1.2294349887283715,2.4055206497701875e-05,2.4055206497701875e-05,True,True,True,False,True,165119.28201209998,165119.28201209998,165119.28201209998,True,bit,True,0,0.00072103203269999997,0,True,True,True,True,True,True,,27.82180916800008,11.848441518999948
mpce_b30k_s1of3.csv,494,mpce_b30k,SSA,1,750,12,14,30030,random,,308,iii,432.44308220866219 -26.912428782305305;438.43651880886205 -608.50092034092813;-421.09934352993116 161.6177423609185;-742.4568152951465 53.980971003519514;-594.39526397775853 -456.71225483971216;228.63469844130066 206.76153939876474;600.59174780527724 324.97166159883125;-11.941113104439406 -673.72864111043191;-141.8975576244332 326.52167565397087;-398.48290302263405 635.38285363323689;-283.82530047442657 -127.40799101891207;124.0466562338022 -314.35430095387682,310.06673588011961,2.0667368801196062,4.5383591239224185e-06,4.5383591239224185e-06,True,True,True,False,True,164027.11085933016,164027.11085933016,164027.11085933016,True,bit,True,0,-31.09616617,2,True,True,True,True,True,True,,27.630282770000122,9.8790977879999673
mpce_b30k_s1of3.csv,495,mpce_b30k,SSA,1,750,12,17,30030,random,,308,iii,550.00722480004106 -27.924431691366753;-258.60915869342659 -352.55488865221469;438.97813922813009 284.88586167646167;-392.78025073303075 -629.79536601704717;429.41351868348482 -410.28700362860792;-398.10334919495574 309.25914428363569;-9.9702468350473445 601.10356256745183;-192.6360747422186 2.8215059594272236;79.253408952682591 -342.40101912076358;51.406428866182559 208.47221961327213;-731.94520717206137 -149.0763532696246;320.83421889671905 624.31334929073375,308.00026660472247,0.00026760472246670003,3.0277489006855403,0.00026760472246670003,True,True,True,False,True,162507.05941344137,162507.05941344137,162507.05941344137,True,bit,True,0,0.001619579183,0,True,True,True,True,True,True,,28.506075788999624,8.7972910309999861
mpce_b30k_s1of3.csv,496,mpce_b30k,SSA,1,750,12,20,30030,random,,308,iii,-500.70164933658236 -552.70684514461902;-469.15603662592207 408.84434327261556;669.63131982423818 -245.74795398373064;190.88687616909482 -722.81473680853935;144.88185434584094 640.74815982010625;326.24423163648305 189.13663027311642;-481.50825663887468 -145.33932333491029;527.14201747766595 -533.49899826392959;-261.84822209872948 108.96821487948525;713.2873475357502 157.20837952306536;308.67010902342167 -217.95021384815095;54.201181586522878 -430.47220356682016,321.097905268094,13.097906268093991,7.5840643605966758e-05,7.5840643605966758e-05,True,True,True,False,True,164244.06312674913,164244.06312674913,164244.06312674913,True,bit,True,0,-0.00013553924510000001,0,True,True,True,True,True,True,,27.653478394000562,10.24417516799997
mpce_b30k_s1of3.csv,498,mpce_b30k,SSA,1,750,12,26,30030,random,,308,iii,-478.49090505502937 -470.59707488737956;-358.08678018651756 54.358036029159969;-675.01332974830973 280.78237022671232;9.4818794108213442 91.854844844936736;214.77634015870308 -703.85234430918695;-163.93837480763924 -683.56371328319472;-477.11125514918092 578.6748735412898;428.8584239072066 297.32289973340102;201.07340376029515 571.44314759173881;412.56769685666592 -236.05953011455762;-36.886403541773234 -328.4296582450749;739.11713404517479 -68.299478665897169,356.40977215733773,48.409773157337725,0.0001616279807901,0.0001616279807901,True,True,True,False,True,165029.6494982983,165029.6494982983,165029.6494982983,True,bit,True,0,-669.82379639999999,4,True,True,True,True,True,True,,28.940575225999964,10.24673532099996
mpce_b30k_s1of3.csv,499,mpce_b30k,SSA,1,750,12,29,30030,random,,308,iii,-78.399955717429449 442.2707398228066;-390.27296889553378 -278.46492828356372;-85.408540875411319 -745.12095481084521;348.4162311425589 -664.1581388337753;339.05553190235025 300.8200617138383;-702.63422729259014 -253.88939763996225;544.59726332663809 -182.94458978588159;-213.71600192844244 82.22545044240907;165.45909185529277 731.52103966115828;-572.21886284901848 100.56650918166736;173.88127885890424 -212.70292904179638;695.31029944843999 280.72471087046722,313.32652689136808,5.3265278913680731,6.5331516455240487e-05,6.5331516455240487e-05,True,True,True,False,True,166300.52348899687,166300.52348899687,166300.52348899687,True,bit,True,0,-0.00051320178319999999,0,True,True,True,True,True,True,,29.66484427700016,11.227346742000009
mpce_b30k_s1of3.csv,502,mpce_b30k,LXSSA,1,750,12,8,30030,random,,308,iii,-569.73020259109285 429.68539953138702;317.98348149592624 -236.60009507160498;277.71774319385059 -696.68667430669598;343.94935971308064 666.2776431511312;-342.88624380105591 663.12197009839508;273.23534608171497 308.67664423018601;-116.73658687791406 -202.95469586321241;619.67449878211266 154.14708462961147;-718.11049139857698 124.51078682682486;-319.76762899559952 -496.30730132901562;35.41766821220093 580.62875192341744;655.81554876464077 -363.87628257294017,320.19921490992255,12.199215909922543,1.2319620625727112e-05,1.2319620625727112e-05,True,True,True,False,True,163599.64522529874,163599.64522529874,163599.64522529874,True,bit,True,0,0.00059534271710000005,0,True,True,True,True,True,True,,30.024609728000542,8.2373909860000367
mpce_b30k_s1of3.csv,503,mpce_b30k,LXSSA,1,750,12,11,30030,random,,308,iii,-207.05070209989904 -63.809626249796651;-227.23226693414605 341.63717574849255;-505.96023652508865 209.52098253088835;571.49694763263187 -323.73763156569657;-65.455313633102392 -499.92581166110398;-372.26950018905319 -651.08781736372839;-651.2728127631608 -91.486761968157595;126.7644758343625 5.5966043175531599;250.0758394945567 -385.59388232999925;-252.46275779746057 668.80772093309781;254.36754110586332 409.53092520660323;-403.26077454806602 -305.02085738512352,308.45416116920967,0.4541621692096669,4.98730208871857e-05,4.98730208871857e-05,True,True,True,False,True,160068.55471193366,160068.55471193366,160068.55471193366,True,bit,True,0,-119.3272303,4,True,True,True,True,True,True,,29.282490199999302,9.3769344060000321
mpce_b30k_s1of3.csv,504,mpce_b30k,LXSSA,1,750,12,14,30030,random,,308,iii,286.88070374174379 80.643894900516344;319.01738568270247 452.46917329593123;-167.6195163866181 125.719286702188;411.81879365144215 -626.82076867706724;-712.51082803535598 226.82483801029403;271.66215748254103 -333.53152332870593;46.702968308865188 -654.63566062591804;665.56364876461976 228.82530724154057;684.46981253322258 -306.59214032158212;-461.52369414631477 -122.05098397325447;17.549522271417146 695.73378135738199;-327.01773236686131 -404.7989018410982,313.11058559687297,5.1105865968729631,0.00067110067368749999,0.00067110067368749999,True,True,True,False,True,164005.7284378256,164005.7284378256,164005.7284378256,True,bit,True,0,0.0001147024741,0,True,True,True,True,True,True,,28.912632240000679,11.150067701999999
mpce_b30k_s1of3.csv,505,mpce_b30k,LXSSA,1,750,12,17,30030,random,,308,iii,331.77113233459784 569.13607095195937;561.04102920504829 -285.86307815710791;-496.89310408723577 245.5118229935629;339.82963353049865 -612.30854362475156;-354.20088474172189 -661.09096283404676;184.56774462535992 -263.25628971984378;-26.800482523381497 -593.80449480657558;-240.26917091136085 527.66547630081448;608.88479311413914 153.7842697118042;-245.76855250489277 -61.808882427368545;-548.1078684267344 -264.15683341277145;-21.585317959227176 264.0500943628976,334.24316320957558,26.243164209575585,0.00031573828903470001,0.00031573828903470001,True,True,True,False,True,164672.3999572632,164672.3999572632,164672.3999572632,True,bit,True,0,-0.00074875709830000004,0,True,True,True,True,True,True,,27.252375367999768,10.150536144000055
mpce_b30k_s1of3.csv,506,mpce_b30k,LXSSA,1,750,12,20,30030,random,,308,iii,371.52211525706196 -643.8747165217743;-681.41104899588572 -64.028598978890244;700.70371824472647 260.51544932586603;-352.08039947382878 -356.76449439582666;-208.56396744418643 -59.682326527998065;50.716871572043004 -487.93172656651819;-226.17152923004289 -715.08474447886272;110.89333229948038 146.79128502626068;366.60754152538703 433.11854988442235;-157.24692917869243 638.48503326806599;-543.86703480404401 373.42498813495484;178.99918385656875 719.38387946821183,329.9314788369968,21.9314798369968,0.0001660529138714,0.0001660529138714,True,True,True,False,True,165274.944761094,165274.944761094,165274.944761094,True,bit,True,0,-53.934044729999997,2,True,True,True,True,True,True,,27.893654147999769,9.8545285600000625
mpce_b30k_s1of3.csv,507,mpce_b30k,LXSSA,1,750,12,23,30030,random,,308,iii,454.0789402986972 -596.91325039804383;160.91439845906197 -701.49960375848593;-512.26411092194905 -545.00239335000902;339.1395528605492 642.12187959489199;-184.5971329349361 -675.4202027237875;-131.68355608102146 114.23554580031717;664.4612132953165 335.74509410535899;297.04724234030755 -244.23466988452367;82.328416891324778 415.2317784274029;-353.0982466085411 -142.82180087030068;-177.19876850426107 728.76645624399487;645.35930264075466 -310.15111698040772,311.26155223746878,3.2615532374687746,3.3462762646900953e-05,3.3462762646900953e-05,True,True,True,False,True,164618.98119278904,164618.98119278904,164618.98119278904,True,bit,True,0,-0.0014500032989999999,0,True,True,True,True,True,True,,28.89016505200016,10.105676936000007
mpce_b30k_s1of3.csv,508,mpce_b30k,LXSSA,1,750,12,26,30030,random,,308,iii,-258.70728703009081 -68.300505821869152;476.54619707946472 -33.495309850756449;41.638431679928424 -724.60414389165965;348.73946975272855 -663.98852041190662;-726.7230065638006 140.45396929834885;187.96168556144002 -215.27339725497797;-137.025085728824 -434.13689451026454;180.99181587370748 685.65577787431562;-494.93889471216897 -511.38118246812252;637.82248308069268 -385.88630421898534;-429.68541739718995 551.78353518413735;363.04608182427222 276.48448720757898,313.02603948430647,5.0260404843064634,1.8998528733187411e-05,1.8998528733187411e-05,True,True,True,False,True,166273.27024026331,166273.27024026331,166273.27024026331,True,bit,True,0,-211.56768729999999,4,True,True,True,True,True,True,,28.501299591000134,9.9492229680000719
mpce_b30k_s1of3.csv,511,mpce_b30k,PSOC,1,750,12,5,30030,random,,308,iii,64.147633640343074 -429.83606107347049;-739.48690450554295 125.13354690310025;-585.22107416952997 -349.27975061095179;445.07863614719361 -394.91643078737371;459.17287369783907 560.19622823406257;-143.00828370388024 43.812285319420553;635.511762560237 150.35104093859891;-144.84944669882105 -735.82980818640442;-412.97757103226735 287.0647529693494;226.10578829359798 117.45199058210541;41.553502971404789 738.00971740041723;736.15087770713899 -143.30145288952158,310.41910158530152,2.4191025853015158,0.00047666965736219998,0.00047666965736219998,True,True,True,False,True,167295.83666627767,167295.83666627767,167295.83666627767,True,bit,True,0,0.00012105723730000001,0,True,True,True,True,True,True,,27.399331448999881,11.233915177999959
mpce_b30k_s1of3.csv,514,mpce_b30k,PSOC,1,750,12,14,30030,random,,308,iii,-693.70469427042599 -278.73122201127359;-252.9375719037497 307.53634592055573;416.54228123139882 73.944385245068332;256.15990279388473 630.05563209663171;-477.49554926581817 -578.35788576005996;255.65179592440643 -292.15348879292623;-391.6849135811625 606.16158467924515;699.09734509830753 271.16992489972847;-96.444623078025103 743.71738404239295;-417.98541471751179 -27.865993085733724;103.76453178597502 136.34998277248101;-79.898251025779388 -272.17808625937482,318.94259538496539,10.942596384965384,0.00010527366601100001,0.00010527366601100001,True,True,True,False,True,166475.89844738576,166475.89844738576,166475.89844738576,True,bit,True,0,0.00037415738919999999,0,True,True,True,True,True,True,,28.876162194999779,11.639510594000058
mpce_b30k_s1of3.csv,536,mpce_b30k,SLSQP,1,750,12,20,30030,random,,308,iii,22.17456016227257 747.05131709381044;647.24849438099102 281.58122104981555;-733.44822309055246 38.442739508611027;-2.1813811565232966 -134.34606014561481;353.03950720784582 -193.25168782321899;-166.75074835007925 286.12980825336439;201.73170671642521 287.85432197130433;319.88336980817263 -678.29495173954751;-430.9867930295926 611.6324473669282;-413.50622157656522 -404.32823951668803;346.95608183869149 644.14621900476652;-111.03111212655219 -712.144723050989,340.69413853949106,32.694139539491061,0.060395541542223097,0.060395541542223097,True,True,True,False,False,165019.09310842975,164912.85366145518,165019.09310842975,False,diverged,False,106.23944697456318,0.001820917707,0,True,False,False,False,True,False,,127.5747110049997,12.801871277000004
mpce_b30k_s1of3.csv,542,mpce_b30k,SSABV,1,500,10,8,30030,random,,308,iii,-19.69882834906787 -499.13552685112916;498.67290876253759 36.404666565910425;206.73806107735882 -67.710647380581975;-299.31855588772214 400.51010137570626;-16.168381445181787 264.06891719328803;-470.56441806899426 -24.403904463057049;358.16874410979545 339.85962653083294;316.16784101449684 -387.21035334027641;-149.74628417450171 -86.667009934475814;-365.02681623687175 -340.96805744225549,309.94508205671724,1.9450830567172372,3.1318535664264343e-05,3.1318535664264343e-05,True,True,True,False,True,138678.38300841692,138678.38300841692,138678.38300841692,True,bit,True,0,0.00025711269700000002,0,True,True,True,True,True,True,,32.978149606000443,9.8513493570000037
mpce_b30k_s1of3.csv,547,mpce_b30k,SSABV,1,500,10,23,30030,random,,308,iii,-185.82739407576503 106.21712979945504;360.07719894616326 -346.34781049085069;-371.84474453300373 -280.17276472125133;-493.07497126987244 81.815404582151075;66.051076234202682 -248.02037413745589;-134.86119163685029 -481.46905438539545;130.89876512079309 84.827123665969282;-319.15372789936498 384.77928442675665;283.3441132750188 411.82093674364717;434.00963777668136 27.809162378932793,308.00004170550767,4.2705507667051279e-05,9.6595219386254036e-06,9.6595219386254036e-06,True,True,True,False,True,135500.90528538261,135500.90528538261,135500.90528538261,True,bit,True,0,-0.00093976914649999998,0,True,True,True,True,True,True,,23.120754976000171,9.9506824190000316
mpce_b30k_s1of3.csv,580,mpce_b30k,SSA,1,500,10,2,30030,random,,308,iii,495.51599803994441 7.1663028456421953;390.15920913767388 310.12439820282395;21.717971143405435 122.61890809076266;100.74358925850757 -457.93282813264585;-248.91023887762191 -433.64000253605457;381.51993259994009 -284.94414076537316;96.367592365191967 482.92231807468534;-191.26972716798784 -126.17551778494993;-255.55431336506814 370.24408332144554;-440.97401158066396 88.184894892386481,312.8207761217447,4.8207771217446975,4.218241747619322e-05,4.218241747619322e-05,True,True,True,False,True,135510.38326969999,135510.38326969999,135510.38326969999,True,bit,True,0,-27.794473530000001,4,True,True,True,True,True,True,,27.367797267999777,9.9022761609999179
mpce_b30k_s1of3.csv,581,mpce_b30k,SSA,1,500,10,5,30030,random,,308,iii,49.381566704687373 -475.4688999126941;-427.04939507605513 256.88142986018084;159.89164139074174 473.74535515751501;413.000622748095 279.40213474656071;-297.74049371389975 -401.68469750109182;-173.94109577084302 -58.952786474834092;102.65353478956072 171.11029853476705;-185.95989077219124 464.13221224201681;422.53283266569917 -267.3308374726974;130.49046232437979 -166.89383441735299,308.00028951989964,0.0002905198996359,2.4800543794990515e-06,2.4800543794990515e-06,True,True,True,False,True,132455.94388945296,132455.94388945296,132455.94388945296,True,bit,True,0,-0.0020896800269999999,0,True,True,True,True,True,True,,27.6854251119994,8.3538796349999984
mpce_b30k_s1of3.csv,582,mpce_b30k,SSA,1,500,10,8,30030,random,,308,iii,483.70269504753389 -65.460374524949614;-364.32125380440226 -273.71530736800219;-43.720507101893588 466.90598050343982;-352.53035144411797 354.57322266463018;-5.4739027512135614 -499.96998758351219;-179.57963714220887 97.831213048700945;-490.28147697073592 62.137996619911291;309.25615255141992 392.88707102185509;128.4607892260747 118.02951100101416;197.80321889773379 -266.796925417453,308.7019201711002,0.70192117110019581,4.8904415225730187e-05,4.8904415225730187e-05,True,True,True,False,True,136255.53625801005,136255.53625801005,136255.53625801005,True,bit,True,0,-16.923645870000001,2,True,True,True,True,True,True,,27.440908563000448,10.487877500999955
mpce_b30k_s1of3.csv,583,mpce_b30k,SSA,1,500,10,11,30030,random,,308,iii,-499.02769831631986 -12.799365697944646;-37.566803415581845 475.67081151811595;450.38673541699171 -212.5267161776579;-195.66704444998581 -93.917280690951344;311.46593405012243 78.483687019480897;96.860155791037087 -338.68162595233241;6.6103274849509885 138.36236032814375;265.96449047145325 423.39440846686784;-329.02066199391862 -376.29773890802295;-366.88573360562822 336.98486009324716,308.00011150113926,0.0001125011392559,6.5687255473927505e-05,6.5687255473927505e-05,True,True,True,False,True,130670.26180259373,130670.26180259373,130670.26180259373,False,noise,False,0,-438.1371044,6,True,True,True,True,True,False,,27.17731091699989,10.437519071000111
mpce_b30k_s1of3.csv,584,mpce_b30k,SSA,1,500,10,14,30030,random,,308,iii,-124.32544209563851 -134.68861178712703;1.1928583821387797 179.02738402830283;12.737412251290545 -414.94824263453245;-215.65480331763604 428.97603707808696;233.28161308485002 442.2438808960685;336.60419266526185 5.3372773922935348;-302.99981603309743 -397.73220010929373;-480.35094958203416 -138.78886295359325;317.13335168743907 -357.0842934285406;-422.34976288604668 200.47032441987301,308.11956612397262,0.11956712397261519,3.9806515817668687e-05,3.9806515817668687e-05,True,True,True,False,True,133437.08363786747,133437.08363786747,133437.08363786747,True,bit,True,0,-0.002051145304,0,True,True,True,True,True,True,,26.854492383999968,9.0616494250000397
mpce_b30k_s1of3.csv,585,mpce_b30k,SSA,1,500,10,17,30030,random,,308,iii,200.91645490775738 -450.23472431719313;490.16599567870082 98.66413339909505;-349.0182434540921 329.60826187867599;-406.79592873041918 -290.71814058818939;433.47435599265663 -223.93804752404128;-123.5357304753722 -427.77836743192483;-497.35130087500301 51.279537593524779;-187.40801140628398 10.917549257858845;153.57383213504903 30.241578949811824;265.47237538513548 366.61612967483734,312.56028664739,4.5602876473899983,3.6101302728435255e-05,3.6101302728435255e-05,True,True,True,False,True,133779.36953151244,133779.36953151244,133779.36953151244,True,bit,True,0,-48.33586906,4,True,True,True,True,True,True,,26.854536539999572,8.9054515410000477
mpce_b30k_s1of3.csv,586,mpce_b30k,SSA,1,500,10,20,30030,random,,308,iii,199.16055772732633 435.53086222977015;-403.67954477970682 152.61634379427451;455.37993990429146 206.46808846932038;108.24861558781528 -435.4472951746119;-161.93038569035124 349.14106828899287;-62.391627981917537 -169.63602024679017;430.55860209440937 -253.54242750304891;213.6119039155804 -6.4257141186119062;-204.21488944146697 -456.39385896310779;-425.98714368545814 -206.31300308896394,311.55195916273021,3.5519601627302109,3.9776590315592327e-05,3.9776590315592327e-05,True,True,True,False,True,134706.61218596896,134706.61218596896,134706.61218596896,True,bit,True,0,-117.4997797,4,True,True,True,True,True,True,,26.291924273000404,9.5186658579999648
mpce_b30k_s1of3.csv,587,mpce_b30k,SSA,1,500,10,23,30030,random,,308,iii,-73.585413639495499 454.44518342983218;430.65034883547071 -127.76158646373236;-484.67283843888924 -29.772493171167358;237.5824193058298 428.73664697864035;-68.031242494695789 -438.32627186303961;-105.70048643337032 -27.36831006130604;-376.72882514501146 -328.74798929559427;-287.98117123895304 221.8064467150258;239.96868584084956 -438.65137317155381;455.60874529686612 205.9598852001476,308.00009991161022,0.0001009116102181,3.6305258984393729e-06,3.6305258984393729e-06,True,True,True,False,True,136232.41859004,136232.41859004,136232.41859004,True,bit,True,0,-20.74796499,2,True,True,True,True,True,True,,26.9957089239997,10.734427889000017
mpce_b30k_s1of3.csv,588,mpce_b30k,SSA,1,500,10,26,30030,random,,308,iii,89.339854428364475 271.23400368877094;409.66576368111095 243.59722929346307;163.99125411328419 -92.893695190607318;-435.32717306693849 -197.19178100507185;393.76577398287003 -298.48094539643154;-129.23967032456619 -301.7529757987291;130.84059602039099 -480.16981858001105;-217.77059277958512 450.08437800925077;-186.64098016407615 23.442327143565333;-453.63749211109337 210.26852346066465,308.32198661219559,0.32198761219552807,2.2592454459096189e-05,2.2592454459096189e-05,True,True,True,False,True,131613.65000301474,131613.65000301474,131613.65000301474,True,noise,True,0,-29.826275110000001,2,True,False,True,True,True,False,,26.671637086000374,10.078862009999966
mpce_b30k_s1of3.csv,589,mpce_b30k,SSA,1,500,10,29,30030,random,,308,iii,-257.81073446214822 424.35938190718201;345.2601570990858 361.65645796261498;59.230360908880279 488.15891453454333;-74.666062547443389 150.10121835315442;429.24543463071876 -256.41424408607537;487.65096969062796 74.055598022865141;197.53250657803147 -459.32646409369124;-389.56920661627919 65.463192797444222;175.19299069173377 -30.410692297857228;-109.73712112921345 -383.59251313982855,308.00040593344829,0.00040693344828919998,3.1333850816077754e-05,3.1333850816077754e-05,True,True,True,False,True,133446.80860109054,133446.80860109054,133446.80860109054,True,bit,True,0,-60.738079069999998,2,True,True,True,True,True,True,,26.559510007999961,8.7495431690000487
mpce_b30k_s1of3.csv,592,mpce_b30k,LXSSA,1,500,10,8,30030,random,,308,iii,490.36642351285013 97.664051915277312;291.24803890219545 -137.37356441576324;236.23125600307108 -440.67535515202189;-52.302934010908992 446.42743370695467;-209.51436800432452 169.13682812023526;-483.19079233804217 14.651685200256809;288.60580695328764 334.35035217384922;-27.402607609448342 -189.52734708222204;90.978227877466992 97.334922775131119;-66.848186846655295 -495.51116033187628,308.00018540225506,0.0001864022550535,1.0901872374484813e-05,1.0901872374484813e-05,True,True,True,False,True,131063.90975530134,131063.90975530134,131063.90975530134,True,bit,True,0,-0.0053787540529999997,0,True,True,True,True,True,True,,28.078788517999783,10.373979343000087
mpce_b30k_s1of3.csv,593,mpce_b30k,LXSSA,1,500,10,11,30030,random,,308,iii,-395.84979829577924 240.97268813099592;480.75201237321852 137.38903936179031;-211.76261539810497 -449.66951538341891;-275.94723878230303 -45.237646981377736;17.421055806956058 -191.4042570566981;181.00096235000296 -466.08866149842754;416.15639072297813 -214.94188598646485;168.55778063280059 88.346447103111316;228.44130587803272 444.76349445630274;-57.340447730358619 310.29759463443798,310.31110148207705,2.3111024820770467,4.7677574482586349e-06,4.7677574482586349e-06,True,True,True,False,True,133858.96684488779,133858.96684488779,133858.96684488779,True,bit,True,0,-24.977768480000002,2,True,True,True,True,True,True,,27.083983601999531,9.7080389719999403
mpce_b30k_s1of3.csv,595,mpce_b30k,LXSSA,1,500,10,17,30030,random,,308,iii,-67.413352384717371 101.12116121481941;47.905344325105126 -271.84906978649491;91.675561652969293 365.99245450419693;-241.42186446706822 -154.09376708525733;-195.96365986026117 -459.99807375373649;348.63045481667046 -338.39859006064506;-499.81704247005894 13.524697364260431;-334.15440635058593 279.35903669921458;221.3100386952519 -15.449970082313115;421.40353341050979 259.46148617380049,308.00002863573167,2.963573166425704e-05,7.6176884843116557e-06,7.6176884843116557e-06,True,True,True,False,True,130851.38073971419,130851.38073971419,130851.38073971419,True,bit,True,0,-0.0052901360319999998,0,True,True,True,True,True,True,,28.065897071999643,9.3268538339999623
mpce_b30k_s1of3.csv,597,mpce_b30k,LXSSA,1,500,10,23,30030,random,,308,iii,-43.025833490783178 485.69184760067395;-83.378169325792015 175.40214777258109;180.49023214800593 -81.743311270686149;-447.91471283085718 -5.9965636682227359;-130.62682807934758 -141.52249068914978;256.68665832030507 220.43689819160051;-363.00736454125303 -343.83916571526447;-44.710917689377062 -490.1174932599011;489.18244098023536 -102.88198186825042;290.12927509942045 -390.68819344050382,308.11158809747081,0.11158909747075541,0.00028240912394290001,0.00028240912394290001,True,True,True,False,True,130886.4427733152,130886.4427733152,130886.4427733152,False,noise,False,0,-0.0056805840290000001,0,True,False,True,True,True,False,,26.23078783899928,8.6800548879999724
mpce_b30k_s1of3.csv,600,mpce_b30k,PSOC,1,500,10,2,30030,random,,308,iii,99.703154757568356 -163.67079498622411;-242.67446600865813 -437.15968534147805;74.179954185294903 -494.45820576760508;413.00407452819297 -278.84710792235921;-75.938760402142165 489.30968654088338;-497.78415502778643 -46.73512212680933;231.56238838511013 384.83860406033352;440.70191838808825 135.52659852853566;-353.82056955217803 353.28473788328455;-108.84119478786181 143.1624011067249,309.38824559733899,1.3882465973389913,0.00051405981577339998,0.00051405981577339998,True,True,True,False,True,135828.85607755953,135828.85607755953,135828.85607755953,True,bit,True,0,0.0019770783839999999,0,True,True,True,True,True,True,,26.955144497000219,8.8575108190000265
mpce_b30k_s1of3.csv,601,mpce_b30k,PSOC,1,500,10,5,30030,random,,308,iii,-142.23776606106227 479.18220934439262;-398.36213829514975 302.17098955484084;-393.46451688815944 -296.28193299272243;176.20103999297564 -457.2288056559596;-499.8763323890812 9.8558946057298602;-145.02632005985328 -478.33342515453165;474.59369508045739 157.32585160451831;174.85731712393414 369.49917302552166;413.2211511219009 -250.10694189499216;25.932112968633753 -10.724888308115204,308.00046013219122,0.0004611321911625,0.00030084445416169998,0.00030084445416169998,True,True,True,False,True,137757.93814915171,137757.93814915171,137757.93814915171,True,noise,True,0,0.00018566605289999999,0,True,False,True,True,True,False,,25.65269865200025,9.9504463120000537
mpce_b30k_s1of3.csv,602,mpce_b30k,PSOC,1,500,10,8,30030,random,,308,iii,474.85590126262287 156.56052787495025;94.254573160243169 -80.762265165848262;176.37888726403406 -467.85709293777637;-217.24729579877982 450.33575893845233;-8.5730732162789369 223.79735900149248;-445.64055647096808 192.81498260671302;244.39414147083428 436.19501136838699;-286.16612140348963 -120.94164092120846;429.60949431704194 -254.38204051450529;-149.33485772805409 -477.17590307091825,308.00093801222278,0.00093901222277280002,0.00022971536634730001,0.00022971536634730001,True,True,True,False,True,135919.49273599862,135919.49273599862,135919.49273599862,True,bit,True,0,-25.290167060000002,2,True,True,True,True,True,True,,27.400707685999805,9.3186059699999078
mpce_b30k_s1of3.csv,622,mpce_b30k,SLSQP,1,500,10,8,30030,random,,308,iii,179.99026433396347 465.1438587939345;-190.94636041497532 -461.50067296354598;-181.62575013058313 465.8421772317044;124.06005964012571 -483.52466513264108;108.59819830969457 161.62925947645539;427.09181044387128 201.85730220092202;-4.6662171663226735 -126.28329347096169;-427.53938384144112 -258.92039147890534;387.94354097922871 -306.72410540527824;-383.67900741182467 226.07252891403095,309.39047489834445,1.3904758983444481,0.0031538114685102001,0.0031538114685102001,True,True,True,False,False,136543.58642224965,136826.25193636343,136543.58642224965,False,diverged,False,-282.66551411378896,-0.00036669537080000002,0,True,False,False,False,True,False,,137.11082467300002,11.610598803000002
mpce_b30k_s2of3.csv,8,mpce_b30k,SSABV,HR,0,16,27,30030,random,,320,iii,-93.905110307408663 834.83375932384774;-525.55647573523584 -834.7918757927597;-336.85383917694134 538.63567165268898;-453.485363387603 -430.1096160054384;552.0242376079093 406.72907476845495;-637.84572137823443 819.09393739702796;-904.68250899467262 520.83951783419354;-819.41266438112837 -173.3793846074299;233.47866723852761 -829.95131437140856;883.95527679836573 -350.81177826670779;177.87534894057808 510.31738522613301;149.80929777517267 -93.282615513133152;175.95891363423314 -469.49973933868995;-612.56741645454872 307.79668281513432;736.95955630616925 136.03264965995359;-313.99857825528494 140.21154866013805,327.83780542907101,7.8378064290710077,8.0048516553825718e-05,8.0048516553825718e-05,True,True,True,False,True,138.08759676778797,138.08759676778797,138.08759676778797,True,bit,True,0,-2.1699290470000002e-06,0,True,True,True,True,True,True,old,28.947468619000009,23.552117115999977
mpce_b30k_s2of3.csv,12,mpce_b30k,LXBV,HR,0,16,9,30030,random,,320,iii,-866.29929234742826 207.15914820856852;3.782397432035161 -818.42579260155571;-602.91519230764129 -724.77706010116401;-156.32362491292662 -447.81272791005762;-793.314455817816 -255.91257270995234;-785.2292979497422 781.94501095898113;864.77051361288204 -817.8921075017472;287.34634616054961 150.4136945779515;812.01135225904386 226.00482874336197;103.78225905724783 461.87330258720573;-370.18650841787121 316.28313148225061;482.75164650554524 -129.83986450024156;756.61964962116576 673.94473746130484;827.99750937219528 -443.36004251464362;-170.07211099596557 793.58602752672004;311.00644922711791 814.81344236219843,341.65082874026842,21.650829740268364,0.00090888554797419999,0.00090888554797419999,True,True,True,False,True,139.96171601721511,139.96171601721511,139.96171601721511,True,noise,True,0,4.1013120440000001e-06,0,True,False,True,True,True,False,old,25.918590993000009,37.849923464000312
mpce_b30k_s2of3.csv,28,mpce_b30k,RSVNS,HR,0,16,27,30030,random,,320,i,-188.9589616959633 798.20134357748771;-589.27014839142112 819.67010108081638;107.81782665595387 -805.70896158300889;748.57904146532007 454.32807615494812;530.46287927477465 189.95920347257834;248.73911179929183 388.63408115598764;812.54817555727846 -15.923915754700595;-79.570810479710872 261.69372210374758;-607.56669412492261 -833.88997084971436;332.18498173771485 823.02959448872753;-599.47480776189298 -332.84320993042792;877.35954192164911 -834.45137385231226;-801.95328842300171 298.45563382903043;-894.24220863861967 704.84337899015964;397.28939932638201 -242.95216391118095;726.2567121584201 833.12785921455009,325.87287956733348,5.8728805673334818,0.38262714768768791,0.38262714768768791,True,True,True,False,True,139.34243468959505,139.34243468959505,139.34243468959505,True,bit,True,0,-2.3972361870000002e-06,0,True,True,True,True,True,True,old,26.212470676999999,56.580703216000082
mpce_b30k_s2of3.csv,40,mpce_b30k,SSA,HR,0,16,3,30030,random,,320,iii,613.22223924838647 538.89518511251424;-895.10917468651201 784.8722528922317;-200.05585660408011 -382.70754870016549;-242.44475029797474 339.52202223595367;131.61128017550152 834.83376818452064;566.56197848667671 -386.71463302727057;400.59250966268309 131.62882660099672;797.56200191676203 165.23746176329604;-831.60125282829836 198.2750570138422;115.38934635351869 -236.65016730464498;71.267379909333883 421.57363200141043;-437.53197239732674 622.10912299590325;-577.85286079523303 -90.985696493092917;259.84519873210894 -707.45753893675237;-691.10801646468769 -490.95008777819169;790.91312702287632 -822.84099693330336,324.26496465746982,4.2649656574698156,0.00023281547931010001,0.00023281547931010001,True,True,True,False,True,137.75921921245407,137.75921921245407,137.75921921245407,True,bit,True,0,-8.8402602780000008e-06,0,True,True,True,True,True,True,old,27.240710202999992,79.200551226999778
mpce_b30k_s2of3.csv,42,mpce_b30k,SSA,HR,0,16,9,30030,random,,320,iii,369.93607533950797 -559.86028440482175;-589.22410190900143 -540.63814184864555;-86.522110347248514 -477.36050448841803;-649.96755506570946 11.937698858402706;131.85749338769094 -834.83396433530493;2.8209016295532634 492.31351124514475;-395.12218883967921 -814.38844478272222;202.9415752599169 -224.73386239891528;198.31619841559569 809.3645595704495;-326.62297129853829 155.65098298164804;-248.6664232137085 -165.47392827142431;459.70786829702041 593.4723173137553;600.92786111081148 -322.87333816651449;612.2737239779849 -834.8335548345284;481.48227103634798 200.37756426339379;788.29411279093677 91.123033380955803,325.68398603429131,5.6839870342913059,3.6664695019477219e-05,3.6664695019477219e-05,True,True,True,False,True,135.56793197874543,135.56793197874543,135.56793197874543,True,bit,True,0,-1.9958379770000001e-05,0,True,True,True,True,True,True,old,27.567720044000001,25.028160113999999
mpce_b30k_s2of3.csv,44,mpce_b30k,SSA,HR,0,16,15,30030,random,,320,iii,504.25723807617015 -817.86308864977832;504.40622963843254 224.09459894125132;-731.23985560942765 791.7928432545134;-822.43624420238405 465.28000239483572;682.14545828302528 -517.78418484429596;-462.93133784992904 521.57723253352538;-825.73013586029015 -33.291584198383113;-525.31283845894973 118.76007729296391;280.58497592015709 615.32243106819556;95.52018557485232 -440.01700682383324;-257.09033240024678 -495.83382029984938;-19.346994806726553 -43.263069614222822;870.52769435769028 -241.55741303349748;389.80488296009611 -304.2894086283647;-603.3980519399372 -815.06879311729188;-125.74393530977052 432.52707634943033,324.07632438522114,4.0763253852211392,0.0001173209754508,0.0001173209754508,True,True,True,False,True,137.24615396173854,137.24615396173854,137.24615396173854,True,bit,True,0,3.1916311800000001e-06,0,True,True,True,True,True,True,old,27.853892409000025,27.831870254000023
mpce_b30k_s2of3.csv,45,mpce_b30k,SSA,HR,0,16,18,30030,random,,320,iii,-813.58817488530212 -154.08133147347718;-419.51733483003227 95.02944250229821;73.033707483376574 540.49734164973142;-87.808817422422095 10.854386534832003;254.97511057985778 -665.65324986261237;349.81396278072054 -349.4863518617488;-103.1341222617847 -427.45738557868293;826.03125953783331 -413.12890290589013;748.14428660318458 754.22499369903051;525.52101571216542 479.70705379029147;-232.8802881872227 -778.83437207458667;-837.19980916771385 343.10487962745515;731.89702171471117 -40.965180118884057;-136.68265593418997 833.16962635199172;371.531844093129 156.63101513681528;-344.91501720445302 494.43023697114478,330.08470924637749,10.084710246377483,0.00019512546276950001,0.00019512546276950001,True,True,True,False,True,136.93045297541735,136.93045297541735,136.93045297541735,True,bit,True,0,-7.3116641490000001e-06,0,True,True,True,True,True,True,old,28.577154002999976,23.92153712399994
mpce_b30k_s2of3.csv,46,mpce_b30k,SSA,HR,0,16,21,30030,random,,320,iii,741.26362335833903 810.19010426976183;-824.46753916230148 -85.686108752863404;154.97409368016551 71.308573570103519;532.39923575080934 -53.413301499038994;-165.1176881424345 -76.609087614528761;224.12011158232298 -831.8557126296887;-309.31268249212241 590.52303972995855;-107.78374206655569 -737.80713102155698;66.24178665233292 721.64847137019092;837.97136818690115 -741.97916264517107;-493.67557771834424 -233.15049051466974;-788.2393110799394 -427.98858485702442;-390.1545179333346 244.30036594833507;-44.866067646101321 -399.53980325109217;565.90234843663018 -464.24648289068676;-497.90691653699889 -750.20916689858075,344.06891575881912,24.068916758819118,0.00017310016673619999,0.00017310016673619999,True,True,True,False,True,136.78757379335465,136.78757379335465,136.78757379335465,True,bit,True,0,-0.073898831509999999,2,True,True,True,True,True,True,old,28.027379305000011,27.858624366999948
mpce_b30k_s2of3.csv,48,mpce_b30k,SSA,HR,0,16,27,30030,random,,320,iii,-675.682466319112 270.09244183139231;292.96325276684217 -740.20479799619227;829.75087703243275 -62.099991834291949;32.224280756025593 -119.84302896269432;-166.80641603069608 335.60378907637369;453.49644015224845 818.66492987199456;290.15678683074668 -418.25943975544004;-695.92100632115228 -204.65476523368218;-236.70169211538942 -306.9357554606961;483.19117760158258 -61.243339960779537;99.301711422413007 519.18880528124737;-141.39906545507864 775.96135453680927;193.87850529926789 179.83217096408131;743.42179431420948 -408.05274895051741;-165.10152236187486 -834.83385820454214;-510.64096194159947 -518.49683181950161,321.95759028762893,1.9575912876289292,0.00014279545780729999,0.00014279545780729999,True,True,True,False,True,135.53363428429648,135.53363428429648,135.53363428429648,True,bit,True,0,-1.8438806310000001e-05,0,True,True,True,True,True,True,old,28.233680114000041,27.709027640000045
mpce_b30k_s2of3.csv,49,mpce_b30k,SSA,HR,0,16,30,30030,random,,320,iii,529.34517242153481 -315.39059740610736;-677.8559286324554 763.71737458360633;178.71939965596405 -524.51514129984184;-618.41861261264705 392.51580799624088;522.12176456677832 -774.41636207612555;-160.39930591049105 -117.0237646642402;913.48198470650652 -737.84298035345444;525.60070766320814 764.27013203642662;-71.880449139274944 834.83396693894565;-145.04669758901429 -680.93871219826019;210.67365347716756 31.823540621163243;589.16652866124048 179.49504779102335;-466.90363666167605 65.908914459358982;-795.28591434328109 36.666843083129571;-54.403321549762879 261.13021900757713;-489.51558246151836 -799.74817460427937,329.6816935071331,9.681694507133102,3.4061054296013023e-05,3.4061054296013023e-05,True,True,True,False,True,137.45004417063251,137.45004417063251,137.45004417063251,True,bit,True,0,-0.069714402300000006,4,True,True,True,True,True,True,old,28.515548642999988,26.674112095000051
mpce_b30k_s2of3.csv,51,mpce_b30k,LXSSA,HR,0,16,6,30030,random,,320,iii,160.21551922316718 -88.423788868072904;-529.27566677240418 403.35274660926865;131.0732202632646 566.51755619940695;-800.4635179634372 624.91901739764239;-759.08413995578849 -307.47576328796913;174.35369987305174 -421.47825680219671;-699.63911607702676 -755.38582359416125;-612.54737764300376 -2.7581576873453035;284.84258595540922 -834.82848659033618;-437.45437850233139 -393.3575820433569;542.19592599205521 -580.17841454071242;485.94409182495281 403.95117298865722;-241.03857280213296 57.991609773878331;518.63809645846482 33.655920938279763;866.78906000931443 -766.72535334699148;779.95092576813306 229.62033905405477,326.62891471711151,6.6289157171115107,0.0055144096637629999,0.0055144096637629999,True,True,True,False,True,136.76519336263604,136.76519336263604,136.76519336263604,True,bit,True,0,8.2426382449999994e-06,0,True,True,True,True,True,True,old,27.546283382000013,39.009015519999593
mpce_b30k_s2of3.csv,52,mpce_b30k,LXSSA,HR,0,16,9,30030,random,,320,iii,-859.70975067298866 161.70252608629804;21.792494787054707 -711.33401683629893;-678.00454180922998 -479.42415554470256;-231.02168485256871 -498.30419432375021;-650.51047030977111 -108.99273870672504;-576.20509878765915 723.49186202961732;778.40459388466752 -818.81981394493573;388.33569779972424 288.99531704123922;720.86619757491371 300.72067565974294;64.895657584267312 290.13458240138232;-266.09051649143885 247.28837628146894;654.25952778306316 -133.75430993285616;763.49927874469677 629.18988197028693;887.29958704627813 -407.11266394069679;-83.15194859694077 834.83370394657277;197.8581574588178 644.87656688341963,323.44204664844864,3.4420476484486362,0.0002970534271778,0.0002970534271778,True,True,True,False,True,137.43460918795029,137.43460918795029,137.43460918795029,True,bit,True,0,-0.11371834190000001,2,True,True,True,True,True,True,old,27.619617761999962,21.98856248200002
mpce_b30k_s2of3.csv,55,mpce_b30k,LXSSA,HR,0,16,18,30030,random,,320,iii,598.08999157413098 326.43735941172014;863.81121121372973 -332.71161853241694;302.71615033349991 -482.9800898322469;251.42269884289442 202.95494670273288;-144.46751825946683 -502.73460771477181;-81.165695083283325 4.7864137383038257;-744.43386790701595 762.50588187826338;-110.13100738607339 479.65412910935328;597.74080598221622 -759.53030053824341;-741.40786712660838 -383.69713801932238;113.89534128969071 826.40652010846782;-355.72477859881423 240.83236064073793;60.391780204434554 -834.83389408538596;-320.2659403560109 -224.71637862576571;-507.85006469403538 525.98841932954406;-332.85466668123456 820.60042469005748,323.19665913571373,3.1966601357137279,0.00010691461398230001,0.00010691461398230001,True,True,True,False,True,136.69442448483071,136.69442448483071,136.69442448483071,True,bit,True,0,-0.030236252160000001,2,True,True,True,True,True,True,old,27.954854446000013,20.665577728000017
mpce_b30k_s2of3.csv,57,mpce_b30k,LXSSA,HR,0,16,24,30030,random,,320,iii,942.94488356636532 -834.59153474712446;561.33394579280139 -834.7445969793348;562.72855537044143 -142.32879804833942;849.20820544686535 -448.39229963617225;350.93536833361276 834.82945255828054;-32.676508072486413 -819.83101998310394;232.35623994969694 537.09642054736128;-295.86882596072667 -514.31851953018497;-371.06015764455771 -834.36032907194988;243.4448178394631 -658.09958046181237;-19.081849581083116 747.18653305215855;709.06628522638721 188.10503705659494;-594.9905524838324 659.86258192658818;-189.93684700329385 440.38858965132607;-438.60476671006398 228.86450298855209;-861.65920080696048 233.75629545025916,320.00007055155822,7.1551558221472078e-05,0.0045484417194099997,7.1551558221472078e-05,True,True,True,False,True,137.00830227412024,137.00830227412024,137.00830227412024,True,bit,True,0,1.7949674600000001e-06,0,True,True,True,True,True,True,old,27.708951876000011,27.909865860999961
mpce_b30k_s2of3.csv,60,mpce_b30k,PSOC,HR,0,16,3,30030,random,,320,iii,689.84852614547344 594.39653964005004;8.1532151270458026 -148.93798836175304;-93.87563333273232 328.32665568566574;539.0231547038627 -258.78363290448345;-191.21350387688082 766.70138783363734;-696.17492646001392 -72.256053092093012;618.18748722539272 -816.15713833556526;-883.53425712853243 787.42598257330644;428.72144175185667 113.66520666053242;-598.77349465514658 -390.72945485224437;-507.44772445416862 -821.3411801351092;233.97534199650732 -815.64067022694633;-559.01142895529881 360.92536688222793;943.44249999999988 -834.83399999999995;789.05626597121568 245.13582329052349;256.63863001519218 786.79975973223316,325.79080480676907,5.7908058067690718,9.9999999999999995e-07,9.9999999999999995e-07,True,True,True,False,True,138.86261713786098,138.86261713786098,138.86261713786098,True,bit,True,0,-5.8607932369999998e-06,0,True,True,True,True,True,True,old,27.313137648999941,24.191450811999971
mpce_b30k_s2of3.csv,61,mpce_b30k,PSOC,HR,0,16,6,30030,random,,320,iii,692.21263953033258 -333.05086546867545;-943.44249999999988 834.83399999999995;726.69608960950961 389.36540061677903;-611.33016495760137 804.35027574082665;540.6453096914795 -799.05908311955943;-788.35570601537279 -426.84963912272445;-345.05180419626885 265.19999500530849;943.12669081091815 -834.4140664230913;-730.95637368041139 -834.67387855527966;-796.50570826834416 365.31294254901866;724.15894765078053 67.886549839505278;-86.76823272989563 -731.14465606902741;99.42653135031702 -9.667531144349887;19.690142506689551 662.49144780048778;-62.765921726851545 -389.89963139815899;-454.84810647040166 -152.41033034150806,321.48886230536101,1.4888633053610081,9.9999999999999995e-07,9.9999999999999995e-07,True,True,True,False,True,139.30035919677763,139.30035919677763,139.30035919677763,True,bit,True,0,5.3786843350000003e-06,0,True,True,True,True,True,True,old,27.598527436999973,26.828082040999902
mpce_b30k_s2of3.csv,62,mpce_b30k,PSOC,HR,0,16,9,30030,random,,320,iii,-943.44249999999988 834.83399999999995;-410.18517893885763 -604.78644228582516;-152.73231671872685 -199.6891020283378;-744.31352273391451 -631.85139393887232;-590.6787137389972 -161.09428925828178;-535.84980875132271 657.1886382248349;554.80173922064739 -247.12071370685405;145.70620603963036 395.91885943549215;808.52430615018 245.05312720162937;119.1486447355994 38.556444819402444;-318.82880922432554 374.66885276860472;231.17171590139452 -731.70377084468589;743.98298898974554 776.08265761526934;932.87878458891032 -750.0766673581893;-172.83263074134638 827.06905326970377;223.96160260133277 804.36512103117593,335.22270468333363,15.222705683333629,9.9999999999999995e-07,9.9999999999999995e-07,True,True,True,False,True,138.90626624532857,138.90626624532857,138.90626624532857,True,bit,True,0,-6.6317278710000004e-06,0,True,True,True,True,True,True,old,27.102042464000021,23.495507798999935
mpce_b30k_s2of3.csv,66,mpce_b30k,PSOC,HR,0,16,21,30030,random,,320,iii,-936.45696435248419 793.15826302219216;-634.35473500725527 -816.81576790458848;717.59200142600082 817.43705562097273;15.555868741152048 -543.70226230178503;578.63494005141513 367.75943003000816;792.4317103374982 -817.14259674529853;-616.87913645494234 481.12033902043453;764.01139414184479 -15.569030105371864;132.7647381512119 -42.456832675700163;890.61524822984632 -408.73151732560245;468.56039225414264 -468.45027700100167;-857.64135146329431 136.71313092623734;-419.34543885945851 822.67757549271653;-280.63093290315072 53.54861912990949;242.59776549330616 795.73613802358864;184.84418864150138 -834.80274013471308,336.74623004458721,16.746231044587205,0.00091593791538249997,0.00091593791538249997,True,True,True,False,True,140.03298888237276,140.03298888237276,140.03298888237276,True,bit,True,0,-0.0118656418,2,True,True,True,True,True,True,old,26.760649206000039,26.456604865000031
mpce_b30k_s2of3.csv,67,mpce_b30k,PSOC,HR,0,16,24,30030,random,,320,iii,943.43356904607492 -834.81338016909467;-171.800912859308 -834.74630072026514;528.39843848809312 330.97486715364874;789.9757953621247 -178.90860429429526;666.43621400414713 765.12942854061009;738.73158631536216 -588.66323387569844;-877.22027395216946 314.53836960806626;-694.22836570586696 -120.23912427358653;-382.02724690397571 -539.21953232610804;474.79040466567943 -371.29622166468664;-377.83892143666935 761.42125411059124;356.8748167849684 -19.57835983456895;-191.50004615773685 489.00328102076799;271.05618561190443 834.36222061775231;11.206309646066924 -13.61142839343311;-943.43922935290391 834.80938857338072,320.14496131306737,0.14496231306736709,0.00024502537770460002,0.00024502537770460002,True,True,True,False,True,139.28899008297026,139.28899008297026,139.28899008297026,True,bit,True,0,2.0755707910000001e-06,0,True,True,True,True,True,True,old,25.94895794000001,38.332334165000248
mpce_b30k_s2of3.csv,76,mpce_b30k,DE,HR,0,16,21,30030,random,,320,i,-853.25369215789772 434.51210116552068;-262.25808794997272 -76.921164494902271;-896.73715863099233 818.06593671115911;881.92781769823421 -388.59271383491927;605.80237284648456 326.27584028197714;215.84417338941608 -789.5666677628742;-819.32169220559376 96.366249289344992;413.45857051762152 -296.74210164979513;114.86010706257646 482.14764488034285;804.24725465695269 -824.97568447824153;-759.99103285655087 -234.89096034743886;-327.37109874370088 -814.18532483678825;820.12864332941774 -38.430762883172036;648.34955585176181 803.43320967181205;-19.017299796391473 828.67537103221957;-732.96527124480735 -812.12150070561574,336.52855164924762,16.528552649247615,6.1586299677803735,6.1586299677803735,True,True,True,False,True,140.30813798021171,140.30813798021171,140.30813798021171,True,bit,True,0,1.2693302979999999e-05,0,True,True,True,True,True,True,old,29.659348717999933,43.673191286000481
mpce_b30k_s2of3.csv,80,mpce_b30k,SLSQP,HR,0,16,3,30030,random,,320,iii,906.06996386771073 -833.38184166375663;548.81918091959415 -833.85829807444111;-648.11567606395113 -833.86287810414615;-66.255098426361243 -11.186713042900827;-340.12031017207875 833.93109737060138;167.074055870329 805.95228036795152;830.91452329112656 -243.27321722398545;508.93189760104622 -399.95194171036422;-269.10554295406371 332.18389530665553;7.2488983073704816 -834.79609513479465;-835.7825419680488 499.57337492117364;352.00453286034451 255.44910459220984;-509.06328684433362 549.69430312502936;-13.300822129980897 -334.92500868229337;-654.52814202187255 184.93953261274214;817.81857505353389 152.78113250841494,323.8680230622092,3.8680240622092015,0.037905865205291503,0.037905865205291503,True,True,True,False,False,137.64956696084053,137.38703675925132,137.64956696084053,False,diverged,False,0.26253020158921458,-3.1186075550000002e-05,0,True,False,False,False,True,False,old,101.71024567200004,26.398163826000001
mpce_b30k_s2of3.csv,81,mpce_b30k,SLSQP,HR,0,16,6,30030,random,,320,iii,170.10198423110862 -743.51166603346462;820.53378160913348 157.95954824090751;521.69566749343539 -834.76391794116455;860.51673226897617 -163.03682316208699;-148.99601107708042 348.41686767686326;-789.10960894887535 -420.85119181667608;139.89695591027953 -216.3952323358358;-737.97049491227563 -834.71578412073211;681.84386565112936 458.26207445717785;-332.34418517653825 728.7074677945933;942.7637012620271 -834.76527328208203;-452.30517505926218 56.004560394737929;755.6732178981573 -563.56088603566809;739.92624864916388 789.44219561341572;-203.74026805388232 -332.23742006592954;-429.92609070746545 -576.07933881657175,323.47690303537377,3.4769040353737641,0.0070212906193230003,0.0070212906193230003,True,True,True,False,False,137.83117178316965,137.83102739428415,137.83117178316965,False,diverged,False,0.00014438888550216689,1.301166481e-05,0,True,False,False,False,True,False,old,113.03781614699994,22.932033358000009
mpce_b30k_s2of3.csv,82,mpce_b30k,SLSQP,HR,0,16,9,30030,random,,320,iii,819.09298536507674 -289.66623681812234;738.23749999999995 834.83399999999995;481.71581420263885 -185.5283337256181;874.5962353711584 -609.35909956126;777.38949307531129 516.27046609941806;251.58394990144959 679.57975255454323;-202.25916689453479 -825.05725873324377;-806.36804719637189 -262.84340123359129;-22.624545064492093 483.47131332183932;-559.34848505871889 35.66697674980162;-55.523545675004456 820.71452115575607;-274.22442264125408 220.81203212602585;-768.08989846721363 -591.93741149603693;-370.02979423683951 -485.99396618469194;402.15991312133167 230.40190544238251;-101.87366544651836 -154.29891897961215,320.96043945165019,0.96044045165018599,9.9999994315658109e-07,9.9999994315658109e-07,True,True,True,False,False,137.10123768148063,137.51493158255846,137.10123768148063,False,diverged,False,-0.41369390107783488,9.1692944580000005e-06,0,True,False,False,False,True,False,old,114.787568976,20.245141828000001
mpce_b30k_s2of3.csv,84,mpce_b30k,SLSQP,HR,0,16,15,30030,random,,320,iii,-151.29879953683769 -834.83400000928395;267.97964873095327 -216.68616618231107;-519.39462697344572 10.039026421980477;-759.6598673536829 834.83400000267318;-893.98318207316322 432.40403743021864;705.35480542600351 723.99908725585954;-55.621562817270515 -151.96424846108027;421.142575489156 551.51708339725963;-433.96083087122543 -439.60870725766227;-441.4654919162158 681.44803852475468;863.92134785467499 -780.86661817774348;837.8615070990935 6.8039513426491443;-274.232798090914 407.78383850126056;889.83254221187724 -418.53492488002337;-738.23749999780966 -834.833999995917;560.2516031128016 -356.06692370815568,320.71618022570379,0.71618122570379228,9.8521817445862321e-07,9.8521817445862321e-07,True,True,True,False,False,138.58936527374073,138.54913470929625,138.58936527374073,False,diverged,False,0.040230564444470929,-8.2327289869999996e-07,0,True,False,False,False,True,False,old,111.51996478799992,26.094991574000005
mpce_b30k_s2of3.csv,86,mpce_b30k,SLSQP,HR,0,16,21,30030,random,,320,iii,-600.09386455943195 617.17737082598092;475.98264309595169 442.62356749635148;-738.17413276611535 -834.83050373606977;896.91460312292986 -458.73502688491038;-778.16530500323654 -509.86485430240987;550.25007484019648 833.70322479572076;943.31722255646002 -834.79273234013647;574.83884396792735 -374.73063417304172;-361.88142317405823 399.97708225293599;-439.54130145854822 -326.78036549150039;-200.95944006756466 86.87769861935891;-312.26031796767455 -834.83399999999642;813.5630332083847 221.71493977695329;-569.86325980144409 33.793341839332406;226.43855649699162 -624.80981052670222;-943.29217287964809 834.63941647821105,322.36800800791963,2.3680090079195679,1.0000035242919691e-06,1.0000035242919691e-06,True,True,True,False,False,138.29371937242252,138.79439512043888,138.29371937242252,False,diverged,False,-0.50067574801636283,-2.38242859e-06,0,True,False,False,False,True,False,old,116.033199728,26.063630468999989
mpce_b30k_s2of3.csv,89,mpce_b30k,SLSQP,HR,0,16,30,30030,random,,320,iii,846.36786105266447 -60.615448053480876;-670.82855935711825 832.3186007701803;22.526031778690818 -481.97027753637298;-892.39372015882702 449.28641046691621;-452.72199819316114 564.34991914155455;-221.62445648532699 832.39072168563018;-305.50631007543927 -246.39164050578739;-506.18682154841377 181.56160414612759;185.38901249544585 521.77898199470474;-32.481364935921825 -833.34445333752751;-735.79781123770294 -833.42651561002447;735.63837837819688 834.83399965071817;652.91776773340928 -792.01661857683325;-816.41526298733231 -198.71567519580651;-354.54910257639847 -833.0112416784624;351.4489655273502 834.83399953066396,322.06791001101715,2.067911011017145,1.3492817768346867e-06,1.3492817768346867e-06,True,True,True,False,True,138.10255854663583,138.10255854663583,138.10255854663583,True,bit,True,0,8.2676864389999993e-06,0,True,True,True,True,True,True,old,80.081808438000053,108.48737374400024
mpce_b30k_s2of3.csv,130,mpce_b30k,SSA,2,1000,15,3,30030,random,,308,iii,-425.87343231585322 -260.1521303391209;629.30683545503223 616.35501438435699;-863.68879410568161 -453.14535312805066;-983.86772187096153 178.89737364884985;-779.83761704438655 625.98166604977871;-108.30314291995111 -877.57246547610032;242.5621200603901 766.73380522642481;-319.83263346000223 607.90915385488324;955.97810524105387 -293.43799824080543;569.28903626221268 -484.21644296273462;84.411355312543705 449.52986648476002;-137.06803697705826 185.33587093098379;979.06902767906308 170.82035047715792;367.26595518339349 -59.898121029024828;-205.75941687641412 965.07870151483019,344.74858737294358,36.748588372943573,2.74407682607125e-06,2.74407682607125e-06,True,True,True,False,True,104735.44884734981,104735.44884734981,104735.44884734981,True,bit,True,0,0.00038916699119999999,0,True,True,True,True,True,True,,12.730890845999966,12.188218135999932
mpce_b30k_s2of3.csv,131,mpce_b30k,SSA,2,1000,15,6,30030,random,,308,iii,-4.3900329877931465 -446.37228977964486;-416.87183043082649 -764.92706919297905;8.4488658788467959 885.74431421174518;552.02576253084067 364.31195813374819;986.80859830492363 143.90009728820161;-790.60757949746278 348.9144045266429;-141.73242758944048 580.19482263963198;-369.5356059092237 -320.96578954164164;-429.6722853550599 902.98480323010369;865.13790382718526 -221.99123134130065;-779.87567345410298 -388.98906382909172;539.67849214785622 841.87105063377749;-611.23960900474435 -34.353881812798235;656.20510014172726 -633.74305589126766;98.11290090260637 -143.1663110721401,320.06361395840582,12.063614958405822,8.716662921667739e-05,8.716662921667739e-05,True,True,True,False,True,104089.76472593057,104089.76472593057,104089.76472593057,False,noise,False,0,0.00063627437339999998,0,True,True,True,True,True,False,,13.438509415999988,13.567012352999996
mpce_b30k_s2of3.csv,132,mpce_b30k,SSA,2,1000,15,9,30030,random,,308,iii,419.00298730333941 730.66702830195106;-660.38574152468141 32.010597664551199;-845.05683696703488 -246.47619441230441;199.86689799909095 -914.24699190617071;-804.36647553419982 508.10320416090781;806.18952049756876 -396.59171176680428;331.62648788560398 -108.56900000668195;-38.071471819758521 203.97800144001798;54.225106932623369 662.31602095181745;-403.81795059437331 320.05917640602462;686.99461632503812 -726.66224529257613;-581.86393706792239 -422.50857954512492;-199.31098893426599 -658.73469021074629;803.80886927003723 420.51177995870466;-689.10180391146434 -724.66451468002344,316.63528415647852,8.6352851564785169,2.3504766093334184e-05,2.3504766093334184e-05,True,True,True,False,True,104314.74488997046,104314.74488997046,104314.74488997046,True,bit,True,0,-73.607422270000001,2,True,True,True,True,True,True,,13.285578972999929,12.779594739000004
mpce_b30k_s2of3.csv,133,mpce_b30k,SSA,2,1000,15,12,30030,random,,308,iii,959.94206597265179 -280.19826217903756;362.41708531982607 592.05818738678602;387.15117091766876 912.24415800040299;-60.716688892726928 319.47293939498286;-610.24802393850064 590.23086211908378;450.89681447680584 -792.1388611845997;-27.812583291840173 -999.61271117986155;-520.32929930645707 103.2707024777431;507.94778603394315 -464.62603143352447;-219.38239703314608 -462.27788563484592;-616.14905248862897 -777.89342840756342;-397.80712405385765 907.31711755361619;444.69730347270161 97.551595290109475;84.826331351868021 -158.38611361341302;-952.00337179025269 -306.08699091660026,321.13989283199527,13.139893831995266,8.292400559892121e-05,8.292400559892121e-05,True,True,True,False,True,105071.38186282458,105071.38186282458,105071.38186282458,True,bit,True,0,-24.99643945,2,True,True,True,True,True,True,,13.238817342000177,13.490163958999917
mpce_b30k_s2of3.csv,134,mpce_b30k,SSA,2,1000,15,15,30030,random,,308,iii,486.99983608763569 -132.86978364814618;-239.7393770852006 -376.31088572860688;-538.23466627119763 842.79497383502235;187.4291740957033 292.37208237316213;80.118662981562721 -100.0491984064171;621.17428892999726 630.13108418821719;-540.60039564218732 -165.26456360055343;-459.07142717982032 474.79676259871673;510.57875280152803 -832.2597736654609;-13.231895370826779 674.31895661395129;0.18608171794336831 -642.24422006142413;807.06300660120826 -432.481225000964;-320.38618286340102 100.34069594090126;-921.26259885985792 388.94100926593109;-924.43137160013077 -352.99079590482529,345.02239551348561,37.022396513485603,3.9051178989917386e-05,3.9051178989917386e-05,True,True,True,False,True,103084.45949462704,103084.45949462704,103084.45949462704,True,bit,True,0,-0.00015503291800000001,0,True,True,True,True,True,True,,13.504099831999838,13.684928424999953
mpce_b30k_s2of3.csv,135,mpce_b30k,SSA,2,1000,15,18,30030,random,,308,iii,-665.19103954695333 270.89221925291145;577.99619207802516 -440.4825642892979;593.35192941011837 722.15912365288409;-140.12306694503008 395.19824763199995;548.05158664316446 -836.44451798963075;-367.43831366212424 -188.05326367906045;-453.84306887030527 812.61530570698972;310.61656832763651 300.46078829045121;-887.26107475679942 -68.709752693488724;-376.25245957522287 -848.01231247452063;639.18825181132399 -44.695895925632257;98.463087931083592 -639.86763589072098;679.61824267180748 337.09206272931993;-528.21636755962891 -460.38323796925386;81.36527904974939 -252.18133787788886,316.24863242702929,8.24863342702929,1.4351502275327219e-05,1.4351502275327219e-05,True,True,True,False,True,103890.03983661671,103890.03983661671,103890.03983661671,True,bit,True,0,-0.0016502251380000001,0,True,True,True,True,True,True,,13.302880231000016,11.700114434999932
mpce_b30k_s2of3.csv,137,mpce_b30k,SSA,2,1000,15,24,30030,random,,308,iii,507.27413114159503 -622.46524461442357;-667.85836396763875 -744.28778177806646;81.107688681722635 907.84949032810528;351.48490522744117 -183.22603766631937;-102.68354580345421 636.96614479010179;-707.13753355457391 -322.01169687626737;1.742382331514629 -565.20430678416255;-905.88788525579412 423.51754849405279;-422.78791839521296 263.58288288990838;-63.096354674421505 -997.64354460709114;511.38973997950927 822.35580317618792;-991.54083374203674 -126.20214065274224;406.62033303513186 271.33861576592915;-555.93916248918924 831.22288166208864;922.33914107722308 102.10087839552388,327.34844548805586,19.348446488055856,1.3732186519315292e-05,1.3732186519315292e-05,True,True,True,False,True,105253.79509189387,105253.79509189387,105253.79509189387,True,bit,True,0,0.00038158407549999999,0,True,True,True,True,True,True,,13.577242593999928,13.673715418999905
mpce_b30k_s2of3.csv,138,mpce_b30k,SSA,2,1000,15,27,30030,random,,308,iii,390.28037892544455 -338.37018906015214;157.10558449939407 -601.61124158041605;-663.16407622905388 281.67502118954383;-747.60165595139233 -185.61708985204353;446.55137098506515 714.7819353432759;-342.45983457446602 505.9845579068143;-678.11381861502514 -520.41503016554191;-985.91209272134483 167.26408995176723;650.56845951321372 -756.16440098545581;892.35308339560436 347.24635836991564;93.313300596617466 189.2820338604277;-241.8571586870585 -36.589841458139588;-183.59898844475981 -362.1345289734885;597.66614408045302 -44.707247409637873;-568.51161559935667 -822.67498880656126,321.51784632203322,13.517847322033164,3.5819213396986012e-05,3.5819213396986012e-05,True,True,True,False,True,103438.611277187,103438.611277187,103438.611277187,True,noise,True,0,-0.00042993875100000002,0,True,False,True,True,True,False,,12.621273440000095,11.809332085000053
mpce_b30k_s2of3.csv,139,mpce_b30k,SSA,2,1000,15,30,30030,random,,308,iii,-813.48341573173468 -486.51865443338073;721.91538034457938 -100.56883438961695;273.1246928238894 -796.76807063200533;29.687894686459799 -100.45174758849411;-358.95982983381833 -793.27559478448529;-91.344450619573934 390.30657591046929;-425.08416927546364 -82.404678135722122;116.98158159805217 947.19408445862837;-832.64162754095582 388.77303321471959;613.8635081376641 789.41182890264486;858.59467397318713 247.44990785044115;217.45773033795999 177.60844155263646;307.5027121835497 -413.77128695411074;-840.35760756408251 12.168935313665664;-674.73987247516061 727.90410831773772,335.5219515408682,27.521952540868199,0.0002798827895301,0.0002798827895301,True,True,True,False,True,104681.94595213764,104681.94595213764,104681.94595213764,True,bit,True,0,-10.843024059999999,2,True,True,True,True,True,True,,13.563082753000115,13.630123722000008
mpce_b30k_s2of3.csv,141,mpce_b30k,LXSSA,2,1000,15,6,30030,random,,308,iii,-187.45390280494911 -703.46981423824536;283.50806891214 837.14811003894636;-569.45749568361043 -46.181997455462145;-208.39480309347059 581.98277975534108;525.75350509810039 -765.39178926248064;515.49186481355923 233.98667743436664;638.72637407446996 677.79740327202319;485.31364357339777 -268.22917437771122;944.83320381979615 -99.251902894113897;-985.70100030005858 168.13933862298364;-593.48923221229597 322.51007450136774;-560.04844391423978 828.45981297558683;-345.80047006935035 -276.37369167547479;780.88306854319171 -460.55367897982484;66.242989740216728 267.54820536398927,320.95277097183254,12.952771971832531,4.0376847894345698e-05,4.0376847894345698e-05,True,True,True,False,True,104176.25303630668,104176.25303630668,104176.25303630668,True,bit,True,0,-0.00040584412639999999,0,True,True,True,True,True,True,,13.157998074000034,11.796661507000069
mpce_b30k_s2of3.csv,143,mpce_b30k,LXSSA,2,1000,15,12,30030,random,,308,iii,-414.66901807445112 469.20098975562786;477.75507314890859 211.13671549553209;-134.20824689874536 -111.62966651002935;-798.0235453871129 -602.62624625917761;603.47754338445282 -200.80057610927091;-466.78415391536186 -493.3767170233312;350.61510075055645 -499.62373220688397;-459.66388172183673 65.667236717718509;676.24331797297123 736.64308748124324;1.8081011611182887 277.78371694864273;843.13405553487769 -468.61490836597477;788.25828170876161 420.45753825472934;-891.71761165315377 -163.48987150963987;328.26068129717589 908.52795929961724;-198.93366542850745 811.21861734581626,335.44098384127523,27.440984841275224,1.516367786077899e-05,1.516367786077899e-05,True,True,True,False,True,103338.80985240648,103338.80985240648,103338.80985240648,True,bit,True,0,0.0013511240099999999,0,True,True,True,True,True,True,,13.532940660999884,11.780813525999974
mpce_b30k_s2of3.csv,145,mpce_b30k,LXSSA,2,1000,15,18,30030,random,,308,iii,663.43266060409155 546.1743290537861;-118.04180051518016 286.63136288255902;-471.58168638962377 592.39036608071547;636.4097509954612 -325.57542053744544;-357.59141922050179 -586.46410418697769;485.85847475717418 83.984450831262407;-43.377737059981349 656.82397778189545;-129.91296750400826 -952.1984815774349;-265.80138693141367 -9.1725763900847621;172.38829163178525 -274.97825334041028;284.61824719249398 -862.94987321108113;-577.52568144482541 206.10371691787705;953.87476845106755 300.0463542905307;138.29741730705936 973.23523089936987;-381.70994813765225 924.2816810086448,330.65520692574961,22.655207925749608,0.00044582239127309998,0.00044582239127309998,True,True,True,False,True,103392.80334563536,103392.80334563536,103392.80334563536,True,bit,True,0,-8.2817045039999999e-05,0,True,True,True,True,True,True,,13.178882722000026,13.410235913999941
mpce_b30k_s2of3.csv,157,mpce_b30k,PSOC,2,1000,15,24,30030,random,,308,iii,194.58658857144189 59.51935302966853;-369.49341672639679 -764.36855758471484;964.08014044860988 265.5093391089182;-287.97506075849242 912.13063068403608;-506.80327329315708 -127.92657859406636;-906.39704382526622 179.57111404269108;-946.80197769566189 -321.76007141555249;-255.02982276983676 -434.96848881474108;64.020357919494003 497.112429406758;891.64974836989074 -452.72549423592955;-816.37914297705504 577.50631877525745;785.68512997433925 -133.04424452218166;-442.85608019190329 315.54213395910392;411.64118896601951 911.34390338172807;98.081074844511065 -926.3308865966693,336.78569116020719,28.785692160207191,0.00017755038755029999,0.00017755038755029999,True,True,True,False,True,105696.61564995906,105696.61564995906,105696.61564995906,True,bit,True,0,-0.00072345323859999999,0,True,True,True,True,True,True,,13.143683220999948,12.685695148000036
mpce_b30k_s2of3.csv,159,mpce_b30k,PSOC,2,1000,15,30,30030,random,,308,iii,746.53034102635468 -120.50838415420488;-153.31326493247434 -984.44344553292569;-676.96134472667006 735.9527226962033;-567.9969295244772 -135.61492321032844;183.6729623637562 60.757761126397213;-927.60097719015073 372.87414235613318;-80.653790665706126 996.74209012369522;714.65889452078488 -465.33627676490698;210.19894114298145 -578.22063640067415;622.17073005930558 383.49574713309903;393.49418635447608 821.58133398319455;388.76927131589866 -921.19175301497626;-811.70851664440158 -584.01709941520119;-67.275584844718722 -329.64733353908986;945.55691359638229 264.63841243260168,344.53692068453552,36.536921684535521,8.6913553675709406e-05,8.6913553675709406e-05,True,True,True,False,True,105557.65627040758,105557.65627040758,105557.65627040758,True,bit,True,0,-8.5105493779999994e-05,0,True,True,True,True,True,True,,16.958466085000055,13.333326223999959
mpce_b30k_s2of3.csv,171,mpce_b30k,SLSQP,2,1000,15,6,30030,random,,308,iii,483.95647372789023 865.04094055685391;-699.278430894189 212.13178468651176;95.775365702030228 328.15326034323465;952.39887936691673 -265.73710967517849;-426.37998447397069 -222.38778420231441;757.29460096109392 530.24156372716379;-328.47410052715867 944.44824956195669;110.19223386163115 -248.75437096229206;449.98394499050119 -880.39757474527505;-63.460357385324919 656.0232058616474;484.58112777905762 -494.16805009172589;-898.43756892685462 -41.296024822593083;-561.64491990156614 496.14003886820666;-843.55398884577926 -420.5772037939019;828.12113334780611 163.06829557907449,315.60049396585339,7.600494965853386,0.0611374599484431,0.0611374599484431,True,True,True,False,False,104047.60145504616,104657.81894600012,104047.60145504616,False,diverged,False,-610.21749095396081,-0.00053585733990000001,0,True,False,False,False,True,False,,80.940788982999948,11.831135912999995
mpce_b30k_s2of3.csv,172,mpce_b30k,SLSQP,2,1000,15,9,30030,random,,308,iii,-469.52587868082105 867.28537110136267;999.99887124169254 -1.3122808034980125;-700.9145695177865 -712.94989845795294;453.41936839465865 8.1479861833237219;-97.129788814126428 -904.46971334718364;723.62106141521292 -678.08047973515045;-662.41595946538564 498.39317621987271;181.65805386691292 -501.16173743439083;938.46421828327175 345.11255985377011;656.05385849100549 754.67263997280099;-204.89302629226964 264.01105889792098;-994.83943273465297 101.43682577263363;237.90818653339025 441.83625141901047;-724.99560338808351 -142.30580166275939;945.57571025339007 -325.35013115362977,328.5763365056788,20.576337505678797,0.00026871725265460001,0.00026871725265460001,True,True,True,False,False,104535.19806554369,104532.67347995142,104535.19806554369,False,diverged,False,2.5245855922694318,-0.00057436879430000003,0,True,False,False,False,True,False,,90.169463958999799,11.070958580999983
mpce_b30k_s2of3.csv,173,mpce_b30k,SLSQP,2,1000,15,12,30030,random,,308,iii,-452.50130840864017 223.62282125055063;-906.57220989337793 -421.52429369917769;603.33480370247742 209.50953759676781;-296.2699923451666 -102.69122300852277;964.23491352333156 241.3661013785119;157.96324637019424 -401.99178265052183;-40.327996647549782 888.26397337058017;-690.83921781686786 701.57824126564685;-959.65703745594806 2.5519731425663643;-885.73187006335536 416.22304218473295;349.50049170886098 430.7627791814279;970.59489986035146 -189.64162851826723;531.06790869525787 793.92242372661121;438.63379996071296 -736.03713825905277;-394.60343158970824 -517.90015643977677,336.72667678250946,28.726677782509451,0.2220746935859122,0.2220746935859122,True,True,True,False,False,104413.11088230254,104890.91492630758,104413.11088230254,False,diverged,False,-477.80404400503903,0.001101798916,0,True,False,False,False,True,False,,90.627481384999996,13.397155193999993
mpce_b30k_s2of3.csv,185,mpce_b30k,SSABV,2,750,12,18,30030,random,,308,iii,167.58188949623027 -688.78049173567683;-583.49019898959841 457.48011473733334;-247.51243813283457 -707.98132509299455;240.34950132412985 83.771121782661865;-24.946975503356839 -321.80251006612718;-569.64961730922516 -486.75589611112105;457.73414853198977 -545.40770038143455;733.10310984184628 108.91298984081881;475.60811272287339 -178.0271220650524;131.12482550527147 698.90711008659048;12.022178550360852 346.46184119682658;614.96096117487195 428.99623348554832,323.64191744003364,15.641918440033637,2.5192738578676651e-05,2.5192738578676651e-05,True,True,True,False,True,83251.426055609103,83251.426055609103,83251.426055609103,True,bit,True,0,-0.001499849197,0,True,True,True,True,True,True,,11.558985904999872,10.759607757999902
mpce_b30k_s2of3.csv,220,mpce_b30k,SSA,2,750,12,3,30030,random,,308,iii,-541.12278281230499 -155.09471056566375;-737.41088842989234 136.8396908079124;-531.89586041661573 528.75955754335962;147.52862525921384 238.80963532800604;345.67652113747067 -40.815059992611367;578.65970345525659 457.89864453495954;294.80561505228394 -472.46528667219775;-30.486449770785921 -107.10952418495181;-6.5423974280368391 567.30391185418625;-537.17904824888888 -472.9285589070841;69.251264128687325 -727.9968425550187;-303.57098450814755 212.36086490120564,317.85831465265096,9.8583156526509583,5.4763089795211269e-05,5.4763089795211269e-05,True,True,True,False,True,82534.799932100388,82534.799932100388,82534.799932100388,True,bit,True,0,-70.681811429999996,2,True,True,True,True,True,True,,11.619952789000081,9.9362258609999117
mpce_b30k_s2of3.csv,221,mpce_b30k,SSA,2,750,12,6,30030,random,,308,iii,-609.36529579038188 229.24391647381688;260.33222889358154 -157.6670141624065;-657.02643413831765 -116.56039683207175;-207.2710262393872 -323.85422386802884;-418.03588731322719 622.69246139612483;713.16610202893003 127.38908218098858;-62.671864260430326 564.30412605235722;603.8965132959728 -379.81608490908548;338.39398935316387 -669.31953525409688;278.68492856192904 453.81158442657812;-146.17042738183449 185.97419779271192;-244.02965677854874 -709.15341160910361,349.07335505532109,41.073356055321085,6.4625788243371059e-05,6.4625788243371059e-05,True,True,True,False,True,83089.980880573174,83089.980880573174,83089.980880573174,True,bit,True,0,-0.0003108497476,0,True,True,True,True,True,True,,11.435448992999907,10.331782241000042
mpce_b30k_s2of3.csv,222,mpce_b30k,SSA,2,750,12,9,30030,random,,308,iii,-79.399975792852374 -61.122683338760289;166.02384326197514 148.73168741560417;130.70693164404534 -366.51423262647688;217.69597071669409 511.56938928080365;-439.9539427272515 -31.8416857626606;-500.12569869178429 -412.05158605998884;-397.96262317429131 595.38417504717074;-257.27305058276727 307.43436122919235;600.66555839006912 -395.43751192322702;372.18641042889664 -651.13534427285936;463.00976822131059 -100.12099220752323;-737.03858900481066 -138.82681207221074,315.76115072208114,7.7611517220811379,2.7220479071525919e-05,2.7220479071525919e-05,True,True,True,False,True,82172.873315353077,82172.873315353077,82172.873315353077,True,bit,True,0,-293.55959139999999,6,True,True,True,True,True,True,,11.7365448070002,10.949370230999875
mpce_b30k_s2of3.csv,223,mpce_b30k,SSA,2,750,12,12,30030,random,,308,iii,262.42596021463737 80.107116044503911;-431.6977428228376 437.5697362905662;-543.32580463632837 -505.42126233609901;334.63368826958731 546.12900099199044;-392.58404038228667 -198.56131856169429;-121.38203637770297 -423.73154432834377;187.00918684718638 -271.99583627410681;-243.6325542369984 -709.29672425917158;-109.39723433531479 48.079186245895521;-731.14362063237036 -167.11890092549282;-69.790075849525408 705.39374810868344;581.06171177507872 -195.62658926564231,310.63267874741052,2.632679747410521,0.00018697471898819999,0.00018697471898819999,True,True,True,False,True,81841.477147744459,81841.477147744459,81841.477147744459,True,bit,True,0,0.0020488468139999998,0,True,True,True,True,True,True,,11.900590491999992,10.992125193999982
mpce_b30k_s2of3.csv,224,mpce_b30k,SSA,2,750,12,15,30030,random,,308,iii,-454.70278561514192 561.74773159121014;486.77670508517951 -536.53508569826511;174.3695858588477 374.54151546290268;-56.386067580144633 693.57501506522226;42.085474484895215 53.79678449549138;103.91518315812048 -362.91869621335138;338.17618032535256 -92.961397523220924;-319.50099888030081 -229.03283589520791;-207.60876781276625 -720.68845097443136;707.08123695207894 -129.85956479429771;-735.22965288783269 -148.11250289511267;-258.04444078420909 181.02482175730438,325.98303560911421,17.983036609114208,3.0333722068258795e-05,3.0333722068258795e-05,True,True,True,False,True,82861.607422137822,82861.607422137822,82861.607422137822,True,bit,True,0,0.0001029752166,0,True,True,True,True,True,True,,12.212340755000014,8.7644482260000132
mpce_b30k_s2of3.csv,225,mpce_b30k,SSA,2,750,12,18,30030,random,,308,iii,260.2409525220383 108.87041814065967;-124.24140247577556 739.15321281060642;-700.16813874947661 -268.82044588330939;395.81030639030615 -637.04736690480559;201.98801226323897 452.74435295286031;693.29450814602637 -31.797733344002079;-246.86319459150045 -42.830833317868731;-637.05429145305527 395.80507660483659;-211.76166774496514 263.52582598653851;667.9678451737841 -341.055597762486;-132.33750236427238 -563.3731428305432;201.4793255356916 -270.10626187578168,308.36102199713031,0.36102299713030561,2.5699177060938383e-05,2.5699177060938383e-05,True,True,True,False,True,83123.240285223597,83123.240285223597,83123.240285223597,True,bit,True,0,-31.677624269999999,2,True,True,True,True,True,True,,11.924897958999964,11.29732568899999
mpce_b30k_s2of3.csv,227,mpce_b30k,SSA,2,750,12,24,30030,random,,308,iii,726.63814034711345 185.73302564523499;-365.49671823284638 -583.29264419568483;417.2258263363513 75.27380603136595;-119.08195892640609 96.043595449209789;-322.98981380826848 -220.92973542717274;736.82701378433103 -139.94932019543134;71.228911425406622 746.60962190653072;493.76814163982988 560.550446212417;-28.622030427868719 -416.07807632333657;153.80512669965958 436.74924127560843;228.78450295438867 -195.20408063108215;-513.79966922009635 395.1393996227207,320.67473678754271,12.674737787542711,9.4023007025294643e-05,9.4023007025294643e-05,True,True,True,False,True,82016.169853657513,82016.169853657513,82016.169853657513,True,bit,True,0,-50.076121980000003,2,True,True,True,True,True,True,,11.44825248799998,10.471660797000029
mpce_b30k_s2of3.csv,228,mpce_b30k,SSA,2,750,12,27,30030,random,,308,iii,512.66785784675164 459.24368678951362;-540.2784280455777 -508.85500222104321;12.245770582221907 -131.53645301388542;157.6158676020024 651.58079713208087;701.22609074244394 26.91423957157723;-49.891323489093807 -540.65519314525409;271.90906913879559 -698.97448311845346;310.9276122871633 -276.81174502699173;665.52192780069538 -345.80377808627696;39.693583603088626 286.7210515891008;-463.85434513304835 18.73688391418974;351.9369005555738 143.32272533048337,332.1381535351652,24.138154535165199,8.7712914594500032e-05,8.7712914594500032e-05,True,True,True,False,True,82576.158134039448,82576.158134039448,82576.158134039448,True,bit,True,0,-20.81102988,2,True,True,True,True,True,True,,11.222824947999923,10.81801449999989
mpce_b30k_s2of3.csv,229,mpce_b30k,SSA,2,750,12,30,30030,random,,308,iii,-44.625295889196124 -58.527915300245184;747.8653697883318 -56.543644330146478;77.72132787914552 -438.07628483290995;-291.16442924405362 -674.17884211062483;509.92241828945731 549.98094412287492;-311.37989496835257 548.53852182043693;372.8726311318344 262.35441325319027;-642.20602291569912 387.39016999019481;-353.08462699047209 141.69511951790031;37.27292949054884 724.58313428343411;-681.21518683905106 -237.29122171744032;600.17399300252544 -382.61354416246979,318.60895376633624,10.60895476633624,5.9951697610609696e-05,5.9951697610609696e-05,True,True,True,False,True,83403.231196050023,83403.231196050023,83403.231196050023,True,bit,True,0,-35.765442440000001,2,True,True,True,True,True,True,,11.343235208999886,11.083972385000152
mpce_b30k_s2of3.csv,230,mpce_b30k,LXSSA,2,750,12,3,30030,random,,308,iii,415.39489309221693 134.32180218480119;-735.98674377882674 144.30348345114319;441.04901854697482 606.609629575187;-125.51071346975678 739.42009313225037;148.02434196408831 -156.64153606580356;689.81027983924014 -210.89963543595886;-270.89437462287646 53.463310564551222;-401.2127783021844 441.49172322177481;475.76632389713393 -524.85716116602975;-618.46401483664135 -230.86684771509846;-90.811291989613551 -594.00185003463071;64.967498144776158 360.9715435312657,379.97913500335051,71.979136003350447,1.2763803627218297e-05,1.2763803627218297e-05,True,True,True,False,True,82783.977468423429,82783.977468423429,82783.977468423429,True,noise,True,0,0.0001799456659,0,True,False,True,True,True,False,,11.538116260999914,10.709674791999989
mpce_b30k_s2of3.csv,232,mpce_b30k,LXSSA,2,750,12,9,30030,random,,308,iii,-408.88314629303585 -628.65957828667524;580.2812919358505 -475.143237338441;262.88733333976046 390.76547719965146;-380.59087471267611 -211.76859325469005;-738.51067050400184 130.7743560159349;-49.477679823596759 -705.04278687312251;-352.9104665898135 629.90818155074192;713.19617753637999 -125.81910144701062;385.3020596115511 36.293463363755031;56.236996293819821 -231.36538960383061;271.56321466087041 -587.13155546807388;-53.884814041692579 75.30958494856651,325.84713153299964,17.847132532999638,3.9240232356656631e-05,3.9240232356656631e-05,True,True,True,False,True,82148.251556443633,82148.251556443633,82148.251556443633,True,bit,True,0,-0.00094228584199999995,0,True,True,True,True,True,True,,10.993976374000113,11.355122646000154
mpce_b30k_s2of3.csv,238,mpce_b30k,LXSSA,2,750,12,27,30030,random,,308,iii,222.58653350790485 32.894144867823798;-353.25192937840666 172.57921027405553;-133.66641543939684 -389.44348279568487;549.04925991645871 -121.94962008767341;-139.22992622379812 495.49870833165448;-450.37205160502441 599.72047952118078;-643.66518788920041 325.83883507012621;-196.38822942887333 -702.94064565734561;164.34309273196669 355.19728652345862;515.87207136850986 242.58503288985557;126.25134378764237 -679.5669164200898;-706.91260790843751 4.178385813755817,319.71002028782448,11.710021287824476,0.0002420506829164,0.0002420506829164,True,True,True,False,True,81870.437011789967,81870.437011789967,81870.437011789967,True,bit,True,0,-0.0010533127349999999,0,True,True,True,True,True,True,,11.664243362999969,9.4255561509999097
mpce_b30k_s2of3.csv,239,mpce_b30k,LXSSA,2,750,12,30,30030,random,,308,iii,438.69191669257333 -607.92887524386549;44.065112938187362 -627.54126159092959;545.4132951177545 451.00237018778051;336.64703365390528 155.61781440337128;239.12078564736086 617.82403288814839;-494.51314375415643 563.87512900272952;-471.14633313147573 256.7627610123057;-328.23373028506279 -36.483890799988117;155.21599447767426 -291.78493474127993;-303.95030304375723 -685.62784483490395;-5.4912690403862578 185.43505559702407;-114.05407578616584 738.10806731960463,308.00002339506682,2.4395066816396135e-05,0.0010606984394624,2.4395066816396135e-05,True,True,True,False,True,82074.454010629765,82074.454010629765,82074.454010629765,True,bit,True,0,-0.001276373456,0,True,True,True,True,True,True,,11.587255167999956,10.203519343999917
mpce_b30k_s2of3.csv,245,mpce_b30k,PSOC,2,750,12,18,30030,random,,308,iii,14.428533162030208 -749.61171239976011;88.240030358716339 744.78919562749161;-483.48534119550254 356.03717949527078;-80.466701061382295 319.5066810894138;644.96992073207707 -382.72676151143349;274.06836155251943 -205.3834920303982;-318.80754908966077 678.85893972762199;-20.393284400790417 -63.097933505375643;-246.07239891644085 -394.25006992408555;-322.2952894504283 39.713775393709938;-749.74820225408462 19.427398773772946;456.07051312352684 477.82417073875246,318.92799836286224,10.927999362862238,0.00014059578166119999,0.00014059578166119999,True,True,True,False,True,83158.577559490164,83158.577559490164,83158.577559490164,True,bit,True,0,-0.0002260845504,0,True,True,True,True,True,True,,11.087329920999991,10.919488008000144
mpce_b30k_s2of3.csv,265,mpce_b30k,SLSQP,2,750,12,18,30030,random,,308,iii,-183.3060378688555 -75.579091959935297;-553.25183242361095 502.57820673073223;-524.04539848551656 -536.01691657111257;234.71657460319011 288.40995075398456;385.09292525355448 -170.48608001679395;-131.48363747139811 -731.16732864956555;730.79552402705178 167.0669825231239;168.78141503514757 -536.12278479633903;-690.85889856951098 221.36608562479068;-648.13918262650577 -214.89559272401439;-56.240346353246792 744.12834605463649;472.67082885226017 576.18488630192451,313.0750097184137,5.0750107184136937,0.35110012215898467,0.35110012215898467,True,True,True,False,False,83423.373393876624,83111.248872896307,83423.373393876624,False,diverged,False,312.12452098031645,-0.0013737978300000001,0,True,False,False,False,True,False,,89.060934753000083,12.93296195100001
mpce_b30k_s2of3.csv,267,mpce_b30k,SLSQP,2,750,12,24,30030,random,,308,iii,154.90987623666894 731.49518579400456;541.52467827544183 -32.072168460599052;667.44341771452105 -338.3657244247745;-692.47007300290988 -13.74825030572949;-570.88990641318458 -312.33045002817897;-181.31287659194533 -228.408803446382;70.60407349193234 -712.19995417155644;556.48559959115448 482.81805370187698;-578.38824892104492 276.14161878340923;-415.4609207726233 606.82350883473043;-427.42342688608869 -612.18529466760276;-89.507668449686761 449.86337507182253,311.5297719101074,3.5297729101073969,1.6871791694883338,1.6871791694883338,True,True,True,False,False,83581.353174228236,83167.209763692226,83581.353174228236,False,diverged,False,414.14341053600947,-0.00017966369340000001,0,True,False,False,False,True,False,,87.670880749999924,9.2717627390000246
mpce_b30k_s2of3.csv,269,mpce_b30k,SLSQP,2,750,12,30,30030,random,,308,iii,509.82581597591155 -548.462068838645;-524.50781898682953 -273.21725277771839;-90.962173619612102 -744.44752159530606;507.96336359833083 551.79089533727938;70.608603386195554 -474.24437163725986;324.77924831456733 -194.85419814274348;715.80583820303593 -222.41642326321087;-48.223547512252985 227.08214528144737;-679.20695935102253 67.448925353561975;678.45162465361341 197.09734488584709;133.49447617622278 737.95187285291115;-472.16973767705696 493.92791413899698,314.82512325021145,6.8251242502114451,2.0376502677914687e-05,2.0376502677914687e-05,True,True,True,False,True,83538.495011490581,83538.495011490581,83538.495011490581,True,bit,True,0,0.00078024301910000003,0,True,True,True,True,True,True,,60.974355915999922,77.580206807000195
mpce_b30k_s2of3.csv,270,mpce_b30k,SSABV,2,500,10,3,30030,random,,308,iii,-224.6114899444872 -429.56072030977464;458.22070436699875 -199.55963055716288;112.3920856658583 -487.18281542512034;176.56722050407262 467.71269518786482;-220.52567562866531 337.47339364315872;243.48788691586148 139.93148397895487;-456.14152344944171 -204.78001280221869;-481.08306269716991 103.61179261160528;137.71997632764092 -177.50815287610021;-158.04286233761155 -3.5178383081308668,309.39874923219043,1.398750232190423,5.7941948798794326e-05,5.7941948798794326e-05,True,True,True,False,True,67623.527671237549,67623.527671237549,67623.527671237549,True,bit,True,0,0.0012621917699999999,0,True,True,True,True,True,True,,25.300885837999889,9.4307378549999594
mpce_b30k_s2of3.csv,272,mpce_b30k,SSABV,2,500,10,9,30030,random,,308,iii,-113.87913518049427 486.84759065271794;344.11644223175949 90.298584422183325;145.6965763650777 -477.94723639738169;-194.13521817606244 -450.31928131327783;198.93777316586682 382.2374050351894;132.62207517201028 -155.40836786469987;-137.19765810485882 24.561407876014439;-445.79791950932406 -226.41541677263248;449.46298210936038 -219.04288869564704;-478.79645173936893 144.0388512576522,322.80375508316212,14.803756083162114,0.00027500890843399999,0.00027500890843399999,True,True,True,False,True,68164.251927441364,68164.251927441364,68164.251927441364,True,bit,True,0,-0.00080673316550000001,0,True,True,True,True,True,True,,13.526840500999924,9.9302764509999406
mpce_b30k_s2of3.csv,276,mpce_b30k,SSABV,2,500,10,21,30030,random,,308,iii,-28.741063549556905 499.10969428412238;134.86880079023089 -481.45129097674669;-251.53003004740293 19.352578384694795;412.43811008156189 -246.05753860476068;102.83195504070692 152.91690105408102;-109.1032374264083 -275.76431496468444;486.32903146349514 115.50171740707481;-451.43220645200108 -214.96247909050174;-392.02618367993279 310.33558904888332;306.01113899447228 386.73192926083607,308.00069202990392,0.00069302990391400003,9.6561152591017159e-05,9.6561152591017159e-05,True,True,True,False,True,68032.928260067361,68032.928260067361,68032.928260067361,True,bit,True,0,-0.001304629783,0,True,True,True,True,True,True,,10.23300701900007,9.8743129800000116
mpce_b30k_s2of3.csv,277,mpce_b30k,SSABV,2,500,10,24,30030,random,,308,iii,136.09870407327242 -107.53361813163572;-356.01420432112394 344.33032166840326;-80.352091747597484 152.98513258254025;-378.39641258240175 8.4660006564808157;-400.92551861409146 -298.76170499832455;286.56662617787657 -409.4803212001047;-6.8035835663094666 499.65013939239094;-66.306520721243828 -345.03007069180217;478.68576140799058 -136.76028616689192;457.46918981471833 182.92041767250217,308.05263144550941,0.052632445509402701,0.00017315054555200001,0.00017315054555200001,True,True,True,False,True,67723.361840504818,67723.361840504818,67723.361840504818,True,bit,True,0,-0.00046422552260000003,0,True,True,True,True,True,True,,10.476031004000106,8.5270804630001749
mpce_b30k_s2of3.csv,301,mpce_b30k,BVNS,2,500,10,6,30030,random,,308,iii,-155.65054110035086 -475;-482.03125 132.70522455429722;411.01122629283111 -284.17101514766358;449.21875 216.17088629893587;-418.1284743149277 -188.406260603682;-286.87557826836041 409.03768767076684;58.215186924371295 389.35566680498061;-174.82912910985286 110.53344592202825;53.996363226501444 -224.92232759413639;162.34587268919609 80.939674245080511,308.00118643784953,0.0011874378495234999,0.035199638375220499,0.0011874378495234999,True,True,True,False,True,67973.919894579463,67973.919894579463,67973.919894579463,True,bit,True,0,-0.00048736302409999998,0,True,True,True,True,True,True,,9.8691759459998138,14.824334212999929
mpce_b30k_s2of3.csv,311,mpce_b30k,SSA,2,500,10,6,30030,random,,308,iii,-366.69868874888004 -308.10838079396837;-18.783909743561555 318.58404842985806;391.19974084708338 -311.38825301136291;499.57006939306143 -20.726518016029406;-242.07984682111481 -19.774097009323832;-364.41490566462448 336.6286039794677;102.88881851443297 -478.58662471047614;273.07486651758001 418.84372040285734;222.77506544390837 114.36146733628108;85.98937546322702 -168.16674829957353,308.00038635975397,0.0003873597539723,5.6155501968329187e-05,5.6155501968329187e-05,True,True,True,False,True,67377.780360239543,67377.780360239543,67377.780360239543,True,bit,True,0,0.001684336938,0,True,True,True,True,True,True,,11.490968930999998,10.261041595000052
mpce_b30k_s2of3.csv,312,mpce_b30k,SSA,2,500,10,9,30030,random,,308,iii,495.40904243737606 -67.600641172073381;320.71502136050373 -328.41692563032711;-375.65720204418892 -45.12129321659183;198.37427883775183 37.418684042651122;7.7916102479135727 -215.45375600645002;-410.11350853203464 280.21795544862943;-311.46588231508497 -364.36672602630244;166.76051465874258 471.37130132809853;432.97831750345426 250.05938959740999;-76.408254734264574 221.98100996180278,313.91580915687479,5.9158101568747838,2.8035007008180401e-05,2.8035007008180401e-05,True,True,True,False,True,67333.242554170065,67333.242554170065,67333.242554170065,True,bit,True,0,-0.00031412251700000001,0,True,True,True,True,True,True,,10.910263502000134,10.094649710000112
mpce_b30k_s2of3.csv,313,mpce_b30k,SSA,2,500,10,12,30030,random,,308,iii,416.58398491221635 255.58865894278986;-447.91393158791152 33.404569059472216;-221.18565752428989 -400.14534207372611;379.49650442294927 -325.54923279430864;-26.190116826817523 242.0043563587767;190.88426620083283 -14.99041987057686;-147.43860979136718 -89.049479192675932;498.28491749450654 -41.377892401744525;188.66307552318054 463.03986057123512;72.04582523475959 -305.42839591224742,308.00006133208069,6.2332080688065616e-05,1.2017882570740767e-05,1.2017882570740767e-05,True,True,True,False,True,64434.698471530937,64434.698471530937,64434.698471530937,True,bit,True,0,0.0033527474879999999,0,True,True,True,True,True,True,,11.238460970999997,8.7023836379999011
mpce_b30k_s2of3.csv,314,mpce_b30k,SSA,2,500,10,15,30030,random,,308,iii,-104.34582427126331 -38.594146271526178;-79.128123205505901 270.14429198562732;-390.91684933525568 -200.89245406666589;204.63704449264597 38.202093605592509;155.61230346164857 475.16808653031887;461.92595470019256 -138.54473659668886;-425.98646960633727 261.79288307540651;-190.45511801606281 -462.30371076305727;88.881537683332496 -312.40177534782487;413.58647511889421 280.97330713394911,309.76661489661552,1.7666158966155194,1.5083395797115371e-05,1.5083395797115371e-05,True,True,True,False,True,65868.116740232785,65868.116740232785,65868.116740232785,True,bit,True,0,-197.33328739999999,4,True,True,True,True,True,True,,10.926152395999909,10.003104352000037
mpce_b30k_s2of3.csv,315,mpce_b30k,SSA,2,500,10,18,30030,random,,308,iii,135.16341064074982 106.07123799966466;-129.34374134441018 284.84386502276328;439.03569832759644 -239.26482106182644;486.57367179991189 74.794379966982547;110.46133332616741 -219.14602768874389;-132.76922135655803 -461.8987124855318;189.90949417640579 434.37370876687481;-448.02072045431169 221.98508965362237;-445.25445687916499 -197.20343545465465;-155.23422906185931 -33.896566508057688,317.63664881859648,9.6366498185964815,1.9962519129658174e-06,1.9962519129658174e-06,True,True,True,False,True,66930.58020349039,66930.58020349039,66930.58020349039,True,bit,True,0,0.00034062960190000001,0,True,True,True,True,True,True,,10.645269418999987,8.6453100169999288
mpce_b30k_s2of3.csv,316,mpce_b30k,SSA,2,500,10,21,30030,random,,308,iii,127.50205552838869 451.92097141236491;-492.69040875447803 85.183065563371571;-388.71746966874446 -314.48158308464315;389.50763926098944 -313.50244551447975;-286.74383032058114 407.89800236076752;-66.985668024857148 171.99448627084865;95.618395729164149 -418.87842069206715;182.68207956235932 -37.521231482726108;-97.58593609531647 -171.09393460710857;440.44490647862494 186.25115843474208,310.47033291547456,2.4703339154745549,7.4625717755006915e-06,7.4625717755006915e-06,True,True,True,False,True,67256.269208563914,67256.269208563914,67256.269208563914,True,bit,True,0,-34.381494340000003,2,True,True,True,True,True,True,,10.794206142999885,9.5457153120000839
mpce_b30k_s2of3.csv,317,mpce_b30k,SSA,2,500,10,24,30030,random,,308,iii,-408.99000266576707 287.62328670571151;-308.4593751910632 -6.1342647869894407;194.83891540797711 442.35600964684613;-91.359442073993392 266.9889947112826;-12.156969606568484 -169.09759416658574;341.73953353177319 -240.71637958044963;477.37414147468019 148.70749523621203;-369.71707175312986 -336.61388871725296;-1.9222046993445161 -478.2191283933779;169.70123364096645 92.171503099625554,309.29092022791741,1.2909212279174085,1.0911884149005346e-05,1.0911884149005346e-05,True,True,True,False,True,66639.557963049578,66639.557963049578,66639.557963049578,True,bit,True,0,-418.18532320000003,4,True,True,True,True,True,True,,11.271659960999839,9.7392039420001328
mpce_b30k_s2of3.csv,318,mpce_b30k,SSA,2,500,10,27,30030,random,,308,iii,456.72532828409948 171.54925477967635;-167.83285591478102 93.776868193373417;14.521592600566217 499.3356983156782;-449.68934654950704 218.58429696027653;12.318694495162569 -498.56664285764913;312.21969909382659 -390.53645875558283;131.97009429957868 212.75986600564013;-65.463005616986109 -200.12049321088026;-448.83629848846584 -145.20406016377817;238.34748801758911 -83.112860149893507,308.25310312846648,0.25310412846647518,0.00013488042725630001,0.00013488042725630001,True,True,True,False,True,66098.844537604222,66098.844537604222,66098.844537604222,True,bit,True,0,-0.003739755644,0,True,True,True,True,True,True,,11.452277628999809,8.6321505599999
mpce_b30k_s2of3.csv,321,mpce_b30k,LXSSA,2,500,10,6,30030,random,,308,iii,231.89065663783379 -427.83510638090638;-437.3315720069163 -242.35952334175462;473.06793373772615 -158.59281873770612;248.63791760873673 433.79477828;-131.02714046462393 -328.5278307174222;-340.75402335242745 365.90527916190223;299.62962374064773 112.21744601132907;-13.090829454302849 -41.943649575047154;-399.87100043028562 63.354512028138657;-19.284359796086271 274.17460329893873,308.0005939036356,0.0005949036356014,2.3250584208904912e-05,2.3250584208904912e-05,True,True,True,False,True,65846.731037431688,65846.731037431688,65846.731037431688,True,bit,True,0,0.0028419130980000002,0,True,True,True,True,True,True,,10.723185063000074,9.8754062129999056
mpce_b30k_s2of3.csv,323,mpce_b30k,LXSSA,2,500,10,12,30030,random,,308,iii,-477.59486843588036 -76.077099839503276;427.81315425079475 -258.79700558248385;-184.03126394438638 -317.74123370751738;-172.76780821943819 29.152116009348831;-143.43129550957914 404.45650008418806;118.35906920202352 -166.76179304459603;95.914020778827521 199.06209302113894;487.44831704128313 45.318066615867487;373.63203566392735 332.26332770388029;-427.89184293136412 244.62447070146601,308.00952049040183,0.0095214904018233997,1.5951525713513548e-05,1.5951525713513548e-05,True,True,True,False,True,65830.431707419863,65830.431707419863,65830.431707419863,True,bit,True,0,-0.00024276964540000001,0,True,True,True,True,True,True,,10.674153932999843,9.9661100250000363
mpce_b30k_s2of3.csv,324,mpce_b30k,LXSSA,2,500,10,15,30030,random,,308,iii,345.78881852220564 -194.23526017982661;475.95344661686812 108.34025844998338;-494.86902680032449 -71.44620913458192;-150.99023841751105 451.00304434636797;-362.89544586427576 206.84842548718808;-351.61574293588308 -355.47564301867391;222.31944302886569 333.68831543730357;-86.163116222737912 -171.36395737806012;92.03792236921484 -434.26597109596457;-38.956836181359769 133.09853543794753,308.00150928907522,0.0015102890752132,8.6514004638298499e-05,8.6514004638298499e-05,True,True,True,False,True,66855.032932582471,66855.032932582471,66855.032932582471,True,bit,True,0,-0.002461335389,0,True,True,True,True,True,True,,10.541646535999917,10.042417736000059
mpce_b30k_s2of3.csv,325,mpce_b30k,LXSSA,2,500,10,18,30030,random,,308,iii,117.12416650435219 411.51854087810773;-222.73288295121782 436.67600554803488;-142.54418091516916 106.04426274758698;95.214048622271292 -123.36009376853985;422.79657053038994 266.91369423454631;360.20650308096009 -342.82922371396808;497.49516911410382 -49.964978830280572;51.624750515834734 -452.00858660680871;-294.80151738406767 -202.36020440261152;-465.63956107585386 163.99989842093385,323.44650833244833,15.446509332448329,0.00014077782765549999,0.00014077782765549999,True,True,True,False,True,67503.223341571167,67503.223341571167,67503.223341571167,True,bit,True,0,0.0033204337379999999,0,True,True,True,True,True,True,,10.413860026000066,10.245189477999929
mpce_b30k_s2of3.csv,327,mpce_b30k,LXSSA,2,500,10,24,30030,random,,308,iii,32.121193070821889 482.84265496120747;199.62977766295279 179.87513212227586;497.68005522134968 48.109813105155084;28.305974278477951 -174.67429576912633;-164.97638237656611 105.80439570170338;397.14523119211134 -245.65351860826704;-364.9342824408086 341.12744722750688;-498.16032031472668 42.848945333333141;-355.42458651287933 -268.15679036889082;-86.222137237597764 -490.55210944503142,308.80430757604006,0.80430857604005723,9.5178614881442633e-06,9.5178614881442633e-06,True,True,True,False,True,67132.270344740915,67132.270344740915,67132.270344740915,True,bit,True,0,-55.022169339999998,2,True,True,True,True,True,True,,10.71032621600034,8.3236988919998112
mpce_b30k_s2of3.csv,328,mpce_b30k,LXSSA,2,500,10,27,30030,random,,308,iii,-202.60521013810668 -457.11160813226417;493.83204372595492 78.291866659099824;-131.53912263742512 405.19727012176247;-106.9917353766588 94.576382645260736;311.95005373325483 353.34051595024295;183.38271272285212 -8.2439562641771733;434.85450815671811 -246.61912932456903;-422.9816869692948 204.66543495622713;110.08442661827 -326.23379222909392;-330.19522870265376 -134.87165014357626,308.04113719201081,0.041138192010805499,0.00010753564038420001,0.00010753564038420001,True,True,True,False,True,66274.223310288988,66274.223310288988,66274.223310288988,True,bit,True,0,0.0014233531839999999,0,True,True,True,True,True,True,,10.598695304000104,7.6683102550000513
mpce_b30k_s2of3.csv,329,mpce_b30k,LXSSA,2,500,10,30,30030,random,,308,iii,-478.54802413167323 -61.275897031630883;-23.406826993044454 -413.16991939801693;-154.62905634645182 -39.457576288573797;490.15998126531542 -98.690249544125919;-338.77428058007467 -351.75821537806968;-107.32586963632306 276.88185943167554;199.02179785851703 452.76724285841578;149.17312657980474 -123.85918368526539;300.92974502328622 152.42651496301539;325.29015035541153 -379.71868837622844,310.61437861805848,2.6143796180584782,3.6779591769369287e-05,3.6779591769369287e-05,True,True,True,False,True,66504.2004846442,66504.2004846442,66504.2004846442,True,bit,True,0,-0.000308736664,0,True,True,True,True,True,True,,10.340665128999715,14.978243557000042
mpce_b30k_s2of3.csv,330,mpce_b30k,PSOC,2,500,10,3,30030,random,,308,iii,-48.527328583983945 -482.30419088751523;284.2937989524965 98.113578306209519;50.933507065645436 301.57830124811085;-160.09560575425226 54.1068583771984;73.749907661204531 -149.08933802978393;261.15310189800817 -422.9636019953461;-275.47904852857192 411.04648346085582;-402.19806106971146 -297.04657270218087;467.0141043332078 -178.59931165160157;-496.58776783925623 58.301903037799867,309.60445622009541,1.6044572200954119,5.4317655442697277e-05,5.4317655442697277e-05,True,True,True,False,True,67148.802594708075,67148.802594708075,67148.802594708075,True,bit,True,0,-109.41131420000001,4,True,True,True,True,True,True,,10.436527101000138,9.7205555900000036
mpce_b30k_s2of3.csv,336,mpce_b30k,PSOC,2,500,10,21,30030,random,,308,iii,-291.54458600949039 406.2007690412745;36.065088824738268 383.82111622258361;-476.07430102401327 142.10389915173508;-4.0821811163607142 -499.97926443576819;-415.49934812353553 -171.3512337250846;180.86375235545364 84.996581761037262;395.31605850525369 306.14491406639371;-152.60270628378956 115.11097273451423;20.930486237754913 -192.21764490188664;380.83758652072817 -323.95851404073483,308.05255476039792,0.052555760397922299,0.00050647940679729995,0.00050647940679729995,True,True,True,False,True,67890.788391496244,67890.788391496244,67890.788391496244,True,bit,True,0,0.0002052316559,0,True,True,True,True,True,True,,10.605454620000272,8.2697807080000985
mpce_b30k_s2of3.csv,338,mpce_b30k,PSOC,2,500,10,27,30030,random,,308,iii,124.40162270006384 -482.04863937714595;386.07293999286276 -246.88930198029237;-49.956513111639026 496.88496514225102;-472.79885582145749 -162.62917145519586;211.6437309380492 277.60780304434712;493.35205907789486 79.198273569539367;103.66555077420207 -51.079783361274075;-208.48565600144158 56.45014504214047;-355.34235885681932 351.74542264592503;-218.55815536004624 -449.70237967999026,329.7971985154648,21.797199515464801,0.0001034357782739,0.0001034357782739,True,True,True,False,True,68206.258829357132,68206.258829357132,68206.258829357132,True,bit,True,0,0.00058430683570000002,0,True,True,True,True,True,True,,10.292728961000194,15.141075274999819
mpce_b30k_s2of3.csv,345,mpce_b30k,DE,2,500,10,18,30030,random,,308,i,496.93489037506299 54.744438164724244;-156.76535512295754 -35.831619337330764;-476.41989096185523 -143.09478539920872;-413.8960728060901 179.5601451840752;383.90964667406774 -293.42274511980929;-271.22389276919546 -383.851571573196;161.37988296893067 122.27515371463709;-91.957521557785185 400.82947679926758;267.40206321163794 420.99611143297216;62.651412182496209 -443.58815950767195,316.33720578381082,8.3372067838108137,0.058765671239373402,0.058765671239373402,True,True,True,False,True,67643.222861598086,67643.222861598086,67643.222861598086,True,bit,True,0,0.00091841717949999997,0,True,True,True,True,True,True,,11.264671694999834,16.654277438999998
mpce_b30k_s2of3.csv,350,mpce_b30k,SLSQP,2,500,10,3,30030,random,,308,iii,483.90079540927144 78.503388280067071;4.4430219901854882 499.01789509983178;150.1873875502296 -87.37033306367033;-495.81548286114059 -32.110085526461347;-243.57306526634102 -231.08592764457327;-291.99254814560339 396.39746849691221;-136.99886885239036 115.46340718583018;241.72901403714079 284.60966571307114;119.38644913531785 -462.45717400090496;443.17839885706667 -231.06516874567484,312.23549618830185,4.2354971883018493,0.2018363165145185,0.2018363165145185,True,True,True,False,False,67918.021146671075,68067.885735932054,67918.021146671075,False,diverged,False,-149.86458926097839,-0.0001631500199,0,True,False,False,False,True,False,,74.512568133000059,11.81123165599999
mpce_b30k_s2of3.csv,356,mpce_b30k,SLSQP,2,500,10,21,30030,random,,308,iii,-32.10342984246774 61.806569917551194;-217.88576816117637 443.46596492047473;309.08981110105299 -392.63682174503776;150.52199493168828 465.53382361067906;482.15810790803192 -89.541837008222146;-189.77395313330013 -209.08147954015101;409.69555869193164 286.16971454223648;-54.721650184132692 -493.8643795618151;-489.09480358205741 -103.64655747029681;-455.80024445660257 202.57947685412296,308.03069938793294,0.0307003879329386,0.043667140316929601,0.0307003879329386,True,True,True,False,False,67696.981100737874,67825.955484107151,67696.981100737874,False,diverged,False,-128.97438336927735,0.00060450738240000002,0,True,False,False,False,True,False,,88.81875564999973,11.550554354000012
mpce_b30k_s2of3.csv,364,mpce_b30k,SSABV,1,1000,15,15,30030,random,,308,iii,870.87123752383172 326.46719436006748;600.757517324319 -740.33167860150604;-14.25589515702306 999.89797506406489;-271.26183421138052 717.75354858360288;125.43956140824122 592.6029993241317;615.86624225816877 786.62931529420939;296.27777488963386 -470.36126937865805;-451.61070841374999 -891.93823336845696;862.79145890912946 -505.09499730987795;-449.0759153165601 304.68563689859309;106.68609503154433 -884.45880699552617;620.59335797698952 15.725352642637198;-592.36249003392413 781.91247520926731;-908.91378222313938 414.10713118607214;-791.79423136327102 50.988305500861784,327.44770427569807,19.44770527569807,0.00040545810907379999,0.00040545810907379999,True,True,True,False,True,207762.32763401943,207762.32763401943,207762.32763401943,False,noise,False,0,-0.00063699920429999995,0,True,True,True,True,True,False,,12.46323363800002,13.211658215999933
mpce_b30k_s2of3.csv,367,mpce_b30k,SSABV,1,1000,15,24,30030,random,,308,iii,162.64081804581662 322.74109406839102;-212.15614732482024 -975.78819787308146;-978.79176566981835 -196.58307089097508;690.02760218818685 723.23249676636067;489.85236638328468 -21.389422395589467;-718.32559795935231 444.96284651226279;203.74212045169989 978.92386028949636;164.69128280558172 -422.48707932016202;-375.87242466145358 661.01017638585733;-701.91360193757885 -712.26206422260861;-118.63991768938877 137.27352522459819;-363.36210435054682 -551.07787045652549;987.68688311814208 36.797919995591812;-555.40589973420015 -7.588042238962311;148.47390556774229 -950.13155596928084,336.92294577331103,28.922946773311025,2.464218153161346e-05,2.464218153161346e-05,True,True,True,False,True,208138.61713518819,208138.61713518819,208138.61713518819,True,bit,True,0,0.00055050363880000002,0,True,True,True,True,True,True,,12.74584781700014,13.239703279999958
mpce_b30k_s2of3.csv,400,mpce_b30k,SSA,1,1000,15,3,30030,random,,308,iii,-385.13735843706564 -315.83960132539283;623.32076427448771 762.95647978877685;-909.23595270616249 -416.28098156315156;-890.0610729047753 259.04982383196597;-772.15600236009925 584.2912470308155;-417.99891031969759 -843.22143973349159;107.46348686332189 753.26650938824912;-348.24935563431609 609.62404457725677;893.01831936383348 -245.77518644023834;635.54892925263403 -549.05415442557876;-36.831683949334121 454.91443030228942;-187.02048635092314 68.193201013659959;922.8805393198727 385.08316544864482;379.90596115475381 -144.24483286717157;-191.03313177144091 964.64297182832297,331.41372846454072,23.413729464540719,6.4347670106850271e-05,6.4347670106850271e-05,True,True,True,False,True,207904.92270580813,207904.92270580813,207904.92270580813,True,bit,True,0,-0.00074767105980000001,0,True,True,True,True,True,True,,13.593175857999997,12.560372748999953
mpce_b30k_s2of3.csv,403,mpce_b30k,SSA,1,1000,15,12,30030,random,,308,iii,922.71210397830714 -132.73625394452168;570.70494122768548 395.8209898358952;330.88574192770955 785.60167662902427;-91.461683706332281 230.47147585584079;-752.02010098992525 653.47542307589595;258.76858117508954 -709.10465843553322;-62.263618779285203 -998.05969410896932;-542.51083779345629 263.33104695626292;575.587247755004 -455.80957997685562;-189.6481877547771 -643.69251736519266;-392.57350431407258 -880.79860026807921;-346.2965709482404 917.65480997808459;258.08277012655418 48.680715502428164;82.66279233569162 -205.3874878864587;-763.69235407813483 -376.63569896467442,308.74394015333081,0.7439411533308089,4.538581015620002e-05,4.538581015620002e-05,True,True,True,False,True,207507.23332919623,207507.23332919623,207507.23332919623,False,noise,False,0,0.0011571796489999999,0,True,True,True,True,True,False,,13.633916435999708,13.64146778199995
mpce_b30k_s2of3.csv,405,mpce_b30k,SSA,1,1000,15,18,30030,random,,308,iii,-608.4250092055255 403.96610156913124;454.46865939451072 -403.63637552505958;589.76809668643671 807.57260563948239;-70.259879037012496 354.32018013707267;632.17121630011263 -774.82825445996366;-357.39884662378029 -228.88066872899387;-363.13181418159564 931.73767078290598;243.92839507645186 207.78869564428416;-767.44124336744176 -157.7077832417807;-446.59894839350619 -836.56991815341269;717.60384973187945 -147.00931735022451;-61.632899812907837 -630.43852168641877;757.01706481400947 362.27569358577722;-595.82010476884568 -509.5092444699481;104.63690272034547 -92.6791307977673,331.18429094629772,23.184291946297719,4.0375758206006137e-05,4.0375758206006137e-05,True,True,True,False,True,206728.84911547977,206728.84911547977,206728.84911547977,True,bit,True,0,0.0001383882191,0,True,True,True,True,True,True,,13.594799784000315,11.74861609200002
mpce_b30k_s2of3.csv,409,mpce_b30k,SSA,1,1000,15,30,30030,random,,308,iii,-779.65206945052637 -626.21286297602285;780.21779998922091 -432.4832804621563;145.07482543852214 -796.17447775754886;-23.44685827929937 -352.43178511030436;-196.98882179788845 -815.7287449594711;-213.01647343084656 350.82853645705251;-397.45531438093548 -43.403460215144278;214.70243320917643 968.59809464672765;-929.26597150848795 329.61124924529094;555.71398328255282 687.39088837170698;874.279875213379 21.971261999746126;179.92766589196543 324.55349114804415;393.90405569092724 -449.26461696313584;-756.59788188539858 -7.6786967950701799;-609.58113405610584 783.65394230727179,342.6221068852384,34.622107885238393,5.1422443450770513e-05,5.1422443450770513e-05,True,True,True,False,True,206646.1971164422,206646.1971164422,206646.1971164422,True,bit,True,0,-19.484544620000001,2,True,True,True,True,True,True,,12.720151858999998,12.146556969999892
mpce_b30k_s2of3.csv,419,mpce_b30k,LXSSA,1,1000,15,30,30030,random,,308,iii,554.72581658236334 12.824392651887052;938.0591332577842 -343.28874539144385;-263.91197742512429 759.68963947952204;-29.809280576227515 -576.50724601553236;514.46833269328442 -616.27996139997913;247.32486593189813 455.71114979457934;-825.91092558179992 -25.772193945988171;-666.93165417294961 -306.46801961373421;5.7159646271902051 -168.21626637602023;611.76210741931095 697.12657071113392;315.32962224058713 -192.43140123548019;-606.23191768984543 -795.28737456083775;-267.17229342728069 12.805545135992855;-374.353433964982 -516.46526832414122;822.65699807926364 254.98718575855651,310.55915658213593,2.5591575821359243,0.00042791920225469999,0.00042791920225469999,True,True,True,False,True,204223.54168323099,204223.54168323099,204223.54168323099,False,noise,False,0,-0.001032365311,0,True,True,True,True,True,False,,13.851279965000231,13.57437815000003
mpce_b30k_s2of3.csv,425,mpce_b30k,PSOC,1,1000,15,18,30030,random,,308,iii,-247.78574190013066 440.33937697468673;430.75050788928797 -708.07648380697822;-645.08789840871418 -640.94755201932492;590.80958329980513 805.02044304254173;-91.055371281685112 -90.172156958850238;-84.124831689246307 -996.24179521697454;157.2641148398738 854.16838102297049;-983.89302282540393 169.37429070088444;126.64642165634356 -435.44635660058594;-475.13238150233184 879.91400255621943;612.79906431871234 -278.73822200042355;912.65734611608013 126.74066336658412;-248.58997755793138 -579.8893835778025;-477.81546329314153 -62.484960712155548;-658.14933365990078 475.21564713511634,387.74985442771379,79.749855427713783,0.0002850767483576,0.0002850767483576,True,True,True,False,True,208307.42508523888,208307.42508523888,208307.42508523888,True,bit,True,0,-0.00043925674979999999,0,True,True,True,True,True,True,,11.963234012999692,13.056342648000054
mpce_b30k_s2of3.csv,440,mpce_b30k,SLSQP,1,1000,15,3,30030,random,,308,iii,-407.17296174599568 151.33623359522502;-433.52392550731793 -900.720198768719;-177.57208738331457 728.69729487204302;-588.03492864389136 804.17467582423762;589.03365042080691 808.08863688908218;31.724508694608073 -941.71250785835218;-799.04549232737372 -597.18953919005219;-668.18473636362285 -167.90070751947579;296.35342859514719 -772.21822985080871;855.94946254181059 -248.66778206970017;-906.53734279495688 402.47085431373768;-220.09984079389335 -528.21403921715785;37.673879557045979 963.36464530702358;321.22744914093624 192.29015531440947;637.90232757536978 -768.34681246250943,314.25590770107152,6.2559087010715189,0.0160579302544217,0.0160579302544217,True,True,True,False,False,207207.76868655477,206857.45696137167,207207.76868655477,False,diverged,False,350.31172518309904,-0.0016316988909999999,0,True,False,False,False,True,False,,67.845978712000033,13.248465753999994
mpce_b30k_s2of3.csv,444,mpce_b30k,SLSQP,1,1000,15,15,30030,random,,308,iii,-22.163448676397778 -428.11240852038998;832.15484641010539 -55.195365664635894;-657.18784109783644 -751.81758768166549;227.05729341393652 422.96031674078841;887.1191617802516 460.92688943983984;-99.88200971709621 -965.740167052179;-367.30372818926202 930.08446004923792;418.51263291053726 -211.5522725528472;419.61929194691828 907.08941285044943;634.87386124322325 -749.63112480953419;554.98240815049098 217.30312114577859;-380.39864020894447 176.29706419803378;-878.1698739582431 -401.77148496528429;-690.01439405496978 678.08175588598579;-46.0786591400609 998.92096718636503,328.51789859991464,20.517899599914639,0.0154353357024799,0.0154353357024799,True,True,True,False,False,206415.67808821119,206542.50537180479,206415.67808821119,False,diverged,False,-126.82728359359317,0.0011012135660000001,0,True,False,False,False,True,False,,90.917621356999916,15.422492690000013
mpce_b30k_s2of3.csv,448,mpce_b30k,SLSQP,1,1000,15,27,30030,random,,308,iii,-574.96262926273334 -818.15985979792231;-776.28548646611534 513.08170758417032;-309.64784283715125 -652.93780903579056;261.41645498882906 346.4145586967083;-531.88165727133082 722.09779087032314;-99.628745015786635 690.09186750638503;106.28212564638089 -635.16288847143039;412.14167779424406 780.28317944552441;-333.26558061565987 473.60650030444845;-953.56317478963354 21.59119057170653;577.44183765078935 186.55004175981159;-473.13250715006933 -307.39064668873942;-114.36074564327397 -351.60681381078132;75.46142309466245 997.14786689429184;891.316098328012 453.37930032849761,312.55441438907349,4.5544153890734833,0.0008535867094704,0.0008535867094704,True,True,True,False,False,206530.86707306292,206894.95284695039,206530.86707306292,False,diverged,False,-364.08577388746198,-0.00014625216140000001,0,True,False,False,False,True,False,,78.207526645000144,15.942203610999996
mpce_b30k_s2of3.csv,466,mpce_b30k,LXBV,1,750,12,21,30030,random,,308,iii,-268.17811305120574 698.75367552962257;-301.24188485026798 -654.82825298237265;-489.10190762997746 -17.095456131931236;-309.76987704249609 241.36387764131894;-717.1875 219.41269022466886;129.95478146328287 -253.20345285242615;487.27775844639154 569.85755907082694;143.92003280804005 734.8595197403622;58.898898842675635 -673.85952301605334;488.20675843744618 -440.81472466644709;301.51535823608197 201.20873544644297;711.95944534024125 234.16645986493143,314.58099816921828,6.5809991692182734,0.00010847475664620001,0.00010847475664620001,True,True,True,False,True,166412.68143709839,166412.68143709839,166412.68143709839,True,bit,True,0,0.001720238273,0,True,True,True,True,True,True,,11.3784275109997,11.083642144000123
mpce_b30k_s2of3.csv,490,mpce_b30k,SSA,1,750,12,3,30030,random,,308,iii,-526.14920613060065 -96.107023434791856;-734.68217423129477 150.80437340945807;-562.22712251668747 496.38754519032176;117.36576763194253 143.26585143049121;342.97040668373205 -66.434241422312155;519.15777694750273 436.73767864743263;318.55202241135726 -492.80986211332822;-114.07648863572231 -86.999455296257807;40.990876758210867 612.71274482313777;-563.1266290863515 -479.02408852478948;24.689478517446727 -693.476724075682;-259.39831599480027 344.0274499263457,308.01230836471882,0.0123093647187602,4.6124356006454033e-05,4.6124356006454033e-05,True,True,True,False,True,162431.53350228412,162431.53350228412,162431.53350228412,True,noise,True,0,-63.422208879999999,4,True,False,True,True,True,False,,11.427615282999795,11.292269149000049
mpce_b30k_s2of3.csv,491,mpce_b30k,SSA,1,750,12,6,30030,random,,308,iii,-641.66533681676674 245.2205664197551;172.14737018812389 -209.8058200668153;-717.33673695641187 -218.92296588201404;-63.998163176165662 -413.48357921832246;-436.15917855471679 542.79958975655995;703.77366911961258 208.19594969399751;-67.977581891062798 563.56903800312125;536.17326623419638 -227.84927810998147;344.30101683082921 -666.3007888063504;273.59300811621728 497.37873773750289;-292.82399115904974 125.39077036794551;-299.06728414399362 -679.32614931113824,311.84826839487846,3.8482693948784572,4.6763529556097641e-05,4.6763529556097641e-05,True,True,True,False,True,165786.08614785486,165786.08614785486,165786.08614785486,True,bit,True,0,-5.2434153190000004,2,True,True,True,True,True,True,,11.601889910999944,11.148764190999827
mpce_b30k_s2of3.csv,492,mpce_b30k,SSA,1,750,12,9,30030,random,,308,iii,-76.091878960220498 -69.815673618131157;162.54996893034891 221.43461964310231;146.62394393686608 -425.74307727630514;264.5063641103967 515.305092814555;-411.53566353541441 -62.032038594324575;-531.04491378824173 -435.13725122331283;-386.68900158498451 589.6392099712582;-273.22416568653233 235.44088668750081;579.31934158674665 -385.01197428538097;328.82175906203662 -674.07425609641109;453.48660273530481 -43.154682348486723;-739.8429669976058 -122.68453007616142,308.00067891251354,0.00067991251353300005,9.9690285199154457e-05,9.9690285199154457e-05,True,True,True,False,True,165067.22229986396,165067.22229986396,165067.22229986396,True,bit,True,0,-67.893648949999999,4,True,True,True,True,True,True,,11.799710544999924,11.004599793999889
mpce_b30k_s2of3.csv,493,mpce_b30k,SSA,1,750,12,12,30030,random,,308,iii,219.72186787178012 99.152363013886429;-478.01369024011882 456.10436270745686;-549.38357211401751 -510.56425418668692;332.96849981859646 590.40116150947529;-407.81385399489687 -208.83168355335513;-126.70949224919148 -400.0899472063648;200.13624310923205 -244.89994125047315;-235.83814011358999 -711.95503533731755;-83.489866894168884 14.826727264867248;-716.78507707052438 -183.56845218420506;-73.802957808597284 654.96476796939987;597.65378187380259 -202.1961841828128,310.00233474614413,2.0023357461441265,0.0002672171149268,0.0002672171149268,True,True,True,False,True,164101.3022316118,164101.3022316118,164101.3022316118,True,bit,True,0,-15.352379969999999,2,True,True,True,True,True,True,,11.824689184999896,10.374108740999986
mpce_b30k_s2of3.csv,495,mpce_b30k,SSA,1,750,12,18,30030,random,,308,iii,358.39759553101146 53.383018237938202;-155.0917637140783 733.78906954101103;-648.23101813274184 -237.37425626294532;335.88706144467216 -670.58172896073563;136.66224738483024 528.70797848770053;712.05900568558786 -18.607252829631427;-119.16860158976635 -41.836669696423122;-633.45708701098192 356.37127415273739;-283.56873305587283 330.01094049509391;552.23794458699069 -424.86083539730731;-286.80025999874323 -469.33060148489966;137.1992011701893 -388.01534318730808,327.39343635765039,19.393437357650328,1.8825395957515867e-05,1.8825395957515867e-05,True,True,True,False,True,165612.90204151129,165612.90204151129,165612.90204151129,True,noise,True,0,0.00040279043610000001,0,True,False,True,True,True,False,,11.301834765999956,9.5491473770000539
mpce_b30k_s2of3.csv,497,mpce_b30k,SSA,1,750,12,24,30030,random,,308,iii,668.23789624659639 292.40099959919303;-221.11286298375953 -655.61010355813755;442.12165295324144 17.237125824082074;-222.95427837651496 171.71535621936653;-381.0153812852779 -101.94361632297287;705.81108613501749 -214.59196681232484;4.5519276799658988 743.89188772476416;435.03124176888798 610.9400745457956;-17.60837205594849 -357.21905900304648;180.43583519320029 386.98977099055043;307.47083776273701 -336.95047413151724;-572.68007392531615 327.6879639588596,316.0261785132102,8.0261795132101952,3.0332665235415331e-05,3.0332665235415331e-05,True,True,True,False,True,164034.77499304758,164034.77499304758,164034.77499304758,True,bit,True,0,-72.556087820000002,4,True,True,True,True,True,True,,11.69660231700027,11.179508934000069
mpce_b30k_s2of3.csv,498,mpce_b30k,SSA,1,750,12,27,30030,random,,308,iii,613.56312116285903 431.32382190312569;-557.77748788875476 -486.28523682076224;87.280094880248598 -48.63738358517773;175.5696923360928 670.4513364424954;723.7518296349449 118.08333619752901;-79.231427523729337 -546.44227100167677;274.965351411477 -622.55379036393697;348.81068768121764 -266.82594011290053;651.41853803110166 -371.69020262935356;-80.917431448807164 261.24425670140113;-355.14283660198271 -15.980446364253259;373.77422600565313 93.028941670453008,319.60637490628164,11.606375906281642,3.9005181977496247e-05,3.9005181977496247e-05,True,True,True,False,True,163925.99413165194,163925.99413165194,163925.99413165194,True,bit,True,0,-54.165535509999998,2,True,True,True,True,True,True,,12.085927886999798,11.066148796999984
mpce_b30k_s2of3.csv,499,mpce_b30k,SSA,1,750,12,30,30030,random,,308,iii,-7.7416794557591722 -94.528778647650867;749.35100389487548 -31.165015887720145;129.11955907529466 -468.5432529463796;-259.78651019087295 -595.33875744478632;550.62635053568044 509.22449445445699;-312.01409231584893 682.01690720889383;310.02500710654283 134.30378671889494;-607.34414267103864 433.00291961819727;-442.56069917855143 -31.395013350133883;-0.34979224659485347 749.99976378387532;-694.23151794189266 -250.05787573508709;557.71487163874986 -490.76944714639149,318.99264055108318,10.992641551083182,9.7318360874647621e-05,9.7318360874647621e-05,True,True,True,False,True,166007.87982584097,166007.87982584097,166007.87982584097,True,bit,True,0,0.00041107629660000001,0,True,True,True,True,True,True,,11.618373944999805,10.855669677999911
mpce_b30k_s2of3.csv,500,mpce_b30k,LXSSA,1,750,12,3,30030,random,,308,iii,383.55288427198724 65.067355894467767;-642.75424429662962 58.453383163835944;276.88264051829049 697.01911855065271;-113.52197746671229 590.00804003497672;142.46324185479509 -139.28494543108781;717.59988014515079 7.8744823496771632;-289.74978732354634 -3.0958083814234345;-474.87294354081752 407.91933710491026;551.8826780487276 -507.86305565935663;-539.04445960694147 -240.95246627632093;-90.709615798891932 -609.00058090550078;9.0056177456909818 251.95875021106906,316.04442525996285,8.0444262599628473,0.00023550303012850001,0.00023550303012850001,True,True,True,False,True,165468.50274913033,165468.50274913033,165468.50274913033,True,bit,True,0,-0.0002019571839,0,True,True,True,True,True,True,,12.054585738000242,10.867232415999981
mpce_b30k_s2of3.csv,501,mpce_b30k,LXSSA,1,750,12,6,30030,random,,308,iii,-250.35942631441131 -136.83231030154559;-527.84997998847541 -455.20920235861053;198.53738921986894 634.21615251056835;-281.99631647444164 618.49414873475439;-172.63749097174994 306.27716719582492;520.86136009059703 214.97713476144096;720.58179331860731 -205.95602055363963;88.561304463580683 -426.25387552530088;-30.392248494053749 -749.38365568260178;124.0014076235604 -54.159717303198576;-528.25998099335084 325.62314560902962;456.52732611214219 -389.23775303372679,321.42954922127558,13.429550221275576,0.00029955156299160001,0.00029955156299160001,True,True,True,False,True,164249.18197504606,164249.18197504606,164249.18197504606,True,bit,True,0,-0.001128230826,0,True,True,True,True,True,True,,11.745705302999797,11.106946417000016
mpce_b30k_s2of3.csv,502,mpce_b30k,LXSSA,1,750,12,9,30030,random,,308,iii,-378.93485417819704 -647.23128661086287;578.43201016795501 -456.29196864810177;330.95040032905428 439.23825908456394;-347.24768716558003 -214.05032002771537;-746.51135548435445 69.71019683622697;-16.641986461137964 -749.81512584278937;-348.67257224993045 640.0682708623018;736.64392242868871 -137.69785342306881;312.68706425227202 23.331853707776634;146.43136734589893 -254.91223958501814;260.48181939123964 -566.01419841503969;-137.97158735599146 127.0569390962529,324.13073320213448,16.130734202134477,2.628066420381947e-05,2.628066420381947e-05,True,True,True,False,True,165316.68311639901,165316.68311639901,165316.68311639901,True,bit,True,0,-0.000721911405,0,True,True,True,True,True,True,,11.432497819000218,10.715021890999878
mpce_b30k_s2of3.csv,505,mpce_b30k,LXSSA,1,750,12,18,30030,random,,308,iii,-166.33604356974263 -397.14249705391148;134.80359573213315 731.62499483017245;-570.2699261412904 299.52365250170016;-332.08861615551541 -71.100049034838491;376.72603808137137 -35.560181763836866;130.91056250286067 -248.48833985496725;-58.6592879065158 111.38497163021276;483.52015597815898 563.32507893803165;-707.27801846245973 -104.36527026926269;-409.6787322818692 -608.36209997282276;-255.29287368002866 396.75356192476352;-187.31505446292866 726.23202884337638,322.16379201521602,14.163793015216015,7.476905921319121e-05,7.476905921319121e-05,True,True,True,False,True,162897.12535918853,162897.12535918853,162897.12535918853,True,bit,True,0,-0.00056898998449999997,0,True,True,True,True,True,True,,11.31505170699984,11.48898419000011
mpce_b30k_s2of3.csv,506,mpce_b30k,LXSSA,1,750,12,21,30030,random,,308,iii,312.68664956881622 480.62121701195656;-432.91807092543922 373.23711918928535;-535.76394881292777 -469.97301198171198;-137.4635557614252 -287.65794947256211;11.672632523806936 -715.66717742396361;-719.82019879850463 -74.077903462566795;523.8376926038984 -205.68726251870029;-126.06780079642517 621.4072690403209;-276.58473533771411 89.716532731642715;748.27258520056466 50.873067198133477;636.52991751120305 373.80745266825596;29.098879182088179 290.22125402361013,323.76540080939765,15.765401809397645,4.7180746608115439e-05,4.7180746608115439e-05,True,True,True,False,True,166364.56354855254,166364.56354855254,166364.56354855254,True,bit,True,0,-0.0009495369159,0,True,True,True,True,True,True,,11.913525967999703,9.2840187189999597
mpce_b30k_s2of3.csv,508,mpce_b30k,LXSSA,1,750,12,27,30030,random,,308,iii,210.54353907968505 42.042493119394237;-360.95520823404451 178.60938872648799;-99.357023494025114 -386.41687194839562;550.80133031002083 -126.30159748496203;-157.61435430200032 482.56052657097842;-440.63286548498752 606.91204449090367;-626.1172859032016 341.59816783759214;-214.10591573196976 -707.3862306021739;143.68675166990585 418.63492403801348;530.15267212450306 276.20500460858199;142.70169354136789 -727.59907140240955;-655.02136776831003 -16.280362443698596,308.00785561263928,0.0078566126392728992,0.00029973763298830002,0.00029973763298830002,True,True,True,False,True,160652.22796474519,160652.22796474519,160652.22796474519,True,bit,True,0,0.0036994899559999999,0,True,True,True,True,True,True,,11.706473879999976,10.572260334000021
mpce_b30k_s2of3.csv,509,mpce_b30k,LXSSA,1,750,12,30,30030,random,,308,iii,428.6820284224259 -612.85631418001321;20.944815218430492 -540.37286275938322;573.61518088305047 483.1675258013554;448.94153740453447 73.755479610980657;184.42055790062466 570.67515970519128;-503.09752503535179 555.99824890870639;-610.40041365022125 235.95185248346695;-195.07392900994876 -85.08655773577965;188.14809621520314 -181.8472491481777;-234.55044981978287 -712.38057609029329;-4.1193840125333097 203.76231334701103;-191.61904294860901 708.74192751087253,308.00078555464012,0.00078655464011489996,1.8657328862682332e-06,1.8657328862682332e-06,True,True,True,False,True,164419.71544322648,164419.71544322648,164419.71544322648,True,bit,True,0,-0.00052812194919999995,0,True,True,True,True,True,True,,10.981107528999928,9.3287024189999102
mpce_b30k_s2of3.csv,513,mpce_b30k,PSOC,1,750,12,12,30030,random,,308,iii,-380.58136537707497 178.66857823646978;-631.95291545805435 402.30675217228458;464.12102337782744 106.0363162147232;-746.48685162920867 -72.504127713675331;-633.36042973651581 -401.66979932227002;216.64332864375223 -518.59987506215487;140.48819159999192 615.38324075472337;-61.95245626515343 -747.43275769934087;616.17468219860211 -427.57912800157163;358.97146204417993 -209.72032379621476;-52.071285890601764 115.53569525677284;-213.4427380603945 -434.21834687546993,332.80427575326559,24.80427675326553,0.00035553954433250001,0.00035553954433250001,True,True,True,False,True,166408.10987025895,166408.10987025895,166408.10987025895,True,noise,True,0,0.00017613978709999999,0,True,False,True,True,True,False,,11.77472884000008,11.035484243999916
mpce_b30k_s2of3.csv,541,mpce_b30k,SSABV,1,500,10,6,30030,random,,308,iii,-159.51271461912773 95.180817729885931;-397.0851855368868 303.27279923266696;109.22609895144407 -131.73685779984419;-123.12545501556657 484.6030007324124;-455.18166298251191 -169.01918208213019;230.14256371393643 443.84441690345557;218.63550093379865 -449.12539408497236;344.64201637265006 131.41328745385232;462.21579044383702 -190.13573226740891;-216.94227096745377 -371.36051395313314,312.57002813935293,4.5700291393529255,5.5008354140933083e-05,5.5008354140933083e-05,True,True,True,False,True,137216.20487140928,137216.20487140928,137216.20487140928,True,bit,True,0,-59.435741899999996,2,True,True,True,True,True,True,,26.318259700999988,8.4043750820000014
mpce_b30k_s2of3.csv,542,mpce_b30k,SSABV,1,500,10,9,30030,random,,308,iii,-115.37934050088911 486.47295393208981;314.40027077932626 133.18981289408362;179.99945510924948 -466.47623682025926;-225.69549808659852 -446.03522028722011;191.34172162822236 430.48303150288774;122.07474513929019 -123.71249652297652;-133.41989237702276 48.294751647711429;-447.13810785240514 -223.74596457024472;433.39939861326394 -248.8036903450197;-429.3360327530412 154.06155387450772,308.00000523189084,6.2318908362613001e-06,0.0001176423962786,6.2318908362613001e-06,True,True,True,False,True,135327.1481855578,135327.1481855578,135327.1481855578,True,bit,True,0,-37.61936824,2,True,True,True,True,True,True,,11.747180801000011,9.6077860630000487
mpce_b30k_s2of3.csv,545,mpce_b30k,SSABV,1,500,10,18,30030,random,,308,iii,151.12989360323465 -118.50528850911145;-73.9605915006549 481.69047229470664;451.2049164385175 152.59016207115457;255.1844071554614 429.66092438303878;405.0372374264054 -293.1634250789046;20.64521374311061 -498.78454975295676;37.745216394846189 168.48476853495188;-373.25237851869628 332.07351889776072;-158.14535337585528 -230.56201004870587;-405.35814363379461 -11.728522038172958,308.1791750222107,0.1791760222106972,4.3493992964409696e-05,4.3493992964409696e-05,True,True,True,False,True,135987.2608884669,135987.2608884669,135987.2608884669,True,bit,True,0,0.0001170156465,0,True,True,True,True,True,True,,10.631808266999997,9.3699704130001464
mpce_b30k_s2of3.csv,553,mpce_b30k,LXBV,1,500,10,12,30030,random,,308,iii,-431.87004079374174 -251.96235180530891;-4.0049300166819632 168.96292156009446;-29.431454629930574 -165.62398575693348;-135.0799606061415 -464.32995810469822;383.08606618003131 321.2538511940121;-491.63588756765171 91.071713182286359;372.07273177099717 -319.11392046985202;266.43034872666175 -10.709137414695261;103.19402479045164 489.14186461983417;-224.84733107462853 428.08506928509087,316.83886240679038,8.8388634067903808,9.8113620142863521e-05,9.8113620142863521e-05,True,True,True,False,True,135610.47764847576,135610.47764847576,135610.47764847576,True,bit,True,0,-0.0002023631532,0,True,True,True,True,True,True,,10.221489529000335,14.066641369000081
mpce_b30k_s2of3.csv,566,mpce_b30k,RSVNS,1,500,10,21,30030,random,,308,i,60.541329936113272 242.17394982050499;-427.52587498596614 258.95527026239495;337.27586986202328 -340.78736059846915;9.7891699441088562 -499.88078586120423;-182.6204576792432 465.39208461168369;-111.45041913048146 -113.42040556712325;478.125 145.39012626277494;-468.03996709761913 -124.72623140560788;200.39675177483508 -51.247551773316758;-304.75805806455401 -394.73172287181819,315.53755281961594,7.5375538196159368,0.0233736248698076,0.0233736248698076,True,True,True,False,True,136190.0006781776,136190.0006781776,136190.0006781776,True,bit,True,0,-0.001242016733,0,True,True,True,True,True,True,,9.7091554839998917,28.810317373999624
mpce_b30k_s2of3.csv,581,mpce_b30k,SSA,1,500,10,6,30030,random,,308,iii,-365.08230487805156 -310.21684248418381;-22.523976250457341 324.60550938436074;379.16009177502696 -322.65972628646773;494.08648665023566 -23.916223820212103;-234.41162416211858 -9.0706989404495246;-359.78439523485451 334.81963381049513;105.53662298650596 -488.73510130290674;270.34896587945713 420.60839458252019;214.83699500404643 116.64273134155323;79.57562512252332 -160.06734953575548,308.0001737683811,0.00017476838110039999,1.605462336126584e-05,1.605462336126584e-05,True,True,True,False,True,133665.2240749285,133665.2240749285,133665.2240749285,True,bit,True,0,-53.174734600000001,2,True,True,True,True,True,True,,10.606017290999716,9.9398098069998486
mpce_b30k_s2of3.csv,582,mpce_b30k,SSA,1,500,10,9,30030,random,,308,iii,492.53902531567178 -85.813451103904356;281.40636471083252 -333.3571527713213;-346.57563225414987 -44.46345822912636;204.2728515033744 35.672301370271185;-12.50624481633294 -187.45722167154725;-370.19283305187082 301.52520619758565;-273.10733239974047 -366.17506298199788;167.39855329619562 471.14498173930559;403.86217913139552 270.45616002214734;-57.061782316069454 217.33563116865477,308.15476628874285,0.15476728874284609,0.000131536227175,0.000131536227175,True,True,True,False,True,128834.05241029896,128834.05241029896,128834.05241029896,True,bit,True,0,-47.132172689999997,2,True,True,True,True,True,True,,11.152094343000044,9.9583455849999591
mpce_b30k_s2of3.csv,583,mpce_b30k,SSA,1,500,10,12,30030,random,,308,iii,416.47466691322029 255.75138898741395;-447.89158518338076 33.355835287935029;-221.21839559144328 -400.1291183007549;379.36902592487985 -325.69787957032611;-26.086145359904982 242.02444947209628;190.88589163338082 -15.222576691798768;-147.2563911084838 -88.913251492828763;498.26856488190765 -41.572802362567948;188.64480227112983 463.0475520845601;72.003346577301627 -305.59230349242125,308.0002595169496,0.00026051694959499999,3.4412202299132329e-05,3.4412202299132329e-05,True,True,True,False,True,132734.74439741619,132734.74439741619,132734.74439741619,True,bit,True,0,0.0007854159339,0,True,True,True,True,True,True,,11.119067078000173,8.9651600590000271
mpce_b30k_s2of3.csv,584,mpce_b30k,SSA,1,500,10,15,30030,random,,308,iii,-107.00228044807236 -49.028683251337426;-79.703725686654536 274.05585873525018;-374.72141449156379 -224.96628725284094;194.01442134595845 35.290394742306674;152.77741596172572 476.08722393011806;455.10981340102268 -144.88874986676862;-404.66779771306801 275.33956031080896;-181.7398153426133 -465.80105401891649;83.079755929565906 -307.70058801408311;406.96423426159924 290.48239909385404,308.00024958534743,0.00025058534743030002,1.738257174363389e-05,1.738257174363389e-05,True,True,True,False,True,133658.86249479387,133658.86249479387,133658.86249479387,True,bit,True,0,0.0009215598693,0,True,True,True,True,True,True,,11.089933306999685,8.5408772509999835
mpce_b30k_s2of3.csv,585,mpce_b30k,SSA,1,500,10,18,30030,random,,308,iii,134.24472792654885 111.73033870629618;-131.40868267850962 297.66971094044607;423.98223517205901 -260.75743870327597;482.45545295707882 92.262256014596304;111.36971026480764 -212.80108710502867;-99.851704570356787 -489.92816638354844;210.35951758565074 426.86475093704104;-445.00348578587796 227.97309522489243;-431.16678625480762 -210.84776444770222;-156.84215691422767 -24.578087011891292,316.26950910181267,8.2695101018126707,2.9878449086278125e-05,2.9878449086278125e-05,True,True,True,False,True,133418.72457720153,133418.72457720153,133418.72457720153,True,bit,True,0,-31.96065033,2,True,True,True,True,True,True,,11.012062535000039,11.485220932999937
mpce_b30k_s2of3.csv,586,mpce_b30k,SSA,1,500,10,21,30030,random,,308,iii,89.065193602117816 492.00341012101427;-485.72034320887076 91.827895293999177;-351.61681604869068 -352.73878302308646;370.55590898350749 -301.82853552908421;-288.74489971672159 408.19870864468999;-78.237937584682257 161.58382842042158;89.601445767349006 -453.24719368827567;184.5878976089555 -21.828444145005736;-103.40995798951955 -163.67567979185017;443.75194173664886 210.52909892024005,312.01202122839851,4.0120222283985072,3.6717911600841032e-05,3.6717911600841032e-05,True,True,True,False,True,136323.58957700984,136323.58957700984,136323.58957700984,True,bit,True,0,-0.00019239698300000001,0,True,True,True,True,True,True,,10.422315461999917,39.757328405000408
mpce_b30k_s2of3.csv,587,mpce_b30k,SSA,1,500,10,24,30030,random,,308,iii,-391.64142059964161 310.82984328669147;-284.7697830825042 -2.6703750033243239;189.50352791385069 456.74729135630508;-83.852254034028618 299.39987947028351;-11.804981689394554 -161.76225792694046;339.40966898303748 -236.89257877923993;473.32558508704403 156.50889019485098;-365.39447791232999 -335.13248724000209;12.415034906090728 -499.84578724484129;167.19787704099105 96.33169367611103,308.00132325689617,0.0013242568961686,5.6881868547658077e-05,5.6881868547658077e-05,True,True,True,False,True,132668.32771997424,132668.32771997424,132668.32771997424,True,bit,True,0,-45.392768439999998,2,True,True,True,True,True,True,,11.55860168900017,8.383111855000152
mpce_b30k_s2of3.csv,588,mpce_b30k,SSA,1,500,10,27,30030,random,,308,iii,444.5108052617972 167.96008836298427;-164.00301638814608 101.62968293427865;19.682501890210563 499.38558203885862;-449.17229000551606 219.64483994423679;5.7670642251617279 -499.966634726032;315.45449316648438 -387.9284173823288;137.57521690159842 210.88784207923268;-61.154603551853498 -194.76195234008031;-439.11300641554431 -148.56925670648744;228.11965617030262 -85.407285639810965,308.6245160377631,0.62451703776309841,6.7283181718048579e-06,6.7283181718048579e-06,True,True,True,False,True,130228.78351407626,130228.78351407626,130228.78351407626,True,bit,True,0,-44.89715769,2,True,True,True,True,True,True,,11.413092015000077,8.4995609330001116
mpce_b30k_s2of3.csv,592,mpce_b30k,LXSSA,1,500,10,9,30030,random,,308,iii,368.14564925598734 338.33207975552921;451.9622128634486 -44.365619006896068;-144.09790986501886 60.165990886566895;-277.22257513530457 -389.723236872565;-443.19430791739933 -32.606794515707819;-321.1624490639602 324.19296776916087;61.370043015411966 450.21158659723471;3.3607524084081244 -238.15692056852291;317.73535881366871 -324.71819961768159;162.13115212208274 93.738583424244311,308.06388521733771,0.063886217337710605,0.00018574221991479999,0.00018574221991479999,True,True,True,False,True,134504.31723209374,134504.31723209374,134504.31723209374,True,bit,True,0,0.00032858553460000001,0,True,True,True,True,True,True,,11.662087927999892,9.9096301709998897
mpce_b30k_s2of3.csv,594,mpce_b30k,LXSSA,1,500,10,15,30030,random,,308,iii,364.24176939723105 -212.01159253302981;469.25233582385306 96.720543739274049;-491.3708852452246 -92.486625931383784;-137.19275726404075 480.80877608003811;-365.31439274672903 218.0950375537596;-331.11913006027805 -374.64664580186485;234.49072001387503 357.81863680814342;-83.336715029223498 -186.30912624877587;102.82539759095346 -469.09134009727381;-18.738746484835559 158.86052732645391,311.23487347987202,3.234874479872019,1.3497536829414458e-05,1.3497536829414458e-05,True,True,True,False,True,134371.10658061609,134371.10658061609,134371.10658061609,True,bit,True,0,0.003334446868,0,True,True,True,True,True,True,,12.251786642999832,10.450056071000065
mpce_b30k_s2of3.csv,595,mpce_b30k,LXSSA,1,500,10,18,30030,random,,308,iii,139.63330692003353 433.20349510646395;-200.5191453553409 458.03063960065549;-136.28296285572466 83.216683360662032;119.2058099942133 -88.799336961245004;410.29673381605386 285.75615290787727;362.53433262706 -337.66215027057194;496.22860403152555 -59.669425306322751;61.468775559740202 -429.47526144761957;-265.96222827336976 -217.35590353902055;-450.62148134621543 146.21420324016171,308.00003944764995,4.0447649951147469e-05,6.5329781503132833e-06,6.5329781503132833e-06,True,True,True,False,True,134198.07864560405,134198.07864560405,134198.07864560405,True,bit,True,0,-0.003266561398,0,True,True,True,True,True,True,,11.494427391000045,8.4350714689999222
mpce_b30k_s2of3.csv,596,mpce_b30k,LXSSA,1,500,10,21,30030,random,,308,iii,286.80419529708115 -348.80955533151712;-89.790637972030595 162.78305881054357;113.0544360874695 473.44962554038477;-222.94006354041721 -447.11924621979193;-214.04518847745894 444.60729373453734;-435.17100202577961 -152.04648105586591;265.87548445143801 -8.7754709236119393;417.76960476833392 259.29099219549664;-7.8132191944064067 -201.89210978109037;-416.26122883316771 197.48255532942287,308.00015050613285,0.00015150613285179999,0.38225484644294988,0.00015150613285179999,True,True,True,False,True,133671.10822341999,133671.10822341999,133671.10822341999,True,bit,True,0,0.0045337855410000003,0,True,True,True,True,True,True,,11.904303099000115,8.4150232570000298
mpce_b30k_s2of3.csv,598,mpce_b30k,LXSSA,1,500,10,27,30030,random,,308,iii,-211.80127400022414 -452.884108222105;491.84027155338845 87.120506806681377;-116.90518656009699 430.60769236545741;-92.744233277101713 82.077328660900577;324.71896694016925 354.35646273383861;198.56410656147008 -17.942146231669046;425.33182354581078 -261.54996244644383;-398.20690487646652 216.33259188702684;120.54146486402801 -343.95509653952553;-332.52791301595801 -128.58750946755308,308.00072113112037,0.00072213112036930002,0.036207162636858602,0.00072213112036930002,True,True,True,False,True,132999.2546027592,132999.2546027592,132999.2546027592,True,bit,True,0,-20.871036320000002,2,True,True,True,True,True,True,,10.883086565999749,9.8186941829999341
mpce_b30k_s2of3.csv,600,mpce_b30k,PSOC,1,500,10,3,30030,random,,308,iii,-77.43006696683284 -481.61625133123675;288.3895192941651 218.53318202191664;43.307180223704378 424.86990283950763;-180.43025787484868 109.98874850600885;32.350282899705192 -144.94237847587473;258.4821340966098 -418.16836107707644;-313.29638715422169 389.67142911615531;-370.73502165847327 -335.49259315874468;468.17377041154975 -175.5338338019896;-490.91554857811514 48.258672386662667,309.63819231961719,1.6381933196171872,0.00026465158186080002,0.00026465158186080002,True,True,True,False,True,137335.56549834865,137335.56549834865,137335.56549834865,True,bit,True,0,-51.033457689999999,2,True,True,True,True,True,True,,10.781116644000122,9.5828016109999243
mpce_b30k_s2of3.csv,601,mpce_b30k,PSOC,1,500,10,6,30030,random,,308,iii,-123.69409808197989 -484.4536616102688;-462.906195469301 -187.42616379726093;272.85211555413792 -418.98597610948383;386.18192962557816 317.58879273828916;-357.46204499005796 349.27203311054808;-23.901991975851438 499.42764897398467;369.93286609860473 -78.292796790731416;-190.85978947084251 59.330738182272675;29.495008048604419 -207.17114175747835;103.15772869605698 162.57740545141513,311.61863758640641,3.618638586406405,0.00071922042053780002,0.00071922042053780002,True,True,True,False,True,135045.49181180945,135045.49181180945,135045.49181180945,True,bit,True,0,0.001525540691,0,True,True,True,True,True,True,,10.99460497400014,9.4975444669998978
mpce_b30k_s2of3.csv,605,mpce_b30k,PSOC,1,500,10,18,30030,random,,308,iii,396.44498787942672 304.68236874581572;311.22307133056574 -252.21696369216338;164.81608135287553 69.895768562062358;-339.11798343541352 286.63766576781404;499.99989826772037 0.040518365378890343;103.79703317373085 -489.1067525020834;-77.745886964616687 -141.68413670602709;-224.09887441567858 -446.96486528735039;-481.28560357278798 -101.58836248021584;-1.7356953765542984 499.99251557018266,314.86875575047014,6.8687567504701406,2.6760720632206362e-05,2.6760720632206362e-05,True,True,True,False,True,136854.60138540692,136854.60138540692,136854.60138540692,True,bit,True,0,0.001876436261,0,True,True,True,True,True,True,,10.488222309000321,9.6934138019998954
mpce_b30k_s2of3.csv,606,mpce_b30k,PSOC,1,500,10,21,30030,random,,308,iii,-277.08634470780385 416.19772523431214;36.377977381842733 395.0113917721614;-455.61628184324724 158.8256601043079;-4.1278014254829634 -499.98263140958778;-300.15306866085615 -183.91386658042111;181.43325915589296 83.59959330874338;383.01267383873386 321.38852368604489;-141.91402885585998 137.90163140334195;16.623824315117414 -176.60194645469929;371.70216946233563 -208.05503004243539,308.0048556562092,0.0048566562091990999,0.00033054424466419998,0.00033054424466419998,True,True,True,False,True,136524.91492349963,136524.91492349963,136524.91492349963,True,bit,True,0,0.0022879417230000001,0,True,True,True,True,True,True,,11.220551152999631,9.6688236449999767
mpce_b30k_s2of3.csv,608,mpce_b30k,PSOC,1,500,10,27,30030,random,,308,iii,91.709254421912874 -491.51704168698245;396.24555299734311 -294.74682767345507;-25.669913234213741 499.33977726023852;-458.30199410284382 -146.8706281601639;209.63353338549874 299.40343692285535;482.9646601854231 118.38514564495655;145.47293136682165 -46.006491314058522;-214.19596238150262 58.99219516551517;-352.72216872556049 351.32352394854968;-265.15809394551025 -423.8876898591584,308.77540734103451,0.77540834103450607,0.00041138482243030001,0.00041138482243030001,True,True,True,False,True,135754.60876897789,135754.60876897789,135754.60876897789,True,bit,True,0,0.0015605105150000001,0,True,True,True,True,True,True,,10.872119163000209,9.3787633520000782
mpce_b30k_s2of3.csv,626,mpce_b30k,SLSQP,1,500,10,21,30030,random,,308,iii,-87.544563791017708 107.29056851498335;-224.16633053103808 446.93298914554754;391.43546427767899 -305.2801651493412;82.109866793592857 481.44492135424309;242.38242476090471 18.352412582984897;-244.41319610671516 -379.57734106200007;396.74444526959826 296.98098006339774;92.133940880958122 -437.28840266129856;-470.08476746297504 -162.20537151928858;-436.46686664664242 207.76533564922525,308.21450730362108,0.21450830362107351,0.00036046980449350001,0.00036046980449350001,True,True,True,False,False,137708.98838158615,136835.23921987534,137708.98838158615,False,diverged,False,873.74916171081713,0.00077771060749999999,0,True,False,False,False,True,False,,91.357865377000039,9.6832786979999792
